Coordinates
version=1
nRows=544
nColumns=24
inDegrees=yes

Units are S.I. units (second, meters, Newtons, ...)
If the header above contains a line with 'inDegrees', this indicates whether rotational values are in degrees (yes) or radians (no).

endheader
time	pelvis_tilt	pelvis_list	pelvis_rotation	pelvis_tx	pelvis_ty	pelvis_tz	hip_flexion_r	hip_adduction_r	hip_rotation_r	knee_angle_r	ankle_angle_r	subtalar_angle_r	mtp_angle_r	hip_flexion_l	hip_adduction_l	hip_rotation_l	knee_angle_l	ankle_angle_l	subtalar_angle_l	mtp_angle_l	lumbar_extension	lumbar_bending	lumbar_rotation
      0.00000000	     20.71327432	      0.81681406	      1.39910811	     -2.13732609	      0.97523535	      0.05146097	    -23.55555091	     -5.20654296	    -18.29931406	    -11.02699275	     -1.90577136	     -0.41831623	     23.84943808	    -26.60877161	     -4.40741281	    -19.56091461	     -7.28600756	     -6.73017027	     -2.37329342	     36.42973305	    -24.72624865	      3.19932746	      9.88916945
      0.00833300	     20.70104655	      0.81754977	      1.39807895	     -2.13738964	      0.97521261	      0.05147782	    -23.54723200	     -5.20660055	    -18.30321873	    -11.01199249	     -1.90386908	     -0.41754490	     23.84771922	    -26.59555326	     -4.40702933	    -19.56540446	     -7.27802935	     -6.73038334	     -2.37307484	     36.43060916	    -24.75228097	      3.20060309	      9.88947000
      0.01666700	     20.68811238	      0.81868871	      1.39763434	     -2.13745515	      0.97519027	      0.05150017	    -23.53941820	     -5.20610180	    -18.30602160	    -10.99441014	     -1.90244069	     -0.41521192	     23.84604155	    -26.57936400	     -4.40701666	    -19.56944509	     -7.27352640	     -6.73228759	     -2.37190160	     36.43182897	    -24.78035373	      3.20147965	      9.89007265
      0.02500000	     20.67396006	      0.82488866	      1.40811910	     -2.13754042	      0.97517693	      0.05152345	    -23.53770846	     -5.20349665	    -18.29596799	    -10.96200387	     -1.90581219	     -0.39796550	     23.83905505	    -26.54552293	     -4.41299900	    -19.57278327	     -7.29730136	     -6.74674034	     -2.36293466	     36.43969592	    -24.81048093	      3.20207746	      9.89801593
      0.03333300	     20.66185448	      0.82212523	      1.39895538	     -2.13759341	      0.97516419	      0.05156428	    -23.52817966	     -5.20273411	    -18.30351267	    -10.94671270	     -1.90499204	     -0.39592487	     23.83722467	    -26.53307448	     -4.41413760	    -19.57588871	     -7.29298628	     -6.74713820	     -2.36112718	     36.44176656	    -24.83519123	      3.20443592	      9.89681967
      0.04166700	     20.64621193	      0.81927165	      1.40381528	     -2.13767105	      0.97515725	      0.05160817	    -23.51677223	     -5.19467735	    -18.30125099	    -10.92735745	     -1.91291113	     -0.36919651	     23.82831367	    -26.49757223	     -4.42910508	    -19.58795148	     -7.32154292	     -6.75675093	     -2.34586570	     36.45821497	    -24.86848108	      3.20787403	      9.90070199
      0.05000000	     20.63292711	      0.81674379	      1.39610488	     -2.13770739	      0.97514639	      0.05166283	    -23.50589930	     -5.19302445	    -18.30932930	    -10.91426778	     -1.91141228	     -0.36701143	     23.82706615	    -26.48500749	     -4.43201897	    -19.59280144	     -7.31564777	     -6.75554091	     -2.34392902	     36.46084101	    -24.89572680	      3.20879966	      9.89935130
      0.05833300	     20.62101806	      0.80807505	      1.39910332	     -2.13778677	      0.97514425	      0.05172548	    -23.48855617	     -5.18090122	    -18.30925117	    -10.91569885	     -1.91436016	     -0.33834626	     23.82228852	    -26.44967890	     -4.45456937	    -19.61045397	     -7.35300462	     -6.75650024	     -2.32618520	     36.48262538	    -24.93725084	      3.21077558	      9.89927647
      0.06666700	     20.59891574	      0.78767328	      1.39395212	     -2.13776227	      0.97510473	      0.05177848	    -23.46631094	     -5.16421820	    -18.34264196	    -10.91212156	     -1.90014583	     -0.26315189	     23.80248825	    -26.41384242	     -4.48650611	    -19.69555354	     -7.38860281	     -6.72189469	     -2.23955213	     36.58941990	    -24.94871355	      3.24079336	      9.90058986
      0.07500000	     20.59261628	      0.78317721	      1.38528079	     -2.13782034	      0.97510607	      0.05187375	    -23.45175110	     -5.15993479	    -18.33780132	    -10.91869766	     -1.89802435	     -0.25732242	     23.80164744	    -26.39903296	     -4.49804559	    -19.68984271	     -7.40068566	     -6.73265556	     -2.22854188	     36.60049822	    -24.99348731	      3.23341728	      9.90409694
      0.08333300	     20.59578729	      0.76645346	      1.37611985	     -2.13783660	      0.97510239	      0.05196256	    -23.44509147	     -5.14505397	    -18.35112338	    -10.93422031	     -1.87860546	     -0.24219111	     23.79840259	    -26.38972011	     -4.52559675	    -19.75031355	     -7.43372494	     -6.72093497	     -2.18561169	     36.67013954	    -25.04273240	      3.24992455	      9.91425395
      0.09166700	     20.58921435	      0.76239839	      1.36889176	     -2.13787081	      0.97510739	      0.05206214	    -23.42778872	     -5.14113337	    -18.34292289	    -10.94793116	     -1.88150095	     -0.23648459	     23.79975119	    -26.37502627	     -4.53761071	    -19.74702575	     -7.44809081	     -6.72737918	     -2.17565191	     36.68165905	    -25.08669391	      3.25428342	      9.91448780
      0.10000000	     20.58382613	      0.75347410	      1.36396410	     -2.13788456	      0.97510958	      0.05217133	    -23.40806135	     -5.13154766	    -18.34252243	    -10.97229478	     -1.87564919	     -0.23509198	     23.80348624	    -26.36015028	     -4.55727535	    -19.75617438	     -7.46931254	     -6.72842365	     -2.16850855	     36.69350020	    -25.13115397	      3.26258984	      9.91307321
      0.10833300	     20.57729034	      0.73261864	      1.36067224	     -2.13784825	      0.97509946	      0.05228148	    -23.38580786	     -5.10956762	    -18.35395037	    -11.00599374	     -1.85603382	     -0.24782421	     23.81586024	    -26.34294998	     -4.59207283	    -19.80954386	     -7.50150429	     -6.70727488	     -2.13974965	     36.73954063	    -25.16960745	      3.29580457	      9.92095170
      0.11666700	     20.56388538	      0.69487819	      1.33723625	     -2.13780580	      0.97508686	      0.05241312	    -23.35332002	     -5.07617170	    -18.30216153	    -11.02859983	     -1.87799235	     -0.30414483	     23.85926091	    -26.31903242	     -4.63992815	    -19.90708579	     -7.53986830	     -6.69869563	     -2.01268913	     36.90344774	    -25.20807746	      3.36425340	     10.02795034
      0.12500000	     20.56023448	      0.68287284	      1.33001635	     -2.13776044	      0.97508861	      0.05255893	    -23.32768203	     -5.06361411	    -18.30133089	    -11.07441513	     -1.85842131	     -0.31768937	     23.86825541	    -26.31318263	     -4.66142072	    -19.92690689	     -7.55600043	     -6.70393746	     -2.02782389	     36.90541536	    -25.25500663	      3.38445909	     10.03588580
      0.13333300	     20.55328814	      0.67675416	      1.32677928	     -2.13770715	      0.97508921	      0.05272828	    -23.30376443	     -5.05172189	    -18.29275957	    -11.11058899	     -1.85281628	     -0.32456072	     23.87267913	    -26.30056740	     -4.68178964	    -19.92730396	     -7.57682564	     -6.70787263	     -2.02844257	     36.90981715	    -25.30006755	      3.39188862	     10.03728730
      0.14166700	     20.51800025	      0.62250346	      1.30382917	     -2.13761161	      0.97506918	      0.05289306	    -23.23749961	     -4.99547011	    -18.20311191	    -11.15632438	     -1.87639342	     -0.51017252	     23.90934675	    -26.26176508	     -4.74282711	    -20.01968491	     -7.60438091	     -6.69391511	     -1.97311594	     37.02032384	    -25.31523621	      3.49501843	     10.17724643
      0.15000000	     20.51490683	      0.62029462	      1.30523856	     -2.13752337	      0.97506813	      0.05308282	    -23.21616411	     -4.98450664	    -18.19719719	    -11.20320489	     -1.85734213	     -0.51581169	     23.91707863	    -26.25297741	     -4.76359878	    -20.02862204	     -7.62956761	     -6.69920278	     -1.97853712	     37.02111711	    -25.36501679	      3.50565232	     10.18114069
      0.15833300	     20.50802666	      0.61212152	      1.30654732	     -2.13740813	      0.97506468	      0.05328919	    -23.18808514	     -4.96657809	    -18.19431616	    -11.25820148	     -1.83450280	     -0.53697498	     23.92414790	    -26.24500547	     -4.79047510	    -20.04385155	     -7.64833558	     -6.70028706	     -1.98213078	     37.02611594	    -25.41124580	      3.52315281	     10.18361050
      0.16666700	     20.49701588	      0.60191763	      1.30569346	     -2.13727908	      0.97506257	      0.05351751	    -23.15517245	     -4.94579893	    -18.18842397	    -11.31255066	     -1.81320975	     -0.56740561	     23.93004833	    -26.23435856	     -4.81984600	    -20.05633986	     -7.66677144	     -6.70187654	     -1.98162694	     37.03403719	    -25.45944102	      3.54355538	     10.18481615
      0.17500000	     20.44904382	      0.55195775	      1.29600548	     -2.13712510	      0.97504600	      0.05374332	    -23.08240342	     -4.87671278	    -18.06899738	    -11.35311702	     -1.83298777	     -0.85360310	     23.94277710	    -26.18007174	     -4.88849305	    -20.14228277	     -7.70324372	     -6.67082607	     -1.91407513	     37.14002574	    -25.46829052	      3.65661873	     10.32071571
      0.18333300	     20.44069374	      0.54046190	      1.29462561	     -2.13695599	      0.97504880	      0.05401661	    -23.04909849	     -4.85337970	    -18.05866901	    -11.41967649	     -1.81381249	     -0.86342222	     23.95235827	    -26.18266613	     -4.92005845	    -20.15616985	     -7.70557643	     -6.68996227	     -1.91712250	     37.14003368	    -25.51783718	      3.67511318	     10.32808054
      0.19166700	     20.40609201	      0.44127296	      1.19991768	     -2.13677638	      0.97504437	      0.05428376	    -22.96682031	     -4.77371333	    -17.81154803	    -11.46844456	     -1.84949865	     -1.15376223	     24.02494210	    -26.17497753	     -4.99167100	    -20.37445355	     -7.71514645	     -6.71498885	     -1.84379097	     37.24503226	    -25.56999705	      3.92729244	     10.82737819
      0.20000000	     20.39315269	      0.43693946	      1.20755689	     -2.13655821	      0.97502343	      0.05458055	    -22.92582837	     -4.75299913	    -17.82424977	    -11.55363596	     -1.81079878	     -1.18715244	     24.02508990	    -26.17709739	     -5.02066122	    -20.38192701	     -7.71210836	     -6.69143682	     -1.84311980	     37.25289972	    -25.61819235	      3.95395880	     10.83753883
      0.20833300	     20.35106937	      0.40307424	      1.22684954	     -2.13634108	      0.97499124	      0.05488294	    -22.86042142	     -4.68590375	    -17.76182596	    -11.61434245	     -1.80258882	     -1.37474491	     23.99671784	    -26.13591733	     -5.09076742	    -20.39985858	     -7.73335343	     -6.67294680	     -1.79193845	     37.28286413	    -25.64410525	      4.04414017	     10.91347745
      0.21666700	     20.31701743	      0.34258658	      1.18876625	     -2.13609279	      0.97496395	      0.05524063	    -22.78651555	     -4.61609986	    -17.62432245	    -11.68805225	     -1.81619338	     -1.59280409	     23.98926955	    -26.13270633	     -5.15570439	    -20.49899972	     -7.72035699	     -6.66977761	     -1.73165872	     37.29571641	    -25.68362679	      4.16063305	     11.09568895
      0.22500000	     20.30155802	      0.32749171	      1.20145485	     -2.13580704	      0.97493189	      0.05560426	    -22.74647171	     -4.57656823	    -17.62217309	    -11.77002655	     -1.76191091	     -1.62432336	     23.99986746	    -26.13895398	     -5.20164608	    -20.52129815	     -7.71329818	     -6.67981390	     -1.73321777	     37.29423367	    -25.73475354	      4.20527992	     11.10070439
      0.23333300	     20.26662642	      0.27736594	      1.21500938	     -2.13554064	      0.97489932	      0.05599452	    -22.68280488	     -4.48821815	    -17.53562545	    -11.84349124	     -1.75211259	     -1.87018374	     23.98352710	    -26.11305619	     -5.29099411	    -20.56464446	     -7.73257590	     -6.65060343	     -1.66202024	     37.32092080	    -25.78025296	      4.31355186	     11.19321307
      0.24166700	     20.23722679	      0.21153779	      1.17936111	     -2.13523456	      0.97487141	      0.05643362	    -22.61078244	     -4.40706428	    -17.39518230	    -11.93174685	     -1.74651363	     -2.09335235	     23.99389144	    -26.11890476	     -5.36796880	    -20.67675545	     -7.72257347	     -6.65000905	     -1.59405438	     37.32006169	    -25.83511611	      4.42825629	     11.33481781
      0.25000000	     20.21975594	      0.19371535	      1.18483840	     -2.13489181	      0.97484401	      0.05687743	    -22.55814137	     -4.36673890	    -17.38429160	    -12.03892472	     -1.72257163	     -2.11386520	     23.99957459	    -26.13789183	     -5.41414828	    -20.69200021	     -7.69381856	     -6.66347040	     -1.59497552	     37.31747066	    -25.89077822	      4.47086299	     11.32009407
      0.25833300	     20.16898710	      0.10894419	      1.16633351	     -2.13453269	      0.97480897	      0.05736336	    -22.46705748	     -4.24788546	    -17.22228388	    -12.12533334	     -1.73852986	     -2.48367921	     23.97208446	    -26.12267049	     -5.52199998	    -20.78903236	     -7.68210697	     -6.63847973	     -1.50607894	     37.33122840	    -25.92226602	      4.59795217	     11.41166347
      0.26666700	     20.14882248	      0.07406621	      1.16338694	     -2.13412846	      0.97477289	      0.05786525	    -22.40926574	     -4.18803454	    -17.18447058	    -12.23992244	     -1.66542377	     -2.55158629	     23.98725279	    -26.14129808	     -5.58473391	    -20.83860577	     -7.66334877	     -6.64498398	     -1.51426637	     37.32201607	    -25.97901800	      4.65325769	     11.39716398
      0.27500000	     20.09665909	     -0.00091857	      1.12066168	     -2.13374059	      0.97474176	      0.05843451	    -22.30506867	     -4.08633147	    -16.96769486	    -12.34842822	     -1.68789791	     -2.93883860	     23.95339386	    -26.12520980	     -5.67436583	    -20.94742179	     -7.66094103	     -6.63311158	     -1.45187036	     37.32200762	    -26.01292567	      4.74282857	     11.44805061
      0.28333300	     20.05300086	     -0.07031801	      1.09801352	     -2.13326768	      0.97468354	      0.05901715	    -22.21600171	     -3.98584870	    -16.82070183	    -12.46791282	     -1.66468931	     -3.22398227	     23.95112406	    -26.12015436	     -5.76874777	    -21.03918394	     -7.65934990	     -6.61139167	     -1.41172625	     37.32091688	    -26.05040805	      4.88782099	     11.62769141
      0.29166700	     20.04008337	     -0.07798431	      1.11806684	     -2.13271744	      0.97461337	      0.05965571	    -22.17526601	     -3.93737899	    -16.81330911	    -12.59802790	     -1.58670663	     -3.25540812	     23.96738344	    -26.13880509	     -5.82804398	    -21.05565938	     -7.66458209	     -6.62340495	     -1.42144119	     37.31675941	    -26.10174402	      4.92472471	     11.62799346
      0.30000000	     19.97507948	     -0.16941624	      1.11086362	     -2.13209877	      0.97451204	      0.06029919	    -22.07538180	     -3.79620827	    -16.64164684	    -12.71271656	     -1.58212442	     -3.68943348	     23.95642090	    -26.11332453	     -5.95616517	    -21.15236230	     -7.67074863	     -6.58197136	     -1.37648454	     37.33493493	    -26.09937540	      5.19816450	     12.04878246
      0.30833300	     19.95944878	     -0.25567355	      1.00304396	     -2.13148490	      0.97441990	      0.06099905	    -21.99139462	     -3.72006370	    -16.40700167	    -12.87955022	     -1.52328786	     -3.91785729	     24.02943870	    -26.15531963	     -6.02948912	    -21.38175071	     -7.68892535	     -6.54168536	     -1.33282746	     37.36585962	    -26.19449327	      5.55382426	     12.87437801
      0.31666700	     19.94791260	     -0.26241291	      1.03297608	     -2.13079883	      0.97432002	      0.06177039	    -21.96486353	     -3.65259558	    -16.36410555	    -13.00697506	     -1.42371209	     -4.06254695	     24.01652681	    -26.14686437	     -6.10995320	    -21.42561152	     -7.76726391	     -6.49709073	     -1.34810088	     37.39279538	    -26.23225763	      5.62449223	     12.94771961
      0.32500000	     19.90181142	     -0.32753856	      1.03257613	     -2.13006815	      0.97421683	      0.06256679	    -21.88926606	     -3.53148579	    -16.22064212	    -13.14018453	     -1.38135163	     -4.37266790	     24.00280319	    -26.12058110	     -6.22674490	    -21.48832064	     -7.81989239	     -6.48896579	     -1.41507158	     37.42620418	    -26.24429771	      5.82276130	     13.24628851
      0.33333300	     19.90882016	     -0.32068569	      1.05909689	     -2.12927494	      0.97410758	      0.06341540	    -21.88433449	     -3.48220304	    -16.21010458	    -13.28468635	     -1.24995824	     -4.42707041	     24.03203934	    -26.12032597	     -6.29696676	    -21.53502926	     -7.93146315	     -6.44430036	     -1.46620439	     37.42494327	    -26.29061310	      5.86731655	     13.27472357
      0.34166700	     19.89029977	     -0.43804143	      0.92811358	     -2.12852757	      0.97401752	      0.06429819	    -21.80458625	     -3.36439286	    -15.85740978	    -13.44018935	     -1.24263380	     -4.80869035	     24.14636135	    -26.11612432	     -6.40694314	    -21.79403704	     -8.05990066	     -6.39052887	     -1.60568830	     37.53871360	    -26.38861693	      6.24717722	     14.13647280
      0.35000000	     19.89438705	     -0.44353224	      0.98176221	     -2.12767576	      0.97390726	      0.06520975	    -21.80775256	     -3.28167238	    -15.84317724	    -13.57412441	     -1.15360918	     -4.93379398	     24.14260909	    -26.06468771	     -6.51540023	    -21.78617714	     -8.26371293	     -6.28676884	     -1.72877328	     37.54626248	    -26.43096695	      6.32273487	     14.17629018
      0.35833300	     19.87651707	     -0.46175980	      1.01825709	     -2.12680259	      0.97380685	      0.06617366	    -21.79039966	     -3.18330920	    -15.75033592	    -13.69214580	     -1.08061146	     -5.16947011	     24.17002293	    -25.96962421	     -6.62967963	    -21.75974530	     -8.51027245	     -6.22694061	     -2.01817589	     37.53155291	    -26.45248793	      6.42809188	     14.29291186
      0.36666700	     19.87516254	     -0.47130481	      1.04137106	     -2.12589781	      0.97370961	      0.06718507	    -21.78750462	     -3.10195012	    -15.66453546	    -13.82130696	     -1.00747259	     -5.34177649	     24.23450017	    -25.86227871	     -6.73738131	    -21.74399235	     -8.82364701	     -6.13456681	     -2.34816152	     37.52720843	    -26.49024089	      6.51493158	     14.40742706
      0.37500000	     19.88077838	     -0.46872102	      1.06683387	     -2.12496741	      0.97362335	      0.06824762	    -21.79127285	     -3.02965274	    -15.59408211	    -13.96060197	     -0.93290065	     -5.52988934	     24.31365149	    -25.72606449	     -6.84289600	    -21.70281060	     -9.20334788	     -6.04788998	     -2.76430802	     37.53095352	    -26.53117115	      6.58597668	     14.50401876
      0.38333300	     19.89180339	     -0.46310452	      1.10560931	     -2.12400538	      0.97354006	      0.06935571	    -21.82272761	     -2.94682140	    -15.50861492	    -14.05796908	     -0.86998526	     -5.67751512	     24.39169706	    -25.55025140	     -6.96285844	    -21.62124880	     -9.66747273	     -5.92387289	     -3.24930430	     37.52729632	    -26.56930487	      6.63749960	     14.53519884
      0.39166700	     19.90237862	     -0.43389313	      1.15208513	     -2.12302895	      0.97346911	      0.07051248	    -21.85159773	     -2.88261179	    -15.44911297	    -14.16947231	     -0.80361535	     -5.85823969	     24.48847413	    -25.32903976	     -7.06880907	    -21.47598712	    -10.20585029	     -5.81928691	     -3.88856419	     37.51618448	    -26.60396120	      6.65419637	     14.52187175
      0.40000000	     19.92047642	     -0.35075474	      1.21475434	     -2.12203660	      0.97340645	      0.07173523	    -21.89033032	     -2.86504681	    -15.45235264	    -14.29501258	     -0.72348904	     -6.03973802	     24.67533877	    -25.06672781	     -7.13610424	    -21.24150797	    -10.81886652	     -5.72656248	     -4.68779635	     37.56792904	    -26.63593946	      6.55447705	     14.33808292
      0.40833300	     19.93889893	     -0.28941933	      1.30475056	     -2.12103091	      0.97336247	      0.07295351	    -21.94055617	     -2.81045305	    -15.47271234	    -14.40124718	     -0.67127634	     -6.18848104	     24.78023817	    -24.74538170	     -7.24761756	    -20.97071437	    -11.54134328	     -5.63511003	     -5.55009210	     37.49976182	    -26.66538164	      6.51078340	     14.17825617
      0.41666700	     19.96051428	     -0.18308496	      1.39947889	     -2.12003057	      0.97333122	      0.07421499	    -21.99907014	     -2.79761923	    -15.50945139	    -14.50777466	     -0.60190871	     -6.32031281	     24.91881264	    -24.37556244	     -7.31927346	    -20.61618777	    -12.34889097	     -5.53803494	     -6.56604490	     37.42144520	    -26.69417998	      6.38005197	     13.90736007
      0.42500000	     19.99480216	      0.03638513	      1.61540681	     -2.11895697	      0.97330622	      0.07555895	    -22.12305078	     -2.84347571	    -15.77755634	    -14.57119601	     -0.53133334	     -6.29722820	     25.26697981	    -23.93016165	     -7.35008150	    -20.05334095	    -13.26939293	     -5.49018275	     -7.75853115	     37.46399751	    -26.66130041	      5.86011474	     12.74678274
      0.43333300	     20.03411815	      0.15074140	      1.75481342	     -2.11797599	      0.97331873	      0.07679374	    -22.21228120	     -2.81734926	    -15.86486156	    -14.66834916	     -0.47331735	     -6.43027016	     25.31621748	    -23.46288273	     -7.44080275	    -19.56856539	    -14.27707274	     -5.35276650	     -8.83415038	     37.18615830	    -26.72904925	      5.82187715	     12.63757571
      0.44166700	     20.07559498	      0.45575359	      2.09868029	     -2.11689457	      0.97333219	      0.07814352	    -22.38476366	     -2.89011100	    -16.34228543	    -14.70668210	     -0.41061442	     -6.34718007	     25.68365817	    -22.88099231	     -7.44448543	    -18.72504233	    -15.40769493	     -5.29716364	    -10.16880013	     37.01091250	    -26.69458112	      5.14132774	     11.06794075
      0.45000000	     20.11714855	      0.71977753	      2.36758571	     -2.11586421	      0.97337470	      0.07948255	    -22.53166210	     -2.95315249	    -16.68846907	    -14.76554516	     -0.34587087	     -6.32982565	     25.92420682	    -22.26426490	     -7.44772686	    -17.95250787	    -16.63446261	     -5.22187485	    -11.43957613	     36.59290837	    -26.71565628	      4.65606398	     10.01933351
      0.45833300	     20.13775301	      0.99316884	      2.56380691	     -2.11482337	      0.97343157	      0.08089374	    -22.64543810	     -3.05546290	    -16.94219361	    -14.82959048	     -0.25731450	     -6.29734101	     26.17586484	    -21.58881126	     -7.40524387	    -17.24136996	    -17.95101407	     -5.22258527	    -12.78226341	     36.11074571	    -26.73168075	      4.12936706	      9.02907629
      0.46666700	     20.20572982	      1.37399836	      3.01197868	     -2.11380462	      0.97352560	      0.08222520	    -22.88600062	     -3.14879366	    -17.59654770	    -14.84260864	     -0.19775786	     -6.20075033	     26.46247931	    -20.83793919	     -7.35764022	    -16.12928204	    -19.39399048	     -5.17051291	    -14.03032990	     35.53485832	    -26.78982940	      3.39016952	      7.34710855
      0.47500000	     20.21005319	      1.74241962	      3.27144345	     -2.11276743	      0.97361240	      0.08370052	    -23.01871197	     -3.31119538	    -17.97222385	    -14.88200589	     -0.08949866	     -6.10008129	     26.74197729	    -20.01076133	     -7.23073799	    -15.24057832	    -20.92203385	     -5.23406260	    -15.32078779	     34.77292910	    -26.81616881	      2.62997733	      5.94224799
      0.48333300	     20.28302159	      2.23808708	      3.83175003	     -2.11177328	      0.97375878	      0.08507675	    -23.31839200	     -3.45758734	    -18.83980708	    -14.86579516	     -0.02980062	     -5.93422195	     27.04750171	    -19.11984540	     -7.08319547	    -13.89808624	    -22.57856475	     -5.25381362	    -16.47124440	     33.93875571	    -26.93598024	      1.61044879	      3.69042706
      0.49166700	     20.30756024	      2.75249814	      4.31952861	     -2.11076243	      0.97390347	      0.08652382	    -23.56402376	     -3.65139082	    -19.62463755	    -14.84916299	      0.06397484	     -5.74586051	     27.35712984	    -18.14885607	     -6.85757319	    -12.61803574	    -24.30784717	     -5.35313222	    -17.62179235	     32.98014502	    -27.05737648	      0.51233972	      1.42852526
      0.50000000	     20.32511387	      3.31399984	      4.84185032	     -2.10977311	      0.97407451	      0.08798715	    -23.82662951	     -3.87095935	    -20.48183245	    -14.82134192	      0.16240663	     -5.52291757	     27.66912233	    -17.11506869	     -6.56599591	    -11.25774449	    -26.11732899	     -5.51598153	    -18.70965732	     31.93927000	    -27.23223369	     -0.71362399	     -1.07341704
      0.50833300	     20.33702582	      3.91402665	      5.39662496	     -2.10877681	      0.97425871	      0.08944516	    -24.11228847	     -4.10935288	    -21.41465173	    -14.77762302	      0.26155333	     -5.26634120	     27.98446706	    -16.02999323	     -6.21280677	     -9.85208573	    -27.99375513	     -5.73743665	    -19.71985666	     30.86744099	    -27.47122067	     -2.04249783	     -3.79446004
      0.51666700	     20.34175756	      4.53477230	      5.96975243	     -2.10777419	      0.97444452	      0.09088119	    -24.41417695	     -4.35550064	    -22.40026934	    -14.72053217	      0.37043961	     -4.97922585	     28.30390172	    -14.90527158	     -5.80313944	     -8.42517030	    -29.91543746	     -6.01921020	    -20.65460255	     29.80535067	    -27.78442014	     -3.43159566	     -6.66523443
      0.52500000	     20.34920461	      5.15326100	      6.53337510	     -2.10673563	      0.97462680	      0.09228678	    -24.73599704	     -4.59809432	    -23.39183195	    -14.65096952	      0.47452504	     -4.67426361	     28.61980750	    -13.77579384	     -5.35451016	     -7.04592546	    -31.84813190	     -6.35027640	    -21.48384252	     28.79785082	    -28.16683186	     -4.81882739	     -9.55081584
      0.53333300	     20.34867371	      5.73904533	      7.02489783	     -2.10562435	      0.97478878	      0.09367127	    -25.04500043	     -4.84330921	    -24.31462550	    -14.58305481	      0.57022211	     -4.33621220	     28.93070458	    -12.65339165	     -4.88404418	     -5.82532289	    -33.76524149	     -6.74384417	    -22.23400395	     27.84528629	    -28.58859605	     -6.16671292	    -12.32863591
      0.54166700	     20.37598082	      6.30497315	      7.52386487	     -2.10449132	      0.97493796	      0.09494735	    -25.40079252	     -5.05710277	    -25.24608794	    -14.49797172	      0.67588310	     -4.02074203	     29.23866252	    -11.57626122	     -4.39693417	     -4.62762070	    -35.63080471	     -7.13094324	    -22.88720463	     27.07464574	    -29.08352873	     -7.41869514	    -15.00156506
      0.55000000	     20.40787491	      6.82447378	      7.92621692	     -2.10326052	      0.97506720	      0.09617594	    -25.74890717	     -5.27091794	    -26.06767090	    -14.41362177	      0.78338795	     -3.69332115	     29.52773195	    -10.55953464	     -3.90296537	     -3.61452881	    -37.39596108	     -7.52534290	    -23.44879236	     26.42317933	    -29.58843830	     -8.56698296	    -17.40815417
      0.55833300	     20.45507336	      7.29997051	      8.24962196	     -2.10193040	      0.97517660	      0.09733725	    -26.10333681	     -5.47768815	    -26.79571849	    -14.32916226	      0.88889760	     -3.37570676	     29.79987329	     -9.61789799	     -3.41444003	     -2.76674465	    -39.04147119	     -7.89545198	    -23.91490624	     25.90791160	    -30.09862892	     -9.60206213	    -19.54508429
      0.56666700	     20.52623012	      7.74129978	      8.42969596	     -2.10046121	      0.97528820	      0.09847557	    -26.45797981	     -5.72073140	    -27.38284581	    -14.25955728	      1.01091943	     -3.03984117	     30.05288248	     -8.79404980	     -2.91618643	     -2.15533445	    -40.51309761	     -8.22935837	    -24.32046244	     25.46685664	    -30.59146765	    -10.54979447	    -21.32674396
      0.57500000	     20.59516480	      8.12790170	      8.56962604	     -2.09888772	      0.97537537	      0.09952150	    -26.80901825	     -5.92553817	    -27.87885330	    -14.16553638	      1.11105261	     -2.73812408	     30.27857548	     -8.02998882	     -2.44986000	     -1.64154730	    -41.82332700	     -8.46287155	    -24.62705390	     25.16555743	    -31.06045378	    -11.39022764	    -22.93509855
      0.58333300	     20.68286373	      8.46865922	      8.57762704	     -2.09715141	      0.97547362	      0.10053553	    -27.14683993	     -6.15498877	    -28.25760319	    -14.09935397	      1.20829822	     -2.44427698	     30.45720269	     -7.37546914	     -2.00690869	     -1.37013843	    -42.93705607	     -8.65143676	    -24.94666711	     24.88491597	    -31.46581317	    -12.10573637	    -24.10790264
      0.59166700	     20.75149040	      8.80609561	      8.47978155	     -2.09525949	      0.97555759	      0.10157863	    -27.45681259	     -6.43493667	    -28.50050571	    -14.02324514	      1.33167365	     -2.12280262	     30.64483785	     -6.80184231	     -1.54598591	     -1.26198619	    -43.81464644	     -8.74338953	    -25.14924520	     24.69029569	    -31.84571652	    -12.88587380	    -25.26559199
      0.60000000	     20.84565778	      9.14928594	      8.33605548	     -2.09323517	      0.97566918	      0.10261116	    -27.79908607	     -6.73398834	    -28.72103379	    -13.94083728	      1.43916243	     -1.85271683	     30.80478951	     -6.34574780	     -1.08070664	     -1.24694226	    -44.45246134	     -8.74863582	    -25.22427113	     24.60241998	    -32.24430303	    -13.67174853	    -26.37107017
      0.60833300	     20.89253546	      9.46044548	      8.16331933	     -2.09106554	      0.97574745	      0.10359209	    -28.09018953	     -7.02242167	    -28.87276687	    -13.83982125	      1.52005129	     -1.60893233	     30.95077306	     -5.90551678	     -0.63897056	     -1.32179014	    -44.87827569	     -8.73514039	    -25.24270922	     24.55972277	    -32.56793649	    -14.41799981	    -27.38204503
      0.61666700	     20.99435502	      9.75324011	      7.82448811	     -2.08874380	      0.97588097	      0.10458378	    -28.40215630	     -7.37275753	    -28.85276730	    -13.76204411	      1.61766239	     -1.41456546	     31.06271928	     -5.62807553	     -0.20430112	     -1.64266053	    -45.04922925	     -8.71992533	    -25.37026895	     24.43818084	    -32.82262157	    -15.05706658	    -27.83630821
      0.62500000	     21.03029009	      9.98930524	      7.43936804	     -2.08627234	      0.97593692	      0.10554556	    -28.62989914	     -7.70118666	    -28.68994339	    -13.66377164	      1.71259555	     -1.23788351	     31.17213406	     -5.34078655	      0.17449089	     -2.07763507	    -45.01386775	     -8.65722711	    -25.40445015	     24.37929602	    -32.96561546	    -15.65921043	    -28.17827748
      0.63333300	     21.08941468	     10.27055810	      7.04959256	     -2.08367615	      0.97600970	      0.10647715	    -28.89608083	     -8.07370909	    -28.58732612	    -13.57829192	      1.81305932	     -1.08925801	     31.24706853	     -5.15219827	      0.59648777	     -2.54607062	    -44.75541641	     -8.63433533	    -25.49438547	     24.30835110	    -33.13892611	    -16.30343923	    -28.54008252
      0.64166700	     21.15485515	     10.62698200	      6.78376488	     -2.08100560	      0.97606517	      0.10734291	    -29.22166853	     -8.45112091	    -28.70040334	    -13.49259733	      1.95184732	     -0.87402504	     31.23093810	     -5.01389673	      1.07972836	     -2.89247040	    -44.31086992	     -8.69901694	    -25.66444947	     24.37219284	    -33.45754147	    -17.10077016	    -29.45284716
      0.65000000	     21.19087456	     10.88056747	      6.36260303	     -2.07817411	      0.97606836	      0.10816982	    -29.45820338	     -8.81893796	    -28.51066620	    -13.40413025	      2.05876203	     -0.83548272	     31.32321305	     -4.91694347	      1.46879924	     -3.46479451	    -43.66910338	     -8.67869227	    -25.60303529	     24.38058391	    -33.53370728	    -17.64986001	    -29.53901603
      0.65833300	     21.29563839	     11.17032856	      5.94918641	     -2.07527706	      0.97611807	      0.10896382	    -29.78447207	     -9.20799116	    -28.39262037	    -13.31457551	      2.14216121	     -0.71217908	     31.32750913	     -4.95798027	      1.89419729	     -4.02103059	    -42.82473809	     -8.74534232	    -25.69407325	     24.53456770	    -33.71595603	    -18.24533584	    -29.72843825
      0.66666700	     21.35107791	     11.44198356	      5.55528237	     -2.07226600	      0.97606984	      0.10967876	    -30.05374461	     -9.58423233	    -28.25776311	    -13.24034550	      2.25513205	     -0.63273594	     31.33676856	     -4.98761681	      2.30202018	     -4.57714325	    -41.83153019	     -8.79835355	    -25.61063458	     24.81055717	    -33.82776395	    -18.80745576	    -29.86882075
      0.67500000	     21.37089968	     11.69196624	      5.17635015	     -2.06917100	      0.97594170	      0.11029294	    -30.27538875	     -9.94765263	    -28.09272000	    -13.18580141	      2.37398370	     -0.58267472	     31.37400484	     -5.02071872	      2.69979894	     -5.10854607	    -40.69580578	     -8.82714409	    -25.38485365	     25.09776025	    -33.88202503	    -19.32252689	    -29.93744653
      0.68333300	     21.43306679	     11.95023085	      4.80247058	     -2.06601011	      0.97580443	      0.11084605	    -30.54580837	    -10.31354247	    -27.95944154	    -13.13877225	      2.47908887	     -0.52787660	     31.36250223	     -5.13885982	      3.10293801	     -5.64096468	    -39.42402690	     -8.94301704	    -25.14583722	     25.55491952	    -33.97721277	    -19.81616812	    -29.96733941
      0.69166700	     21.51145572	     12.20993958	      4.45150120	     -2.06276040	      0.97561729	      0.11131504	    -30.84890881	    -10.66634581	    -27.84533266	    -13.08287533	      2.64096520	     -0.47716379	     31.27052547	     -5.30344406	      3.50495073	     -6.16373094	    -38.04607141	     -9.15600828	    -24.98096572	     26.37033521	    -34.07442777	    -20.27002297	    -29.93302016
      0.70000000	     21.55791005	     12.42977959	      4.09447039	     -2.05942095	      0.97535459	      0.11171077	    -31.09488035	    -11.00183593	    -27.68660071	    -13.05755438	      2.75503571	     -0.46422066	     31.23662450	     -5.46411882	      3.87625936	     -6.69504002	    -36.57943910	     -9.32556127	    -24.56488567	     27.00572493	    -34.12491376	    -20.69073105	    -29.85565625
      0.70833300	     21.59080555	     12.63277946	      3.74363036	     -2.05594592	      0.97499977	      0.11205066	    -31.34192522	    -11.31700921	    -27.50718398	    -13.00256851	      2.89382283	     -0.45555210	     31.24321167	     -5.63278932	      4.23178827	     -7.23935767	    -35.05757081	     -9.45495016	    -23.99636428	     27.56598604	    -34.14643013	    -21.10278557	    -29.77546539
      0.71666700	     21.68017933	     12.78614756	      3.33140764	     -2.05239642	      0.97463678	      0.11231550	    -31.61012988	    -11.62672690	    -27.26693217	    -12.99805520	      3.05331074	     -0.44255490	     31.10680891	     -5.88246174	      4.54151791	     -7.87534861	    -33.47094548	     -9.72545441	    -23.61659351	     28.72986906	    -34.11770795	    -21.34764667	    -29.22511101
      0.72500000	     21.75854865	     12.93680778	      2.98215001	     -2.04876405	      0.97419280	      0.11252872	    -31.90182209	    -11.89609542	    -27.08293136	    -12.95384847	      3.18938838	     -0.43433291	     31.12773723	     -6.13041602	      4.84509816	     -8.42851408	    -31.87604068	     -9.86676222	    -22.80576045	     29.26960115	    -34.16656183	    -21.67861606	    -29.05556486
      0.73333300	     21.88855504	     13.02717243	      2.56188071	     -2.04503569	      0.97372735	      0.11263962	    -32.21221215	    -12.15799157	    -26.82205803	    -12.94811970	      3.36408220	     -0.43209267	     31.01449289	     -6.44540099	      5.09233717	     -9.11521953	    -30.26137494	    -10.10330783	    -22.15922489	     30.40754645	    -34.10498512	    -21.76585261	    -28.18805735
      0.74166700	     21.93916426	     13.09363017	      2.11893263	     -2.04116055	      0.97314722	      0.11271053	    -32.42559343	    -12.43303808	    -26.48720256	    -12.95155600	      3.52081750	     -0.43351242	     30.94090795	     -6.68186536	      5.32758437	     -9.87705224	    -28.66931387	    -10.28919392	    -21.32401426	     31.24689998	    -33.95168096	    -21.88884978	    -27.34409032
      0.75000000	     22.06114327	     13.16889816	      1.76700554	     -2.03727563	      0.97255831	      0.11267404	    -32.76129206	    -12.65226371	    -26.28824905	    -12.92651448	      3.69194836	     -0.42711630	     30.89399405	     -6.98271450	      5.55726648	    -10.52460036	    -27.12742075	    -10.44486281	    -20.33591534	     31.97723523	    -33.95512935	    -22.00602392	    -26.73960341
      0.75833300	     22.10388167	     13.19457714	      1.31159186	     -2.03321168	      0.97186933	      0.11259137	    -32.96536783	    -12.91421995	    -25.90494075	    -12.93337114	      3.86842774	     -0.42988202	     30.80734497	     -7.20099291	      5.75828618	    -11.37360136	    -25.63360989	    -10.62770847	    -19.38521782	     32.77948544	    -33.75409213	    -22.04082995	    -25.69409440
      0.76666700	     22.21221951	     13.23884925	      0.96628812	     -2.02914724	      0.97117461	      0.11240031	    -33.29132584	    -13.11968734	    -25.68746731	    -12.91624334	      4.04238462	     -0.43863144	     30.74896314	     -7.46911661	      5.96230739	    -12.06417235	    -24.22921734	    -10.74514960	    -18.31132288	     33.41541212	    -33.71952161	    -22.09547446	    -24.96249854
      0.77500000	     22.23392775	     13.23307762	      0.52498089	     -2.02492954	      0.97039291	      0.11215958	    -33.47599985	    -13.36320917	    -25.28126672	    -12.93234614	      4.22829179	     -0.46486536	     30.66003648	     -7.63518218	      6.13432713	    -12.95330588	    -22.91271138	    -10.92321082	    -17.30672720	     34.06225599	    -33.49099143	    -22.06517057	    -23.81964849
      0.78333300	     22.31529832	     13.26282257	      0.20328977	     -2.02069015	      0.96961127	      0.11181671	    -33.78545333	    -13.55917002	    -25.06725383	    -12.92103405	      4.39170123	     -0.49839703	     30.58172229	     -7.84459172	      6.32267695	    -13.66984408	    -21.71028672	    -11.02560329	    -16.25543875	     34.58281020	    -33.43360904	    -22.09451042	    -23.06405594
      0.79166700	     22.35856738	     13.26618266	     -0.16981947	     -2.01634412	      0.96878132	      0.11142727	    -34.02936779	    -13.77599918	    -24.74556352	    -12.92946230	      4.57691632	     -0.55632936	     30.47427214	     -7.99841407	      6.49219113	    -14.48976634	    -20.62457436	    -11.15880645	    -15.26040709	     35.06540613	    -33.29144869	    -22.08867753	    -22.12251803
      0.80000000	     22.33658997	     13.22605920	     -0.60655145	     -2.01189780	      0.96790169	      0.11096561	    -34.15976531	    -14.01452616	    -24.27440184	    -12.97725751	      4.77908878	     -0.64291025	     30.34023841	     -8.06461834	      6.63231413	    -15.42896752	    -19.67040589	    -11.33773345	    -14.39852138	     35.45651671	    -33.00534501	    -21.98326256	    -20.82719838
      0.80833300	     22.38021034	     13.24837556	     -0.90114317	     -2.00739617	      0.96704018	      0.11044467	    -34.44724381	    -14.20595753	    -24.04729100	    -12.97013715	      4.92164617	     -0.74021774	     30.25446084	     -8.17505041	      6.79982670	    -16.17158002	    -18.87620799	    -11.46241662	    -13.52471493	     35.74984183	    -32.93594371	    -22.04419388	    -20.17265980
      0.81666700	     22.40597016	     13.22583241	     -1.29752516	     -2.00281287	      0.96616157	      0.10989294	    -34.65526297	    -14.43592078	    -23.65172143	    -13.02029827	      5.09725925	     -0.88506184	     30.13515310	     -8.25977894	      6.93921352	    -17.04079130	    -18.20435970	    -11.59319562	    -12.74977968	     35.99114193	    -32.77086491	    -22.02617509	    -19.17498890
      0.82500000	     22.35504053	     13.17304828	     -1.76351890	     -1.99812711	      0.96523170	      0.10924436	    -34.73045292	    -14.70781027	    -23.10369419	    -13.12336732	      5.28730758	     -1.09812332	     29.99938386	     -8.25540119	      7.07367862	    -17.96070101	    -17.66575877	    -11.69344947	    -12.25034806	     36.12558450	    -32.43622363	    -21.88401492	    -17.71831094
      0.83333300	     22.31631331	     13.24279253	     -2.01197205	     -1.99342733	      0.96430990	      0.10859304	    -34.92411336	    -14.94211521	    -22.88763541	    -13.18577565	      5.44052671	     -1.30158092	     29.99575301	     -8.22777624	      7.27745654	    -18.54708348	    -17.30851389	    -11.84117656	    -11.90513522	     36.10947244	    -32.38134125	    -22.17492647	    -17.59569267
      0.84166700	     22.32394240	     13.15805889	     -2.49611482	     -1.98862319	      0.96343223	      0.10782988	    -35.05070816	    -15.19846482	    -22.30756189	    -13.30940981	      5.58715657	     -1.59304178	     29.79538058	     -8.26883841	      7.35916253	    -19.45980135	    -17.04797853	    -11.91938289	    -11.42928918	     36.16454143	    -32.09098271	    -21.94116731	    -15.97075395
      0.85000000	     22.27835207	     13.22794487	     -2.74342550	     -1.98378087	      0.96251106	      0.10708683	    -35.22120805	    -15.44450962	    -22.07419355	    -13.42084926	      5.72737114	     -1.86446042	     29.79252454	     -8.22217264	      7.55188938	    -19.92630477	    -16.95128842	    -12.06155153	    -11.32956994	     36.05404479	    -32.02365526	    -22.25376868	    -15.88381288
      0.85833300	     22.27558101	     13.16087347	     -3.16561839	     -1.97885266	      0.96163878	      0.10627959	    -35.34758426	    -15.67738282	    -21.52857565	    -13.57440572	      5.84673908	     -2.33211706	     29.62691326	     -8.23783415	      7.62324707	    -20.62624793	    -16.95542123	    -12.08779935	    -11.03496684	     35.93510720	    -31.82602678	    -22.20016757	    -14.80570655
      0.86666700	     22.22429675	     13.22607956	     -3.43954519	     -1.97384845	      0.96072519	      0.10544549	    -35.47977519	    -15.95457970	    -21.27456736	    -13.75019073	      5.97199347	     -2.59684793	     29.63290460	     -8.18525071	      7.81087362	    -20.99087513	    -17.07841902	    -12.23411008	    -11.19853699	     35.73297953	    -31.73856964	    -22.52437318	    -14.69397744
      0.87500000	     22.18719901	     13.27117283	     -3.72844757	     -1.96877291	      0.95982385	      0.10457583	    -35.59950862	    -16.22579327	    -20.97805565	    -13.97938104	      6.08042996	     -2.98451660	     29.59480702	     -8.16006861	      7.97972070	    -21.27578822	    -17.27705092	    -12.31631728	    -11.35406947	     35.52723397	    -31.66043244	    -22.83084578	    -14.56301384
      0.88333300	     22.14357800	     13.18631496	     -4.10989428	     -1.96362568	      0.95896438	      0.10358837	    -35.64925226	    -16.44083130	    -20.42090823	    -14.23430805	      6.14224126	     -3.57157237	     29.43460504	     -8.13474232	      8.03011441	    -21.65976754	    -17.57436715	    -12.30396165	    -11.46184792	     35.20105780	    -31.44035658	    -22.80624415	    -13.65957189
      0.89166700	     22.12906433	     13.21049977	     -4.41746362	     -1.95839863	      0.95809510	      0.10261168	    -35.76679989	    -16.71832018	    -20.07775444	    -14.51432054	      6.24171884	     -3.94457045	     29.41291489	     -8.14378133	      8.19041170	    -21.80159170	    -17.91741897	    -12.26898680	    -11.80241453	     34.98290954	    -31.38375876	    -23.14705263	    -13.63074084
      0.90000000	     22.09040289	     13.21562412	     -4.70959771	     -1.95310120	      0.95726300	      0.10153851	    -35.83465730	    -16.97752249	    -19.69773303	    -14.84786464	      6.29299738	     -4.45317722	     29.34047510	     -8.13032881	      8.33892537	    -21.85247870	    -18.31183085	    -12.17472573	    -12.23580344	     34.70012293	    -31.30149227	    -23.45377443	    -13.59022443
      0.90833300	     22.04430837	     13.20713108	     -4.99686214	     -1.94773471	      0.95647648	      0.10037010	    -35.86687688	    -17.23399310	    -19.29270758	    -15.23909618	      6.31445015	     -5.01230322	     29.24334702	     -8.11263526	      8.48574002	    -21.83358117	    -18.73840424	    -11.98801163	    -12.72912809	     34.36331047	    -31.21096842	    -23.74241063	    -13.55813872
      0.91666700	     22.00065924	     13.20254469	     -5.28632762	     -1.94230056	      0.95575063	      0.09911145	    -35.87672868	    -17.50740638	    -18.85799096	    -15.67945365	      6.32702504	     -5.60207287	     29.13577597	     -8.09365030	      8.64898860	    -21.79446620	    -19.19121383	    -11.74357298	    -13.27527517	     33.97497161	    -31.12416971	    -24.04052792	    -13.55446296
      0.92500000	     21.90844476	     13.19178312	     -5.53419507	     -1.93679429	      0.95508850	      0.09772599	    -35.81428409	    -17.75836717	    -18.39317611	    -16.16908248	      6.27334960	     -6.32268531	     28.97057166	     -8.01460091	      8.81114931	    -21.66740351	    -19.67402275	    -11.44839477	    -13.87817933	     33.42336576	    -30.99535564	    -24.30892150	    -13.57635759
      0.93333300	     21.86943135	     13.19861984	     -5.84884034	     -1.93122500	      0.95454684	      0.09632474	    -35.74851311	    -18.08424036	    -17.87967184	    -16.74406589	      6.20789232	     -6.99013691	     28.83589776	     -7.99653577	      9.01593788	    -21.60805110	    -20.13703615	    -11.19718311	    -14.53392349	     32.91823256	    -30.91263683	    -24.64403641	    -13.63943301
      0.94166700	     21.86652361	     13.21047229	     -6.20709643	     -1.92561847	      0.95413201	      0.09488290	    -35.65473369	    -18.45721867	    -17.30320037	    -17.41863327	      6.13634840	     -7.66495954	     28.70737295	     -8.02205399	      9.24692576	    -21.57487451	    -20.58534790	    -10.99944631	    -15.25722468	     32.49477213	    -30.86236185	    -25.00559106	    -13.71078488
      0.95000000	     21.82653916	     13.21650622	     -6.52470215	     -1.91994749	      0.95382252	      0.09332237	    -35.47834455	    -18.81039627	    -16.67471708	    -18.18229281	      5.99142616	     -8.44907684	     28.53149879	     -8.01556236	      9.47829367	    -21.46159405	    -21.04193440	    -10.79787969	    -16.09413020	     32.12235293	    -30.77244533	    -25.33105811	    -13.78156989
      0.95833300	     21.78363632	     13.20720195	     -6.82980126	     -1.91423656	      0.95363679	      0.09166440	    -35.23359338	    -19.15499678	    -15.98774256	    -19.05858084	      5.78703880	     -9.28968478	     28.32646240	     -8.02372276	      9.70630308	    -21.31351844	    -21.49364784	    -10.61353773	    -17.00338999	     31.83762684	    -30.68081061	    -25.62126864	    -13.84542136
      0.96666700	     21.73999860	     13.17425024	     -7.12356993	     -1.90848353	      0.95357064	      0.08991546	    -34.91486110	    -19.48170106	    -15.22799467	    -20.05764706	      5.52009347	    -10.18781061	     28.09447094	     -8.05854474	      9.92384545	    -21.15367025	    -21.92548472	    -10.43759335	    -17.97337981	     31.62367879	    -30.58332267	    -25.86072193	    -13.86937597
      0.97500000	     21.65764171	     13.08714451	     -7.38373415	     -1.90267177	      0.95360824	      0.08802498	    -34.47562136	    -19.74869969	    -14.37019506	    -21.18464817	      5.14498674	    -11.17990756	     27.82336090	     -8.09128141	     10.09462302	    -20.96487529	    -22.32097410	    -10.25465107	    -18.98358947	     31.53212563	    -30.41682044	    -25.96068108	    -13.71020787
      0.98333300	     21.60161244	     12.91242178	     -7.69957394	     -1.89686896	      0.95376100	      0.08604114	    -33.92222478	    -19.98020291	    -13.33760885	    -22.50115250	      4.78462824	    -12.25167641	     27.53940238	     -8.18930127	     10.19579855	    -20.90749636	    -22.67232611	    -10.07517718	    -19.91893712	     31.47645465	    -30.21328554	    -25.83862712	    -13.10272498
      0.99166700	     21.68601649	     12.52602920	     -8.30621560	     -1.89107299	      0.95414688	      0.08403614	    -33.29476707	    -20.19842745	    -11.81529436	    -23.96262875	      4.27553052	    -13.25104291	     27.21233653	     -8.52194978	     10.15922004	    -21.28956713	    -22.89595170	     -9.83283563	    -20.63571900	     31.49105430	    -29.93095964	    -25.22812716	    -11.20087591
      1.00000000	     21.73752693	     12.19636709	     -8.86723933	     -1.88517501	      0.95456002	      0.08194454	    -32.53398594	    -20.44041811	    -10.36801851	    -25.63258570	      3.74684781	    -14.36308684	     26.74789278	     -8.87166205	     10.19139728	    -21.62131782	    -23.01549387	     -9.63244654	    -21.20965709	     31.51639431	    -29.62504506	    -24.60082474	     -9.21159250
      1.00833300	     21.81028638	     11.65802686	     -9.51310018	     -1.87939463	      0.95514080	      0.07977771	    -31.62321210	    -20.51466495	     -8.57167098	    -27.45413798	      3.11218915	    -15.36933875	     26.30670824	     -9.29264737	     10.03005615	    -22.17553396	    -23.11028446	     -9.40164155	    -21.78685810	     31.73160850	    -29.32794043	    -23.61781606	     -6.70406886
      1.01666700	     21.88910910	     11.03357667	    -10.22065581	     -1.87361384	      0.95581739	      0.07754354	    -30.56322832	    -20.51634786	     -6.62320944	    -29.46544111	      2.35861332	    -16.39858548	     25.79586642	     -9.78791990	      9.80756847	    -22.88980400	    -23.11976049	     -9.15962504	    -22.21843362	     32.06251801	    -29.03842277	    -22.34746736	     -3.59944695
      1.02500000	     21.99152933	     10.29190736	    -11.01050809	     -1.86785133	      0.95659346	      0.07525897	    -29.37997603	    -20.41809999	     -4.51312956	    -31.63158249	      1.46669958	    -17.36705776	     25.29581880	    -10.37992464	      9.49795329	    -23.82179571	    -23.06142722	     -8.88238792	    -22.49609302	     32.48967040	    -28.81469050	    -20.74916437	      0.14578780
      1.03333300	     22.12951134	      9.42525450	    -11.88298714	     -1.86213909	      0.95747375	      0.07292213	    -28.10392052	    -20.19920150	     -2.25893741	    -33.92235469	      0.41753229	    -18.25189677	     24.80964419	    -11.09256846	      9.10439935	    -24.97054666	    -22.92048579	     -8.57199754	    -22.57187307	     32.98740743	    -28.73752433	    -18.79061422	      4.57563940
      1.04166700	     22.30396346	      8.46604367	    -12.80734927	     -1.85649215	      0.95843702	      0.07055628	    -26.77729177	    -19.86191653	      0.06988278	    -36.29773220	     -0.74305486	    -19.01195489	     24.34431349	    -11.92435550	      8.66180018	    -26.27654577	    -22.69519009	     -8.25179355	    -22.46724444	     33.57517793	    -28.88526202	    -16.55625811	      9.53376628
      1.05000000	     22.49629898	      7.47050538	    -13.69352728	     -1.85085759	      0.95944910	      0.06817423	    -25.44520052	    -19.41007997	      2.30745455	    -38.71730968	     -2.03391002	    -19.63418418	     23.84992747	    -12.83786797	      8.20127856	    -27.63985788	    -22.41696662	     -7.92082042	    -22.22553392	     34.23926627	    -29.27030274	    -14.24483844	     14.55942561
      1.05833300	     22.67182169	      6.53686682	    -14.41474829	     -1.84517266	      0.96045221	      0.06580449	    -24.14979692	    -18.87384189	      4.25616502	    -41.12154663	     -3.38056311	    -20.12437065	     23.29676641	    -13.75879421	      7.77486516	    -28.86393676	    -22.11818732	     -7.61513799	    -21.90776795	     34.91955082	    -29.80918807	    -12.12215064	     19.03626865
      1.06666700	     22.79680060	      5.73271487	    -14.90230083	     -1.83935888	      0.96138482	      0.06350224	    -22.88709066	    -18.28628910	      5.81436780	    -43.48379699	     -4.73208509	    -20.52133155	     22.60066477	    -14.62288957	      7.41203578	    -29.82277495	    -21.81367937	     -7.33892024	    -21.55653005	     35.55849503	    -30.33310226	    -10.38837620	     22.50698695
      1.07500000	     22.85711375	      5.07507108	    -15.16042860	     -1.83339423	      0.96221015	      0.06126891	    -21.63820950	    -17.67972649	      6.98440820	    -45.78090643	     -6.02576421	    -20.85104809	     21.74322465	    -15.39659297	      7.11779546	    -30.49106237	    -21.51349018	     -7.09407773	    -21.21339719	     36.09540126	    -30.74427847	     -9.02252381	     25.01047563
      1.08333300	     22.86465444	      4.53781379	    -15.21753587	     -1.82727780	      0.96293647	      0.05910389	    -20.41285484	    -17.06061634	      7.80032027	    -47.98331417	     -7.17725452	    -21.14781018	     20.66144621	    -16.09415437	      6.86667452	    -30.90096254	    -21.21732439	     -6.86451712	    -20.86125443	     36.56923292	    -31.02596716	     -7.93817679	     26.70538826
      1.09166700	     22.84356346	      4.11164351	    -14.95525531	     -1.82094583	      0.96362252	      0.05696033	    -19.31619491	    -16.39522607	      8.11963717	    -50.01459248	     -8.12901184	    -21.58266765	     19.49078972	    -16.74183138	      6.60031830	    -30.93588451	    -20.93397396	     -6.63614770	    -20.38238061	     37.06610919	    -31.13470344	     -7.18189749	     27.20093598
      1.10000000	     22.72326046	      3.83360756	    -14.63594943	     -1.81448391	      0.96414371	      0.05491749	    -18.09708004	    -15.83693728	      8.21148542	    -51.96922073	     -8.88013421	    -22.28520613	     18.53055023	    -17.23738395	      6.44195357	    -30.84802423	    -20.66672484	     -6.47302129	    -20.21631536	     37.34339377	    -31.04215580	     -6.65950246	     27.28938687
      1.10833300	     22.84869299	      3.32692415	    -14.33004237	     -1.80811850	      0.96489354	      0.05280142	    -17.25429826	    -15.09087494	      8.30109301	    -53.70637016	     -8.74956955	    -22.37116235	     15.54412634	    -18.09171158	      6.10319850	    -30.92555258	    -20.33160168	     -6.17745204	    -19.51031019	     37.91342491	    -31.39779503	     -5.64203671	     28.21213127
      1.11666700	     22.81016149	      2.90943862	    -13.95525745	     -1.80164835	      0.96551838	      0.05071646	    -16.23664351	    -14.37521242	      8.20301772	    -55.31298548	     -8.47091052	    -22.84210892	     13.00115142	    -18.72962333	      5.79317752	    -30.89425663	    -20.02950498	     -5.96652702	    -19.14086112	     38.28179917	    -31.52613828	     -4.72440225	     28.87977341
      1.12500000	     22.89316159	      2.52749659	    -13.37772411	     -1.79509494	      0.96627491	      0.04854999	    -15.47283651	    -13.68416171	      7.71476606	    -56.67367226	     -7.99158421	    -23.52885845	     10.51058808	    -19.50592486	      5.46705928	    -30.62851411	    -19.68555057	     -5.76257157	    -18.59864883	     38.70925439	    -31.71830928	     -3.90907945	     28.98934653
      1.13333300	     22.86878547	      2.16159412	    -12.77916070	     -1.78844966	      0.96696446	      0.04639128	    -14.61534496	    -12.99135829	      7.14034249	    -57.85947978	     -7.21965114	    -24.12914456	      7.74543718	    -20.16516874	      5.12530182	    -30.33606422	    -19.33413448	     -5.60333549	    -18.17040981	     38.98862767	    -31.78283673	     -3.05526166	     29.12854776
      1.14166700	     22.86761995	      1.76006761	    -12.15419846	     -1.78183714	      0.96768536	      0.04421150	    -13.80623153	    -12.28087665	      6.47401859	    -58.85353988	     -6.46459765	    -24.78029878	      5.29619035	    -20.86142615	      4.74335874	    -29.99542194	    -18.95744413	     -5.38973497	    -17.72323064	     39.26582836	    -31.89084920	     -2.15096165	     29.26649300
      1.15000000	     22.96965887	      1.33675422	    -11.49987722	     -1.77521377	      0.96851477	      0.04200832	    -13.14809060	    -11.59398932	      5.67733275	    -59.62073699	     -5.90032143	    -25.66634953	      3.52430968	    -21.69509281	      4.34730108	    -29.66221671	    -18.51742089	     -5.22258856	    -17.21652992	     39.56803176	    -32.09841941	     -1.24158391	     29.33883269
      1.15833300	     22.98771719	      0.89766783	    -10.82315760	     -1.76856503	      0.96929013	      0.03977899	    -12.42424746	    -10.88224787	      4.83682367	    -60.19246670	     -5.28117134	    -26.39321599	      1.76268651	    -22.43679144	      3.90207734	    -29.32197497	    -18.07341310	     -5.07753926	    -16.70834565	     39.82483320	    -32.23922403	     -0.23256210	     29.55612665
      1.16666700	     22.97304898	      0.36517612	    -10.17229917	     -1.76192830	      0.97003985	      0.03755934	    -11.70121409	    -10.07916663	      4.04829154	    -60.54166249	     -4.53264658	    -26.79066425	     -0.06140142	    -23.15198368	      3.35267791	    -29.09843448	    -17.65145509	     -4.85420079	    -16.17834727	     40.02144373	    -32.37358181	      0.90344504	     29.91543787
      1.17500000	     23.00753650	     -0.09604156	     -9.47068204	     -1.75530308	      0.97083020	      0.03534746	    -11.04815594	     -9.37717638	      3.11511565	    -60.68189240	     -4.19510110	    -27.55945537	     -0.75195681	    -23.90929498	      2.86173533	    -28.77593727	    -17.17725295	     -4.77358293	    -15.79823560	     40.31117667	    -32.49863858	      1.89091462	     29.97384758
      1.18333300	     23.03289713	     -0.66398514	     -8.85808682	     -1.74871625	      0.97154598	      0.03319114	    -10.41118217	     -8.57183557	      2.33625164	    -60.61921612	     -3.50726360	    -27.77765216	     -2.11799013	    -24.67584688	      2.27796001	    -28.66579616	    -16.71753527	     -4.54426019	    -15.07530489	     40.44215549	    -32.68957846	      3.06946825	     30.48121134
      1.19166700	     23.06576239	     -1.11857112	     -8.16225237	     -1.74213879	      0.97226304	      0.03104776	     -9.80944667	     -7.89349390	      1.40391743	    -60.35466475	     -3.17916519	    -28.18639437	     -2.44137623	    -25.42537145	      1.77397511	    -28.33923083	    -16.20659714	     -4.49110763	    -14.64875266	     40.74618769	    -32.80393732	      4.05488221	     30.56308576
      1.20000000	     23.11981788	     -1.66310586	     -7.53708170	     -1.73558887	      0.97292547	      0.02899786	     -9.25914686	     -7.12548657	      0.58392594	    -59.89270797	     -2.78724728	    -28.42224127	     -2.78363982	    -26.20227580	      1.18618646	    -28.22654554	    -15.73755472	     -4.31400914	    -14.00221456	     40.92402273	    -32.96940347	      5.13128080	     30.84016982
      1.20833300	     23.10875317	     -2.07998181	     -6.86717304	     -1.72902868	      0.97346844	      0.02696936	     -8.66202508	     -6.49564277	     -0.32181600	    -59.26609473	     -2.40580244	    -28.49151274	     -2.73919878	    -26.87371524	      0.69219676	    -27.93267842	    -15.25425086	     -4.21251513	    -13.54984727	     41.16881436	    -33.02215871	      6.08871948	     30.97479937
      1.21666700	     23.20159383	     -2.56575086	     -6.23567458	     -1.72247397	      0.97405978	      0.02500305	     -8.21808730	     -5.80923160	     -1.18239238	    -58.43261065	     -2.19157482	    -28.65337539	     -2.58493265	    -27.67515439	      0.13738174	    -27.83200801	    -14.76529627	     -4.14994338	    -12.81386062	     41.31251038	    -33.20513553	      7.11166645	     31.22794904
      1.22500000	     23.24563512	     -3.08270773	     -5.69412026	     -1.71593164	      0.97449741	      0.02313407	     -7.72865883	     -5.09396542	     -1.91473014	    -57.44539882	     -2.04588885	    -28.74677283	     -1.94898325	    -28.43041729	     -0.41533868	    -27.81585993	    -14.28299016	     -3.95218810	    -12.04078187	     41.32675046	    -33.38793370	      8.21271215	     31.81559730
      1.23333300	     23.34108659	     -3.51739504	     -5.07129698	     -1.70932717	      0.97491193	      0.02132208	     -7.36394855	     -4.46396180	     -2.77790621	    -56.26613077	     -1.83683306	    -28.78240741	     -1.36783093	    -29.20675566	     -0.94205723	    -27.71188769	    -13.82329528	     -3.87415199	    -11.42738422	     41.46141164	    -33.53643397	      9.15872188	     32.00943616
      1.24166700	     23.39258487	     -3.95617517	     -4.51098722	     -1.70269529	      0.97520378	      0.01960449	     -6.96940922	     -3.83036278	     -3.54931460	    -54.93787680	     -1.78719913	    -28.80779108	     -0.40991444	    -29.95397268	     -1.44786532	    -27.62001083	    -13.32826941	     -3.73017671	    -10.66177050	     41.44631875	    -33.66294291	     10.13422975	     32.38878336
      1.25000000	     23.49776325	     -4.33674598	     -3.90728675	     -1.69603606	      0.97547976	      0.01794715	     -6.69500765	     -3.25512715	     -4.38713350	    -53.43593807	     -1.64744527	    -28.74227296	      0.37886940	    -30.72260033	     -1.93809211	    -27.52869163	    -12.88117959	     -3.66585041	    -10.01935577	     41.49686822	    -33.78928361	     11.00185488	     32.52587869
      1.25833300	     23.51618740	     -4.67250682	     -3.34637676	     -1.68936587	      0.97561646	      0.01637337	     -6.34269170	     -2.72814875	     -5.17151972	    -51.80956535	     -1.69963623	    -28.68819213	      1.73232798	    -31.39283599	     -2.37658234	    -27.39750322	    -12.42314362	     -3.57458412	     -9.31094538	     41.41026534	    -33.84588959	     11.86211965	     32.81552296
      1.26666700	     23.63280582	     -4.96326615	     -2.75885538	     -1.68270474	      0.97577275	      0.01486542	     -6.16264320	     -2.24276174	     -5.97587406	    -50.02184866	     -1.58312386	    -28.39851553	      2.61711351	    -32.14197934	     -2.79755739	    -27.29188663	    -11.99951280	     -3.55059918	     -8.74545308	     41.45516978	    -33.94525258	     12.59623021	     32.81476402
      1.27500000	     23.69284944	     -5.22799018	     -2.20794668	     -1.67601463	      0.97580218	      0.01342677	     -5.94860620	     -1.79026785	     -6.73256773	    -48.11913635	     -1.66101255	    -28.11772498	      4.13540287	    -32.82304724	     -3.18905581	    -27.18141226	    -11.58950474	     -3.46427433	     -8.10629886	     41.34423923	    -33.99148127	     13.31860484	     32.88253257
      1.28333300	     23.69186520	     -5.42010421	     -1.67540116	     -1.66929915	      0.97572825	      0.01205922	     -5.69887613	     -1.41854781	     -7.47140342	    -46.12098795	     -1.83418186	    -27.71797001	      5.88207365	    -33.42506129	     -3.51282513	    -26.98751261	    -11.17599437	     -3.41791390	     -7.57999991	     41.26775659	    -33.96438528	     13.97444065	     32.94142976
      1.29166700	     23.73825936	     -5.57448194	     -1.16369196	     -1.66255954	      0.97561444	      0.01076888	     -5.55118566	     -1.08737781	     -8.17751938	    -44.01538980	     -1.92624787	    -27.12215487	      7.49635755	    -34.06127171	     -3.80344880	    -26.84556591	    -10.80223924	     -3.40852937	     -7.09393943	     41.19673955	    -33.96209702	     14.55385203	     32.90795138
      1.30000000	     23.76729640	     -5.68276370	     -0.66532202	     -1.65579072	      0.97542624	      0.00955648	     -5.42661651	     -0.80377123	     -8.86671336	    -41.82456809	     -2.05199436	    -26.38294378	      9.21140219	    -34.66060599	     -4.06106856	    -26.67604154	    -10.45868873	     -3.41518035	     -6.65171565	     41.11113451	    -33.93205504	     15.07955964	     32.85024646
      1.30833300	     23.79417948	     -5.75325233	     -0.18390726	     -1.64897696	      0.97516341	      0.00842248	     -5.34318732	     -0.55841371	     -9.53834381	    -39.56326803	     -2.18092104	    -25.49306651	     10.92940230	    -35.24423767	     -4.29011248	    -26.49574410	    -10.14311985	     -3.43234187	     -6.25052090	     41.03712110	    -33.88402264	     15.55234580	     32.75021941
      1.31666700	     23.80886402	     -5.77711644	      0.25449763	     -1.64212296	      0.97480532	      0.00739175	     -5.28652573	     -0.35421231	    -10.14103557	    -37.26099382	     -2.06737284	    -24.18779584	     11.91623346	    -35.81076260	     -4.46321946	    -26.29277667	     -9.83641356	     -3.47862113	     -5.93856028	     41.07632413	    -33.84067154	     15.99844967	     32.76879617
      1.32500000	     23.91024212	     -5.80413154	      0.72136578	     -1.63520353	      0.97445631	      0.00642432	     -5.36987523	     -0.15247732	    -10.83181493	    -34.88726134	     -2.39918428	    -23.22322245	     14.16149252	    -36.43979386	     -4.68361215	    -26.15433943	     -9.61608977	     -3.48715829	     -5.54110583	     40.91509732	    -33.80754149	     16.32301015	     32.40024296
      1.33333300	     23.89890504	     -5.74941330	      1.19482120	     -1.62818155	      0.97395933	      0.00551959	     -5.35904188	     -0.03300747	    -11.56532398	    -32.53463286	     -2.61380484	    -21.97916072	     15.90135998	    -36.92594001	     -4.85479114	    -25.85874651	     -9.41650228	     -3.53545246	     -5.26839223	     40.88634187	    -33.65030146	     16.62623392	     32.09605037
      1.34166700	     23.94540221	     -5.67586256	      1.64265255	     -1.62111309	      0.97341468	      0.00471981	     -5.43616709	      0.07190775	    -12.28661161	    -30.20101619	     -2.76208305	    -20.55651132	     17.41544275	    -37.46620253	     -5.01183846	    -25.60055261	     -9.25224524	     -3.57594707	     -5.00529738	     40.86073752	    -33.53982855	     16.86284368	     31.72913625
      1.35000000	     23.98608131	     -5.58343178	      2.00808570	     -1.61400800	      0.97277575	      0.00402628	     -5.50519827	      0.15480096	    -12.90990490	    -27.94570566	     -2.76082164	    -18.84160707	     18.30990961	    -38.00561046	     -5.11231507	    -25.38141356	     -9.10070983	     -3.62136978	     -4.77578918	     40.90728617	    -33.49246844	     17.13777652	     31.69849136
      1.35833300	     24.12703783	     -5.44529769	      2.53785697	     -1.60675745	      0.97218630	      0.00336614	     -5.73790351	      0.21409939	    -13.83551579	    -25.70929080	     -3.03024102	    -17.39940491	     20.07759987	    -38.59983688	     -5.31496824	    -25.04958889	     -9.04076307	     -3.64944384	     -4.55512441	     40.86143302	    -33.35182648	     17.17938395	     30.77196971
      1.36666700	     24.14341939	     -5.25934578	      3.04152498	     -1.59936876	      0.97144717	      0.00281069	     -5.82765913	      0.22229091	    -14.77064188	    -23.62056495	     -3.15411756	    -15.72294300	     21.33718271	    -39.05365998	     -5.48140669	    -24.61771827	     -8.99731550	     -3.70850720	     -4.37304771	     40.86871582	    -33.09824126	     17.22415343	     30.00606998
      1.37500000	     24.22231187	     -5.07840471	      3.52015653	     -1.59194931	      0.97069663	      0.00236631	     -5.97907039	      0.24691582	    -15.69008281	    -21.65943832	     -3.26357746	    -13.99867403	     22.40574695	    -39.56581743	     -5.65971132	    -24.23829970	     -8.99476228	     -3.74984122	     -4.18949354	     40.91230438	    -32.92055314	     17.24779375	     29.25531731
      1.38333300	     24.30978990	     -4.89128474	      3.99733278	     -1.58445345	      0.96991567	      0.00202136	     -6.13292667	      0.27500324	    -16.62384480	    -19.85549909	     -3.34861572	    -12.28155579	     23.34550618	    -40.07298914	     -5.85775604	    -23.85281092	     -9.03248235	     -3.79491233	     -4.02348805	     40.98290148	    -32.74513100	     17.24742938	     28.46664521
      1.39166700	     24.39098160	     -4.70120929	      4.48020681	     -1.57686113	      0.96910432	      0.00176928	     -6.27219841	      0.30923747	    -17.57201207	    -18.22696946	     -3.40657646	    -10.62724877	     24.16812231	    -40.56016164	     -6.08301915	    -23.44883651	     -9.10625532	     -3.85724231	     -3.86526555	     41.07627387	    -32.54765538	     17.22038566	     27.60706061
      1.40000000	     24.46320982	     -4.51150688	      4.95768057	     -1.56918482	      0.96827466	      0.00161368	     -6.38788068	      0.34968830	    -18.49959323	    -16.79605595	     -3.44446497	     -9.10017816	     24.84161688	    -41.02255734	     -6.33170856	    -23.04298688	     -9.22169461	     -3.93684940	     -3.71249078	     41.19196474	    -32.34282909	     17.18250345	     26.73074493
      1.40833300	     24.58059841	     -4.35037886	      5.37329291	     -1.56147294	      0.96746749	      0.00154260	     -6.52800914	      0.41887849	    -19.29583557	    -15.57278298	     -3.46075248	     -7.76270214	     25.28796362	    -41.53558029	     -6.58115758	    -22.74437451	     -9.36012264	     -4.08754965	     -3.54008763	     41.31494256	    -32.24511753	     17.21756068	     26.12250614
      1.41666700	     24.61446692	     -4.17570289	      5.86809622	     -1.55360930	      0.96659944	      0.00154951	     -6.58396085	      0.48292296	    -20.14388018	    -14.55254963	     -3.46547577	     -6.65135910	     25.71628874	    -41.92514294	     -6.90005229	    -22.27485394	     -9.55157191	     -4.13063465	     -3.44116381	     41.46143233	    -31.97647572	     17.14398000	     25.09551790
      1.42500000	     24.68946356	     -4.06921962	      6.21900229	     -1.54574395	      0.96575583	      0.00160811	     -6.63742217	      0.59386568	    -20.69167365	    -13.77042244	     -3.43601020	     -5.85681841	     25.84596061	    -42.39060386	     -7.17619051	    -21.98453340	     -9.72270785	     -4.27332725	     -3.32048284	     41.57947215	    -31.90733509	     17.33283350	     24.90247383
      1.43333300	     24.78694461	     -3.92625624	      6.64461569	     -1.53773045	      0.96496004	      0.00174932	     -6.72877750	      0.67165829	    -21.32163343	    -13.19598977	     -3.43335158	     -5.22046375	     25.97587116	    -42.83015703	     -7.51107769	    -21.66747842	     -9.98986806	     -4.45914602	     -3.23860797	     41.75286159	    -31.75486964	     17.31385326	     24.08661183
      1.44166700	     24.80203155	     -3.87228290	      6.96555025	     -1.52966980	      0.96412455	      0.00194980	     -6.69286711	      0.82521206	    -21.60156026	    -12.84123607	     -3.46813350	     -5.22858523	     25.88959415	    -43.20132291	     -7.83466759	    -21.37384542	    -10.24216048	     -4.59596986	     -3.28244781	     41.81656805	    -31.62552660	     17.54951005	     23.93180016
      1.45000000	     24.92000807	     -3.75456555	      7.35843936	     -1.52147417	      0.96337001	      0.00224945	     -6.77799406	      0.90872642	    -22.01045054	    -12.71519368	     -3.43378613	     -5.09670066	     25.83593691	    -43.65976645	     -8.19169279	    -21.03007413	    -10.52599853	     -4.84677162	     -3.28348444	     42.05122461	    -31.49719245	     17.51886565	     23.09431129
      1.45833300	     24.94243589	     -3.72346014	      7.62543737	     -1.51319652	      0.96257171	      0.00260200	     -6.71115592	      1.04470785	    -22.09441967	    -12.82286773	     -3.49581752	     -5.48687742	     25.67957267	    -44.02596903	     -8.51639154	    -20.76558864	    -10.82949744	     -5.06831456	     -3.38393386	     42.06459288	    -31.38158506	     17.75732733	     22.99800532
      1.46666700	     25.00828124	     -3.69651646	      7.88616155	     -1.50482080	      0.96182910	      0.00302778	     -6.69095418	      1.18171556	    -22.09628412	    -13.10892199	     -3.57773199	     -6.05038521	     25.47356583	    -44.41891987	     -8.85595541	    -20.52819947	    -11.18067040	     -5.33161961	     -3.51229949	     42.11815817	    -31.30051906	     17.98279935	     22.85300495
      1.47500000	     25.05834502	     -3.68171048	      8.10794274	     -1.49632332	      0.96109908	      0.00355176	     -6.63679490	      1.31069579	    -22.01344479	    -13.58642793	     -3.69065993	     -6.73768749	     25.24179578	    -44.77887038	     -9.18643217	    -20.32243749	    -11.57735648	     -5.64551304	     -3.69867813	     42.17461054	    -31.20331166	     18.20314107	     22.73695261
      1.48333300	     25.08136654	     -3.69016931	      8.23927532	     -1.48776545	      0.96038608	      0.00423426	     -6.50977364	      1.43410793	    -21.82076211	    -14.26653152	     -3.90427267	     -7.58324376	     24.95917893	    -45.09862233	     -9.47234201	    -20.16266040	    -12.01631498	     -5.97141113	     -4.00112999	     42.24542946	    -31.10741459	     18.40138032	     22.71473841
      1.49166700	     25.07567415	     -3.72092999	      8.30434219	     -1.47911015	      0.95969602	      0.00502678	     -6.33541506	      1.56104597	    -21.50203797	    -15.07657471	     -4.19927442	     -8.51922257	     24.61643722	    -45.36539999	     -9.73137261	    -20.05425275	    -12.51537087	     -6.34022157	     -4.41035477	     42.31544010	    -31.01628472	     18.64132239	     22.89233918
      1.50000000	     25.02085655	     -3.82415433	      8.17487763	     -1.47034493	      0.95901178	      0.00600636	     -6.06607344	      1.72958586	    -20.86410907	    -16.00559781	     -4.50419364	     -9.53238410	     24.09226869	    -45.59042385	     -9.90050635	    -20.14840348	    -13.05283634	     -6.85280324	     -4.92725508	     42.47472742	    -30.98816773	     19.02610190	     23.69748967
      1.50833300	     25.02818202	     -3.99242082	      8.16038156	     -1.46149193	      0.95847089	      0.00695495	     -5.89813723	      1.99640339	    -20.36210267	    -16.91132147	     -4.99177560	    -10.43016086	     23.35834889	    -45.79971043	    -10.23124311	    -20.21051359	    -13.72578551	     -7.29841328	     -5.40686463	     42.48782958	    -31.01311139	     19.56048463	     24.52848434
      1.51666700	     25.03005150	     -4.15820727	      8.16415220	     -1.45254803	      0.95804316	      0.00802401	     -5.72120867	      2.25808056	    -19.90117272	    -17.88284821	     -5.46759059	    -11.31556621	     22.60906274	    -45.96013786	    -10.58014061	    -20.16490538	    -14.45124900	     -7.78584282	     -5.93590804	     42.39971898	    -31.00304603	     20.02725603	     25.16848932
      1.52500000	     25.00106722	     -4.37114770	      8.09580945	     -1.44358436	      0.95771549	      0.00922023	     -5.50135759	      2.56165833	    -19.25123190	    -18.88606104	     -5.90150498	    -12.18629185	     21.74072297	    -46.02357348	    -10.92463676	    -20.18270761	    -15.30920413	     -8.30494699	     -6.55807759	     42.24863172	    -31.02088636	     20.55979312	     26.05756473
      1.53333300	     24.95899872	     -4.60541938	      8.00368322	     -1.43459523	      0.95753151	      0.01054216	     -5.27452802	      2.89730778	    -18.48664401	    -19.91565221	     -6.28018868	    -13.10176370	     20.88023066	    -46.00161088	    -11.28402405	    -20.17548604	    -16.28176465	     -8.87444842	     -7.20499105	     42.00694830	    -31.05341655	     21.10193693	     27.00248821
      1.54166700	     24.92855233	     -4.87460139	      7.90309413	     -1.42557796	      0.95747991	      0.01195097	     -5.07308730	      3.29071308	    -17.64014419	    -20.96866465	     -6.53445154	    -14.05066158	     19.99805461	    -45.90678721	    -11.68833421	    -20.17617836	    -17.40226589	     -9.44797641	     -7.86505698	     41.70496837	    -31.13309745	     21.70953434	     28.10007417
      1.55000000	     24.92814008	     -5.12082595	      7.84055632	     -1.41651846	      0.95763094	      0.01345317	     -4.95282108	      3.69466966	    -16.83988944	    -21.98848304	     -6.80814495	    -15.07058558	     19.18031138	    -45.74773760	    -12.13085469	    -20.08539263	    -18.64905033	    -10.13966138	     -8.47710761	     41.31146418	    -31.21675156	     22.24667278	     29.02825206
      1.55833300	     24.96564316	     -5.29688472	      7.90342692	     -1.40735413	      0.95792213	      0.01505392	     -4.94891763	      4.07358581	    -16.26060934	    -22.94635312	     -7.05081555	    -16.21648000	     18.66686640	    -45.49125853	    -12.65225610	    -19.82205434	    -20.07293876	    -10.84393081	     -9.09981988	     40.85846116	    -31.16246932	     22.50789465	     29.12945699
      1.56666700	     24.96502601	     -5.52247503	      7.83154269	     -1.39814256	      0.95822803	      0.01680038	     -4.95136003	      4.51939592	    -15.47467062	    -23.81620009	     -7.12544801	    -17.21600775	     17.83304514	    -45.12808682	    -13.13052697	    -19.68405335	    -21.64202965	    -11.60931485	     -9.65514833	     40.07153319	    -31.17399448	     22.87753443	     29.73350627
      1.57500000	     25.07011415	     -5.67539233	      7.96791936	     -1.38891376	      0.95869595	      0.01850687	     -5.17696563	      4.94312077	    -15.06071061	    -24.51840242	     -7.27428833	    -18.17767657	     17.37371768	    -44.70276376	    -13.74801141	    -19.32676769	    -23.39120070	    -12.44279707	    -10.25035365	     39.49975713	    -31.14283657	     23.10124015	     29.68784640
      1.58333300	     25.05311971	     -5.74535828	      7.92061393	     -1.37976701	      0.95910714	      0.02051464	     -5.29918007	      5.27517678	    -14.41855153	    -25.20613037	     -7.13351641	    -19.00270839	     16.64606897	    -44.06527363	    -14.16388386	    -18.89200219	    -25.26812906	    -13.25755429	    -10.63655297	     38.20064604	    -31.04271758	     23.10845453	     29.69998285
      1.59166700	     25.06798124	     -5.76719036	      7.94941243	     -1.37071155	      0.95960936	      0.02251606	     -5.52589869	      5.57851595	    -13.95545721	    -25.78300185	     -7.01580256	    -19.74025209	     16.13179941	    -43.31173636	    -14.61174454	    -18.31105833	    -27.30131855	    -14.09016418	    -11.01606124	     36.86601690	    -30.94350329	     23.06616313	     29.54364864
      1.60000000	     25.04133210	     -5.73703074	      7.98501359	     -1.36175746	      0.96012173	      0.02455897	     -5.75555928	      5.82892185	    -13.56294318	    -26.30196711	     -6.82225665	    -20.39496948	     15.71271941	    -42.38274542	    -15.01616018	    -17.58873376	    -29.47544769	    -14.83827202	    -11.27091652	     35.11966466	    -30.78253140	     22.92542082	     29.23373791
      1.60833300	     24.98990901	     -5.67179292	      8.08122030	     -1.35290826	      0.96063546	      0.02656871	     -6.00432265	      6.04734089	    -13.31656856	    -26.76040940	     -6.56627518	    -21.01056692	     15.34519032	    -41.28678010	    -15.42333345	    -16.71879396	    -31.78831168	    -15.41817643	    -11.39140780	     33.02207792	    -30.56034646	     22.71837917	     28.72115606
      1.61666700	     24.89687601	     -5.53341321	      8.18751967	     -1.34421944	      0.96123784	      0.02857895	     -6.26801572	      6.19703303	    -13.07871538	    -27.12093063	     -6.34895679	    -21.67540252	     14.98526427	    -40.02521752	    -15.73771422	    -15.67165736	    -34.16618730	    -16.00282766	    -11.56608533	     30.94400806	    -30.30192307	     22.41468032	     28.13090173
      1.62500000	     24.83444584	     -5.38116769	      8.49748163	     -1.33559219	      0.96184092	      0.03037431	     -6.63818269	      6.35641173	    -13.14408011	    -27.35915535	     -6.02353577	    -22.18386785	     14.60813348	    -38.63445736	    -16.15107902	    -14.43848967	    -36.66303434	    -16.27331615	    -11.64478180	     28.62532747	    -29.97070764	     22.09124189	     27.10663658
      1.63333300	     24.74075309	     -5.19212773	      8.83719877	     -1.32705594	      0.96248437	      0.03209546	     -7.03755102	      6.47728922	    -13.25602609	    -27.48690374	     -5.72475173	    -22.63188775	     14.34323976	    -37.10749241	    -16.49470155	    -13.12908228	    -39.19526838	    -16.46933255	    -11.90729335	     26.41660050	    -29.58625917	     21.67011886	     25.89105738
      1.64166700	     24.63080533	     -4.96939233	      9.23957098	     -1.31859929	      0.96314774	      0.03367334	     -7.47576267	      6.55435178	    -13.51466662	    -27.52036251	     -5.45168553	    -22.97760928	     14.24923128	    -35.46668995	    -16.78614857	    -11.75207893	    -41.73762458	    -16.52860938	    -12.28168111	     24.23403356	    -29.16146131	     21.17783844	     24.45977536
      1.65000000	     24.55423538	     -4.70022535	      9.73701515	     -1.31024091	      0.96384202	      0.03507266	     -8.00250632	      6.58306718	    -13.98671219	    -27.47154069	     -5.18691492	    -23.22899358	     14.35127048	    -33.77240080	    -17.02797383	    -10.29058199	    -44.25914372	    -16.40559993	    -12.75909971	     22.08225478	    -28.73650494	     20.59448409	     22.74228725
      1.65833300	     24.46686375	     -4.40584358	     10.18652046	     -1.30196313	      0.96454127	      0.03639331	     -8.54386988	      6.56171934	    -14.47587326	    -27.38595588	     -4.92989845	    -23.40266474	     14.59767095	    -32.04567035	    -17.14653696	     -8.92743698	    -46.69883226	    -16.16325767	    -13.45348358	     19.97800166	    -28.33853294	     19.93289403	     21.00506718
      1.66666700	     24.39749276	     -4.08203673	     10.55545743	     -1.29377236	      0.96528212	      0.03766405	     -9.12590218	      6.48806746	    -14.93649874	    -27.27427852	     -4.66835033	    -23.50416972	     14.90451161	    -30.35690929	    -17.12618411	     -7.71121139	    -49.00232101	    -15.78207815	    -14.32261282	     17.85810955	    -28.00897246	     19.19432731	     19.32577979
      1.67500000	     24.35756097	     -3.71243034	     10.82486962	     -1.28567416	      0.96610091	      0.03891227	     -9.75943500	      6.34746832	    -15.33640192	    -27.14388372	     -4.40445687	    -23.56074659	     15.23001794	    -28.75120432	    -16.94774778	     -6.65969772	    -51.11782400	    -15.23708137	    -15.32004215	     15.73124288	    -27.77640675	     18.36426822	     17.73489847
      1.68333300	     24.33876387	     -3.29886564	     10.96005675	     -1.27764882	      0.96700607	      0.04017262	    -10.43240327	      6.13512150	    -15.62379719	    -26.99969517	     -4.13101990	    -23.57885158	     15.55593485	    -27.25228139	    -16.60110838	     -5.80737303	    -53.01196087	    -14.53602810	    -16.41570799	     13.65835840	    -27.63299939	     17.44327784	     16.29230626
      1.69166700	     24.27103299	     -2.88561062	     10.73922848	     -1.26964742	      0.96795247	      0.04160375	    -11.03188745	      5.83232882	    -15.49800530	    -26.89974457	     -3.80828864	    -23.52104052	     15.89096543	    -25.88525556	    -16.02711373	     -5.40815996	    -54.62257409	    -13.84290909	    -17.76177432	     12.13497810	    -27.57809143	     16.51544671	     15.53355156
      1.70000000	     24.35001985	     -2.37290566	     10.83003148	     -1.26173405	      0.96905423	      0.04280030	    -11.87704820	      5.52646673	    -15.83510296	    -26.65646054	     -3.57161015	    -23.52056598	     16.19287577	    -24.60314516	    -15.49518259	     -4.71601912	    -56.07511565	    -12.75156226	    -18.65416928	     10.00250863	    -27.56385461	     15.35740513	     13.83023860
      1.70833300	     24.40725418	     -1.80898133	     10.50005528	     -1.25385750	      0.97024447	      0.04424718	    -12.67288033	      5.04687171	    -15.73256851	    -26.48211261	     -3.26552926	    -23.34754507	     16.56977321	    -23.52545326	    -14.67854372	     -4.49835203	    -57.18154989	    -11.87354851	    -19.80021513	      8.83251167	    -27.68353276	     14.12260833	     12.87066417
      1.71666700	     24.44805281	     -1.24736179	     10.27642887	     -1.24597875	      0.97142184	      0.04561498	    -13.48532755	      4.60020562	    -15.78863587	    -26.23041780	     -2.99164251	    -23.27597804	     16.89391995	    -22.40818606	    -13.90905743	     -4.25543582	    -58.12525283	    -10.95199368	    -20.82067256	      7.65012656	    -27.73370834	     12.79406770	     11.49652759
      1.72500000	     24.51218718	     -0.62467966	      9.87722894	     -1.23812028	      0.97267381	      0.04710707	    -14.32826097	      4.03229636	    -15.71867264	    -25.98055607	     -2.68824779	    -23.06892323	     17.28315354	    -21.44030524	    -12.99974654	     -4.23007476	    -58.76880471	    -10.15772874	    -21.80525285	      7.02112837	    -27.85327189	     11.31817076	     10.23786332
      1.73333300	     24.64613617	     -0.03026948	      9.35650728	     -1.23033191	      0.97401261	      0.04854424	    -15.24042222	      3.44689963	    -15.56647558	    -25.70099647	     -2.42221345	    -22.79611330	     17.63162123	    -20.62940064	    -12.07620230	     -4.43379047	    -59.15023360	     -9.49894667	    -22.88586095	      6.71374231	    -28.09667719	     10.06434034	      9.65422404
      1.74166700	     24.70065336	      0.67514323	      8.95965641	     -1.22247323	      0.97526304	      0.05010630	    -16.11185744	      2.77270297	    -15.65041428	    -25.38266647	     -2.09761087	    -22.46528765	     18.08847225	    -19.72360302	    -11.10523559	     -4.51129545	    -59.32586831	     -8.87511973	    -23.70828811	      6.65927899	    -28.18480858	      8.23441379	      7.76354234
      1.75000000	     24.80122242	      1.33620592	      8.45637692	     -1.21465880	      0.97655416	      0.05161643	    -17.02191742	      2.10006874	    -15.64868130	    -25.03313058	     -1.83387863	    -22.13763963	     18.53796329	    -18.94186677	    -10.15022124	     -4.80843051	    -59.24743735	     -8.41428991	    -24.65380367	      7.06693894	    -28.35948950	      6.61820663	      6.45175516
      1.75833300	     24.91168266	      2.02781996	      7.98391395	     -1.20684716	      0.97781797	      0.05312458	    -17.95994593	      1.39586433	    -15.74713878	    -24.65048670	     -1.56051499	    -21.73067136	     18.98799290	    -18.20120018	     -9.18714977	     -5.12145366	    -58.95599069	     -7.99656406	    -25.50040744	      7.61865718	    -28.53717680	      4.87069395	      4.84876935
      1.76666700	     25.04536257	      2.51856915	      7.21435737	     -1.19910164	      0.97904439	      0.05460885	    -18.83826186	      0.78122272	    -15.41127780	    -24.28249562	     -1.36827585	    -21.43887306	     19.34480119	    -17.60693595	     -8.33648332	     -5.90403696	    -58.43282149	     -7.43985938	    -26.13276435	      7.80478287	    -28.75877129	      3.67191068	      4.62924783
      1.77500000	     25.22648997	      3.42450820	      7.06010304	     -1.19129883	      0.98026120	      0.05608210	    -19.96594170	     -0.02723522	    -16.09716562	    -23.77635336	     -1.10061267	    -20.93457648	     19.90735948	    -16.92930591	     -7.30823713	     -5.93583557	    -57.78086666	     -7.30338317	    -26.96282239	      9.16989513	    -29.02807980	      1.20813426	      1.18196791
      1.78333300	     25.30021183	      4.11188110	      6.59245183	     -1.18345875	      0.98127317	      0.05740000	    -20.87997024	     -0.78570450	    -16.35926076	    -23.32560275	     -0.79205940	    -20.18258383	     20.45301971	    -16.26144527	     -6.36964164	     -6.44532935	    -56.92639312	     -7.01217763	    -27.62643138	     10.09874034	    -29.18147430	     -0.51071792	     -0.40597878
      1.79166700	     25.45031403	      4.75199111	      6.10609927	     -1.17568959	      0.98226988	      0.05870718	    -21.86129413	     -1.49352520	    -16.60412937	    -22.86133188	     -0.55049642	    -19.55485064	     20.97606598	    -15.72155018	     -5.50161898	     -7.05935796	    -55.87974519	     -6.77321608	    -28.20801886	     11.01576581	    -29.43633384	     -2.19757062	     -2.02296459
      1.80000000	     25.68027053	      5.26009605	      5.43802779	     -1.16797965	      0.98325548	      0.05988656	    -22.87971174	     -2.15623171	    -16.61389891	    -22.38534763	     -0.35354017	    -18.92696640	     21.39800390	    -15.35999441	     -4.71451659	     -7.96470607	    -54.61768777	     -6.47791238	    -28.65928810	     11.51307347	    -29.72094127	     -3.38207930	     -2.45854086
      1.80833300	     25.78209484	      5.77380779	      4.91499357	     -1.16015756	      0.98402318	      0.06110149	    -23.78134065	     -2.78341070	    -16.82716359	    -21.89907540	     -0.16065899	    -18.25672618	     21.85544586	    -14.85621071	     -3.99793507	     -8.79459410	    -53.22336149	     -6.42902421	    -29.16981711	     13.01627335	    -29.88913952	     -4.87157540	     -3.79145650
      1.81666700	     26.02178709	      6.20760183	      4.27832521	     -1.15244465	      0.98479688	      0.06212490	    -24.79919474	     -3.39802694	    -16.94050433	    -21.40427707	      0.04006740	    -17.48601215	     22.29314390	    -14.58435422	     -3.31280613	     -9.77637343	    -51.63431994	     -6.21481228	    -29.37278478	     13.68433138	    -30.15056447	     -5.91332214	     -4.11281712
      1.82500000	     26.20261380	      6.58470126	      3.65915697	     -1.14467845	      0.98540471	      0.06310827	    -25.74088817	     -3.96783766	    -17.06004459	    -20.91363006	      0.23630101	    -16.70611816	     22.70493906	    -14.28638924	     -2.70514149	    -10.81194743	    -49.90301853	     -6.14692296	    -29.54750483	     14.99170418	    -30.33224857	     -6.93107485	     -4.50225242
      1.83333300	     26.33981241	      6.88825621	      3.04565034	     -1.13686823	      0.98585729	      0.06402186	    -26.61074113	     -4.48480689	    -17.18677955	    -20.44864062	      0.40013461	    -15.95561456	     23.08287243	    -13.98398875	     -2.18253950	    -11.91657582	    -48.04802014	     -6.12911337	    -29.56984912	     16.52174871	    -30.44097895	     -7.85955102	     -4.81689632
      1.84166700	     26.53490173	      7.15158589	      2.45110162	     -1.12911704	      0.98623667	      0.06477721	    -27.55524085	     -4.96347554	    -17.30961025	    -19.93860801	      0.56879352	    -15.11850627	     23.46253211	    -13.79580542	     -1.68635361	    -12.97963584	    -46.04885259	     -6.10238188	    -29.29813373	     17.97502259	    -30.59056461	     -8.59145102	     -4.81017021
      1.85000000	     26.71807905	      7.34992305	      1.85863982	     -1.12133794	      0.98647745	      0.06543603	    -28.47026693	     -5.39903970	    -17.43391344	    -19.44455105	      0.71493087	    -14.27736640	     23.82832686	    -13.64597718	     -1.25368053	    -14.08891660	    -43.93183176	     -6.12755763	    -28.85565097	     19.66989721	    -30.69887278	     -9.20171276	     -4.65146126
      1.85833300	     26.89875164	      7.48946001	      1.28793573	     -1.11356596	      0.98658758	      0.06597652	    -29.37400921	     -5.78513531	    -17.55795804	    -18.95552854	      0.84878936	    -13.42578316	     24.19319093	    -13.53861017	     -0.87298694	    -15.19499665	    -41.71220377	     -6.18833958	    -28.19233005	     21.46170725	    -30.78947142	     -9.68445886	     -4.35839002
      1.86666700	     27.01837712	      7.54592295	      0.65875919	     -1.10574350	      0.98654411	      0.06645752	    -30.17173632	     -6.14641727	    -17.54794555	    -18.50704469	      0.96256530	    -12.64826716	     24.55126905	    -13.42122111	     -0.54800655	    -16.42784438	    -39.40298281	     -6.35916379	    -27.51673088	     23.55892132	    -30.77400095	    -10.04181602	     -3.79041998
      1.87500000	     27.18569271	      7.55385532	      0.07743728	     -1.09799300	      0.98640909	      0.06677273	    -31.02626829	     -6.45331295	    -17.55056295	    -18.04642306	      1.08107442	    -11.81931843	     24.90990335	    -13.39627010	     -0.25751470	    -17.57780285	    -37.01185973	     -6.48834932	    -26.43002964	     25.44483697	    -30.80874936	    -10.21659735	     -3.02780632
      1.88333300	     27.31427196	      7.56093591	     -0.36065615	     -1.09024388	      0.98609941	      0.06698382	    -31.86200171	     -6.69537540	    -17.68994151	    -17.59053688	      1.18496713	    -10.95010867	     25.24962885	    -13.34976568	      0.02127841	    -18.51928709	    -34.58589317	     -6.45971787	    -24.77782192	     26.67608708	    -30.83976738	    -10.51873200	     -2.81233076
      1.89166700	     27.48547795	      7.47026711	     -0.94069996	     -1.08247503	      0.98574151	      0.06706060	    -32.68511490	     -6.95584575	    -17.64059860	    -17.18755764	      1.25855534	    -10.20436101	     25.64841283	    -13.40763857	      0.24518038	    -19.75634321	    -32.10158759	     -6.79966770	    -23.59750788	     29.05367102	    -30.84692387	    -10.40446255	     -1.56779071
      1.90000000	     27.65491289	      7.27537736	     -1.53272710	     -1.07476762	      0.98526002	      0.06699540	    -33.47393939	     -7.15012252	    -17.44371618	    -16.81638265	      1.33952951	     -9.47275401	     25.96922291	    -13.50076075	      0.39629272	    -20.99629831	    -29.61108858	     -6.99726392	    -21.83846112	     30.74116885	    -30.85550079	    -10.07815789	     -0.02550102
      1.90833300	     27.79844743	      7.06366394	     -2.05329463	     -1.06704555	      0.98464486	      0.06682752	    -34.23593363	     -7.30752490	    -17.28062222	    -16.47165539	      1.43133318	     -8.76110309	     26.27541321	    -13.56959059	      0.52821030	    -22.15987966	    -27.16631254	     -7.24718081	    -19.89116662	     32.26079582	    -30.86182915	     -9.75850849	      1.33100723
      1.91666700	     27.85395860	      6.95925741	     -2.29405632	     -1.05925000	      0.98380761	      0.06658175	    -34.96707961	     -7.40056748	    -17.45080097	    -16.13292642	      1.55832624	     -7.99423454	     26.54952159	    -13.49881712	      0.71024770	    -22.89162862	    -24.82892470	     -7.43334657	    -17.70652702	     33.29309424	    -30.82791619	     -9.85219285	      1.45092273
      1.92500000	     28.03480035	      6.55142894	     -2.98946266	     -1.05153589	      0.98306849	      0.06611440	    -35.66337614	     -7.54894648	    -16.91898716	    -15.90552449	      1.56426596	     -7.47492881	     26.92179021	    -13.66038834	      0.72706865	    -24.36499918	    -22.50952272	     -7.80440860	    -15.77138140	     35.18570156	    -30.86033094	     -8.91662558	      4.13294256
      1.93333300	     28.09118446	      6.40827388	     -3.15463982	     -1.04374536	      0.98203859	      0.06563348	    -36.35452882	     -7.59457727	    -17.08067913	    -15.67955967	      1.70240811	     -6.80879752	     27.11942920	    -13.58033746	      0.87680414	    -24.94707438	    -20.38545596	     -8.01593348	    -13.52683505	     36.01213006	    -30.84732619	     -8.90717772	      4.25150909
      1.94166700	     28.27530102	      5.91361773	     -3.80964288	     -1.03613099	      0.98115148	      0.06490841	    -37.00131960	     -7.68275383	    -16.39907132	    -15.55275651	      1.75218311	     -6.46047100	     27.44651103	    -13.72681982	      0.82368941	    -26.30059953	    -18.35172562	     -8.30576116	    -11.36791869	     37.32384122	    -30.97127658	     -7.72899071	      7.24424418
      1.95000000	     28.33190226	      5.74261191	     -4.02548124	     -1.02830521	      0.98001927	      0.06430139	    -37.63467051	     -7.75809470	    -16.37840749	    -15.41867447	      1.84118739	     -6.01357503	     27.54704798	    -13.64101366	      0.96698807	    -26.89266501	    -16.53995283	     -8.53605531	     -9.28342658	     37.98360399	    -30.95650092	     -7.62968660	      7.61061258
      1.95833300	     28.38183256	      5.34662459	     -4.40248526	     -1.02062573	      0.97891209	      0.06342537	    -38.14088406	     -7.77654946	    -15.94319669	    -15.40037128	      1.87393429	     -5.78051225	     27.80846122	    -13.57364391	      0.93369493	    -27.68221203	    -14.90348448	     -8.72067193	     -7.32549998	     38.80587837	    -31.00386859	     -6.75833079	      9.60030902
      1.96666700	     28.32946005	      5.20765912	     -4.49556894	     -1.01273371	      0.97762241	      0.06269968	    -38.61539791	     -7.80924624	    -15.93849368	    -15.38966451	      1.99388333	     -5.50869132	     27.89975731	    -13.33085452	      1.05627886	    -27.93317277	    -13.50100142	     -8.92273097	     -5.70663394	     39.31287065	    -30.88285287	     -6.73940626	      9.62609082
      1.97500000	     28.41306379	      4.99628780	     -4.83575780	     -1.00489965	      0.97647326	      0.06196256	    -39.13692380	     -7.96700513	    -15.63196266	    -15.47449856	      2.04667387	     -5.40846450	     28.09669719	    -13.28637773	      1.18489800	    -28.47267110	    -12.25127521	     -9.14387497	     -4.27610737	     39.59465003	    -30.93126716	     -6.47097338	     10.52771894
      1.98333300	     28.33061456	      4.84443702	     -4.93316900	     -0.99693499	      0.97516332	      0.06113833	    -39.50694614	     -8.00390680	    -15.52109554	    -15.59835602	      2.14856796	     -5.32770417	     28.18230090	    -13.00737215	      1.26217740	    -28.58329705	    -11.29071834	     -9.27205962	     -3.17655173	     39.92819649	    -30.79104698	     -6.37364416	     10.70727453
      1.99166700	     28.33625881	      4.72402300	     -5.18142213	     -0.98891285	      0.97395456	      0.06039688	    -39.90504853	     -8.18148508	    -15.30456759	    -15.81740849	      2.20450588	     -5.38490869	     28.29354623	    -12.85325321	      1.40484196	    -28.83847976	    -10.52575081	     -9.43789916	     -2.35913297	     40.06864273	    -30.72871572	     -6.38204641	     10.97354070
      2.00000000	     28.38105477	      4.45752941	     -5.54310493	     -0.98089684	      0.97284980	      0.05947111	    -40.29407574	     -8.32749755	    -14.80040985	    -16.05504788	      2.16255702	     -5.61673202	     28.54535262	    -12.77170812	      1.41143445	    -29.24400216	     -9.99593037	     -9.51860853	     -1.60457850	     40.19540225	    -30.77341236	     -5.84775894	     12.41972317
      2.00833300	     28.34041610	      4.39500018	     -5.77481872	     -0.97270206	      0.97167450	      0.05870669	    -40.60782856	     -8.54307900	    -14.52891036	    -16.35393489	      2.25054176	     -5.78954042	     28.54926152	    -12.56806499	      1.56022289	    -29.27459377	     -9.70530459	     -9.69069634	     -1.54089582	     40.18156709	    -30.64127514	     -5.98332694	     12.45713107
      2.01666700	     28.33344232	      4.32328355	     -6.05155281	     -0.96436182	      0.97055445	      0.05796906	    -40.92641158	     -8.78721965	    -14.22464189	    -16.71057123	      2.25709677	     -6.05067911	     28.56815019	    -12.41101279	      1.67209788	    -29.38853613	     -9.66882942	     -9.78639009	     -1.53282832	     40.19378449	    -30.51982541	     -6.15992182	     12.50806284
      2.02500000	     28.34172099	      4.25088393	     -6.34245513	     -0.95591383	      0.96949762	      0.05718752	    -41.23932990	     -9.04696613	    -13.87695620	    -17.10618120	      2.20718670	     -6.39049589	     28.61235518	    -12.27923393	      1.75962514	    -29.49145490	     -9.85815099	     -9.87513440	     -1.68178007	     40.22560243	    -30.40782239	     -6.32374505	     12.57990669
      2.03333300	     28.35922001	      4.18962342	     -6.64853301	     -0.94735916	      0.96850542	      0.05636834	    -41.52952013	     -9.33468125	    -13.50940297	    -17.56388535	      2.11612946	     -6.81133683	     28.66554679	    -12.17061933	      1.84309861	    -29.56671806	    -10.23863315	     -9.96317935	     -2.01446798	     40.26055587	    -30.29293719	     -6.50012091	     12.66617753
      2.04166700	     28.36326528	      4.09015364	     -6.91373407	     -0.93876581	      0.96763087	      0.05542369	    -41.76617915	     -9.56642943	    -13.10445053	    -18.09121793	      1.88717578	     -7.47060063	     28.86616284	    -12.05686648	      1.85998363	    -29.54302998	    -10.78505381	    -10.15649367	     -2.67250418	     40.55864229	    -30.18418753	     -6.54130241	     12.92039906
      2.05000000	     28.41315755	      4.04953358	     -7.27791643	     -0.92998700	      0.96680099	      0.05454334	    -42.00550088	     -9.93927175	    -12.69514517	    -18.69986478	      1.72658528	     -7.90065204	     28.88758184	    -12.03480232	      1.95808944	    -29.61048744	    -11.42950172	    -10.26088045	     -3.16606406	     40.50348287	    -30.06758545	     -6.79403432	     12.97658553
      2.05833300	     28.45072294	      4.01732193	     -7.60793712	     -0.92113676	      0.96608551	      0.05356437	    -42.19742700	    -10.29708718	    -12.27113470	    -19.37028569	      1.48463741	     -8.48823056	     28.89894688	    -12.00910227	      2.04938659	    -29.60346555	    -12.17667952	    -10.43715284	     -3.83641325	     40.43938971	    -29.93354814	     -7.02313120	     13.02864888
      2.06666700	     28.49082151	      4.00624438	     -7.93960384	     -0.91219337	      0.96549311	      0.05250471	    -42.34283910	    -10.68625809	    -11.84191952	    -20.12340834	      1.17714342	     -9.12311714	     28.91682201	    -12.00552481	      2.16107869	    -29.59140371	    -12.97634612	    -10.66117162	     -4.54760651	     40.31725777	    -29.79080794	     -7.27189595	     13.06572451
      2.07500000	     28.51480402	      4.01570083	     -8.23262065	     -0.90318734	      0.96505715	      0.05131987	    -42.42277807	    -11.07252799	    -11.42231565	    -20.95462857	      0.73846911	     -9.88664778	     29.04019925	    -11.99205204	      2.28180267	    -29.51876230	    -13.80777838	    -10.92213765	     -5.36355932	     40.14202254	    -29.63018587	     -7.49348436	     13.11360063
      2.08333300	     28.59551381	      4.07754480	     -8.66852502	     -0.89408059	      0.96478727	      0.05021083	    -42.45730509	    -11.62838189	    -10.93404395	    -21.93279909	      0.34936193	    -10.48051770	     28.99184896	    -12.09909635	      2.49948202	    -29.62118649	    -14.55656566	    -11.20669763	     -5.89881230	     39.78162666	    -29.48099111	     -7.89481122	     13.09731270
      2.09166700	     28.65062537	      4.15435921	     -9.07885936	     -0.88499114	      0.96471383	      0.04899271	    -42.37458073	    -12.18336345	    -10.41150781	    -23.04057769	     -0.14710972	    -11.17354573	     28.94197322	    -12.19255683	      2.73131580	    -29.62301123	    -15.28033478	    -11.51181053	     -6.54834787	     39.32308025	    -29.30996908	     -8.27418325	     13.08369065
      2.10000000	     28.64222715	      4.24403959	     -9.39656471	     -0.87590917	      0.96481368	      0.04760107	    -42.13731565	    -12.68845328	     -9.92677066	    -24.28146288	     -0.83472802	    -11.98049129	     29.03087415	    -12.22206170	      2.95874407	    -29.43225797	    -16.00984674	    -11.80321529	     -7.37246754	     38.77031942	    -29.08502088	     -8.58528060	     13.05307965
      2.10833300	     28.66845033	      4.36631587	     -9.80400379	     -0.86680737	      0.96507778	      0.04623469	    -41.80677068	    -13.30287055	     -9.37390589	    -25.68638598	     -1.53359702	    -12.65546660	     29.01152687	    -12.34847892	      3.26552578	    -29.33816225	    -16.65884185	    -12.11669700	     -8.10418464	     38.38994866	    -28.86856414	     -8.99911217	     12.99008523
      2.11666700	     28.66241750	      4.49123623	    -10.16487004	     -0.85774342	      0.96546447	      0.04474999	    -41.32609338	    -13.89668684	     -8.83707736	    -27.25222847	     -2.33412103	    -13.32262833	     28.99783742	    -12.47298419	      3.58716154	    -29.17264106	    -17.27866574	    -12.37895534	     -8.93076909	     38.17172965	    -28.63104361	     -9.35903141	     12.94305690
      2.12500000	     28.68333312	      4.62652445	    -10.52886108	     -0.84867020	      0.96593723	      0.04320668	    -40.75564703	    -14.52288224	     -8.33485268	    -28.97551787	     -3.18731620	    -13.90949904	     28.88348369	    -12.68549434	      3.95055576	    -29.08778112	    -17.82678544	    -12.56331416	     -9.56411868	     38.03089762	    -28.41632640	     -9.70661346	     12.94082418
      2.13333300	     28.60769343	      4.66948373	    -10.80028055	     -0.83970092	      0.96649265	      0.04142831	    -39.96820493	    -15.00277074	     -7.73519938	    -30.80701162	     -4.31320916	    -14.58310888	     29.10793777	    -12.84586907	      4.23410834	    -28.85148503	    -18.30803144	    -12.63637238	    -10.52348019	     38.19979920	    -28.15350342	     -9.79122595	     13.14719983
      2.14166700	     28.63421094	      4.71182592	    -11.17488315	     -0.83075642	      0.96709832	      0.03973404	    -39.15367617	    -15.56928196	     -7.07376846	    -32.77838477	     -5.38138567	    -15.05594989	     28.95125433	    -13.20598064	      4.58810605	    -28.82301620	    -18.64202824	    -12.59864253	    -10.95313963	     38.05192184	    -27.97340623	     -9.99195224	     13.22226452
      2.15000000	     28.69789566	      4.36429654	    -11.83089915	     -0.82221107	      0.96793281	      0.03769907	    -38.09408040	    -16.00038701	     -5.76418698	    -34.90325385	     -6.81650735	    -15.90981261	     29.55469105	    -13.74000695	      4.69136077	    -29.25425369	    -18.86560446	    -12.37315571	    -11.37631008	     38.07102207	    -28.07239539	     -8.97963674	     15.81953949
      2.15833300	     28.64567991	      4.16533635	    -12.35288404	     -0.81367224	      0.96862959	      0.03576422	    -36.85637295	    -16.40591347	     -4.61093263	    -37.11800366	     -7.94957415	    -16.19590665	     28.68464385	    -14.15468969	      4.90775898	    -29.47534604	    -19.01013532	    -12.10390986	    -11.67333668	     37.76064368	    -28.00671740	     -8.38285467	     17.47867765
      2.16666700	     28.63108044	      3.92025977	    -12.93916999	     -0.80527419	      0.96939037	      0.03386869	    -35.53041990	    -16.78261819	     -3.36596077	    -39.37343308	     -9.31686862	    -16.81352266	     28.58340995	    -14.66805930	      5.12253727	    -29.85686956	    -19.05383411	    -11.91282763	    -12.05019159	     37.75646561	    -28.02296385	     -7.75203461	     19.24354090
      2.17500000	     28.57917383	      3.68730829	    -13.49656735	     -0.79700136	      0.97008289	      0.03208369	    -34.09874417	    -17.07518455	     -2.09949003	    -41.65616323	    -10.36118501	    -17.09156141	     27.42230596	    -15.16490175	      5.33775175	    -30.22812621	    -19.05020293	    -11.66361358	    -12.29356206	     37.67767829	    -27.99550690	     -7.27720579	     20.60794004
      2.18333300	     28.48313314	      3.54025795	    -13.99115708	     -0.78878957	      0.97068250	      0.03035033	    -32.56201248	    -17.34932958	     -0.99047620	    -43.95315173	    -11.27925402	    -17.67965310	     26.27633747	    -15.62256596	      5.62466094	    -30.51548698	    -18.97983594	    -11.40165395	    -12.55710652	     37.79209144	    -27.91368580	     -6.90466150	     21.79782487
      2.19166700	     28.40874307	      3.38465270	    -14.45570316	     -0.78071965	      0.97129356	      0.02875146	    -31.02592609	    -17.52877450	      0.08444373	    -46.19061884	    -11.84268230	    -18.25695772	     24.55250370	    -16.13135038	      5.89551798	    -30.83158657	    -18.85240712	    -11.18019294	    -12.69458517	     37.83906948	    -27.84496956	     -6.64907627	     22.64375280
      2.20000000	     28.32054258	      3.24655703	    -14.85543284	     -0.77272664	      0.97189151	      0.02721443	    -29.47487508	    -17.63181492	      1.02220971	    -48.33752799	    -12.05580208	    -18.97939827	     22.39006957	    -16.64168003	      6.16282477	    -31.11002829	    -18.67399348	    -11.00425876	    -12.77422705	     37.91911560	    -27.76853391	     -6.41381743	     23.36046593
      2.20833300	     28.25219604	      3.11070775	    -15.19017144	     -0.76481943	      0.97246856	      0.02574159	    -27.97040199	    -17.66000090	      1.80604431	    -50.35524413	    -11.83927312	    -19.86870426	     19.82583790	    -17.18171820	      6.41446456	    -31.35824134	    -18.47671057	    -10.75418199	    -12.80913270	     38.01562267	    -27.72817233	     -6.18407069	     23.97087218
      2.21666700	     28.13802636	      2.97143478	    -15.36612958	     -0.75694122	      0.97304617	      0.02425873	    -26.49039832	    -17.55746766	      2.34964490	    -52.19260259	    -11.39773857	    -21.05459205	     17.34796318	    -17.67875205	      6.59444196	    -31.44053347	    -18.27049869	    -10.51642893	    -12.78299720	     38.18109107	    -27.64998390	     -5.90851499	     24.37721430
      2.22500000	     28.17550913	      2.76315264	    -15.58709695	     -0.74922698	      0.97374280	      0.02286210	    -25.20035275	    -17.42703554	      2.86685952	    -53.83934378	    -10.60943138	    -22.05328019	     14.51218100	    -18.36965517	      6.76153210	    -31.67044715	    -18.03032992	    -10.31163579	    -12.78310007	     38.30628923	    -27.76882795	     -5.60615485	     24.84643258
      2.23333300	     28.15600761	      2.53805651	    -15.59645499	     -0.74151779	      0.97447101	      0.02136172	    -23.96384050	    -17.15461841	      3.10153524	    -55.26343212	     -9.84526878	    -23.26178815	     12.18269319	    -19.00293766	      6.81938802	    -31.67928612	    -17.80027868	    -10.10552598	    -12.69644127	     38.51555322	    -27.86527657	     -5.16747346	     25.20378467
      2.24166700	     28.16411633	      2.27066873	    -15.52277352	     -0.73390224	      0.97526790	      0.01982813	    -22.82219775	    -16.80702454	      3.21096474	    -56.48682114	     -9.07225143	    -24.32749480	     10.03366826	    -19.68593164	      6.81924001	    -31.60357183	    -17.54427989	     -9.84756387	    -12.60376899	     38.70285167	    -28.02604746	     -4.64481442	     25.52449650
      2.25000000	     28.19084790	      1.95458027	    -15.34887385	     -0.72638304	      0.97614310	      0.01825689	    -21.78280157	    -16.36465848	      3.19134502	    -57.49388088	     -8.28448980	    -25.28592976	      8.14362891	    -20.39948967	      6.73367633	    -31.47146294	    -17.28783070	     -9.58480899	    -12.49647206	     38.85533469	    -28.24754584	     -4.03371461	     25.80318169
      2.25833300	     28.24127476	      1.59986813	    -15.11204032	     -0.71895144	      0.97708404	      0.01667762	    -20.83694628	    -15.85757438	      3.08868176	    -58.28764831	     -7.46268601	    -26.04596161	      6.39517963	    -21.15101184	      6.58605768	    -31.32616408	    -17.01912054	     -9.34218958	    -12.36862663	     38.97046276	    -28.52184222	     -3.34297564	     26.07824856
      2.26666700	     28.30495328	      1.22751694	    -14.80149588	     -0.71160065	      0.97807615	      0.01510848	    -19.96998365	    -15.30002626	      2.87837989	    -58.86957352	     -6.73748986	    -26.80450322	      5.10350180	    -21.90855864	      6.37784383	    -31.18197231	    -16.77372821	     -9.14699499	    -12.27342451	     39.07006233	    -28.81343954	     -2.63907887	     26.21826060
      2.27500000	     28.29761601	      0.87352777	    -14.41616480	     -0.70430404	      0.97900194	      0.01349935	    -19.07457756	    -14.71229034	      2.59243475	    -59.27022128	     -5.90660216	    -27.13340618	      3.64647870	    -22.59832269	      6.14425536	    -30.89142327	    -16.47648324	     -8.89962789	    -12.04616216	     39.21514892	    -29.06529904	     -1.81428649	     26.54461234
      2.28333300	     28.30593255	      0.52852182	    -13.90949531	     -0.69707283	      0.97995644	      0.01189584	    -18.26953303	    -14.09305918	      2.13479982	    -59.45408912	     -5.38950267	    -27.67893016	      3.23344968	    -23.27474080	      5.84685608	    -30.52646521	    -16.23090446	     -8.70921142	    -11.96356123	     39.39132504	    -29.28789891	     -1.05921036	     26.50172017
      2.29166700	     28.35038296	      0.13935600	    -13.39958198	     -0.68995067	      0.98089232	      0.01033028	    -17.54320833	    -13.42724319	      1.68137310	    -59.45387134	     -4.78707207	    -27.95418887	      2.66101031	    -23.98902286	      5.49339855	    -30.21898071	    -16.00150066	     -8.42888826	    -11.77882391	     39.50866677	    -29.57503700	     -0.24930443	     26.51928929
      2.30000000	     28.32865284	     -0.18145901	    -12.81906996	     -0.68285715	      0.98172234	      0.00877814	    -16.77730399	    -12.79970594	      1.11518431	    -59.29236179	     -4.23978180	    -28.09462432	      2.52609666	    -24.60663606	      5.14878835	    -29.77882385	    -15.76084352	     -8.22118421	    -11.62024107	     39.67072078	    -29.75694177	      0.53363908	     26.50936431
      2.30833300	     28.32130285	     -0.52806845	    -12.23016969	     -0.67584613	      0.98251675	      0.00727755	    -16.06037833	    -12.13898866	      0.53248779	    -58.95713141	     -3.73796012	    -28.21275369	      2.48661133	    -25.22775262	      4.75709435	    -29.38144086	    -15.54488942	     -7.98591774	    -11.45965445	     39.80593952	    -29.95263880	      1.32913563	     26.47003319
      2.31666700	     28.27817118	     -0.87497056	    -11.65022805	     -0.66885906	      0.98323245	      0.00584283	    -15.32973874	    -11.47397757	     -0.05488394	    -58.45853332	     -3.27341752	    -28.23103594	      2.58072512	    -25.79403319	      4.34423144	    -29.03608326	    -15.35296262	     -7.75861817	    -11.36735208	     39.93260107	    -30.08474473	      2.10327800	     26.39673589
      2.32500000	     28.31549089	     -1.18921243	    -11.00254101	     -0.66201077	      0.98392652	      0.00440037	    -14.72662220	    -10.84529337	     -0.78000326	    -57.80252070	     -2.84976829	    -28.40917077	      2.67642062	    -26.42958943	      3.93399043	    -28.57290215	    -15.14345543	     -7.51177971	    -11.09976247	     40.05885291	    -30.32362536	      2.90434385	     26.39270113
      2.33333300	     28.29523881	     -1.50047280	    -10.38185217	     -0.65517358	      0.98451900	      0.00302795	    -14.08233092	    -10.22279054	     -1.48675130	    -56.99471685	     -2.46307583	    -28.46873789	      2.88211775	    -26.98746046	      3.51109144	    -28.17945170	    -14.95744732	     -7.27474946	    -10.90744537	     40.15770239	    -30.47454124	      3.68146753	     26.36163952
      2.34166700	     28.27148777	     -1.79410228	     -9.75180110	     -0.64838461	      0.98503719	      0.00170225	    -13.46695751	     -9.62514494	     -2.24042211	    -56.03973844	     -2.11539090	    -28.50506111	      3.15547013	    -27.52744843	      3.08674467	    -27.78507180	    -14.77453068	     -7.03230603	    -10.72535555	     40.25808989	    -30.60921468	      4.43301165	     26.31695100
      2.35000000	     28.25094880	     -2.06684525	     -9.12441945	     -0.64164161	      0.98549624	      0.00042070	    -12.89293968	     -9.05731386	     -3.00923920	    -54.93092237	     -1.81744350	    -28.51336117	      3.52191611	    -28.05573841	      2.67061946	    -27.39454264	    -14.59876467	     -6.79809959	    -10.53451292	     40.34564555	    -30.73599614	      5.16676053	     26.24866472
      2.35833300	     28.28799900	     -2.36661788	     -8.49146846	     -0.63495307	      0.98594996	     -0.00080810	    -12.42717435	     -8.47998488	     -3.81048539	    -53.66583470	     -1.72838376	    -28.63178023	      4.36193630	    -28.64273489	      2.21722082	    -27.06445632	    -14.43334130	     -6.54436509	    -10.24563329	     40.28598248	    -30.90323512	      5.87120453	     26.07029087
      2.36666700	     28.25586939	     -2.58478653	     -7.87231738	     -0.62826396	      0.98628988	     -0.00197626	    -11.91630648	     -7.99329326	     -4.61508260	    -52.28273165	     -1.55218727	    -28.42698249	      5.10125685	    -29.13960093	      1.83378787	    -26.65154448	    -14.24175125	     -6.37388343	    -10.07697525	     40.38717590	    -30.98589232	      6.53589200	     25.96866196
      2.37500000	     28.26213678	     -2.81568342	     -7.27320736	     -0.62161175	      0.98657162	     -0.00305477	    -11.49482051	     -7.50622399	     -5.39867771	    -50.75947785	     -1.47249579	    -28.26887261	      6.30941238	    -29.65924108	      1.43072056	    -26.32402648	    -14.10308591	     -6.09638896	     -9.89348714	     40.41643003	    -31.08406071	      7.15041776	     25.75483841
      2.38333300	     28.20925316	     -3.00401826	     -6.69746833	     -0.61495002	      0.98676459	     -0.00406107	    -11.04594162	     -7.06580806	     -6.15248116	    -49.12397669	     -1.47615734	    -27.94493659	      7.64284530	    -30.11493420	      1.06949589	    -25.94187176	    -13.92890879	     -5.88111517	     -9.72993936	     40.47910405	    -31.10709741	      7.73300130	     25.57951158
      2.39166700	     28.24424673	     -3.19701809	     -6.14361322	     -0.60832402	      0.98694559	     -0.00500123	    -10.75926095	     -6.63706793	     -6.88172611	    -47.34708767	     -1.35165989	    -27.35071153	      8.69529356	    -30.65447210	      0.70750789	    -25.66832951	    -13.78275766	     -5.69784860	     -9.57567286	     40.57345747	    -31.22204319	      8.31735874	     25.46054618
      2.40000000	     28.21046612	     -3.36159912	     -5.59905102	     -0.60166818	      0.98701954	     -0.00586691	    -10.44219849	     -6.23498718	     -7.60614685	    -45.46850471	     -1.45566361	    -26.80944798	     10.26589735	    -31.11541187	      0.36024796	    -25.33783485	    -13.62577589	     -5.49629791	     -9.38940172	     40.64351837	    -31.24705307	      8.87833007	     25.34227258
      2.40833300	     28.27411925	     -3.52923561	     -5.09709497	     -0.59505663	      0.98707847	     -0.00662890	    -10.29267879	     -5.83857545	     -8.26373965	    -43.47404927	     -1.39088239	    -25.94877788	     11.38885280	    -31.68074223	      0.03126534	    -25.10691844	    -13.47566211	     -5.32141584	     -9.24608373	     40.73979376	    -31.37215197	      9.40747060	     25.26516684
      2.41666700	     28.24423905	     -3.64831678	     -4.59210887	     -0.58839894	      0.98700139	     -0.00733114	    -10.08944792	     -5.47465633	     -8.92001336	    -41.41444181	     -1.32331242	    -24.94361235	     12.25057825	    -32.13679900	     -0.27065180	    -24.77110176	    -13.31366043	     -5.13330871	     -9.10383805	     40.87982661	    -31.39166933	      9.95518388	     25.29352122
      2.42500000	     28.31197856	     -3.77868394	     -4.09292802	     -0.58170773	      0.98694805	     -0.00794008	    -10.04963886	     -5.12028721	     -9.62855585	    -39.25918910	     -1.67195998	    -24.26855218	     14.22779513	    -32.69248685	     -0.58988185	    -24.55196504	    -13.18441249	     -4.95232320	     -8.92800737	     40.90276656	    -31.46399644	     10.39161493	     25.06674455
      2.43333300	     28.38484376	     -3.85779791	     -3.62137719	     -0.57502059	      0.98681816	     -0.00846120	    -10.06364893	     -4.80706212	    -10.28848732	    -37.06989564	     -1.69804204	    -23.12548234	     15.06107762	    -33.24443352	     -0.85608811	    -24.32768422	    -13.05399519	     -4.84148272	     -8.81356619	     41.01179988	    -31.55322199	     10.83222775	     25.02069542
      2.44166700	     28.41368672	     -3.91426665	     -3.14392519	     -0.56827445	      0.98657621	     -0.00891805	    -10.07160582	     -4.50334526	    -10.97049774	    -34.86618241	     -1.76122550	    -21.98570551	     15.87291607	    -33.74845021	     -1.11728500	    -24.04602714	    -12.91807192	     -4.65072752	     -8.69048323	     41.15241660	    -31.57625837	     11.26651144	     24.98222725
      2.45000000	     28.50073674	     -3.90917891	     -2.59673958	     -0.56149610	      0.98635197	     -0.00926566	    -10.19880123	     -4.25484725	    -11.81563882	    -32.63453175	     -2.13292287	    -21.08564367	     17.48850096	    -34.27099622	     -1.39341509	    -23.73836491	    -12.86180426	     -4.49367487	     -8.56547233	     41.23807697	    -31.55748507	     11.46894278	     24.38849770
      2.45833300	     28.60847920	     -3.89207819	     -2.10713770	     -0.55472336	      0.98605650	     -0.00952550	    -10.36871905	     -4.01473809	    -12.58167866	    -30.44326071	     -2.26350110	    -19.83704602	     18.28886327	    -34.82571616	     -1.63079036	    -23.47325807	    -12.79273661	     -4.33881727	     -8.46530559	     41.34657566	    -31.59290531	     11.71433201	     24.06198826
      2.46666700	     28.65473692	     -3.84018825	     -1.61995976	     -0.54790253	      0.98567963	     -0.00974148	    -10.48550659	     -3.80487771	    -13.38255263	    -28.32451732	     -2.42489851	    -18.49978853	     18.88190092	    -35.30460431	     -1.85311029	    -23.15993095	    -12.73245459	     -4.21011264	     -8.33394090	     41.49138439	    -31.58366851	     12.02468186	     23.98027050
      2.47500000	     28.81948828	     -3.72022491	     -1.03811863	     -0.54104157	      0.98534158	     -0.00980386	    -10.78661970	     -3.64216010	    -14.37685208	    -26.23495679	     -2.69334794	    -17.21966152	     20.09298267	    -35.86921908	     -2.10454941	    -22.80430421	    -12.74951181	     -4.05891047	     -8.23309326	     41.59791850	    -31.54551066	     11.95705977	     22.93529553
      2.48333300	     28.84418771	     -3.51864972	     -0.38232385	     -0.53409105	      0.98489964	     -0.00981221	    -10.95313015	     -3.53385209	    -15.51362976	    -24.26701640	     -2.97032215	    -15.83800706	     21.00223598	    -36.24976976	     -2.35553432	    -22.22321509	    -12.79494132	     -3.92793075	     -8.18185545	     41.69477494	    -31.33405077	     11.86399118	     21.84783822
      2.49166700	     28.93379224	     -3.33553903	      0.20317169	     -0.52716944	      0.98443098	     -0.00968241	    -11.18195176	     -3.40633702	    -16.54758870	    -22.41922742	     -3.18757340	    -14.36249495	     21.76350530	    -36.70080970	     -2.59898182	    -21.75980947	    -12.86437558	     -3.78913769	     -8.11732381	     41.81367798	    -31.22564337	     11.77983458	     20.92935725
      2.50000000	     29.01665494	     -3.12670943	      0.80151174	     -0.52022052	      0.98392201	     -0.00944056	    -11.40821503	     -3.28914667	    -17.60566880	    -20.71044250	     -3.40837421	    -12.89203873	     22.51393266	    -37.12220987	     -2.85341715	    -21.26124880	    -12.97544154	     -3.66050631	     -8.07770065	     41.92740545	    -31.09695689	     11.63036773	     19.90521458
      2.50833300	     29.09644654	     -2.90989427	      1.39488420	     -0.51325869	      0.98337247	     -0.00908172	    -11.62769730	     -3.16691004	    -18.64218184	    -19.15915488	     -3.61584130	    -11.44958814	     23.20219197	    -37.52279079	     -3.12129457	    -20.74463626	    -13.12402979	     -3.53010689	     -8.05438882	     42.04228739	    -30.96370882	     11.45075878	     18.86567601
      2.51666700	     29.16925442	     -2.68421576	      1.99232816	     -0.50627470	      0.98279202	     -0.00861842	    -11.83507104	     -3.04198119	    -19.65679607	    -17.78385351	     -3.80718747	    -10.10139418	     23.84607990	    -37.89355078	     -3.40812877	    -20.21081329	    -13.31658507	     -3.40471531	     -8.05630436	     42.15147460	    -30.82312956	     11.22871031	     17.76706871
      2.52500000	     29.27708414	     -2.52004519	      2.48011598	     -0.49927781	      0.98218576	     -0.00805328	    -12.04751657	     -2.87315713	    -20.46646937	    -16.60656484	     -3.91652244	     -8.83761277	     24.32438740	    -38.31394966	     -3.69107831	    -19.85060678	    -13.52239178	     -3.33424053	     -8.06536346	     42.25650028	    -30.77796659	     11.14278392	     17.10419093
      2.53333300	     29.30141902	     -2.24444311	      3.17273085	     -0.49223265	      0.98155915	     -0.00741145	    -12.21167999	     -2.76097047	    -21.51131005	    -15.60266744	     -4.09749744	     -7.83752206	     24.90594581	    -38.55950302	     -4.04165987	    -19.11522916	    -13.83012389	     -3.17028218	     -8.18827260	     42.39027929	    -30.54630327	     10.76059060	     15.59695887
      2.54166700	     29.32835918	     -2.16588357	      3.59128721	     -0.48522201	      0.98086985	     -0.00673205	    -12.28377401	     -2.51384523	    -22.02231181	    -14.84488458	     -4.20084372	     -7.16745872	     25.00677550	    -38.84260808	     -4.37812836	    -18.82377054	    -14.15621142	     -3.05386563	     -8.32891685	     42.45387746	    -30.49430548	     10.93305308	     15.56401688
      2.55000000	     29.41787746	     -1.86702288	      4.28707024	     -0.47811021	      0.98025479	     -0.00588463	    -12.51677305	     -2.42801238	    -22.96396910	    -14.22545580	     -4.27987880	     -6.36217151	     25.56587945	    -39.13095998	     -4.74071074	    -18.03568038	    -14.50944140	     -2.95403043	     -8.56261275	     42.63518552	    -30.31353115	     10.35635618	     13.66965601
      2.55833300	     29.44894297	     -1.81441065	      4.66271170	     -0.47104280	      0.97954073	     -0.00504671	    -12.56946047	     -2.17516648	    -23.23803046	    -13.86089651	     -4.38642628	     -6.13715060	     25.55754069	    -39.38251048	     -5.08843752	    -17.73345835	    -14.91603216	     -2.82989024	     -8.80340654	     42.62720595	    -30.25297601	     10.51190371	     13.63922289
      2.56666700	     29.56268666	     -1.60377775	      5.20366716	     -0.46396619	      0.97889459	     -0.00409938	    -12.75977678	     -2.06318688	    -23.79045746	    -13.66626060	     -4.47392337	     -5.67073969	     25.94238161	    -39.66355535	     -5.43149099	    -17.09696983	    -15.37568478	     -2.74714984	     -9.25703292	     42.69516389	    -30.19894306	     10.19688411	     12.49513422
      2.57500000	     29.55040509	     -1.56925228	      5.56453677	     -0.45684766	      0.97813187	     -0.00312881	    -12.75166758	     -1.81413565	    -23.82478769	    -13.65329888	     -4.62658215	     -5.82076119	     25.89026339	    -39.81230279	     -5.79892435	    -16.71379730	    -15.88127568	     -2.62795701	     -9.54342459	     42.66156613	    -30.08842897	     10.32486340	     12.37419234
      2.58333300	     29.57504389	     -1.51266485	      5.89471015	     -0.44973019	      0.97738704	     -0.00207846	    -12.77717457	     -1.61226109	    -23.79855141	    -13.79926008	     -4.80835510	     -5.96594815	     25.92621029	    -39.96730473	     -6.13030480	    -16.30496854	    -16.45682015	     -2.54077176	    -10.02053696	     42.57823861	    -30.01900279	     10.38796225	     12.18620479
      2.59166700	     29.58700307	     -1.42156200	      6.16721006	     -0.44262453	      0.97663317	     -0.00090186	    -12.76553839	     -1.48030551	    -23.67195833	    -14.11890464	     -5.02827012	     -6.20777007	     26.06927675	    -40.07735930	     -6.39145058	    -15.84339104	    -17.09415550	     -2.45184648	    -10.66742500	     42.45468366	    -29.94285816	     10.33428586	     11.88904746
      2.60000000	     29.59983273	     -1.40703826	      6.43353201	     -0.43540439	      0.97587567	      0.00028151	    -12.77741685	     -1.27003902	    -23.46798297	    -14.47675976	     -5.29895248	     -6.43001752	     26.07235341	    -40.14680265	     -6.73169061	    -15.46957923	    -17.82843351	     -2.42522318	    -11.20517042	     42.30910534	    -29.85594179	     10.43017513	     11.77057388
      2.60833300	     29.60247608	     -1.34763693	      6.61913550	     -0.42826130	      0.97515141	      0.00160695	    -12.74875296	     -1.14086462	    -23.16444525	    -14.95978588	     -5.65239376	     -6.78455750	     26.08077846	    -40.16397415	     -6.97105231	    -15.01557831	    -18.64081550	     -2.40249184	    -11.94380136	     42.04945326	    -29.78845076	     10.43562812	     11.68502121
      2.61666700	     29.61425225	     -1.32639146	      6.80016751	     -0.42106362	      0.97445950	      0.00298935	    -12.74872592	     -0.97198018	    -22.84676719	    -15.44223291	     -6.06598150	     -7.09187607	     25.99281841	    -40.13062848	     -7.25596012	    -14.57158491	    -19.57226723	     -2.40823390	    -12.65653276	     41.75286903	    -29.72626460	     10.49749860	     11.65223735
      2.62500000	     29.63299859	     -1.31840170	      6.96520216	     -0.41387868	      0.97383048	      0.00444122	    -12.75914840	     -0.79756397	    -22.52830327	    -15.93057497	     -6.54764831	     -7.39648363	     25.77830791	    -40.03582958	     -7.54841123	    -14.10088334	    -20.62194502	     -2.44676683	    -13.44835035	     41.41230266	    -29.67314707	     10.57817255	     11.66302853
      2.63333300	     29.66880200	     -1.35063700	      7.16009279	     -0.40667908	      0.97328254	      0.00592508	    -12.80741468	     -0.57466228	    -22.26364540	    -16.38684529	     -7.03472067	     -7.67792494	     25.46618850	    -39.86830526	     -7.91528442	    -13.61739035	    -21.81934216	     -2.53625117	    -14.23506408	     41.09944628	    -29.62892569	     10.73257677	     11.69693620
      2.64166700	     29.69296315	     -1.37675981	      7.31350521	     -0.39957860	      0.97284121	      0.00749516	    -12.82538470	     -0.38325518	    -21.95192094	    -16.88743692	     -7.51596667	     -8.01459261	     25.04866267	    -39.59910638	     -8.24810705	    -13.08070245	    -23.15670184	     -2.67141361	    -15.13097760	     40.73867810	    -29.59001262	     10.86224087	     11.76479573
      2.65000000	     29.68910069	     -1.39751857	      7.39508608	     -0.39260872	      0.97250810	      0.00918273	    -12.78330066	     -0.22972395	    -21.53852722	    -17.47063199	     -7.95325031	     -8.40658912	     24.49276321	    -39.20508364	     -8.52533934	    -12.51706524	    -24.64888126	     -2.85487035	    -16.08247840	     40.31384180	    -29.55825227	     10.94485961	     11.89221128
      2.65833300	     29.69502777	     -1.47505323	      7.54674568	     -0.38569851	      0.97230251	      0.01084995	    -12.77783603	      0.01320967	    -21.16165251	    -18.04592411	     -8.32060951	     -8.86840445	     23.99482358	    -38.69037113	     -8.91799629	    -11.90887337	    -26.32948687	     -3.09986345	    -16.87786350	     39.90524307	    -29.52499476	     11.13238308	     12.01476436
      2.66666700	     29.64430919	     -1.57012857	      7.56132940	     -0.37891414	      0.97217624	      0.01265295	    -12.66188977	      0.23176466	    -20.60596526	    -18.74508620	     -8.52961237	     -9.40626386	     23.33167729	    -38.02532109	     -9.22475154	    -11.38556571	    -28.16680881	     -3.42751426	    -17.77804389	     39.32764909	    -29.46875273	     11.26131288	     12.22539796
      2.67500000	     29.61913312	     -1.66726063	      7.68928008	     -0.37225532	      0.97219756	      0.01438752	    -12.60857740	      0.49635783	    -20.24425350	    -19.42700456	     -8.69104749	    -10.04296513	     22.79320776	    -37.24707517	     -9.61666192	    -10.71905312	    -30.15745848	     -3.80777232	    -18.49337063	     38.82900080	    -29.43969023	     11.46331406	     12.41398152
      2.68333300	     29.57150422	     -1.77268458	      7.81635982	     -0.36571318	      0.97230877	      0.01614139	    -12.56250276	      0.78753351	    -19.86755334	    -20.04906857	     -8.76960333	    -10.65432871	     22.29208089	    -36.33303988	    -10.00508816	    -10.00996836	    -32.27866482	     -4.26513499	    -19.17302622	     38.27161076	    -29.39336547	     11.64558281	     12.54612284
      2.69166700	     29.50140743	     -1.87272033	      7.94278693	     -0.35930728	      0.97249472	      0.01790212	    -12.52618307	      1.08885858	    -19.48783294	    -20.60241044	     -8.78416295	    -11.23572987	     21.82725311	    -35.29069476	    -10.37106093	     -9.25185729	    -34.50385499	     -4.78619820	    -19.79701659	     37.64499824	    -29.33369612	     11.79233905	     12.62193554
      2.70000000	     29.42974401	     -1.97032572	      8.09912973	     -0.35301915	      0.97275048	      0.01961181	    -12.52973024	      1.40648514	    -19.16925795	    -21.08039724	     -8.78018992	    -11.79986878	     21.46419445	    -34.14806187	    -10.73654450	     -8.45727236	    -36.81153408	     -5.34818665	    -20.36113931	     36.99753212	    -29.27210907	     11.94310475	     12.63942868
      2.70833300	     29.29353528	     -2.00062767	      8.17495570	     -0.34684580	      0.97303514	      0.02142745	    -12.46753243	      1.62848036	    -18.83557784	    -21.58156916	     -8.66004016	    -12.40854242	     21.06480139	    -32.88210907	    -10.96032244	     -7.67686280	    -39.14514171	     -5.98297490	    -20.84754848	     36.00786298	    -29.16086885	     11.87806536	     12.48608916
      2.71666700	     29.17159829	     -1.99770883	      8.32134719	     -0.34079203	      0.97338180	      0.02313975	    -12.47818074	      1.83867290	    -18.64032451	    -21.99495498	     -8.52393700	    -12.96720294	     20.71277639	    -31.55883549	    -11.16537447	     -6.82148158	    -41.48467519	     -6.56258361	    -21.27915045	     34.91442910	    -29.05515431	     11.77460395	     12.15659865
      2.72500000	     29.05612211	     -1.93967124	      8.48790997	     -0.33484095	      0.97378184	      0.02480302	    -12.54279319	      1.99549707	    -18.54868963	    -22.34602179	     -8.33526800	    -13.44572617	     20.38943836	    -30.20603650	    -11.29697799	     -5.95504522	    -43.77890875	     -7.07159233	    -21.71587873	     33.64722600	    -28.95276441	     11.54368980	     11.59927385
      2.73333300	     29.05162111	     -1.73486412	      8.90809481	     -0.32902043	      0.97430256	      0.02631456	    -12.84155046	      2.07916349	    -18.90648504	    -22.57084038	     -8.05877395	    -13.66581972	     20.00128955	    -28.89490630	    -11.40530967	     -4.81281023	    -46.00734223	     -7.33803260	    -21.91637676	     32.00378935	    -28.90896751	     10.98805260	     10.08118154
      2.74166700	     28.99229275	     -1.53354991	      9.16358770	     -0.32325499	      0.97485562	      0.02785083	    -13.08774798	      2.11320989	    -19.10233551	    -22.76168426	     -7.83974166	    -13.93564727	     19.88856277	    -27.57395619	    -11.38710994	     -3.94794983	    -48.09776182	     -7.62221101	    -22.57196661	     30.62452756	    -28.85672350	     10.41427548	      8.83163372
      2.75000000	     28.88607941	     -1.38402548	      9.17973434	     -0.31758837	      0.97541993	      0.02939920	    -13.25511751	      2.12731840	    -18.99896491	    -22.95645695	     -7.60803001	    -14.28604266	     19.82253990	    -26.29604157	    -11.26164521	     -3.44627641	    -50.00310846	     -7.79150430	    -23.52565128	     29.42329687	    -28.83047487	     10.06103300	      8.44436437
      2.75833300	     28.90568523	     -1.12128605	      9.45517815	     -0.31201032	      0.97611510	      0.03081589	    -13.67389852	      2.11580007	    -19.32112309	    -23.00530840	     -7.32624843	    -14.34510601	     19.69042668	    -25.12486578	    -11.16022118	     -2.73164408	    -51.75913794	     -7.58721469	    -24.10491372	     27.38807564	    -28.88469439	      9.35677792	      6.95712481
      2.76666700	     28.91056004	     -0.74555349	      9.65122467	     -0.30653748	      0.97691239	      0.03225562	    -14.09421662	      1.95788024	    -19.62824404	    -23.05545375	     -7.06313192	    -14.46246850	     19.71946567	    -24.01110442	    -10.87424566	     -2.11116749	    -53.26779760	     -7.39722301	    -25.02286696	     25.64485529	    -28.97100015	      8.47176406	      5.43891640
      2.77500000	     28.89829398	     -0.43746888	      9.66763369	     -0.30106260	      0.97773692	      0.03375187	    -14.48080565	      1.81782655	    -19.71478474	    -23.08509283	     -6.79468622	    -14.53163732	     19.80800526	    -22.98473857	    -10.58010584	     -1.82990422	    -54.52071979	     -7.19080647	    -25.99900700	     23.95600558	    -29.06414596	      7.65470370	      4.25602502
      2.78333300	     28.90359734	     -0.00900581	      9.56991860	     -0.29571885	      0.97869138	      0.03525469	    -14.89217095	      1.51045891	    -19.74330150	    -23.13500485	     -6.52657729	    -14.61233657	     19.91329607	    -22.08922717	    -10.08623210	     -1.62333690	    -55.45970957	     -6.93970105	    -26.88271135	     22.35285131	    -29.22501212	      6.72604370	      3.26627173
      2.79166700	     28.93082972	      0.49500604	      9.70641257	     -0.29040505	      0.97970026	      0.03663500	    -15.41165697	      1.20410097	    -20.12965848	    -23.08192865	     -6.31519331	    -14.59679226	     20.00612343	    -21.20099123	     -9.62148670	     -1.19579653	    -56.20201422	     -6.55157829	    -27.43313292	     20.66013453	    -29.40121442	      5.50015647	      1.29365496
      2.80000000	     28.93996918	      1.06818669	      9.78960728	     -0.28510376	      0.98072275	      0.03814783	    -15.93632060	      0.81642610	    -20.49332152	    -23.01108720	     -6.01531067	    -14.48067196	     20.26208232	    -20.36081883	     -9.07665542	     -0.86064441	    -56.69831031	     -6.34093032	    -28.02978958	     19.66610959	    -29.61564416	      3.92717171	     -1.24671723
      2.80833300	     28.99064721	      1.62514111	      9.74429522	     -0.27987698	      0.98181445	      0.03956877	    -16.49845214	      0.40203989	    -20.74097794	    -22.92436521	     -5.75504437	    -14.35481597	     20.44668686	    -19.66812631	     -8.48252867	     -0.68930631	    -56.92869474	     -6.15228296	    -28.48869458	     18.94125455	    -29.89504799	      2.57293695	     -3.12983954
      2.81666700	     29.03167078	      2.19868937	      9.68419647	     -0.27468392	      0.98291090	      0.04094785	    -17.06707860	     -0.03690973	    -21.00034047	    -22.80658286	     -5.53315020	    -14.20719703	     20.64265397	    -19.02175820	     -7.85892517	     -0.55614477	    -56.93593204	     -6.04368006	    -28.90769303	     18.71420709	    -30.19138056	      1.16700588	     -5.09354045
      2.82500000	     29.05427178	      2.51957342	      9.27525092	     -0.26953643	      0.98393595	      0.04224760	    -17.50708971	     -0.33813276	    -20.67083146	    -22.70323765	     -5.34581366	    -14.26842168	     20.77837613	    -18.48340640	     -7.35786104	     -0.91408779	    -56.69870823	     -5.87547383	    -29.09968801	     18.66409785	    -30.36969698	      0.47881978	     -5.25731293
      2.83333300	     29.09521493	      3.15275786	      9.32554588	     -0.26440713	      0.98498591	      0.04350114	    -18.13579985	     -0.80571414	    -21.15658593	    -22.51491766	     -5.06880325	    -13.95196400	     20.90899469	    -17.90499986	     -6.71930725	     -0.71301276	    -56.30974300	     -5.90107156	    -29.40293681	     19.23898951	    -30.72781661	     -1.13910461	     -7.85328294
      2.84166700	     29.12998626	      3.44459448	      8.91458427	     -0.25931118	      0.98595688	      0.04460602	    -18.60626365	     -1.09733772	    -20.87435779	    -22.35354284	     -4.90740092	    -13.93255908	     21.08636934	    -17.47971668	     -6.24987382	     -1.13932879	    -55.66775723	     -5.69872527	    -29.30090305	     19.39347687	    -30.88123962	     -1.74624408	     -7.93835354
      2.85000000	     29.20713924	      3.83684325	      8.62085529	     -0.25425721	      0.98694894	      0.04564619	    -19.17585526	     -1.45595440	    -20.85359044	    -22.15961263	     -4.71539481	    -13.75542527	     21.24394203	    -17.11818055	     -5.73269125	     -1.46181224	    -54.84515313	     -5.76664051	    -29.57819504	     20.26294059	    -31.12954003	     -2.60628992	     -8.66941154
      2.85833300	     29.22777571	      4.15682364	      8.30637418	     -0.24920977	      0.98783168	      0.04659570	    -19.66548027	     -1.76634725	    -20.76990907	    -21.95975159	     -4.54524783	    -13.58511205	     21.38044634	    -16.74641969	     -5.27645578	     -1.83304140	    -53.85304740	     -5.69974027	    -29.44984866	     21.08158392	    -31.28542924	     -3.35193425	     -9.23401983
      2.86666700	     29.17045694	      4.40111869	      7.90730786	     -0.24417941	      0.98859209	      0.04743184	    -20.02906421	     -2.06196687	    -20.53110887	    -21.78258652	     -4.37125532	    -13.42113315	     21.55590927	    -16.35125050	     -4.84097980	     -2.31569556	    -52.70568037	     -5.53972773	    -29.11663002	     21.61325950	    -31.30173709	     -3.90434394	     -9.32439467
      2.87500000	     29.17099714	      4.64399028	      7.49523745	     -0.23921837	      0.98935654	      0.04821903	    -20.45500364	     -2.36210082	    -20.30289488	    -21.58998008	     -4.20456287	    -13.21020221	     21.71472808	    -16.07514933	     -4.41655218	     -2.82683717	    -51.38092934	     -5.47158338	    -28.78235098	     22.52512266	    -31.37509664	     -4.44411183	     -9.39044357
      2.88333300	     29.18975197	      4.89656670	      7.14452958	     -0.23430217	      0.99009690	      0.04887462	    -20.90867166	     -2.65871499	    -20.19409960	    -21.39762909	     -4.04182778	    -13.04554704	     21.79926255	    -15.84303819	     -4.00869852	     -3.30265253	    -49.92781702	     -5.63373660	    -28.67223007	     24.16273383	    -31.45792461	     -4.91217736	     -9.40985205
      2.89166700	     29.12443736	      5.09803223	      6.71796186	     -0.22941575	      0.99069533	      0.04950977	    -21.23597485	     -2.95500275	    -19.91449305	    -21.21705797	     -3.86009681	    -12.83579358	     21.98656466	    -15.59461669	     -3.59400755	     -3.81744170	    -48.33508521	     -5.55369230	    -28.07904899	     25.03095691	    -31.43511307	     -5.39203705	     -9.35288583
      2.90000000	     29.14257374	      5.28348711	      6.33101817	     -0.22458762	      0.99131277	      0.05001562	    -21.66297316	     -3.21808583	    -19.73311862	    -21.01795506	     -3.70690656	    -12.67061985	     22.09241575	    -15.47368836	     -3.23278459	     -4.33647533	    -46.61583103	     -5.70221752	    -27.72406374	     26.77375820	    -31.47223837	     -5.70369111	     -9.06104526
      2.90833300	     29.12067300	      5.43567985	      5.89121296	     -0.21976418	      0.99183819	      0.05051053	    -22.02300728	     -3.48585105	    -19.46627451	    -20.83323006	     -3.53833766	    -12.47580003	     22.24370938	    -15.37901722	     -2.87486992	     -4.90235884	    -44.77699510	     -5.77892139	    -27.17735578	     28.13426331	    -31.44940394	     -6.01390666	     -8.69494438
      2.91666700	     29.10998063	      5.57129335	      5.45447012	     -0.21498437	      0.99232391	      0.05094914	    -22.39042148	     -3.74400416	    -19.20578147	    -20.64408859	     -3.38960915	    -12.26911354	     22.39832268	    -15.34885857	     -2.53053572	     -5.45779140	    -42.84065009	     -5.87033391	    -26.52222740	     29.39090213	    -31.42869786	     -6.29395305	     -8.30892720
      2.92500000	     29.06479373	      5.65986935	      4.94756589	     -0.21019345	      0.99274027	      0.05137382	    -22.68607949	     -4.00013285	    -18.84568086	    -20.48356142	     -3.23572594	    -12.09348093	     22.55625862	    -15.34174162	     -2.20526702	     -6.11716881	    -40.82186970	     -6.04666179	    -26.00616760	     30.71791433	    -31.33300494	     -6.49747343	     -7.66988673
      2.93333300	     29.07748831	      5.78626511	      4.53506394	     -0.20546630	      0.99313923	      0.05176945	    -23.07568996	     -4.25170876	    -18.62939296	    -20.29663847	     -3.06703042	    -11.84155307	     22.74322262	    -15.44065675	     -1.86742884	     -6.61048747	    -38.74038846	     -6.09085882	    -25.10002119	     31.41765612	    -31.34235182	     -6.86110713	     -7.53797836
      2.94166700	     29.17059981	      5.85283353	      4.11449241	     -0.20076648	      0.99355425	      0.05206505	    -23.54496716	     -4.44843784	    -18.41924839	    -20.10056229	     -2.93039277	    -11.64862565	     22.91745825	    -15.66669303	     -1.60480299	     -7.18105330	    -36.61575261	     -6.27587269	    -24.43670260	     32.72210847	    -31.39459708	     -6.99431923	     -6.98595760
      2.95000000	     29.24782386	      5.87379442	      3.60018249	     -0.19605395	      0.99389612	      0.05238597	    -23.95577740	     -4.65678315	    -18.08485881	    -19.94241909	     -2.78232449	    -11.44606717	     23.12493007	    -15.93455681	     -1.35235811	     -7.88412290	    -34.46298762	     -6.43713951	    -23.69614969	     33.73169023	    -31.40352307	     -7.11324921	     -6.29292774
      2.95833300	     29.26459291	      5.73587647	      2.83599667	     -0.19129008	      0.99415855	      0.05267016	    -24.20602209	     -4.84500126	    -17.34750656	    -19.84271112	     -2.68230813	    -11.36211487	     23.34090405	    -16.20907242	     -1.17094565	     -8.98408341	    -32.29681050	     -6.66403764	    -23.05588871	     34.84506324	    -31.24543979	     -6.83627039	     -4.49393732
      2.96666700	     29.37129531	      5.58094188	      2.13161688	     -0.18657027	      0.99439408	      0.05287071	    -24.56814297	     -4.99736420	    -16.72657486	    -19.73507040	     -2.57032723	    -11.22436384	     23.47326982	    -16.60584175	     -1.02478223	    -10.04186119	    -30.16024583	     -6.74086950	    -22.03610796	     35.61578013	    -31.20800355	     -6.53725268	     -2.82306980
      2.97500000	     29.47626022	      5.58804185	      1.66169735	     -0.18185077	      0.99455837	      0.05310214	    -25.01468569	     -5.20477479	    -16.46539875	    -19.57878573	     -2.36564798	    -10.91875087	     23.70152463	    -16.96703818	     -0.77966361	    -10.77896898	    -28.11936235	     -6.92094514	    -21.00507412	     36.13331701	    -31.26220601	     -6.84869096	     -2.69653268
      2.98333300	     29.63113613	      5.10678835	      0.52263633	     -0.17716796	      0.99474301	      0.05316046	    -25.27057412	     -5.28230431	    -15.16944188	    -19.56069023	     -2.34223607	    -11.02426962	     23.96762445	    -17.51767406	     -0.80635107	    -12.64566975	    -26.06214721	     -7.16750923	    -20.08457248	     37.71760693	    -31.18659515	     -5.64135767	      1.22854401
      2.99166700	     29.77526326	      4.68318955	     -0.44062463	     -0.17255152	      0.99481271	      0.05315425	    -25.57010414	     -5.34689574	    -14.07527410	    -19.52289797	     -2.13435343	    -10.87458274	     23.79389405	    -18.03877907	     -0.80181081	    -14.23842323	    -24.13228013	     -7.20192818	    -18.42401273	     38.08762257	    -31.21790668	     -4.71045290	      4.30049130
      3.00000000	     29.93444155	      4.32465298	     -1.37824113	     -0.16789393	      0.99488884	      0.05314492	    -25.89198447	     -5.49645839	    -13.14664246	    -19.50325764	     -2.08666590	    -10.80758998	     24.18329231	    -18.56549380	     -0.72488066	    -15.88857224	    -22.30880942	     -7.49242502	    -17.30844721	     39.42557419	    -31.31079617	     -4.01500185	      6.92288023
      3.00833300	     30.05255901	      3.87031337	     -2.32097888	     -0.16335019	      0.99485236	      0.05301211	    -26.14950778	     -5.56698868	    -12.07224768	    -19.50968577	     -1.89828483	    -10.66165849	     24.07589751	    -19.05554351	     -0.71634048	    -17.52134868	    -20.61027216	     -7.59491225	    -15.45093169	     39.75468935	    -31.43491793	     -3.07489207	      9.96106966
      3.01666700	     30.16272729	      3.51175815	     -3.15542438	     -0.15878887	      0.99479849	      0.05285919	    -26.42373723	     -5.70113673	    -11.22135931	    -19.51818950	     -1.79212954	    -10.55643998	     24.41751656	    -19.50274989	     -0.64019115	    -19.04084369	    -19.04236393	     -7.93350781	    -14.04512818	     40.86234580	    -31.57144281	     -2.42712096	     12.33879891
      3.02500000	     30.20947432	      3.17330163	     -3.87753615	     -0.15427087	      0.99463583	      0.05262599	    -26.64457898	     -5.80412663	    -10.45427232	    -19.53850108	     -1.59528390	    -10.37505611	     24.42390666	    -19.86514190	     -0.56869699	    -20.31859955	    -17.60557678	     -8.15687174	    -12.20615101	     41.06983955	    -31.66816918	     -1.84579678	     14.42452599
      3.03333300	     30.18120488	      3.11250275	     -4.25250935	     -0.14963275	      0.99437030	      0.05244730	    -26.86810260	     -6.01007595	    -10.28224010	    -19.54210300	     -1.35696033	    -10.01554765	     24.69891570	    -20.05186644	     -0.35881845	    -21.00527315	    -16.33677663	     -8.54694902	    -10.83683996	     41.55814488	    -31.54891485	     -2.07954245	     14.53148378
      3.04166700	     30.22935536	      2.68486667	     -5.01508400	     -0.14528313	      0.99421110	      0.05204457	    -27.04714888	     -6.05888617	     -9.33706235	    -19.59979345	     -1.29907155	    -10.15815524	     24.92644395	    -20.41317335	     -0.34753482	    -22.32235355	    -15.15663614	     -8.88659411	     -9.19548630	     42.05117303	    -31.75438583	     -1.16757814	     17.34309592
      3.05000000	     30.15537270	      2.63932723	     -5.29847713	     -0.14071554	      0.99388729	      0.05174379	    -27.22012376	     -6.22753745	     -9.16780243	    -19.61701788	     -1.06376224	     -9.92014577	     25.05668633	    -20.51664663	     -0.16177093	    -22.78448865	    -14.17431481	     -9.30352531	     -7.99691670	     42.36142642	    -31.58735762	     -1.37293445	     17.40438658
      3.05833300	     30.13869674	      2.46690209	     -5.58601947	     -0.13627177	      0.99361605	      0.05127478	    -27.42716564	     -6.27930651	     -8.89891955	    -19.66785775	     -0.95120176	     -9.92523123	     25.14516414	    -20.68648177	     -0.10732614	    -23.30836886	    -13.34532317	     -9.68288942	     -6.68226819	     42.60003837	    -31.57071824	     -1.18434663	     18.16822046
      3.06666700	     30.06421254	      2.33867093	     -5.92103557	     -0.13182096	      0.99327127	      0.05085867	    -27.54036362	     -6.38849088	     -8.52476034	    -19.75926972	     -0.77100053	     -9.96687658	     25.26872235	    -20.78559414	      0.00333000	    -23.80627222	    -12.66040090	    -10.07200780	     -5.70582791	     42.77770202	    -31.46855277	     -1.13461228	     18.81018414
      3.07500000	     29.97139265	      2.27027696	     -6.18180862	     -0.12739820	      0.99290253	      0.05043662	    -27.64088324	     -6.50301715	     -8.18807277	    -19.85372804	     -0.56896386	    -10.09301560	     25.35252490	    -20.83310097	      0.13873713	    -24.11447062	    -12.13259242	    -10.49032685	     -5.16219768	     42.80337173	    -31.31240413	     -1.26332455	     19.02393937
      3.08333300	     29.92894687	      2.05620533	     -6.43885299	     -0.12303543	      0.99254217	      0.04979864	    -27.76925755	     -6.48690444	     -7.77507482	    -19.99631362	     -0.46189563	    -10.38221251	     25.38140921	    -20.94155513	      0.10833096	    -24.54967400	    -11.77192897	    -10.82527888	     -4.31036932	     42.84226859	    -31.31358252	     -0.90133584	     20.12445601
      3.09166700	     29.85134156	      2.02316982	     -6.59318043	     -0.11861074	      0.99213140	      0.04923683	    -27.87314596	     -6.58222312	     -7.53423397	    -20.15054891	     -0.30085730	    -10.60834943	     25.38290404	    -20.98683321	      0.22463529	    -24.64973360	    -11.49442404	    -11.24810380	     -4.13417407	     42.79496859	    -31.15311955	     -1.04358462	     20.20368544
      3.10000000	     29.76342082	      1.80896683	     -6.77685703	     -0.11427250	      0.99167696	      0.04856041	    -27.93657888	     -6.50245238	     -7.05462522	    -20.34133110	     -0.18007871	    -11.07548858	     25.31346096	    -21.02827780	      0.13595528	    -24.93251396	    -11.38750245	    -11.55288487	     -3.57419263	     42.72774047	    -31.08019487	     -0.79565371	     20.92892761
      3.10833300	     29.71092989	      1.74270608	     -6.87939942	     -0.10990919	      0.99119993	      0.04788289	    -28.03042034	     -6.53884613	     -6.78892445	    -20.57950919	     -0.01502659	    -11.37995376	     25.28900462	    -21.10350550	      0.18415233	    -24.94001925	    -11.30802308	    -11.94457098	     -3.50149954	     42.64148652	    -30.96031615	     -0.88553993	     21.00030594
      3.11666700	     29.60629659	      1.59511323	     -6.94518204	     -0.10559128	      0.99067457	      0.04713035	    -28.07373125	     -6.44739203	     -6.36183895	    -20.80502272	      0.11250499	    -11.94935489	     25.18596097	    -21.11147229	      0.10966988	    -24.94875270	    -11.36484492	    -12.24935724	     -3.32361175	     42.50125263	    -30.81336620	     -0.82920811	     21.20574919
      3.12500000	     29.51375316	      1.40782787	     -7.02150183	     -0.10130481	      0.99012892	      0.04622032	    -28.07509325	     -6.34280606	     -5.95254468	    -21.13617354	      0.21511114	    -12.53873055	     25.07290489	    -21.16073555	      0.01506907	    -24.97159545	    -11.44095939	    -12.50595508	     -3.03830659	     42.18544442	    -30.74317155	     -0.54582105	     21.90016637
      3.13333300	     29.46784335	      1.30477622	     -7.09516418	     -0.09699812	      0.98958443	      0.04537914	    -28.11266497	     -6.32076908	     -5.58008062	    -21.50101650	      0.37850853	    -13.04195232	     24.98504061	    -21.26274765	      0.01638862	    -24.95419206	    -11.52624715	    -12.79931214	     -3.04199565	     42.05165036	    -30.62808050	     -0.59500874	     21.96665878
      3.14166700	     29.39310476	      1.11226745	     -7.19329159	     -0.09279492	      0.98902511	      0.04437487	    -28.07493520	     -6.21978898	     -5.04934750	    -21.92557944	      0.48740429	    -13.69936190	     24.85173605	    -21.35268690	     -0.04973481	    -24.96612412	    -11.63296574	    -12.90178382	     -2.77745940	     41.55956510	    -30.58161452	     -0.32256729	     22.67665240
      3.15000000	     29.32242824	      1.03184335	     -7.25658596	     -0.08850319	      0.98845869	      0.04340303	    -28.01266886	     -6.21253054	     -4.66066542	    -22.42955417	      0.63507010	    -14.31903824	     24.71871552	    -21.43696119	     -0.00545992	    -24.94019706	    -11.72319866	    -13.01209705	     -2.81123720	     41.40760094	    -30.43186572	     -0.38545638	     22.72095780
      3.15833300	     29.21720228	      0.90145606	     -7.32865400	     -0.08431914	      0.98789219	      0.04232264	    -27.86084587	     -6.14818954	     -4.14553637	    -23.01238006	      0.73496746	    -15.09309391	     24.52576431	    -21.48789645	      0.00412375	    -24.90287304	    -11.82112881	    -12.90342812	     -2.68566889	     40.91241025	    -30.30374105	     -0.27619953	     23.08480692
      3.16666700	     29.19592963	      0.86182325	     -7.50355396	     -0.08012077	      0.98741337	      0.04131835	    -27.72706566	     -6.24663603	     -3.64438821	    -23.70139670	      0.89736731	    -15.71633669	     24.41211052	    -21.65077527	      0.17170787	    -25.02736267	    -11.84851021	    -12.98549071	     -2.75592081	     40.59278944	    -30.20213525	     -0.42060447	     23.19196232
      3.17500000	     29.14839568	      0.68034211	     -7.78676573	     -0.07617537	      0.98697662	      0.04021618	    -27.46132964	     -6.24026282	     -2.82848393	    -24.52026441	      0.97220404	    -16.57259889	     24.16399845	    -21.81253818	      0.24682724	    -25.23578377	    -11.88566379	    -12.81996107	     -2.49777128	     39.78592492	    -30.24105837	     -0.12901466	     24.30322533
      3.18333300	     29.08806878	      0.68163701	     -8.02095036	     -0.07212781	      0.98658115	      0.03924840	    -27.12668324	     -6.38380308	     -2.23508124	    -25.45583635	      1.09415846	    -17.31066898	     23.99969662	    -21.93177895	      0.46789490	    -25.36123426	    -11.92089988	    -12.85253994	     -2.69085639	     39.69107075	    -30.08693428	     -0.36639046	     24.35356594
      3.19166700	     28.96744795	      0.63486425	     -8.27717788	     -0.06827980	      0.98623984	      0.03824701	    -26.63276421	     -6.45649992	     -1.50279323	    -26.52362735	      1.10607070	    -18.24340114	     23.66958362	    -21.98425604	      0.62958494	    -25.44247068	    -11.99378295	    -12.77226991	     -2.79575917	     39.68210623	    -29.95681318	     -0.40496331	     24.85261438
      3.20000000	     28.93355361	      0.65570798	     -8.60401911	     -0.06448584	      0.98599492	      0.03735383	    -26.14621385	     -6.64703116	     -0.80030440	    -27.70783472	      1.17515398	    -18.96079644	     23.48443578	    -22.15420471	      0.89766387	    -25.59825111	    -12.03268655	    -12.73585242	     -2.93978050	     39.60386645	    -29.84281741	     -0.70954881	     24.93073837
      3.20833300	     28.80992045	      0.64266303	     -8.90687934	     -0.06085317	      0.98576593	      0.03644979	    -25.48561645	     -6.75143236	     -0.02797834	    -29.00165876	      1.12661129	    -19.77353920	     23.18698448	    -22.20935948	      1.08882284	    -25.70725599	    -12.13158233	    -12.60071347	     -3.04239359	     39.57621358	    -29.68429998	     -0.90472204	     25.17575686
      3.21666700	     28.77398411	      0.47984460	     -9.37065299	     -0.05741821	      0.98564673	      0.03543351	    -24.81113778	     -6.80026360	      0.93505199	    -30.42429353	      1.08010506	    -20.53003113	     22.70714334	    -22.43364187	      1.22529412	    -26.14111435	    -12.15213162	    -12.46767188	     -2.85692639	     39.47837945	    -29.80854710	     -0.61266634	     26.56920187
      3.22500000	     28.67621982	      0.50649768	     -9.63677157	     -0.05389548	      0.98550731	      0.03447722	    -24.06280137	     -6.93852473	      1.51662463	    -31.87856387	      0.95234783	    -21.12372072	     22.53040312	    -22.53140438	      1.44507946	    -26.28439010	    -12.19507358	    -12.37573932	     -2.89027533	     39.41824006	    -29.65465589	     -0.86057684	     26.58749851
      3.23333300	     28.56004423	      0.50105088	     -9.84750720	     -0.05047185	      0.98539469	      0.03345568	    -23.26952920	     -7.00822823	      2.05340080	    -33.36226417	      0.78929160	    -21.71346590	     22.31137234	    -22.61411632	      1.60501048	    -26.39595538	    -12.21951948	    -12.27209663	     -2.81022831	     39.40011296	    -29.51342486	     -0.99707689	     26.66893436
      3.24166700	     28.43035977	      0.43114120	    -10.03935135	     -0.04708962	      0.98531934	      0.03237383	    -22.45117870	     -7.00492982	      2.56705907	    -34.83786503	      0.54628669	    -22.21855624	     22.08757095	    -22.71451945	      1.69749195	    -26.55528056	    -12.19960045	    -12.11503152	     -2.66065469	     39.46806480	    -29.37562751	     -1.00124600	     26.84570046
      3.25000000	     28.34830259	      0.41236462	    -10.17796193	     -0.04384771	      0.98529222	      0.03124749	    -21.67773704	     -7.04306488	      2.96707106	    -36.29016825	      0.34487161	    -22.62553428	     21.91909549	    -22.84220736	      1.82197525	    -26.67119726	    -12.18536818	    -12.04513943	     -2.49737847	     39.59432956	    -29.31513165	     -1.01289708	     26.98487424
      3.25833300	     28.29815186	      0.21316929	    -10.39149837	     -0.04067718	      0.98534329	      0.03000684	    -20.94386629	     -6.94776076	      3.47572572	    -37.67452359	      0.02356774	    -22.97370578	     21.81038861	    -23.07519742	      1.81472717	    -27.07056562	    -12.11924240	    -11.90824670	     -2.16491129	     40.05716375	    -29.42334471	     -0.59243201	     27.92734314
      3.26666700	     28.22412260	      0.18452524	    -10.45615356	     -0.03754984	      0.98539885	      0.02883022	    -20.21999136	     -6.95626335	      3.74149072	    -38.97240434	     -0.19136400	    -23.18756677	     21.73083476	    -23.25389872	      1.92662061	    -27.10589069	    -12.00155882	    -11.84713274	     -2.07438976	     40.09176867	    -29.36258983	     -0.57089214	     27.90749840
      3.27500000	     28.12370511	      0.11650040	    -10.45065176	     -0.03443858	      0.98547808	      0.02759891	    -19.51801865	     -6.89798155	      3.91994563	    -40.14705099	     -0.42657787	    -23.38653241	     21.68987310	    -23.42162052	      1.96428990	    -27.13526686	    -11.86559737	    -11.74432890	     -1.84453656	     40.17749839	    -29.28900350	     -0.44396050	     27.90309825
      3.28333300	     28.03627870	      0.03792766	    -10.39645447	     -0.03135004	      0.98560425	      0.02632962	    -18.88496834	     -6.82400978	      4.00951663	    -41.17228992	     -0.61346102	    -23.56685191	     21.69445033	    -23.62896795	      1.98462889	    -27.14234504	    -11.67345966	    -11.63710707	     -1.57910607	     40.25273242	    -29.23483311	     -0.26037664	     27.90855291
      3.29166700	     27.94403656	     -0.11906179	    -10.32552986	     -0.02835756	      0.98578808	      0.02507097	    -18.30168223	     -6.65439358	      4.12266695	    -42.02508639	     -0.85585755	    -23.83383594	     21.84356127	    -23.83139303	      1.90594723	    -27.24683094	    -11.52309892	    -11.48810548	     -1.20986128	     40.26580924	    -29.22269333	      0.05393411	     28.01751826
      3.30000000	     27.85998662	     -0.18596146	    -10.15378731	     -0.02541930	      0.98598896	      0.02378571	    -17.78877072	     -6.55862256	      4.04785770	    -42.69785194	     -0.87343093	    -23.97548159	     21.90128729	    -24.02480206	      1.88278930	    -27.14099261	    -11.33127939	    -11.42427560	     -0.97766397	     40.34721573	    -29.21233115	      0.32481444	     28.06445337
      3.30833300	     27.76442806	     -0.35959968	     -9.99518961	     -0.02253982	      0.98625238	      0.02255883	    -17.32842944	     -6.33947766	      4.04535021	    -43.15183863	     -0.96747303	    -24.32746056	     22.07128978	    -24.21815658	      1.74552466	    -27.15254491	    -11.17012253	    -11.27674138	     -0.63921242	     40.36690900	    -29.21835986	      0.72010107	     28.19251570
      3.31666700	     27.65193754	     -0.45548543	     -9.74466860	     -0.01966232	      0.98652717	      0.02132871	    -16.92450685	     -6.18558979	      3.87210714	    -43.37749778	     -0.83150686	    -24.45370008	     22.11905756	    -24.36728094	      1.64346826	    -26.98666997	    -10.99874663	    -11.20530105	     -0.45788981	     40.44066018	    -29.19060154	      1.08294496	     28.25361772
      3.32500000	     27.53309567	     -0.58857474	     -9.46772301	     -0.01685396	      0.98684800	      0.02016727	    -16.57952531	     -5.96985095	      3.69360010	    -43.38008798	     -0.67207349	    -24.68632712	     22.08840221	    -24.50037962	      1.48087896	    -26.80746236	    -10.85200693	    -11.11372060	     -0.26694284	     40.49339504	    -29.16722986	      1.48249234	     28.30879343
      3.33333300	     27.41216401	     -0.72795191	     -9.16199870	     -0.01413081	      0.98718974	      0.01906167	    -16.28198543	     -5.73542963	      3.48077746	    -43.18798240	     -0.46265686	    -24.93898476	     21.99075786	    -24.61777947	      1.29140668	    -26.58271642	    -10.71854197	    -11.03196591	     -0.09588865	     40.53764900	    -29.15599989	      1.89809938	     28.36171744
      3.34166700	     27.29685331	     -0.87391662	     -8.82606447	     -0.01140806	      0.98756631	      0.01799526	    -16.05973322	     -5.48873630	      3.20748063	    -42.78112933	     -0.23611635	    -25.24677324	     21.81151220	    -24.73576674	      1.07925167	    -26.36215639	    -10.59214194	    -10.93974340	      0.05612707	     40.54813543	    -29.14399694	      2.33556455	     28.42664820
      3.35000000	     27.20594640	     -1.02746418	     -8.48541715	     -0.00878103	      0.98797866	      0.01700363	    -15.91844023	     -5.22627704	      2.95078060	    -42.17949864	     -0.02736433	    -25.58188599	     21.55786393	    -24.87301106	      0.85735148	    -26.11275691	    -10.46832480	    -10.84567523	      0.22361775	     40.45474721	    -29.17013517	      2.77551797	     28.51980775
      3.35833300	     27.05795550	     -1.16512761	     -8.15027521	     -0.00615088	      0.98832479	      0.01606418	    -15.75347250	     -4.98674585	      2.69070787	    -41.42030907	      0.18989270	    -25.65888748	     21.53476912	    -24.92935150	      0.63877517	    -25.88546111	    -10.37239892	    -10.75233655	      0.28786864	     40.46920032	    -29.11695923	      3.19344628	     28.56517112
      3.36666700	     26.93006141	     -1.30095301	     -7.80693900	     -0.00360749	      0.98868122	      0.01519217	    -15.65542263	     -4.74039472	      2.44751802	    -40.50634002	      0.36330893	    -25.70167334	     21.59242547	    -24.99450647	      0.41584337	    -25.62033349	    -10.28569778	    -10.66164178	      0.33480741	     40.44161480	    -29.09062916	      3.60516113	     28.60502513
      3.37500000	     26.80415755	     -1.42586903	     -7.47410348	     -0.00115989	      0.98901660	      0.01440118	    -15.58980365	     -4.50356469	      2.24148788	    -39.46903639	      0.51947239	    -25.62495579	     21.83190099	    -25.04252584	      0.20160606	    -25.33744854	    -10.21904698	    -10.56674528	      0.36406165	     40.35936818	    -29.06854859	      3.99502371	     28.65006655
      3.38333300	     26.66446251	     -1.55022697	     -7.17889146	      0.00121780	      0.98931695	      0.01371380	    -15.53031035	     -4.27034649	      2.11457451	    -38.33613011	      0.65338359	    -25.39115958	     22.24068423	    -25.06443489	     -0.00366988	    -25.07897335	    -10.16953004	    -10.46778416	      0.36117043	     40.25854525	    -29.02830785	      4.35857410	     28.69252252
      3.39166700	     26.52274256	     -1.66428318	     -6.92392438	      0.00350662	      0.98958333	      0.01310610	    -15.47969360	     -4.05596491	      2.06042140	    -37.14059613	      0.76390756	    -25.04136905	     22.76551874	    -25.06870671	     -0.18551754	    -24.84423124	    -10.14099622	    -10.37113519	      0.33577763	     40.14314960	    -28.98533964	      4.69173737	     28.74531208
      3.40000000	     26.38070580	     -1.76808303	     -6.71847205	      0.00571962	      0.98981607	      0.01260809	    -15.43528847	     -3.86109700	      2.08119668	    -35.90692053	      0.83335661	    -24.60406645	     23.34591847	    -25.06449720	     -0.34056443	    -24.64543679	    -10.12384209	    -10.27726329	      0.29405497	     40.01005749	    -28.93943964	      4.98983465	     28.81612630
      3.40833300	     26.24172695	     -1.86985357	     -6.56941308	      0.00791800	      0.99001475	      0.01217349	    -15.39763205	     -3.69322196	      2.14531104	    -34.66049196	      0.84095962	    -24.09267263	     24.01625278	    -25.08399846	     -0.45885215	    -24.48384018	    -10.06697286	    -10.19143372	      0.25517858	     39.81027891	    -28.88604169	      5.27343092	     28.92968441
      3.41666700	     26.10064227	     -1.95898141	     -6.45033952	      0.00999486	      0.99017359	      0.01182956	    -15.36031588	     -3.53640007	      2.28094689	    -33.41849385	      0.79801779	    -23.52641204	     24.58705960	    -25.06177657	     -0.57035593	    -24.35772292	    -10.09050333	    -10.06884635	      0.22601456	     39.62183552	    -28.84357805	      5.53416024	     29.05259454
      3.42500000	     25.97064930	     -2.04175111	     -6.38796786	      0.01208016	      0.99030239	      0.01156070	    -15.33628737	     -3.41596795	      2.43381701	    -32.20351388	      0.70092089	    -22.87390162	     25.20969139	    -25.08090183	     -0.63879407	    -24.25453813	    -10.05750808	     -9.97037962	      0.20981795	     39.35764840	    -28.80095169	      5.77475575	     29.24360453
      3.43333300	     25.84880911	     -2.11718286	     -6.35589755	      0.01409915	      0.99039954	      0.01135556	    -15.32158737	     -3.31459661	      2.60919014	    -31.02921484	      0.51662073	    -22.17317300	     25.77222839	    -25.09409913	     -0.69229036	    -24.18330481	    -10.05096048	     -9.85289474	      0.15018656	     39.12634763	    -28.76877246	      6.00478019	     29.45412480
      3.44166700	     25.74048504	     -2.18398409	     -6.35822012	      0.01609770	      0.99046873	      0.01121434	    -15.32321450	     -3.23902694	      2.78569839	    -29.91015113	      0.24899568	    -21.42138438	     26.27178505	    -25.12364347	     -0.72031298	    -24.13796937	    -10.03842246	     -9.74908842	      0.02921876	     38.94728849	    -28.74327529	      6.21273364	     29.67455218
      3.45000000	     25.64341830	     -2.23743176	     -6.38473919	      0.01807609	      0.99050560	      0.01112820	    -15.33808689	     -3.19324522	      2.93508405	    -28.85600909	     -0.10365383	    -20.61083493	     26.69369175	    -25.16365263	     -0.72551199	    -24.10895604	    -10.02376839	     -9.65428005	     -0.14369836	     38.82865555	    -28.71956937	      6.39911049	     29.88981789
      3.45833300	     25.56193658	     -2.27713604	     -6.43180397	      0.02004726	      0.99051257	      0.01110086	    -15.37302461	     -3.17674849	      3.03547907	    -27.87585005	     -0.54489990	    -19.74556936	     27.02066967	    -25.22019594	     -0.70914799	    -24.08891203	    -10.00913065	     -9.56685297	     -0.33553369	     38.74651853	    -28.69641484	      6.55785462	     30.08635829
      3.46666700	     25.49542934	     -2.30501519	     -6.49199265	      0.02202546	      0.99048773	      0.01114569	    -15.43048848	     -3.18225427	      3.07041265	    -26.97882611	     -1.06881223	    -18.86328802	     27.22615184	    -25.29199931	     -0.68093745	    -24.07401046	    -10.00268364	     -9.47401872	     -0.50181010	     38.66993196	    -28.66734956	      6.67831861	     30.23756902
      3.47500000	     25.44926350	     -2.31036059	     -6.56949257	      0.02399594	      0.99043313	      0.01122651	    -15.51008737	     -3.22911330	      3.02545627	    -26.17975399	     -1.66572267	    -17.94724885	     27.30761964	    -25.38990765	     -0.61896436	    -24.05064285	     -9.97939842	     -9.39117393	     -0.65021818	     38.58659927	    -28.64463027	      6.76760580	     30.35219993
      3.48333300	     25.42142972	     -2.30111858	     -6.65152367	      0.02597444	      0.99034470	      0.01137330	    -15.61831039	     -3.29770496	      2.90175477	    -25.48096941	     -2.27114341	    -17.04693417	     27.24418955	    -25.50460263	     -0.54532805	    -24.01912866	     -9.96273701	     -9.29966333	     -0.80285395	     38.51351418	    -28.61863171	      6.81708977	     30.41266461
      3.49166700	     25.41182386	     -2.27867664	     -6.73470031	      0.02793156	      0.99022716	      0.01158056	    -15.76072691	     -3.38105697	      2.73397999	    -24.87598598	     -2.82065007	    -16.21892571	     27.04417290	    -25.62600008	     -0.46577394	    -23.98222151	     -9.97105802	     -9.19548518	     -0.96323498	     38.45824798	    -28.59317555	      6.82933941	     30.40636701
      3.50000000	     25.41662976	     -2.21115086	     -6.84389709	      0.02992049	      0.99007292	      0.01186762	    -15.91206988	     -3.52615969	      2.49117509	    -24.41356833	     -3.19299850	    -15.42884677	     26.51004895	    -25.78404035	     -0.32097684	    -23.92092864	     -9.92072532	     -9.13273772	     -1.14986066	     38.40389892	    -28.53653928	      6.74778961	     30.29662047
      3.50833300	     25.42601406	     -2.13802111	     -6.95793939	      0.03187688	      0.98988877	      0.01221299	    -16.09265452	     -3.67287824	      2.28377558	    -24.03019884	     -3.37425136	    -14.79090095	     25.75686622	    -25.93018341	     -0.17858744	    -23.86604313	     -9.90614995	     -9.03885848	     -1.35524523	     38.37222487	    -28.46879702	      6.63344199	     30.09463213
      3.51666700	     25.43148579	     -2.05269544	     -7.10385720	      0.03382598	      0.98967684	      0.01262839	    -16.28150794	     -3.84241502	      2.10953136	    -23.71910075	     -3.40811231	    -14.27483952	     24.90291721	    -26.07555708	     -0.01233389	    -23.83555913	     -9.88455921	     -8.96281287	     -1.56586390	     38.34717423	    -28.38023342	      6.48384335	     29.87214011
      3.52500000	     25.45589182	     -1.98667027	     -7.25905392	      0.03576631	      0.98947529	      0.01306750	    -16.52380405	     -4.00544821	      1.94623865	    -23.40545701	     -3.40560085	    -13.80320691	     24.36534384	    -26.24048742	      0.13762612	    -23.84363808	     -9.87598315	     -8.88840586	     -1.74486055	     38.32390891	    -28.31345870	      6.36303521	     29.73508058
      3.53333300	     25.48073550	     -1.90729978	     -7.41247827	      0.03771535	      0.98927486	      0.01350056	    -16.77916319	     -4.19261316	      1.74839513	    -23.10322809	     -3.33405253	    -13.24001577	     23.95079975	    -26.41701256	      0.30811354	    -23.83577544	     -9.83266474	     -8.81947075	     -1.92528983	     38.31410871	    -28.24737038	      6.25896941	     29.60974756
      3.54166700	     25.51954138	     -1.86318560	     -7.55891020	      0.03965377	      0.98911569	      0.01396312	    -17.07569759	     -4.34252953	      1.56749780	    -22.76347131	     -3.25440218	    -12.64559333	     23.73802940	    -26.61500659	      0.44149893	    -23.85254259	     -9.78955467	     -8.75425152	     -2.11182316	     38.29395843	    -28.18793553	      6.17999038	     29.49244519
      3.55000000	     25.56792138	     -1.82566152	     -7.68295836	      0.04156500	      0.98899903	      0.01440257	    -17.38709012	     -4.48324801	      1.38298194	    -22.41856584	     -3.17546604	    -12.03139198	     23.60104978	    -26.82676102	      0.56511486	    -23.84736643	     -9.73125912	     -8.69388443	     -2.30870334	     38.27105559	    -28.14208576	      6.13441921	     29.36720098
      3.55833300	     25.61969154	     -1.80729976	     -7.78188544	      0.04343312	      0.98892968	      0.01484596	    -17.69474616	     -4.59082990	      1.21324707	    -22.09774727	     -3.11296413	    -11.51102287	     23.48997142	    -27.04268702	      0.65922336	    -23.82487592	     -9.66904937	     -8.64062867	     -2.51258087	     38.23949066	    -28.10130355	      6.11292359	     29.24146782
      3.56666700	     25.65675070	     -1.83372619	     -7.86346587	      0.04528439	      0.98889868	      0.01527533	    -17.96697720	     -4.63807256	      1.07109156	    -21.83675248	     -3.08593531	    -11.14309591	     23.42085026	    -27.25210374	      0.70174752	    -23.82503705	     -9.59929219	     -8.57981771	     -2.71520879	     38.19528822	    -28.04738523	      6.15224865	     29.13362967
      3.57500000	     25.70414449	     -1.84779228	     -7.90488004	      0.04706295	      0.98891810	      0.01565575	    -18.24275261	     -4.68464838	      0.92968462	    -21.59749005	     -3.06828298	    -10.80109821	     23.36993873	    -27.45953299	      0.74001942	    -23.77646594	     -9.53296165	     -8.53806297	     -2.92206093	     38.15117987	    -28.01479452	      6.21257990	     29.03659043
      3.58333300	     25.73731634	     -1.87819380	     -7.92078519	      0.04880242	      0.98896363	      0.01603448	    -18.49886106	     -4.69651221	      0.80440164	    -21.37983386	     -3.07166009	    -10.51766382	     23.35701937	    -27.64582954	      0.74392844	    -23.72829899	     -9.47531757	     -8.49360172	     -3.11955679	     38.11442610	    -27.96766633	      6.29547519	     28.94549213
      3.59166700	     25.79045528	     -1.88513202	     -7.88178716	      0.05048890	      0.98904938	      0.01636967	    -18.79335682	     -4.71586559	      0.63727711	    -21.13953577	     -3.05144919	    -10.20257615	     23.38149335	    -27.83736514	      0.74548867	    -23.61710249	     -9.42334539	     -8.48199359	     -3.33039352	     38.09044329	    -27.94215810	      6.37946171	     28.82659240
      3.60000000	     25.83946263	     -1.90024772	     -7.81259415	      0.05215810	      0.98914736	      0.01670465	    -19.09228931	     -4.71268108	      0.43573926	    -20.89646662	     -3.04908329	     -9.91379738	     23.42677900	    -28.01717159	      0.71774386	    -23.51201944	     -9.38294517	     -8.45538199	     -3.52994396	     38.08577397	    -27.90291016	      6.46674930	     28.66906891
      3.60833300	     25.89041895	     -1.90540173	     -7.70373537	      0.05379440	      0.98925457	      0.01703081	    -19.40623790	     -4.70143853	      0.19275167	    -20.63929097	     -3.05158557	     -9.64185578	     23.47647127	    -28.18524633	      0.67350247	    -23.38375351	     -9.35763085	     -8.42570094	     -3.71213142	     38.09911549	    -27.85878726	      6.54785855	     28.47165096
      3.61666700	     25.93960094	     -1.89037839	     -7.55420695	      0.05538901	      0.98935635	      0.01735295	    -19.72723671	     -4.69002773	     -0.09454499	    -20.37510529	     -3.04548463	     -9.38216004	     23.51919775	    -28.33512943	      0.62137906	    -23.21832392	     -9.34457403	     -8.39776274	     -3.87803999	     38.12726567	    -27.80259029	      6.60709861	     28.21250374
      3.62500000	     25.96051050	     -1.79387672	     -7.33808897	      0.05699343	      0.98943909	      0.01773877	    -20.02871620	     -4.72425409	     -0.48787265	    -20.10157608	     -3.03646966	     -9.05893903	     23.57905832	    -28.43805609	      0.60357473	    -22.91617499	     -9.31704935	     -8.44124676	     -4.12244334	     38.15104065	    -27.61157603	      6.42140847	     27.41487316
      3.63333300	     25.94401716	     -1.81889956	     -7.18476495	      0.05848680	      0.98946985	      0.01806686	    -20.26164393	     -4.64031197	     -0.70114452	    -19.86886793	     -3.03503110	     -8.93785217	     23.57438524	    -28.49998288	      0.48698943	    -22.82453451	     -9.34353714	     -8.34152573	     -4.18615568	     38.17572633	    -27.52224067	      6.57850858	     27.32909203
      3.64166700	     25.97289084	     -1.80174451	     -6.97701706	      0.05989828	      0.98952804	      0.01838020	    -20.55035174	     -4.58461758	     -1.00235624	    -19.62243716	     -3.02896994	     -8.74270438	     23.57910333	    -28.59714423	      0.38615854	    -22.64621447	     -9.35728144	     -8.30796656	     -4.24796612	     38.20905947	    -27.47623352	      6.68253524	     27.17704440
      3.65000000	     26.00871898	     -1.61576105	     -6.65000290	      0.06130014	      0.98956427	      0.01877899	    -20.85962565	     -4.65083043	     -1.54006295	    -19.37040964	     -2.94828833	     -8.40338500	     23.66549427	    -28.65476737	      0.37718357	    -22.22231382	     -9.38162380	     -8.34560242	     -4.45616733	     38.21496749	    -27.27464834	      6.33691358	     26.07565159
      3.65833300	     25.95078574	     -1.61137297	     -6.46257978	      0.06259397	      0.98953203	      0.01913542	    -21.01507696	     -4.56193679	     -1.76086485	    -19.18025298	     -2.94927425	     -8.34263128	     23.65683716	    -28.64565935	      0.25376016	    -22.08670136	     -9.41644706	     -8.26073657	     -4.46175528	     38.25662158	    -27.16568700	      6.47424509	     26.03563120
      3.66666700	     25.95006756	     -1.58316542	     -6.25056059	      0.06380771	      0.98953060	      0.01949335	    -21.23319202	     -4.49720920	     -2.04457458	    -18.98314082	     -2.94137033	     -8.19911546	     23.67716177	    -28.69602812	      0.14910479	    -21.90782380	     -9.43208356	     -8.20937193	     -4.47522831	     38.28910712	    -27.11172152	      6.55338262	     25.90553659
      3.67500000	     25.96783630	     -1.41409268	     -5.93204188	      0.06502183	      0.98952671	      0.01993766	    -21.48998589	     -4.53366549	     -2.55648728	    -18.77081031	     -2.89086207	     -7.90814429	     23.85662225	    -28.73423179	      0.11822098	    -21.50627880	     -9.44932089	     -8.21490522	     -4.59237570	     38.22302660	    -26.93155289	      6.20980997	     24.86053844
      3.68333300	     25.89722943	     -1.41066986	     -5.78231849	      0.06609452	      0.98946869	      0.02036397	    -21.59240557	     -4.44662003	     -2.71077781	    -18.61574853	     -2.86110697	     -7.86046843	     23.86145114	    -28.70461265	      0.00624934	    -21.40921458	     -9.47923128	     -8.16560146	     -4.59060042	     38.25538929	    -26.84632686	      6.30778352	     24.85765943
      3.69166700	     25.88501893	     -1.38136010	     -5.59268182	      0.06714921	      0.98943696	      0.02072590	    -21.75870719	     -4.38940987	     -3.00065680	    -18.46932704	     -2.86615494	     -7.71622001	     23.89182564	    -28.74987414	     -0.08623410	    -21.23965837	     -9.46448088	     -8.09378607	     -4.56496821	     38.29327958	    -26.79453580	      6.38041004	     24.76966828
      3.70000000	     25.88914680	     -1.24777905	     -5.33873950	      0.06817732	      0.98940062	      0.02117104	    -21.96062813	     -4.41098677	     -3.43420283	    -18.29212863	     -2.83494401	     -7.44756333	     24.11462950	    -28.78494981	     -0.11895187	    -20.92885682	     -9.46219442	     -8.07653943	     -4.60780986	     38.19569011	    -26.65732217	      6.07867274	     23.90696594
      3.70833300	     25.82959890	     -1.24279968	     -5.21204329	      0.06910139	      0.98932393	      0.02156296	    -22.04074573	     -4.33981079	     -3.60293846	    -18.17766469	     -2.81649560	     -7.38887915	     24.12446535	    -28.77784027	     -0.20907819	    -20.82792822	     -9.45453153	     -8.02255629	     -4.59434558	     38.22579674	    -26.59163360	      6.14886529	     23.89830348
      3.71666700	     25.78482092	     -1.23337500	     -5.18316196	      0.06995935	      0.98925006	      0.02203919	    -22.11086473	     -4.31070152	     -3.64633582	    -18.07633671	     -2.77808791	     -7.36842990	     24.13901050	    -28.79908405	     -0.24100543	    -20.83412090	     -9.42915488	     -8.01163528	     -4.59973366	     38.22377557	    -26.53961495	      6.14580171	     23.90715440
      3.72500000	     25.78960441	     -1.22545720	     -5.03154302	      0.07079400	      0.98919753	      0.02238031	    -22.25024931	     -4.25030929	     -3.91748378	    -17.97457504	     -2.77950491	     -7.14179338	     24.22057632	    -28.85857531	     -0.33514090	    -20.70472852	     -9.41351487	     -7.93498067	     -4.53107416	     38.24863780	    -26.54374233	      6.18720848	     23.81972342
      3.73333300	     25.74841702	     -1.22592560	     -5.02297407	      0.07155286	      0.98912674	      0.02283914	    -22.30062923	     -4.21999163	     -3.94104525	    -17.89873729	     -2.73759120	     -7.12525070	     24.24076478	    -28.88259390	     -0.36401150	    -20.71520282	     -9.38385071	     -7.93135369	     -4.53563524	     38.24209005	    -26.50705838	      6.16695107	     23.81502718
      3.74166700	     25.76344424	     -1.21731423	     -4.93508784	      0.07231072	      0.98907418	      0.02320608	    -22.42325720	     -4.18969045	     -4.15533452	    -17.81916655	     -2.72832608	     -6.88600173	     24.38437681	    -28.95637977	     -0.42303593	    -20.65422119	     -9.36387376	     -7.86789344	     -4.44658379	     38.23512257	    -26.51365584	      6.11880901	     23.61946232
      3.75000000	     25.72275093	     -1.22822102	     -4.94169623	      0.07298914	      0.98900850	      0.02363815	    -22.45336760	     -4.15643244	     -4.16384423	    -17.76890610	     -2.68903365	     -6.87804434	     24.40573891	    -28.98185079	     -0.45190147	    -20.65902134	     -9.32581859	     -7.86370585	     -4.45443633	     38.22771900	    -26.48461476	      6.09509958	     23.60346659
      3.75833300	     25.68820493	     -1.24454039	     -4.94953333	      0.07363618	      0.98894653	      0.02404658	    -22.48288681	     -4.12120910	     -4.17429329	    -17.72941098	     -2.66623137	     -6.85301410	     24.42812486	    -29.01224699	     -0.48353886	    -20.66958282	     -9.28913348	     -7.84486314	     -4.46217276	     38.22245321	    -26.45954258	      6.07070082	     23.58971123
      3.76666700	     25.68842037	     -1.24860410	     -4.95530878	      0.07426931	      0.98888762	      0.02443518	    -22.54955070	     -4.11450170	     -4.26081023	    -17.68232023	     -2.65443054	     -6.65417080	     24.59314437	    -29.07066991	     -0.50421018	    -20.69787963	     -9.27338128	     -7.80040460	     -4.40855089	     38.18869970	    -26.46073284	      5.98763777	     23.41580949
      3.77500000	     25.65215102	     -1.27484001	     -4.97210443	      0.07482528	      0.98883076	      0.02480648	    -22.56499016	     -4.07475474	     -4.25360659	    -17.65155586	     -2.62722122	     -6.63199893	     24.62783622	    -29.09645666	     -0.53778419	    -20.68034941	     -9.23317066	     -7.78788918	     -4.41754308	     38.17990816	    -26.44471346	      5.97374129	     23.38023133
      3.78333300	     25.61877123	     -1.28983041	     -4.99444544	      0.07536355	      0.98878178	      0.02516251	    -22.58144534	     -4.05129521	     -4.26621088	    -17.62055892	     -2.61595413	     -6.61944359	     24.64013342	    -29.11620911	     -0.55824087	    -20.68954392	     -9.20796760	     -7.77371626	     -4.42677323	     38.17465710	    -26.43306897	      5.95091620	     23.37902624
      3.79166700	     25.58584971	     -1.32501914	     -5.03292096	      0.07590333	      0.98872899	      0.02549284	    -22.60576315	     -4.01836116	     -4.24818041	    -17.56870761	     -2.60109541	     -6.55788288	     24.68209068	    -29.14755260	     -0.58438169	    -20.71104369	     -9.17019325	     -7.74339716	     -4.44666718	     38.15973641	    -26.40941851	      5.95078028	     23.34850745
      3.80000000	     25.55944985	     -1.35783264	     -5.07844934	      0.07634741	      0.98868541	      0.02582490	    -22.62098710	     -3.99516088	     -4.23026790	    -17.53230016	     -2.60110827	     -6.42983668	     24.77148815	    -29.16568934	     -0.60888382	    -20.75213207	     -9.16268828	     -7.71726068	     -4.45998842	     38.12697186	    -26.40954898	      5.91457765	     23.30708031
      3.80833300	     25.52450281	     -1.38155108	     -5.11200340	      0.07681030	      0.98863698	      0.02612708	    -22.63968260	     -3.97589378	     -4.23900661	    -17.47839576	     -2.59153580	     -6.34135666	     24.84405252	    -29.17945640	     -0.62857829	    -20.77071925	     -9.13912946	     -7.69959377	     -4.46266029	     38.10602234	    -26.39093030	      5.89059037	     23.28444185
      3.81666700	     25.48668801	     -1.40765580	     -5.13901230	      0.07723266	      0.98859363	      0.02640429	    -22.65681798	     -3.95240771	     -4.24914862	    -17.41795126	     -2.59348238	     -6.25588834	     24.90629517	    -29.18177602	     -0.65476795	    -20.79142685	     -9.12644000	     -7.67891847	     -4.47067595	     38.08995402	    -26.37567089	      5.87527992	     23.26232235
      3.82500000	     25.45069349	     -1.42506796	     -5.16040300	      0.07763316	      0.98855701	      0.02667332	    -22.68004679	     -3.93327391	     -4.26733076	    -17.35137396	     -2.58528280	     -6.22296376	     24.92875917	    -29.18344330	     -0.67479478	    -20.80422854	     -9.11129797	     -7.66696381	     -4.47776623	     38.08461266	    -26.35431745	      5.85783276	     23.26341165
      3.83333300	     25.39910755	     -1.44033920	     -5.16937254	      0.07803050	      0.98849168	      0.02691030	    -22.68480796	     -3.92266340	     -4.34081233	    -17.28672043	     -2.58939706	     -6.01453262	     25.06547322	    -29.15845450	     -0.70303792	    -20.82646142	     -9.11338614	     -7.62974692	     -4.45753113	     38.07515964	    -26.32005291	      5.83611063	     23.21414121
      3.84166700	     25.36102348	     -1.45434508	     -5.17603050	      0.07835329	      0.98846078	      0.02714996	    -22.71674126	     -3.90023613	     -4.34995109	    -17.19178390	     -2.58754327	     -5.97943006	     25.08495362	    -29.14363603	     -0.72954732	    -20.83062660	     -9.11253893	     -7.63043651	     -4.46210139	     38.07123459	    -26.30605847	      5.82230318	     23.20900131
      3.85000000	     25.30662396	     -1.48269488	     -5.15327123	      0.07867519	      0.98840899	      0.02734841	    -22.73481468	     -3.85897543	     -4.41624365	    -17.09406614	     -2.62381141	     -5.80393565	     25.16295781	    -29.10332950	     -0.78950735	    -20.83208317	     -9.12741653	     -7.60216271	     -4.44808119	     38.07604490	    -26.27696695	      5.82388173	     23.15346983
      3.85833300	     25.26123839	     -1.45879815	     -5.09529470	      0.07905260	      0.98833744	      0.02751284	    -22.77478285	     -3.86526937	     -4.60493732	    -16.99030275	     -2.61395401	     -5.57262394	     25.30648322	    -29.07227601	     -0.81502076	    -20.79887951	     -9.12458940	     -7.56782031	     -4.37406847	     38.09585769	    -26.22642378	      5.77392241	     23.01460500
      3.86666700	     25.23605921	     -1.40585435	     -4.98306261	      0.07936854	      0.98828979	      0.02768655	    -22.85303869	     -3.87274637	     -4.84142645	    -16.86131013	     -2.60988582	     -5.36931050	     25.48013260	    -29.03705627	     -0.84800800	    -20.69531826	     -9.15130823	     -7.54538644	     -4.30980397	     38.10937654	    -26.17658687	      5.63139068	     22.64740309
      3.87500000	     25.18744286	     -1.41959503	     -4.95588169	      0.07963338	      0.98826593	      0.02786641	    -22.89182429	     -3.83866580	     -4.87654729	    -16.73197878	     -2.65189491	     -5.30312670	     25.49540847	    -29.00557295	     -0.89147769	    -20.70285812	     -9.14728629	     -7.55855299	     -4.32142563	     38.10205551	    -26.14891033	      5.61657698	     22.59308075
      3.88333300	     25.14200996	     -1.40955299	     -4.86682376	      0.07991272	      0.98822783	      0.02798701	    -22.94825862	     -3.81179762	     -5.03814990	    -16.59300523	     -2.67262983	     -5.10838501	     25.55830105	    -28.95962340	     -0.94938083	    -20.65736260	     -9.16405658	     -7.53552173	     -4.26463889	     38.13637154	    -26.11353764	      5.60159115	     22.48617707
      3.89166700	     25.12010533	     -1.35685674	     -4.73955434	      0.08023654	      0.98818362	      0.02806682	    -23.03439986	     -3.82379229	     -5.32359867	    -16.46477452	     -2.66176215	     -4.82694624	     25.67319503	    -28.94761445	     -0.97863230	    -20.57150739	     -9.14486675	     -7.50812983	     -4.15883765	     38.18548337	    -26.07255264	      5.51643123	     22.20744135
      3.90000000	     25.09256224	     -1.19878353	     -4.52182138	      0.08053570	      0.98815317	      0.02823361	    -23.14352873	     -3.88621338	     -5.71545278	    -16.30051966	     -2.65271159	     -4.61035790	     25.85212651	    -28.89151052	     -0.96522634	    -20.28987903	     -9.15079612	     -7.53842774	     -4.17389007	     38.14163562	    -25.93002904	      5.09459286	     21.21219906
      3.90833300	     25.03653060	     -1.19757657	     -4.43638503	      0.08072834	      0.98811912	      0.02831027	    -23.18281277	     -3.84590657	     -5.80655706	    -16.16214272	     -2.67726245	     -4.51299826	     25.86521094	    -28.83003267	     -1.02600989	    -20.25780891	     -9.16878956	     -7.51798398	     -4.16013620	     38.15592863	    -25.90320044	      5.12157599	     21.19488964
      3.91666700	     24.99972478	     -1.15655868	     -4.31000025	      0.08097761	      0.98806921	      0.02833745	    -23.24886277	     -3.84176129	     -6.03271651	    -16.03227346	     -2.68145599	     -4.29674950	     25.91811004	    -28.79953554	     -1.06378933	    -20.17633424	     -9.14738649	     -7.49817579	     -4.05521141	     38.19895457	    -25.87383131	      5.11758221	     21.09037874
      3.92500000	     24.99859036	     -1.01445402	     -4.11809530	      0.08122229	      0.98802911	      0.02845750	    -23.37457614	     -3.90669587	     -6.38471796	    -15.88003142	     -2.64978722	     -4.00956432	     26.06979762	    -28.77891403	     -1.04734331	    -19.96372426	     -9.14636395	     -7.51175177	     -3.98215971	     38.16061906	    -25.79460858	      4.75630016	     20.27066313
      3.93333300	     24.93189730	     -0.99937976	     -3.99841914	      0.08141695	      0.98797596	      0.02847196	    -23.40046839	     -3.86779338	     -6.52428457	    -15.75563781	     -2.67667635	     -3.92173688	     26.07804233	    -28.70962330	     -1.10787271	    -19.88548999	     -9.14169789	     -7.49046560	     -3.95542653	     38.18568016	    -25.75011947	      4.79591644	     20.23545915
      3.94166700	     24.90509479	     -0.95105168	     -3.87235876	      0.08161386	      0.98793289	      0.02849558	    -23.47029691	     -3.86828670	     -6.72159546	    -15.63299935	     -2.67862360	     -3.72132495	     26.13067230	    -28.68627459	     -1.13822862	    -19.79888108	     -9.12071190	     -7.48838496	     -3.84770215	     38.21741662	    -25.73263165	      4.75839485	     20.09786514
      3.95000000	     24.87274290	     -0.92358859	     -3.82664916	      0.08173271	      0.98790388	      0.02858041	    -23.51112398	     -3.87039230	     -6.73710096	    -15.52502086	     -2.66262447	     -3.70043368	     26.14048707	    -28.65852766	     -1.14595014	    -19.80501792	     -9.11355391	     -7.49402225	     -3.83649650	     38.21698596	    -25.72853317	      4.72579974	     20.09333079
      3.95833300	     24.88887019	     -0.78124653	     -3.59638848	      0.08196215	      0.98786127	      0.02862668	    -23.64823699	     -3.92797359	     -7.16761830	    -15.39821207	     -2.64151111	     -3.28864415	     26.30661782	    -28.66094385	     -1.14617308	    -19.56599658	     -9.09492370	     -7.48189460	     -3.65679818	     38.19238530	    -25.66659911	      4.36657600	     19.21336317
      3.96666700	     24.81869486	     -0.74805876	     -3.47629205	      0.08206364	      0.98782102	      0.02862738	    -23.64616206	     -3.90200606	     -7.27590261	    -15.31038739	     -2.65618722	     -3.27165320	     26.30149702	    -28.57739039	     -1.18984316	    -19.46039825	     -9.09465150	     -7.49645357	     -3.63359685	     38.21126320	    -25.62628998	      4.38265112	     19.19275619
      3.97500000	     24.79871350	     -0.63460199	     -3.29132941	      0.08224300	      0.98777769	      0.02866912	    -23.71853396	     -3.93801197	     -7.58411970	    -15.21578812	     -2.62691268	     -3.05925342	     26.41560852	    -28.54734629	     -1.18978042	    -19.26323480	     -9.07507012	     -7.49774322	     -3.56828662	     38.14450614	    -25.54961095	      4.10170313	     18.51775496
      3.98333300	     24.76338768	     -0.60948532	     -3.24294843	      0.08231819	      0.98774887	      0.02870613	    -23.73287122	     -3.93784272	     -7.60061723	    -15.14443446	     -2.62699348	     -3.04993096	     26.41679536	    -28.52070716	     -1.19620910	    -19.25198926	     -9.05215763	     -7.48950360	     -3.55405168	     38.15296484	    -25.54311163	      4.08340720	     18.53392775
      3.99166700	     24.70877518	     -0.57752703	     -3.13947520	      0.08239039	      0.98770183	      0.02869406	    -23.71932209	     -3.92452447	     -7.71868524	    -15.10118401	     -2.63725336	     -2.96390981	     26.43389145	    -28.46356982	     -1.22911758	    -19.16190449	     -9.03034635	     -7.49216427	     -3.45233384	     38.19086638	    -25.52286097	      4.08756537	     18.51086460
      4.00000000	     24.69320690	     -0.49890529	     -3.01352656	      0.08250606	      0.98766149	      0.02873835	    -23.76569229	     -3.94820505	     -7.91242907	    -15.03593000	     -2.62649033	     -2.80730933	     26.52500376	    -28.44182748	     -1.23146371	    -19.05768760	     -9.01903765	     -7.46293063	     -3.32965337	     38.13515338	    -25.48231657	      3.87366814	     18.02557334
      4.00833300	     24.65350619	     -0.46839287	     -2.95775654	      0.08253986	      0.98763441	      0.02874712	    -23.75013382	     -3.95021982	     -7.95022933	    -15.00861094	     -2.60689071	     -2.81776546	     26.52645686	    -28.40245397	     -1.23570198	    -19.02867068	     -9.00075736	     -7.48870322	     -3.30816884	     38.14169241	    -25.48061088	      3.86382596	     18.03336398
      4.01666700	     24.61504212	     -0.44504070	     -2.91051594	      0.08257615	      0.98760512	      0.02877859	    -23.73135389	     -3.94693038	     -7.98045728	    -14.98510796	     -2.60492793	     -2.81161075	     26.53027353	    -28.37020748	     -1.24308527	    -18.99944615	     -8.97466945	     -7.49462083	     -3.26977320	     38.15409749	    -25.47127197	      3.83405757	     18.03277223
      4.02500000	     24.57120607	     -0.41988788	     -2.85946888	      0.08258706	      0.98756725	      0.02878630	    -23.69026991	     -3.94649687	     -8.02584608	    -14.99338546	     -2.59225415	     -2.80550581	     26.54046611	    -28.32407577	     -1.25159511	    -18.97562667	     -8.95937167	     -7.50441581	     -3.20428734	     38.16767610	    -25.46487474	      3.80886134	     17.99341156
      4.03333300	     24.55402462	     -0.41244924	     -2.83428453	      0.08258578	      0.98754849	      0.02880544	    -23.67928308	     -3.93926613	     -8.02667618	    -14.98638562	     -2.59118450	     -2.80503767	     26.54157675	    -28.31375530	     -1.25934853	    -18.98531176	     -8.94048771	     -7.50203213	     -3.20115243	     38.16739334	    -25.48723392	      3.78744826	     17.99457803
      4.04166700	     24.51195938	     -0.37993574	     -2.79783771	      0.08258400	      0.98750659	      0.02882468	    -23.63337970	     -3.94967952	     -8.04629674	    -15.00016380	     -2.57814358	     -2.82913540	     26.54683539	    -28.26870616	     -1.25360575	    -18.96174959	     -8.92536461	     -7.52084263	     -3.12265606	     38.18003273	    -25.47658046	      3.73840265	     17.96130156
      4.05000000	     24.49608282	     -0.37551159	     -2.77585801	      0.08257840	      0.98749078	      0.02883376	    -23.61922312	     -3.94004375	     -8.04744615	    -14.99822152	     -2.57642422	     -2.83099654	     26.54773106	    -28.25823362	     -1.26172241	    -18.97313557	     -8.90916304	     -7.51811052	     -3.11975192	     38.17907967	    -25.49772324	      3.71820934	     17.95951564
      4.05833300	     24.43068293	     -0.35055632	     -2.74952882	      0.08260782	      0.98743367	      0.02887326	    -23.54200738	     -3.94234982	     -8.05339300	    -15.02523958	     -2.55365621	     -2.90674611	     26.55175985	    -28.18628549	     -1.26263622	    -18.97573121	     -8.90600943	     -7.51792721	     -3.01755873	     38.18244466	    -25.44354055	      3.63973251	     17.86523805
      4.06666700	     24.41896799	     -0.34628803	     -2.73058584	      0.08257536	      0.98743082	      0.02886731	    -23.52542130	     -3.93479960	     -8.04889182	    -15.03079672	     -2.55609101	     -2.90802889	     26.55208117	    -28.17551950	     -1.26792677	    -18.98113477	     -8.89565560	     -7.51709089	     -3.01546469	     38.18110371	    -25.47322235	      3.62313769	     17.86113730
      4.07500000	     24.40518517	     -0.33551558	     -2.71586316	      0.08252334	      0.98742763	      0.02887553	    -23.49071265	     -3.93503092	     -8.03970290	    -15.07196979	     -2.55069944	     -2.93735838	     26.55102874	    -28.15677321	     -1.26769081	    -18.97343476	     -8.89432945	     -7.52053360	     -2.99490444	     38.18067354	    -25.49334262	      3.58442174	     17.84619155
      4.08333300	     24.36895174	     -0.31664845	     -2.70828221	      0.08250689	      0.98740558	      0.02889483	    -23.43559734	     -3.94240157	     -8.02623122	    -15.10589070	     -2.52279625	     -3.01868948	     26.54769529	    -28.11901862	     -1.25616215	    -18.96875937	     -8.88304614	     -7.52505832	     -2.96037885	     38.17696228	    -25.48226784	      3.52415979	     17.81226648
      4.09166700	     24.35636354	     -0.31584848	     -2.69442747	      0.08249734	      0.98739965	      0.02888290	    -23.42020598	     -3.93328025	     -8.02114384	    -15.10742795	     -2.52364732	     -3.02614470	     26.54714527	    -28.10853348	     -1.26180655	    -18.97371284	     -8.87384580	     -7.52445148	     -2.95976607	     38.17520831	    -25.50030177	      3.50516959	     17.80980841
      4.10000000	     24.28845308	     -0.30670343	     -2.68988457	      0.08247398	      0.98736250	      0.02890779	    -23.32844297	     -3.92432164	     -7.95112405	    -15.14091827	     -2.52131180	     -3.19683680	     26.52811102	    -28.02796898	     -1.26256569	    -18.96480274	     -8.88110551	     -7.52872841	     -2.94106384	     38.15143518	    -25.44276123	      3.43590298	     17.71847026
      4.10833300	     24.28258917	     -0.30306737	     -2.67841727	      0.08244759	      0.98735301	      0.02888804	    -23.30548080	     -3.92127105	     -7.95189798	    -15.17366510	     -2.51934533	     -3.21330013	     26.52648717	    -28.02165402	     -1.26366058	    -18.95802976	     -8.87496636	     -7.52545024	     -2.93679097	     38.15085475	    -25.46726425	      3.41542547	     17.71564394
      4.11666700	     24.27261105	     -0.29161033	     -2.66560253	      0.08241226	      0.98733744	      0.02886488	    -23.27651635	     -3.92458943	     -7.94705481	    -15.20907555	     -2.50748067	     -3.25137108	     26.52273868	    -28.00651752	     -1.25906076	    -18.94563493	     -8.87421475	     -7.52824045	     -2.92675293	     38.15068753	    -25.48572535	      3.39083862	     17.71403327
      4.12500000	     24.25464064	     -0.27802079	     -2.65330153	      0.08238396	      0.98731586	      0.02884094	    -23.23990403	     -3.92880858	     -7.93678875	    -15.24324873	     -2.49263701	     -3.31439474	     26.51434663	    -27.98286482	     -1.25275316	    -18.93204262	     -8.87288010	     -7.53159793	     -2.91504142	     38.15029869	    -25.49481853	      3.36538213	     17.70922943
      4.13333300	     24.21363498	     -0.27094647	     -2.64065879	      0.08238336	      0.98728546	      0.02881353	    -23.18775870	     -3.92113631	     -7.90613787	    -15.26070253	     -2.48454299	     -3.44334311	     26.49200770	    -27.93621622	     -1.25337451	    -18.91963238	     -8.87087885	     -7.53099503	     -2.90690218	     38.14677746	    -25.47251748	      3.34010282	     17.68503786
      4.14166700	     24.20907906	     -0.26533215	     -2.62236630	      0.08238315	      0.98727464	      0.02875739	    -23.18114769	     -3.91890300	     -7.90064252	    -15.26639290	     -2.48507010	     -3.44442657	     26.49209675	    -27.93219970	     -1.25443738	    -18.92506028	     -8.86414565	     -7.53009870	     -2.90734290	     38.14655372	    -25.48501294	      3.33503647	     17.68548743
      4.15000000	     24.20362544	     -0.25765320	     -2.60781456	      0.08231087	      0.98726943	      0.02871333	    -23.15090007	     -3.92024369	     -7.89394978	    -15.31228412	     -2.47358283	     -3.48075509	     26.48822856	    -27.91384752	     -1.25602053	    -18.91016091	     -8.87637085	     -7.53058987	     -2.89892720	     38.15459053	    -25.51951254	      3.32299355	     17.68430804
      4.15833300	     24.18721008	     -0.24301256	     -2.58732652	      0.08228531	      0.98725764	      0.02865990	    -23.12094439	     -3.92372768	     -7.89645622	    -15.34248558	     -2.44751957	     -3.55850189	     26.47785841	    -27.88878182	     -1.25274170	    -18.89612553	     -8.87937525	     -7.52737940	     -2.88987376	     38.17378738	    -25.52954820	      3.30973643	     17.68716839
      4.16666700	     24.18123630	     -0.23813262	     -2.56952828	      0.08229188	      0.98725712	      0.02859131	    -23.11571633	     -3.92220926	     -7.89220874	    -15.34422888	     -2.44774480	     -3.56131499	     26.47746521	    -27.88392534	     -1.25341959	    -18.90226841	     -8.87081852	     -7.52643001	     -2.89078312	     38.17458502	    -25.53969850	      3.30532054	     17.68785333
      4.17500000	     24.14172757	     -0.22307496	     -2.54079924	      0.08226771	      0.98723814	      0.02853424	    -23.06196497	     -3.91773623	     -7.88972892	    -15.37347790	     -2.42886513	     -3.71359348	     26.44898951	    -27.82939256	     -1.25589285	    -18.87464563	     -8.87707673	     -7.52894317	     -2.89642740	     38.24204954	    -25.52669095	      3.29597494	     17.68378841
      4.18333300	     24.13413024	     -0.22189025	     -2.52266943	      0.08223368	      0.98723857	      0.02846825	    -23.04515253	     -3.91155378	     -7.87019581	    -15.38989623	     -2.43833813	     -3.73042116	     26.44536928	    -27.81258241	     -1.26337126	    -18.87254201	     -8.88379563	     -7.53519687	     -2.90631240	     38.26084312	    -25.54680051	      3.29329332	     17.67575030
      4.19166700	     24.11252116	     -0.20522789	     -2.49774395	      0.08222890	      0.98722030	      0.02839864	    -23.01419977	     -3.91503878	     -7.87636762	    -15.41286366	     -2.41668938	     -3.82320111	     26.43051829	    -27.77877423	     -1.25970767	    -18.86721075	     -8.89074926	     -7.53646711	     -2.93578016	     38.33035860	    -25.54491945	      3.28217906	     17.67308481
      4.20000000	     24.10739845	     -0.20110265	     -2.48069063	      0.08224535	      0.98720809	      0.02831949	    -23.01045054	     -3.91395153	     -7.87122353	    -15.41377278	     -2.41792177	     -3.82416090	     26.43036138	    -27.77436773	     -1.26025905	    -18.87285933	     -8.88248894	     -7.53627694	     -2.93769796	     38.33242886	    -25.55358044	      3.27831487	     17.67342175
      4.20833300	     24.10165681	     -0.19652379	     -2.46448919	      0.08225533	      0.98719514	      0.02823627	    -23.00466473	     -3.91379972	     -7.86715766	    -15.41551772	     -2.41789199	     -3.82760944	     26.42981079	    -27.76832691	     -1.25981446	    -18.87695160	     -8.87698645	     -7.53640225	     -2.93920227	     38.33588260	    -25.56476358	      3.27466424	     17.67364357
      4.21666700	     24.05528368	     -0.17122698	     -2.42875548	      0.08225863	      0.98716742	      0.02815865	    -22.95091985	     -3.91659613	     -7.87755729	    -15.43546397	     -2.39850521	     -3.99640380	     26.39364289	    -27.70033709	     -1.25608688	    -18.83669521	     -8.89374397	     -7.55550450	     -2.97904840	     38.48261675	    -25.53461384	      3.25886126	     17.66600430
      4.22500000	     24.05287739	     -0.16835397	     -2.41360422	      0.08226999	      0.98716308	      0.02807155	    -22.94818547	     -3.91615996	     -7.87029392	    -15.43916529	     -2.40064712	     -3.99607415	     26.39371806	    -27.69750424	     -1.25632327	    -18.84047599	     -8.89165366	     -7.55644715	     -2.98090944	     38.48492246	    -25.54103355	      3.25718452	     17.66492115
      4.23333300	     24.04949545	     -0.16506520	     -2.39888023	      0.08227992	      0.98716149	      0.02798253	    -22.94499672	     -3.91650101	     -7.86478976	    -15.44225939	     -2.40098056	     -3.99846458	     26.39335482	    -27.69221258	     -1.25588309	    -18.84322843	     -8.89186930	     -7.55761590	     -2.98231879	     38.48848320	    -25.54934149	      3.25449774	     17.66440529
      4.24166700	     24.00764152	     -0.15644912	     -2.36049826	      0.08226973	      0.98715479	      0.02790256	    -22.89925945	     -3.90019885	     -7.85196257	    -15.45338315	     -2.40867037	     -4.16559011	     26.34609989	    -27.62554385	     -1.27078093	    -18.80526332	     -8.91833865	     -7.59143073	     -3.05163724	     38.69980805	    -25.51602921	      3.23503593	     17.60393943
      4.25000000	     24.00581610	     -0.15244717	     -2.34718613	      0.08229854	      0.98715349	      0.02781097	    -22.90048890	     -3.90224776	     -7.84886986	    -15.45433019	     -2.40784384	     -4.16592261	     26.34634529	    -27.62414100	     -1.26846150	    -18.80995913	     -8.91724364	     -7.59093899	     -3.05266624	     38.70076135	    -25.51808548	      3.23248742	     17.60470882
      4.25833300	     24.00387967	     -0.14651435	     -2.33157585	      0.08233181	      0.98715050	      0.02770824	    -22.90247189	     -3.90585758	     -7.84720081	    -15.45417603	     -2.40524593	     -4.16881118	     26.34612061	    -27.62086758	     -1.26474982	    -18.81422495	     -8.91952250	     -7.59041009	     -3.05312211	     38.70298807	    -25.52086016	      3.22770203	     17.60670965
      4.26666700	     24.00379503	     -0.11799408	     -2.30960577	      0.08236201	      0.98714817	      0.02761111	    -22.91414936	     -3.92731386	     -7.86578571	    -15.44162227	     -2.38413886	     -4.19944055	     26.34010818	    -27.60173427	     -1.24773356	    -18.81068758	     -8.95517605	     -7.58934228	     -3.04902213	     38.72237925	    -25.52547889	      3.20819050	     17.61505938
      4.27500000	     24.00257541	     -0.11593336	     -2.29734901	      0.08240728	      0.98714274	      0.02751538	    -22.91532672	     -3.92833685	     -7.86437858	    -15.44593460	     -2.38337702	     -4.20194056	     26.33938315	    -27.60256248	     -1.24620112	    -18.81233238	     -8.95339719	     -7.58887327	     -3.04902183	     38.72442958	    -25.52445740	      3.20473076	     17.61597011
      4.28333300	     23.99860762	     -0.09276182	     -2.23998938	      0.08246694	      0.98714064	      0.02739464	    -22.92782700	     -3.92598804	     -7.91578278	    -15.44205525	     -2.37378932	     -4.30950374	     26.29068650	    -27.58980837	     -1.24930632	    -18.75176586	     -8.95744012	     -7.60119752	     -3.05207157	     38.83788921	    -25.51272215	      3.18720704	     17.53612726
      4.29166700	     23.99917948	     -0.09143617	     -2.22843973	      0.08251941	      0.98713560	      0.02730339	    -22.93123125	     -3.92632211	     -7.91282455	    -15.44605371	     -2.37309054	     -4.31008823	     26.29071206	    -27.59137811	     -1.24826043	    -18.75305137	     -8.96072918	     -7.60079790	     -3.05261022	     38.83872737	    -25.50904328	      3.18050508	     17.53805076
      4.30000000	     24.00376708	     -0.07094438	     -2.20851125	      0.08257909	      0.98712813	      0.02720792	    -22.94577782	     -3.94158851	     -7.92762359	    -15.44284349	     -2.35349546	     -4.33558519	     26.28466031	    -27.58680164	     -1.23503104	    -18.74303281	     -8.98312072	     -7.59580601	     -3.04840177	     38.85069865	    -25.50988814	      3.16059225	     17.53371488
      4.30833300	     24.00497522	     -0.06931664	     -2.19775213	      0.08264878	      0.98711880	      0.02711527	    -22.94996074	     -3.94299686	     -7.92489241	    -15.44886225	     -2.35309716	     -4.33746538	     26.28399354	    -27.59132460	     -1.23291800	    -18.74232990	     -8.98474492	     -7.59580627	     -3.04767518	     38.85157256	    -25.50342783	      3.15878848	     17.53375650
      4.31666700	     24.01476733	     -0.04560662	     -2.17011608	      0.08272597	      0.98711207	      0.02701451	    -22.97191920	     -3.95779286	     -7.95347109	    -15.44841503	     -2.32803178	     -4.38603484	     26.26858524	    -27.59808827	     -1.21938302	    -18.70978596	     -8.99527736	     -7.59164996	     -3.02443441	     38.86306213	    -25.50257773	      3.14211319	     17.52283044
      4.32500000	     24.01708029	     -0.04481702	     -2.15883011	      0.08280445	      0.98710415	      0.02691862	    -22.97720583	     -3.95810432	     -7.94991804	    -15.45590664	     -2.32914763	     -4.38772944	     26.26751319	    -27.60407005	     -1.21815738	    -18.70800722	     -8.99863452	     -7.59177796	     -3.02296350	     38.86316701	    -25.49428596	      3.14014216	     17.52220890
      4.33333300	     24.03215971	     -0.02310906	     -2.12240745	      0.08288614	      0.98710365	      0.02681537	    -23.00800896	     -3.96581495	     -7.98371280	    -15.45182471	     -2.31183338	     -4.44670495	     26.24372266	    -27.61596569	     -1.21126373	    -18.66910736	     -9.00870362	     -7.57777670	     -2.99111959	     38.86726718	    -25.49634626	      3.12170510	     17.49440135
      4.34166700	     24.03497095	     -0.02250999	     -2.11073601	      0.08297671	      0.98709731	      0.02672244	    -23.01451939	     -3.96607590	     -7.97931716	    -15.46040006	     -2.31298664	     -4.44772204	     26.24288415	    -27.62219380	     -1.21104093	    -18.66824224	     -9.01151791	     -7.57759694	     -2.99061158	     38.86702755	    -25.48587411	      3.11997679	     17.49334625
      4.35000000	     24.03838318	     -0.02016001	     -2.09828484	      0.08307185	      0.98709170	      0.02663094	    -23.02248961	     -3.96748468	     -7.97613484	    -15.46796795	     -2.31224335	     -4.45071417	     26.24177914	    -27.62881583	     -1.20959527	    -18.66732108	     -9.01447764	     -7.57594407	     -2.98999240	     38.86740904	    -25.47399917	      3.11757736	     17.49324301
      4.35833300	     24.07560649	     -0.00174637	     -2.02048621	      0.08316747	      0.98711698	      0.02652338	    -23.09109972	     -3.94889503	     -8.04925993	    -15.45348434	     -2.30977122	     -4.57231204	     26.16696619	    -27.66563515	     -1.22682014	    -18.57287467	     -9.01464095	     -7.56233639	     -2.96053868	     38.87491409	    -25.48013189	      3.07112621	     17.31328658
      4.36666700	     24.07797769	      0.00192202	     -2.00814612	      0.08326916	      0.98710784	      0.02643484	    -23.09766324	     -3.95159705	     -8.04368400	    -15.46250589	     -2.30862548	     -4.57187380	     26.16767678	    -27.67079471	     -1.22432149	    -18.57296775	     -9.02016595	     -7.56057224	     -2.96052061	     38.87473860	    -25.46814648	      3.06717056	     17.31451494
      4.37500000	     24.08295095	      0.00666855	     -1.99744343	      0.08337938	      0.98709646	      0.02634719	    -23.10685947	     -3.95619710	     -8.03941838	    -15.47288402	     -2.30513713	     -4.57382012	     26.16808809	    -27.67869417	     -1.21984948	    -18.57033198	     -9.02934890	     -7.55781808	     -2.95926956	     38.87484576	    -25.45123834	      3.06285415	     17.31615566
      4.38333300	     24.08806138	      0.01292144	     -1.98543471	      0.08349346	      0.98708261	      0.02626134	    -23.11654243	     -3.96138096	     -8.03620210	    -15.48349172	     -2.29995138	     -4.57784226	     26.16809424	    -27.68660213	     -1.21477954	    -18.56754415	     -9.03708126	     -7.55407316	     -2.95756924	     38.87512902	    -25.43572931	      3.05783833	     17.31804690
      4.39166700	     24.10214212	      0.04565036	     -1.96821154	      0.08360681	      0.98706090	      0.02618498	    -23.13781530	     -3.98969404	     -8.06226346	    -15.49723551	     -2.24941750	     -4.62277038	     26.16172944	    -27.69826767	     -1.18762681	    -18.54400119	     -9.05063395	     -7.52530508	     -2.94531142	     38.87780542	    -25.43265537	      3.02449173	     17.31206096
      4.40000000	     24.12881701	      0.06043838	     -1.93993504	      0.08369542	      0.98705944	      0.02610784	    -23.16582011	     -3.99453498	     -8.08457656	    -15.52536208	     -2.22723635	     -4.67252099	     26.13614938	    -27.72865429	     -1.18175755	    -18.49948588	     -9.04764958	     -7.52493333	     -2.94400205	     38.87362091	    -25.44230717	      2.99530312	     17.24885463
      4.40833300	     24.13283341	      0.06442363	     -1.92528109	      0.08381986	      0.98704525	      0.02602824	    -23.17591135	     -3.99516976	     -8.07807447	    -15.53297448	     -2.22883413	     -4.67261554	     26.13541842	    -27.73543393	     -1.18030090	    -18.50000887	     -9.05220771	     -7.52408189	     -2.94525313	     38.87341138	    -25.42669189	      2.99229811	     17.24889588
      4.41666700	     24.13868356	      0.06866665	     -1.91289174	      0.08394710	      0.98703355	      0.02595153	    -23.18749010	     -3.99740996	     -8.07282953	    -15.54241115	     -2.22820804	     -4.67531980	     26.13418271	    -27.74457309	     -1.17796339	    -18.49822461	     -9.05905936	     -7.52196806	     -2.94609325	     38.87390325	    -25.40946405	      2.98917417	     17.24891724
      4.42500000	     24.14570388	      0.07363684	     -1.90062340	      0.08407212	      0.98702157	      0.02587733	    -23.19950259	     -4.00044034	     -8.06865326	    -15.55359808	     -2.22549248	     -4.68065657	     26.13236782	    -27.75543861	     -1.17468549	    -18.49480301	     -9.06677627	     -7.51861440	     -2.94614142	     38.87477348	    -25.39292172	      2.98440531	     17.24927974
      4.43333300	     24.17532221	      0.10311424	     -1.88045416	      0.08417321	      0.98701755	      0.02581196	    -23.23641562	     -4.02255860	     -8.09450885	    -15.57090149	     -2.18122203	     -4.74975772	     26.10788010	    -27.78629140	     -1.15171960	    -18.46120681	     -9.07744765	     -7.48603172	     -2.93905452	     38.88141613	    -25.40511953	      2.94463504	     17.22692405
      4.44166700	     24.18063824	      0.10558826	     -1.86615833	      0.08429051	      0.98700757	      0.02573848	    -23.24554205	     -4.02243429	     -8.08736260	    -15.58401679	     -2.18289830	     -4.75098123	     26.10625773	    -27.79620585	     -1.15226195	    -18.45915817	     -9.08188388	     -7.48774367	     -2.93886234	     38.88086894	    -25.39134816	      2.94149791	     17.22598705
      4.45000000	     24.18730000	      0.10795319	     -1.85399438	      0.08441062	      0.98699919	      0.02566882	    -23.25568658	     -4.02329131	     -8.08191783	    -15.59802536	     -2.18238398	     -4.75434275	     26.10424481	    -27.80787158	     -1.15183159	    -18.45546193	     -9.08722024	     -7.48761396	     -2.93818289	     38.88080338	    -25.37643647	      2.93742679	     17.22559187
      4.45833300	     24.19410040	      0.11145829	     -1.84126564	      0.08453200	      0.98699023	      0.02560306	    -23.26604649	     -4.02497000	     -8.07729743	    -15.61281048	     -2.17988770	     -4.75936647	     26.10196809	    -27.81969543	     -1.15082379	    -18.45164763	     -9.09128341	     -7.48539688	     -2.93745592	     38.88112876	    -25.36300624	      2.93249362	     17.22548635
      4.46666700	     24.27079785	      0.13674376	     -1.77938227	      0.08460263	      0.98703799	      0.02554527	    -23.36677909	     -4.01872013	     -8.13545563	    -15.61848627	     -2.15469510	     -4.89069806	     25.96881833	    -27.90678925	     -1.15108685	    -18.35139594	     -9.07532217	     -7.47437571	     -2.94522507	     38.86036484	    -25.41560229	      2.85464369	     17.01747643
      4.47500000	     24.27344177	      0.14111345	     -1.76493493	      0.08472390	      0.98702547	      0.02548440	    -23.37332473	     -4.01998793	     -8.12859423	    -15.63209324	     -2.15153662	     -4.88947966	     25.96947168	    -27.91211188	     -1.15104192	    -18.34965714	     -9.08186497	     -7.47169655	     -2.94533648	     38.86066211	    -25.40167568	      2.84801056	     17.01907003
      4.48333300	     24.27558490	      0.16277574	     -1.75409276	      0.08481976	      0.98699738	      0.02544268	    -23.37042931	     -4.03992595	     -8.13534462	    -15.66151956	     -2.10970723	     -4.89949576	     25.96780760	    -27.91024695	     -1.13432804	    -18.32509117	     -9.10064409	     -7.44196547	     -2.94014990	     38.86317787	    -25.38909830	      2.81631501	     17.00570510
      4.49166700	     24.27843906	      0.16686111	     -1.74307933	      0.08493743	      0.98698472	      0.02538926	    -23.37623312	     -4.04213023	     -8.12978733	    -15.67073711	     -2.11082282	     -4.89902058	     25.96736834	    -27.91815552	     -1.13251297	    -18.32327726	     -9.10557978	     -7.44225268	     -2.93942581	     38.86231751	    -25.37457590	      2.81289280	     17.00553703
      4.50000000	     24.28193319	      0.17166403	     -1.73448505	      0.08505106	      0.98697402	      0.02534178	    -23.38214155	     -4.04608209	     -8.12477999	    -15.67969331	     -2.11148900	     -4.89992905	     25.96706809	    -27.92608999	     -1.12897922	    -18.31927645	     -9.11232390	     -7.44137556	     -2.93754804	     38.86157178	    -25.36052712	      2.80827014	     17.00574600
      4.50833300	     24.28705571	      0.20371268	     -1.72996195	      0.08514334	      0.98696312	      0.02531352	    -23.38848940	     -4.07835174	     -8.13023012	    -15.69059244	     -2.09983252	     -4.92183537	     25.96511284	    -27.93047868	     -1.09836472	    -18.28755532	     -9.12379948	     -7.42558547	     -2.91856146	     38.85219920	    -25.35049695	      2.76566018	     16.99278672
      4.51666700	     24.28789926	      0.20624611	     -1.72005695	      0.08522617	      0.98695853	      0.02527636	    -23.39194949	     -4.07859418	     -8.12648789	    -15.69764522	     -2.09956617	     -4.92188437	     25.96559473	    -27.93493323	     -1.09778385	    -18.28797414	     -9.12487649	     -7.42627735	     -2.91845669	     38.85041435	    -25.34350254	      2.76318765	     16.99150078
      4.52500000	     24.28789926	      0.20624611	     -1.72005695	      0.08522617	      0.98695853	      0.02527636	    -23.39194949	     -4.07859418	     -8.12648789	    -15.69764522	     -2.09956617	     -4.92188437	     25.96559473	    -27.93493323	     -1.09778385	    -18.28797414	     -9.12487649	     -7.42627735	     -2.91845669	     38.85041435	    -25.34350254	      2.76318765	     16.99150078
