Coordinates
version=1
nRows=477
nColumns=34
inDegrees=yes

Units are S.I. units (second, meters, Newtons, ...)
If the header above contains a line with 'inDegrees', this indicates whether rotational values are in degrees (yes) or radians (no).

endheader
time	pelvis_tilt	pelvis_list	pelvis_rotation	pelvis_tx	pelvis_ty	pelvis_tz	hip_flexion_r	hip_adduction_r	hip_rotation_r	knee_angle_r	ankle_angle_r	subtalar_angle_r	mtp_angle_r	hip_flexion_l	hip_adduction_l	hip_rotation_l	knee_angle_l	ankle_angle_l	subtalar_angle_l	mtp_angle_l	lumbar_extension	lumbar_bending	lumbar_rotation	arm_flex_r	arm_add_r	arm_rot_r	elbow_flex_r	pro_sup_r	arm_flex_l	arm_add_l	arm_rot_l	elbow_flex_l	pro_sup_l
      0.00000000	      2.91468789	     -1.94196326	      3.28368335	     -0.20409150	      0.92714227	     -0.06259918	     -1.24682838	      0.68131721	    -14.52819280	      0.59500638	      1.09720216	     -9.89868644	      0.00000000	     -1.43948947	     -4.02136119	    -11.63309047	      0.85301034	      3.26484313	     -9.66736510	      0.00000000	     -5.74376085	      3.11359485	     -2.99382731	      4.30321475	     -8.70643255	     13.60584176	     25.83639640	     81.66642039	      3.98562126	     -6.78752467	      8.73951921	     25.07751891	     74.54308167
      0.01666670	      1.66980085	     -0.99750016	      2.91435816	     -0.20157303	      0.92509118	     -0.06287573	      0.31375987	     -0.17818084	    -16.09592753	      0.76093150	      3.43438132	     -7.53523045	      0.00000000	     -0.20860744	     -2.74077252	    -15.77723584	      0.94547820	      5.40290946	     -7.44615533	      0.00000000	     -3.41442378	      2.03971593	     -2.69479976	      3.68960035	     -7.90015117	      9.46432201	     25.07735348	     80.90064131	      3.51945515	     -6.32088633	      6.17563622	     25.20694289	     74.37207749
      0.03333330	      0.75214863	      0.05187979	      2.09516940	     -0.20045756	      0.92420189	     -0.06135724	      1.01596949	     -1.02373895	    -17.08934892	      0.00000000	      3.71220690	     -6.40953704	      0.00000000	      0.34266598	     -1.47589311	    -18.17744150	      0.41143614	      5.19939834	     -6.49258362	      0.00000000	     -1.92143825	      0.75966907	     -2.01834204	      3.09858528	     -7.37286955	      7.76653676	     25.49595623	     80.69192185	      3.12013153	     -6.46979245	      5.31005721	     25.05990602	     74.27335494
      0.05000000	      0.92697315	      0.60320383	      1.79183436	     -0.20108311	      0.92565514	     -0.06072532	      0.89923859	     -1.61483079	    -18.30082140	      0.00000000	      4.62993090	     -3.84787440	      0.00000000	     -0.10346842	     -0.83066286	    -19.78286892	      0.00000000	      5.60248201	     -5.16127948	      0.00000000	     -2.14324650	      0.00048776	     -1.30758810	      2.64002380	     -7.02361867	      5.52896334	     26.17196600	     80.40700307	      3.25946293	     -6.64433666	      4.76296711	     25.05786258	     74.19788327
      0.06666670	      0.85386302	      0.74100912	      1.75061533	     -0.20400768	      0.92577586	     -0.05996335	      1.07524930	     -1.70956084	    -18.46804548	      0.00000000	      4.64405684	     -3.83316576	      0.00000000	      0.05678575	     -0.68967995	    -20.08923524	      0.00000000	      5.46430734	     -5.20016539	      0.00000000	     -2.24665456	      0.01562956	     -1.20238583	      2.85736008	     -6.92292552	      5.52253507	     26.29298296	     80.40834921	      3.38692825	     -6.72318304	      4.75820505	     25.08359120	     74.19740667
      0.08333330	      0.79219148	      0.83681476	      1.51487136	     -0.20412329	      0.92641523	     -0.05966153	      1.21167594	     -1.76696487	    -18.67710955	      0.00000000	      5.02174144	     -2.39797549	      0.00000000	      0.17807468	     -0.60157053	    -21.29745033	      0.00000000	      4.96053484	     -4.44705548	      0.00000000	     -2.29447062	     -0.20599775	     -0.61407440	      2.62093543	     -7.08565662	      5.59204924	     26.86937571	     80.37468548	      3.73872898	     -6.67469086	      4.97276137	     25.13792652	     74.16293831
      0.10000000	      0.75461103	      0.87094690	      1.59427857	     -0.20616959	      0.92566255	     -0.05943706	      1.31659522	     -1.80016352	    -18.71930525	      0.00000000	      4.91770876	     -2.28025096	      0.00000000	      0.33362128	     -0.57195501	    -21.48914466	      0.00000000	      4.84352116	     -4.42038212	      0.00000000	     -2.43450516	     -0.25810087	     -0.64786741	      2.91657349	     -7.03408727	      5.61887779	     27.00856639	     80.37043920	      4.14268532	     -6.68187732	      4.98071257	     25.22272581	     74.15622921
      0.11666670	      0.94757776	      0.90256231	      1.57494528	     -0.20705203	      0.92577050	     -0.05944567	      1.15755607	     -1.82890649	    -18.86140285	      0.00000000	      4.58968851	     -1.80913239	      0.00000000	      0.22557396	     -0.54835657	    -22.01585115	      0.00000000	      4.21806578	     -4.18635032	      0.00000000	     -2.89569000	     -0.32535787	     -0.52987218	      3.18560145	     -7.08350201	      5.84209677	     27.24626040	     80.36038130	      4.56959009	     -6.67821750	      5.02309766	     25.11802284	     74.10562732
      0.13333330	      0.93191631	      0.89836800	      1.70471633	     -0.20680248	      0.92629162	     -0.05960973	      1.15596170	     -1.82998644	    -18.84986051	      0.00000000	      4.56814115	     -1.75446162	      0.00000000	      0.30251370	     -0.54827075	    -22.12893473	      0.00000000	      4.17907587	     -4.19038778	      0.00000000	     -2.99574500	     -0.31085447	     -0.54074173	      3.29254327	     -7.06066007	      5.87568739	     27.29436449	     80.36092813	      4.76706347	     -6.65395889	      5.02528079	     25.15534498	     74.09933855
      0.15000000	      0.99070058	      0.90378378	      1.69841190	     -0.20648999	      0.92774459	     -0.05951556	      1.09466330	     -1.83299167	    -18.96274939	      0.00000000	      4.29161600	     -1.52571219	      0.00000000	      0.28702732	     -0.55542538	    -22.50398929	      0.00000000	      3.67711597	     -4.07344695	      0.00000000	     -3.41148403	     -0.35698078	     -0.56687229	      3.48833834	     -7.08089850	      6.01283042	     27.41548390	     80.36753864	      5.18500756	     -6.62983882	      5.02747397	     25.14031446	     74.07027171
      0.16666670	      1.81122215	      0.92855435	      1.56735978	     -0.20613226	      0.93003952	     -0.05931743	      0.16336998	     -1.83207377	    -19.29674020	      0.00000000	      4.26116718	     -0.80746447	      0.00000000	     -0.62878514	     -0.56343723	    -23.00813528	      0.00000000	      3.28353621	     -3.63427582	      0.00000000	     -4.51849753	     -0.38046678	     -0.33538285	      3.58004227	     -7.39890904	      6.82355548	     27.80097994	     80.40279125	      5.68350831	     -6.54658349	      5.10254924	     24.56702457	     73.88712971
      0.18333330	      1.78369110	      0.93598567	      1.55832909	     -0.20582194	      0.92933653	     -0.05913019	      0.12512175	     -1.82969985	    -19.29983407	      0.00000000	      4.25702158	     -0.80624343	      0.00000000	     -0.61656970	     -0.56266963	    -23.01231351	      0.00000000	      3.27893785	     -3.63347912	      0.00000000	     -4.52305094	     -0.37841657	     -0.33854952	      3.57616894	     -7.39825764	      6.82519712	     27.80017229	     80.40275813	      5.68527720	     -6.54552611	      5.10300867	     24.56658305	     73.88679001
      0.20000000	      1.91397996	      0.99137463	      1.51859904	     -0.20503173	      0.92752037	     -0.05895477	     -0.08013512	     -1.87887935	    -19.59152948	      0.00000000	      3.92528999	     -0.67916499	      0.00000000	     -0.77532508	     -0.51818902	    -23.45888911	      0.00000000	      2.76537002	     -3.48806360	      0.00000000	     -4.63890763	     -0.43843266	     -0.41454819	      3.47485058	     -7.42323547	      6.97057707	     27.85782128	     80.40416271	      5.65272946	     -6.56815427	      5.12734726	     24.42229820	     73.84707522
      0.21666670	      1.88622676	      0.99642560	      1.50762304	     -0.20341379	      0.92657167	     -0.05912680	     -0.11866218	     -1.87600615	    -19.59245193	      0.00000000	      3.92425621	     -0.67846526	      0.00000000	     -0.76702416	     -0.52059668	    -23.45843645	      0.00000000	      2.76416769	     -3.48517845	      0.00000000	     -4.64739517	     -0.43837409	     -0.41537342	      3.47362602	     -7.42716033	      6.97149605	     27.85757580	     80.40412216	      5.65054821	     -6.56822155	      5.12758682	     24.41944749	     73.84660532
      0.23333330	      1.88609610	      1.00190447	      1.49722416	     -0.20459796	      0.92656693	     -0.05875529	     -0.12911891	     -1.87304353	    -19.59564322	      0.00000000	      3.92562864	     -0.67893639	      0.00000000	     -0.76654663	     -0.52247127	    -23.45774075	      0.00000000	      2.76429094	     -3.48124405	      0.00000000	     -4.64990883	     -0.43831368	     -0.41706952	      3.46518173	     -7.43544254	      6.97188179	     27.85544887	     80.40404645	      5.63904893	     -6.56806341	      5.12800767	     24.41361408	     73.84614087
      0.25000000	      1.91586896	      1.00090494	      1.34548125	     -0.20583620	      0.92790373	     -0.05852717	     -0.11571454	     -1.86779970	    -19.64026158	      0.00000000	      3.95102418	     -0.68982422	      0.00000000	     -0.83231610	     -0.51946721	    -23.43793792	      0.00000000	      2.75969113	     -3.41484337	      0.00000000	     -4.72231223	     -0.44556296	     -0.41507982	      3.41833769	     -7.55350780	      6.97212228	     27.84644765	     80.40302509	      5.49782662	     -6.58045201	      5.13044599	     24.33060845	     73.84001229
      0.26666670	      1.93515774	      1.00507256	      1.34839422	     -0.20661326	      0.92908368	     -0.05869742	     -0.09801329	     -1.86796780	    -19.64191152	      0.00000000	      3.95277575	     -0.68880449	      0.00000000	     -0.83734223	     -0.51542806	    -23.44112215	      0.00000000	      2.75915901	     -3.40874933	      0.00000000	     -4.72489158	     -0.44184106	     -0.40861393	      3.42267108	     -7.56029180	      6.97297527	     27.84952306	     80.40307395	      5.48623092	     -6.58224527	      5.13036642	     24.32296431	     73.83934678
      0.28333330	      1.95502009	      1.05202572	      1.20802108	     -0.20672049	      0.92926899	     -0.05872054	     -0.06144851	     -1.93257100	    -19.71058476	      0.00000000	      3.95862566	     -0.68140900	      0.00000000	     -0.87023488	     -0.44583428	    -23.48108324	      0.00000000	      2.71321012	     -3.30428718	      0.00000000	     -4.85531997	     -0.39483585	     -0.33711552	      3.51814774	     -7.69439528	      6.97539315	     27.89344243	     80.40263266	      5.34962566	     -6.59272029	      5.13108507	     24.21182691	     73.83066631
      0.30000000	      1.96546949	      1.05135257	      1.20880642	     -0.20648703	      0.92836095	     -0.05872034	     -0.05622277	     -1.93229841	    -19.71070386	      0.00000000	      3.95832869	     -0.68090294	      0.00000000	     -0.86990079	     -0.44412879	    -23.48234936	      0.00000000	      2.71267580	     -3.30345703	      0.00000000	     -4.85619676	     -0.39516006	     -0.33726921	      3.51892208	     -7.69499799	      6.97554314	     27.89389601	     80.40264133	      5.34985696	     -6.59226985	      5.13113469	     24.21129791	     73.83059040
      0.31666670	      1.97375826	      1.05075651	      1.20815106	     -0.20626594	      0.92734413	     -0.05875166	     -0.05296795	     -1.93267402	    -19.71146193	      0.00000000	      3.95805463	     -0.68062986	      0.00000000	     -0.86935791	     -0.44243558	    -23.48387931	      0.00000000	      2.71202538	     -3.30264512	      0.00000000	     -4.85765885	     -0.39550518	     -0.33739871	      3.51990330	     -7.69590292	      6.97561800	     27.89434760	     80.40263674	      5.34996328	     -6.59177152	      5.13118530	     24.21062586	     73.83051275
      0.33333330	      1.97810086	      1.04951649	      1.20670875	     -0.20603648	      0.92726638	     -0.05874935	     -0.05125507	     -1.93464926	    -19.71257745	      0.00000000	      3.95800775	     -0.68067225	      0.00000000	     -0.86744200	     -0.44140583	    -23.48551375	      0.00000000	      2.71154268	     -3.30210884	      0.00000000	     -4.85907617	     -0.39577450	     -0.33750540	      3.52101053	     -7.69701569	      6.97560746	     27.89480144	     80.40262010	      5.35004639	     -6.59123013	      5.13123233	     24.21000401	     73.83044376
      0.35000000	      2.67071929	      1.15581501	      0.95089950	     -0.20625762	      0.92870189	     -0.05861362	     -0.77247048	     -2.06829488	    -20.09091247	      0.00000000	      4.14542877	      0.06883431	      0.00000000	     -1.65553941	     -0.32864243	    -25.08040891	      0.00000000	      3.08933805	     -1.27753184	      0.00000000	     -5.95929893	     -0.43938870	     -0.14302902	      3.75127812	     -8.06187683	      7.55800064	     28.45584911	     80.39657483	      5.93629862	     -6.31975966	      5.00081782	     23.15571971	     73.59214332
      0.36666670	      2.66342958	      1.15662826	      0.94941706	     -0.20653320	      0.92913186	     -0.05864802	     -0.77693968	     -2.06892973	    -20.09194707	      0.00000000	      4.14534159	      0.06851781	      0.00000000	     -1.65602545	     -0.32941015	    -25.08095954	      0.00000000	      3.08951119	     -1.27762934	      0.00000000	     -5.95868799	     -0.43927091	     -0.14269420	      3.75133386	     -8.06181687	      7.55808680	     28.45596864	     80.39653365	      5.93604145	     -6.32002405	      5.00079397	     23.15563796	     73.59208028
      0.38333330	      2.67284794	      1.15520359	      0.94220053	     -0.20748917	      0.92903283	     -0.05870920	     -0.78014266	     -2.07154687	    -20.10161990	      0.00000000	      4.14366333	      0.06569520	      0.00000000	     -1.63979024	     -0.32362949	    -25.08728070	      0.00000000	      3.09011418	     -1.27845836	      0.00000000	     -5.95745115	     -0.43757502	     -0.14034656	      3.75420131	     -8.06161205	      7.55842024	     28.45732312	     80.39622637	      5.93559621	     -6.32072401	      5.00068624	     23.15527619	     73.59169582
      0.40000000	      2.61050869	      1.20593304	      0.86855643	     -0.20824854	      0.92887226	     -0.05875607	     -0.66150106	     -2.14087579	    -20.37297157	      0.00000000	      4.07976498	     -0.02026624	      0.00000000	     -1.53821304	     -0.24684340	    -25.28823350	      0.00000000	      3.09481963	     -1.31023496	      0.00000000	     -6.03795244	     -0.38735616	     -0.08858905	      3.93329513	     -8.06481447	      7.55901708	     28.51671556	     80.38798919	      6.02510342	     -6.31491262	      4.99780330	     23.17254821	     73.58322966
      0.41666670	      2.63053237	      1.20271233	      0.87598952	     -0.20853950	      0.92890876	     -0.05862013	     -0.64809446	     -2.13763320	    -20.38148720	      0.00000000	      4.07303419	     -0.02156884	      0.00000000	     -1.52368512	     -0.24841906	    -25.29996420	      0.00000000	      3.09430797	     -1.30997617	      0.00000000	     -6.04086847	     -0.39530950	     -0.08985265	      3.93594227	     -8.06725101	      7.55892156	     28.51762343	     80.38734546	      6.02669365	     -6.31223681	      4.99800301	     23.17271307	     73.58264978
      0.43333330	      2.64169108	      1.19971897	      0.87847149	     -0.20828402	      0.92918348	     -0.05845998	     -0.64012814	     -2.13955481	    -20.38252359	      0.00000000	      4.07245052	     -0.02184224	      0.00000000	     -1.51917852	     -0.24800773	    -25.30141742	      0.00000000	      3.09435184	     -1.31000745	      0.00000000	     -6.04154371	     -0.39563204	     -0.08980240	      3.93665768	     -8.06741756	      7.55890877	     28.51782408	     80.38727850	      6.02718223	     -6.31194551	      4.99800022	     23.17283293	     73.58259052
      0.45000000	      2.56531845	      1.17962079	      0.98317445	     -0.20760304	      0.92957926	     -0.05880755	     -0.51197839	     -2.11473603	    -20.70497179	      0.00000000	      3.90843324	     -0.10304566	      0.00000000	     -1.37287189	     -0.29284192	    -25.62763194	      0.00000000	      3.06251157	     -1.25527390	      0.00000000	     -6.18055266	     -0.41169566	     -0.12121862	      3.99900150	     -8.04861170	      7.56606627	     28.53159800	     80.36951798	      6.16676348	     -6.29144720	      4.98591958	     23.20612350	     73.56588958
      0.46666670	      2.57341469	      1.18164008	      0.98605947	     -0.20753062	      0.92919144	     -0.05892933	     -0.50737525	     -2.11644365	    -20.70495450	      0.00000000	      3.90791580	     -0.10282118	      0.00000000	     -1.37225376	     -0.29582218	    -25.62818463	      0.00000000	      3.06241814	     -1.25455054	      0.00000000	     -6.18001245	     -0.41117994	     -0.12012609	      3.99922238	     -8.04827688	      7.56613618	     28.53171043	     80.36943693	      6.16570504	     -6.29195646	      4.98577720	     23.20572523	     73.56579192
      0.48333330	      2.59035092	      1.18500108	      1.10571832	     -0.20793904	      0.92893320	     -0.05939464	     -0.52535310	     -2.14002630	    -20.70649065	      0.00000000	      3.89578975	     -0.09780839	      0.00000000	     -1.34835437	     -0.29347555	    -25.65546379	      0.00000000	      3.06489737	     -1.23004548	      0.00000000	     -6.17072881	     -0.38050168	     -0.08107891	      4.00937039	     -8.04297683	      7.56699117	     28.53448688	     80.36630284	      6.12991744	     -6.30760972	      4.98019563	     23.19118638	     73.56221357
      0.50000000	      2.59958621	      1.17966701	      1.11386529	     -0.20842318	      0.92918869	     -0.05950816	     -0.52948664	     -2.14821279	    -20.70971936	      0.00000000	      3.89525709	     -0.09830159	      0.00000000	     -1.33385368	     -0.29390018	    -25.65863789	      0.00000000	      3.06569647	     -1.22400965	      0.00000000	     -6.16980409	     -0.37674630	     -0.08070935	      4.00646437	     -8.04392914	      7.56675325	     28.53323754	     80.36562421	      6.12703912	     -6.30903005	      4.97928348	     23.18945070	     73.56157156
      0.51666670	      2.59790361	      1.17753372	      1.11598395	     -0.20852999	      0.92961600	     -0.05949665	     -0.53367326	     -2.14973465	    -20.71041902	      0.00000000	      3.89526385	     -0.09846962	      0.00000000	     -1.32899137	     -0.29230959	    -25.65947164	      0.00000000	      3.06587910	     -1.22295672	      0.00000000	     -6.16990502	     -0.37557926	     -0.08015036	      4.00636278	     -8.04404055	      7.56670251	     28.53313650	     80.36550137	      6.12637955	     -6.30963228	      4.97904082	     23.18899626	     73.56144288
      0.53333330	      2.58551156	      1.19257439	      1.25430760	     -0.20863998	      0.93024902	     -0.05989783	     -0.55526885	     -2.18407394	    -20.74483031	      0.00000000	      3.89156935	     -0.10356151	      0.00000000	     -1.26558936	     -0.25890005	    -25.70057575	      0.00000000	      3.06365910	     -1.18028088	      0.00000000	     -6.19412604	     -0.31612858	     -0.05698340	      4.00789779	     -8.04735292	      7.56440492	     28.52900354	     80.36062382	      6.10641365	     -6.33627039	      4.96820552	     23.16977241	     73.55621828
      0.55000000	      2.57942735	      1.18500386	      1.25037229	     -0.20827127	      0.93125575	     -0.06029397	     -0.56673935	     -2.18954981	    -20.75295243	      0.00000000	      3.89087514	     -0.10537653	      0.00000000	     -1.25040927	     -0.25150135	    -25.70321316	      0.00000000	      3.06178773	     -1.17380303	      0.00000000	     -6.19689300	     -0.31382034	     -0.06005568	      4.00536571	     -8.04803675	      7.56394767	     28.52775706	     80.35999218	      6.10801259	     -6.33780689	      4.96713092	     23.16872267	     73.55564077
      0.56666670	      2.57893819	      1.18120953	      1.25085680	     -0.20816857	      0.93153935	     -0.06022349	     -0.56852942	     -2.19228750	    -20.75504304	      0.00000000	      3.89055059	     -0.10577325	      0.00000000	     -1.24672945	     -0.24795036	    -25.70416974	      0.00000000	      3.06119588	     -1.17248387	      0.00000000	     -6.19786854	     -0.31253234	     -0.06039277	      4.00462176	     -8.04813437	      7.56386676	     28.52739265	     80.35985655	      6.10778091	     -6.33824467	      4.96686566	     23.16826515	     73.55550872
      0.58333330	      2.54025232	      1.25084016	      1.35120464	     -0.20715920	      0.93108432	     -0.06033549	     -0.57964863	     -2.29239920	    -20.95352607	      0.00000000	      3.84446969	     -0.13417090	      0.00000000	     -1.20088000	     -0.14683027	    -25.80999131	      0.00000000	      2.99629594	     -1.06323221	      0.00000000	     -6.27508018	     -0.20169941	     -0.08016467	      3.89705430	     -8.04658586	      7.55879934	     28.48409521	     80.34832817	      6.02196437	     -6.38027729	      4.94305028	     23.10635785	     73.54369799
      0.60000000	      2.52260518	      1.24977526	      1.35045687	     -0.20650650	      0.92992859	     -0.05994686	     -0.59120634	     -2.28854169	    -20.96792520	      0.00000000	      3.84045710	     -0.13537087	      0.00000000	     -1.21480542	     -0.15115897	    -25.81537111	      0.00000000	      2.99221137	     -1.05404257	      0.00000000	     -6.27184807	     -0.21176162	     -0.08732756	      3.89439702	     -8.04903357	      7.55722623	     28.48333234	     80.34730434	      6.02085413	     -6.37765759	      4.94199080	     23.10429782	     73.54287671
      0.61666670	      2.53515541	      1.25566454	      1.59387667	     -0.20594878	      0.92909259	     -0.06007712	     -0.67501640	     -2.27930764	    -21.99008533	      0.00000000	      3.61216374	      0.10468082	      0.00000000	     -1.24352768	     -0.17870847	    -26.25807827	      0.00000000	      2.98961777	      0.18073117	      0.00000000	     -6.12220312	     -0.27401102	     -0.55219751	      3.79456859	     -7.92944539	      7.41111743	     28.48340020	     80.20556598	      5.87827852	     -6.38626134	      4.69764099	     22.81884430	     73.41002995
      0.63333330	      2.54461707	      1.25247909	      1.65766225	     -0.20674286	      0.92826484	     -0.06001803	     -0.70762057	     -2.26745317	    -21.96761440	      0.00000000	      3.63941143	      0.12555690	      0.00000000	     -1.26867675	     -0.19093919	    -26.28053413	      0.00000000	      3.03783770	      0.19163774	      0.00000000	     -6.10175063	     -0.25769983	     -0.49779013	      3.79491970	     -7.90960357	      7.40994433	     28.48495088	     80.20011767	      5.80631622	     -6.43116236	      4.68023210	     22.78843854	     73.40279439
      0.65000000	      2.55276320	      1.25503590	      1.65319369	     -0.20859649	      0.92723026	     -0.05960880	     -0.70078871	     -2.26065126	    -21.97012667	      0.00000000	      3.64489400	      0.12556205	      0.00000000	     -1.27826807	     -0.19327047	    -26.28277095	      0.00000000	      3.04509637	      0.19294993	      0.00000000	     -6.09693509	     -0.25713466	     -0.49800798	      3.79033305	     -7.90934866	      7.40949309	     28.48372389	     80.19937008	      5.80123113	     -6.43486775	      4.67827412	     22.78618454	     73.40194094
      0.66666670	      2.57223315	      1.20214526	      1.55597400	     -0.20892605	      0.92717153	     -0.05953494	     -0.68423098	     -2.17636838	    -22.03124672	      0.00000000	      3.77963000	      0.10610328	      0.00000000	     -1.29806582	     -0.26791586	    -26.33987120	      0.00000000	      3.22328644	      0.20230372	      0.00000000	     -6.07535568	     -0.25902658	     -0.43693153	      3.86095284	     -7.87485832	      7.39864700	     28.50756567	     80.18277209	      5.79015678	     -6.59073926	      4.61988160	     22.75295440	     73.38095445
      0.68333330	      2.58017041	      1.20193043	      1.57363936	     -0.20794632	      0.92823806	     -0.06012399	     -0.68398880	     -2.17867269	    -22.02492663	      0.00000000	      3.78548059	      0.11076034	      0.00000000	     -1.28624296	     -0.26557589	    -26.34738557	      0.00000000	      3.23411867	      0.20356081	      0.00000000	     -6.07764239	     -0.25384524	     -0.43509357	      3.86514393	     -7.87207990	      7.39798618	     28.50783987	     80.18130562	      5.79208632	     -6.59088745	      4.61658887	     22.75257213	     73.37934536
      0.70000000	      2.58724567	      1.20279271	      1.57572741	     -0.20784904	      0.92869646	     -0.06016807	     -0.68075870	     -2.17927457	    -22.02431880	      0.00000000	      3.78606691	      0.11119290	      0.00000000	     -1.28183992	     -0.26604447	    -26.34801385	      0.00000000	      3.23514208	      0.20362934	      0.00000000	     -6.07719990	     -0.25326928	     -0.43479632	      3.86566137	     -7.87197669	      7.39789606	     28.50790431	     80.18117157	      5.79234593	     -6.59125047	      4.61623286	     22.75254979	     73.37919372
      0.71666670	      2.61027610	      1.20064220	      1.59069156	     -0.20904815	      0.92780175	     -0.05989579	     -0.67126549	     -2.18418326	    -22.02253125	      0.00000000	      3.78937921	      0.11354845	      0.00000000	     -1.27309334	     -0.26144823	    -26.35284754	      0.00000000	      3.24075412	      0.20378827	      0.00000000	     -6.07385105	     -0.24892026	     -0.43231315	      3.86989804	     -7.87215522	      7.39721152	     28.50836386	     80.18034588	      5.79430048	     -6.59465310	      4.61385911	     22.75231238	     73.37824445
      0.73333330	      2.56776054	      1.22569094	      1.61096179	     -0.20986411	      0.92669769	     -0.05977475	     -0.58050116	     -2.21927242	    -22.06316869	      0.00000000	      3.91103309	      0.14590087	      0.00000000	     -1.18839089	     -0.22503719	    -26.44821622	      0.00000000	      3.39526089	      0.22557402	      0.00000000	     -6.14237089	     -0.26113529	     -0.43443433	      4.06635856	     -7.89157335	      7.36643149	     28.52709172	     80.14661505	      5.96881766	     -6.65642066	      4.53215621	     22.76598114	     73.34218845
      0.75000000	      2.57221940	      1.22279840	      1.61151796	     -0.21002384	      0.92573062	     -0.05970796	     -0.57795849	     -2.22062885	    -22.06369987	      0.00000000	      3.91132982	      0.14597760	      0.00000000	     -1.18992806	     -0.22341915	    -26.44855776	      0.00000000	      3.39558877	      0.22578267	      0.00000000	     -6.14235772	     -0.26107874	     -0.43392326	      4.06709181	     -7.89128028	      7.36639305	     28.52720846	     80.14646879	      5.96869673	     -6.65662385	      4.53181113	     22.76578688	     73.34201964
      0.76666670	      2.58475565	      1.22243133	      1.61204077	     -0.20986306	      0.92494007	     -0.05974346	     -0.56995642	     -2.22148537	    -22.06437944	      0.00000000	      3.91177409	      0.14581776	      0.00000000	     -1.18834319	     -0.22356452	    -26.44892051	      0.00000000	      3.39611218	      0.22573818	      0.00000000	     -6.14254571	     -0.26121062	     -0.43301584	      4.06910341	     -7.89095960	      7.36632761	     28.52777576	     80.14633706	      5.96927726	     -6.65711549	      4.53144246	     22.76580087	     73.34186019
      0.78333330	      2.59424653	      1.22292164	      1.61261721	     -0.20968824	      0.92421911	     -0.05982157	     -0.56255911	     -2.22296652	    -22.06525653	      0.00000000	      3.91238047	      0.14541748	      0.00000000	     -1.18787460	     -0.22537108	    -26.44947822	      0.00000000	      3.39691017	      0.22539646	      0.00000000	     -6.14283790	     -0.26152976	     -0.43167178	      4.07233771	     -7.89063965	      7.36622623	     28.52877224	     80.14620094	      5.97040930	     -6.65781547	      4.53102721	     22.76598915	     73.34169111
      0.80000000	      2.51408771	      1.22786747	      1.50673807	     -0.21025020	      0.92325386	     -0.05986585	     -0.39688217	     -2.23910160	    -22.17692785	      0.00000000	      4.02844191	      0.06462961	      0.00000000	     -1.08018483	     -0.22264282	    -26.54663083	      0.00000000	      3.56082064	      0.13110874	      0.00000000	     -6.22632065	     -0.29234011	     -0.33047819	      4.45226130	     -7.90026843	      7.34774368	     28.64514103	     80.12182730	      6.17834897	     -6.71111548	      4.47144344	     22.81949136	     73.31413008
      0.81666670	      2.51406831	      1.22931915	      1.50688933	     -0.21036980	      0.92282611	     -0.06000458	     -0.39762565	     -2.24067103	    -22.17668706	      0.00000000	      4.02890608	      0.06448719	      0.00000000	     -1.07986268	     -0.22546235	    -26.54707983	      0.00000000	      3.56152678	      0.13063543	      0.00000000	     -6.22651165	     -0.29260837	     -0.32992225	      4.45322292	     -7.90022255	      7.34773399	     28.64548646	     80.12168537	      6.17854855	     -6.71119054	      4.47114953	     22.81959137	     73.31396398
      0.83333330	      2.46158519	      1.24065120	      1.49275843	     -0.21104580	      0.92279952	     -0.06033387	     -0.30389243	     -2.28144607	    -22.17775083	      0.00000000	      4.11885414	      0.01784988	      0.00000000	     -0.98450310	     -0.20240499	    -26.57323086	      0.00000000	      3.65932684	      0.07124528	      0.00000000	     -6.24600764	     -0.29827833	     -0.28128218	      4.69734312	     -7.94925019	      7.33368806	     28.72982819	     80.10459386	      6.32359257	     -6.68552522	      4.44248684	     22.88032980	     73.29646183
      0.85000000	      2.42704366	      1.23810526	      1.38748272	     -0.21180788	      0.92345321	     -0.06021466	     -0.22041265	     -2.29262637	    -22.18492223	      0.00000000	      4.16086315	     -0.01250194	      0.00000000	     -0.93624044	     -0.19168167	    -26.55335879	      0.00000000	      3.69630935	      0.05448127	      0.00000000	     -6.28834126	     -0.30423427	     -0.28907284	      4.74826681	     -7.97078508	      7.33235315	     28.75391235	     80.09461094	      6.38563240	     -6.67173980	      4.42712968	     22.90995605	     73.28599422
      0.86666670	      2.43006028	      1.23734771	      1.38717092	     -0.21154560	      0.92519771	     -0.06026693	     -0.21551904	     -2.29336733	    -22.18494329	      0.00000000	      4.16148549	     -0.01305796	      0.00000000	     -0.93050948	     -0.19131084	    -26.55309630	      0.00000000	      3.69688806	      0.05411022	      0.00000000	     -6.28791740	     -0.30450967	     -0.28811439	      4.75076171	     -7.97086508	      7.33233271	     28.75501853	     80.09448100	      6.38684546	     -6.67189315	      4.42686555	     22.91059352	     73.28584352
      0.88333330	      2.34342709	      1.24592637	      1.29690309	     -0.21106581	      0.92635343	     -0.06014676	     -0.08280173	     -2.30634094	    -22.23956364	      0.00000000	      4.15483309	     -0.06199977	      0.00000000	     -0.83431228	     -0.15927769	    -26.52553124	      0.00000000	      3.71290225	      0.04330148	      0.00000000	     -6.27483549	     -0.33972306	     -0.20579331	      5.02309467	     -7.98028536	      7.33154569	     28.87761480	     80.07975729	      6.53711820	     -6.64457234	      4.40558259	     22.99345573	     73.26991320
      0.90000000	      2.32105457	      1.24593498	      1.29665553	     -0.21016651	      0.92614656	     -0.05996511	     -0.08370351	     -2.30623122	    -22.23948190	      0.00000000	      4.15077986	     -0.06299726	      0.00000000	     -0.84199926	     -0.15790989	    -26.52611667	      0.00000000	      3.71177687	      0.04183090	      0.00000000	     -6.27781324	     -0.34154808	     -0.20604838	      5.02519514	     -7.98062207	      7.33214946	     28.88028576	     80.07897051	      6.54162760	     -6.64287011	      4.40464574	     22.99705019	     73.26905229
      0.91666670	      2.29579360	      1.24594391	      1.28843777	     -0.20968181	      0.92506098	     -0.05986250	     -0.09217856	     -2.30323078	    -22.24173288	      0.00000000	      4.14459034	     -0.06472946	      0.00000000	     -0.85121655	     -0.15620620	    -26.52693429	      0.00000000	      3.70954520	      0.04001330	      0.00000000	     -6.27561075	     -0.34688779	     -0.20766703	      5.02820844	     -7.97985407	      7.33297487	     28.88444106	     80.07811728	      6.54852604	     -6.63900492	      4.40402667	     23.00279921	     73.26816883
      0.93333330	      2.27092306	      1.24860662	      1.27315355	     -0.20944234	      0.92390075	     -0.05979991	     -0.11032051	     -2.29845682	    -22.24609122	      0.00000000	      4.13861187	     -0.06743196	      0.00000000	     -0.85555164	     -0.15645404	    -26.52806275	      0.00000000	      3.70752659	      0.03760136	      0.00000000	     -6.26933091	     -0.35396777	     -0.20996018	      5.03166112	     -7.97844801	      7.33380915	     28.88906935	     80.07737122	      6.55623244	     -6.63377825	      4.40384080	     23.00948437	     73.26744671
      0.95000000	      1.80254985	      1.26331524	      1.10939474	     -0.20913475	      0.92273239	     -0.05958080	      0.40069291	     -2.30958652	    -21.96709687	      0.00000000	      3.48518882	     -0.86509158	      0.00000000	     -0.38195751	     -0.13279457	    -26.45871414	      0.00000000	      3.33868318	     -0.66062189	      0.00000000	     -5.69329827	     -0.51332185	      0.15793907	      4.56394315	     -8.10502261	      7.58758197	     29.66211725	     79.76197764	      6.25440965	     -6.53529434	      4.13105984	     24.05349327	     72.95696199
      0.96666670	      1.79087922	      1.26606987	      1.09709560	     -0.20900621	      0.92264583	     -0.05972906	      0.37231485	     -2.30655362	    -21.96969252	      0.00000000	      3.48579081	     -0.86764098	      0.00000000	     -0.36808514	     -0.13098426	    -26.45975250	      0.00000000	      3.34002851	     -0.66255502	      0.00000000	     -5.68974369	     -0.51427519	      0.15523497	      4.56514832	     -8.10546652	      7.58749332	     29.66318015	     79.76118891	      6.25833619	     -6.53629554	      4.13044336	     24.05531575	     72.95637669
      0.98333330	      1.78019545	      1.26773596	      1.08927600	     -0.20813806	      0.92343687	     -0.06012170	      0.35046503	     -2.30630342	    -21.97171017	      0.00000000	      3.48705817	     -0.87054310	      0.00000000	     -0.35997258	     -0.13197518	    -26.46235468	      0.00000000	      3.34179912	     -0.66577288	      0.00000000	     -5.68282524	     -0.51669177	      0.15163335	      4.56665761	     -8.10492197	      7.58760928	     29.66478158	     79.76027979	      6.26525593	     -6.53639846	      4.12989868	     24.05908237	     72.95572238
      1.00000000	      1.78044685	      1.27049009	      1.08842939	     -0.20791066	      0.92406308	     -0.06025115	      0.34711305	     -2.30655698	    -21.97169073	      0.00000000	      3.48749227	     -0.87095493	      0.00000000	     -0.35618222	     -0.13455460	    -26.46292234	      0.00000000	      3.34220765	     -0.66644294	      0.00000000	     -5.68075963	     -0.51718899	      0.15075109	      4.56656832	     -8.10479796	      7.58765186	     29.66500056	     79.76011811	      6.26679271	     -6.53621732	      4.12983151	     24.06001644	     72.95561157
      1.01666670	      1.81510013	      1.27472810	      1.20550216	     -0.20757239	      0.92485349	     -0.06048670	      0.23934552	     -2.32239230	    -21.94651645	      0.00000000	      3.52335855	     -0.88112614	      0.00000000	     -0.40012230	     -0.12818606	    -26.51377507	      0.00000000	      3.35604810	     -0.70456288	      0.00000000	     -5.49499046	     -0.54903022	      0.07278767	      4.49861004	     -8.10376394	      7.59173550	     29.65854709	     79.74805918	      6.34332951	     -6.49688689	      4.12973736	     24.12383148	     72.94791918
      1.03333330	      1.81459830	      1.27418569	      1.20598446	     -0.20848418	      0.92513265	     -0.06022091	      0.23847725	     -2.32404062	    -21.94738853	      0.00000000	      3.52726433	     -0.88230545	      0.00000000	     -0.40032420	     -0.12514281	    -26.51290872	      0.00000000	      3.35570053	     -0.70465834	      0.00000000	     -5.49042486	     -0.55036304	      0.06980069	      4.49083198	     -8.10400319	      7.59210860	     29.65640089	     79.74717338	      6.34154055	     -6.49539933	      4.12972217	     24.12523494	     72.94733306
      1.05000000	      1.81082880	      1.27505434	      1.20674005	     -0.20869646	      0.92585037	     -0.06032227	      0.23940738	     -2.32319790	    -21.94727586	      0.00000000	      3.52815804	     -0.88239551	      0.00000000	     -0.40259461	     -0.12419296	    -26.51281003	      0.00000000	      3.35547755	     -0.70465216	      0.00000000	     -5.48905078	     -0.55098036	      0.06926200	      4.48948539	     -8.10391987	      7.59218932	     29.65602836	     79.74701298	      6.34154692	     -6.49522055	      4.12970346	     24.12562933	     72.94722551
      1.06666670	      1.83426315	      1.27202266	      1.21729557	     -0.21015289	      0.92529684	     -0.06021015	      0.25611901	     -2.32013229	    -21.94596974	      0.00000000	      3.53299091	     -0.88155336	      0.00000000	     -0.40027510	     -0.10866771	    -26.51218257	      0.00000000	      3.35345807	     -0.70339667	      0.00000000	     -5.48133990	     -0.55389488	      0.06556485	      4.48060086	     -8.10420801	      7.59259533	     29.65287420	     79.74609749	      6.34205017	     -6.49320644	      4.12973443	     24.12794801	     72.94663434
      1.08333330	      1.85800381	      1.27594314	      1.22686614	     -0.21172378	      0.92439599	     -0.05985137	      0.26820462	     -2.31867222	    -21.94490623	      0.00000000	      3.53879838	     -0.88054953	      0.00000000	     -0.38581874	     -0.09851098	    -26.51069326	      0.00000000	      3.35105700	     -0.70138811	      0.00000000	     -5.47677584	     -0.55701266	      0.06103442	      4.47269139	     -8.10513259	      7.59290306	     29.64934289	     79.74511267	      6.34630050	     -6.49157222	      4.12960302	     24.13127963	     72.94599589
      1.10000000	      1.78194910	      1.34040977	      1.44597218	     -0.21078986	      0.92494567	     -0.06049610	      0.34566901	     -2.39515401	    -21.90028470	      0.00000000	      3.64411394	     -0.85022887	      0.00000000	     -0.23096611	     -0.02150191	    -26.45417417	      0.00000000	      3.26750282	     -0.64066125	      0.00000000	     -5.50066171	     -0.64124569	     -0.01283898	      4.37719693	     -8.10574539	      7.59926748	     29.58676983	     79.72533198	      6.50443173	     -6.49017193	      4.12037044	     24.20844171	     72.93228431
      1.11666670	      1.79395527	      1.33997393	      1.44455119	     -0.21047227	      0.92498971	     -0.06053957	      0.35456972	     -2.39431987	    -21.90130733	      0.00000000	      3.64556783	     -0.85031036	      0.00000000	     -0.22680562	     -0.01960174	    -26.45171866	      0.00000000	      3.26601648	     -0.63914015	      0.00000000	     -5.49974913	     -0.64309975	     -0.01307536	      4.37631891	     -8.10567514	      7.59926749	     29.58617625	     79.72500712	      6.50488111	     -6.49063014	      4.12022458	     24.20885154	     72.93206292
      1.13333330	      1.81747804	      1.34209937	      1.44039903	     -0.21214551	      0.92397494	     -0.05995888	      0.37205087	     -2.39125585	    -21.90567717	      0.00000000	      3.65085790	     -0.85077088	      0.00000000	     -0.21815196	     -0.01636816	    -26.44406167	      0.00000000	      3.26143954	     -0.63402205	      0.00000000	     -5.49638107	     -0.64741817	     -0.01463385	      4.36908574	     -8.10752151	      7.59911089	     29.58258225	     79.72397058	      6.50299102	     -6.49224429	      4.11973704	     24.20905563	     72.93134870
      1.15000000	      1.77413540	      1.34805538	      1.35863093	     -0.21274453	      0.92403023	     -0.05958616	      0.48406216	     -2.38170150	    -21.96669248	      0.00000000	      3.72069605	     -0.86445473	      0.00000000	     -0.15367773	     -0.01912777	    -26.33777520	      0.00000000	      3.18633897	     -0.56550417	      0.00000000	     -5.53254418	     -0.71589699	     -0.00914880	      4.35113544	     -8.12702171	      7.59455999	     29.55408483	     79.71025319	      6.52857785	     -6.54914669	      4.10608503	     24.21669899	     72.92100130
      1.16666670	      1.74571932	      1.36501980	      1.45018442	     -0.21305992	      0.92511565	     -0.05964138	      0.53687054	     -2.39514191	    -21.99935312	      0.00000000	      3.75958154	     -0.86125314	      0.00000000	     -0.06653522	     -0.00937100	    -26.30000171	      0.00000000	      3.12964326	     -0.53255732	      0.00000000	     -5.53567325	     -0.73204461	      0.05281079	      4.39373285	     -8.12212953	      7.59270304	     29.55144953	     79.69852930	      6.53162290	     -6.60476435	      4.09219042	     24.21607659	     72.91137058
      1.18333330	      1.75400927	      1.36794607	      1.44871716	     -0.21272699	      0.92687053	     -0.05968978	      0.54803212	     -2.39545053	    -22.00039228	      0.00000000	      3.76025462	     -0.86139019	      0.00000000	     -0.06181457	     -0.01216520	    -26.29877549	      0.00000000	      3.12854197	     -0.53194005	      0.00000000	     -5.53530756	     -0.73289585	      0.05186264	      4.39317315	     -8.12272350	      7.59253979	     29.55097874	     79.69828641	      6.53275192	     -6.60525578	      4.09201899	     24.21642250	     72.91120816
      1.20000000	      1.76129239	      1.37141722	      1.44811952	     -0.21221784	      0.92841298	     -0.05974895	      0.56004073	     -2.39519738	    -22.00157910	      0.00000000	      3.76013701	     -0.86122414	      0.00000000	     -0.05900113	     -0.01535088	    -26.29734885	      0.00000000	      3.12658635	     -0.53099180	      0.00000000	     -5.53602695	     -0.73405779	      0.05137933	      4.39248221	     -8.12348816	      7.59231913	     29.55030734	     79.69801109	      6.53300099	     -6.60638097	      4.09172991	     24.21622679	     72.91100301
      1.21666670	      1.71600930	      1.36124350	      1.39216123	     -0.21150847	      0.92907196	     -0.05959573	      0.61099256	     -2.37260780	    -22.08662702	      0.00000000	      3.68345500	     -0.82457363	      0.00000000	     -0.04532396	     -0.04343832	    -26.22545215	      0.00000000	      2.96134097	     -0.45577415	      0.00000000	     -5.58949446	     -0.80889957	      0.06031147	      4.28220708	     -8.16333118	      7.58097331	     29.48349363	     79.68118967	      6.41770879	     -6.69995034	      4.07053074	     24.15021485	     72.89693453
      1.23333330	      1.71121683	      1.36173868	      1.39477338	     -0.21158934	      0.92918097	     -0.05960523	      0.61059658	     -2.37386159	    -22.08702126	      0.00000000	      3.68228475	     -0.82388013	      0.00000000	     -0.04980910	     -0.04448322	    -26.22564964	      0.00000000	      2.95976568	     -0.45550604	      0.00000000	     -5.58843821	     -0.80854122	      0.06105523	      4.28213527	     -8.16305483	      7.58092160	     29.48327781	     79.68101869	      6.41692678	     -6.70064049	      4.07030205	     24.14975314	     72.89678226
      1.25000000	      1.70091806	      1.35942089	      1.39707385	     -0.21196440	      0.92945027	     -0.05948685	      0.60715676	     -2.37633826	    -22.08759891	      0.00000000	      3.68090313	     -0.82321828	      0.00000000	     -0.05639725	     -0.04449274	    -26.22593033	      0.00000000	      2.95815364	     -0.45525117	      0.00000000	     -5.58721947	     -0.80819620	      0.06170916	      4.28138742	     -8.16318460	      7.58081099	     29.48280670	     79.68085800	      6.41541287	     -6.70151141	      4.07005264	     24.14899454	     72.89663541
      1.26666670	      1.78056117	      1.37883573	      1.49970244	     -0.21205430	      0.92958222	     -0.05927790	      0.49941159	     -2.39579449	    -22.50455454	      0.00000000	      3.04015115	     -0.51622438	      0.00000000	     -0.13687928	     -0.04790891	    -26.31559962	      0.00000000	      2.25576184	     -0.34843232	      0.00000000	     -5.42561247	     -0.85772210	      0.01337494	      4.15205770	     -8.10561894	      7.50780791	     29.25885828	     79.58267486	      6.29244290	     -6.75719096	      3.98017421	     23.92655329	     72.81851278
      1.28333330	      1.78157424	      1.38437618	      1.49776297	     -0.21134622	      0.92877955	     -0.05907302	      0.49642977	     -2.39631771	    -22.50750740	      0.00000000	      3.03954047	     -0.51478056	      0.00000000	     -0.13641000	     -0.05223494	    -26.31493868	      0.00000000	      2.25495002	     -0.34930132	      0.00000000	     -5.42716547	     -0.85586898	      0.01351368	      4.15271274	     -8.10983064	      7.50590150	     29.25596630	     79.58138735	      6.29207074	     -6.76329408	      3.97816452	     23.92327396	     72.81745401
      1.30000000	      1.78903337	      1.38611563	      1.49756795	     -0.21112235	      0.92711904	     -0.05901728	      0.49651573	     -2.39661567	    -22.50833836	      0.00000000	      3.03912215	     -0.51437023	      0.00000000	     -0.13675542	     -0.05424116	    -26.31498865	      0.00000000	      2.25460268	     -0.34951134	      0.00000000	     -5.42767585	     -0.85577635	      0.01343496	      4.15209072	     -8.11120750	      7.50537974	     29.25489349	     79.58107676	      6.29123404	     -6.76515103	      3.97761732	     23.92207474	     72.81718894
      1.31666670	      1.78973380	      1.39062714	      1.49663064	     -0.21126363	      0.92543045	     -0.05905987	      0.49313943	     -2.39648353	    -22.50920537	      0.00000000	      3.03902528	     -0.51420333	      0.00000000	     -0.14017810	     -0.05871316	    -26.31522508	      0.00000000	      2.25452395	     -0.34988764	      0.00000000	     -5.42783109	     -0.85597295	      0.01328006	      4.15085142	     -8.11265889	      7.50490882	     29.25375286	     79.58082400	      6.28985534	     -6.76701705	      3.97712132	     23.92078810	     72.81696543
      1.33333330	      1.85505379	      1.38054733	      1.42737249	     -0.21153597	      0.92452975	     -0.05893186	      0.43592793	     -2.37094908	    -22.57150161	      0.00000000	      3.09905476	     -0.52764742	      0.00000000	     -0.22362791	     -0.09922500	    -26.33544857	      0.00000000	      2.28926997	     -0.41650396	      0.00000000	     -5.40414694	     -0.89781219	     -0.00060933	      4.06045877	     -8.26665545	      7.45520970	     29.16023924	     79.55681433	      6.17730578	     -6.96611726	      3.92570716	     23.80240869	     72.79536502
      1.35000000	      1.86198323	      1.38237973	      1.42853032	     -0.21160907	      0.92398777	     -0.05885153	      0.43476982	     -2.37153371	    -22.57147865	      0.00000000	      3.10009067	     -0.52754962	      0.00000000	     -0.22012371	     -0.10067671	    -26.33572162	      0.00000000	      2.29005013	     -0.41743330	      0.00000000	     -5.40374466	     -0.89708432	     -0.00019855	      4.06052614	     -8.26648629	      7.45493341	     29.15967593	     79.55652992	      6.17633255	     -6.96629163	      3.92536701	     23.80127684	     72.79511239
      1.36666670	      1.91583811	      1.37905251	      1.49645373	     -0.21152915	      0.92361450	     -0.05874224	      0.36060069	     -2.35742739	    -22.55976674	      0.00000000	      3.22115275	     -0.54476662	      0.00000000	     -0.24546541	     -0.12070785	    -26.34060524	      0.00000000	      2.37119472	     -0.50260520	      0.00000000	     -5.39790469	     -0.88407165	      0.02179529	      4.07752649	     -8.28238951	      7.42611605	     29.11735169	     79.53333978	      6.11723879	     -7.02031000	      3.89214109	     23.71044629	     72.77429274
      1.38333330	      1.94199829	      1.37615546	      1.41632256	     -0.21148450	      0.92348594	     -0.05841019	      0.35516195	     -2.33753185	    -22.55956827	      0.00000000	      3.28370061	     -0.55928295	      0.00000000	     -0.27084253	     -0.14214190	    -26.31221054	      0.00000000	      2.40807966	     -0.53230415	      0.00000000	     -5.40081100	     -0.88923219	     -0.02484594	      4.05687606	     -8.29443264	      7.41136648	     29.08813918	     79.52111884	      6.13664823	     -7.01983312	      3.87937123	     23.68511469	     72.76434651
      1.40000000	      1.94370588	      1.37525665	      1.41889733	     -0.21138625	      0.92373397	     -0.05826033	      0.35606698	     -2.33900343	    -22.55892885	      0.00000000	      3.28499070	     -0.55946706	      0.00000000	     -0.27061894	     -0.14348366	    -26.31198731	      0.00000000	      2.40907411	     -0.53310466	      0.00000000	     -5.40074827	     -0.88892561	     -0.02423900	      4.05756657	     -8.29464121	      7.41106833	     29.08795727	     79.52088117	      6.13607386	     -7.02025800	      3.87904570	     23.68432813	     72.76413178
      1.41666670	      2.05073242	      1.30516017	      1.50822412	     -0.21129854	      0.92444899	     -0.05806711	      0.21527290	     -2.23533043	    -22.38553712	      0.00000000	      3.84147657	     -0.67916326	      0.00000000	     -0.39634141	     -0.25063566	    -26.05371174	      0.00000000	      2.78652933	     -0.77740471	      0.00000000	     -5.42070241	     -0.78513499	     -0.07793343	      4.09825422	     -8.24082972	      7.29574928	     28.93055452	     79.39903877	      6.13820883	     -7.07591690	      3.74210729	     23.42654489	     72.65847202
      1.43333330	      2.05180260	      1.30881579	      1.51055737	     -0.21126809	      0.92535255	     -0.05812353	      0.22108130	     -2.23538161	    -22.38516885	      0.00000000	      3.84160859	     -0.67905749	      0.00000000	     -0.39869176	     -0.25483814	    -26.05362961	      0.00000000	      2.78658398	     -0.77775649	      0.00000000	     -5.42003412	     -0.78628616	     -0.07790269	      4.09901706	     -8.24133799	      7.29540457	     28.93053164	     79.39878508	      6.13839382	     -7.07585750	      3.74187791	     23.42631274	     72.65826248
      1.45000000	      2.05918816	      1.30362015	      1.57862537	     -0.21069444	      0.92670280	     -0.05859412	      0.19564573	     -2.22812651	    -22.37131645	      0.00000000	      3.83234499	     -0.67123534	      0.00000000	     -0.40245382	     -0.27616560	    -26.04718798	      0.00000000	      2.77855159	     -0.78064023	      0.00000000	     -5.38793473	     -0.83441214	     -0.07091860	      4.12692214	     -8.26024499	      7.28166656	     28.92733512	     79.38838850	      6.14243864	     -7.08130095	      3.73126954	     23.41615287	     72.64943841
      1.46666670	      2.05127971	      1.30055782	      1.57345462	     -0.21068338	      0.92784861	     -0.05892691	      0.18005826	     -2.23473493	    -22.37160450	      0.00000000	      3.83103618	     -0.67111866	      0.00000000	     -0.39384807	     -0.27806778	    -26.04543926	      0.00000000	      2.77699907	     -0.78017421	      0.00000000	     -5.38474324	     -0.83593781	     -0.07134192	      4.12732531	     -8.26068699	      7.28081025	     28.92659822	     79.38755004	      6.14407542	     -7.08259558	      3.73026583	     23.41585688	     72.64870891
      1.48333330	      2.04146952	      1.29807631	      1.56969212	     -0.21021575	      0.92876415	     -0.05889101	      0.15254536	     -2.24284445	    -22.37186526	      0.00000000	      3.82550805	     -0.66949949	      0.00000000	     -0.38351665	     -0.27130558	    -26.04219306	      0.00000000	      2.77122181	     -0.77841253	      0.00000000	     -5.37596090	     -0.83634619	     -0.07044952	      4.13010060	     -8.26302393	      7.27889645	     28.92566081	     79.38596854	      6.14650207	     -7.08403928	      3.72849781	     23.41554179	     72.64736102
      1.50000000	      2.09658637	      1.37062954	      1.57976340	     -0.20996639	      0.92891640	     -0.05877605	      0.05687909	     -2.33685660	    -22.38717810	      0.00000000	      3.71183885	     -0.63065455	      0.00000000	     -0.45242926	     -0.17850828	    -25.99898679	      0.00000000	      2.64783833	     -0.74308202	      0.00000000	     -5.20981501	     -0.84711962	     -0.03793959	      4.16040566	     -8.29743574	      7.24983401	     28.90783040	     79.36136614	      6.14544062	     -7.10019388	      3.70239207	     23.40210740	     72.62615081
      1.51666670	      2.09304758	      1.36882225	      1.57879352	     -0.21006546	      0.92844944	     -0.05871751	      0.05404380	     -2.33735263	    -22.38776686	      0.00000000	      3.71083778	     -0.63039898	      0.00000000	     -0.45404532	     -0.17677187	    -25.99883612	      0.00000000	      2.64674635	     -0.74282741	      0.00000000	     -5.21028489	     -0.84801146	     -0.03799957	      4.15998952	     -8.29747456	      7.24963905	     28.90734896	     79.36113532	      6.14507441	     -7.09983198	      3.70224523	     23.40178387	     72.62595473
      1.53333330	      2.09004098	      1.36862341	      1.57789794	     -0.21018201	      0.92847249	     -0.05872950	      0.05397894	     -2.33795469	    -22.38845389	      0.00000000	      3.70997976	     -0.63020337	      0.00000000	     -0.45651904	     -0.17611978	    -25.99869249	      0.00000000	      2.64571847	     -0.74259111	      0.00000000	     -5.21022279	     -0.84867776	     -0.03779587	      4.15997355	     -8.29741929	      7.24946916	     28.90708818	     79.36093468	      6.14480026	     -7.09965468	      3.70208931	     23.40154672	     72.62577799
      1.55000000	      2.08807119	      1.36731324	      1.57701205	     -0.21032363	      0.92897433	     -0.05870870	      0.05633942	     -2.34005965	    -22.38950339	      0.00000000	      3.70896701	     -0.63002146	      0.00000000	     -0.45894507	     -0.17519907	    -25.99855638	      0.00000000	      2.64447313	     -0.74228228	      0.00000000	     -5.20970944	     -0.84928839	     -0.03734612	      4.16038905	     -8.29728859	      7.24925562	     28.90695999	     79.36069065	      6.14461941	     -7.09949610	      3.70188201	     23.40134917	     72.62555948
      1.56666670	      2.08826027	      1.36689488	      1.57584169	     -0.21043286	      0.92938201	     -0.05870431	      0.05847645	     -2.34188551	    -22.39078874	      0.00000000	      3.70771222	     -0.62978372	      0.00000000	     -0.45943167	     -0.17428746	    -25.99851211	      0.00000000	      2.64309524	     -0.74186824	      0.00000000	     -5.20898776	     -0.84979727	     -0.03667404	      4.16137588	     -8.29699035	      7.24902852	     28.90702867	     79.36042721	      6.14470227	     -7.09931134	      3.70165085	     23.40125554	     72.62532135
      1.58333330	      2.08725539	      1.45133801	      1.49951297	     -0.21105989	      0.92894012	     -0.05894456	      0.10007249	     -2.44921398	    -22.52521421	      0.00000000	      3.54320605	     -0.58945297	      0.00000000	     -0.44673099	     -0.06834181	    -26.02235337	      0.00000000	      2.48850486	     -0.69779690	      0.00000000	     -5.15268051	     -0.88884526	      0.04114295	      4.34719979	     -8.26112903	      7.22060184	     28.93724150	     79.33015692	      6.22644159	     -7.06120116	      3.67662472	     23.41694941	     72.59854811
      1.60000000	      2.08619877	      1.44973079	      1.50064345	     -0.21134671	      0.92791521	     -0.05899796	      0.09735124	     -2.44932961	    -22.52536427	      0.00000000	      3.54209848	     -0.58881938	      0.00000000	     -0.44766323	     -0.06770477	    -26.02328753	      0.00000000	      2.48775646	     -0.69776540	      0.00000000	     -5.15323991	     -0.89007894	      0.04097105	      4.34664198	     -8.26115138	      7.22040178	     28.93673113	     79.32991026	      6.22635625	     -7.06105655	      3.67643266	     23.41677595	     72.59832836
      1.61666670	      2.09061198	      1.43794305	      1.61392974	     -0.21203409	      0.92644452	     -0.05893064	      0.10346276	     -2.44732250	    -22.52702565	      0.00000000	      3.47637911	     -0.55121724	      0.00000000	     -0.39487771	     -0.07517998	    -26.09053735	      0.00000000	      2.45041250	     -0.71124187	      0.00000000	     -5.16535147	     -0.95302224	      0.01256270	      4.38769689	     -8.28116575	      7.19917122	     28.92810833	     79.31090229	      6.32764637	     -7.03880426	      3.66198845	     23.44535863	     72.58242242
      1.63333330	      2.10977583	      1.44158120	      1.60604666	     -0.21246737	      0.92462604	     -0.05844860	      0.11852193	     -2.44793925	    -22.53251987	      0.00000000	      3.47235286	     -0.55043915	      0.00000000	     -0.39332298	     -0.07648078	    -26.09135746	      0.00000000	      2.44763766	     -0.71094673	      0.00000000	     -5.16488625	     -0.95078027	      0.00687719	      4.39047977	     -8.28193207	      7.19693703	     28.92700464	     79.30846490	      6.34356932	     -7.03773689	      3.65992266	     23.45013116	     72.58038726
      1.65000000	      2.11102541	      1.42394120	      1.54679280	     -0.21310025	      0.92313350	     -0.05799405	      0.17370242	     -2.41894415	    -22.56611095	      0.00000000	      3.46629195	     -0.55829220	      0.00000000	     -0.37794550	     -0.09703880	    -26.09583640	      0.00000000	      2.45462237	     -0.72133240	      0.00000000	     -5.16316489	     -0.95605261	     -0.01815650	      4.47743714	     -8.28542590	      7.17912810	     28.94285836	     79.29042985	      6.50897418	     -7.04107620	      3.64260567	     23.50281829	     72.56506769
      1.66666670	      2.12816504	      1.43235349	      1.55624459	     -0.21303221	      0.92319346	     -0.05784149	      0.19321421	     -2.40891274	    -22.56577122	      0.00000000	      3.46712331	     -0.55874212	      0.00000000	     -0.37551350	     -0.09979170	    -26.09626270	      0.00000000	      2.45677424	     -0.72291737	      0.00000000	     -5.16528616	     -0.95497588	     -0.01439529	      4.48522374	     -8.28516304	      7.17801135	     28.94449799	     79.28905281	      6.51449875	     -7.04167215	      3.64133199	     23.50457661	     72.56382536
      1.68333330	      2.14021876	      1.43619900	      1.55727065	     -0.21250456	      0.92386281	     -0.05788067	      0.20228160	     -2.40639316	    -22.56536190	      0.00000000	      3.46756467	     -0.55892161	      0.00000000	     -0.37020620	     -0.10215348	    -26.09582464	      0.00000000	      2.45734545	     -0.72317075	      0.00000000	     -5.16559482	     -0.95497198	     -0.01403040	      4.48744761	     -8.28516393	      7.17778393	     28.94508572	     79.28881712	      6.51676473	     -7.04174368	      3.64110949	     23.50534919	     72.56361918
      1.70000000	      2.10513552	      1.36915699	      1.53986785	     -0.21189370	      0.92403686	     -0.05771833	      0.24627601	     -2.30165342	    -22.52837830	      0.00000000	      3.51790652	     -0.58708841	      0.00000000	     -0.33849113	     -0.20544173	    -26.03286731	      0.00000000	      2.52025957	     -0.73872473	      0.00000000	     -5.16541061	     -0.96500535	      0.00722670	      4.66980746	     -8.26471141	      7.15864807	     28.99152672	     79.26178712	      6.74851431	     -7.04677430	      3.61780054	     23.58906461	     72.53961149
      1.71666670	      2.10154378	      1.37235497	      1.53963487	     -0.21179892	      0.92354139	     -0.05779182	      0.24517922	     -2.30097004	    -22.52773095	      0.00000000	      3.51825700	     -0.58734700	      0.00000000	     -0.34106002	     -0.20761538	    -26.03211770	      0.00000000	      2.52078509	     -0.73890580	      0.00000000	     -5.16685502	     -0.96373299	      0.00743484	      4.66971033	     -8.26447880	      7.15856083	     28.99123561	     79.26149887	      6.74921326	     -7.04680104	      3.61759736	     23.58929728	     72.53935068
      1.73333330	      2.08933094	      1.37461549	      1.53859557	     -0.21211741	      0.92265763	     -0.05786699	      0.24044819	     -2.30049942	    -22.52726915	      0.00000000	      3.51875416	     -0.58767938	      0.00000000	     -0.34914518	     -0.20954759	    -26.03136717	      0.00000000	      2.52138622	     -0.73904805	      0.00000000	     -5.16773148	     -0.96271717	      0.00713624	      4.66921550	     -8.26428116	      7.15850389	     28.99086170	     79.26125282	      6.75014401	     -7.04671736	      3.61745023	     23.58964513	     72.53913272
      1.75000000	      2.08233379	      1.37509468	      1.53765278	     -0.21234385	      0.92219568	     -0.05791093	      0.24078179	     -2.30128523	    -22.52660807	      0.00000000	      3.51972036	     -0.58816365	      0.00000000	     -0.35603759	     -0.21096397	    -26.03032209	      0.00000000	      2.52229850	     -0.73923355	      0.00000000	     -5.16824549	     -0.96171902	      0.00640840	      4.66878079	     -8.26420951	      7.15842116	     28.99052295	     79.26099633	      6.75178851	     -7.04657811	      3.61731057	     23.59027327	     72.53891291
      1.76666670	      1.99094883	      1.34720990	      1.52963185	     -0.21273408	      0.92240304	     -0.05786298	      0.37864631	     -2.28118815	    -22.27616781	      0.00000000	      3.79840832	     -0.71391838	      0.00000000	     -0.24872614	     -0.23298508	    -25.77726607	      0.00000000	      2.79196645	     -0.81650076	      0.00000000	     -5.25218429	     -0.84829189	      0.02096656	      4.77057950	     -8.27457599	      7.12707602	     28.98141338	     79.19398301	      7.00914365	     -7.01983098	      3.58468121	     23.70113244	     72.48025147
      1.78333330	      1.99179412	      1.34699389	      1.52893065	     -0.21250002	      0.92348243	     -0.05783959	      0.38127918	     -2.28176799	    -22.27575321	      0.00000000	      3.79904953	     -0.71455790	      0.00000000	     -0.24697792	     -0.23386068	    -25.77660781	      0.00000000	      2.79232458	     -0.81685985	      0.00000000	     -5.25188845	     -0.84906969	      0.02066859	      4.77034856	     -8.27498566	      7.12690223	     28.98130376	     79.19372349	      7.00914207	     -7.01954329	      3.58464653	     23.70125549	     72.48003856
      1.80000000	      1.97330622	      1.34698245	      1.52089574	     -0.21186206	      0.92475037	     -0.05798910	      0.37566284	     -2.28181279	    -22.27362345	      0.00000000	      3.80160686	     -0.71838203	      0.00000000	     -0.25062862	     -0.23680523	    -25.77273829	      0.00000000	      2.79236293	     -0.81805175	      0.00000000	     -5.25210981	     -0.85450419	      0.01693046	      4.76542749	     -8.27609248	      7.12617043	     28.97950299	     79.19201710	      7.00867075	     -7.01719325	      3.58460555	     23.70187734	     72.47863179
      1.81666670	      1.96617133	      1.34982526	      1.51827735	     -0.21195913	      0.92560774	     -0.05816579	      0.37289729	     -2.28129719	    -22.27352729	      0.00000000	      3.80195237	     -0.71906385	      0.00000000	     -0.25069739	     -0.23906978	    -25.77226024	      0.00000000	      2.79226910	     -0.81823291	      0.00000000	     -5.25181899	     -0.85532802	      0.01614782	      4.76408440	     -8.27597834	      7.12613714	     28.97913110	     79.19177247	      7.00848139	     -7.01694029	      3.58460773	     23.70198669	     72.47842691
      1.83333330	      1.95577324	      1.34106947	      1.50755746	     -0.21184610	      0.92657943	     -0.05852211	      0.36698815	     -2.28602729	    -22.27315892	      0.00000000	      3.80170638	     -0.72174553	      0.00000000	     -0.24630709	     -0.23467009	    -25.77017111	      0.00000000	      2.79001800	     -0.81794178	      0.00000000	     -5.25261210	     -0.85862726	      0.01056670	      4.75463029	     -8.27473517	      7.12620255	     28.97625441	     79.19057919	      7.00697755	     -7.01420118	      3.58494002	     23.70242489	     72.47746277
      1.85000000	      1.94706321	      1.33919002	      1.50676085	     -0.21219548	      0.92683727	     -0.05847436	      0.36495446	     -2.28668198	    -22.27305996	      0.00000000	      3.80149391	     -0.72209571	      0.00000000	     -0.25028266	     -0.23284524	    -25.76999641	      0.00000000	      2.78952192	     -0.81784277	      0.00000000	     -5.25255450	     -0.85882045	      0.00931720	      4.75219738	     -8.27457607	      7.12623869	     28.97551487	     79.19036737	      7.00625931	     -7.01341444	      3.58506379	     23.70242083	     72.47729993
      1.86666670	      1.92665435	      1.35380214	      1.47131578	     -0.21330560	      0.92556969	     -0.05803918	      0.42403917	     -2.30795617	    -22.23969742	      0.00000000	      3.78094442	     -0.73235527	      0.00000000	     -0.21597821	     -0.20003502	    -25.74668091	      0.00000000	      2.75794308	     -0.80189026	      0.00000000	     -5.28675429	     -0.86448642	     -0.07547431	      4.60745436	     -8.25556188	      7.12977311	     28.92921249	     79.17599763	      6.98339183	     -6.96023766	      3.59360248	     23.70757140	     72.46627427
      1.88333330	      1.90584570	      1.35824543	      1.56749488	     -0.21381765	      0.92405840	     -0.05788386	      0.45331573	     -2.31212140	    -22.18341939	      0.00000000	      3.77201601	     -0.73664898	      0.00000000	     -0.15507370	     -0.19179475	    -25.72855940	      0.00000000	      2.74377192	     -0.78823053	      0.00000000	     -5.27664854	     -0.87519135	     -0.07779430	      4.57906774	     -8.23078531	      7.13032403	     28.92373025	     79.16143396	      6.96429806	     -6.95701285	      3.59402181	     23.70991363	     72.45374456
      1.90000000	      1.91374486	      1.35839228	      1.56750702	     -0.21361869	      0.92381090	     -0.05786261	      0.45871033	     -2.31136733	    -22.18265106	      0.00000000	      3.77215044	     -0.73673973	      0.00000000	     -0.15243362	     -0.19128951	    -25.72780783	      0.00000000	      2.74365942	     -0.78780929	      0.00000000	     -5.27660307	     -0.87534508	     -0.07884901	      4.57811098	     -8.23069823	      7.13029110	     28.92344351	     79.16121802	      6.96484304	     -6.95687257	      3.59404688	     23.71016690	     72.45357371
      1.91666670	      1.92171510	      1.36099395	      1.56725037	     -0.21318017	      0.92453350	     -0.05792270	      0.46479778	     -2.31101652	    -22.18131205	      0.00000000	      3.77254289	     -0.73674980	      0.00000000	     -0.14666102	     -0.19380441	    -25.72682601	      0.00000000	      2.74374785	     -0.78743850	      0.00000000	     -5.27676065	     -0.87559397	     -0.08011619	      4.57702963	     -8.23049415	      7.13028432	     28.92315250	     79.16099197	      6.96570300	     -6.95683204	      3.59405622	     23.71048289	     72.45339000
      1.93333330	      1.89399760	      1.36190758	      1.56762556	     -0.21213357	      0.92493164	     -0.05803649	      0.45392663	     -2.31301254	    -22.17041943	      0.00000000	      3.77390688	     -0.73538826	      0.00000000	     -0.14450810	     -0.20500205	    -25.72133270	      0.00000000	      2.74366606	     -0.78484847	      0.00000000	     -5.27954439	     -0.87816999	     -0.08913198	      4.56490439	     -8.22751673	      7.13072357	     28.91966071	     79.15941542	      6.96742962	     -6.95587641	      3.59430674	     23.71090987	     72.45205889
      1.95000000	      1.86455749	      1.36338177	      1.57095490	     -0.21109583	      0.92464639	     -0.05802307	      0.43270692	     -2.31519770	    -22.15731946	      0.00000000	      3.77465385	     -0.73302701	      0.00000000	     -0.14212804	     -0.21723208	    -25.71652394	      0.00000000	      2.74388074	     -0.78280866	      0.00000000	     -5.27971210	     -0.88145114	     -0.09811473	      4.54699917	     -8.22285942	      7.13167135	     28.91470729	     79.15768650	      6.96272761	     -6.95387106	      3.59481967	     23.70912599	     72.45054128
      1.96666670	      1.82688717	      1.34247311	      1.64657732	     -0.21115535	      0.92412927	     -0.05779184	      0.39824808	     -2.28452625	    -22.00863449	      0.00000000	      3.79703322	     -0.71009540	      0.00000000	     -0.12902172	     -0.25796035	    -25.68131895	      0.00000000	      2.76273186	     -0.77450440	      0.00000000	     -5.20768950	     -0.93173036	     -0.19220858	      4.26171203	     -8.14415851	      7.14959052	     28.84155627	     79.13527539	      6.80507681	     -6.93309753	      3.60204256	     23.65253556	     72.42973385
      1.98333330	      1.82429387	      1.34831610	      1.63994811	     -0.21211479	      0.92473592	     -0.05766045	      0.39461088	     -2.28640764	    -22.00912992	      0.00000000	      3.80000855	     -0.71242769	      0.00000000	     -0.12327367	     -0.25834406	    -25.68025520	      0.00000000	      2.76421940	     -0.77479305	      0.00000000	     -5.19659695	     -0.92883152	     -0.19112440	      4.25996437	     -8.14152919	      7.14970033	     28.84217098	     79.13391119	      6.79996847	     -6.93544917	      3.60172714	     23.65020772	     72.42843812
      2.00000000	      1.83679226	      1.35344309	      1.63466492	     -0.21310947	      0.92586671	     -0.05754838	      0.41323808	     -2.28447045	    -22.01113922	      0.00000000	      3.80375330	     -0.71525500	      0.00000000	     -0.11739618	     -0.25156833	    -25.68213875	      0.00000000	      2.76550499	     -0.77672571	      0.00000000	     -5.18836675	     -0.92658762	     -0.18894394	      4.25694116	     -8.13717163	      7.15016177	     28.84246964	     79.13240366	      6.79133497	     -6.93904856	      3.60128304	     23.64575128	     72.42692884
      2.01666670	      1.77206448	      1.39406772	      1.51538957	     -0.21351832	      0.92617663	     -0.05757029	      0.55697691	     -2.32428733	    -22.05299464	      0.00000000	      3.84142437	     -0.75174500	      0.00000000	     -0.03279074	     -0.19714153	    -25.74807331	      0.00000000	      2.76460070	     -0.82357849	      0.00000000	     -5.18614786	     -0.90849220	     -0.15438263	      4.25636841	     -8.06388675	      7.15781922	     28.85302650	     79.11137291	      6.70091019	     -6.99672883	      3.59363519	     23.57869072	     72.40539672
      2.03333330	      1.78953881	      1.38979246	      1.52125625	     -0.21321726	      0.92599402	     -0.05793323	      0.57906996	     -2.31608191	    -22.05064631	      0.00000000	      3.84146490	     -0.75094512	      0.00000000	     -0.02875951	     -0.18714697	    -25.75463499	      0.00000000	      2.76350942	     -0.82696693	      0.00000000	     -5.18169948	     -0.91396881	     -0.15425599	      4.25951630	     -8.06263347	      7.15760216	     28.85435154	     79.11016354	      6.69974580	     -6.99741886	      3.59353887	     23.57676058	     72.40424173
      2.05000000	      1.78961270	      1.38057359	      1.51987535	     -0.21228758	      0.92550804	     -0.05851680	      0.58653499	     -2.31606629	    -22.04911668	      0.00000000	      3.84068299	     -0.75021819	      0.00000000	     -0.02367921	     -0.17972025	    -25.76143547	      0.00000000	      2.76172527	     -0.83057514	      0.00000000	     -5.18075999	     -0.91738144	     -0.15419126	      4.26374205	     -8.06049197	      7.15749814	     28.85584518	     79.10894923	      6.69999236	     -6.99832786	      3.59337196	     23.57488852	     72.40307122
      2.06666670	      1.77949476	      1.36702416	      1.51572243	     -0.21165826	      0.92463503	     -0.05904230	      0.58825210	     -2.32280946	    -22.04797389	      0.00000000	      3.83976072	     -0.74954994	      0.00000000	     -0.02374400	     -0.17096060	    -25.76938825	      0.00000000	      2.76029482	     -0.83517065	      0.00000000	     -5.17864103	     -0.91684172	     -0.15414951	      4.26721258	     -8.05845073	      7.15734526	     28.85712797	     79.10749726	      6.69857112	     -6.99837052	      3.59330038	     23.57232425	     72.40169934
      2.08333330	      1.76299929	      1.35219534	      1.51278341	     -0.21131668	      0.92385741	     -0.05930601	      0.58621790	     -2.33428194	    -22.04687338	      0.00000000	      3.83950316	     -0.74917870	      0.00000000	     -0.03197937	     -0.16181299	    -25.77606899	      0.00000000	      2.76029956	     -0.83972575	      0.00000000	     -5.17425506	     -0.91211525	     -0.15388008	      4.26914833	     -8.05744803	      7.15709378	     28.85798473	     79.10617162	      6.69563777	     -6.99729826	      3.59335850	     23.56988690	     72.40047966
      2.10000000	      1.75477715	      1.34339826	      1.51358247	     -0.21140187	      0.92363225	     -0.05913303	      0.58365333	     -2.33956365	    -22.04666144	      0.00000000	      3.83956623	     -0.74916202	      0.00000000	     -0.03739895	     -0.15781125	    -25.77707481	      0.00000000	      2.76048282	     -0.84047544	      0.00000000	     -5.17321494	     -0.91087802	     -0.15377784	      4.26930227	     -8.05747654	      7.15702995	     28.85807541	     79.10597380	      6.69493407	     -6.99694436	      3.59338945	     23.56950232	     72.40030315
      2.11666670	      1.73911661	      1.37561728	      1.52860517	     -0.21055423	      0.92404569	     -0.05923765	      0.54153641	     -2.41826979	    -22.00771838	      0.00000000	      3.85720468	     -0.74191001	      0.00000000	     -0.08470043	     -0.08813199	    -25.84917212	      0.00000000	      2.80425500	     -0.91319945	      0.00000000	     -5.00821638	     -0.77554495	     -0.13770902	      4.25156418	     -8.06725904	      7.15055827	     28.86106377	     79.08734271	      6.58896384	     -6.96221654	      3.59634141	     23.52585504	     72.38361009
      2.13333330	      1.71555193	      1.36811646	      1.52705401	     -0.20990499	      0.92433335	     -0.05910041	      0.54051995	     -2.42104762	    -22.00460387	      0.00000000	      3.85902027	     -0.74155502	      0.00000000	     -0.10407322	     -0.09370261	    -25.85109002	      0.00000000	      2.80707385	     -0.91705047	      0.00000000	     -5.00255636	     -0.78049323	     -0.14115036	      4.24846060	     -8.07052523	      7.14955546	     28.86017737	     79.08590169	      6.58301621	     -6.95810511	      3.59683757	     23.52282102	     72.38237061
      2.15000000	      1.72140620	      1.32996415	      1.54227715	     -0.20898334	      0.92426479	     -0.05887520	      0.47151897	     -2.37880822	    -21.94547302	      0.00000000	      3.89566729	     -0.73431235	      0.00000000	     -0.16692648	     -0.13971654	    -25.87489751	      0.00000000	      2.86296540	     -0.97268154	      0.00000000	     -4.83989379	     -0.82162529	     -0.15459549	      4.15885124	     -8.09462833	      7.14119846	     28.84146396	     79.06566239	      6.42466586	     -6.92348231	      3.60006493	     23.45755778	     72.36349042
      2.16666670	      1.71383247	      1.33286081	      1.54217582	     -0.20913513	      0.92398711	     -0.05896079	      0.46907090	     -2.37873387	    -21.94513986	      0.00000000	      3.89611397	     -0.73435495	      0.00000000	     -0.17249369	     -0.14191345	    -25.87495255	      0.00000000	      2.86341513	     -0.97308130	      0.00000000	     -4.83892111	     -0.82048236	     -0.15459352	      4.15793945	     -8.09414548	      7.14126850	     28.84127881	     79.06547356	      6.42393679	     -6.92376308	      3.59996582	     23.45710141	     72.36328746
      2.18333330	      1.69828595	      1.33462934	      1.54173572	     -0.20960967	      0.92421670	     -0.05906430	      0.46248921	     -2.37910165	    -21.94494583	      0.00000000	      3.89675209	     -0.73453749	      0.00000000	     -0.17991191	     -0.14400634	    -25.87508141	      0.00000000	      2.86397363	     -0.97353674	      0.00000000	     -4.83740553	     -0.81952176	     -0.15446867	      4.15681596	     -8.09354254	      7.14137511	     28.84110618	     79.06531212	      6.42292759	     -6.92417666	      3.59985884	     23.45660995	     72.36310522
      2.20000000	      1.71352212	      1.33064036	      1.54371004	     -0.21066736	      0.92498084	     -0.05910389	      0.46862454	     -2.38273732	    -21.94219850	      0.00000000	      3.90254427	     -0.73533569	      0.00000000	     -0.17624679	     -0.14107636	    -25.87500638	      0.00000000	      2.86858232	     -0.97613725	      0.00000000	     -4.82618768	     -0.81153138	     -0.15394111	      4.14891697	     -8.08874737	      7.14225271	     28.84005948	     79.06415205	      6.41663365	     -6.92676442	      3.59914288	     23.45341213	     72.36180691
      2.21666670	      1.73135153	      1.33314384	      1.54816691	     -0.21127862	      0.92507580	     -0.05890822	      0.48173305	     -2.38045903	    -21.93907834	      0.00000000	      3.90931225	     -0.73593040	      0.00000000	     -0.17121079	     -0.13576701	    -25.87560064	      0.00000000	      2.87319882	     -0.97910694	      0.00000000	     -4.81859060	     -0.80239573	     -0.15409455	      4.14321826	     -8.08298419	      7.14325328	     28.83969832	     79.06287983	      6.41388972	     -6.92912307	      3.59842260	     23.45101063	     72.36041754
      2.23333330	      1.74465831	      1.33176252	      1.55014830	     -0.21099267	      0.92476880	     -0.05877739	      0.48971816	     -2.38068128	    -21.93851693	      0.00000000	      3.91016076	     -0.73588140	      0.00000000	     -0.16696959	     -0.13361600	    -25.87579502	      0.00000000	      2.87365213	     -0.97947174	      0.00000000	     -4.81841333	     -0.80121941	     -0.15416253	      4.14302699	     -8.08214965	      7.14338605	     28.83978608	     79.06271546	      6.41414701	     -6.92932059	      3.59834360	     23.45085826	     72.36024288
      2.25000000	      1.68326887	      1.35231566	      1.60869462	     -0.21072343	      0.92424622	     -0.05859380	      0.58497488	     -2.38949498	    -21.91160202	      0.00000000	      3.99915137	     -0.74236600	      0.00000000	     -0.06183379	     -0.12087199	    -25.92633685	      0.00000000	      2.90625517	     -1.03204500	      0.00000000	     -4.84023442	     -0.73843505	     -0.15580599	      4.15686216	     -7.96844832	      7.16077676	     28.86332729	     79.04584225	      6.47278576	     -6.96544878	      3.58870690	     23.44226842	     72.34183903
      2.26666670	      1.67429947	      1.35846004	      1.60356584	     -0.20978030	      0.92458691	     -0.05860233	      0.59002223	     -2.38409339	    -21.91214166	      0.00000000	      4.00232703	     -0.74284575	      0.00000000	     -0.06047209	     -0.12735460	    -25.92777529	      0.00000000	      2.90504390	     -1.03416233	      0.00000000	     -4.84036310	     -0.74607348	     -0.15976036	      4.15978726	     -7.96859184	      7.16030285	     28.86476398	     79.04457845	      6.47704016	     -6.96350468	      3.58889813	     23.44237621	     72.34074963
      2.28333330	      1.65632597	      1.36246486	      1.59839444	     -0.20949449	      0.92490016	     -0.05855758	      0.58582523	     -2.38015980	    -21.91432663	      0.00000000	      4.00447856	     -0.74327460	      0.00000000	     -0.05551868	     -0.13371918	    -25.93200436	      0.00000000	      2.90214821	     -1.03722153	      0.00000000	     -4.84086143	     -0.75546791	     -0.16232757	      4.16315651	     -7.96649966	      7.16026883	     28.86670687	     79.04325202	      6.48042497	     -6.96138469	      3.58915650	     23.44227018	     72.33955969
      2.30000000	      1.64877545	      1.36459818	      1.59716951	     -0.20954544	      0.92492766	     -0.05858161	      0.58187543	     -2.37853177	    -21.91486431	      0.00000000	      4.00456693	     -0.74333795	      0.00000000	     -0.05568828	     -0.13494228	    -25.93285739	      0.00000000	      2.90149465	     -1.03772496	      0.00000000	     -4.84109672	     -0.75688613	     -0.16253350	      4.16381320	     -7.96591062	      7.16032202	     28.86706856	     79.04307196	      6.48102644	     -6.96102215	      3.58920761	     23.44233051	     72.33939572
      2.31666670	      1.55609445	      1.35194683	      1.57375687	     -0.20952300	      0.92462339	     -0.05825187	      0.66157896	     -2.33686326	    -21.97057640	      0.00000000	      4.00604268	     -0.74356984	      0.00000000	      0.03519386	     -0.17387849	    -26.03934224	      0.00000000	      2.80517314	     -1.09022851	      0.00000000	     -4.84648530	     -0.91613492	     -0.17231898	      4.23616984	     -7.87061882	      7.17278558	     28.91213969	     79.02386419	      6.55612437	     -6.92299011	      3.59554827	     23.45871594	     72.32167709
      2.33333330	      1.53502496	      1.36306453	      1.57401239	     -0.20906049	      0.92448449	     -0.05811684	      0.65118259	     -2.33787363	    -21.97166468	      0.00000000	      4.00459728	     -0.74236144	      0.00000000	      0.03745005	     -0.16984797	    -26.04344597	      0.00000000	      2.79729201	     -1.09244042	      0.00000000	     -4.84544995	     -0.90871131	     -0.16994515	      4.23772409	     -7.86573218	      7.17372103	     28.91344474	     79.02246846	      6.56077470	     -6.92693903	      3.59489298	     23.45971685	     72.32031679
      2.35000000	      1.51605771	      1.37112768	      1.57334541	     -0.20846788	      0.92456988	     -0.05803044	      0.64105291	     -2.33782856	    -21.97236809	      0.00000000	      4.00303787	     -0.74114825	      0.00000000	      0.03918708	     -0.16864365	    -26.04695585	      0.00000000	      2.78982824	     -1.09412699	      0.00000000	     -4.84398276	     -0.90580925	     -0.16895987	      4.23942227	     -7.86042604	      7.17471928	     28.91482860	     79.02135387	      6.56665933	     -6.92830530	      3.59472124	     23.46174159	     72.31927753
      2.36666670	      1.49411957	      1.37725603	      1.57154323	     -0.20781858	      0.92489606	     -0.05807662	      0.62680578	     -2.33831447	    -21.97280267	      0.00000000	      4.00098564	     -0.73971568	      0.00000000	      0.04056378	     -0.16864169	    -26.05103349	      0.00000000	      2.78169943	     -1.09598567	      0.00000000	     -4.84134456	     -0.90530655	     -0.16905907	      4.23993563	     -7.85359374	      7.17604227	     28.91600345	     79.02029532	      6.57359297	     -6.92830766	      3.59484558	     23.46454388	     72.31831835
      2.38333330	      1.46867832	      1.38274514	      1.57120580	     -0.20723090	      0.92467745	     -0.05814224	      0.60975629	     -2.34028025	    -21.97273372	      0.00000000	      3.99783123	     -0.73757111	      0.00000000	      0.03681341	     -0.16935169	    -26.05747639	      0.00000000	      2.77134794	     -1.09881947	      0.00000000	     -4.83640225	     -0.90613596	     -0.17112233	      4.23723943	     -7.84379303	      7.17805926	     28.91646273	     79.01906186	      6.58255115	     -6.92656685	      3.59537273	     23.46862070	     72.31724318
      2.40000000	      1.43908062	      1.38752954	      1.57312146	     -0.20628056	      0.92431218	     -0.05804391	      0.58868720	     -2.34241021	    -21.97131512	      0.00000000	      3.99476739	     -0.73538294	      0.00000000	      0.02901867	     -0.17108920	    -26.06381407	      0.00000000	      2.76262705	     -1.10174678	      0.00000000	     -4.83202223	     -0.90709080	     -0.17478473	      4.23243009	     -7.83493831	      7.17995861	     28.91590160	     79.01806799	      6.59106411	     -6.92349151	      3.59611841	     23.47267188	     72.31642863
      2.41666670	      1.44507328	      1.40683734	      1.67213707	     -0.20507078	      0.92435688	     -0.05779571	      0.49096304	     -2.35808911	    -21.91474020	      0.00000000	      3.96561606	     -0.69035823	      0.00000000	     -0.01651594	     -0.16405673	    -26.17442139	      0.00000000	      2.62963944	     -1.15279125	      0.00000000	     -4.68492707	     -0.94915888	     -0.24878930	      4.04873318	     -7.67704941	      7.21659188	     28.87771276	     79.00166844	      6.65895482	     -6.86883688	      3.61187206	     23.52283865	     72.30321014
      2.43333330	      1.40912869	      1.41319937	      1.66956375	     -0.20444893	      0.92477831	     -0.05738805	      0.47358345	     -2.35621765	    -21.91376000	      0.00000000	      3.96660942	     -0.68962937	      0.00000000	     -0.02923782	     -0.16908406	    -26.17481642	      0.00000000	      2.62279930	     -1.15400751	      0.00000000	     -4.68542414	     -0.95326072	     -0.24788713	      4.04423229	     -7.67604861	      7.21687885	     28.87578948	     79.00041070	      6.65593349	     -6.86874791	      3.61255683	     23.52226444	     72.30230791
      2.45000000	      1.37512610	      1.41879278	      1.66427776	     -0.20380719	      0.92555671	     -0.05735847	      0.45267190	     -2.35194134	    -21.91106724	      0.00000000	      3.96828932	     -0.68881930	      0.00000000	     -0.04159693	     -0.17463090	    -26.17502055	      0.00000000	      2.61661349	     -1.15511984	      0.00000000	     -4.68352545	     -0.95836403	     -0.24900511	      4.03643715	     -7.67329767	      7.21756366	     28.87322135	     78.99934960	      6.65301503	     -6.86779672	      3.61337880	     23.52188592	     72.30156657
      2.46666670	      1.42154349	      1.41433335	      1.63302538	     -0.20322415	      0.92648219	     -0.05721623	      0.33250037	     -2.31946532	    -21.79404115	      0.00000000	      4.04061082	     -0.65447196	      0.00000000	     -0.17130207	     -0.20222259	    -26.21002897	      0.00000000	      2.43184085	     -1.19967677	      0.00000000	     -4.52839483	     -1.04492907	     -0.22588694	      3.77423950	     -7.55273337	      7.24609004	     28.79537101	     78.96482159	      6.48274780	     -6.85701931	      3.63963011	     23.48818157	     72.27718101
      2.48333330	      1.39688792	      1.42156097	      1.62484461	     -0.20301136	      0.92734305	     -0.05721623	      0.32974705	     -2.31056359	    -21.79315413	      0.00000000	      4.04205631	     -0.65455752	      0.00000000	     -0.18732734	     -0.19870091	    -26.21073423	      0.00000000	      2.42740636	     -1.20131969	      0.00000000	     -4.52823271	     -1.04518346	     -0.22857388	      3.77206909	     -7.55289017	      7.24595597	     28.79409178	     78.96365955	      6.48569095	     -6.85515345	      3.64062397	     23.48950512	     72.27653192
      2.50000000	      1.38270107	      1.42652043	      1.61727209	     -0.20292815	      0.92812506	     -0.05727111	      0.33780915	     -2.29926448	    -21.79060455	      0.00000000	      4.04231900	     -0.65405320	      0.00000000	     -0.20802172	     -0.19227949	    -26.21172637	      0.00000000	      2.42217407	     -1.20288347	      0.00000000	     -4.52830783	     -1.04611609	     -0.23340393	      3.76570659	     -7.55132885	      7.24626979	     28.79171825	     78.96257573	      6.48720813	     -6.85131488	      3.64204094	     23.49046505	     72.27599009
      2.51666670	      1.37911957	      1.42931036	      1.57176276	     -0.20271330	      0.92867316	     -0.05724734	      0.35135897	     -2.27969988	    -21.76551732	      0.00000000	      4.03563076	     -0.64802201	      0.00000000	     -0.24468900	     -0.18488201	    -26.21505636	      0.00000000	      2.39202754	     -1.20934079	      0.00000000	     -4.53771808	     -1.05008448	     -0.26325885	      3.71661907	     -7.53550682	      7.24993940	     28.77403239	     78.95720916	      6.48479771	     -6.82165155	      3.65147720	     23.49197144	     72.27358970
      2.53333330	      1.40015673	      1.42443151	      1.57723461	     -0.20257933	      0.92876767	     -0.05692386	      0.34762788	     -2.25309616	    -21.65842317	      0.00000000	      4.00411719	     -0.62290089	      0.00000000	     -0.27316899	     -0.19461864	    -26.22316178	      0.00000000	      2.31813573	     -1.22435813	      0.00000000	     -4.58876477	     -1.04281982	     -0.28961304	      3.62287463	     -7.48329047	      7.26131189	     28.73538266	     78.94422747	      6.44470302	     -6.75500533	      3.67445395	     23.48182558	     72.26753858
      2.55000000	      1.40173216	      1.42286403	      1.58311418	     -0.20156726	      0.92866169	     -0.05704291	      0.36042774	     -2.24813880	    -21.65107702	      0.00000000	      4.00222626	     -0.62204440	      0.00000000	     -0.28742446	     -0.19159466	    -26.22227505	      0.00000000	      2.31365860	     -1.22467884	      0.00000000	     -4.59296692	     -1.04122884	     -0.28955414	      3.62220733	     -7.48135007	      7.26156857	     28.73405483	     78.94336027	      6.44547007	     -6.75301351	      3.67549637	     23.48197902	     72.26712430
      2.56666670	      1.39912088	      1.42438761	      1.59444474	     -0.19977708	      0.92879762	     -0.05717780	      0.37677070	     -2.24185578	    -21.64040575	      0.00000000	      3.99993255	     -0.62056659	      0.00000000	     -0.30788901	     -0.19090390	    -26.22008315	      0.00000000	      2.30931521	     -1.22416647	      0.00000000	     -4.60054790	     -1.03807311	     -0.29088902	      3.61900653	     -7.47887342	      7.26201051	     28.73131859	     78.94246497	      6.44652075	     -6.74859008	      3.67693874	     23.48240064	     72.26675832
      2.58333330	      1.41666444	      1.39645376	      1.70717562	     -0.19874582	      0.92843738	     -0.05695952	      0.30944382	     -2.21484114	    -21.46624073	      0.00000000	      3.97631291	     -0.60583438	      0.00000000	     -0.34501077	     -0.22272815	    -26.17220710	      0.00000000	      2.26860124	     -1.20503488	      0.00000000	     -4.67074468	     -0.97522962	     -0.33451479	      3.46823770	     -7.43842702	      7.27210490	     28.65302764	     78.92757021	      6.40595525	     -6.64990676	      3.70586135	     23.47843380	     72.26137477
      2.60000000	      1.40328603	      1.40734478	      1.70710770	     -0.19954490	      0.92661035	     -0.05620725	      0.29945129	     -2.20883193	    -21.46325824	      0.00000000	      3.97737020	     -0.60899742	      0.00000000	     -0.36190544	     -0.22991439	    -26.16892114	      0.00000000	      2.26880365	     -1.20430400	      0.00000000	     -4.66987811	     -0.97145724	     -0.33684492	      3.46584702	     -7.44041714	      7.27151077	     28.65003197	     78.92650389	      6.40747659	     -6.64562470	      3.70730734	     23.47935699	     72.26101872
      2.61666670	      1.37798919	      1.41564675	      1.70128714	     -0.19964335	      0.92461330	     -0.05580098	      0.26581813	     -2.20040286	    -21.46121574	      0.00000000	      3.98317428	     -0.61844823	      0.00000000	     -0.37123538	     -0.24214768	    -26.16473880	      0.00000000	      2.27319279	     -1.20488760	      0.00000000	     -4.67123095	     -0.96812775	     -0.33909779	      3.46466452	     -7.44181951	      7.27071104	     28.64542835	     78.92466185	      6.41200416	     -6.63942664	      3.70966569	     23.48119415	     72.26038439
      2.63333330	      1.35539834	      1.42376337	      1.68997332	     -0.20016525	      0.92359610	     -0.05556574	      0.22794404	     -2.19460840	    -21.46467652	      0.00000000	      3.98995303	     -0.62811351	      0.00000000	     -0.36272023	     -0.25405148	    -26.16304269	      0.00000000	      2.27906277	     -1.20647938	      0.00000000	     -4.67314545	     -0.96607478	     -0.33974714	      3.46518794	     -7.44334917	      7.27007596	     28.64245772	     78.92341235	      6.41517198	     -6.63539955	      3.71125219	     23.48240917	     72.25996839
      2.65000000	      1.65320546	      1.36911486	      1.66133631	     -0.20157997	      0.92478541	     -0.05545337	     -0.10310834	     -2.09560326	    -21.12295187	      0.00000000	      3.99843734	     -1.86413321	      0.00000000	     -0.66082962	     -0.34001729	    -26.03954718	      0.00000000	      2.71020133	     -1.30106072	      0.00000000	     -5.21865216	     -0.90141026	     -0.18256679	      3.79887089	     -7.43148125	      7.16582854	     28.10860945	     78.50842979	      6.79623563	     -6.59620408	      4.09548950	     23.43247709	     72.09563616
      2.66666670	      1.65067088	      1.37856078	      1.64353758	     -0.20275277	      0.92635119	     -0.05529602	     -0.11594343	     -2.09326125	    -21.13057675	      0.00000000	      4.00019925	     -1.86805709	      0.00000000	     -0.63146994	     -0.34551813	    -26.04003066	      0.00000000	      2.70976471	     -1.30005721	      0.00000000	     -5.22073829	     -0.89929617	     -0.18366707	      3.80045641	     -7.43381675	      7.16541412	     28.10875926	     78.50740338	      6.79787408	     -6.59604644	      4.09645026	     23.43263090	     72.09521628
      2.68333330	      1.48133266	      1.37930385	      1.55707939	     -0.20348668	      0.92699004	     -0.05519104	      0.14294150	     -2.08855421	    -21.31571461	      0.00000000	      4.01609908	     -1.94102525	      0.00000000	     -0.39042496	     -0.34871770	    -26.11283852	      0.00000000	      2.67823175	     -1.26827649	      0.00000000	     -5.40434780	     -0.86510914	     -0.15495987	      4.04984695	     -7.48676922	      7.15017100	     28.16653801	     78.48010273	      6.97310612	     -6.61613260	      4.11830541	     23.46596156	     72.08449584
      2.70000000	      1.34198539	      1.37299792	      1.54868612	     -0.20372852	      0.92614697	     -0.05513940	      0.35478607	     -2.07823098	    -21.41853039	      0.00000000	      3.98078452	     -1.94865048	      0.00000000	     -0.18196500	     -0.36159114	    -26.18145486	      0.00000000	      2.65417531	     -1.20902604	      0.00000000	     -5.45796420	     -0.85064183	     -0.19780100	      4.19153964	     -7.52575274	      7.14221289	     28.20136705	     78.44793503	      7.15548657	     -6.61635822	      4.15298027	     23.50923240	     72.07343537
      2.71666670	      1.35797763	      1.37554705	      1.54724670	     -0.20329504	      0.92460781	     -0.05521921	      0.36177884	     -2.07748081	    -21.41908885	      0.00000000	      3.98049301	     -1.94854220	      0.00000000	     -0.17635322	     -0.36307188	    -26.18127304	      0.00000000	      2.65404651	     -1.20833609	      0.00000000	     -5.45921095	     -0.85061528	     -0.19862435	      4.19192240	     -7.52603511	      7.14215145	     28.20136344	     78.44777258	      7.15669863	     -6.61614692	      4.15319789	     23.50946706	     72.07339270
      2.73333330	      1.12823225	      1.35481889	      1.49265068	     -0.20327751	      0.92340284	     -0.05541111	      0.67117405	     -2.07204630	    -21.53753713	      0.00000000	      3.99818075	     -1.96053511	      0.00000000	      0.10252787	     -0.38121794	    -26.23342648	      0.00000000	      2.70602716	     -1.13123082	      0.00000000	     -5.59192995	     -0.80220853	     -0.26107922	      4.39637326	     -7.60548606	      7.12179926	     28.26806028	     78.41542696	      7.35881912	     -6.61513960	      4.19272539	     23.55432990	     72.06506810
      2.75000000	      1.11408616	      1.35165245	      1.48395294	     -0.20271955	      0.92408569	     -0.05567782	      0.68047247	     -2.07563225	    -21.54009890	      0.00000000	      3.99858806	     -1.96050541	      0.00000000	      0.10120916	     -0.38443470	    -26.23333677	      0.00000000	      2.70662823	     -1.12778686	      0.00000000	     -5.59236261	     -0.80123669	     -0.26833819	      4.39685361	     -7.60824915	      7.12119619	     28.26909280	     78.41430288	      7.36586137	     -6.61373868	      4.19445023	     23.55633204	     72.06485953
      2.76666670	      0.50009187	      1.26751818	      1.51048866	     -0.20228520	      0.92422984	     -0.05591370	      1.35006529	     -2.01688962	    -21.76469113	      0.00000000	      3.90970170	     -1.79744595	      0.00000000	      0.76004453	     -0.44937026	    -26.41131757	      0.00000000	      2.77727121	     -0.57618384	      0.00000000	     -4.97861071	     -0.59445590	     -0.59122926	      4.30912368	     -7.67915889	      7.11190439	     28.57317269	     78.21083758	      7.20150862	     -6.64455294	      4.51022241	     23.48643372	     72.01346267
      2.78333330	      0.47943076	      1.26490252	      1.50006954	     -0.20189171	      0.92399854	     -0.05577251	      1.34649158	     -2.01870226	    -21.76680679	      0.00000000	      3.91060490	     -1.79804547	      0.00000000	      0.75660470	     -0.44690254	    -26.41260980	      0.00000000	      2.77789597	     -0.57577023	      0.00000000	     -4.98208271	     -0.59685923	     -0.59734285	      4.31266125	     -7.68343522	      7.11104976	     28.57418550	     78.20970239	      7.21294014	     -6.64206823	      4.51189752	     23.49040660	     72.01319489
      2.80000000	      0.42962041	      1.26687916	      1.40676213	     -0.20159097	      0.92326735	     -0.05557625	      1.41064084	     -2.02290126	    -21.79056698	      0.00000000	      3.91631400	     -1.80190046	      0.00000000	      0.78017312	     -0.43927567	    -26.43348493	      0.00000000	      2.78113310	     -0.57300350	      0.00000000	     -5.00643747	     -0.59999228	     -0.66613931	      4.35008243	     -7.72387760	      7.10193656	     28.58872917	     78.20120898	      7.33377792	     -6.62042030	      4.52522357	     23.53272361	     72.01198958
      2.81666670	      0.30637062	      1.26764904	      1.43117813	     -0.20207850	      0.92251802	     -0.05558333	      1.54777649	     -2.03593078	    -21.80843789	      0.00000000	      3.92566612	     -1.78855193	      0.00000000	      0.92468132	     -0.43104886	    -26.53531470	      0.00000000	      2.79860503	     -0.58350034	      0.00000000	     -5.08090470	     -0.56296940	     -0.71003903	      4.53642946	     -7.78259428	      7.08457242	     28.66861900	     78.18139269	      7.54806350	     -6.61532965	      4.55373390	     23.60522573	     72.00846814
      2.83333330	      0.29180136	      1.26760380	      1.43020285	     -0.20257447	      0.92265159	     -0.05556550	      1.54405024	     -2.03726045	    -21.80869471	      0.00000000	      3.92583644	     -1.78850522	      0.00000000	      0.91775409	     -0.43305554	    -26.53574101	      0.00000000	      2.79859467	     -0.58346836	      0.00000000	     -5.08098618	     -0.56289154	     -0.71082098	      4.53621999	     -7.78289656	      7.08451543	     28.66879663	     78.18126194	      7.54860327	     -6.61521049	      4.55398320	     23.60544578	     72.00845247
      2.85000000	      0.24577849	      1.25818585	      1.33003612	     -0.20277438	      0.92344471	     -0.05591198	      1.64401311	     -2.03747836	    -21.80115798	      0.00000000	      3.94058008	     -1.77222834	      0.00000000	      0.96932514	     -0.44782057	    -26.55916019	      0.00000000	      2.79515412	     -0.57502342	      0.00000000	     -5.11904686	     -0.54418136	     -0.79915469	      4.55145672	     -7.80973601	      7.07741194	     28.68688542	     78.17262946	      7.66381461	     -6.60155766	      4.57038660	     23.64310615	     72.00821709
      2.86666670	      0.23416364	      1.25209551	      1.33418126	     -0.20218025	      0.92434264	     -0.05631976	      1.65276283	     -2.05032833	    -21.79569040	      0.00000000	      3.94203182	     -1.76807772	      0.00000000	      0.97596351	     -0.45709623	    -26.56465890	      0.00000000	      2.79439128	     -0.57458461	      0.00000000	     -5.12322742	     -0.53986325	     -0.80305564	      4.55804105	     -7.81023954	      7.07690344	     28.69097467	     78.17161067	      7.67411121	     -6.60239983	      4.57217114	     23.64624640	     72.00813828
      2.88333330	      0.13954847	      1.24106072	      1.35015889	     -0.20225098	      0.92460552	     -0.05640182	      1.77950019	     -2.05937990	    -21.68892100	      0.00000000	      3.96007059	     -1.68116472	      0.00000000	      1.10915235	     -0.45247118	    -26.65113011	      0.00000000	      2.78306032	     -0.55438196	      0.00000000	     -5.16439511	     -0.43288297	     -0.95625219	      4.57551094	     -7.83771923	      7.06687434	     28.72316009	     78.15554976	      7.87963950	     -6.57530175	      4.60614361	     23.71440994	     72.00865201
      2.90000000	      0.13231005	      1.23772845	      1.35037748	     -0.20239697	      0.92492870	     -0.05627392	      1.77616486	     -2.06196907	    -21.68845793	      0.00000000	      3.96016865	     -1.68057453	      0.00000000	      1.10882621	     -0.45288273	    -26.65168582	      0.00000000	      2.78286654	     -0.55404857	      0.00000000	     -5.16405403	     -0.43271130	     -0.95646492	      4.57585432	     -7.83783928	      7.06679480	     28.72358868	     78.15540202	      7.87956904	     -6.57517716	      4.60649649	     23.71441098	     72.00864993
      2.91666670	      0.12461826	      1.23720852	      1.34874986	     -0.20238267	      0.92569068	     -0.05619552	      1.77048628	     -2.06402116	    -21.68773445	      0.00000000	      3.96000920	     -1.67965428	      0.00000000	      1.11256216	     -0.45482087	    -26.65262462	      0.00000000	      2.78249784	     -0.55366810	      0.00000000	     -5.16369933	     -0.43204973	     -0.95786205	      4.57536343	     -7.83773944	      7.06676253	     28.72379513	     78.15522388	      7.88068485	     -6.57482870	      4.60695335	     23.71482234	     72.00866183
      2.93333330	      0.06359377	      1.24251860	      1.34152355	     -0.20168608	      0.92631510	     -0.05633087	      1.77611553	     -2.06441648	    -21.63854678	      0.00000000	      3.93804140	     -1.62100800	      0.00000000	      1.14147997	     -0.46267050	    -26.71609355	      0.00000000	      2.75253406	     -0.53552048	      0.00000000	     -5.15290770	     -0.39249883	     -1.05352099	      4.48950880	     -7.81075554	      7.07157045	     28.70999648	     78.14813437	      7.94364882	     -6.55678866	      4.62701715	     23.73705930	     72.00947814
      2.95000000	      0.02512944	      1.23089082	      1.40678588	     -0.20137257	      0.92662368	     -0.05669289	      1.79773759	     -2.07604651	    -21.54341771	      0.00000000	      3.88532720	     -1.49320459	      0.00000000	      1.21076662	     -0.46096068	    -26.85254941	      0.00000000	      2.67479168	     -0.48473656	      0.00000000	     -5.10744150	     -0.32693015	     -1.18469597	      4.31110518	     -7.74211131	      7.08352531	     28.67757207	     78.13356137	      7.98789256	     -6.54102517	      4.66763523	     23.75338302	     72.01053107
      2.96666670	      0.01496484	      1.22856364	      1.40508429	     -0.20183722	      0.92585030	     -0.05663946	      1.78986734	     -2.07694460	    -21.54353589	      0.00000000	      3.88500767	     -1.49241022	      0.00000000	      1.20785945	     -0.46046918	    -26.85334547	      0.00000000	      2.67406278	     -0.48393801	      0.00000000	     -5.10687928	     -0.32694759	     -1.18545879	      4.30971400	     -7.74185073	      7.08354581	     28.67725024	     78.13341914	      7.98749628	     -6.54087832	      4.66803011	     23.75325907	     72.01053919
      2.98333330	     -0.34563480	      1.19324914	      1.28556255	     -0.20232487	      0.92425806	     -0.05622141	      2.20130722	     -2.04688487	    -21.51340741	      0.00000000	      3.95423120	     -0.85733202	      0.00000000	      1.59269479	     -0.50524360	    -27.44792126	      0.00000000	      2.33569803	      0.23098881	      0.00000000	     -4.57037831	     -0.24660478	     -1.22529192	      4.07788500	     -7.62585320	      7.04537162	     28.65365264	     77.98654144	      7.83142383	     -6.61762735	      5.02554580	     23.71277469	     72.01383396
      3.00000000	     -0.33319367	      1.19436370	      1.28950912	     -0.20335370	      0.92283817	     -0.05563747	      2.21898929	     -2.04462091	    -21.51380725	      0.00000000	      3.95712636	     -0.85678848	      0.00000000	      1.58775325	     -0.50317328	    -27.44946434	      0.00000000	      2.34154990	      0.23150299	      0.00000000	     -4.57309295	     -0.24635659	     -1.23151011	      4.07005712	     -7.62750003	      7.04526408	     28.65022305	     77.98582269	      7.83434971	     -6.61360180	      5.02771878	     23.71428525	     72.01387350
      3.01666670	     -0.36913894	      1.18480004	      1.24619614	     -0.20428785	      0.92243998	     -0.05506068	      2.32287920	     -2.02572187	    -21.50548690	      0.00000000	      4.00414301	     -0.85436328	      0.00000000	      1.63625148	     -0.51691920	    -27.45673936	      0.00000000	      2.41020364	      0.24247766	      0.00000000	     -4.68019254	     -0.23780658	     -1.31167881	      3.99248362	     -7.61288124	      7.05054101	     28.61258947	     77.97830899	      7.92675414	     -6.58280891	      5.05031093	     23.74842241	     72.01455198
      3.03333330	     -0.34727063	      1.19235954	      1.26115273	     -0.20525947	      0.92282807	     -0.05446035	      2.36549656	     -2.01911056	    -21.50182137	      0.00000000	      4.01016458	     -0.85314234	      0.00000000	      1.63588154	     -0.52251276	    -27.45769126	      0.00000000	      2.41742535	      0.24415560	      0.00000000	     -4.68988195	     -0.23301595	     -1.31123211	      3.99055213	     -7.60967344	      7.05139351	     28.61089388	     77.97756482	      7.93111829	     -6.58263333	      5.05243803	     23.75056080	     72.01458872
      3.05000000	     -0.45088038	      1.14499715	      1.23846572	     -0.20461973	      0.92370020	     -0.05426572	      2.56292731	     -1.94694124	    -21.44400968	      0.00000000	      4.08487896	     -0.83856408	      0.00000000	      1.77882293	     -0.59728853	    -27.43527504	      0.00000000	      2.48754364	      0.28969000	      0.00000000	     -4.95185388	     -0.18276589	     -1.34446793	      3.94135331	     -7.53426201	      7.06954159	     28.57600264	     77.96876254	      8.04483705	     -6.58845341	      5.08028686	     23.79335502	     72.01600847
      3.06666670	     -0.44850085	      1.16118802	      1.25469787	     -0.20344671	      0.92375295	     -0.05390466	      2.59905019	     -1.93890254	    -21.43714535	      0.00000000	      4.08796808	     -0.83634766	      0.00000000	      1.75874265	     -0.61374359	    -27.43348910	      0.00000000	      2.49031369	      0.29289336	      0.00000000	     -4.95922940	     -0.17747483	     -1.34351990	      3.94343677	     -7.53303189	      7.06985011	     28.57561420	     77.96814686	      8.05014712	     -6.58803543	      5.08227985	     23.79643174	     72.01616708
      3.08333330	     -0.52868012	      1.07674065	      1.26638637	     -0.20243790	      0.92268274	     -0.05326970	      2.70843199	     -1.80759559	    -21.30446576	      0.00000000	      4.14023108	     -0.79831932	      0.00000000	      1.82660901	     -0.75420602	    -27.36317149	      0.00000000	      2.53404362	      0.37596304	      0.00000000	     -5.14950433	     -0.11170958	     -1.38466695	      3.81800909	     -7.47983286	      7.08633628	     28.51703744	     77.95870930	      8.08434046	     -6.58165467	      5.11988532	     23.83121890	     72.01982361
      3.10000000	     -0.55932183	      1.10041833	      1.27608949	     -0.20132868	      0.92172860	     -0.05241428	      2.70239208	     -1.79860613	    -21.29772843	      0.00000000	      4.14143246	     -0.79715810	      0.00000000	      1.80492963	     -0.77803754	    -27.35909270	      0.00000000	      2.53600088	      0.38050292	      0.00000000	     -5.15358089	     -0.10180978	     -1.38421895	      3.81751687	     -7.48048824	      7.08639189	     28.51563601	     77.95806849	      8.08612391	     -6.58010758	      5.12231540	     23.83378342	     72.02010541
      3.11666670	     -0.59268396	      0.96084489	      1.30330260	     -0.19936923	      0.92177659	     -0.05154183	      2.63625928	     -1.58807220	    -21.13238969	      0.00000000	      4.17128206	     -0.78551366	      0.00000000	      1.75322867	     -1.00504645	    -27.24224702	      0.00000000	      2.57275035	      0.50364459	      0.00000000	     -5.23217029	      0.02660136	     -1.41764637	      3.55472251	     -7.43497409	      7.10599425	     28.41017645	     77.94599881	      7.96177423	     -6.58451999	      5.17492308	     23.83284880	     72.02613409
      3.13333330	     -0.65373446	      0.99336379	      1.30908056	     -0.19883902	      0.92183843	     -0.05020947	      2.60035407	     -1.57277465	    -21.12854244	      0.00000000	      4.17157144	     -0.78731677	      0.00000000	      1.72875816	     -1.02848383	    -27.23903609	      0.00000000	      2.57470104	      0.50750977	      0.00000000	     -5.23231460	      0.03919298	     -1.41777518	      3.55469481	     -7.43786778	      7.10556990	     28.40855991	     77.94532387	      7.96141753	     -6.58197967	      5.17760927	     23.83466854	     72.02650098
      3.15000000	     -0.71161151	      1.02943719	      1.31307572	     -0.19863561	      0.92222579	     -0.04878930	      2.56275675	     -1.54381325	    -21.12172091	      0.00000000	      4.17271324	     -0.78987480	      0.00000000	      1.70813188	     -1.06055255	    -27.23371272	      0.00000000	      2.57637923	      0.51290419	      0.00000000	     -5.23695260	      0.05011262	     -1.42174166	      3.54331856	     -7.44026752	      7.10561871	     28.40273970	     77.94457560	      7.95485804	     -6.58019975	      5.18082242	     23.83399311	     72.02694338
      3.16666670	     -0.66883465	      0.74984602	      1.39512656	     -0.19819747	      0.92270261	     -0.04715873	      2.39531485	     -1.12420022	    -20.87410065	      0.00000000	      4.28209504	     -0.92381308	      0.00000000	      1.58448956	     -1.47842345	    -27.07978996	      0.00000000	      2.62305189	      0.70262441	      0.00000000	     -5.27849794	      0.36260735	     -1.47242790	      3.23739888	     -7.35415269	      7.13110492	     28.25621125	     77.92281488	      7.75242854	     -6.69924096	      5.26582748	     23.79159216	     72.04039288
      3.18333330	     -0.70725451	      0.80184246	      1.39246315	     -0.19799729	      0.92287678	     -0.04557084	      2.38583852	     -1.09105652	    -20.87217663	      0.00000000	      4.28490312	     -0.92918754	      0.00000000	      1.57088665	     -1.50439896	    -27.07747338	      0.00000000	      2.62555559	      0.70552435	      0.00000000	     -5.28892828	      0.36620508	     -1.48317706	      3.23677420	     -7.36269271	      7.12950592	     28.25316430	     77.92201093	      7.75620888	     -6.69162727	      5.26967661	     23.79342529	     72.04102826
      3.20000000	     -0.78257238	      0.74573252	      1.32343243	     -0.19701579	      0.92327613	     -0.04375630	      2.45860733	     -0.91172298	    -20.81851688	      0.00000000	      4.34597302	     -0.99704560	      0.00000000	      1.60013669	     -1.66839640	    -27.04433899	      0.00000000	      2.64975414	      0.74684266	      0.00000000	     -5.46461539	      0.32949196	     -1.58615800	      3.17394791	     -7.38477512	      7.12588321	     28.20827994	     77.91494176	      7.75740618	     -6.69887684	      5.30099349	     23.78373045	     72.04680276
      3.21666670	     -0.67243290	      0.57528958	      1.36483812	     -0.19515629	      0.92460532	     -0.04190244	      2.29100045	     -0.58172478	    -19.83498826	      0.00000000	      4.11823162	     -2.78479933	      0.00000000	      1.43732338	     -1.97989905	    -27.18154522	      0.00000000	      3.02224806	      1.32312703	      0.00000000	     -5.82295570	      0.66244915	     -2.17901100	      3.68528708	     -7.17096374	      7.22292265	     27.92261960	     77.72627754	      7.53497880	     -7.13125926	      6.26389825	     23.81486377	     72.22647867
      3.23333330	     -0.72483559	      0.64234923	      1.37071041	     -0.19305008	      0.92554442	     -0.04005632	      2.27929778	     -0.54082608	    -19.83298088	      0.00000000	      4.11634001	     -2.78527512	      0.00000000	      1.42006458	     -2.00960287	    -27.17869392	      0.00000000	      3.02003777	      1.32423245	      0.00000000	     -5.83657203	      0.66759649	     -2.18246357	      3.68357409	     -7.17628867	      7.22288472	     27.91976235	     77.72590658	      7.53773562	     -7.12573480	      6.26598219	     23.81591327	     72.22671914
      3.25000000	     -0.81198098	      0.58216407	      1.30376071	     -0.19108233	      0.92507746	     -0.03802531	      2.29238864	     -0.33394254	    -19.81365916	      0.00000000	      4.12168981	     -2.81177024	      0.00000000	      1.41468989	     -2.20111655	    -27.14266108	      0.00000000	      2.98971501	      1.34062075	      0.00000000	     -5.96639233	      0.61211923	     -2.20852470	      3.58594041	     -7.16339779	      7.23597509	     27.87641530	     77.72337955	      7.47675482	     -7.13510103	      6.28344948	     23.78713121	     72.22864674
      3.26666670	     -0.87963705	      0.64820596	      1.30970230	     -0.18938236	      0.92314940	     -0.03601669	      2.24505617	     -0.28631984	    -19.81118846	      0.00000000	      4.12119848	     -2.81493423	      0.00000000	      1.39898205	     -2.23341692	    -27.14129195	      0.00000000	      2.98788212	      1.33848828	      0.00000000	     -5.97540215	      0.62664761	     -2.20778943	      3.58991820	     -7.16428155	      7.23659802	     27.87632686	     77.72311581	      7.47843441	     -7.13507500	      6.28483627	     23.78671850	     72.22888202
      3.28333330	     -0.59069204	      0.34233650	      1.17095712	     -0.18723037	      0.92192994	     -0.03380051	      1.81520209	      0.22536880	    -19.11608660	      0.00000000	      4.02924005	     -3.82066556	      0.00000000	      0.99247685	     -2.71637657	    -26.78667920	      0.00000000	      2.63512303	      0.16357018	      0.00000000	     -6.45681781	      1.04300610	     -2.36096829	      3.87792276	     -7.13776612	      7.52082849	     27.83847403	     77.65535515	      7.43156952	     -7.33636586	      6.73218942	     23.65465635	     72.29799230
      3.30000000	     -0.64926014	      0.36548939	      1.10930537	     -0.18434294	      0.92167226	     -0.03183448	      1.72514121	      0.33889880	    -19.09612225	      0.00000000	      4.05507010	     -3.84829972	      0.00000000	      0.95482373	     -2.81463757	    -26.75313369	      0.00000000	      2.61020988	      0.11854644	      0.00000000	     -6.47836873	      1.02145674	     -2.37731116	      3.77368787	     -7.15959714	      7.53230092	     27.80206299	     77.65231601	      7.35073066	     -7.34625952	      6.74594920	     23.62719136	     72.29880071
      3.31666670	     -0.73146879	      0.43261635	      1.09974050	     -0.18098484	      0.92245842	     -0.02997895	      1.63530944	      0.37907398	    -19.08650739	      0.00000000	      4.05829654	     -3.84870960	      0.00000000	      0.96078369	     -2.83782121	    -26.74619814	      0.00000000	      2.60429945	      0.10969183	      0.00000000	     -6.48427100	      1.03174024	     -2.37783157	      3.77149507	     -7.16475871	      7.53270712	     27.80052215	     77.65201456	      7.34795866	     -7.34529883	      6.74711170	     23.62605125	     72.29891295
      3.33333330	     -0.05322058	      0.41688455	      0.83729034	     -0.17814582	      0.92386269	     -0.02694148	      0.71133537	      0.57708047	    -18.17195720	      0.00000000	      4.61012346	     -4.03925236	      0.00000000	      0.11137728	     -2.98126769	    -25.50512342	      0.00000000	      0.99694387	     -3.40920074	      0.00000000	     -7.23011332	      1.02928113	     -2.04931524	      3.67879284	     -7.26058619	      7.87758022	     27.78366403	     77.60068757	      7.33186772	     -7.47540811	      6.98954708	     23.73072019	     72.32095762
      3.35000000	     -0.13543980	      0.37810432	      0.94065153	     -0.17372583	      0.92503438	     -0.02465499	      0.58050758	      0.78702710	    -17.88492353	      0.00000000	      5.05203783	     -3.93755644	      0.00000000	      0.81731863	     -3.48773367	    -24.98569143	      1.55995376	      0.98639677	     -4.83299293	      0.00000000	     -7.15593203	      1.21394917	     -2.22037538	      3.51186700	     -7.28542226	      7.96130864	     27.78924855	     77.53322934	      7.12117477	     -7.50954859	      7.13891489	     23.73011707	     72.33829190
      3.36666670	     -0.12397821	      0.39255954	      1.09744951	     -0.16831060	      0.92811902	     -0.02264601	      0.28975338	      0.93835772	    -17.68838879	      0.00000000	      5.46648973	     -3.75538413	      0.00000000	      1.89276186	     -4.20918626	    -24.62986891	      4.27861436	      0.86538994	     -6.44615009	      0.00000000	     -7.25014661	      1.23820463	     -2.24766043	      3.32484096	     -7.23848906	      7.98521330	     27.66050618	     77.47550074	      7.02719277	     -7.59393770	      7.21894889	     23.82283861	     72.35129747
      3.38333330	     -0.45023776	      0.45978130	      1.43500418	     -0.16365927	      0.93141073	     -0.02058023	      0.29634257	      1.03614810	    -17.85073798	      0.00000000	      5.86116901	     -3.28436669	      0.00000000	      3.68986239	     -4.92342857	    -23.11745444	      7.67683040	     -0.33482908	    -10.10486700	      0.00000000	     -6.81915776	      1.12022518	     -2.47779609	      2.99681592	     -7.06014539	      7.90046558	     27.43600437	     77.34017464	      6.76196274	     -7.77522718	      7.34113010	     24.00883290	     72.39106346
      3.40000000	     -0.51715562	      0.46629464	      1.72059579	     -0.15916493	      0.93444880	     -0.01899150	     -0.01043941	      1.18257813	    -17.93170360	      0.00000000	      6.29844938	     -2.87508484	      0.00000000	      5.59864841	     -5.79631536	    -21.60674180	     11.99408754	     -1.66434454	    -13.98843436	      0.00000000	     -6.67856698	      1.18145222	     -2.58947337	      2.74578036	     -6.98267355	      7.74786691	     27.19831631	     77.22574739	      6.60369257	     -7.80153965	      7.34887115	     24.13287839	     72.42890116
      3.41666670	     -0.68590714	      0.35154960	      2.01519545	     -0.15381259	      0.93732712	     -0.01755804	     -0.22456082	      1.43742484	    -18.07792082	      0.00000000	      6.77059935	     -2.34139589	      0.00000000	      8.03322864	     -6.75543295	    -19.59554318	     17.08694883	     -3.38716826	    -18.45083312	      0.00000000	     -6.38377877	      1.41630726	     -2.64514487	      2.42591795	     -6.96207868	      7.53845971	     27.01322702	     77.14298829	      6.37420635	     -7.74095591	      7.26476149	     24.25054640	     72.48028021
      3.43333330	     -0.81372953	      0.13694849	      2.29443577	     -0.14895742	      0.93932089	     -0.01603496	     -0.48325284	      1.77238710	    -18.21123538	      0.00000000	      7.25614866	     -1.73899252	      0.00000000	     10.67632360	     -7.64943520	    -17.38587152	     22.43081560	     -5.20421402	    -22.74165312	      0.00000000	     -6.14945386	      1.78830671	     -2.58209136	      2.10617854	     -7.02234870	      7.31636844	     26.87827060	     77.10469073	      6.12224691	     -7.59444279	      7.09529508	     24.37955545	     72.54246908
      3.45000000	     -0.89447233	     -0.09872995	      2.49021490	     -0.14292152	      0.93966490	     -0.01529328	     -0.81848034	      2.08651002	    -18.35478332	      0.00000000	      7.84512026	     -1.01845091	      0.00000000	     13.26316370	     -8.28420658	    -15.16213165	     27.50639002	     -7.04066385	    -26.61659393	      0.00000000	     -5.90379637	      2.23867301	     -2.43365736	      1.79716922	     -7.13665030	      7.05814843	     26.80691359	     77.10432257	      5.80792414	     -7.38706331	      6.82490532	     24.54188656	     72.62450222
      3.46666670	     -0.77047143	     -0.31053397	      2.56443772	     -0.13817276	      0.93863217	     -0.01421466	     -1.36719138	      2.36561423	    -18.51474148	      0.00000000	      8.28308100	     -0.44393393	      0.00000000	     15.48277908	     -8.69810305	    -13.36600003	     31.84048869	     -8.02404387	    -29.12017889	      0.00000000	     -6.00091578	      2.65007742	     -2.05100519	      1.52658672	     -7.25063456	      6.88585852	     26.72469099	     77.13716428	      5.51018829	     -7.19935186	      6.54717446	     24.74582234	     72.69477608
      3.48333330	     -0.69882144	     -0.35968703	      2.60210274	     -0.13321187	      0.93732912	     -0.01412372	     -1.84880879	      2.43393199	    -18.61522303	      0.00000000	      8.98570793	      0.18121327	      0.00000000	     17.54416921	     -8.66558020	    -11.78309191	     35.10286317	     -8.90882521	    -31.20888282	      0.00000000	     -6.06590471	      2.92531236	     -1.68770670	      1.45753781	     -7.43425253	      6.66651248	     26.72836597	     77.19320396	      5.22968958	     -6.94830385	      6.17248649	     24.99136342	     72.78590736
      3.50000000	     -0.35947018	     -0.22929381	      2.57124360	     -0.12857861	      0.93696949	     -0.01393607	     -2.62918899	      2.31580093	    -18.50478183	      0.00000000	      9.71685172	      0.29840466	      0.00000000	     19.00443695	     -8.36514301	    -10.76343991	     37.14253498	     -8.77625782	    -31.97317012	      0.00000000	     -6.46266187	      2.95363932	     -1.20982174	      1.48937630	     -7.58125280	      6.59965919	     26.61284471	     77.22577635	      5.07032938	     -6.74650631	      6.01200169	     25.11142578	     72.81928371
      3.51666670	     -0.15109972	      0.00158340	      2.46761311	     -0.12411086	      0.93646085	     -0.01355216	     -3.21914083	      2.07579314	    -18.38676180	      0.00000000	     10.10868652	      0.44412409	      0.00000000	     20.31912563	     -7.86564224	    -10.06036701	     37.95240470	     -8.63841876	    -32.33277689	      0.00000000	     -6.82268057	      2.83367267	     -0.75864046	      1.70334869	     -7.65308212	      6.56708314	     26.60921445	     77.24457287	      4.92543789	     -6.66396816	      5.91104230	     25.15173451	     72.83052789
      3.53333330	      0.02335352	      0.14134440	      2.39668531	     -0.11898506	      0.93533028	     -0.01355481	     -3.76675498	      1.92367739	    -18.44584431	      0.00000000	     10.56793581	      0.50192972	      0.00000000	     21.41415905	     -7.38657341	     -9.52282606	     37.72484023	     -8.46554749	    -32.59358190	      0.00000000	     -7.06773907	      2.79805265	     -0.28656362	      1.91660752	     -7.88003325	      6.51524321	     26.59954734	     77.26030056	      4.64086308	     -6.42842553	      5.83175943	     25.16822580	     72.84025428
      3.55000000	      0.14502759	      0.13752339	      2.25413334	     -0.11304705	      0.93412740	     -0.01323611	     -4.24150035	      1.94545712	    -18.55305106	      0.00000000	     10.76353088	      0.48694412	      0.00000000	     22.34431835	     -7.13303804	     -9.28195695	     36.69541301	     -8.40987876	    -32.59131628	      0.00000000	     -7.31301539	      2.90510558	      0.17339389	      2.15311206	     -7.91754303	      6.50593340	     26.64836204	     77.26780979	      4.24784524	     -6.40827089	      5.79483598	     25.05607687	     72.83997801
      3.56666670	      0.54407499	      0.48758493	      2.12783639	     -0.10630270	      0.93378919	     -0.01339009	     -5.09650711	      1.55538007	    -19.32137620	      0.00000000	     11.84702858	      2.12888657	      0.00000000	     22.45072044	     -6.36897777	     -9.20253361	     34.44685854	     -8.82256739	    -32.62693872	      0.00000000	     -7.76797215	      2.54885404	      1.07312419	      2.15858181	     -8.14161012	      6.41352432	     26.68315502	     77.44340794	      4.01652895	     -6.03077052	      4.69691998	     25.20543133	     72.89277996
      3.58333330	      0.48409908	      0.25182009	      2.04990855	     -0.10069283	      0.93287854	     -0.01374281	     -5.40180834	      1.82363612	    -19.52330265	      0.00000000	     11.99801109	      2.02212113	      0.00000000	     23.20440381	     -6.25122553	     -9.00593062	     32.12614907	     -8.80063128	    -32.42447993	      0.00000000	     -8.00642440	      2.77995193	      1.46786225	      2.50430352	     -8.25610481	      6.39082073	     26.77580125	     77.45003487	      3.65255957	     -5.97585162	      4.67046726	     25.08171260	     72.89780823
      3.60000000	      0.98727356	      0.74081584	      1.81671834	     -0.09457780	      0.93317918	     -0.01450559	     -6.45878052	      1.26011490	    -19.95019661	      0.00000000	     12.37332558	      2.61087621	      0.00000000	     22.56629961	     -5.38749038	     -9.63562160	     28.49204956	     -8.79608709	    -30.37250244	      0.00000000	     -8.56299386	      2.28837375	      2.10503596	      2.83134007	     -8.43411497	      6.52531455	     26.92879032	     77.63901365	      3.30657906	     -5.72343424	      3.80273934	     24.81863446	     72.98878702
      3.61666670	      1.25684084	      0.81533102	      1.67879275	     -0.08810916	      0.93270264	     -0.01561561	     -7.24366542	      1.15362045	    -20.28442076	      0.00000000	     12.48778038	      2.82190892	      0.00000000	     22.34926182	     -4.94319320	    -10.09249011	     25.07161958	     -8.41561595	    -28.07278800	      0.00000000	     -9.10245249	      2.19389279	      2.56087457	      3.23199682	     -8.62932756	      6.70756422	     27.20827065	     77.83329074	      3.00378477	     -5.53679049	      3.01316455	     24.63599373	     73.15364156
      3.63333330	      1.25263290	      0.76256369	      1.69993153	     -0.08067812	      0.93110385	     -0.01700633	     -7.74148923	      1.17533279	    -20.56317384	      0.00000000	     12.51740834	      2.68700445	      0.00000000	     22.48880233	     -4.53337915	    -10.26057850	     21.84179487	     -8.87356755	    -26.30354779	      0.00000000	     -9.31454475	      2.19548736	      2.92501483	      3.60346022	     -8.81816914	      6.77895390	     27.45960206	     77.90620960	      2.70328850	     -5.43942399	      2.73260289	     24.46361983	     73.22803413
      3.65000000	      1.82827153	      0.80061203	      1.53683807	     -0.07243938	      0.93052956	     -0.01830229	     -8.87997855	      1.06397009	    -20.50847943	      0.00000000	     12.62112161	      2.64386255	      0.00000000	     21.92811910	     -4.21354972	    -11.09712485	     18.94844358	     -7.79455650	    -22.90946999	      0.00000000	    -10.33846445	      2.10398465	      3.46620461	      4.03671956	     -9.14999611	      7.05445896	     28.05363664	     78.10823752	      2.50079660	     -5.20190342	      1.90450107	     24.05619506	     73.44910538
      3.66666670	      1.70977313	      0.65975652	      1.71088754	     -0.06421688	      0.92922264	     -0.02068836	     -9.27933394	      1.13686893	    -20.71402347	      0.00000000	     12.62355867	      2.46633035	      0.00000000	     22.29781226	     -3.84410413	    -10.97659444	     16.59639672	     -8.48900164	    -21.67809546	      0.00000000	    -10.39328150	      2.22711955	      3.76291640	      4.39689121	     -9.48535665	      7.03174077	     28.28359979	     78.13068244	      2.06338797	     -4.99953302	      1.80888172	     23.84067105	     73.49346089
      3.68333330	      2.08429509	      0.86028803	      1.69792033	     -0.05637970	      0.92820169	     -0.02280324	    -10.21340480	      0.82673535	    -20.78097786	      0.00000000	     12.44777784	      2.04278413	      0.00000000	     21.95875424	     -3.35871554	    -11.93081018	     14.65310818	     -8.14083014	    -18.81622733	      0.00000000	    -11.22857166	      1.86907040	      4.20050857	      4.82394052	     -9.73692258	      7.24531485	     29.32399220	     78.27031279	      2.00586345	     -4.96252644	      1.06476412	     23.11258026	     73.70086176
      3.70000000	      1.91686299	      0.86613871	      1.96695419	     -0.04804584	      0.92565815	     -0.02577123	    -10.57191857	      0.71657206	    -21.13583019	      0.00000000	     12.22906032	      1.76074389	      0.00000000	     22.35740371	     -2.89748785	    -11.95285545	     13.48632710	     -8.94822844	    -17.87791687	      0.00000000	    -11.34693623	      1.74701552	      4.50859839	      5.21527665	     -9.97138517	      7.21957850	     29.68879013	     78.28682040	      1.69733973	     -4.95068817	      0.91627089	     22.84432608	     73.75557557
      3.71666670	      1.80200353	      1.03061143	      2.17572905	     -0.03938345	      0.92393000	     -0.02860032	    -10.97985681	      0.40542990	    -21.42389943	      0.00000000	     11.85553697	      1.38958695	      0.00000000	     22.60967621	     -2.33477946	    -12.12080167	     12.86876963	     -9.60729102	    -17.19881168	      0.00000000	    -11.55135366	      1.46185750	      4.73076553	      5.69000899	    -10.17724931	      7.20009316	     30.29469236	     78.30204553	      1.47443304	     -4.98264361	      0.72462789	     22.44038251	     73.80158528
      3.73333330	      1.66322928	      1.08927541	      2.26281519	     -0.03001665	      0.92344274	     -0.03100919	    -11.34703244	      0.19231884	    -21.51818709	      0.00000000	     11.74844531	      1.28212291	      0.00000000	     22.93665940	     -2.00782031	    -12.05578508	     13.07840320	     -9.79253670	    -17.07254122	      0.00000000	    -11.66915040	      1.24231886	      5.16354917	      6.23713670	    -10.40876695	      7.13996076	     30.54267464	     78.30012850	      1.08657967	     -5.03028258	      0.68116532	     22.21575578	     73.80459895
      3.75000000	      1.84989744	      1.46884940	      2.46055643	     -0.01950398	      0.92462118	     -0.03374719	    -12.13785237	     -0.31575808	    -21.07962144	      0.00000000	     10.65462175	     -0.47786678	      0.00000000	     22.63836580	     -1.34797180	    -11.92652344	     13.40861083	    -10.68779961	    -17.57063135	      0.00000000	    -12.40101727	      0.61346179	      5.35843732	      6.38562704	    -10.70810786	      7.14073847	     32.37532590	     78.31945174	      1.28710414	     -5.00085830	     -0.09703173	     20.99054642	     73.91125056
      3.76666670	      1.63039576	      1.85664278	      2.64716994	     -0.00702001	      0.92531917	     -0.03668259	    -12.62422635	     -0.84708559	    -21.09379822	      0.00000000	     10.23900764	     -0.70488674	      0.00000000	     22.71713956	     -0.77491134	    -11.91411057	     14.40093589	    -10.68899113	    -17.95965560	      0.00000000	    -12.27575095	     -0.03317445	      5.65655130	      6.67727040	    -10.77643974	      7.05884055	     32.66635155	     78.30835034	      0.93935456	     -5.17991933	     -0.22170733	     20.71849829	     73.93464391
      3.78333330	      1.62572365	      2.29589481	      2.87702136	      0.00513069	      0.92654986	     -0.04003817	    -13.40026473	     -1.41219921	    -20.43458413	      0.00000000	      9.15661932	     -2.58237404	      0.00000000	     22.35568432	     -0.05278893	    -11.26485324	     15.34664362	    -11.54852551	    -19.83890782	      0.00000000	    -12.49410365	     -0.75483924	      5.81151545	      6.82266015	    -10.87817856	      6.62891808	     33.75829002	     78.22629254	      0.77210530	     -5.24508368	     -0.79220958	     19.87005766	     74.06772044
      3.80000000	      1.39108458	      2.83004648	      3.12738741	      0.01853280	      0.92707381	     -0.04351752	    -14.04408044	     -2.10213763	    -20.22052671	      0.00000000	      8.81514351	     -2.79563586	      0.00000000	     22.18169847	      0.68011801	    -11.23669321	     16.54297396	    -11.06930103	    -20.59336779	      0.00000000	    -12.20902184	     -1.58665030	      6.04219597	      6.99039982	    -10.87009130	      6.51813391	     33.97930560	     78.20908212	      0.37831759	     -5.49694582	     -0.90023960	     19.57712345	     74.08947848
      3.81666670	      1.44031957	      3.44401923	      3.47010742	      0.03127965	      0.92719415	     -0.04686116	    -14.98121773	     -2.85568797	    -19.31914884	      0.16450360	      7.94257035	     -4.75506930	      0.00000000	     21.61005538	      1.62774916	    -10.58674967	     17.51977398	    -11.52694900	    -22.59639852	      0.00000000	    -12.33542267	     -2.48903531	      6.10622713	      7.12495181	    -10.82508755	      5.84387321	     34.63697080	     78.07968624	      0.31676885	     -5.65897599	     -1.30706842	     18.63855284	     74.21452415
      3.83333330	      1.23452352	      3.98176791	      3.71356428	      0.04474660	      0.92671655	     -0.05047725	    -15.21401123	     -3.77357153	    -18.99376120	      1.36413568	      7.97479121	     -5.02138417	      0.00000000	     21.38611454	      2.41626293	    -10.44505334	     18.66028392	    -10.63028054	    -23.48803704	      0.00000000	    -12.06017591	     -3.34439571	      6.29623710	      7.25956784	    -10.83040942	      5.71695746	     34.77100459	     78.05932557	      0.03727423	     -5.91157200	     -1.38223062	     18.37315346	     74.23178865
      3.85000000	      1.05639750	      4.54737134	      4.05711696	      0.05844252	      0.92718648	     -0.05473905	    -15.38676726	     -4.74894163	    -18.47618512	      2.85182781	      8.03334746	     -5.57447989	      0.00000000	     21.05307818	      3.34740086	    -10.03989279	     19.57966858	     -9.70936406	    -24.49516439	      0.00000000	    -11.79092311	     -4.19765779	      6.34259565	      7.31333818	    -10.78492563	      5.54038011	     34.89963878	     78.02456573	     -0.19760596	     -6.17386568	     -1.46656739	     17.97915279	     74.24395981
      3.86666670	      0.80342187	      4.91363246	      4.44562854	      0.07086546	      0.92980613	     -0.05942564	    -15.22096488	     -5.51051126	    -16.55745926	      4.61630381	      6.77013165	     -8.82365991	      0.00000000	     20.76570319	      4.18984740	     -9.20929118	     20.27314411	     -9.78096623	    -26.57195348	      0.00000000	    -11.43696538	     -4.80297720	      6.43695392	      7.10013198	    -10.64850390	      4.48641261	     35.13337841	     77.80071033	     -0.05340604	     -6.25392616	     -1.69458271	     16.70829543	     74.35959127
      3.88333330	      0.71197799	      5.28860815	      4.87955713	      0.08435551	      0.93358617	     -0.06431089	    -14.91128987	     -6.31868159	    -14.91585441	      6.97044711	      6.06130460	    -10.82379691	      0.00000000	     20.18502429	      5.04418783	     -8.44335697	     20.79803443	     -8.84525263	    -27.27362308	      0.00000000	    -11.38889491	     -5.41818649	      6.31003516	      6.99608417	    -10.53101896	      3.95059016	     35.40093129	     77.70240114	     -0.08950205	     -6.47207910	     -1.65915789	     16.31667236	     74.48981485
      3.90000000	      0.69873838	      5.49662997	      5.18882118	      0.09774660	      0.93725648	     -0.06877089	    -14.17824640	     -6.96620715	    -12.75518303	     10.06143813	      4.23279978	    -14.03597023	      0.00000000	     19.45111670	      5.65293627	     -7.76741307	     21.25166369	     -7.68903858	    -27.89246858	      0.00000000	    -11.47255707	     -5.83032151	      6.23693738	      6.96956388	    -10.46825114	      3.45511944	     35.56990187	     77.62741547	     -0.02730951	     -6.58521937	     -1.53826826	     15.92548093	     74.64083039
      3.91666670	      0.80421491	      5.66403525	      5.47763678	      0.11296789	      0.93933825	     -0.07274836	    -13.07889164	     -7.52210977	    -10.39333278	     14.06744446	      2.00592352	    -17.53004027	      0.00000000	     18.37967275	      6.20585917	     -7.07339233	     21.41002887	     -6.40758391	    -28.15768170	      0.00000000	    -11.69356086	     -6.21482473	      5.97520426	      6.97566910	    -10.32067703	      3.12887295	     35.66222373	     77.58862323	      0.09420108	     -6.74133612	     -1.37585007	     15.60466737	     74.76928776
      3.93333330	      0.99004657	      5.75287714	      5.69412008	      0.12771814	      0.94010065	     -0.07641211	    -11.40016859	     -7.93936502	     -8.13438932	     19.12376743	     -1.21444436	    -21.54828097	      0.00000000	     17.04359415	      6.63641191	     -6.46974234	     21.21761273	     -4.93141744	    -28.19219081	      0.00000000	    -11.93620817	     -6.53545237	      5.68349183	      6.97870778	    -10.11694068	      2.91058936	     35.67376327	     77.56664353	      0.30400953	     -6.89122017	     -1.19457419	     15.35579415	     74.86951543
      3.95000000	      1.24000708	      5.85114515	      5.89163771	      0.14264702	      0.94117668	     -0.08036336	     -9.23849493	     -8.34189459	     -6.37633763	     24.97414258	     -5.27117651	    -25.28865818	      0.00000000	     15.36333637	      7.06773330	     -5.98252979	     20.58734983	     -3.49266374	    -27.96543955	      0.00000000	    -12.16380936	     -6.87340615	      5.29514674	      6.93185955	     -9.87337986	      2.74467146	     35.58033534	     77.54302034	      0.52786234	     -7.01141366	     -1.01572176	     15.14218964	     74.93308398
      3.96666670	      1.54411052	      5.96619124	      6.03186925	      0.15720981	      0.94354044	     -0.08393870	     -6.79861768	     -8.74983872	     -5.17244079	     30.95844155	     -9.65118721	    -28.47058538	      0.00000000	     13.36378437	      7.47725198	     -5.69888444	     19.42828839	     -2.05113429	    -27.42695670	      0.00000000	    -12.25125903	     -7.20090387	      4.89567938	      6.80618417	     -9.58849757	      2.63180035	     35.38719731	     77.51775135	      0.71803850	     -7.08647291	     -0.83288192	     14.98215103	     74.96485328
      3.98333330	      1.90163315	      6.10311317	      6.03545748	      0.17071863	      0.94571527	     -0.08705190	     -4.29598045	     -9.19639243	     -4.35261885	     36.47407478	    -12.76425324	    -30.84653124	      0.00000000	     11.07803512	      7.86044322	     -5.65400627	     17.77462502	     -0.78062641	    -26.61205148	      0.00000000	    -12.19220893	     -7.52909531	      4.50132164	      6.66580805	     -9.27436705	      2.62733116	     35.13506141	     77.50091846	      0.82804225	     -7.15713650	     -0.65469339	     14.88088067	     74.97010947
      4.00000000	      2.22400421	      6.23813182	      6.01375917	      0.18382199	      0.94663705	     -0.08998061	     -1.94866315	     -9.65052738	     -3.92487546	     41.03722537	    -13.52420575	    -32.44990309	      0.00000000	      8.69626740	      8.19229739	     -5.88049378	     15.75825579	      0.22666299	    -25.86420925	      0.00000000	    -12.07716569	     -7.80801276	      3.99590988	      6.46411917	     -8.97843280	      2.70410568	     34.85500156	     77.49264166	      0.93798168	     -7.13422422	     -0.49400767	     14.85850486	     74.96981839
      4.01666670	      2.35065273	      6.24395310	      5.87219333	      0.19571874	      0.94701078	     -0.09199826	      0.19768462	     -9.78588019	     -3.36809821	     44.23892696	    -11.77566367	    -33.97550621	      0.00000000	      6.65491355	      8.31720104	     -6.34494221	     13.83582506	      1.52925332	    -24.68775412	      0.00000000	    -11.65584955	     -8.03929425	      3.58930481	      6.28497701	     -8.55857113	      2.92426777	     34.39142716	     77.49623490	      1.16174495	     -7.25486070	     -0.22993158	     15.00345071	     74.97264695
      4.03333330	      2.16316145	      6.42312062	      5.85001410	      0.20776952	      0.94683572	     -0.09447592	      1.47008621	     -9.97312281	     -3.00594470	     45.54693309	     -5.24487694	    -33.30477612	      0.00000000	      5.12739381	      8.60613553	     -6.90995158	     12.28477026	      2.34638644	    -23.87213824	      0.00000000	    -10.95596475	     -8.38826059	      3.01076756	      5.95108139	     -8.14183761	      3.06963770	     34.10288471	     77.49522109	      1.41380033	     -7.37304921	      0.04086045	     15.15964877	     74.99801633
      4.05000000	      0.29659963	      7.25357948	      6.41165456	      0.22053799	      0.94191556	     -0.09590097	     -0.38967093	    -10.16455826	     -2.55816529	     41.63270010	      9.49766685	    -28.23646773	      0.00000000	      6.22455016	      9.26556832	     -8.90800030	     12.75567747	      3.79354134	    -22.42269822	      0.00000000	     -8.15330132	     -9.80848100	      2.39114079	      4.80923026	     -7.22200071	      2.98665149	     33.74275397	     77.46541117	      1.57955005	     -8.10166400	      0.70490892	     15.47450292	     75.12002486
      4.06666670	     -2.07546288	      7.20597340	      6.33438005	      0.23598910	      0.93818846	     -0.09733642	      3.29807872	    -10.25228506	     -1.21843513	     41.12482257	     16.48601403	    -26.66851286	      0.00000000	      7.06027815	      9.20440820	    -10.58879515	     11.93337586	      6.31855860	    -19.84983089	      0.00000000	     -5.09877608	    -10.48659614	      2.41836245	      3.30886952	     -6.61158044	      2.74032166	     33.68426868	     77.42692640	      1.35863491	     -8.53393125	      1.52376492	     16.37647611	     75.26487606
      4.08333330	      0.36328863	      3.44177164	      5.26509567	      0.24467497	      0.95046600	     -0.10278994	      9.69076881	     -6.34244699	     -1.99403448	     41.71209233	      5.24592792	    -35.00000000	      0.00000000	      2.79252135	      5.14110957	    -12.38572121	      8.96006576	      4.37488560	    -17.95291374	      0.00000000	     -8.63080606	     -5.74685650	      1.64731703	      4.74892179	     -7.59564697	      3.18694043	     32.92214662	     77.47754129	      2.55400622	     -7.00710740	      1.88722923	     16.75970714	     75.21885075
      4.10000000	      0.38844050	      2.27562613	      5.24604714	      0.25716116	      0.95646427	     -0.10571962	     14.99009385	     -5.68668779	     -4.35367503	     42.25377882	     -0.02746450	    -35.00000000	      0.00000000	      0.90656470	      4.81236861	    -11.60918755	      5.77346644	      4.92247143	    -16.68840411	      0.00000000	     -8.30654106	     -4.52383035	      0.25300594	      5.13241958	     -7.46308410	      4.23530372	     31.28571879	     77.53589660	      3.13454059	     -6.77752814	      2.08261412	     16.88351054	     75.09961100
      4.11666670	      0.78135232	      2.20685400	      4.54978305	      0.26925657	      0.96100673	     -0.10696316	     18.58002023	     -6.26142308	     -6.75975322	     41.76661585	     -2.92967327	    -35.00000000	      0.00000000	     -1.08371470	      5.14451428	    -12.20400830	      3.82253033	      5.01040564	    -16.09458480	      0.00000000	     -8.89620899	     -4.36456977	     -0.55686997	      5.16999674	     -7.27439080	      4.61351497	     30.92024192	     77.56509666	      3.93006574	     -6.86228828	      2.11923272	     17.47856605	     75.06625311
      4.13333330	      1.98351578	      1.73910253	      4.78428873	      0.28134635	      0.96489751	     -0.10891767	     19.60210472	     -5.98154502	     -8.68270247	     39.64585227	     -4.85370611	    -35.00000000	      0.00000000	     -4.01378410	      4.71920022	    -12.96795256	      2.26931027	      6.09817058	    -13.61576930	      0.00000000	    -10.23698412	     -3.50988556	     -2.35978317	      5.68648125	     -7.06486933	      5.82231332	     29.91715005	     77.65068267	      4.39121460	     -7.29586559	      2.41806785	     18.99241139	     74.99962086
      4.15000000	      2.26227623	      1.55648172	      5.25124173	      0.29549075	      0.96649306	     -0.11097178	     20.03042226	     -6.03910400	    -10.32501676	     36.21867493	     -6.62691767	    -35.00000000	      0.00000000	     -5.93801397	      4.63937328	    -13.64732083	      0.94445035	      6.40576958	    -11.35773270	      0.00000000	    -10.24326921	     -3.21342123	     -3.78297328	      5.31618136	     -6.86868579	      6.50596603	     29.17933163	     77.62558434	      5.08075891	     -7.72228612	      2.65042480	     19.96592230	     74.96735153
      4.16666670	      2.49766523	      1.45018288	      5.74166754	      0.30801510	      0.96576091	     -0.11174548	     20.47156334	     -5.91379307	    -11.20638013	     32.83829242	     -7.36572732	    -35.00000000	      0.00000000	     -7.48360292	      4.46169226	    -14.35869162	      0.25967321	      6.53271910	    -10.52340308	      0.00000000	    -10.36137384	     -2.94906802	     -4.89894691	      4.77011163	     -6.59493984	      6.61045460	     28.59162108	     77.56354897	      6.06101240	     -8.18769983	      2.91566985	     20.82044121	     75.01310297
      4.18333330	      2.42446620	      1.59258583	      6.27038645	      0.32217476	      0.96325585	     -0.11210990	     20.97285455	     -5.90182785	    -11.64341519	     29.01204444	     -7.82007019	    -35.00000000	      0.00000000	     -8.43311686	      4.44687197	    -15.02131983	      0.00000000	      6.21880523	    -10.12501052	      0.00000000	    -10.10481016	     -3.09401300	     -5.85753683	      3.97473607	     -6.32648089	      6.58855438	     28.05340932	     77.52528723	      7.09218270	     -8.60869327	      3.07233025	     21.52409742	     75.05878353
      4.20000000	      2.44405305	      1.66691421	      6.74747929	      0.33736213	      0.96095474	     -0.11274305	     21.17944655	     -5.60754783	    -11.69093549	     24.95384401	     -8.32093201	    -35.00000000	      0.00000000	     -9.40473444	      4.29029271	    -15.80632618	      0.00000000	      6.14207098	     -9.60178447	      0.00000000	    -10.03780296	     -3.04728073	     -6.93690709	      3.44641222	     -5.97946486	      6.35743733	     27.27508341	     77.44427222	      7.98411133	     -9.14579919	      3.41826946	     22.41550330	     75.15445900
      4.21666670	      2.71041818	      1.74891766	      7.04030381	      0.35036168	      0.95942923	     -0.11286521	     21.31392984	     -5.17887108	    -11.13414805	     20.98780235	     -7.87838063	    -34.28697225	      0.00000000	    -10.71177595	      4.09114438	    -16.63519280	      0.00000000	      6.58922669	     -8.64454860	      0.00000000	    -10.42333407	     -2.98011379	     -7.94748069	      3.18877568	     -5.50369640	      5.78616267	     26.01068595	     77.30076634	      8.80508431	     -9.86868433	      4.11895320	     23.78688964	     75.30763112
      4.23333330	      2.97551204	      1.51113646	      7.26685720	      0.36458490	      0.95832306	     -0.11402628	     21.51513103	     -4.54903975	    -10.99738399	     17.16946621	     -4.60300253	    -29.07395976	      0.00000000	    -12.05663867	      3.61474210	    -17.10589482	      0.00000000	      7.17291618	     -7.54660187	      0.00000000	    -10.70534437	     -2.43131940	     -8.67723575	      2.86762023	     -5.35816882	      5.21742073	     24.90519331	     77.20945891	      9.70630089	    -10.24741302	      4.61320979	     24.88237615	     75.33229063
      4.25000000	      3.28306903	      1.05231871	      7.37120888	      0.37907275	      0.95761174	     -0.11475453	     21.67655727	     -3.68721660	    -10.92716615	     13.61220620	     -2.15948577	    -23.83439920	      0.00000000	    -13.44763169	      2.91804742	    -17.31989228	      0.00000000	      8.08371567	     -6.56493713	      0.00000000	    -11.00524492	     -1.59204830	     -9.23148633	      2.53259005	     -5.35573936	      4.85716391	     23.93061626	     77.17486979	     10.70104342	    -10.44880407	      4.67502467	     25.72790307	     75.22899681
      4.26666670	      3.80658163	      0.65043763	      7.38697699	      0.39511329	      0.95753264	     -0.11549736	     21.36918546	     -2.88173545	    -10.94956444	     10.46427952	     -0.72862515	    -19.24775563	      0.00000000	    -15.13308753	      2.29279348	    -17.62236912	      0.00000000	      8.68529768	     -5.82621636	      0.00000000	    -11.54290080	     -0.70880205	     -9.83906759	      2.39777088	     -5.48009476	      4.49691013	     22.82585660	     77.13158676	     11.41492301	    -10.59411860	      4.51562754	     26.51124712	     75.05460786
      4.28333330	      3.85959584	      0.19464801	      7.33371404	      0.41190271	      0.95697920	     -0.11562942	     21.26017617	     -2.03891873	    -10.54814007	      8.04544855	     -1.29432413	    -17.31041988	      0.00000000	    -16.43358665	      1.67223565	    -18.33768180	      0.00000000	      7.88492360	     -5.83466278	      0.00000000	    -11.24676489	      0.15265363	    -10.27020361	      1.80030729	     -5.69509406	      4.35690872	     22.11154716	     77.10269413	     11.91726561	    -10.64297772	      4.38502338	     27.03598089	     74.98500369
      4.30000000	      4.71719962	     -0.23649573	      7.52644859	      0.42899005	      0.95821686	     -0.11615624	     19.97184527	     -1.28338587	    -11.55165964	      5.91380220	     -0.63205153	    -13.47648233	      0.00000000	    -18.65183716	      0.89333175	    -19.03865637	      0.00000000	      5.91633813	     -5.85822391	      0.00000000	    -11.96339752	      1.09101505	    -11.06231025	      1.84220552	     -5.73435769	      3.84853739	     20.67119414	     76.98625018	     12.30346593	    -10.77560476	      3.58768849	     28.31935825	     74.62364783
      4.31666670	      5.06734166	     -0.69962305	      7.55532516	      0.44572962	      0.95762160	     -0.11608242	     19.19600757	     -0.48309084	    -11.83630167	      4.32450554	     -1.39191955	    -12.17493320	      0.00000000	    -20.28639176	      0.15666034	    -20.00332956	      0.00000000	      3.17827428	     -6.35722330	      0.00000000	    -11.89688182	      1.96561443	    -11.37784892	      1.26367153	     -5.94438262	      3.56937789	     19.60094913	     76.91968801	     12.50205204	    -10.66107200	      2.94796021	     29.30409961	     74.37948351
      4.33333330	      5.28833757	     -1.05222156	      7.55219032	      0.46359808	      0.95690838	     -0.11625396	     18.54238217	      0.16625633	    -12.11348782	      3.38038074	     -2.36101376	    -11.72193821	      0.00000000	    -21.71212343	     -0.48082243	    -20.66131302	      0.00000000	      0.35584165	     -6.73178934	      0.00000000	    -11.65146015	      2.69118053	    -11.82419201	      0.71905975	     -6.13547248	      3.22064922	     18.59133595	     76.82204896	     12.46770831	    -10.58967464	      2.19300900	     30.25822150	     74.12430481
      4.35000000	      5.24622709	     -1.35487322	      7.44077952	      0.48083957	      0.95542874	     -0.11601479	     18.32128043	      0.69755227	    -12.39006905	      3.24195343	     -3.47669774	    -11.93139798	      0.00000000	    -22.76332777	     -1.01563678	    -21.11751714	      0.00000000	     -1.86281637	     -6.60647835	      0.00000000	    -11.11705831	      3.31629940	    -12.07946222	      0.06694457	     -6.41456531	      2.98206192	     17.82071885	     76.74775523	     12.46138062	    -10.49348705	      1.68776293	     30.91774958	     73.97006112
      4.36666670	      5.32320370	     -1.61342344	      7.35666689	      0.49770793	      0.95414508	     -0.11485686	     18.01052281	      1.19836793	    -12.06002569	      3.71002651	     -4.95930496	    -13.79710887	      0.00000000	    -23.84137906	     -1.56760185	    -20.81519126	      0.00000000	     -3.74875757	     -6.74690207	      0.00000000	    -10.87254091	      3.93261287	    -12.39460245	     -0.23996016	     -6.58414675	      2.49293536	     16.66583530	     76.56501355	     12.27961794	    -10.29716541	      0.49798376	     32.06630203	     73.62985454
      4.38333330	      5.24634898	     -1.89111360	      7.25584566	      0.51549294	      0.95313657	     -0.11338107	     18.00401788	      1.63664013	    -12.46680305	      4.93491828	     -5.51769934	    -14.43320434	      0.00000000	    -24.71297213	     -2.13545084	    -20.42568474	      0.00000000	     -5.05084475	     -6.14156868	      0.00000000	    -10.36392942	      4.48335536	    -12.46038338	     -0.84381248	     -6.87559255	      2.41575316	     16.22399391	     76.53378389	     12.32088991	    -10.07170725	      0.31123344	     32.41397967	     73.57921258
      4.40000000	      5.42231725	     -2.17649165	      6.86695953	      0.53365359	      0.95295097	     -0.11128674	     17.72768175	      2.29512068	    -11.22583734	      6.40279484	     -7.98350079	    -18.02345467	      0.00000000	    -25.84623920	     -2.65172854	    -19.75755681	      0.00000000	     -6.67436682	     -6.57872165	      0.00000000	    -10.33053863	      5.05942829	    -12.21302107	     -1.07649694	     -7.01037195	      2.03725717	     15.14662439	     76.32491190	     11.95364413	     -9.72578685	     -0.92253005	     33.54268967	     73.27722719
      4.41666670	      5.28838904	     -2.48485445	      6.69532851	      0.55327004	      0.95437766	     -0.10918339	     17.94039459	      2.81880339	    -10.54849131	      8.57530291	     -9.57951774	    -21.03672266	      0.00000000	    -26.09026405	     -3.47310250	    -19.03560728	      1.10520295	     -7.48190734	     -6.51832161	      0.00000000	     -9.86072834	      5.56305143	    -12.27044858	     -1.45449150	     -7.10973595	      1.80415886	     14.58944820	     76.13702629	     11.37392394	     -9.40511375	     -1.96236073	     34.23261658	     73.06807788
      4.43333330	      5.53342711	     -2.83152758	      6.58931655	      0.57254684	      0.95789932	     -0.10700372	     17.71241148	      3.35757442	    -10.51448997	     10.90870305	     -9.53609442	    -21.79007685	      0.00000000	    -26.08936520	     -4.61949024	    -18.55866285	      3.50303560	     -8.16959571	     -6.32284220	      0.00000000	     -9.92807061	      6.20089371	    -12.10994097	     -1.77097550	     -7.24672027	      1.78341919	     14.33822980	     76.11424031	     11.11181323	     -9.14098227	     -2.05057367	     34.32323132	     73.05149367
      4.45000000	      5.43699683	     -3.14301918	      6.36382227	      0.59362078	      0.96156897	     -0.10444678	     17.61977504	      4.03602852	     -9.18212507	     12.91673174	    -11.65814010	    -25.90677542	      0.00000000	    -25.26273373	     -5.79378683	    -17.48504981	      6.93378481	     -9.97581197	     -7.93718043	      0.00000000	     -9.47682046	      6.62873818	    -11.86283525	     -2.08365998	     -7.24313844	      1.60166810	     13.81256181	     75.89424497	     10.26937408	     -8.65876511	     -3.00719461	     34.83709412	     72.93747947
      4.46666670	      5.60925197	     -3.63623975	      6.21586330	      0.61445554	      0.96507488	     -0.10145239	     16.88693578	      4.92213914	     -8.59515856	     14.33008327	    -11.96514123	    -27.61458409	      0.00000000	    -24.09540148	     -7.31590589	    -16.18094316	     11.56225120	    -12.65644457	     -9.97290122	      0.00000000	     -9.25956930	      7.33028383	    -11.59710235	     -2.23614546	     -7.33385582	      1.58383442	     13.67072386	     75.74564697	      9.61444145	     -8.14578863	     -3.49010910	     34.74144513	     72.94537654
      4.48333330	      5.69302898	     -4.24621805	      5.99745225	      0.63525485	      0.96651493	     -0.09887946	     16.04104991	      5.97827016	     -7.95657740	     15.37148891	    -11.80448712	    -29.05542699	      0.00000000	    -22.09417822	     -8.94584465	    -14.41868380	     17.39142999	    -15.76691322	    -12.84828941	      0.00000000	     -8.90406727	      8.14068420	    -11.18685293	     -2.34462111	     -7.48023358	      1.63240638	     13.62174969	     75.63450466	      8.96485879	     -7.61301286	     -3.72229267	     34.38125840	     72.99646409
      4.50000000	      5.62613184	     -4.91095113	      5.67494445	      0.65649603	      0.96685480	     -0.09671701	     15.13070481	      7.12272431	     -7.22800716	     15.97972572	    -11.03394038	    -30.31330617	      0.00000000	    -19.27830297	    -10.46813157	    -12.29142956	     24.05365711	    -18.53326233	    -16.08912355	      0.00000000	     -8.41544894	      9.03123758	    -10.68099222	     -2.41578471	     -7.66222722	      1.73163596	     13.67262392	     75.53803402	      8.25377055	     -6.96810275	     -3.84192634	     33.79381996	     73.06515944
      4.51666670	      5.51990167	     -5.62529694	      5.34309490	      0.67738679	      0.96683553	     -0.09463742	     14.03683251	      8.33868137	     -6.53188204	     16.11183819	     -9.72646242	    -31.22946749	      0.00000000	    -16.05868720	    -11.88346824	    -10.26525111	     30.82691205	    -19.99021588	    -19.16995778	      0.00000000	     -7.83483656	      9.93297008	    -10.10999105	     -2.51526422	     -7.87544012	      1.87119153	     13.76503500	     75.46443631	      7.51267772	     -6.29833235	     -3.87522160	     33.00159610	     73.13306615
      4.53333330	      5.29407385	     -6.20528388	      5.03142388	      0.69654805	      0.96759045	     -0.09224076	     12.96155038	      9.38593264	     -5.90503751	     16.00903258	     -8.02117544	    -31.92538347	      0.00000000	    -12.83643594	    -12.99451403	     -8.50338888	     36.73101329	    -20.05063012	    -21.96464203	      0.00000000	     -7.13843752	     10.62510083	     -9.52907890	     -2.56922156	     -8.02902577	      2.08525137	     14.05117294	     75.40094389	      6.84104855	     -5.64486939	     -3.82205817	     32.00786393	     73.21190380
      4.55000000	      5.18228395	     -6.69299294	      4.92542210	      0.71456159	      0.96955914	     -0.09097616	     11.63238050	     10.27184105	     -5.41201966	     15.67280876	     -6.48081558	    -32.28661872	      0.00000000	    -10.07111443	    -13.83888732	     -6.91161861	     41.33854872	    -18.63865960	    -24.49577608	      0.00000000	     -6.52923282	     11.17234755	     -8.93019865	     -2.65249235	     -8.17707397	      2.31882698	     14.38220361	     75.35881411	      6.28376852	     -5.07715101	     -3.68507918	     31.03745561	     73.27971789
      4.56666670	      4.94301632	     -6.86733531	      4.88841482	      0.73137454	      0.97187896	     -0.09038725	     10.32737883	     10.74295229	     -5.04020766	     15.19976339	     -4.78834153	    -32.28220742	      0.00000000	     -7.51945872	    -14.11501321	     -5.56499372	     44.45089899	    -16.45270299	    -27.26060345	      0.00000000	     -5.81898469	     11.34464183	     -8.33201887	     -2.69736000	     -8.25768170	      2.67377291	     14.99087603	     75.30737084	      5.78712117	     -4.59851254	     -3.39986928	     29.80117717	     73.37067913
      4.58333330	      5.00006059	     -6.78764798	      5.10980120	      0.74756143	      0.97591605	     -0.08952381	      8.44025336	     10.93590214	     -4.76059442	     14.27068478	     -3.55460482	    -32.04237126	      0.00000000	     -5.11599547	    -14.07226130	     -4.35257388	     46.45978398	    -14.22109627	    -29.84104605	      0.00000000	     -5.64166649	     11.21285875	     -7.76123982	     -2.48399831	     -8.21796030	      2.97609170	     15.62928019	     75.27369608	      5.43372053	     -4.30977584	     -3.12387377	     28.88734701	     73.42665146
      4.60000000	      5.12226225	     -6.36014753	      5.24020527	      0.76403907	      0.98169525	     -0.08862701	      6.29060710	     10.77766631	     -4.58868779	     12.93479959	     -2.53883743	    -31.75691675	      0.00000000	     -2.72969764	    -13.56889491	     -3.58978837	     47.46488572	    -12.46557854	    -32.20727427	      0.00000000	     -5.57486694	     10.65647413	     -7.14509355	     -1.99832796	     -8.14534125	      3.21694871	     16.30538579	     75.26600869	      4.97042174	     -4.06815232	     -2.90759830	     28.09694385	     73.44896601
      4.61666670	      5.20360678	     -5.77169846	      5.43538317	      0.77808530	      0.98681371	     -0.08798110	      4.16770869	     10.40432650	     -4.86325452	     11.32577625	     -0.92711186	    -29.87326561	      0.00000000	     -0.11449791	    -12.75882174	     -2.81577991	     47.71454163	    -11.90485922	    -34.92099854	      0.00000000	     -5.62453859	      9.94277593	     -6.37845416	     -1.79187972	     -8.17551728	      3.92413027	     17.74238863	     75.24004273	      4.87323980	     -3.93078153	     -2.32274050	     26.54490967	     73.47295381
      4.63333330	      5.29486841	     -5.10456366	      5.36810925	      0.78938504	      0.99296669	     -0.08633602	      2.29235443	      9.98853021	     -4.89678168	      9.86097449	     -0.50086170	    -29.48495848	      0.00000000	      2.60615738	    -11.97704627	     -2.79167287	     47.28199681	     -9.37494217	    -35.00000000	      0.00000000	     -6.07689098	      9.03344309	     -5.47557608	     -0.80818154	     -8.04924234	      4.10213566	     18.40883040	     75.23585299	      4.53708841	     -3.94216200	     -2.20119047	     26.13869043	     73.45500869
      4.65000000	      5.29615235	     -4.44487629	      5.20038111	      0.80022570	      0.99756236	     -0.08583002	      0.70058249	      9.50154932	     -4.91189533	      8.47947723	     -0.29428159	    -28.93427225	      0.00000000	      5.35643469	    -11.07367422	     -2.91216674	     46.16968485	     -7.43561010	    -35.00000000	      0.00000000	     -6.61573694	      8.17706199	     -4.51140893	      0.37155957	     -7.95991130	      4.28344159	     19.25307289	     75.25867418	      4.29772185	     -4.03060406	     -2.14959709	     25.70682407	     73.42866028
      4.66666670	      5.68125112	     -3.86356019	      4.99687641	      0.81040185	      1.00062689	     -0.08585392	     -1.03888934	      8.96012050	     -5.72704770	      7.56184381	      1.56661253	    -26.50327575	      0.00000000	      7.48790005	    -10.28865583	     -3.56223543	     44.38728161	     -5.49080735	    -35.00000000	      0.00000000	     -7.87841996	      7.46236657	     -2.91892314	      1.02497931	     -8.55862249	      5.31547102	     21.85013759	     75.38307732	      4.90994062	     -3.83455339	     -1.76870451	     24.44631380	     73.27981954
      4.68333330	      5.45503974	     -3.22081547	      4.71628277	      0.82172980	      1.00392903	     -0.08510824	     -2.07256858	      8.29407688	     -5.99828947	      6.71064136	      1.68350799	    -25.89870714	      0.00000000	      9.91742489	     -9.34817683	     -4.46605843	     41.95052031	     -4.30340430	    -35.00000000	      0.00000000	     -8.27493016	      6.58726989	     -1.98941365	      2.46158450	     -8.62660708	      5.41411345	     22.67684023	     75.38357500	      4.62795686	     -3.93768103	     -1.68640780	     24.14259187	     73.24381486
      4.70000000	      5.80673463	     -2.66179123	      4.47379908	      0.83571938	      1.00666683	     -0.08562285	     -3.79494664	      7.67116916	     -7.09974576	      5.84702106	      3.83502689	    -22.52536455	      0.00000000	     11.19790410	     -8.56375677	     -5.68014779	     38.83306731	     -3.61672790	    -35.00000000	      0.00000000	     -9.42706479	      5.87075627	     -0.40745800	      3.27984959	     -9.32601438	      6.25205145	     25.04567227	     75.43049962	      4.98461813	     -3.82134522	     -1.30036420	     23.40168807	     72.95146210
      4.71666670	      5.87695099	     -2.20435335	      4.18956841	      0.84909421	      1.00774717	     -0.08565134	     -5.18055245	      7.13509432	     -7.93894172	      4.95981128	      5.21813378	    -20.35938400	      0.00000000	     12.49907090	     -7.81739032	     -6.85635907	     35.21311626	     -3.37024874	    -35.00000000	      0.00000000	    -10.08897684	      5.26129494	      0.72709380	      4.55794301	     -9.80428289	      6.57179408	     26.56014900	     75.38232724	      4.83954719	     -3.81007056	     -1.12517859	     22.92932408	     72.59898231
      4.73333330	      6.02610928	     -1.89543279	      3.87620184	      0.86288705	      1.00741579	     -0.08566013	     -6.53105282	      6.73801198	     -8.55228058	      4.14422991	      6.27319728	    -18.92563357	      0.00000000	     13.51878119	     -7.20658525	     -7.90002997	     31.17956042	     -3.93271278	    -35.00000000	      0.00000000	    -10.74902882	      4.83312661	      1.80140819	      5.96904405	    -10.31432063	      6.78602773	     27.95726785	     75.38844804	      4.63352748	     -3.74687369	     -1.20166563	     22.47631960	     72.28109553
      4.75000000	      6.33012104	     -1.75470511	      3.67084157	      0.87794779	      1.00640684	     -0.08643182	     -8.06371282	      6.50495556	     -9.41626053	      3.25659262	      7.12878626	    -17.23064233	      0.00000000	     14.27202187	     -6.68423685	     -8.59347511	     26.92672417	     -4.63838410	    -34.81946187	      0.00000000	    -11.48013216	      4.59773844	      2.80962514	      7.29042704	    -10.92199126	      7.01105300	     29.48239408	     75.42097573	      4.42482484	     -3.62723492	     -1.44097754	     21.90394588	     71.87923291
      4.76666670	      6.74423322	     -1.64129086	      3.44370643	      0.89410350	      1.00506731	     -0.08721661	     -9.72317933	      6.29617034	    -10.16178784	      2.46241237	      7.78577504	    -15.72675259	      0.00000000	     14.75294581	     -6.25276751	     -9.57844041	     22.61013459	     -4.29697037	    -32.14063836	      0.00000000	    -12.18960900	      4.36322344	      3.75343186	      8.63808209	    -11.47551729	      7.13896251	     30.79800940	     75.44569063	      4.13817381	     -3.52056744	     -1.78096446	     21.21140100	     71.43917048
      4.78333330	      7.25103930	     -1.53520611	      3.33094305	      0.91177410	      1.00400301	     -0.08871754	    -11.60626463	      6.08449847	    -10.86381759	      1.84593422	      8.48182935	    -14.22617444	      0.00000000	     15.12009302	     -5.76548060	    -10.40819044	     18.62073118	     -3.56698544	    -28.36516029	      0.00000000	    -12.88883425	      4.16596445	      4.61559967	      9.80664904	    -12.02609650	      7.15999263	     31.96322066	     75.44699909	      3.91346984	     -3.41045541	     -2.23183112	     20.41479847	     70.89537829
      4.80000000	      7.68906946	     -1.22732212	      2.94598852	      0.92828295	      1.00357729	     -0.08958744	    -13.50135795	      5.58156119	    -11.48588228	      1.62417574	      9.11923172	    -12.88220952	      0.00000000	     15.49250786	     -4.95537780	    -11.22410964	     14.70752417	     -2.60926495	    -23.92183745	      0.00000000	    -13.47570476	      3.67025537	      5.60827758	     10.96683455	    -12.53673346	      7.06443594	     33.04139140	     75.41950854	      3.56026030	     -3.33303377	     -2.71779582	     19.60091261	     70.30652065
      4.81666670	      8.05962956	     -0.74069597	      2.68372220	      0.94458079	      1.00361736	     -0.09084972	    -15.25474965	      4.88591101	    -12.01748605	      1.70673971	      9.41490378	    -11.82547135	      0.00000000	     15.66819890	     -3.94697158	    -11.73280161	     11.17765262	     -2.34184293	    -19.94252682	      0.00000000	    -13.86833014	      2.93557300	      6.45934391	     11.94494696	    -12.89558730	      6.75508959	     34.01559229	     75.33615837	      3.27069304	     -3.34435177	     -3.10681635	     18.65109037	     69.76748790
      4.83333330	      8.31135501	     -0.27064762	      2.48255935	      0.95765874	      1.00383324	     -0.09144343	    -16.74860762	      4.27921813	    -12.43475213	      1.74708528	      9.98036577	    -10.88800635	      0.00000000	     15.89538536	     -2.92625698	    -12.20959313	      7.97613164	     -2.53602991	    -16.38571876	      0.00000000	    -14.28067549	      2.16747075	      7.38589820	     12.73035256	    -13.30081929	      6.23834868	     35.06407855	     75.19752541	      3.12450545	     -3.40427671	     -3.39598376	     17.78694093	     69.21979343
      4.85000000	      8.22230357	      0.10096745	      2.44682983	      0.97079691	      1.00266324	     -0.09283993	    -17.74201653	      3.80366516	    -12.89862417	      1.94882440	      9.46368081	    -10.63505347	      0.00000000	     16.42144164	     -1.90970860	    -12.23119379	      5.23374949	     -4.02407819	    -14.53927035	      0.00000000	    -14.17474024	      1.46438241	      7.92084718	     13.63718360	    -13.60263806	      5.97538510	     35.70266726	     75.13916358	      2.79153440	     -3.56521919	     -3.48694934	     17.26286266	     69.05064514
      4.86666670	      8.65574584	      0.59609140	      2.15530893	      0.98536714	      1.00096381	     -0.09398425	    -19.17196228	      3.14081042	    -13.19646448	      2.25875475	      9.52946165	     -9.96165036	      0.00000000	     16.11275634	     -0.94176085	    -12.91667597	      3.01499206	     -4.90884782	    -12.09032358	      0.00000000	    -14.95615498	      0.57273166	      8.73899761	     14.44282311	    -13.91100154	      5.36149542	     36.85967030	     74.95080384	      2.95588380	     -3.68166066	     -3.66803753	     16.22783024	     68.61738718
      4.88333330	      8.39469704	      0.93077672	      2.11173646	      1.00097262	      0.99748604	     -0.09647002	    -19.91677719	      2.63023921	    -13.62793301	      2.80466267	      9.00097395	     -9.81575003	      0.00000000	     16.59743457	     -0.04818156	    -12.85829051	      1.71406132	     -6.41785915	    -10.94288156	      0.00000000	    -14.66137859	     -0.03898509	      9.11463767	     15.15686836	    -14.12298219	      5.12421031	     37.42086255	     74.89294766	      2.65060855	     -3.87150259	     -3.71066777	     15.84339757	     68.50729903
      4.90000000	      8.17373700	      1.48332462	      1.99296872	      1.01950656	      0.99372678	     -0.09905647	    -20.78183154	      1.85739996	    -13.65222189	      3.28172598	      9.14161440	     -9.66412991	      0.00000000	     16.90783229	      0.90335657	    -13.07377292	      1.32772071	     -7.55436299	    -10.26862912	      0.00000000	    -14.35619559	     -1.01528375	      9.36483200	     15.68393856	    -14.20259988	      4.87501120	     38.07730306	     74.82367043	      2.37687783	     -4.17081391	     -3.77308938	     15.34073812	     68.38170714
      4.91666670	      8.24635096	      2.07310320	      1.85407367	      1.03806867	      0.99073583	     -0.10222535	    -21.98164311	      0.95206379	    -13.84317638	      3.84446626	     10.12986821	     -8.32507825	      0.00000000	     16.71537188	      1.80415691	    -13.22533333	      1.67340246	     -8.50863148	     -9.84046991	      0.00000000	    -14.37850985	     -1.96846979	      9.96559873	     15.50685154	    -14.35129428	      3.59354457	     39.68719500	     74.41175420	      2.64319622	     -4.30860052	     -3.80452346	     14.04109534	     67.78752874
      4.93333330	      8.00163878	      2.61041074	      1.87478071	      1.05505885	      0.98939288	     -0.10507931	    -22.75051889	      0.13246192	    -13.41056717	      4.51286372	     10.47991934	     -8.32166379	      0.00000000	     17.07179587	      2.53022739	    -13.19615941	      3.15559777	     -8.85915770	    -10.06194714	      0.00000000	    -13.83210443	     -2.83350837	      9.96054442	     15.62246621	    -14.25728724	      3.42909543	     39.99624572	     74.36090648	      2.39778794	     -4.65030783	     -3.78321507	     13.80080387	     67.71279942
      4.95000000	      7.43680422	      3.10135796	      1.86140593	      1.07439352	      0.99131756	     -0.10953602	    -22.76638672	     -0.82643741	    -12.80363532	      5.97478403	     10.81559589	     -8.37545130	      0.00000000	     17.59481448	      3.17814891	    -12.60914456	      4.96672346	     -9.83835273	    -11.46892967	      0.00000000	    -12.84088172	     -3.55230024	      9.80067318	     15.31374386	    -13.92085897	      2.65782169	     40.72446716	     74.10764049	      2.20257175	     -4.83512438	     -3.51595633	     12.95823841	     67.41563082
      4.96666670	      7.36775498	      3.65363704	      1.85360412	      1.09391151	      0.99542013	     -0.11417153	    -23.17497023	     -1.88257270	    -12.28008047	      7.63256382	     10.32655388	     -8.27584207	      0.00000000	     17.58421497	      3.76825672	    -12.65553611	      7.17646350	    -10.01362580	    -12.07061762	      0.00000000	    -12.44692105	     -4.35838687	      9.62292696	     15.08568226	    -13.69322632	      2.55163083	     40.85044984	     74.06577289	      2.11818617	     -5.07907200	     -3.45460798	     12.72247898	     67.35745839
      4.98333330	      6.74485786	      4.08586000	      1.91153132	      1.11448941	      0.99883414	     -0.11859203	    -22.66905362	     -2.82574811	    -11.07582310	      9.71101417	      8.93255410	     -9.83663000	      0.00000000	     17.93942131	      4.35685360	    -11.70951027	      9.15695442	    -11.15557056	    -14.80009133	      0.00000000	    -11.19312780	     -4.89495623	      9.50044607	     14.12741984	    -13.22238477	      1.48790091	     41.16218511	     73.76914906	      2.05921811	     -5.12148714	     -2.73071367	     11.66411196	     66.97483497
      5.00000000	      6.78335470	      4.73653275	      1.93108381	      1.13273635	      1.00107362	     -0.12160338	    -22.45812169	     -4.03483882	    -10.44226762	     12.38575594	      7.78145878	    -10.34361691	      0.00000000	     17.33864508	      5.12263307	    -11.57668553	     10.77276037	    -10.73298895	    -15.58822198	      0.00000000	    -10.88516949	     -5.71293736	      8.96579287	     13.48204901	    -12.71471314	      1.36071984	     41.23070412	     73.73283015	      1.84153111	     -5.31673871	     -2.53153084	     11.37056649	     66.88887093
      5.01666670	      6.61425724	      5.12943257	      2.13100180	      1.15153759	      1.00255265	     -0.12516452	    -21.35224073	     -4.85332358	     -8.79938457	     15.96599182	      4.64653942	    -13.62845614	      0.00000000	     16.91442829	      5.72743237	    -10.82165914	     12.20307689	    -10.59087246	    -17.07806914	      0.00000000	    -10.36515159	     -6.19539817	      8.53086453	     12.62154647	    -12.06165288	      0.63865427	     41.09657402	     73.65585883	      1.75551108	     -5.46025258	     -1.86127111	     11.03468859	     66.60257704
      5.03333330	      6.66124564	      5.69966207	      2.34443701	      1.17017441	      1.00421124	     -0.12858306	    -19.83609230	     -5.94530613	     -7.76863276	     20.64277993	      1.67153537	    -15.94447873	      0.00000000	     15.89514096	      6.57847315	    -10.33265199	     12.98867938	     -9.56721264	    -17.74700824	      0.00000000	    -10.07690407	     -6.92580386	      7.95845674	     11.66042291	    -11.36172213	      0.28633576	     40.80176259	     73.68557886	      1.69254162	     -5.63801275	     -1.39720012	     10.89204993	     66.35870632
      5.05000000	      6.70636230	      6.16498673	      2.46429745	      1.19043672	      1.00673925	     -0.13188137	    -17.57473260	     -7.03824220	     -6.83205272	     26.25336965	     -2.39461968	    -18.72309711	      0.00000000	     14.74265033	      7.32014309	     -9.91662446	     13.58169744	     -8.07437753	    -18.20162919	      0.00000000	     -9.70853132	     -7.49173381	      7.45696702	     10.69603011	    -10.74316205	     -0.05187564	     40.22648034	     73.77426601	      1.56401035	     -5.74882080	     -0.96719651	     10.90534522	     66.07512187
      5.06666670	      6.69657525	      6.52462956	      2.41201740	      1.20783667	      1.00994220	     -0.13454604	    -14.83757259	     -8.07511002	     -5.96752644	     31.86307974	     -6.52180664	    -21.50913641	      0.00000000	     13.52670788	      7.95633131	     -9.60035702	     13.81297298	     -6.31854386	    -18.51143539	      0.00000000	     -9.31353002	     -7.98959728	      6.96546047	      9.76485376	    -10.04280691	     -0.18359629	     39.46718368	     73.94569236	      1.46943662	     -5.90276234	     -0.58409686	     11.06233746	     65.75586338
      5.08333330	      6.69102994	      6.82130576	      2.31825610	      1.22495232	      1.01500210	     -0.13740425	    -12.05006601	     -9.02379499	     -5.29111436	     36.67476506	     -9.72864267	    -24.26924516	      0.00000000	     12.04126668	      8.56691619	     -9.18052087	     13.46802423	     -4.73206947	    -18.61907261	      0.00000000	     -8.92040670	     -8.35832090	      6.31556969	      8.94749766	     -9.41743727	     -0.14307204	     38.52809318	     74.15344271	      1.42681558	     -5.96618223	     -0.26329725	     11.29077167	     65.46881441
      5.10000000	      6.74195341	      6.86641952	      2.28191535	      1.24056424	      1.02146351	     -0.14047757	     -9.44482566	     -9.60604724	     -4.77964801	     40.17416481	    -11.38049691	    -27.39465742	      0.00000000	     10.43461170	      8.91895935	     -8.83502392	     12.89180771	     -3.32583716	    -18.71993911	      0.00000000	     -8.71700942	     -8.39530157	      5.55621479	      8.26730830	     -8.82641393	      0.03372180	     37.34878251	     74.39784394	      1.55687650	     -5.98151476	      0.04987235	     11.62491428	     65.21017738
      5.11666670	      6.99240982	      6.67022198	      2.25741267	      1.25547275	      1.02796181	     -0.14323313	     -7.11859560	     -9.77502391	     -4.28512902	     42.32459420	    -10.28586935	    -30.43153388	      0.00000000	      8.58779527	      8.98372280	     -8.38846918	     12.09218031	     -2.12085237	    -18.76172235	      0.00000000	     -8.88499569	     -8.12685554	      4.75053669	      7.80223882	     -8.33959370	      0.30003343	     36.07452172	     74.66330892	      1.88996748	     -5.98754658	      0.34043826	     12.06608277	     64.98581732
      5.13333330	      7.30597049	      6.22015034	      2.42394077	      1.27039408	      1.03283252	     -0.14532562	     -5.26017317	     -9.51475966	     -4.14151386	     43.24866628	     -8.09752006	    -32.54335359	      0.00000000	      6.63519942	      8.72754185	     -7.78102281	     11.18671422	     -1.44348817	    -18.69424845	      0.00000000	     -9.08960516	     -7.55649281	      3.97679795	      6.91417796	     -8.00323241	      0.45295994	     35.36547981	     74.73328639	      2.46449641	     -5.95234442	      0.42605083	     12.39968682	     64.94382369
      5.15000000	      7.53480909	      5.80443594	      2.46033963	      1.28583221	      1.03529455	     -0.14750995	     -3.53840809	     -9.23110345	     -4.13617556	     43.58024473	     -6.61604393	    -33.98576671	      0.00000000	      4.71525854	      8.48945820	     -7.31692154	     10.11865426	     -0.72367776	    -18.56202912	      0.00000000	     -9.11191787	     -7.05551237	      3.23922017	      6.14702209	     -7.67937935	      0.58085379	     34.60548606	     74.78594963	      3.12839358	     -5.90226949	      0.51034859	     12.83077422	     64.92754186
      5.16666670	      8.01046831	      5.39101443	      2.31217075	      1.29661731	      1.03622500	     -0.14871305	     -1.86124162	     -8.88750522	     -4.18807360	     43.45745319	     -5.29010205	    -35.00000000	      0.00000000	      2.72066287	      8.11743202	     -7.73199352	      9.17898232	      0.74476698	    -17.21536203	      0.00000000	     -9.62058525	     -6.61429500	      1.92268049	      6.61218516	     -7.02918636	      1.27467267	     31.59417407	     75.27802525	      3.35347665	     -6.24087976	      1.01002015	     14.29674935	     64.75552992
      5.18333330	      8.17148444	      4.87135277	      2.27688737	      1.30983011	      1.03724046	     -0.15222932	      0.30418269	     -8.53562053	     -4.47852077	     43.07188029	     -4.52167571	    -35.00000000	      0.00000000	      1.10365686	      7.77322579	     -7.46152976	      8.17273606	      1.38458313	    -17.18134204	      0.00000000	     -9.85781457	     -5.86933683	      1.12580257	      5.91816117	     -6.95969560	      1.42381832	     31.03010305	     75.34748416	      4.34186740	     -6.18869281	      1.05153911	     14.86140561	     64.73315058
      5.20000000	      8.54509924	      4.38028100	      2.31872244	      1.32138616	      1.03768243	     -0.15522137	      2.42263971	     -8.25386705	     -5.09346567	     42.24970343	     -3.75217403	    -35.00000000	      0.00000000	     -0.57256961	      7.40798892	     -7.77098403	      7.35250353	      2.65742238	    -16.37950364	      0.00000000	    -10.60712051	     -5.16719169	     -0.19885980	      6.03791172	     -6.73884615	      1.98588131	     29.17598100	     75.73825579	      4.96881556	     -6.47227863	      1.30246880	     16.66560653	     64.63102095
      5.21666670	      8.68347707	      3.99248756	      2.27448535	      1.33388624	      1.03763326	     -0.15689428	      4.91905877	     -8.05088766	     -5.62814701	     41.31442271	     -3.49256968	    -35.00000000	      0.00000000	     -1.94995308	      7.17472558	     -8.01312488	      6.50705595	      3.12467409	    -16.56899544	      0.00000000	    -10.96118529	     -4.63107884	     -1.14653630	      5.40039591	     -6.61583728	      2.05564357	     28.81938408	     75.76144378	      6.24886502	     -6.65502571	      1.28976859	     17.18447111	     64.62913249
      5.23333330	      8.89309569	      3.56677252	      2.51612796	      1.34762736	      1.03857847	     -0.15920957	      6.77663892	     -7.75571721	     -6.62835311	     39.46525391	     -2.82163784	    -35.00000000	      0.00000000	     -3.38240466	      6.87257289	     -8.10691491	      5.84393651	      4.38126403	    -15.73720228	      0.00000000	    -11.34186043	     -3.85908483	     -2.70267881	      5.42113425	     -6.39756712	      2.39917595	     26.89351296	     76.08034333	      6.70005241	     -7.10342722	      1.43150563	     19.43671688	     64.59429819
      5.25000000	      8.82805107	      3.26859345	      2.64396470	      1.36148472	      1.03959404	     -0.15974772	      8.58419561	     -7.47511301	     -7.50928816	     37.11104506	     -2.14977488	    -35.00000000	      0.00000000	     -4.50013238	      6.63689993	     -8.30425749	      5.23016134	      4.77945710	    -15.75093751	      0.00000000	    -11.36829572	     -3.41941302	     -3.52230147	      4.56093580	     -6.35515109	      2.49441275	     26.25199333	     76.13599955	      7.98975279	     -7.36542638	      1.36917092	     20.27754498	     64.58566251
      5.26666670	      8.95179619	      3.04494418	      2.81594251	      1.37612018	      1.04123059	     -0.15920383	      9.70694974	     -7.08500520	     -8.31743420	     34.14719093	     -1.91934609	    -35.00000000	      0.00000000	     -5.77475866	      6.36583476	     -8.56574023	      4.71697928	      5.66262752	    -15.11649379	      0.00000000	    -11.68156538	     -3.05485461	     -4.68696598	      4.26662962	     -6.06749592	      2.48786826	     24.80542443	     76.25183415	      8.75910999	     -7.97435701	      1.33217133	     22.36458682	     64.62582680
      5.28333330	      8.75433876	      2.90871451	      2.93703474	      1.39124143	      1.04089958	     -0.15880748	     10.94679578	     -6.76683757	     -8.99721654	     31.04159513	     -2.03536592	    -35.00000000	      0.00000000	     -6.81283061	      6.18629420	     -8.76527768	      3.95404734	      5.91453259	    -14.81909486	      0.00000000	    -11.47464251	     -2.82741181	     -5.42658806	      3.36469549	     -5.96289389	      2.47797324	     24.00821687	     76.28022993	      9.77621287	     -8.39336450	      1.21951583	     23.40477641	     64.64213689
      5.30000000	      8.82958468	      2.89858719	      2.98846263	      1.40567080	      1.03981850	     -0.15814158	     11.74027534	     -6.46785994	     -9.29881341	     27.69667315	     -2.55506386	    -35.00000000	      0.00000000	     -8.11640370	      6.08363942	     -9.29648360	      3.27134918	      6.74491863	    -13.84751777	      0.00000000	    -11.62404521	     -2.78276361	     -6.50225322	      2.92375603	     -5.58031174	      2.15653645	     22.51147749	     76.26569191	     10.20988585	     -9.11508043	      0.95296689	     25.55004308	     64.71902879
      5.31666670	      8.55892817	      2.83234048	      3.09681940	      1.42173449	      1.03848889	     -0.15845247	     12.68710651	     -6.10080314	     -9.47583266	     23.89296603	     -3.10999196	    -35.00000000	      0.00000000	     -9.15457887	      5.95720808	     -9.43716905	      2.43987875	      6.93580640	    -13.61459293	      0.00000000	    -11.12456770	     -2.66730948	     -7.09735688	      1.80730599	     -5.49407723	      2.09419328	     21.77271010	     76.25486516	     11.08458149	     -9.47432379	      0.77912145	     26.36975491	     64.72710501
      5.33333330	      8.79373439	      2.58530992	      3.27482233	      1.43659703	      1.03901703	     -0.15914711	     12.83717093	     -5.48246932	     -9.73817226	     19.79290279	     -3.16035152	    -33.48318683	      0.00000000	    -10.65521518	      5.56363014	     -9.85312065	      1.85930140	      7.56839828	    -12.71859436	      0.00000000	    -11.30998829	     -2.27291209	     -7.92314107	      1.26659602	     -5.27319503	      1.58376381	     20.18677424	     76.11004775	     11.64896793	     -9.92588845	      0.36002281	     28.04786559	     64.75230459
      5.35000000	      9.04923581	      2.28494909	      3.44869835	      1.44979816	      1.04084003	     -0.15915621	     12.83738774	     -4.84803797	    -10.06741019	     15.97829253	     -1.14426064	    -29.07654733	      0.00000000	    -12.27141656	      5.14510146	     -9.96281758	      1.18812425	      8.41913435	    -11.54453516	      0.00000000	    -11.36726855	     -1.75959257	     -8.82695401	      0.77343276	     -5.15045837	      0.96123621	     18.69033587	     75.90727948	     11.99177998	    -10.23832720	     -0.41003544	     29.43190939	     64.73805399
      5.36666670	      9.18653802	      1.77506038	      3.65076015	      1.45999414	      1.04243096	     -0.15883953	     13.12468674	     -3.95508600	    -10.33241934	     12.54982181	      1.12464686	    -23.85712914	      0.00000000	    -13.48011691	      4.47300099	     -9.92677219	      0.99087877	      9.23168798	    -10.62621382	      0.00000000	    -11.45226557	     -1.00728949	     -9.45741132	      0.15773866	     -5.19384282	      0.57167891	     17.59740893	     75.74142026	     12.67036109	    -10.39824975	     -1.16580085	     30.51538031	     64.72909044
      5.38333330	      9.44407476	      1.36696182	      3.88252501	      1.47068401	      1.04341303	     -0.15908808	     13.14192163	     -3.23829897	    -10.52291729	      9.61356623	      1.94539625	    -19.83326458	      0.00000000	    -14.74516226	      3.89968100	     -9.75394769	      0.88032873	      9.87231557	     -9.80956946	      0.00000000	    -11.70042063	     -0.31135608	    -10.16712250	     -0.25274695	     -5.24501818	      0.26837471	     16.61578489	     75.56449098	     13.40927756	    -10.59227604	     -1.72585217	     31.47590393	     64.75008733
      5.40000000	      9.54616000	      1.19160706	      4.06958297	      1.48179242	      1.04229710	     -0.15932555	     13.21599129	     -2.82082883	    -10.79733199	      7.17150192	      2.37058890	    -16.16450185	      0.00000000	    -15.72296590	      3.59103322	     -9.73873879	      1.11322043	      9.77825324	     -9.56284902	      0.00000000	    -11.82166850	      0.09999996	    -10.76148829	     -0.64246764	     -5.30745278	     -0.00264930	     15.77754670	     75.35812424	     14.04764055	    -10.75504456	     -2.23757566	     32.53364401	     64.77086255
      5.41666670	      9.38357209	      1.17911349	      4.20077770	      1.49545320	      1.04211390	     -0.15810882	     13.42379539	     -2.52468870	    -10.71698857	      5.04090537	      1.06345628	    -14.59034709	      0.00000000	    -16.41780074	      3.45845683	    -10.13906636	      1.47543402	      8.69354768	     -9.46376259	      0.00000000	    -11.56962940	      0.26404028	    -11.24145173	     -1.30346036	     -5.32885405	     -0.07679160	     15.36660751	     75.30176457	     14.60297616	    -10.90058530	     -2.37501059	     33.02014199	     64.77531956
      5.43333330	      9.89592140	      1.06355286	      4.45469387	      1.50992375	      1.04288717	     -0.15646478	     12.59302580	     -2.08169649	    -11.87997436	      3.20329517	      0.75411067	    -11.58320528	      0.00000000	    -17.92694106	      3.08855088	    -10.09552430	      1.64468278	      6.71329372	    -10.14835505	      0.00000000	    -12.10846909	      0.65385544	    -11.90491600	     -1.63076921	     -5.32005674	     -0.52424396	     14.32287742	     74.98312097	     14.78145145	    -11.13442452	     -3.00857562	     34.43989242	     64.75649438
      5.45000000	      9.71916969	      1.04120111	      4.60363684	      1.52385153	      1.04112329	     -0.15388657	     12.57852331	     -1.72216821	    -12.27044329	      2.27447979	     -0.62709608	    -10.70720732	      0.00000000	    -18.53045510	      2.79742288	    -10.47727053	      2.04152516	      5.21999580	    -10.11105281	      0.00000000	    -11.73375272	      0.75578778	    -12.32189339	     -2.67673908	     -5.26456838	     -0.61892039	     13.75988101	     74.89729296	     14.91083917	    -11.32274035	     -3.26269096	     34.92130853	     64.74526542
      5.46666670	      9.99920851	      0.89108111	      4.86645977	      1.53791525	      1.03984140	     -0.15199508	     11.96878092	     -1.18957665	    -12.54443067	      1.99900165	     -1.71538804	    -10.38797932	      0.00000000	    -19.47404415	      2.23690263	    -10.10670651	      2.46158934	      3.36692983	    -11.43878097	      0.00000000	    -11.94613547	      1.09730288	    -12.95570056	     -3.15121885	     -5.12492391	     -1.01826181	     13.00245679	     74.53891960	     14.62688615	    -11.42605443	     -4.19325836	     36.38441977	     64.69911252
      5.48333330	      9.99975659	      0.78774945	      5.11301634	      1.55217112	      1.03842979	     -0.14915091	     11.79387038	     -0.79216447	    -12.67991947	      2.65322020	     -2.56601746	    -10.40068204	      0.00000000	    -19.63236025	      1.59064870	    -10.19822194	      3.64835952	      2.68552131	    -11.54210472	      0.00000000	    -11.76057904	      1.25861193	    -13.21979477	     -4.08117832	     -5.01618015	     -1.05143746	     12.58122865	     74.48320890	     14.66477174	    -11.43090145	     -4.38447954	     36.72262460	     64.69518452
      5.50000000	      9.91679815	      0.65516919	      5.35026742	      1.56733911	      1.03623337	     -0.14704999	     11.60036174	     -0.39826751	    -11.96466370	      3.53361858	     -4.55637752	    -12.49781327	      0.00000000	    -19.59552382	      0.93583657	     -9.32118721	      5.02730251	      1.69805044	    -13.27937751	      0.00000000	    -11.49380725	      1.51065298	    -13.61280336	     -4.72673805	     -4.88064468	     -1.31887550	     12.01704570	     74.10687737	     13.99864674	    -11.35172948	     -5.37530078	     38.12702500	     64.71572529
      5.51666670	      9.91789694	      0.53974108	      5.50504280	      1.58346715	      1.03527257	     -0.14398243	     11.31941872	     -0.03302097	    -11.48289589	      4.62429471	     -5.66933139	    -13.69960168	      0.00000000	    -19.16168601	      0.18823587	     -8.80006864	      7.49418487	      0.99700331	    -14.78606797	      0.00000000	    -11.29168489	      1.68858986	    -13.77254753	     -5.37419645	     -4.77275095	     -1.35041527	     11.55117231	     73.83256192	     13.42625176	    -11.13924755	     -6.09323268	     38.84137923	     64.80733549
      5.53333330	     10.05032906	      0.35919200	      5.61912621	      1.59993880	      1.03639432	     -0.14027483	     10.88886467	      0.42096392	    -10.91852782	      5.86323985	     -6.94524752	    -15.46281568	      0.00000000	    -18.36965566	     -0.75698155	     -8.20789936	     11.04893829	     -0.54405891	    -17.00462831	      0.00000000	    -11.21486337	      1.92745886	    -13.91680211	     -5.74602776	     -4.64530990	     -1.26356696	     11.27609279	     73.54756377	     12.73820397	    -10.98659453	     -6.68002850	     39.40719028	     65.00309292
      5.55000000	     10.07541896	     -0.04769492	      5.71847965	      1.61628443	      1.03911089	     -0.13678319	     10.58691843	      1.13628400	    -10.42184801	      7.14145066	     -7.89864288	    -17.06808751	      0.00000000	    -16.70010386	     -2.02003535	     -7.34247009	     16.20977425	     -2.35706308	    -19.51582642	      0.00000000	    -10.94546333	      2.38300868	    -13.84417604	     -6.24157187	     -4.55027593	     -1.09216734	     10.91221851	     73.30113983	     11.91657699	    -10.65835932	     -7.09117750	     39.73045521	     65.25126056
      5.56666670	     10.01749789	     -0.68903015	      5.80653229	      1.63067593	      1.04160361	     -0.13329927	     10.40271448	      2.08608055	     -9.94489456	      8.47198108	     -8.51922087	    -19.02721387	      0.00000000	    -14.19291380	     -3.55454269	     -6.21547328	     22.66707692	     -4.54196806	    -22.05444430	      0.00000000	    -10.62810574	      3.15159644	    -13.64278089	     -6.43299670	     -4.56659099	     -0.80107741	     10.89217059	     73.08162316	     11.08211710	    -10.12359365	     -7.35019604	     39.81574588	     65.57632503
      5.58333330	      9.82336971	     -1.59798270	      5.88400333	      1.64465332	      1.04293282	     -0.13065374	     10.35371910	      3.29579838	     -9.60216759	      9.64544069	     -8.51720792	    -20.77919608	      0.00000000	    -11.03974272	     -5.27405278	     -4.87150141	     29.75078750	     -6.13481276	    -23.76531488	      0.00000000	    -10.21216614	      4.24039626	    -13.22653495	     -6.54481671	     -4.67875523	     -0.46880216	     11.01572120	     72.89892047	     10.31373457	     -9.46065290	     -7.46922659	     39.71231869	     65.92938030
      5.60000000	      9.62736181	     -2.56319348	      5.98483025	      1.65660271	      1.04253686	     -0.12883469	     10.30982756	      4.53986152	     -9.35946737	     10.66544278	     -8.16491152	    -22.42766205	      0.00000000	     -7.63692720	     -6.85821422	     -3.34806940	     36.61012243	     -6.98924343	    -25.22022669	      0.00000000	     -9.93521761	      5.42899956	    -12.61492812	     -6.34329602	     -4.90679551	     -0.08649008	     11.42821615	     72.76603101	      9.74656759	     -8.71268523	     -7.41555136	     39.47473942	     66.29342534
      5.61666670	      9.47127693	     -3.30699844	      6.02675867	      1.66983035	      1.04460690	     -0.12624658	      9.93568268	      5.57802154	     -9.09613856	     11.20735028	     -7.62882295	    -23.98039717	      0.00000000	     -4.46882459	     -8.03541206	     -1.88533385	     42.40773905	     -7.80528816	    -26.86214558	      0.00000000	     -9.71850464	      6.30625747	    -11.95256977	     -5.91987723	     -5.07711810	      0.35226441	     12.05029308	     72.64565424	      9.20911213	     -8.03285136	     -7.22720833	     38.89348550	     66.70394025
      5.63333330	      9.38350518	     -3.74168582	      6.02735085	      1.68305456	      1.04611870	     -0.12495557	      9.20747075	      6.30893184	     -8.83279951	     11.30585984	     -6.90148938	    -25.12227959	      0.00000000	     -1.70432367	     -8.69327488	     -0.64265903	     46.87310279	     -8.81634173	    -29.04217206	      0.00000000	     -9.65034420	      6.85181870	    -11.23260579	     -5.34065762	     -5.25009832	      0.87455307	     12.84201496	     72.53762521	      8.72747653	     -7.44596108	     -6.89434404	     37.99157261	     67.17024602
      5.65000000	      9.51599166	     -4.03250278	      6.04779583	      1.69722744	      1.04797901	     -0.12386681	      7.91168252	      6.91730327	     -8.71191174	     10.86033377	     -6.12789671	    -25.60530607	      0.00000000	      0.37662276	     -9.13510606	      0.23724718	     49.83366894	     -9.61953973	    -31.23779759	      0.00000000	     -9.76242014	      7.20098938	    -10.48643365	     -4.62625099	     -5.41761639	      1.33618801	     13.61832339	     72.47949984	      8.25441187	     -6.94164041	     -6.54310163	     36.87649308	     67.53216508
      5.66666670	      9.63767505	     -4.02124601	      6.08071042	      1.71110611	      1.05000393	     -0.12290192	      6.48123260	      7.18588580	     -8.60414313	     10.38062865	     -5.28481828	    -25.88470933	      0.00000000	      1.92888544	     -9.14198626	      0.77504272	     51.10572940	     -9.30199953	    -33.90275387	      0.00000000	     -9.81942006	      7.18457448	     -9.72231084	     -3.86089214	     -5.61438103	      1.91411165	     14.52713012	     72.44586945	      7.86707698	     -6.45071996	     -6.05245924	     35.24795514	     67.92293257
      5.68333330	      9.71793482	     -3.80414854	      5.98655751	      1.72298787	      1.05218287	     -0.12057652	      5.13354213	      7.27564882	     -8.42422532	      9.88440242	     -4.45494462	    -26.24300503	      0.00000000	      3.17830191	     -8.91456843	      0.85508818	     50.99617656	     -6.97071246	    -35.00000000	      0.00000000	     -9.87795011	      6.82659432	     -8.89661374	     -2.83891992	     -5.67595660	      2.07996072	     15.13717466	     72.44980618	      7.04399787	     -6.08616944	     -5.84904250	     34.46722867	     68.01333198
      5.70000000	      9.93132030	     -3.63384231	      5.96764081	      1.73483183	      1.05694312	     -0.11897199	      3.55259780	      7.40333632	     -8.49143747	      9.12983712	     -3.77854177	    -26.07084210	      0.00000000	      4.07840898	     -8.80134472	      0.69467310	     49.82384363	     -4.60014470	    -35.00000000	      0.00000000	    -10.07528103	      6.56693772	     -7.67688301	     -2.23123092	     -6.02276308	      3.05423974	     16.68560267	     72.54520621	      7.10287739	     -5.55717596	     -5.16882444	     31.81953582	     68.39453634
      5.71666670	      9.81863122	     -3.38797570	      5.79732806	      1.74555791	      1.05900950	     -0.11847530	      2.51409034	      7.39413578	     -8.53402791	      8.44000413	     -3.46557551	    -26.15185404	      0.00000000	      5.09996819	     -8.47655044	      0.41011334	     47.76295232	     -3.29096946	    -35.00000000	      0.00000000	     -9.90737078	      6.20068042	     -6.89007181	     -1.15445073	     -6.17843452	      3.16973160	     17.36664196	     72.55331366	      6.09396130	     -5.28401962	     -4.98717652	     31.03683673	     68.44945352
      5.73333330	      9.96474878	     -3.17330720	      5.65583419	      1.75373776	      1.06072594	     -0.11787128	      1.42187009	      7.38508435	     -8.61734376	      7.84252872	     -2.88830655	    -25.99117395	      0.00000000	      5.87579708	     -8.20314961	      0.03988822	     45.28133245	     -3.22711973	    -35.00000000	      0.00000000	    -10.32502603	      5.94403037	     -5.93577720	     -0.30408891	     -6.61562527	      3.88658329	     19.11851486	     72.68478885	      5.96440965	     -4.93073537	     -4.61395743	     28.74076294	     68.56786160
      5.75000000	      9.88170755	     -3.00123752	      5.60021494	      1.76304899	      1.06367439	     -0.11693794	      0.57500642	      7.34864745	     -8.90890101	      7.22900126	     -2.53884042	    -25.65150074	      0.00000000	      6.68000243	     -7.89312161	     -0.21876980	     42.27385692	     -3.75118490	    -35.00000000	      0.00000000	    -10.28727838	      5.65158166	     -4.90161232	      0.35043354	     -7.07664412	      4.41027546	     20.59421325	     72.77605137	      5.58504921	     -4.58343936	     -4.22268854	     27.12863702	     68.63320208
      5.76666670	      9.79675267	     -2.78276760	      5.50190347	      1.77126759	      1.06687543	     -0.11644453	     -0.18999704	      7.21053967	     -9.07931360	      6.67968522	     -2.04757096	    -25.07366391	      0.00000000	      7.36540411	     -7.42226849	     -0.53518564	     38.76111980	     -4.21285793	    -35.00000000	      0.00000000	    -10.36755888	      5.37177645	     -3.99499652	      1.14962437	     -7.54980306	      4.76795708	     22.20973025	     72.86029237	      5.14510771	     -4.34471593	     -3.97610462	     25.71429171	     68.60439736
      5.78333330	      9.53424642	     -2.51259775	      5.34183305	      1.77983002	      1.07123251	     -0.11620142	     -0.84775120	      6.96866951	     -9.19591948	      5.95366973	     -1.97831322	    -24.56005314	      0.00000000	      7.98528984	     -6.85371813	     -1.07164937	     34.74353152	     -4.96010436	    -35.00000000	      0.00000000	    -10.17289538	      4.96751687	     -3.28506546	      2.17972113	     -7.86946045	      4.86176605	     23.33915667	     72.90785234	      4.43637030	     -4.24517971	     -3.92658290	     24.85247762	     68.55548449
      5.80000000	      9.77158958	     -2.15629598	      4.97869545	      1.78673122	      1.07329086	     -0.11688169	     -1.81455311	      6.56427290	     -9.44491112	      5.64899772	     -0.89942849	    -23.21590259	      0.00000000	      7.88863136	     -6.15296246	     -1.78186323	     30.41948793	     -5.07175391	    -34.00795088	      0.00000000	    -10.91967209	      4.62988928	     -2.00582044	      2.90698864	     -8.64283156	      5.29095383	     25.76248495	     73.12153959	      4.46912481	     -3.91776097	     -3.95612256	     23.15178220	     68.31675336
      5.81666670	      9.85614170	     -1.82163897	      4.69092222	      1.79497796	      1.07512072	     -0.11771785	     -2.62013055	      6.16904805	     -9.80128123	      5.25804134	     -0.07477227	    -21.79188019	      0.00000000	      7.87475445	     -5.54762161	     -2.80434243	     26.14308620	     -4.29422613	    -31.67646395	      0.00000000	    -11.30515180	      4.27765978	     -1.01877733	      3.70087830	     -9.20886629	      5.31236591	     27.56223520	     73.29478158	      4.27025842	     -3.73842783	     -3.92044488	     21.86701765	     68.01607886
      5.83333330	      9.94423285	     -1.41593827	      4.37866033	      1.80353103	      1.07710892	     -0.11905290	     -3.34714197	      5.64471275	    -10.00729744	      4.99147118	      0.61205556	    -20.67850796	      0.00000000	      7.84122779	     -4.83784461	     -3.78760996	     22.17164786	     -3.75198859	    -29.12840118	      0.00000000	    -11.76237643	      3.86998379	     -0.25430425	      4.80597049	     -9.71006780	      5.12197465	     29.05600735	     73.44873838	      3.95717882	     -3.63904499	     -3.95728558	     20.70979026	     67.71112501
      5.85000000	     10.16145368	     -1.05741414	      4.10222307	      1.81120006	      1.07911204	     -0.11932717	     -4.20469329	      5.15200198	    -10.42419403	      4.70534323	      1.10432190	    -19.47708777	      0.00000000	      7.61349656	     -4.21821279	     -4.78415257	     18.52266354	     -3.05864437	    -26.21324333	      0.00000000	    -12.32706537	      3.48731277	      0.51526046	      5.74313335	    -10.16694560	      4.89093727	     30.48859146	     73.65734736	      3.77677900	     -3.55566347	     -4.07540368	     19.54901270	     67.33439310
      5.86666670	     10.37104126	     -0.76710601	      3.88770368	      1.81922485	      1.07893731	     -0.11961115	     -4.95183899	      4.72058462	    -10.67325117	      4.52824827	      1.72610882	    -18.34879371	      0.00000000	      7.47993870	     -3.67063761	     -5.63420420	     15.44173367	     -2.19217634	    -23.27481638	      0.00000000	    -12.91683570	      3.15236690	      1.20033477	      6.62027132	    -10.55460749	      4.55340095	     31.79917453	     73.91170796	      3.64051841	     -3.50984403	     -4.21894116	     18.47625384	     66.89590516
      5.88333330	     10.67804643	     -0.47616071	      3.73151171	      1.82799229	      1.07579818	     -0.12042184	     -5.76539134	      4.26555309	    -10.77002238	      4.45257870	      2.34244829	    -17.56406926	      0.00000000	      7.32229443	     -3.09202915	     -6.28895166	     12.91114091	     -1.41987102	    -20.48669029	      0.00000000	    -13.61028454	      2.76779516	      1.68840229	      7.56179832	    -10.88330776	      4.14249032	     32.90866406	     74.17874055	      3.56527831	     -3.51950830	     -4.37412448	     17.42403769	     66.43032849
      5.90000000	     10.93366806	     -0.17828275	      3.52341402	      1.83621842	      1.07236430	     -0.12079033	     -6.49449003	      3.78404314	    -10.79957206	      4.47602064	      2.87545080	    -17.22332274	      0.00000000	      7.20746024	     -2.49742546	     -6.81229291	     10.84898535	     -0.80132307	    -17.89472945	      0.00000000	    -14.24041369	      2.40132993	      2.14541629	      8.50685915	    -11.14900622	      3.74109946	     33.76582570	     74.43188365	      3.48375821	     -3.54590432	     -4.52803155	     16.40495387	     65.96480497
      5.91666670	     11.11134422	      0.13668771	      3.42126025	      1.84576667	      1.07093415	     -0.12196072	     -7.23894257	      3.28044968	    -10.82327797	      4.52754768	      3.21437853	    -17.13217758	      0.00000000	      7.04962730	     -1.86385935	     -7.03363714	      9.12981096	     -0.42254133	    -15.46746018	      0.00000000	    -14.59701483	      1.94491880	      2.49203436	      9.23958331	    -11.32056115	      3.33074982	     34.43515715	     74.66141531	      3.39560017	     -3.61388927	     -4.66921951	     15.40592406	     65.48937102
      5.93333330	     10.90088089	      0.31687474	      3.40056754	      1.85344314	      1.07084663	     -0.12229224	     -7.54374427	      2.96679383	    -10.61560286	      4.59203938	      3.54901890	    -17.22654671	      0.00000000	      7.27484878	     -1.33152039	     -6.36361638	      7.84161992	     -0.68247572	    -14.60586594	      0.00000000	    -14.45406609	      1.63514386	      2.79896217	      9.82103607	    -11.57621370	      3.20055293	     34.71695310	     74.68569838	      3.08055647	     -3.73177821	     -4.70272501	     15.12629956	     65.41789424
      5.95000000	     10.73798218	      0.66251192	      3.40715129	      1.86174561	      1.07138452	     -0.12391062	     -7.95649393	      2.54780931	    -10.34900259	      4.64186768	      4.15575201	    -17.38216253	      0.00000000	      7.30653142	     -0.69525718	     -5.99427550	      6.90306998	     -1.27348338	    -13.45328816	      0.00000000	    -14.30653041	      1.03628857	      2.94562424	     10.18697205	    -11.59200878	      3.09675305	     35.03173958	     74.71285307	      2.77915165	     -3.97201960	     -4.75792682	     14.68711260	     65.32264353
      5.96666670	     10.63903327	      1.05085894	      3.42813666	      1.87148582	      1.07133236	     -0.12593468	     -8.48930905	      2.11518782	    -10.10065878	      4.76760030	      4.96250369	    -17.53894723	      0.00000000	      7.15792637	     -0.06927977	     -5.92179574	      6.43487234	     -1.85867300	    -12.33723388	      0.00000000	    -14.14120157	      0.37394912	      3.04051258	     10.30512092	    -11.48926262	      2.99538494	     35.29503946	     74.73661747	      2.44983064	     -4.25521609	     -4.81628185	     14.16542513	     65.21238291
      5.98333330	     10.89841753	      1.43688980	      3.27077214	      1.88014130	      1.07179418	     -0.12677008	     -9.37288362	      1.69460885	    -10.09255000	      5.02191133	      6.30279355	    -16.53410485	      0.00000000	      6.50022820	      0.36878895	     -7.04588101	      6.26379709	     -1.63321205	     -9.63746362	      0.00000000	    -14.34517870	     -0.31359760	      3.57486760	     10.18666213	    -11.26159996	      2.23773498	     35.86799822	     74.84434412	      2.86514311	     -4.45835886	     -4.79590286	     12.79499037	     64.58826129
      6.00000000	     10.72713739	      1.72270089	      3.50011065	      1.88887375	      1.07134816	     -0.12832848	     -9.76336746	      1.42911224	     -9.97066023	      5.32422917	      6.88938192	    -16.72164296	      0.00000000	      6.30891958	      0.80235961	     -6.73044918	      6.38809513	     -2.29196683	     -9.20975139	      0.00000000	    -13.92006404	     -0.83622598	      3.61937105	      9.92401893	    -11.11662112	      2.16414854	     35.94178219	     74.86512888	      2.63569917	     -4.77823967	     -4.76267144	     12.67660726	     64.50440009
      6.01666670	     10.58084360	      1.98318866	      3.69521378	      1.89699723	      1.07096168	     -0.13012034	    -10.05052726	      1.15960973	     -9.70088108	      5.80727562	      7.51991118	    -16.82968132	      0.00000000	      6.06284827	      1.18693316	     -6.59183793	      6.69044246	     -2.90272325	     -8.98111591	      0.00000000	    -13.56088382	     -1.33490158	      3.65130639	      9.62985127	    -10.88910978	      2.07937451	     36.01859981	     74.88055102	      2.47526938	     -5.10253086	     -4.70134234	     12.56153615	     64.42173011
      6.03333330	     10.43951825	      2.25174509	      3.90409016	      1.90536888	      1.07098426	     -0.13184079	    -10.27451139	      0.86194527	     -9.36796016	      6.42270806	      8.16542982	    -16.94449614	      0.00000000	      5.83524147	      1.61056685	     -6.54564134	      7.00910885	     -3.31539059	     -8.97529707	      0.00000000	    -13.25185853	     -1.84980474	      3.64246664	      9.22109767	    -10.61358137	      1.99783126	     36.03886826	     74.89235245	      2.39727864	     -5.42117891	     -4.60889524	     12.51175711	     64.34863227
      6.05000000	     10.31683316	      2.54219562	      4.12597026	      1.91615588	      1.07246264	     -0.13530629	    -10.47202853	      0.45707502	     -9.02441857	      7.25197950	      8.78104899	    -17.13894091	      0.00000000	      5.42672133	      2.12633466	     -6.43105352	      7.16556388	     -3.51082307	     -9.00270123	      0.00000000	    -12.87790249	     -2.32760301	      3.57784384	      8.66691452	    -10.31815919	      1.92973964	     35.96459606	     74.90092373	      2.29912777	     -5.67077932	     -4.49716285	     12.50815970	     64.29240258
      6.06666670	     10.19948165	      2.82374601	      4.32146522	      1.92487047	      1.07553088	     -0.13767231	    -10.51461878	     -0.00077641	     -8.72497037	      8.38226801	      9.17283439	    -17.42867260	      0.00000000	      4.92279554	      2.64694993	     -6.41725703	      7.09492834	     -3.65828272	     -9.06038997	      0.00000000	    -12.58968021	     -2.80302480	      3.48485490	      8.05868730	     -9.98186960	      1.85559812	     35.80282074	     74.90999198	      2.28800279	     -5.89518010	     -4.34076025	     12.59162230	     64.24608958
      6.08333330	     10.16451885	      3.03111957	      4.49478995	      1.93290970	      1.07779943	     -0.14037057	    -10.34810600	     -0.40827009	     -8.29615562	      9.91689521	      9.49978550	    -18.04313337	      0.00000000	      4.28985699	      3.06217136	     -6.30459751	      6.96835593	     -3.58911192	     -9.06429790	      0.00000000	    -12.43849957	     -3.17315899	      3.38861105	      7.42566639	     -9.63583672	      1.75417624	     35.49001424	     74.92392430	      2.34910937	     -6.07006699	     -4.10357760	     12.77140726	     64.20620034
      6.10000000	     10.14163590	      3.11485686	      4.48806075	      1.94117956	      1.07866928	     -0.14309141	     -9.83221517	     -0.71782631	     -7.19637744	     12.05782676	      8.68250745	    -20.42132654	      0.00000000	      3.59408461	      3.29777285	     -6.49242380	      6.79671681	     -3.33287039	     -8.89560563	      0.00000000	    -12.20176179	     -3.48559605	      3.44048878	      6.93870000	     -9.10618338	      1.26194528	     34.62616786	     75.01892267	      2.31104915	     -6.29329704	     -3.08402066	     13.26114629	     64.07899952
      6.11666670	     10.37862789	      3.31027275	      4.68437932	      1.94936781	      1.07870285	     -0.14648710	     -9.26826003	     -1.21252973	     -7.11586551	     14.80988986	      8.65288768	    -21.38441884	      0.00000000	      2.73223382	      3.66635300	     -6.20828684	      6.78204917	     -2.64865715	     -8.88703913	      0.00000000	    -12.40060512	     -3.84290183	      3.11781518	      6.37143664	     -8.74116951	      1.31990101	     34.26878203	     75.07632058	      2.53959737	     -6.41349960	     -2.89010789	     13.37692822	     64.03108821
      6.13333330	     10.37023847	      3.38302420	      4.68782151	      1.95720116	      1.07887671	     -0.14915954	     -8.10220459	     -1.57429270	     -6.20251281	     17.97683620	      7.41205651	    -24.32144071	      0.00000000	      1.98448328	      3.87093377	     -6.46636567	      6.51158356	     -1.86736325	     -8.45019797	      0.00000000	    -12.11162750	     -4.02861923	      2.91114655	      5.96370148	     -8.22839227	      1.34955538	     33.12710985	     75.26657265	      2.54317107	     -6.59255093	     -2.26354661	     13.83274917	     63.90742926
      6.15000000	     10.60750401	      3.58184748	      4.92477041	      1.96490998	      1.08073438	     -0.15258374	     -7.12635868	     -2.15273168	     -6.14274100	     21.20900328	      6.77814360	    -25.22728128	      0.00000000	      0.95969169	      4.23558126	     -6.03145992	      6.24921214	     -1.05564060	     -8.22768919	      0.00000000	    -12.23632283	     -4.29236986	      2.50060041	      5.37484271	     -7.91606648	      1.45497073	     32.61886602	     75.34395580	      2.73063475	     -6.61315400	     -2.09912352	     14.04123386	     63.86357746
      6.16666670	     10.39871433	      3.50586021	      5.01557793	      1.97041348	      1.08303261	     -0.15486413	     -5.48808369	     -2.35609193	     -5.29260099	     24.05157934	      4.92209331	    -27.96608627	      0.00000000	      0.35959593	      4.31278784	     -6.38256699	      5.67240340	     -0.03442769	     -7.19229450	      0.00000000	    -11.68798208	     -4.19131953	      2.05689738	      5.06676741	     -7.52556724	      1.68304526	     31.21057064	     75.61269535	      2.58801887	     -6.66328201	     -1.57633813	     14.78267651	     63.76494513
      6.18333330	     10.58070427	      3.49448833	      5.29158163	      1.97394702	      1.08700558	     -0.15674017	     -4.29832769	     -2.66588242	     -5.19128367	     26.29646310	      4.27115802	    -28.49458108	      0.00000000	     -0.70329312	      4.46741825	     -6.08235483	      4.84261227	      0.58929706	     -6.89196133	      0.00000000	    -11.92199956	     -4.15561841	      1.49334353	      4.56459775	     -7.23878141	      1.84625025	     30.74709848	     75.70122044	      2.98888656	     -6.64258769	     -1.45376936	     15.07531045	     63.74644793
      6.20000000	     10.47854450	      3.19746687	      5.42534065	      1.97681089	      1.08986718	     -0.15750961	     -2.84769695	     -2.55707889	     -4.64221384	     27.57636613	      2.12602556	    -30.75302072	      0.00000000	     -1.30896625	      4.25056436	     -6.60683410	      4.06278804	      1.20208561	     -5.70010739	      0.00000000	    -11.79814142	     -3.81718752	      0.81260485	      4.56824025	     -6.92380025	      2.35414940	     29.33165426	     76.04701501	      3.06019005	     -6.70057464	     -0.95074835	     16.05123889	     63.76725240
      6.21666670	     10.54856719	      2.87630549	      5.53882896	      1.98115123	      1.09021774	     -0.15929523	     -1.74935434	     -2.52922336	     -4.74096810	     28.01824708	      1.72593024	    -30.70691556	      0.00000000	     -2.04948154	      4.00125207	     -6.58543890	      3.25668973	      1.39123748	     -5.59606488	      0.00000000	    -12.01664989	     -3.41262631	      0.31298538	      4.12872885	     -6.70595515	      2.45143530	     29.09528409	     76.07713017	      3.61616467	     -6.59642269	     -0.90549096	     16.31696259	     63.77720597
      6.23333330	     10.69992366	      2.53939471	      5.64183550	      1.98679950	      1.09044057	     -0.16060651	     -1.13237461	     -2.31662356	     -4.55643300	     27.32125206	     -0.15730587	    -32.30196614	      0.00000000	     -2.89332526	      3.69194957	     -7.03703508	      2.53300669	      1.97087305	     -4.27920277	      0.00000000	    -12.27569637	     -2.93805067	     -0.45145426	      4.19889087	     -6.54234416	      3.09486221	     27.66074414	     76.46021817	      3.67748609	     -6.62721764	     -0.42665551	     17.62631553	     63.91525938
      6.25000000	     10.56330076	      2.41516234	      5.58795477	      1.99154289	      1.09008389	     -0.16120565	     -0.26813447	     -2.37674397	     -4.51393775	     26.27995054	     -0.09439354	    -32.32566227	      0.00000000	     -3.30444911	      3.63953794	     -7.21979863	      2.03466478	      2.14673927	     -4.35539848	      0.00000000	    -12.45828628	     -2.75490134	     -0.95942512	      3.76331626	     -6.37957225	      3.15533550	     27.48087826	     76.47471773	      4.24492840	     -6.54640140	     -0.40447760	     17.86437818	     63.92538474
      6.26666670	     10.77627884	      1.91205495	      5.60060363	      1.99765899	      1.09155702	     -0.16161296	     -0.54879969	     -1.79563899	     -4.62483725	     23.69501236	     -0.11777547	    -31.99264713	      0.00000000	     -4.26853783	      3.07532229	     -7.55653346	      1.30483177	      2.58987052	     -3.27817688	      0.00000000	    -12.44227754	     -2.15179211	     -1.54934277	      3.60406761	     -6.23627365	      3.74586753	     26.24172171	     76.83655122	      4.12302492	     -6.56103405	     -0.06288464	     19.29130602	     64.11393029
      6.28333330	     10.53377297	      1.62114487	      5.50501187	      2.00239306	      1.09204134	     -0.16081824	     -0.31647904	     -1.36190962	     -4.43731259	     21.04911504	      0.23885927	    -31.71583452	      0.00000000	     -4.55754078	      2.75070566	     -7.68282796	      0.85182389	      2.69816355	     -3.20136358	      0.00000000	    -12.19119053	     -1.88991145	     -1.89946351	      3.00831012	     -6.04892340	      3.87991158	     25.89448188	     76.89850496	      4.44048400	     -6.54537805	     -0.02139289	     19.68434917	     64.15064114
      6.30000000	     10.85268326	      1.39571850	      5.51745211	      2.00707997	      1.09308736	     -0.16108484	     -0.98149327	     -0.99855241	     -4.87799642	     18.00289990	      1.57210444	    -29.12314892	      0.00000000	     -5.38298624	      2.42501694	     -8.07670524	      0.48251589	      3.06168110	     -2.47642977	      0.00000000	    -12.67786817	     -1.50460711	     -2.42966021	      3.03717814	     -5.92237617	      4.25230867	     24.74949963	     77.19550383	      4.58161830	     -6.59604466	      0.33902005	     21.25892882	     64.42229121
      6.31666670	     10.79903148	      1.24768256	      5.56537945	      2.01278658	      1.09330478	     -0.16042630	     -1.39446875	     -0.66779935	     -5.24134928	     14.97660944	      2.95685268	    -26.32430428	      0.00000000	     -5.78578053	      2.19012432	     -8.37195229	      0.18135370	      3.23526688	     -2.13032543	      0.00000000	    -12.55575984	     -1.29961054	     -2.91466976	      2.68771799	     -5.77084605	      4.54765890	     23.97164378	     77.47374879	      4.65998957	     -6.62772827	      0.59087875	     22.15846890	     64.69418243
      6.33333330	     10.73708731	      1.13214536	      5.60466952	      2.01781109	      1.09207782	     -0.16005008	     -1.86203819	     -0.35811987	     -5.50944460	     12.19496182	      3.69963040	    -24.01087187	      0.00000000	     -6.09654033	      1.98757148	     -8.69909729	      0.00000000	      3.43128365	     -1.93139014	      0.00000000	    -12.31918910	     -1.15992688	     -3.21572535	      2.24481236	     -5.61001818	      4.64996854	     23.25794984	     77.64492487	      4.85204193	     -6.65653980	      0.81350865	     22.93617660	     64.93460032
      6.35000000	     10.56050622	      1.23771426	      5.56332358	      2.02207909	      1.09057144	     -0.15920764	     -2.19833407	     -0.26262669	     -5.14286619	      9.83589757	      3.63899338	    -23.10555084	      0.00000000	     -6.20921744	      2.04812669	     -8.85947376	      0.00000000	      3.50571237	     -1.93149656	      0.00000000	    -11.84470418	     -1.24551111	     -3.43906932	      1.63691240	     -5.43923582	      4.68882379	     22.93878874	     77.67605708	      4.97427638	     -6.64100935	      0.87884312	     23.22916091	     64.98981132
      6.36666670	     10.73006099	      1.26668136	      5.68998714	      2.02607856	      1.08987260	     -0.15945257	     -2.90568120	     -0.22472402	     -6.37799920	      8.04161205	      4.98569887	    -19.04322697	      0.00000000	     -6.63682078	      2.00274850	     -9.34872761	      0.00000000	      3.96664165	     -1.02605458	      0.00000000	    -11.96259893	     -1.15862058	     -3.72842851	      1.49852482	     -5.30173961	      4.58058853	     21.72685681	     77.84036120	      4.92404284	     -6.70742499	      1.53792896	     24.67052119	     65.45158258
      6.38333330	     10.54987731	      1.30219067	      5.60583397	      2.02980993	      1.08864996	     -0.15878492	     -3.16947716	     -0.16424440	     -6.27779546	      6.74582741	      4.65058136	    -18.46864359	      0.00000000	     -6.66259738	      2.02586077	     -9.59100594	      0.00000000	      4.01225633	     -1.09164432	      0.00000000	    -11.62578839	     -1.18118996	     -3.89642907	      1.09522169	     -5.30498761	      4.58979983	     21.53520924	     77.86225875	      5.04611647	     -6.57220083	      1.59777450	     24.86912831	     65.49474376
      6.40000000	     10.49049092	      1.25821354	      5.48766199	      2.03395374	      1.08701714	     -0.15867985	     -3.61692697	     -0.07781620	     -6.59748462	      5.87028155	      4.09880454	    -17.61108256	      0.00000000	     -6.84723959	      1.98198372	     -9.80515056	      0.00000000	      4.15490868	     -1.00115554	      0.00000000	    -11.28422958	     -0.91498156	     -3.78519519	      0.61617714	     -5.32440267	      4.59027089	     21.13594764	     77.89533188	      5.02540907	     -6.44153313	      1.71661709	     25.24352406	     65.57613378
      6.41666670	     10.71988405	      1.26779698	      5.39017579	      2.03660033	      1.08551556	     -0.15779527	     -4.22585840	     -0.06300770	     -7.45346349	      5.58589773	      4.79065648	    -15.61871164	      0.00000000	     -7.29605363	      1.95006692	    -10.34279314	      0.00000000	      4.65757241	     -0.22500360	      0.00000000	    -11.55699537	     -0.78350853	     -3.71859764	      0.58255106	     -5.35625471	      4.46119084	     20.27036135	     78.03369183	      5.01318505	     -6.41352605	      2.29095383	     26.41922154	     65.99038060
      6.43333330	     10.63171834	      1.22297946	      5.23570845	      2.03963012	      1.08496897	     -0.15679973	     -4.57998251	      0.04396970	     -7.44857856	      5.23943503	      4.73110142	    -15.40246372	      0.00000000	     -7.38880331	      1.89032035	    -10.51540065	      0.00000000	      4.85617450	     -0.33377881	      0.00000000	    -11.31931231	     -0.61745776	     -3.79934055	      0.28707261	     -5.42453612	      4.45252999	     20.11645147	     78.05233381	      4.93868788	     -6.27582269	      2.34997335	     26.49636054	     66.03401177
      6.45000000	     10.56734942	      1.14838812	      5.07887805	      2.04304229	      1.08612786	     -0.15660807	     -4.99820843	      0.16961119	     -7.46237334	      4.87886387	      4.63805093	    -15.03170143	      0.00000000	     -7.49132840	      1.80297884	    -10.62620934	      0.00000000	      5.09231827	     -0.35356527	      0.00000000	    -11.11396618	     -0.36584688	     -3.70908423	      0.09384033	     -5.54974296	      4.43415437	     19.88975308	     78.07753924	      4.88042257	     -6.08257755	      2.43548624	     26.65320637	     66.09720919
      6.46666670	     10.47069745	      1.16749473	      4.96378752	      2.04612297	      1.08899647	     -0.15548122	     -5.36048784	      0.19753715	     -7.43546393	      4.53919547	      4.59670478	    -14.77192932	      0.00000000	     -7.54690622	      1.80303739	    -10.73311298	      0.00000000	      5.17525590	     -0.34794228	      0.00000000	    -10.93295281	     -0.20517912	     -3.69296378	      0.00790851	     -5.66153457	      4.41604867	     19.75684075	     78.09044548	      4.87499309	     -5.88834866	      2.50019853	     26.75577700	     66.13653983
      6.48333330	     10.62920403	      1.09930273	      4.83329376	      2.04958499	      1.09091077	     -0.15554352	     -6.06192249	      0.31322301	     -7.85925924	      4.07801704	      4.74765818	    -13.32340006	      0.00000000	     -7.87865170	      1.69551398	    -11.04307888	      0.00000000	      5.51215751	      0.22249715	      0.00000000	    -11.08556786	      0.00644566	     -3.48031274	      0.02737729	     -5.77920188	      4.33070255	     19.14360415	     78.21072575	      4.86710395	     -5.71997869	      2.80273021	     26.95918683	     66.44119512
      6.50000000	     10.47789638	      1.13691454	      4.66748286	      2.05163318	      1.09208049	     -0.15316258	     -6.38470626	      0.34543807	     -7.78679191	      3.61393455	      4.74625905	    -13.18427231	      0.00000000	     -7.85919068	      1.71632412	    -11.06330915	      0.00000000	      5.52010695	      0.21788680	      0.00000000	    -10.91047393	      0.00898200	     -3.43598498	      0.09707117	     -5.85223227	      4.31453427	     19.16529742	     78.21850194	      4.71791937	     -5.60605941	      2.84078075	     26.91730737	     66.46454940
      6.51666670	     10.42249127	      1.08640487	      4.51827907	      2.05372006	      1.09159057	     -0.15188813	     -6.86529527	      0.50912346	     -7.60991924	      2.99188060	      4.44325983	    -12.66049690	      0.00000000	     -7.94822959	      1.62949975	    -11.23642956	      0.00000000	      5.56103096	      0.16520767	      0.00000000	    -10.67849885	      0.10568182	     -3.45296430	      0.01205748	     -5.94565597	      4.29075116	     19.11064900	     78.24024905	      4.54477209	     -5.50341057	      2.90048570	     26.82149611	     66.52224688
      6.53333330	     10.37327630	      1.09219047	      4.33524242	      2.05519758	      1.09114165	     -0.15059694	     -7.22627090	      0.57937038	     -7.62518021	      2.53697903	      4.25875003	    -12.26923719	      0.00000000	     -8.03686436	      1.61813794	    -11.42323528	      0.00000000	      5.60812747	      0.09050142	      0.00000000	    -10.61059507	      0.14309795	     -3.40524487	      0.16356504	     -6.08237324	      4.25947462	     19.12721864	     78.26061671	      4.47808466	     -5.37384993	      2.96116421	     26.71573390	     66.58018220
      6.55000000	     10.37204729	      1.08666835	      4.15775515	      2.05809696	      1.09080742	     -0.15031289	     -7.60955625	      0.65378739	     -7.65564417	      2.13396477	      4.11241187	    -11.89774838	      0.00000000	     -8.18577396	      1.58675151	    -11.57629813	      0.00000000	      5.66768152	      0.00119019	      0.00000000	    -10.54801473	      0.18157471	     -3.36126408	      0.32359413	     -6.21967386	      4.22467443	     19.18655189	     78.27908982	      4.37252099	     -5.25279730	      3.02223296	     26.55953683	     66.63814940
      6.56666670	     10.28978770	      1.08371255	      4.01157531	      2.05952107	      1.08922458	     -0.14896507	     -7.73121331	      0.71765388	     -7.72005769	      1.99529013	      4.12737700	    -11.87026798	      0.00000000	     -8.21130518	      1.55182977	    -11.57300407	      0.00000000	      5.70068788	     -0.01674960	      0.00000000	    -10.50033810	      0.11470949	     -3.29544014	      0.52089929	     -6.28978775	      4.20920200	     19.26491652	     78.28054695	      4.34565762	     -5.20423954	      3.03923410	     26.52851430	     66.64806908
      6.58333330	     10.21757733	      1.09714421	      3.90756083	      2.06060820	      1.08784811	     -0.14755633	     -7.89854568	      0.77639173	     -7.73802255	      1.78345516	      4.13051087	    -11.78728433	      0.00000000	     -8.24715713	      1.53531824	    -11.62050854	      0.00000000	      5.78649578	     -0.08751578	      0.00000000	    -10.41831844	      0.09033892	     -3.19828790	      0.80421247	     -6.40369777	      4.18526816	     19.39270597	     78.28108475	      4.26936130	     -5.14625109	      3.06323669	     26.46406008	     66.66083908
      6.60000000	     10.15405198	      1.07436949	      3.72750567	      2.06164710	      1.08755470	     -0.14582542	     -8.03485165	      0.87467622	     -7.72040157	      1.56271796	      4.13615063	    -11.67155113	      0.00000000	     -8.28509781	      1.48533929	    -11.67535685	      0.00000000	      5.90984180	     -0.18319385	      0.00000000	    -10.37029301	      0.06538668	     -3.14764391	      1.07355434	     -6.50943188	      4.16154701	     19.54298173	     78.28119598	      4.20237542	     -5.09900856	      3.09053565	     26.38401899	     66.67512527
      6.61666670	     10.18690389	      0.97687975	      3.51392055	      2.06258724	      1.08806908	     -0.14479523	     -8.31234258	      1.03328433	     -7.39566099	      1.22479494	      4.13405366	    -11.09810497	      0.00000000	     -8.41731021	      1.37377036	    -11.93032356	      0.00000000	      6.31066324	     -0.53305474	      0.00000000	    -10.45815649	      0.34130958	     -3.25644507	      1.42359032	     -6.67795813	      4.12204035	     19.99750206	     78.28799793	      4.05847584	     -5.04769895	      3.18373871	     26.06200521	     66.73515941
      6.63333330	     10.13594421	      0.96867398	      3.49996300	      2.06385032	      1.08900453	     -0.14442585	     -8.36569861	      1.09700657	     -7.44981938	      1.15001742	      4.17372839	    -11.08369699	      0.00000000	     -8.43721053	      1.31823242	    -11.90735134	      0.00000000	      6.31735052	     -0.53171460	      0.00000000	    -10.41640184	      0.25056028	     -3.13967663	      1.68460923	     -6.72502979	      4.11159991	     20.13253543	     78.28884245	      4.03428952	     -5.03047702	      3.19734391	     26.02662736	     66.74252733
      6.65000000	     10.06178255	      0.97433048	      3.46724305	      2.06502672	      1.08886619	     -0.14356265	     -8.42096247	      1.13337184	     -7.49615150	      0.98280538	      4.22113413	    -11.05051508	      0.00000000	     -8.42385860	      1.29055919	    -11.91998780	      0.00000000	      6.36338869	     -0.56149441	      0.00000000	    -10.39564767	      0.21922836	     -3.03301106	      2.00276431	     -6.79361804	      4.09707140	     20.31077674	     78.28894106	      4.03050799	     -5.00830998	      3.21684864	     25.98291272	     66.75208260
      6.66666670	     10.30382066	      0.93494642	      3.46497501	      2.06527179	      1.08748063	     -0.14282387	     -8.85768563	      1.23482841	     -7.84844471	      0.71572953	      4.81283735	     -9.94132645	      0.00000000	     -8.73972051	      1.20305824	    -11.95154047	      0.00000000	      6.62406321	     -0.68990720	      0.00000000	    -10.92952607	      0.40301449	     -3.21024834	      1.94762487	     -7.11171351	      4.08397308	     22.19083886	     78.32627016	      4.32645153	     -4.99194060	      3.66522600	     25.22094381	     67.01634684
      6.68333330	     10.25326468	      0.95036436	      3.53916514	      2.06629031	      1.08645534	     -0.14246073	     -8.87720170	      1.27678532	     -7.86073011	      0.68075600	      4.82386867	     -9.93555701	      0.00000000	     -8.72005925	      1.16774876	    -11.96278896	      0.00000000	      6.66586902	     -0.70631508	      0.00000000	    -10.90460680	      0.34295176	     -3.09030671	      2.13965317	     -7.14900979	      4.07100677	     22.26619785	     78.32523889	      4.30138644	     -4.98832462	      3.67457430	     25.21185108	     67.02092332
      6.70000000	     10.17693719	      0.95280616	      3.56096899	      2.06767096	      1.08696977	     -0.14251884	     -8.88320746	      1.33269686	     -7.89570709	      0.58999048	      4.85643106	     -9.94012576	      0.00000000	     -8.67619585	      1.12923807	    -11.96554102	      0.00000000	      6.74399434	     -0.72294600	      0.00000000	    -10.88447356	      0.27429363	     -2.95493623	      2.41472306	     -7.21730190	      4.04965798	     22.38847175	     78.32298424	      4.28277510	     -4.97922398	      3.68971618	     25.19999571	     67.02749443
      6.71666670	     10.10203422	      0.96626932	      3.58403756	      2.06724512	      1.08722740	     -0.14179293	     -8.88228630	      1.36249467	     -7.92173043	      0.50233930	      4.88871417	     -9.93845763	      0.00000000	     -8.62132313	      1.10748965	    -11.97885676	      0.00000000	      6.82918253	     -0.73892655	      0.00000000	    -10.86577649	      0.25271929	     -2.84405588	      2.67330683	     -7.27545197	      4.03057033	     22.52266701	     78.32074691	      4.28548525	     -4.98759060	      3.70259518	     25.19139108	     67.03399233
      6.73333330	      9.93882320	      0.92873339	      3.48837233	      2.06580264	      1.08589405	     -0.14059877	     -8.69476575	      1.41617813	     -7.89632089	      0.47507811	      4.94905543	     -9.82697299	      0.00000000	     -8.43958955	      1.05788520	    -12.10090517	      0.00000000	      7.22013047	     -0.77731853	      0.00000000	    -10.96062246	      0.33953803	     -2.83844990	      2.99851967	     -7.38494259	      3.98276847	     23.03132070	     78.31185801	      4.37941002	     -5.04419833	      3.79483759	     25.16570456	     67.07887273
      6.75000000	      9.90543495	      0.93690179	      3.54293316	      2.06699173	      1.08531636	     -0.14074021	     -8.70944603	      1.44083004	     -7.93785702	      0.43263977	      4.96858818	     -9.83888903	      0.00000000	     -8.42856832	      1.02021871	    -12.10801968	      0.00000000	      7.22296239	     -0.76493158	      0.00000000	    -10.93300844	      0.30484025	     -2.71918509	      3.15756816	     -7.38401289	      3.97910924	     23.13229602	     78.31179338	      4.33701774	     -5.08043983	      3.79954917	     25.14657685	     67.08233789
      6.76666670	      9.83212287	      0.92622295	      3.52160174	      2.06719340	      1.08556913	     -0.14050497	     -8.69761327	      1.47710320	     -8.03521098	      0.30316807	      4.99514816	     -9.86510627	      0.00000000	     -8.36973115	      0.98194054	    -12.13296925	      0.00000000	      7.23558598	     -0.75433337	      0.00000000	    -10.93104444	      0.27926123	     -2.58020219	      3.39425979	     -7.38639834	      3.97507303	     23.28666459	     78.31191121	      4.34022032	     -5.15547265	      3.80199571	     25.13548073	     67.08695436
      6.78333330	      9.75675324	      0.91888117	      3.53993295	      2.06750670	      1.08742453	     -0.14041096	     -8.67176228	      1.50081103	     -8.10932314	      0.19020364	      4.98548486	     -9.86315129	      0.00000000	     -8.30122039	      0.95301989	    -12.19069068	      0.00000000	      7.23033000	     -0.74790842	      0.00000000	    -10.95779245	      0.29189860	     -2.47937077	      3.57627820	     -7.38342306	      3.97565992	     23.43425510	     78.31265114	      4.36194631	     -5.23123710	      3.80534786	     25.12919979	     67.09197337
      6.80000000	      9.73252910	      0.91853336	      3.54433405	      2.06799655	      1.08846370	     -0.14053847	     -8.66017086	      1.49853618	     -8.11432647	      0.17641548	      4.98212571	     -9.86097708	      0.00000000	     -8.31724264	      0.94458581	    -12.19559669	      0.00000000	      7.22744593	     -0.74664084	      0.00000000	    -10.96185975	      0.29299434	     -2.47198907	      3.59161573	     -7.38314464	      3.97591380	     23.44730203	     78.31276728	      4.36542652	     -5.23781546	      3.80563513	     25.12905134	     67.09240451
      6.81666670	      9.64626034	      0.90333962	      3.59203790	      2.06784787	      1.08805701	     -0.13976975	     -8.64811964	      1.54694369	     -8.19714674	      0.00000000	      4.93748862	     -9.83407788	      0.00000000	     -8.21917878	      0.90205671	    -12.25782386	      0.00000000	      7.18317167	     -0.72811572	      0.00000000	    -10.99879741	      0.30707226	     -2.30749244	      3.84825766	     -7.36130842	      3.98263820	     23.62520336	     78.31526922	      4.36753178	     -5.35930193	      3.79999033	     25.10949670	     67.09542116
      6.83333330	      9.54493537	      0.80092866	      3.50863039	      2.06787946	      1.08801001	     -0.13962580	     -8.50105086	      1.65122347	     -8.65989265	      0.00000000	      4.92195134	     -9.01691906	      0.00000000	     -8.11339715	      0.77825161	    -12.77946948	      0.00000000	      7.03666699	     -0.12671820	      0.00000000	    -11.18929750	      0.41216140	     -2.18075226	      3.29546655	     -7.66517244	      4.24102677	     25.80491922	     78.37789735	      4.46881678	     -5.55501909	      4.23171280	     25.15777373	     67.27053309
      6.85000000	      9.51757472	      0.81066218	      3.51784025	      2.06873716	      1.08806571	     -0.13947043	     -8.51063211	      1.64814596	     -8.66301657	      0.00000000	      4.92045482	     -9.01492638	      0.00000000	     -8.11922594	      0.76746049	    -12.78171053	      0.00000000	      7.03552839	     -0.12712873	      0.00000000	    -11.19395740	      0.41694254	     -2.16235564	      3.31467720	     -7.66073562	      4.24140788	     25.81213048	     78.37799034	      4.46654849	     -5.56180885	      4.23161298	     25.15561579	     67.27078904
      6.86666670	      9.47360744	      0.81172562	      3.58407852	      2.06999596	      1.08859952	     -0.14014654	     -8.51532921	      1.64620399	     -8.70769222	      0.00000000	      4.91102747	     -9.00424937	      0.00000000	     -8.08797938	      0.75180067	    -12.80897687	      0.00000000	      7.01830661	     -0.12861854	      0.00000000	    -11.22440191	      0.44050834	     -2.01378255	      3.43095606	     -7.62462351	      4.24733523	     25.86071931	     78.37945601	      4.40560751	     -5.63848980	      4.22492748	     25.12205937	     67.27096464
      6.88333330	      9.41089402	      0.78352214	      3.55038612	      2.07019009	      1.08842310	     -0.13955734	     -8.47915835	      1.66831548	     -8.81093344	      0.00000000	      4.89602188	     -8.97266612	      0.00000000	     -8.04949802	      0.70927823	    -12.85859389	      0.00000000	      6.96803720	     -0.12082252	      0.00000000	    -11.28588253	      0.44289230	     -1.85428513	      3.52076521	     -7.59383266	      4.25711395	     25.91258301	     78.38223323	      4.34096382	     -5.75629037	      4.21612362	     25.07546044	     67.27200144
      6.90000000	      9.37813442	      0.77798064	      3.55358166	      2.07068076	      1.08834647	     -0.13978795	     -8.49598473	      1.65766206	     -8.81487649	      0.00000000	      4.89442489	     -8.96893148	      0.00000000	     -8.05492227	      0.69964440	    -12.86328246	      0.00000000	      6.96413449	     -0.12038342	      0.00000000	    -11.29027127	      0.44307454	     -1.84659297	      3.52388487	     -7.59190243	      4.25795266	     25.91506464	     78.38246736	      4.33914659	     -5.76192043	      4.21571554	     25.07329938	     67.27208359
      6.91666670	      9.29169679	      0.74962485	      3.52347258	      2.07000273	      1.08751820	     -0.13904362	     -8.39814362	      1.69863775	     -8.96044709	      0.00000000	      4.89168221	     -8.83852064	      0.00000000	     -7.98494538	      0.65413819	    -12.96880621	      0.00000000	      6.86660059	     -0.06884991	      0.00000000	    -11.35670313	      0.42670463	     -1.64331986	      3.52922637	     -7.53232521	      4.29148052	     25.97237288	     78.39174605	      4.26019829	     -5.95206321	      4.19838389	     24.99362299	     67.27383127
      6.93333330	      9.26996554	      0.76073067	      3.59965186	      2.06985512	      1.08681791	     -0.13878752	     -8.37671125	      1.70997876	     -8.96686727	      0.00000000	      4.90103827	     -8.78327827	      0.00000000	     -7.97485110	      0.64880062	    -13.00356940	      0.00000000	      6.85426289	     -0.05231932	      0.00000000	    -11.35194558	      0.42082661	     -1.58407059	      3.53712578	     -7.51110974	      4.30375101	     25.99185694	     78.39523995	      4.24617121	     -5.98345961	      4.19620788	     24.97523899	     67.27483268
      6.95000000	      9.25742116	      0.77000989	      3.60170867	      2.07037590	      1.08716297	     -0.13896320	     -8.35796007	      1.72300973	     -8.97002799	      0.00000000	      4.90286006	     -8.77699642	      0.00000000	     -7.99174057	      0.64846723	    -13.00487491	      0.00000000	      6.85253966	     -0.04825317	      0.00000000	    -11.35636760	      0.41957109	     -1.57626621	      3.53564116	     -7.50670820	      4.30578157	     25.99319190	     78.39576540	      4.24311287	     -5.99214678	      4.19509423	     24.97127073	     67.27483695
      6.96666670	      8.86486756	      0.71617541	      3.58333309	      2.07079238	      1.08802308	     -0.13856698	     -7.94715526	      1.78383771	     -9.82135103	      0.00000000	      5.77149662	     -6.74631583	      0.00000000	     -7.61046894	      0.58595004	    -13.58614386	      0.00000000	      7.14003240	      1.13714382	      0.00000000	    -10.83119808	      0.35465616	     -1.07669600	      2.99416429	     -7.58054484	      4.71369520	     26.23796090	     78.54842576	      4.36951566	     -6.06401015	      4.31774292	     24.33990454	     67.37629532
      6.98333330	      8.85895581	      0.72195582	      3.58407560	      2.07073443	      1.08905499	     -0.13874565	     -7.94522569	      1.78968268	     -9.82132547	      0.00000000	      5.77124578	     -6.74599242	      0.00000000	     -7.61401545	      0.58664992	    -13.58620183	      0.00000000	      7.13988989	      1.13722133	      0.00000000	    -10.83207952	      0.35440554	     -1.07551935	      2.99430314	     -7.57977839	      4.71388396	     26.23804168	     78.54847446	      4.36826756	     -6.06527626	      4.31763587	     24.33917837	     67.37630880
      7.00000000	      8.83896156	      0.73885198	      3.67628548	      2.07044721	      1.08886740	     -0.13929458	     -7.93847634	      1.80100719	     -9.83228203	      0.00000000	      5.73667525	     -6.72109429	      0.00000000	     -7.59762630	      0.61262318	    -13.58855786	      0.00000000	      7.12059360	      1.15544961	      0.00000000	    -10.92554349	      0.35206471	     -0.99821635	      2.96139605	     -7.52396704	      4.72937302	     26.22436496	     78.55193472	      4.25860287	     -6.15518938	      4.30820771	     24.27725663	     67.37624878
      7.01666670	      8.84737439	      0.73281521	      3.67996948	      2.06967329	      1.08835329	     -0.13921727	     -7.93475901	      1.80389927	     -9.83682202	      0.00000000	      5.73015979	     -6.71724701	      0.00000000	     -7.59243764	      0.62279408	    -13.58878189	      0.00000000	      7.11568972	      1.16011920	      0.00000000	    -10.93709319	      0.34773048	     -0.99624930	      2.94720835	     -7.51669475	      4.73190322	     26.21896522	     78.55254304	      4.24846927	     -6.16784489	      4.30694853	     24.26964188	     67.37639874
      7.03333330	      8.84678237	      0.73146431	      3.68202909	      2.06964700	      1.08860180	     -0.13923849	     -7.93378863	      1.80391560	     -9.83706348	      0.00000000	      5.72945107	     -6.71684739	      0.00000000	     -7.59239921	      0.62433841	    -13.58903035	      0.00000000	      7.11511572	      1.16051713	      0.00000000	    -10.93887284	      0.34732526	     -0.99544582	      2.94582682	     -7.51574142	      4.73221016	     26.21841966	     78.55261212	      4.24682814	     -6.16941792	      4.30676671	     24.26861183	     67.37639860
      7.05000000	      8.82630574	      0.74721079	      3.83466530	      2.06953788	      1.08870637	     -0.13898866	     -7.91404281	      1.79655421	     -9.86693590	      0.00000000	      5.66641872	     -6.69076631	      0.00000000	     -7.53696692	      0.63089100	    -13.61152267	      0.00000000	      7.05804799	      1.19508608	      0.00000000	    -11.10589550	      0.31895245	     -0.93209464	      2.82894557	     -7.44652528	      4.75618939	     26.16918891	     78.55801687	      4.10959877	     -6.28363687	      4.29334989	     24.18380771	     67.37632255
      7.06666670	      8.87684404	      0.82715475	      3.93098984	      2.06912247	      1.08807007	     -0.13909481	     -7.96074623	      1.72916388	    -10.28446966	      0.00000000	      5.37041289	     -6.66529463	      0.00000000	     -7.56903459	      0.69028283	    -13.65573507	      0.00000000	      6.71999041	      1.47644886	      0.00000000	    -11.20513280	      0.08226575	     -0.97934533	      2.69278971	     -7.29865176	      4.84415560	     26.06072948	     78.59135846	      4.22332673	     -6.46317606	      4.28795569	     24.05881946	     67.40157194
      7.08333330	      8.87189103	      0.82174824	      3.99304924	      2.06942983	      1.08663474	     -0.13947502	     -7.94801860	      1.71942000	    -10.30012339	      0.00000000	      5.37667332	     -6.66889382	      0.00000000	     -7.52882092	      0.68694027	    -13.66699305	      0.00000000	      6.72348452	      1.48888957	      0.00000000	    -11.29222268	      0.08144609	     -0.95792652	      2.67314292	     -7.30692547	      4.85042927	     26.03884504	     78.59468967	      4.16066732	     -6.45321433	      4.29433306	     24.01971955	     67.40523515
      7.10000000	      8.87509910	      0.80396674	      3.99059029	      2.06972138	      1.08704682	     -0.14010593	     -7.95314649	      1.70256269	    -10.30477531	      0.00000000	      5.37788912	     -6.67129861	      0.00000000	     -7.51623271	      0.68171431	    -13.66659672	      0.00000000	      6.72360726	      1.49124943	      0.00000000	    -11.30123810	      0.07998281	     -0.95805509	      2.66780377	     -7.30653368	      4.85143788	     26.03539130	     78.59511012	      4.15606603	     -6.45340784	      4.29483777	     24.01588510	     67.40567022
      7.11666670	      8.85853067	      0.79079262	      4.04307438	      2.06937493	      1.08738415	     -0.14030309	     -7.92159594	      1.69902650	    -10.35873824	      0.00000000	      5.39501785	     -6.70228998	      0.00000000	     -7.46881514	      0.67545424	    -13.67246322	      0.00000000	      6.72972181	      1.51267027	      0.00000000	    -11.45527793	      0.08759801	     -0.95082818	      2.57410717	     -7.32217053	      4.86150162	     25.97785455	     78.59963755	      4.05125427	     -6.43238973	      4.30473107	     23.95311618	     67.41090531
      7.13333330	      8.86397215	      0.78598158	      4.04430054	      2.06947483	      1.08772816	     -0.14036905	     -7.91746312	      1.69365156	    -10.35956849	      0.00000000	      5.39540704	     -6.70292504	      0.00000000	     -7.46751179	      0.67395356	    -13.67241550	      0.00000000	      6.72989195	      1.51306329	      0.00000000	    -11.45619312	      0.08737676	     -0.95101481	      2.57312466	     -7.32222858	      4.86167901	     25.97716997	     78.59972254	      4.05075447	     -6.43226304	      4.30485536	     23.95250656	     67.41101064
      7.15000000	      8.88275070	      0.77192151	      4.05899673	      2.06896252	      1.08786526	     -0.14030769	     -7.89628407	      1.67709426	    -10.36692344	      0.00000000	      5.39861441	     -6.70843297	      0.00000000	     -7.46571859	      0.66881530	    -13.67422439	      0.00000000	      6.73243537	      1.51510114	      0.00000000	    -11.47231116	      0.08650920	     -0.95268548	      2.55912150	     -7.32497669	      4.86301435	     25.96835687	     78.60039514	      4.03970825	     -6.42808539	      4.30658947	     23.94473875	     67.41197778
      7.16666670	      8.89197228	      0.77664897	      4.06019722	      2.06921489	      1.08736885	     -0.14053168	     -7.88953082	      1.67821069	    -10.36738970	      0.00000000	      5.39883159	     -6.70887617	      0.00000000	     -7.46432093	      0.66606923	    -13.67451321	      0.00000000	      6.73265363	      1.51523556	      0.00000000	    -11.47488337	      0.08606785	     -0.95281680	      2.55766477	     -7.32520130	      4.86315569	     25.96734104	     78.60046349	      4.03850107	     -6.42762002	      4.30679247	     23.94383903	     67.41208315
      7.18333330	      8.88524775	      0.78612522	      4.17431090	      2.06894058	      1.08672540	     -0.14118965	     -7.87895187	      1.65925429	    -10.49923681	      0.00000000	      5.44420518	     -6.80963375	      0.00000000	     -7.44286894	      0.67521669	    -13.69226839	      0.00000000	      6.78211329	      1.53189839	      0.00000000	    -11.67530168	      0.07033186	     -1.02141320	      2.39639661	     -7.38952255	      4.87744723	     25.83894759	     78.61044939	      3.98676234	     -6.34022482	      4.34129707	     23.86238785	     67.43157915
      7.20000000	      8.89397870	      0.77937014	      4.18149781	      2.06864295	      1.08710584	     -0.14159663	     -7.88683272	      1.64814769	    -10.50318987	      0.00000000	      5.44508850	     -6.81281867	      0.00000000	     -7.43250872	      0.67443298	    -13.69284683	      0.00000000	      6.78470431	      1.53206411	      0.00000000	    -11.67408431	      0.06910007	     -1.01879756	      2.39956834	     -7.38998699	      4.87813522	     25.83756856	     78.61092912	      3.98702993	     -6.33943848	      4.34239958	     23.86010510	     67.43245591
      7.21666670	      8.89867232	      0.77220103	      4.18996885	      2.06846862	      1.08732567	     -0.14194863	     -7.89675919	      1.63271593	    -10.50941500	      0.00000000	      5.44608739	     -6.81749374	      0.00000000	     -7.42334031	      0.67867392	    -13.69489033	      0.00000000	      6.78815656	      1.53092246	      0.00000000	    -11.67501798	      0.06827321	     -1.01811192	      2.40246006	     -7.39381166	      4.87843838	     25.83472852	     78.61142437	      3.98926698	     -6.33479003	      4.34446666	     23.85851865	     67.43367721
      7.23333330	      8.90592360	      0.76747374	      4.19177389	      2.06878809	      1.08697785	     -0.14183202	     -7.89648590	      1.62801095	    -10.51021039	      0.00000000	      5.44608352	     -6.81806747	      0.00000000	     -7.41894758	      0.68127462	    -13.69511695	      0.00000000	      6.78853416	      1.53072374	      0.00000000	    -11.67568932	      0.06832755	     -1.01830902	      2.40300294	     -7.39472287	      4.87839014	     25.83432131	     78.61147121	      3.98997046	     -6.33368409	      4.34481006	     23.85852754	     67.43384340
      7.25000000	      8.92149512	      0.87883567	      4.29412224	      2.06964365	      1.08521167	     -0.14238953	     -7.97256983	      1.47391768	    -10.63311467	      0.00000000	      5.46670924	     -6.91353940	      0.00000000	     -7.44225219	      0.82358222	    -13.71990661	      0.00000000	      6.86089489	      1.48756162	      0.00000000	    -11.71810108	      0.05301304	     -1.07194563	      2.39965412	     -7.55674322	      4.86724073	     25.74858746	     78.61756875	      4.03674965	     -6.16595173	      4.40109322	     23.85095290	     67.45987651
      7.26666670	      8.90626890	      0.87350322	      4.28717121	      2.07063980	      1.08464789	     -0.14223730	     -7.99189013	      1.47213313	    -10.63724245	      0.00000000	      5.46739783	     -6.91699543	      0.00000000	     -7.44350382	      0.82414220	    -13.71474955	      0.00000000	      6.86241032	      1.48830313	      0.00000000	    -11.72226081	      0.04898547	     -1.07279673	      2.39937148	     -7.55844266	      4.86748204	     25.74571859	     78.61790809	      4.03806564	     -6.16487544	      4.40276350	     23.84946893	     67.46093043
      7.28333330	      8.88746213	      0.86805992	      4.27951721	      2.07090952	      1.08460843	     -0.14217714	     -8.01565588	      1.47064337	    -10.64031041	      0.00000000	      5.46940041	     -6.92070337	      0.00000000	     -7.44648304	      0.82417125	    -13.70834885	      0.00000000	      6.86515558	      1.48902282	      0.00000000	    -11.72365322	      0.04388183	     -1.07471057	      2.39520626	     -7.56236988	      4.86739248	     25.74141379	     78.61819780	      4.03592902	     -6.16270350	      4.40486602	     23.84725000	     67.46209110
      7.30000000	      8.87087344	      0.86427001	      4.27862366	      2.07051154	      1.08513290	     -0.14210045	     -8.02521939	      1.46973133	    -10.64083895	      0.00000000	      5.46993042	     -6.92140526	      0.00000000	     -7.45208138	      0.82509859	    -13.70745341	      0.00000000	      6.86579141	      1.48898703	      0.00000000	    -11.72322169	      0.04306979	     -1.07510614	      2.39419141	     -7.56321637	      4.86733874	     25.74067875	     78.61823282	      4.03525712	     -6.16227140	      4.40521746	     23.84689358	     67.46227029
      7.31666670	      8.91930988	      0.86205300	      4.23238437	      2.07068310	      1.08573600	     -0.14261573	     -8.11593994	      1.45975053	    -10.65541724	      0.00000000	      5.52430279	     -6.97957612	      0.00000000	     -7.54825510	      0.83882476	    -13.59549510	      0.00000000	      6.94549626	      1.48596647	      0.00000000	    -11.66015236	     -0.01664290	     -1.11074502	      2.31084944	     -7.66041823	      4.86024946	     25.66602458	     78.62183472	      3.98167509	     -6.10268817	      4.44744845	     23.81721186	     67.48330682
      7.33333330	      8.92170476	      0.88189612	      4.31295099	      2.07132235	      1.08649114	     -0.14298213	     -8.14869179	      1.43428744	    -10.64664059	      0.00000000	      5.53688813	     -6.99312424	      0.00000000	     -7.56673574	      0.86459784	    -13.57338875	      0.00000000	      6.98282566	      1.47389067	      0.00000000	    -11.63755685	      0.01637179	     -1.07871733	      2.32987744	     -7.64778444	      4.86597459	     25.65846445	     78.62461910	      3.97940255	     -6.10760223	      4.46065353	     23.80934006	     67.49219569
      7.35000000	      8.92045490	      0.87940846	      4.31348964	      2.07147668	      1.08740462	     -0.14303756	     -8.14464824	      1.43394241	    -10.64685646	      0.00000000	      5.53732825	     -6.99375519	      0.00000000	     -7.57066005	      0.86666394	    -13.57234403	      0.00000000	      6.98385132	      1.47365813	      0.00000000	    -11.63678823	      0.01600712	     -1.07919519	      2.33002987	     -7.64776259	      4.86605807	     25.65817335	     78.62468388	      3.98075534	     -6.10745371	      4.46108871	     23.80966821	     67.49246669
      7.36666670	      8.91444501	      0.87276622	      4.31490484	      2.07150821	      1.08842050	     -0.14291530	     -8.14352070	      1.43262122	    -10.64749682	      0.00000000	      5.53750012	     -6.99444178	      0.00000000	     -7.57611558	      0.87122746	    -13.57144088	      0.00000000	      6.98473643	      1.47347595	      0.00000000	    -11.63544102	      0.01573227	     -1.07960217	      2.33063524	     -7.64770408	      4.86613271	     25.65814472	     78.62474266	      3.98244130	     -6.10722715	      4.46148035	     23.81021218	     67.49270894
      7.38333330	      8.93754818	      0.87082255	      4.28187415	      2.07163339	      1.08772667	     -0.14273957	     -8.17605192	      1.43597454	    -10.72832695	      0.00000000	      5.51813213	     -7.04359354	      0.00000000	     -7.65415841	      0.89222831	    -13.51170631	      0.00000000	      7.03782506	      1.46596309	      0.00000000	    -11.52777724	     -0.00653456	     -1.09567010	      2.37356278	     -7.62890853	      4.87446808	     25.65689404	     78.62925978	      4.09085312	     -6.09369857	      4.48934022	     23.84659974	     67.50969303
      7.40000000	      8.91859351	      0.87037698	      4.29447285	      2.07267910	      1.08541611	     -0.14272669	     -8.18198536	      1.44536769	    -10.73316911	      0.00000000	      5.51459518	     -7.04652934	      0.00000000	     -7.67674350	      0.90099651	    -13.50985156	      0.00000000	      7.04064423	      1.46429940	      0.00000000	    -11.52907115	     -0.00845776	     -1.09211833	      2.37779745	     -7.62725412	      4.87525263	     25.65632492	     78.62964890	      4.09333178	     -6.09446568	      4.49149372	     23.84674081	     67.51102210
      7.41666670	      8.92622474	      0.86741696	      4.37701698	      2.07343727	      1.08185961	     -0.14310673	     -8.25009180	      1.45906347	    -10.78421043	      0.00000000	      5.50135977	     -7.08497471	      0.00000000	     -7.72752967	      0.89220239	    -13.49637482	      0.00000000	      7.08197307	      1.43998139	      0.00000000	    -11.47192722	     -0.03399095	     -1.06721274	      2.39827087	     -7.61603279	      4.88185148	     25.65113834	     78.63300034	      4.11019732	     -6.09946752	      4.51145637	     23.85360540	     67.52292309
      7.43333330	      8.91237704	      0.86995743	      4.37671641	      2.07422012	      1.08131262	     -0.14331442	     -8.26394435	      1.45794764	    -10.78931713	      0.00000000	      5.50166491	     -7.09001290	      0.00000000	     -7.74070721	      0.88446219	    -13.49240433	      0.00000000	      7.08683653	      1.43754188	      0.00000000	    -11.46707597	     -0.03576052	     -1.06871526	      2.39745689	     -7.61556046	      4.88246981	     25.64937326	     78.63333484	      4.11571781	     -6.09942823	      4.51396495	     23.85564941	     67.52437225
      7.45000000	      8.97540085	      0.87554424	      4.47339526	      2.07452064	      1.08419809	     -0.14373928	     -8.38852737	      1.46680200	    -10.81025851	      0.00000000	      5.52752164	     -7.14787317	      0.00000000	     -7.84384283	      0.86774550	    -13.42317042	      0.00000000	      7.17328012	      1.40082043	      0.00000000	    -11.29360171	     -0.04809358	     -1.07545901	      2.37032903	     -7.60280356	      4.89343512	     25.62558060	     78.63852616	      4.16674205	     -6.09102578	      4.55467549	     23.88597036	     67.54671656
      7.46666670	      8.96163989	      0.87383020	      4.47766125	      2.07374326	      1.08613151	     -0.14325833	     -8.37807340	      1.46499956	    -10.80973773	      0.00000000	      5.52971188	     -7.14997693	      0.00000000	     -7.86521674	      0.86714247	    -13.41797844	      0.00000000	      7.17717288	      1.39987961	      0.00000000	    -11.29142658	     -0.04648462	     -1.07732827	      2.36600181	     -7.60246002	      4.89404839	     25.62321490	     78.63877002	      4.16769914	     -6.09053472	      4.55691578	     23.88657159	     67.54788470
      7.48333330	      8.95283828	      0.86715236	      4.48357809	      2.07440443	      1.08682428	     -0.14356017	     -8.37013868	      1.46918185	    -10.80471598	      0.00000000	      5.53221558	     -7.15140576	      0.00000000	     -7.88773338	      0.87404956	    -13.40799693	      0.00000000	      7.18255953	      1.39991772	      0.00000000	    -11.28643740	     -0.04478868	     -1.07944759	      2.36571063	     -7.59792955	      4.89552064	     25.62213022	     78.63922450	      4.17609386	     -6.09055917	      4.56014751	     23.88985213	     67.54968731
      7.50000000	      8.99265704	      0.85040674	      4.54267191	      2.07465078	      1.08561026	     -0.14356055	     -8.41288956	      1.49877289	    -10.70275517	      0.00000000	      5.59275869	     -7.16616255	      0.00000000	     -7.94012278	      0.85941312	    -13.24305090	      0.00000000	      7.29604604	      1.40737719	      0.00000000	    -11.16793706	     -0.00312521	     -1.10977098	      2.37752753	     -7.52211986	      4.91961889	     25.61522900	     78.64623986	      4.31191456	     -6.07771417	      4.60980225	     23.94910915	     67.57655131
      7.51666670	      8.99665622	      0.84381078	      4.54997857	      2.07427091	      1.08542519	     -0.14359965	     -8.39622071	      1.50959412	    -10.69911346	      0.00000000	      5.59719899	     -7.16782857	      0.00000000	     -7.94934035	      0.86937557	    -13.23611891	      0.00000000	      7.30213135	      1.40750379	      0.00000000	    -11.17171563	     -0.00523515	     -1.10812793	      2.37755249	     -7.52200987	      4.92030051	     25.61365047	     78.64653785	      4.30954765	     -6.07828376	      4.61260657	     23.94827858	     67.57795881
      7.53333330	      8.99080595	      0.84458230	      4.54942669	      2.07415265	      1.08785479	     -0.14388127	     -8.39519813	      1.51289083	    -10.69824614	      0.00000000	      5.59858275	     -7.16846001	      0.00000000	     -7.94731224	      0.86919054	    -13.23436044	      0.00000000	      7.30374699	      1.40745777	      0.00000000	    -11.17158437	     -0.00601628	     -1.10756989	      2.37847261	     -7.52150382	      4.92050596	     25.61373449	     78.64661625	      4.30999194	     -6.07882538	      4.61315624	     23.94849622	     67.57827101
      7.55000000	      8.98539951	      0.82107539	      4.54949874	      2.07380106	      1.09056571	     -0.14473585	     -8.39913605	      1.51059884	    -10.69660673	      0.00000000	      5.60055444	     -7.17068522	      0.00000000	     -7.93475371	      0.87860398	    -13.22527909	      0.00000000	      7.30771513	      1.40956369	      0.00000000	    -11.17276257	     -0.00758718	     -1.10472112	      2.38584890	     -7.51752235	      4.92178251	     25.61439921	     78.64705850	      4.31519222	     -6.07994421	      4.61638328	     23.95046745	     67.58001116
      7.56666670	      8.96928043	      0.81262548	      4.54422169	      2.07341688	      1.09233780	     -0.14436397	     -8.41690685	      1.50644715	    -10.70017291	      0.00000000	      5.59740846	     -7.17253905	      0.00000000	     -7.92055546	      0.88034086	    -13.21954116	      0.00000000	      7.30719510	      1.41159437	      0.00000000	    -11.17357588	     -0.00499684	     -1.10372709	      2.39304182	     -7.51551214	      4.92258033	     25.61505823	     78.64738195	      4.32199045	     -6.07861358	      4.61912857	     23.95313925	     67.58141171
      7.58333330	      8.95317481	      0.79888154	      4.53539238	      2.07424946	      1.09203727	     -0.14482419	     -8.42835855	      1.50150776	    -10.70735465	      0.00000000	      5.58904652	     -7.17426039	      0.00000000	     -7.91710548	      0.88686787	    -13.21463804	      0.00000000	      7.30181836	      1.41462789	      0.00000000	    -11.17785589	     -0.00251949	     -1.10231846	      2.40394421	     -7.51121112	      4.92364705	     25.61643354	     78.64777556	      4.33303352	     -6.07852268	      4.62196067	     23.95689658	     67.58296848
      7.60000000	      8.93419832	      0.78801890	      4.43996530	      2.07452384	      1.08978711	     -0.14471286	     -8.39199193	      1.48548275	    -10.86336113	      0.00000000	      5.40385218	     -7.19925022	      0.00000000	     -7.90794430	      0.90198395	    -13.17074336	      0.00000000	      7.17113106	      1.45896248	      0.00000000	    -11.21649949	      0.05758442	     -1.08124716	      2.55114039	     -7.47353013	      4.93576916	     25.62457673	     78.65369826	      4.47265779	     -6.07227962	      4.67161378	     24.01097337	     67.60937701
      7.61666670	      9.02601761	      0.75828931	      4.59438995	      2.07437824	      1.08858664	     -0.14476231	     -8.52545633	      1.53423189	    -11.22414980	      0.00000000	      4.72477167	     -7.29012134	      0.00000000	     -7.99013130	      0.84633584	    -13.20832538	      0.00000000	      6.76526580	      1.45446732	      0.00000000	    -11.40680690	      0.09744056	     -1.09329693	      2.61660257	     -7.52018972	      4.95940058	     25.45980416	     78.67512066	      4.53613491	     -6.13002624	      4.89800002	     24.06396023	     67.72682059
      7.63333330	      9.01149527	      0.75312425	      4.59040141	      2.07493927	      1.08817126	     -0.14486397	     -8.53649686	      1.53295684	    -11.22452240	      0.00000000	      4.72279151	     -7.29206970	      0.00000000	     -7.99839990	      0.84030165	    -13.20690687	      0.00000000	      6.76394671	      1.45373964	      0.00000000	    -11.40937794	      0.09273671	     -1.09597585	      2.61687378	     -7.52270867	      4.95905870	     25.45830159	     78.67526199	      4.53697809	     -6.13054137	      4.90046558	     24.06439614	     67.72808464
      7.65000000	      9.00895302	      0.73962505	      4.58707659	      2.07479740	      1.08842231	     -0.14571084	     -8.53877133	      1.52802049	    -11.22362869	      0.00000000	      4.71966604	     -7.29390888	      0.00000000	     -8.00984753	      0.83259387	    -13.20611860	      0.00000000	      6.76160409	      1.45244583	      0.00000000	    -11.40992509	      0.08525726	     -1.10118037	      2.61223248	     -7.52880402	      4.95799141	     25.45483779	     78.67531480	      4.53581039	     -6.13424298	      4.90311582	     24.06435089	     67.72957992
      7.66666670	      9.02055041	      0.72645267	      4.59075328	      2.07495563	      1.08911071	     -0.14643610	     -8.52790379	      1.51801041	    -11.21786942	      0.00000000	      4.71753238	     -7.29380979	      0.00000000	     -8.02030213	      0.82487465	    -13.20573047	      0.00000000	      6.75981622	      1.45050195	      0.00000000	    -11.41140979	      0.07945880	     -1.10873389	      2.60473066	     -7.53841280	      4.95620306	     25.45030603	     78.67521976	      4.53475078	     -6.13831261	      4.90546838	     24.06439208	     67.73094293
      7.68333330	      9.06828010	      0.71537571	      4.67829205	      2.07428424	      1.08883671	     -0.14735710	     -8.56593881	      1.50033456	    -11.06577403	      0.00000000	      4.69855695	     -7.26366021	      0.00000000	     -8.05212690	      0.82161307	    -13.18905197	      0.00000000	      6.75143131	      1.41352148	      0.00000000	    -11.46275740	      0.07116572	     -1.24983164	      2.48182284	     -7.72272922	      4.92051834	     25.37570342	     78.67194921	      4.54493941	     -6.18180723	      4.94247552	     24.07681255	     67.75168005
      7.70000000	      9.09394241	      0.69083952	      4.68373043	      2.07351380	      1.08900142	     -0.14822866	     -8.54494329	      1.47523338	    -11.05487481	      0.00000000	      4.70046280	     -7.26190546	      0.00000000	     -8.05427221	      0.82441727	    -13.18551213	      0.00000000	      6.75235217	      1.41182314	      0.00000000	    -11.46428210	      0.07207568	     -1.25514978	      2.47826483	     -7.72596060	      4.91935677	     25.37394452	     78.67185037	      4.54678556	     -6.18595096	      4.94450005	     24.07810238	     67.75291688
      7.71666670	      9.09708354	      0.71143431	      4.70678870	      2.07253798	      1.08865404	     -0.14884983	     -8.49264895	      1.37828952	    -10.79141227	      0.00000000	      4.73043752	     -7.19667318	      0.00000000	     -8.01960249	      0.90893096	    -13.10523775	      0.00000000	      6.79128657	      1.37722070	      0.00000000	    -11.57876626	      0.15209364	     -1.44882246	      2.40514471	     -7.89569102	      4.87888214	     25.32510108	     78.66660879	      4.69032982	     -6.21234781	      4.98110674	     24.13799986	     67.77384954
      7.73333330	      9.09460932	      0.71371328	      4.74354518	      2.07214546	      1.08912568	     -0.14999999	     -8.43513702	      1.30462984	    -10.40480138	      0.00000000	      4.79739375	     -7.12003621	      0.00000000	     -7.96934846	      0.98298047	    -12.94793416	      0.00000000	      6.86317612	      1.31395910	      0.00000000	    -11.71574026	      0.15617974	     -1.60413466	      2.46260762	     -8.06739861	      4.82052793	     25.33370734	     78.65894615	      4.79441643	     -6.21398629	      5.05236327	     24.20587890	     67.80852715
      7.75000000	      9.15455062	      0.70064861	      4.58543541	      2.07214181	      1.08887710	     -0.15124478	     -8.43855276	      1.22344142	     -9.76899124	      0.00000000	      5.04336922	     -7.21211735	      0.00000000	     -8.00276240	      1.06671699	    -12.70183816	      0.00000000	      7.04432142	      0.91163440	      0.00000000	    -11.90436687	      0.16770713	     -1.77512703	      2.62043910	     -8.13567508	      4.69352308	     25.45361393	     78.63986907	      4.76291256	     -6.27529746	      5.30824289	     24.36997609	     67.93111115
      7.76666670	      9.17637218	      0.67294085	      4.46919945	      2.07304359	      1.08919534	     -0.15417735	     -8.42811331	      1.14038982	     -9.75176032	      0.00000000	      5.03287150	     -7.22792038	      0.00000000	     -8.01398835	      1.14563832	    -12.70147682	      0.00000000	      7.03419543	      0.87694177	      0.00000000	    -11.92669613	      0.24440382	     -1.89753255	      2.50318461	     -8.17201923	      4.68015864	     25.41339285	     78.63711251	      4.82886258	     -6.26222142	      5.33051354	     24.41162857	     67.94193309
      7.78333330	      9.20669799	      0.72250405	      4.46769591	      2.07205766	      1.09004216	     -0.15639134	     -8.44607827	      0.94759445	     -9.56592632	      0.02606749	      4.96667716	     -7.22680137	      0.00000000	     -8.00796905	      1.33656319	    -12.72367278	      0.00000000	      7.02785649	      0.72403645	      0.00000000	    -11.99972980	      0.35227635	     -2.14678591	      2.36342251	     -8.37885746	      4.61114940	     25.35997253	     78.62482586	      4.90213044	     -6.13869757	      5.42243508	     24.51341185	     67.97807231
      7.80000000	      9.23584930	      0.66149962	      4.24668358	      2.07079951	      1.09104969	     -0.15800487	     -8.41016256	      0.86392672	     -9.52560350	      0.05984258	      4.94575208	     -7.23733157	      0.00000000	     -8.01395251	      1.41938244	    -12.69133775	      0.00000000	      7.01904914	      0.68630215	      0.00000000	    -12.03279182	      0.39215957	     -2.31987624	      2.26595199	     -8.43648380	      4.58890905	     25.32697435	     78.62005442	      5.00551731	     -6.08208426	      5.45598190	     24.57403516	     67.99090230
      7.81666670	      9.37363791	      0.70135938	      3.86052562	      2.06790320	      1.09191928	     -0.15895320	     -8.13884504	      0.58751636	     -8.26961115	      0.64227062	      4.82351329	     -8.57451153	      0.00000000	     -8.06486983	      1.68667923	    -12.11290284	      0.00000000	      6.26818149	     -1.64748481	      0.00000000	    -12.67845807	      0.57717404	     -2.69004963	      2.54180840	     -8.57200369	      3.85617999	     25.66008185	     78.46025880	      4.84371752	     -6.24228656	      6.80689337	     25.69718496	     68.57675005
      7.83333330	      9.40323920	      0.65646138	      3.71113352	      2.06588157	      1.09212599	     -0.16069724	     -7.93991151	      0.45307239	     -8.17485195	      0.89670507	      4.63407797	     -8.52825681	      0.00000000	     -8.00767209	      1.80378337	    -12.04714203	      0.00000000	      6.27443510	     -1.68291671	      0.00000000	    -12.79513326	      0.70345881	     -2.98525746	      2.40922633	     -8.59954822	      3.81833001	     25.60713118	     78.45197006	      5.20865543	     -6.17668472	      6.87585225	     25.84199497	     68.61014456
      7.85000000	      9.36283930	      0.61610941	      3.36815998	      2.06340724	      1.09321455	     -0.16176567	     -7.42225189	      0.26349234	     -8.01304152	      1.45835951	      4.47533962	     -8.65730237	      0.00000000	     -7.72028816	      1.91446064	    -11.99195777	      0.23266933	      6.26577329	     -1.94735295	      0.00000000	    -13.24417092	      0.74814748	     -3.25349252	      2.63633464	     -8.66918809	      3.68322120	     25.66634289	     78.42469435	      5.61496549	     -6.09288488	      7.11693227	     26.06093171	     68.71157560
      7.86666670	      8.95688592	      0.54366467	      3.04695465	      2.06108338	      1.09403283	     -0.16279394	     -6.55005685	      0.12033622	     -7.22539389	      1.91388518	      3.95587620	    -10.29734080	      0.00000000	     -6.97043420	      2.00610674	    -11.61559374	      0.57015033	      5.79165631	     -3.63076211	      0.00000000	    -13.13282244	      0.87054948	     -3.51957273	      2.48040818	     -8.47490960	      2.68059422	     25.70183183	     78.23512279	      5.77698103	     -6.52339482	      9.31546035	     26.94947176	     69.67517948
      7.88333330	      8.99013674	      0.50203421	      2.67276548	      2.05907184	      1.09468771	     -0.16411572	     -6.17719158	     -0.06106245	     -7.06877743	      2.32555091	      4.00988871	    -10.33814286	      0.00000000	     -6.73009705	      2.10311035	    -11.78435349	      0.82767554	      5.84486924	     -3.78243930	      0.00000000	    -13.65024926	      0.98178281	     -3.90197462	      2.58751295	     -8.48496015	      2.60157753	     25.74356046	     78.22549853	      6.27728692	     -6.39383698	      9.47493520	     27.06183790	     69.74902530
      7.90000000	      8.99430744	      0.40102928	      2.20937430	      2.05714111	      1.09529281	     -0.16432589	     -5.72768998	     -0.17283892	     -7.03477223	      2.80972370	      4.08008116	    -10.52495573	      0.00000000	     -6.50449522	      2.13665733	    -12.10145487	      1.05165987	      5.85806797	     -4.03630582	      0.00000000	    -14.12264909	      1.09595028	     -4.29913388	      2.66585162	     -8.39051324	      2.52768922	     25.79793364	     78.21622652	      6.74203485	     -6.35095948	      9.68098122	     27.23735505	     69.83955669
      7.91666670	      8.98172676	      0.26539733	      1.62391317	      2.05544830	      1.09342430	     -0.16460008	     -5.22729371	     -0.24988461	     -7.08129755	      3.35870668	      4.22642657	    -10.89946901	      0.00000000	     -6.27645308	      2.13368965	    -12.48652290	      1.28721263	      5.87536564	     -4.37031298	      0.00000000	    -14.57822195	      1.27764972	     -4.68734005	      2.74237462	     -8.28078698	      2.43869951	     25.86423550	     78.20633892	      7.12373805	     -6.35033710	      9.96819442	     27.46689523	     69.95849709
      7.93333330	      8.93846192	      0.05739860	      0.37818557	      2.07324381	      1.11416722	     -0.15324388	     -4.38190137	     -0.30401141	     -6.35528153	      4.20114447	      4.60567384	    -12.46939109	      0.00000000	     -6.08710773	      2.20666193	    -13.39338739	      1.33251152	      5.73447707	     -5.23094390	      0.00000000	    -15.06218972	      1.47325861	     -4.96745629	      2.60906134	     -8.00574314	      1.87766040	     26.02011288	     78.22454177	      7.18256511	     -6.75833453	     11.64446228	     28.45458817	     70.69415304
