Coordinates
version=1
nRows=916
nColumns=34
inDegrees=yes

Units are S.I. units (second, meters, Newtons, ...)
If the header above contains a line with 'inDegrees', this indicates whether rotational values are in degrees (yes) or radians (no).

endheader
time	pelvis_tilt	pelvis_list	pelvis_rotation	pelvis_tx	pelvis_ty	pelvis_tz	hip_flexion_r	hip_adduction_r	hip_rotation_r	knee_angle_r	ankle_angle_r	subtalar_angle_r	mtp_angle_r	hip_flexion_l	hip_adduction_l	hip_rotation_l	knee_angle_l	ankle_angle_l	subtalar_angle_l	mtp_angle_l	lumbar_extension	lumbar_bending	lumbar_rotation	arm_flex_r	arm_add_r	arm_rot_r	elbow_flex_r	pro_sup_r	arm_flex_l	arm_add_l	arm_rot_l	elbow_flex_l	pro_sup_l
      0.00000000	      1.39836848	     -2.20156456	      0.60028979	      0.86605216	      0.92599565	     -0.07772340	      2.22620628	     -2.80641396	     -7.83988204	      4.00350162	      1.88947208	     -6.90937551	      0.00000000	      1.74228998	     -7.49895454	     -8.49160751	      2.75256958	      5.60967590	     -4.43667438	      0.00000000	     -5.40689979	      2.63692396	     -5.60457663	     13.27690470	    -11.45841232	     18.77587642	     30.86016599	     85.88291840	     13.84078019	     -8.31823017	      8.84399561	     34.29305939	     80.98035450
      0.01666670	     -0.16785809	     -1.19211933	      0.35986934	      0.86958263	      0.92435085	     -0.07740649	      3.57210095	     -3.46740485	     -8.38825852	      3.07676378	      4.29853577	     -4.57808518	      0.00000000	      2.83590184	     -6.10276719	    -11.33700757	      2.22862805	      6.81900023	     -2.42674231	      0.00000000	     -2.21989618	      1.55350825	     -4.91160290	     12.33636935	    -11.25552907	     16.91323320	     30.30162289	     85.50850367	     14.46629590	     -7.28465445	      5.32092756	     30.87521316	     80.30882178
      0.03333330	     -1.01376625	     -0.20269486	      0.00793240	      0.87259244	      0.92251841	     -0.07704112	      3.91025548	     -4.25599880	     -9.21441211	      1.85771289	      4.12764469	     -3.84525255	      0.00000000	      3.24561133	     -4.99294745	    -13.15260486	      1.70669362	      6.24740939	     -1.51292146	      0.00000000	     -0.87935150	      0.46852197	     -4.11441338	     12.68359005	    -11.02322344	     16.40249554	     30.52616073	     85.61027077	     14.88584623	     -7.49564395	      4.58481320	     30.73271052	     79.91332525
      0.05000000	     -1.03645576	      0.22021708	      0.00517505	      0.86939933	      0.92196510	     -0.07672294	      3.71905042	     -4.71487125	     -9.33187410	      1.25393829	      4.47727400	     -2.95166136	      0.00000000	      2.93643134	     -4.47658373	    -13.89970012	      0.97953446	      6.10184734	     -0.74235228	      0.00000000	     -0.80603974	      0.03539862	     -3.17837867	     13.68010976	    -11.44165463	     16.31418697	     30.88712671	     85.77917886	     16.15660572	     -7.83329602	      4.49191939	     31.53759417	     79.55959364
      0.06666670	     -1.31229698	      0.30431689	      0.22711375	      0.86949991	      0.92196135	     -0.07821690	      3.72447277	     -4.78658630	     -9.46565495	      0.63214009	      4.45104028	     -2.89531191	      0.00000000	      3.07156079	     -4.27408455	    -13.97218789	      0.34822802	      5.95533024	     -0.57789765	      0.00000000	     -0.47117245	      0.13071675	     -2.88275593	     14.82723777	    -11.64860786	     16.23457086	     31.27477521	     85.78738375	     17.07257390	     -8.11160038	      4.42110947	     31.84672360	     79.51511990
      0.08333330	     -1.49241601	      0.34420146	      0.42083830	      0.86892393	      0.92247255	     -0.07694673	      3.66120076	     -4.74168045	     -9.60850325	      0.15248787	      4.29887532	     -2.77163720	      0.00000000	      3.24855598	     -4.16768152	    -14.04631440	      0.00000000	      5.58855085	     -0.35268354	      0.00000000	     -0.21237096	      0.13458147	     -2.54557602	     15.91501509	    -11.78737528	     16.20484931	     31.70116078	     85.79700831	     18.11962462	     -8.42507885	      4.32278875	     32.26484885	     79.46012696
      0.10000000	     -1.35213053	      0.36989455	      0.66603766	      0.86854423	      0.92336471	     -0.07704078	      3.42798618	     -4.74344444	    -10.05333720	      0.00000000	      3.94304855	     -2.42507888	      0.00000000	      3.27124193	     -4.15297350	    -14.49925568	      0.00000000	      4.49949858	      0.16646434	      0.00000000	     -0.46932439	      0.03378018	     -2.09868837	     17.00529528	    -12.14343569	     16.43579649	     32.65167611	     85.85200897	     19.40749545	     -8.62691534	      4.22153359	     33.20731183	     79.22836059
      0.11666670	     -1.49859130	      0.38282871	      0.79617007	      0.86754812	      0.92380187	     -0.07714392	      3.59173209	     -4.73376461	    -10.30152819	      0.00000000	      3.96502274	     -2.40038684	      0.00000000	      3.51948864	     -4.11639124	    -14.51490746	      0.00000000	      4.43569662	      0.31184171	      0.00000000	     -0.38364149	      0.07922084	     -1.75756783	     18.26477442	    -12.16481858	     16.42717091	     33.23224389	     85.85832312	     20.51894212	     -8.83883763	      4.11168246	     33.70226973	     79.15339196
      0.13333330	     -1.60156560	      0.35405678	      0.98808886	      0.86592728	      0.92296555	     -0.07557639	      3.71567341	     -4.64347961	    -10.59792529	      0.00000000	      3.91327923	     -2.35200199	      0.00000000	      3.77392163	     -4.16235550	    -14.61526380	      0.00037114	      4.19415606	      0.47553919	      0.00000000	     -0.35198461	      0.03701814	     -1.46687651	     19.50001416	    -12.17141004	     16.44778450	     33.86582733	     85.87262843	     21.76033447	     -9.05179288	      3.97801080	     34.29973596	     79.06566255
      0.15000000	     -0.86631508	      0.30316589	      1.24452601	      0.86680275	      0.92218167	     -0.07726697	      2.84517432	     -4.58182694	    -11.36995488	      0.00000000	      3.72853359	     -1.70480841	      0.00000000	      3.06008066	     -4.20947289	    -14.96144245	      0.00000000	      4.03918476	      1.27217424	      0.00000000	     -1.48775993	      0.08573503	     -1.09120910	     20.24726731	    -13.22325152	     17.52943171	     36.85938893	     86.16188432	     22.45474481	     -9.16969149	      3.44102562	     37.12866645	     78.02657442
      0.16666670	     -1.04670759	      0.27739758	      1.41386980	      0.86481428	      0.92297692	     -0.07723108	      3.07166713	     -4.54342830	    -11.56721843	      0.00000000	      3.67068003	     -1.72489591	      0.00000000	      3.40322527	     -4.22917631	    -14.98672437	      0.00000000	      3.92196432	      1.35633246	      0.00000000	     -1.20761678	      0.10746180	     -0.81345028	     21.57969878	    -13.25611090	     17.42136912	     37.28126908	     86.16775116	     23.55035820	     -9.27080900	      3.32628312	     37.58048188	     77.95493546
      0.18333330	     -1.16041533	      0.24314308	      1.75404584	      0.86706838	      0.92614508	     -0.07809878	      3.11755386	     -4.53377571	    -11.97327653	      0.00000000	      2.99949763	     -1.81327580	      0.00000000	      3.61263922	     -4.24892596	    -15.07684190	      0.00000000	      3.53082343	      1.77586340	      0.00000000	     -1.09952543	      0.22416739	     -1.15506634	     22.92353535	    -13.45697892	     18.35462716	     38.14547863	     87.45713573	     23.51866989	     -9.47664761	      2.21427884	     40.15511280	     74.12546810
      0.20000000	     -1.22160225	      0.18434470	      1.98389936	      0.86875761	      0.92485798	     -0.07832582	      3.08863165	     -4.47477388	    -12.14323340	      0.00000000	      2.95943540	     -1.88437974	      0.00000000	      3.69045168	     -4.30119847	    -15.11880294	      0.00000000	      3.38738839	      1.85190131	      0.00000000	     -0.80372262	      0.29306631	     -0.95657570	     23.89812059	    -13.50145609	     18.25479524	     38.40033508	     87.47175528	     24.39168402	     -9.47016818	      2.20472701	     40.50811379	     74.09204347
      0.21666670	     -1.25277787	      0.11558425	      2.28420744	      0.86897414	      0.92561524	     -0.07784599	      3.03169542	     -4.38858120	    -12.32019854	      0.00000000	      2.87251833	     -1.96588671	      0.00000000	      3.76757859	     -4.38019503	    -15.08634948	      0.00000000	      3.25430589	      2.01891257	      0.00000000	     -0.54295395	      0.33637133	     -0.78902197	     24.84183615	    -13.54212312	     18.18982833	     38.69815218	     87.50666440	     25.32760890	     -9.43465712	      2.21828260	     40.92566230	     74.05440152
      0.23333330	     -1.06957555	      0.02854494	      2.76640020	      0.86895858	      0.92802328	     -0.07861673	      2.67506994	     -4.28836807	    -12.77134073	      0.00000000	      2.48785015	     -2.24428497	      0.00000000	      3.64488584	     -4.47417924	    -14.90273298	      0.00000000	      3.07058415	      2.62802627	      0.00000000	     -0.57902913	      0.36140718	     -0.63520436	     25.61636676	    -13.84782716	     18.29192031	     39.14364281	     87.70665611	     26.20981613	     -9.31645055	      2.46471064	     41.57969416	     73.92152998
      0.25000000	     -1.13561191	      0.04937882	      2.97215342	      0.86760782	      0.92946315	     -0.07768678	      2.70757965	     -4.28657895	    -12.83177530	      0.00000000	      2.50511347	     -2.28273938	      0.00000000	      3.78557846	     -4.45262846	    -14.97080642	      0.00000000	      3.07273642	      2.72368279	      0.00000000	     -0.32889209	      0.32513295	     -0.48422353	     26.50130126	    -13.76647988	     18.26663832	     39.51055687	     87.75463559	     26.96437934	     -9.24412148	      2.51755974	     41.91132608	     73.89548617
      0.26666670	     -1.21799956	      0.03712246	      3.18537537	      0.86772288	      0.92408185	     -0.07644262	      2.75832050	     -4.24561789	    -12.93969765	      0.00000000	      2.59654602	     -2.35542589	      0.00000000	      3.92776997	     -4.48735655	    -15.02038231	      0.00000000	      3.02080088	      2.89286448	      0.00000000	     -0.04733764	      0.26318753	     -0.33051470	     27.49506423	    -13.74766004	     18.24578323	     39.93161052	     87.81870736	     27.92339890	     -9.24854851	      2.56837773	     42.32772293	     73.86732407
      0.28333330	     -1.29324361	      0.01779279	      3.36057183	      0.86894444	      0.92327757	     -0.07622150	      2.74466536	     -4.19354825	    -13.02426493	      0.00000000	      2.71643467	     -2.40900072	      0.00000000	      4.00665555	     -4.54808786	    -15.04514521	      0.00000000	      2.94365227	      3.08948339	      0.00000000	      0.29391492	      0.19496356	     -0.23099668	     28.40121474	    -13.73844172	     18.24940191	     40.33870381	     87.88928918	     28.87392209	     -9.21645673	      2.64754529	     42.74425860	     73.84476983
      0.30000000	     -1.30701152	     -0.00781417	      3.47387317	      0.87212255	      0.92633247	     -0.07606675	      2.62529931	     -4.13375369	    -13.11107901	      0.00000000	      2.83135802	     -2.43222574	      0.00000000	      3.95126047	     -4.62530725	    -15.07698483	      0.00000000	      2.82883943	      3.34975954	      0.00000000	      0.65041571	      0.15319404	     -0.16214101	     29.06609587	    -13.74704147	     18.31523361	     40.74834869	     87.98545505	     29.57619357	     -9.16847350	      2.80018754	     43.10657324	     73.82368786
      0.31666670	     -0.93010706	      0.02877705	      3.39651994	      0.87374798	      0.92911692	     -0.07591776	      2.08820640	     -4.12405738	    -13.46571283	      0.00000000	      3.15866879	     -1.68957170	      0.00000000	      3.34232771	     -4.66734298	    -15.93414195	      0.00000000	      3.22960981	      4.98657607	      0.00000000	      0.40627320	      0.05794337	      0.23556465	     29.24372834	    -14.61926518	     19.56199336	     42.71174188	     89.21904645	     30.16007140	     -9.61658308	      4.83406358	     44.12784774	     73.52696440
      0.33333330	     -0.89763676	      0.02978491	      3.39931399	      0.87346536	      0.92637978	     -0.07529754	      1.91671137	     -4.09229937	    -13.51079481	      0.00000000	      3.15301263	     -1.69954653	      0.00000000	      3.15424836	     -4.69335918	    -15.93225851	      0.00000000	      3.20597307	      4.99167798	      0.00000000	      0.92797587	      0.02501652	      0.31318583	     29.59837776	    -14.55225949	     19.52905479	     42.85719148	     89.22996389	     30.45170634	     -9.59481506	      4.83838624	     44.25115184	     73.52263783
      0.35000000	     -1.02383354	      0.06104919	      3.22141438	      0.87456126	      0.92715442	     -0.07453923	      2.01957562	     -4.08430993	    -13.74685633	      0.00000000	      3.11646631	     -1.71488067	      0.00000000	      3.15034144	     -4.68550813	    -16.02649321	      0.00000000	      3.12499299	      4.99184521	      0.00000000	      1.22909793	     -0.03243582	      0.47079819	     30.32642060	    -14.29310910	     19.52257168	     43.13529502	     89.28564620	     31.07163890	     -9.45393031	      4.94744652	     44.44719919	     73.51355531
      0.36666670	     -1.08599953	      0.08422079	      3.12840863	      0.87300521	      0.92510724	     -0.07443477	      2.09910012	     -4.08162017	    -13.93774481	      0.00000000	      3.08858406	     -1.70715334	      0.00000000	      3.15609255	     -4.66924422	    -16.16481450	      0.00000000	      3.12924396	      4.95125399	      0.00000000	      1.55656580	     -0.05292482	      0.59482366	     30.99701240	    -14.13771135	     19.51671175	     43.38546770	     89.33802200	     31.67290811	     -9.37074004	      5.05747856	     44.63842026	     73.51274791
      0.38333330	     -1.05084045	      0.10845569	      3.00396810	      0.87548698	      0.92622405	     -0.07536386	      2.03016269	     -4.10929393	    -13.98351939	      0.00000000	      3.07924145	     -1.69976665	      0.00000000	      3.00281302	     -4.64788833	    -16.19850921	      0.00000000	      3.11620251	      4.94153342	      0.00000000	      1.91315448	     -0.05014539	      0.52076132	     31.20934206	    -14.13738430	     19.50130247	     43.47972362	     89.35169899	     31.91437944	     -9.30595490	      5.10429329	     44.74150503	     73.51668309
      0.40000000	     -1.18846531	      0.17614804	      2.94123924	      0.87657284	      0.92731622	     -0.07499834	      2.12225362	     -4.19681596	    -14.68326233	      0.00000000	      3.60193842	     -0.23415027	      0.00000000	      3.09611072	     -4.57374001	    -16.65191629	      0.00000000	      3.07484339	      5.08392359	      0.00000000	      2.21489068	     -0.13725272	      0.87475380	     31.42068846	    -14.72342819	     20.61528140	     44.72858417	     90.65722756	     32.53362356	     -9.92358753	      8.76536536	     45.28268617	     73.78392459
      0.41666670	     -1.15201244	      0.20485153	      2.87119451	      0.87640485	      0.92859869	     -0.07482073	      2.05322549	     -4.23634257	    -14.71612747	      0.00000000	      3.58748177	     -0.24503395	      0.00000000	      2.99491797	     -4.53147245	    -16.68408159	      0.00000000	      3.07575949	      5.06315479	      0.00000000	      2.44964465	     -0.11579054	      0.81202699	     31.53125204	    -14.65899115	     20.60659575	     44.79647151	     90.66656898	     32.66632611	     -9.81260025	      8.80387404	     45.35117629	     73.78663271
      0.43333330	     -1.10386470	      0.23883558	      2.88506739	      0.87606566	      0.92831018	     -0.07444824	      1.97045154	     -4.26592421	    -14.75576233	      0.00000000	      3.54892554	     -0.24137263	      0.00000000	      2.92250640	     -4.49036361	    -16.77045665	      0.00000000	      3.07223559	      5.02002280	      0.00000000	      2.67757461	     -0.12824917	      0.76980299	     31.66089355	    -14.48033839	     20.62294875	     44.91353001	     90.68222977	     32.75728875	     -9.59875396	      8.89994128	     45.44130334	     73.79641951
      0.45000000	     -1.09004987	      0.27145660	      2.86905849	      0.87576245	      0.92563579	     -0.07470716	      1.98374178	     -4.31185263	    -14.83829715	      0.00000000	      3.51244447	     -0.22657331	      0.00000000	      2.93927207	     -4.45040225	    -16.90358180	      0.00000000	      3.09566237	      4.95515132	      0.00000000	      2.73059824	     -0.14095577	      0.72029605	     31.79240084	    -14.20933700	     20.66053335	     45.09426637	     90.72053284	     32.76195974	     -9.25808502	      9.13469925	     45.58022254	     73.82622770
      0.46666670	     -1.06522914	      0.27047990	      2.76936728	      0.87393879	      0.92807136	     -0.07372903	      2.03991751	     -4.30992873	    -14.86083630	      0.00000000	      3.50472289	     -0.22025346	      0.00000000	      2.93595804	     -4.45468661	    -16.92125399	      0.00000000	      3.10441050	      4.94960541	      0.00000000	      2.73152025	     -0.14137875	      0.63544661	     31.78761726	    -14.15202200	     20.67265360	     45.13562534	     90.73117681	     32.76752166	     -9.14721973	      9.21360474	     45.62528602	     73.83771718
      0.48333330	     -1.17678855	      0.25013626	      2.80746489	      0.87564151	      0.92787503	     -0.07371870	      2.17525288	     -4.28116384	    -15.29054341	      0.00000000	      3.46588934	      0.28784898	      0.00000000	      3.09786170	     -4.48672438	    -17.15463266	      0.00000000	      3.08765636	      5.19132748	      0.00000000	      2.72685791	     -0.07020963	      0.46178473	     31.21743486	    -14.07684284	     20.56679093	     46.76383817	     91.41298942	     32.29867769	    -10.07894621	     12.17468875	     47.37777821	     74.53915138
      0.50000000	     -1.15879195	      0.26200794	      2.74110411	      0.87580766	      0.92859540	     -0.07330918	      2.20720027	     -4.27925723	    -15.28880084	      0.00000000	      3.45957674	      0.29588007	      0.00000000	      3.12112277	     -4.48555832	    -17.19072431	      0.00000000	      3.08445910	      5.17206385	      0.00000000	      2.60954659	     -0.09065732	      0.36222340	     31.07623472	    -14.02403044	     20.59280830	     46.74153014	     91.42428641	     32.18330326	     -9.94526995	     12.24352503	     47.36118184	     74.54938451
      0.51666670	     -1.06232021	      0.28844700	      2.77201736	      0.87629381	      0.92856323	     -0.07345756	      2.08932443	     -4.30281099	    -15.28651803	      0.00000000	      3.44898216	      0.34883869	      0.00000000	      3.06814185	     -4.48262238	    -17.33713832	      0.00000000	      3.02870349	      5.11902709	      0.00000000	      2.59148052	     -0.11439416	      0.27381371	     30.67873938	    -13.79877752	     20.67553449	     46.73394960	     91.46364617	     31.80105938	     -9.66607018	     12.45237508	     47.34280126	     74.59413207
      0.53333330	     -1.00137062	      0.30339612	      2.74688735	      0.87710735	      0.92629054	     -0.07366225	      2.01298296	     -4.32348448	    -15.32267724	      0.00000000	      3.47099632	      0.39719146	      0.00000000	      3.00183904	     -4.48342753	    -17.41605236	      0.00000000	      2.99683755	      5.10157442	      0.00000000	      2.56076416	     -0.08677135	      0.23797305	     30.34556765	    -13.73265744	     20.70662465	     46.70267232	     91.49837263	     31.40082614	     -9.51317188	     12.64668895	     47.32263918	     74.64666663
      0.55000000	     -0.96245585	      0.28945486	      2.74950067	      0.87639755	      0.92465177	     -0.07312787	      1.98563134	     -4.31096312	    -15.37574339	      0.00000000	      3.53237095	      0.45214856	      0.00000000	      2.96339906	     -4.51686184	    -17.54116891	      0.00000000	      3.03444583	      5.06598448	      0.00000000	      2.55035875	     -0.04852720	      0.14231379	     30.04487093	    -13.69532102	     20.71697701	     46.67593440	     91.53833280	     31.11608091	     -9.39655634	     12.86635454	     47.31761961	     74.71997433
      0.56666670	     -0.98574803	      0.30005004	      2.74284467	      0.87783030	      0.92637994	     -0.07322000	      2.03112449	     -4.33008002	    -15.39400786	      0.00000000	      3.53986513	      0.46128284	      0.00000000	      2.99833222	     -4.52798805	    -17.58060689	      0.00000000	      3.04685075	      5.05460974	      0.00000000	      2.34700049	     -0.03682670	      0.08576281	     29.83089589	    -13.68466363	     20.74303510	     46.61963753	     91.54857121	     30.87035761	     -9.33601460	     12.95227630	     47.24742250	     74.73990604
      0.58333330	     -0.89118216	      0.32282213	      2.78550803	      0.87712514	      0.92760347	     -0.07311154	      1.87554918	     -4.36054151	    -15.48426143	      0.00000000	      3.53463520	      0.48756176	      0.00000000	      2.85626330	     -4.51627381	    -17.70580621	      0.00000000	      3.08351604	      5.02254154	      0.00000000	      2.37591598	      0.02859517	      0.00962783	     29.33908549	    -13.64372798	     20.78805928	     46.52743116	     91.57799905	     30.20343889	     -9.21293379	     13.20534376	     47.06970913	     74.81198938
      0.60000000	     -0.83236381	      0.30883914	      2.77867126	      0.88144031	      0.92607246	     -0.07294729	      1.73906027	     -4.33164409	    -15.59635795	      0.00000000	      3.53266386	      0.50556107	      0.00000000	      2.69769163	     -4.55512819	    -17.80824481	      0.00000000	      3.13702015	      5.02421363	      0.00000000	      2.34879471	      0.07832853	     -0.04986017	     28.78018509	    -13.59846931	     20.84290282	     46.40122392	     91.60944837	     29.63913071	     -9.26074756	     13.41506134	     46.85255251	     74.89126584
      0.61666670	     -0.94164433	      0.34083211	      2.77162236	      0.88265461	      0.92567426	     -0.07293043	      1.72619369	     -4.36652232	    -16.32678443	      0.00000000	      3.94327376	      1.43475491	      0.00000000	      2.70178477	     -4.53294899	    -18.31047358	      0.00000000	      3.45286633	      6.03397258	      0.00000000	      2.68622972	      0.05653056	      0.06609123	     28.07750378	    -13.44372796	     20.31613630	     45.88284167	     92.22754393	     29.70419589	     -9.68152174	     16.05665326	     45.48217642	     76.69982368
      0.63333330	     -0.85197487	      0.35032479	      2.69465091	      0.88363581	      0.92730021	     -0.07218517	      1.55546674	     -4.35689238	    -16.27973729	      0.00000000	      3.95085056	      1.41278817	      0.00000000	      2.48965207	     -4.54884277	    -18.33945444	      0.00000000	      3.51105780	      5.94863977	      0.00000000	      2.59157975	      0.07473933	      0.04013689	     27.53835054	    -13.45830889	     20.36911741	     45.78682818	     92.25349546	     29.05220922	     -9.72121311	     16.13471961	     45.19407913	     76.75443209
      0.65000000	     -0.81094594	      0.36862753	      2.59624322	      0.88239626	      0.92851224	     -0.07160407	      1.48322747	     -4.35017587	    -16.30074074	      0.00000000	      4.00666848	      1.37863581	      0.00000000	      2.36658683	     -4.54494543	    -18.40496443	      0.00000000	      3.53594192	      5.88871042	      0.00000000	      2.45903437	      0.08852096	      0.01634941	     27.10819375	    -13.41247501	     20.41219883	     45.68734057	     92.27875226	     28.56604163	     -9.79520242	     16.18558828	     44.86239788	     76.81490212
      0.66666670	     -0.77157174	      0.38952157	      2.50140710	      0.88329701	      0.92647761	     -0.07141962	      1.39116370	     -4.34398665	    -16.34023492	      0.00000000	      4.09241777	      1.34770075	      0.00000000	      2.23296988	     -4.54488406	    -18.47225566	      0.00000000	      3.55757583	      5.85866977	      0.00000000	      2.38193387	      0.09588754	     -0.02491519	     26.74038332	    -13.40109034	     20.43223296	     45.56570593	     92.30205916	     28.09557283	     -9.87952719	     16.23202905	     44.48341296	     76.88088004
      0.68333330	     -0.73072551	      0.41475214	      2.40328696	      0.88504468	      0.92929515	     -0.07095730	      1.29246676	     -4.33331127	    -16.38984957	      0.00000000	      4.12829770	      1.36153423	      0.00000000	      2.12666250	     -4.53991571	    -18.52889205	      0.00000000	      3.50842659	      5.89291338	      0.00000000	      2.29682252	      0.07674376	     -0.08142120	     26.25711642	    -13.37772382	     20.47072927	     45.40256738	     92.32464462	     27.55453228	     -9.98927391	     16.27667635	     44.06091299	     76.94642061
      0.70000000	     -0.85326344	      0.41574248	      2.34962578	      0.88452497	      0.92765401	     -0.07073413	      1.39045872	     -4.30734491	    -16.76348234	      0.00000000	      4.43112382	      2.01016971	      0.00000000	      2.20899313	     -4.54816814	    -18.87025875	      0.00000000	      3.69403386	      6.63816542	      0.00000000	      2.65707770	      0.05966000	     -0.10328341	     25.99412569	    -13.13031264	     20.24651697	     44.35144673	     92.61227753	     27.68019922	     -9.67662933	     16.44388168	     41.54476237	     78.01017573
      0.71666670	     -0.88263018	      0.42749073	      2.23251857	      0.88430679	      0.92804390	     -0.07065780	      1.46051823	     -4.29976319	    -16.79832518	      0.00000000	      4.45113683	      1.99102512	      0.00000000	      2.22075019	     -4.53673904	    -18.87950345	      0.00000000	      3.69735461	      6.63033971	      0.00000000	      2.42038434	      0.04515417	     -0.13468683	     25.77592821	    -13.19200685	     20.26041125	     44.27271905	     92.61704869	     27.44659617	     -9.72495793	     16.46663002	     41.44177975	     78.02593638
      0.73333330	     -0.81030680	      0.46164174	      2.10385598	      0.88361109	      0.92969786	     -0.07010181	      1.39277293	     -4.29919127	    -16.88776149	      0.00000000	      4.46216490	      1.97681810	      0.00000000	      2.09167522	     -4.51465732	    -18.96612569	      0.00000000	      3.70892187	      6.60706247	      0.00000000	      2.33724917	      0.04958509	     -0.03599454	     25.39058566	    -13.30012357	     20.27303014	     44.14885948	     92.62889153	     26.91482066	     -9.95059338	     16.48371350	     41.18334006	     78.07636912
      0.75000000	     -0.82718035	      0.46967885	      1.97642405	      0.88183803	      0.92760499	     -0.07016619	      1.48335327	     -4.28821181	    -16.92886601	      0.00000000	      4.49238076	      1.98552142	      0.00000000	      2.12447909	     -4.50255416	    -19.01712036	      0.00000000	      3.73784311	      6.60072599	      0.00000000	      2.14713838	      0.05614262	     -0.02825697	     25.27925755	    -13.35662545	     20.26551620	     44.08162817	     92.63375879	     26.76980125	    -10.03825487	     16.48320200	     41.05931724	     78.10496961
      0.76666670	     -0.83456090	      0.47969243	      1.83600122	      0.88239318	      0.92815237	     -0.07007267	      1.55381155	     -4.28746933	    -16.95728121	      0.00000000	      4.50367571	      1.99058993	      0.00000000	      2.12794478	     -4.49469558	    -19.02311911	      0.00000000	      3.73452050	      6.61095351	      0.00000000	      2.03759261	      0.05985193	     -0.06626496	     25.19814674	    -13.42749730	     20.25445822	     44.02711396	     92.63484215	     26.70273138	    -10.09479984	     16.47817929	     40.99248887	     78.11587733
      0.78333330	     -0.85626263	      0.49821188	      1.76538580	      0.88169572	      0.92810915	     -0.07016003	      1.63672476	     -4.30376462	    -16.99083710	      0.00000000	      4.51982789	      2.01341426	      0.00000000	      2.17297021	     -4.47522123	    -19.05924613	      0.00000000	      3.74146825	      6.61727164	      0.00000000	      1.86331229	      0.08721990	     -0.01095409	     25.12664238	    -13.54596138	     20.22827445	     43.94315854	     92.63537196	     26.57729170	    -10.26279607	     16.44821120	     40.86279489	     78.12999805
      0.80000000	     -0.86381272	      0.52053605	      1.63212493	      0.88009714	      0.92931606	     -0.07026306	      1.74123543	     -4.32834989	    -17.03419563	      0.00000000	      4.52003817	      2.04336412	      0.00000000	      2.20060022	     -4.44313750	    -19.09118272	      0.00000000	      3.74604268	      6.63249820	      0.00000000	      1.75402597	      0.10893835	     -0.00768168	     25.12375535	    -13.66377785	     20.19128771	     43.87234962	     92.63446750	     26.55223076	    -10.36975777	     16.42007226	     40.77430914	     78.14328951
      0.81666670	     -0.84520230	      0.51854053	      1.63322805	      0.88039546	      0.92783356	     -0.07015443	      1.74874472	     -4.32694077	    -17.03426803	      0.00000000	      4.51953286	      2.04439630	      0.00000000	      2.20721568	     -4.43826833	    -19.09195223	      0.00000000	      3.74607869	      6.63286658	      0.00000000	      1.75159995	      0.10936737	     -0.00644219	     25.12432986	    -13.66541617	     20.19067632	     43.87121528	     92.63444465	     26.55161279	    -10.37172009	     16.41950442	     40.77276075	     78.14347162
      0.83333330	     -0.78278422	      0.58604773	      1.34409974	      0.87976792	      0.92860108	     -0.06960951	      1.80754545	     -4.39424870	    -17.29190332	      0.00000000	      4.43179834	      3.20573169	      0.00000000	      2.13738977	     -4.38557141	    -19.88298589	      0.00000000	      3.90121987	      7.34172149	      0.00000000	      1.59656275	      0.09431410	      0.46156420	     25.55671552	    -13.75030687	     19.85436380	     42.60356972	     92.64474825	     27.02099477	    -10.28301132	     16.10540838	     39.51389560	     78.55492284
      0.85000000	     -0.82294968	      0.58250987	      1.33618241	      0.87844952	      0.92864303	     -0.06990773	      1.91274164	     -4.40671703	    -17.31242596	      0.00000000	      4.49465124	      3.18933637	      0.00000000	      2.24196815	     -4.37359855	    -19.84834572	      0.00000000	      3.92954294	      7.37759716	      0.00000000	      1.45145507	      0.09896035	      0.40072355	     25.65076009	    -13.85588217	     19.81231782	     42.57460788	     92.64246668	     27.11964719	    -10.30234275	     16.08833034	     39.49506737	     78.57318775
      0.86666670	     -0.81009466	      0.58062603	      1.33730387	      0.87860703	      0.92773155	     -0.06980288	      1.91578174	     -4.40620474	    -17.31238533	      0.00000000	      4.49482507	      3.18950039	      0.00000000	      2.24836683	     -4.37091382	    -19.84785887	      0.00000000	      3.92970176	      7.37817233	      0.00000000	      1.45100718	      0.09915845	      0.40150110	     25.65266845	    -13.85692151	     19.81172204	     42.57453521	     92.64242118	     27.12070331	    -10.30333440	     16.08787582	     39.49483074	     78.57335832
      0.88333330	     -0.86374215	      0.57972719	      1.41163999	      0.87898160	      0.92699943	     -0.06987552	      1.99483385	     -4.40899785	    -17.34636651	      0.00000000	      4.52218093	      3.18676826	      0.00000000	      2.35502528	     -4.37198750	    -19.78597660	      0.00000000	      3.94747326	      7.45407090	      0.00000000	      1.36165077	      0.11238508	      0.40292797	     25.98923737	    -14.09495746	     19.68299940	     42.54964925	     92.63023449	     27.43523716	    -10.45463536	     15.99937378	     39.49862071	     78.59942822
      0.90000000	     -0.85984626	      0.57355434	      1.41604584	      0.87865101	      0.92714925	     -0.07032098	      1.99842566	     -4.41477922	    -17.34757530	      0.00000000	      4.52289255	      3.18643369	      0.00000000	      2.36054947	     -4.37368952	    -19.78646095	      0.00000000	      3.94889995	      7.45485207	      0.00000000	      1.35679677	      0.11249869	      0.40510340	     25.99340346	    -14.09565630	     19.68110731	     42.54871037	     92.62995412	     27.43912960	    -10.45629274	     15.99783172	     39.49780496	     78.60026117
      0.91666670	     -0.85549436	      0.56742977	      1.41938996	      0.87888214	      0.92736753	     -0.07007196	      2.00451990	     -4.41901738	    -17.34744780	      0.00000000	      4.52313020	      3.18644336	      0.00000000	      2.36093246	     -4.37170367	    -19.78653620	      0.00000000	      3.94906396	      7.45500943	      0.00000000	      1.35491411	      0.11308015	      0.40480423	     25.99438750	    -14.09660979	     19.68048425	     42.54838931	     92.62986714	     27.44014953	    -10.45652588	     15.99750224	     39.49765905	     78.60038972
      0.93333330	     -0.89533667	      0.57114144	      1.55184208	      0.88003651	      0.92877520	     -0.07104460	      2.01664006	     -4.44244824	    -17.33880460	      0.00000000	      4.51823854	      3.19188168	      0.00000000	      2.41940248	     -4.36127332	    -19.80633297	      0.00000000	      3.94814824	      7.46565127	      0.00000000	      1.21872684	      0.13975149	      0.37945013	     25.99843671	    -14.16626789	     19.64077387	     42.51166910	     92.62349494	     27.44412859	    -10.48011259	     15.97862070	     39.47036094	     78.60769050
      0.95000000	     -0.88411657	      0.55830824	      1.58411871	      0.88034259	      0.92615098	     -0.07106317	      1.99234977	     -4.45930042	    -17.37279712	      0.00000000	      4.52290405	      3.17330974	      0.00000000	      2.39890144	     -4.36015036	    -19.81732303	      0.00000000	      3.94790602	      7.48551608	      0.00000000	      1.13887434	      0.12948392	      0.28462643	     25.95705794	    -14.27377387	     19.57601757	     42.46145876	     92.61220746	     27.36750701	    -10.46852826	     15.96726205	     39.42351799	     78.61903541
      0.96666670	     -0.86342641	      0.55331769	      1.69814499	      0.88050272	      0.92513038	     -0.07175253	      1.90918543	     -4.48118253	    -17.40696541	      0.00000000	      4.52186869	      3.15115800	      0.00000000	      2.37350226	     -4.35550540	    -19.83581336	      0.00000000	      3.95989215	      7.49330413	      0.00000000	      1.12365056	      0.14722706	      0.29278108	     25.90959743	    -14.29179551	     19.53832372	     42.43772235	     92.60338738	     27.24188080	    -10.46290687	     15.95947641	     39.37192542	     78.62716307
      0.98333330	     -0.65382972	      0.48430144	      1.88724626	      0.87965031	      0.92606815	     -0.07225190	      1.61566586	     -4.42624253	    -17.90379519	      0.00000000	      4.44855488	      2.87084871	      0.00000000	      2.13732379	     -4.40519621	    -19.73416527	      0.00000000	      4.18698487	      7.78166071	      0.00000000	      0.93644821	      0.26345474	     -0.02920506	     25.70422793	    -14.11036191	     18.95640607	     42.34378249	     92.45685806	     26.97778617	    -10.31830034	     15.67081851	     39.03621339	     78.73514280
      1.00000000	     -0.66219795	      0.48143255	      1.87808633	      0.87930591	      0.92650523	     -0.07223394	      1.64588239	     -4.43370016	    -17.88143554	      0.00000000	      4.43977160	      2.87934358	      0.00000000	      2.14178071	     -4.38411332	    -19.74528777	      0.00000000	      4.18053872	      7.77973522	      0.00000000	      0.78541502	      0.24139386	     -0.05092115	     25.59016211	    -14.12575907	     18.93574056	     42.30038642	     92.44988995	     26.76342313	    -10.27714077	     15.68476172	     38.95488074	     78.74352613
      1.01666670	     -0.64931879	      0.47505352	      1.93482984	      0.87798879	      0.92302771	     -0.07239103	      1.63505168	     -4.43570188	    -17.86992394	      0.00000000	      4.44442466	      2.86473431	      0.00000000	      2.13760636	     -4.36686991	    -19.75854662	      0.00000000	      4.20194717	      7.76908516	      0.00000000	      0.66520405	      0.24300570	     -0.03722333	     25.47180649	    -14.11531220	     18.91753245	     42.25917565	     92.44214846	     26.50185909	    -10.23477155	     15.69982224	     38.85069915	     78.75203082
      1.03333330	     -0.56553022	      0.47549978	      1.92794228	      0.87799727	      0.92323219	     -0.07261841	      1.54920990	     -4.45237420	    -17.89260369	      0.00000000	      4.47406156	      2.76332916	      0.00000000	      2.03740094	     -4.34078745	    -19.74012628	      0.00000000	      4.29690314	      7.75500874	      0.00000000	      0.63618204	      0.29556516	     -0.07325116	     25.24863764	    -14.08324007	     18.84284631	     42.18067999	     92.41685517	     25.99517960	    -10.13715886	     15.70515897	     38.59865538	     78.77343496
      1.05000000	     -0.59041063	      0.45256846	      1.95746859	      0.87878606	      0.92395441	     -0.07300382	      1.59005655	     -4.43419215	    -17.87521298	      0.00000000	      4.48805161	      2.74032409	      0.00000000	      2.11433354	     -4.35350072	    -19.72849231	      0.00000000	      4.33696636	      7.75046831	      0.00000000	      0.40600452	      0.27874921	     -0.09053487	     25.09726247	    -14.06185079	     18.83816179	     42.11838134	     92.41096172	     25.75020935	    -10.10211403	     15.71904128	     38.47314576	     78.77946605
      1.06666670	     -0.46929116	      0.43978078	      2.02979982	      0.88268288	      0.92394101	     -0.07383026	      1.34736336	     -4.44554721	    -17.79472998	      0.00000000	      4.53447796	      2.64134593	      0.00000000	      1.93448233	     -4.35534907	    -19.61796929	      0.00000000	      4.43209568	      7.76031791	      0.00000000	      0.48000349	      0.34238441	     -0.22596435	     24.63581005	    -14.02262797	     18.78084962	     41.96303300	     92.38445732	     25.00638012	     -9.97149044	     15.73877808	     38.07937806	     78.79922268
      1.08333330	     -0.58541533	      0.38642738	      2.19435863	      0.88170636	      0.92470282	     -0.07435357	      1.39648522	     -4.41174493	    -17.71085607	      0.00000000	      4.77284678	      2.24013629	      0.00000000	      2.07044369	     -4.39648682	    -19.32515698	      0.00000000	      4.85686438	      7.78611550	      0.00000000	      0.70408275	      0.49195541	     -0.66062238	     24.38909226	    -13.53305998	     18.30396524	     41.56161965	     92.22989562	     24.58361252	     -9.82598651	     15.34489771	     36.76700649	     78.86097618
      1.10000000	     -0.60586333	      0.38683728	      2.29154580	      0.87965843	      0.92353863	     -0.07535191	      1.41752094	     -4.45870879	    -17.64323196	      0.00000000	      4.75477857	      2.26673165	      0.00000000	      2.14854063	     -4.36725769	    -19.33969841	      0.00000000	      4.84508732	      7.77531828	      0.00000000	      0.49628977	      0.48471038	     -0.68796541	     24.23138161	    -13.58229927	     18.29560839	     41.46435399	     92.22521514	     24.34154116	     -9.76022243	     15.36537034	     36.65289078	     78.86660042
      1.11666670	     -0.54328198	      0.42214237	      2.35319034	      0.88052968	      0.92512802	     -0.07492254	      1.31572999	     -4.53102609	    -17.51687606	      0.00000000	      4.74289578	      2.29444677	      0.00000000	      2.06254740	     -4.29692045	    -19.27629822	      0.00000000	      4.77913362	      7.78198153	      0.00000000	      0.49673841	      0.45697366	     -0.79466361	     23.88075197	    -13.64592278	     18.26056957	     41.23703782	     92.20862298	     23.86460027	     -9.60394379	     15.38344172	     36.34788661	     78.87975060
      1.13333330	     -0.58340012	      0.42490299	      2.42011112	      0.87930261	      0.92736934	     -0.07484506	      1.37896137	     -4.54113101	    -17.49410732	      0.00000000	      4.75089691	      2.29978259	      0.00000000	      2.15535413	     -4.28137739	    -19.27201136	      0.00000000	      4.75944214	      7.77671764	      0.00000000	      0.27145163	      0.45398505	     -0.77487634	     23.72610712	    -13.60775575	     18.27397936	     41.14617938	     92.20582067	     23.68338213	     -9.58965515	     15.38674511	     36.21857763	     78.88190609
      1.15000000	     -0.73903423	      0.46962571	      2.53477803	      0.88046857	      0.92650832	     -0.07574227	      1.51246762	     -4.62417134	    -17.48741200	      0.00000000	      4.84748997	      2.34411930	      0.00000000	      2.34876913	     -4.17853377	    -18.94567323	      0.00000000	      4.37903987	      7.35895270	      0.00000000	      0.81232240	      0.41333092	     -0.93387048	     23.70611500	    -13.04661744	     17.64996666	     39.22605448	     91.95576243	     23.89857041	     -8.93637758	     14.64968947	     33.42629757	     78.92466056
      1.16666670	     -0.75293530	      0.46194009	      2.54685711	      0.87998755	      0.92443993	     -0.07542615	      1.55339645	     -4.60648179	    -17.47865717	      0.00000000	      4.86067006	      2.34551776	      0.00000000	      2.38191825	     -4.18542310	    -18.93117648	      0.00000000	      4.38689112	      7.36097021	      0.00000000	      0.64326674	      0.37486931	     -0.92027927	     23.58225941	    -13.06180512	     17.66087297	     39.16672910	     91.95398923	     23.73352973	     -8.92987972	     14.65945061	     33.35805032	     78.92762324
      1.18333330	     -0.75560984	      0.46150133	      2.54358718	      0.88109312	      0.92422143	     -0.07589376	      1.53543973	     -4.62357394	    -17.46078822	      0.00000000	      4.88222617	      2.34805102	      0.00000000	      2.38061037	     -4.16818369	    -18.91474567	      0.00000000	      4.39464141	      7.36206674	      0.00000000	      0.55145222	      0.38148693	     -0.94464341	     23.42290315	    -13.11831032	     17.66314161	     39.08691466	     91.95090141	     23.57596815	     -8.92935896	     14.66155787	     33.28908419	     78.92856286
      1.20000000	     -0.73962047	      0.47925613	      2.58000262	      0.87945086	      0.92648059	     -0.07557557	      1.51270084	     -4.64106974	    -17.45065445	      0.00000000	      4.90347431	      2.35241425	      0.00000000	      2.39642449	     -4.14122205	    -18.90488631	      0.00000000	      4.38883071	      7.35843793	      0.00000000	      0.46583027	      0.38411810	     -0.94382044	     23.24743584	    -13.17673965	     17.66325106	     38.98819765	     91.94611560	     23.39136541	     -8.94635829	     14.65184054	     33.19470112	     78.92666098
      1.21666670	     -0.72777941	      0.48064911	      2.57877744	      0.87961985	      0.92452173	     -0.07569785	      1.51502414	     -4.63819605	    -17.45094103	      0.00000000	      4.90360850	      2.35250363	      0.00000000	      2.39750940	     -4.13840657	    -18.90451923	      0.00000000	      4.38837562	      7.35863562	      0.00000000	      0.46430797	      0.38410120	     -0.94435348	     23.24445714	    -13.17788663	     17.66313344	     38.98633133	     91.94601385	     23.38923479	     -8.94680114	     14.65143519	     33.19325036	     78.92657313
      1.23333330	     -0.72602702	      0.47691588	      2.57817773	      0.87959776	      0.92466729	     -0.07548553	      1.51596020	     -4.64017579	    -17.45155135	      0.00000000	      4.90396059	      2.35227632	      0.00000000	      2.39843695	     -4.13553874	    -18.90428124	      0.00000000	      4.38819413	      7.35860767	      0.00000000	      0.46334908	      0.38474405	     -0.94497036	     23.24185872	    -13.17962534	     17.66290780	     38.98461050	     91.94592696	     23.38757629	     -8.94761194	     14.65096697	     33.19204354	     78.92646868
      1.25000000	     -0.73467226	      0.50196835	      2.53647939	      0.87888539	      0.92516021	     -0.07571064	      1.56634010	     -4.67003379	    -17.49222197	      0.00000000	      4.93954213	      2.33981154	      0.00000000	      2.41458249	     -4.09595249	    -18.87837738	      0.00000000	      4.37351392	      7.35853393	      0.00000000	      0.34619872	      0.42561330	     -0.93043580	     23.07363590	    -13.30695726	     17.64362237	     38.85125211	     91.93903046	     23.28127475	     -9.07200861	     14.59478689	     33.09036344	     78.91462694
      1.26666670	     -0.72387803	      0.50580812	      2.53579014	      0.87914521	      0.92480521	     -0.07586843	      1.56694394	     -4.67026109	    -17.49227070	      0.00000000	      4.93982540	      2.33994902	      0.00000000	      2.42226780	     -4.09901313	    -18.87819173	      0.00000000	      4.37351484	      7.35846558	      0.00000000	      0.34687212	      0.42549233	     -0.92956711	     23.07379670	    -13.30764097	     17.64330856	     38.85045294	     91.93893696	     23.28211149	     -9.07335107	     14.59387057	     33.08989034	     78.91444300
      1.28333330	     -0.72824321	      0.51132758	      2.60000103	      0.88038279	      0.92380080	     -0.07571238	      1.50852272	     -4.68575674	    -17.50873578	      0.00000000	      4.96529356	      2.34286178	      0.00000000	      2.43476121	     -4.10037658	    -18.87037843	      0.00000000	      4.39118459	      7.34995563	      0.00000000	      0.47029306	      0.44709160	     -0.86802309	     23.14311047	    -13.39624066	     17.60561601	     38.79557584	     91.93088413	     23.45979684	     -9.21866611	     14.50133548	     33.08455702	     78.89718828
      1.30000000	     -0.78659897	      0.49825226	      2.69874746	      0.88082317	      0.92535064	     -0.07640701	      1.52392653	     -4.68815505	    -17.80671818	      0.00000000	      5.05258587	      2.47555422	      0.00000000	      2.49622769	     -4.09916688	    -18.55342442	      0.00000000	      4.59191646	      7.30778189	      0.00000000	      0.54878269	      0.31527556	     -0.50276175	     23.26477581	    -13.51959808	     17.37473006	     37.75608063	     91.81855712	     24.05316651	     -8.66385563	     13.66437201	     32.63140092	     78.63816613
      1.31666670	     -0.78771646	      0.49255803	      2.71245020	      0.88036370	      0.92411212	     -0.07652191	      1.48905534	     -4.69009957	    -17.80842904	      0.00000000	      5.04328019	      2.48380657	      0.00000000	      2.46256679	     -4.10134581	    -18.59050268	      0.00000000	      4.59925549	      7.28865935	      0.00000000	      0.67278561	      0.35719485	     -0.50506013	     23.36935908	    -13.56946358	     17.34411685	     37.77025602	     91.81135325	     24.19776957	     -8.76537906	     13.60120587	     32.63684319	     78.62488856
      1.33333330	     -0.80234829	      0.48180801	      2.77868386	      0.88309096	      0.92428905	     -0.07701632	      1.42918669	     -4.69085882	    -17.80184989	      0.00000000	      5.03123560	      2.49229609	      0.00000000	      2.43326840	     -4.10534928	    -18.61874931	      0.00000000	      4.61376397	      7.27721308	      0.00000000	      0.81099481	      0.38665510	     -0.50257229	     23.51153262	    -13.61415909	     17.31332254	     37.79512464	     91.80502625	     24.35937173	     -8.81487934	     13.54763857	     32.66894408	     78.61247146
      1.35000000	     -0.81406984	      0.46580790	      2.83061064	      0.88256408	      0.92328044	     -0.07669247	      1.37411932	     -4.68947069	    -17.80185684	      0.00000000	      5.03253619	      2.49341736	      0.00000000	      2.40057600	     -4.11431376	    -18.63559020	      0.00000000	      4.65202491	      7.27117574	      0.00000000	      1.02567572	      0.41971372	     -0.51777647	     23.75106861	    -13.67774712	     17.26981112	     37.84601965	     91.79766303	     24.66422066	     -8.85427663	     13.47898861	     32.75785180	     78.59722471
      1.36666670	     -0.83612371	      0.44595335	      2.96308047	      0.88285057	      0.92304464	     -0.07639019	      1.32136627	     -4.66828103	    -17.78034913	      0.00000000	      5.04325339	      2.49720151	      0.00000000	      2.41731289	     -4.14201625	    -18.64442192	      0.00000000	      4.69322979	      7.27174573	      0.00000000	      1.22053645	      0.42961779	     -0.50142327	     24.05236124	    -13.73220924	     17.22592997	     37.91515276	     91.79079768	     25.02133553	     -8.89951323	     13.40290315	     32.86745373	     78.58032679
      1.38333330	     -0.97399564	      0.39948267	      3.05262426	      0.88194643	      0.92475893	     -0.07643086	      1.46011301	     -4.62183106	    -17.77027846	      0.00000000	      5.06553658	      2.47328836	      0.00000000	      2.59911171	     -4.18193379	    -18.56320420	      0.00000000	      4.72839030	      7.33535651	      0.00000000	      1.17604551	      0.42810439	     -0.54466219	     24.58709128	    -13.84673789	     17.15833732	     37.99360102	     91.77767567	     25.76572194	     -8.93262376	     13.23048584	     33.08272114	     78.53392827
      1.40000000	     -1.01709875	      0.36406508	      3.20015615	      0.88107648	      0.92423835	     -0.07605743	      1.49224047	     -4.56984409	    -17.75314579	      0.00000000	      5.06610670	      2.41327820	      0.00000000	      2.68654593	     -4.21998372	    -18.47595039	      0.00000000	      4.69020369	      7.39508948	      0.00000000	      1.21173792	      0.43844774	     -0.49288426	     25.05422259	    -13.90798613	     17.12647887	     38.07178691	     91.76884885	     26.37734355	     -8.97211253	     13.04748788	     33.27399314	     78.48000730
      1.41666670	     -1.05742564	      0.33566606	      3.33205537	      0.88031793	      0.92461258	     -0.07610061	      1.55992047	     -4.51939216	    -17.71310772	      0.00000000	      5.06328034	      2.34431930	      0.00000000	      2.78715979	     -4.25325205	    -18.41902743	      0.00000000	      4.61497150	      7.43746271	      0.00000000	      1.26241916	      0.43118144	     -0.49639110	     25.56531851	    -13.97556839	     17.10013922	     38.18078450	     91.76328550	     27.08293142	     -8.99138536	     12.87307571	     33.50218721	     78.42934172
      1.43333330	     -1.11881663	      0.31798234	      3.42533162	      0.87860973	      0.92531977	     -0.07685518	      1.68768975	     -4.50326371	    -17.68487597	      0.00000000	      5.04683387	      2.25625103	      0.00000000	      2.94251024	     -4.25648252	    -18.35569732	      0.00000000	      4.52153280	      7.48055575	      0.00000000	      1.29799594	      0.44993402	     -0.48692917	     26.22586496	    -14.06936539	     17.06966156	     38.33639362	     91.76014581	     27.92014040	     -9.00204815	     12.69704921	     33.77961089	     78.37966541
      1.45000000	     -1.19709073	      0.30032337	      3.54637466	      0.87567371	      0.92503665	     -0.07706808	      1.91336078	     -4.48867039	    -17.66028432	      0.00000000	      4.99944571	      2.13394672	      0.00000000	      3.17062170	     -4.25207816	    -18.30095272	      0.00000000	      4.43370512	      7.50062293	      0.00000000	      1.25691059	      0.48305460	     -0.42905188	     27.06538785	    -14.17553724	     17.04980759	     38.53383191	     91.76175882	     28.89712993	     -8.97638509	     12.51864648	     34.11400114	     78.32776652
      1.46666670	     -1.27544013	      0.28014906	      3.58857354	      0.87596292	      0.92477488	     -0.07661409	      2.10195502	     -4.47231715	    -17.58915842	      0.00000000	      4.93981422	      2.04935880	      0.00000000	      3.34895468	     -4.26474730	    -18.22269130	      0.00000000	      4.35834381	      7.52885525	      0.00000000	      1.30356601	      0.50242232	     -0.40192894	     27.86478073	    -14.25614025	     17.04060071	     38.73856038	     91.76708197	     29.90509661	     -8.94478262	     12.37632885	     34.47609828	     78.28890561
      1.48333330	     -0.90205601	      0.22956382	      3.55250463	      0.87736884	      0.92553847	     -0.07526486	      1.78997596	     -4.35100349	    -16.81962244	      0.00000000	      4.41464113	      0.77404073	      0.00000000	      2.99828547	     -4.38596584	    -17.97418011	      0.00000000	      4.01948219	      7.07159741	      0.00000000	      0.68601262	      0.44770514	      0.05843941	     28.82507495	    -14.80836350	     18.02230224	     39.19003997	     91.94520376	     30.99567004	     -8.72865749	     11.78684301	     35.51858238	     77.95121440
      1.50000000	     -1.06559816	      0.20477721	      3.54829250	      0.87623399	      0.92314825	     -0.07496722	      2.03227661	     -4.31287891	    -16.68923896	      0.00000000	      4.47209069	      0.75732309	      0.00000000	      3.19109578	     -4.42931059	    -17.89125704	      0.00000000	      4.08820374	      7.09873586	      0.00000000	      0.91995680	      0.50130571	      0.08839491	     29.73050994	    -14.80505645	     18.00576106	     39.49075452	     91.94875684	     32.05464247	     -8.83688167	     11.66432745	     35.85781877	     77.92097949
      1.51666670	     -1.19798074	      0.14508328	      3.49855826	      0.87538008	      0.92140871	     -0.07493465	      2.24294403	     -4.22914671	    -16.51848692	      0.00000000	      4.51129545	      0.71096813	      0.00000000	      3.35580787	     -4.51765590	    -17.78326251	      0.00000000	      4.15422875	      7.10947231	      0.00000000	      1.14112008	      0.53524832	      0.14822963	     30.66847921	    -14.81712023	     18.00633848	     39.80084918	     91.95887013	     33.14983087	     -8.89852597	     11.56646129	     36.24489062	     77.89684656
      1.53333330	     -1.32324123	      0.11612016	      3.48378502	      0.87349581	      0.92449594	     -0.07522085	      2.46425575	     -4.18882053	    -16.30381443	      0.00000000	      4.49607380	      0.60930900	      0.00000000	      3.56095157	     -4.56076117	    -17.67524524	      0.00000000	      4.15547162	      7.07964252	      0.00000000	      1.27478298	      0.57906246	      0.23727686	     31.64164162	    -14.87980977	     18.04788021	     40.11305420	     91.98040542	     34.20561463	     -8.89313116	     11.51568442	     36.66028850	     77.87745544
      1.55000000	     -1.46250337	      0.10406447	      3.47593872	      0.87236512	      0.92314394	     -0.07606009	      2.70137528	     -4.18981058	    -16.11566676	      0.00000000	      4.45133356	      0.46325876	      0.00000000	      3.76633740	     -4.55473733	    -17.62047868	      0.00000000	      4.11315241	      6.98239115	      0.00000000	      1.40970843	      0.60170804	      0.31860912	     32.69352560	    -14.94487226	     18.10161729	     40.44120026	     92.00773807	     35.40843292	     -8.88498027	     11.48170339	     37.10843536	     77.86557028
      1.56666670	     -1.63596603	      0.10565543	      3.50261377	      0.86936911	      0.92214106	     -0.07727900	      3.01087834	     -4.23185278	    -15.89356781	      0.00000000	      4.37718368	      0.27949386	      0.00000000	      4.05331047	     -4.49998058	    -17.56801301	      0.00000000	      4.04614457	      6.83015498	      0.00000000	      1.47754221	      0.62499785	      0.35973762	     33.96793664	    -15.01720872	     18.17060385	     40.81844369	     92.04306906	     36.80718141	     -8.78437165	     11.49164009	     37.58616036	     77.86345032
      1.58333330	     -1.66499448	      0.15408000	      3.42727253	      0.86623398	      0.92802318	     -0.07830647	      3.24194269	     -4.30876395	    -14.01981890	      0.00000000	      2.57349294	     -3.36891327	      0.00000000	      4.20769136	     -4.38158162	    -16.55316046	      0.00000000	      2.98154532	      4.47773938	      0.00000000	      1.26155468	      0.59318055	      0.50968382	     35.66564825	    -16.18779951	     22.31487944	     41.48346366	     92.93886362	     38.54677846	     -9.17795211	     13.90676055	     37.66340720	     77.94603640
      1.60000000	     -1.87471112	      0.13758379	      3.51668383	      0.86200318	      0.92971079	     -0.07947420	      3.67359043	     -4.36928506	    -13.93628799	      0.00000000	      2.46985530	     -3.30971462	      0.00000000	      4.61882883	     -4.27896641	    -16.51355875	      0.00000000	      2.92603983	      4.50370471	      0.00000000	      1.21330520	      0.69629543	      0.47001708	     36.89583510	    -16.12198781	     22.22726779	     41.74548239	     92.93579015	     39.90700695	     -8.93842724	     13.91008490	     38.06450439	     77.94676374
      1.61666670	     -1.64517732	      0.16736150	      3.64876149	      0.86013214	      0.93456497	     -0.07997069	      3.65399956	     -4.44973667	    -13.37392497	      0.00000000	      1.37079671	     -4.53561885	      0.00000000	      4.59107920	     -4.14944893	    -15.78573058	      0.00000000	      2.09632885	      3.35688550	      0.00000000	      0.50051514	      0.66453138	      0.56257388	     38.63808105	    -16.51777356	     23.57641855	     41.50692103	     93.17997104	     41.79334800	     -8.93276961	     15.56961803	     37.93152471	     78.14489340
      1.63333330	     -1.89664829	      0.16867287	      3.73216187	      0.85850671	      0.93244112	     -0.08063221	      4.12677319	     -4.53182170	    -13.36852640	      0.00000000	      1.17683375	     -4.47243898	      0.00000000	      5.02579526	     -4.02290725	    -15.78176059	      0.00084481	      1.97392356	      3.39270754	      0.00000000	      0.47925665	      0.71595151	      0.53737101	     39.88048929	    -16.41096820	     23.48516900	     41.79508494	     93.17278832	     43.08115618	     -8.67312704	     15.59392991	     38.30663006	     78.15478270
      1.65000000	     -2.09218793	      0.15470720	      3.92051738	      0.85742000	      0.92897758	     -0.08048833	      4.57469035	     -4.57593457	    -12.77906863	      0.06551994	      0.05537420	     -5.98965034	      0.00000000	      5.68162949	     -3.98452598	    -15.11912967	      0.47184906	      1.50115791	      2.33862050	      0.00000000	      0.40933439	      0.69027237	      0.41370770	     41.59421294	    -16.85824089	     25.23212498	     41.91239011	     93.35523954	     44.88995032	     -9.05373554	     17.99152062	     38.28304413	     78.54661431
      1.66666670	     -2.27830501	      0.13582866	      3.88922542	      0.85170510	      0.92611992	     -0.08137761	      5.32619801	     -4.67293762	    -12.75249654	      0.63866847	     -0.01760094	     -5.99665996	      0.00000000	      6.26755416	     -3.95719602	    -14.98885944	      0.79363548	      1.57956341	      2.33428938	      0.00000000	      0.15628067	      0.68619961	      0.50180870	     43.23150389	    -16.86211908	     25.10577605	     42.16608119	     93.33366734	     46.58789964	     -8.88965508	     18.00167004	     38.72670330	     78.56064104
      1.68333330	     -2.90369401	      0.10678577	      3.81041553	      0.84680233	      0.92516639	     -0.08162733	      6.72136630	     -4.79877061	    -12.14786741	      1.48000032	     -0.20721580	     -7.27480809	      0.00000000	      7.53595737	     -3.93594650	    -14.53066004	      1.35475812	      1.52086143	      1.13035581	      0.00000000	      0.45569318	      0.69965316	      0.71949817	     45.26456572	    -17.12037537	     26.94994241	     41.66431210	     93.40324230	     48.61472830	     -8.99091079	     20.06635559	     38.50892325	     78.92868421
      1.70000000	     -3.06728751	      0.10168310	      3.78214483	      0.84281723	      0.92848658	     -0.08216108	      7.47475213	     -4.91629898	    -11.99469369	      2.07691252	     -0.25180525	     -7.26954631	      0.00000000	      8.24038384	     -3.91709497	    -14.36242819	      1.80037031	      1.44546668	      1.14785822	      0.00000000	     -0.03829597	      0.67325611	      0.74578385	     46.95523692	    -17.14279921	     26.82580913	     41.90512945	     93.36893694	     50.26824663	     -8.94011089	     20.05422192	     38.86665396	     78.94567682
      1.71666670	     -3.72582986	      0.04632580	      3.68560006	      0.83901863	      0.92298543	     -0.08283399	      8.98392139	     -5.03017101	    -11.21627403	      2.99104446	     -0.36670526	     -8.65495894	      0.00000000	      9.63879665	     -3.94464409	    -13.78158960	      2.56542131	      1.33911985	     -0.42891847	      0.00000000	      0.21140605	      0.72219153	      0.82706998	     49.15435745	    -17.31547122	     28.84487890	     41.30497845	     93.29363000	     52.06489065	     -9.34085144	     22.08426371	     39.05721402	     79.35272220
      1.73333330	     -3.79545772	      0.02199652	      3.65116795	      0.83844085	      0.92103286	     -0.08323318	      9.62197587	     -5.13300315	    -11.01593753	      3.62131183	     -0.32659029	     -8.71658329	      0.00000000	     10.33729952	     -4.01463058	    -13.55210885	      3.38880776	      1.41748496	     -0.49980774	      0.00000000	     -0.21908498	      0.69634117	      0.84470614	     50.66708692	    -17.35782163	     28.75089298	     41.55351886	     93.24548955	     53.52622939	     -9.34621555	     22.04876946	     39.42845849	     79.36671921
      1.75000000	     -4.59409715	     -0.08663955	      3.46822365	      0.83595904	      0.91679417	     -0.08301501	     11.23836940	     -5.17286169	    -10.27923102	      4.58388352	     -0.47329454	    -10.28645182	      0.00000000	     11.93964164	     -4.17296105	    -12.82219597	      4.53151512	      1.63672617	     -2.17708206	      0.00000000	      0.36802371	      0.79423000	      0.90151791	     52.25916535	    -17.59043528	     30.41772764	     41.77688322	     93.01376271	     54.71491371	     -9.89004901	     23.36704795	     40.31575053	     79.64145356
      1.76666670	     -4.98155909	     -0.16491031	      3.27798588	      0.83271231	      0.91716176	     -0.08226881	     12.32129862	     -5.17132451	     -9.56608503	      5.42373252	     -0.42931350	    -11.15580659	      0.00000000	     13.08592655	     -4.34652255	    -12.15482422	      5.69681138	      1.99994506	     -3.20894253	      0.00000000	      0.30979657	      0.87664452	      0.99109641	     53.83382786	    -17.52133780	     31.21498629	     41.79218905	     92.72399467	     56.09437271	    -10.20994216	     23.88134008	     40.64662438	     79.76504155
      1.78333330	     -5.57077498	     -0.24384035	      3.13197032	      0.82930452	      0.91582814	     -0.08247449	     13.71640633	     -5.19277223	     -8.88187227	      6.43438285	     -0.45895133	    -12.15583947	      0.00000000	     14.54695586	     -4.51163171	    -11.45299428	      6.96267179	      2.08292546	     -4.52823853	      0.00000000	      0.48461001	      0.89505505	      1.08020324	     55.26087030	    -17.47648040	     31.99722562	     41.71454079	     92.42673441	     57.33128021	    -10.46455924	     24.45601086	     41.02745234	     79.89864978
      1.80000000	     -6.33869342	     -0.33311942	      3.01427769	      0.82302774	      0.91256900	     -0.08225907	     15.53795115	     -5.21084804	     -8.12848194	      7.77979545	     -0.67192287	    -13.60110956	      0.00000000	     16.39790161	     -4.67696063	    -10.65452871	      8.45535111	      2.00540364	     -6.32781611	      0.00000000	      0.72181800	      0.90373003	      1.07780557	     57.01478913	    -17.28612502	     32.97596061	     41.37651865	     92.03016499	     58.76212245	    -10.78307279	     25.25946578	     41.08227957	     80.06941917
      1.81666670	     -6.99349375	     -0.39180652	      2.89160920	      0.82113604	      0.91248858	     -0.08254922	     17.25592262	     -5.25558806	     -7.32446218	      9.24279702	     -0.90739196	    -15.08544267	      0.00000000	     18.18541449	     -4.81134390	     -9.75000899	     10.06647213	      1.91362228	     -7.95457935	      0.00000000	      0.85202928	      0.94381445	      1.11995605	     58.51626216	    -17.14865833	     33.92558361	     41.04241523	     91.52813329	     59.92920274	    -11.10759549	     26.11084734	     41.17838601	     80.24296953
      1.83333330	     -7.73550234	     -0.49664494	      2.81817071	      0.81714317	      0.90422699	     -0.08320075	     19.26515353	     -5.28997150	     -6.38696012	     11.04488655	     -0.63575087	    -16.59847733	      0.00000000	     20.22766267	     -4.94011665	     -8.72115805	     11.96478864	      2.48009890	     -9.39148407	      0.00000000	      1.07454026	      1.02363067	      0.99352481	     60.32639849	    -16.96716193	     34.80738251	     40.77447325	     91.01237799	     61.44957384	    -11.44720317	     26.84004263	     40.95270462	     80.36776059
      1.85000000	     -7.93606163	     -0.53856979	      2.81313293	      0.81372666	      0.90239303	     -0.08377726	     20.72194647	     -5.39586885	     -5.57976603	     13.00093554	      0.15859621	    -17.59047901	      0.00000000	     21.74578440	     -5.02888123	     -7.96290116	     13.99625831	      3.37358956	    -10.37918669	      0.00000000	      0.54143876	      1.06727312	      0.82933632	     61.96477312	    -16.83312984	     34.91318013	     40.90498931	     90.82845808	     62.99191151	    -11.63465582	     26.96045783	     40.85303293	     80.39720526
      1.86666670	     -9.21078317	     -0.62125429	      2.75099951	      0.81089084	      0.90036201	     -0.08364663	     23.32420202	     -5.41130331	     -4.41332283	     14.85979113	      0.11063195	    -19.34627782	      0.00000000	     24.48085753	     -5.04749182	     -6.68366109	     16.02788632	      3.53035178	    -12.18200150	      0.00000000	      1.34209786	      1.04417205	      0.68582759	     63.43024224	    -16.63195656	     35.80896945	     40.53546200	     90.45627168	     64.38294202	    -11.84694275	     27.92937814	     40.17819153	     80.54155254
      1.88333330	     -9.68527848	     -0.65668006	      2.79187339	      0.80815338	      0.89737180	     -0.08395887	     25.11762362	     -5.48262360	     -3.53863328	     16.89081371	     -0.15657280	    -21.55939124	      0.00000000	     26.39966360	     -5.05383251	     -5.73645403	     18.16664821	      3.38801011	    -14.20213502	      0.00000000	      1.20468605	      0.98442351	      0.63946819	     65.39232748	    -16.61325670	     37.96525833	     39.48975688	     89.18594938	     66.24265244	    -11.89727080	     30.19953566	     38.93538342	     80.73019904
      1.90000000	     -9.77912528	     -0.65331119	      2.86388056	      0.80419783	      0.89432378	     -0.08387158	     26.47379579	     -5.62026485	     -3.13379188	     18.87091347	      0.36542077	    -21.99491193	      0.00000000	     27.83608257	     -5.08847263	     -5.25816953	     20.15352584	      4.04658371	    -14.64090581	      0.00000000	      0.33663952	      0.93681539	      0.54423982	     66.99617937	    -16.53961148	     37.75419450	     39.72269273	     89.06261802	     67.75536428	    -11.95353516	     30.02439033	     38.98122259	     80.70236787
      1.91666670	    -11.05240812	     -0.71801303	      2.94471658	      0.80076828	      0.89055794	     -0.08387129	     29.27275371	     -5.69391206	     -2.34830406	     21.16861901	      0.82759474	    -23.38759225	      0.00000000	     30.70476871	     -5.03712433	     -4.19479285	     22.46987049	      4.64277110	    -15.94464857	      0.00000000	      1.29773356	      0.92971461	      0.43125557	     68.19069257	    -16.31734180	     38.48184346	     39.35290500	     88.58127645	     68.83086628	    -11.84487664	     30.67007750	     37.89092888	     80.70077366
      1.93333330	    -11.57790577	     -0.78991154	      3.02689930	      0.79641522	      0.88638123	     -0.08491710	     31.28749695	     -5.75797067	     -1.76213785	     23.41759171	      0.93373342	    -24.76684285	      0.00000000	     32.72989028	     -5.02002589	     -3.42943220	     24.66223983	      5.04513548	    -17.18557071	      0.00000000	      1.14332912	      0.94985390	      0.46762755	     69.79464510	    -16.43708946	     39.42295342	     38.85614098	     87.93605248	     70.30496058	    -11.51652851	     31.52993542	     36.99623132	     80.66473237
      1.95000000	    -11.60228012	     -0.83271790	      3.09943270	      0.79320860	      0.87916891	     -0.08368423	     32.88046311	     -5.80123965	     -1.28623290	     25.86612721	      1.74122204	    -25.62167758	      0.00000000	     34.31127060	     -5.07595956	     -2.79316653	     27.09775031	      6.02284460	    -17.87774407	      0.00000000	      0.21901007	      0.92577264	      0.51257243	     71.46178163	    -16.47933392	     39.44004830	     38.91173955	     87.69986721	     71.83215495	    -11.42126242	     31.58806147	     36.99255612	     80.61803428
      1.96666670	    -12.29796120	     -0.93601502	      3.11900509	      0.79060029	      0.87430091	     -0.08353400	     35.34364087	     -5.78425822	     -0.78955515	     28.62418485	      1.56582521	    -27.39913107	      0.00000000	     36.62433571	     -5.20485188	     -2.33372850	     29.58827467	      6.48932787	    -18.56855985	      0.00000000	      0.35239225	      0.87728717	      0.71707649	     73.33425431	    -16.78375065	     41.97254634	     38.03162194	     85.88980585	     73.91275505	    -10.87887683	     33.95717198	     34.98979364	     80.26308067
      1.98333330	    -12.79365638	     -0.93757878	      3.11420211	      0.78651676	      0.86897624	     -0.08376406	     37.56781451	     -5.91682024	     -0.62379180	     31.33649165	      2.27992754	    -27.76720017	      0.00000000	     38.70741232	     -5.23993851	     -2.02307468	     32.00195739	      7.30240592	    -19.08465512	      0.00000000	      0.10952202	      0.88151200	      0.72225469	     74.74657807	    -16.68266509	     42.05366144	     38.24429689	     85.30542615	     75.12743504	    -10.82453792	     34.08706695	     34.88697575	     80.02094036
      2.00000000	    -13.23489331	     -0.92595061	      3.10654908	      0.78349129	      0.86344903	     -0.08397618	     39.70966074	     -6.03312881	     -0.40313333	     34.00069868	      2.82634692	    -28.28109141	      0.00000000	     40.66358257	     -5.27222047	     -1.76510254	     34.28537723	      7.93811917	    -19.52057156	      0.00000000	     -0.11810249	      0.81333986	      0.82827063	     76.08269347	    -16.69026425	     42.41333172	     38.11503737	     84.63763497	     76.41338237	    -10.48210814	     34.42361906	     34.46601934	     79.72904474
      2.01666670	    -13.17327095	     -0.93906246	      3.21830780	      0.77931867	      0.85779682	     -0.08345771	     41.19763882	     -6.17183285	     -0.35619779	     36.46871919	      3.39674440	    -28.81029325	      0.00000000	     42.11623926	     -5.32793052	     -1.54953813	     36.51631012	      8.48125882	    -19.89082324	      0.00000000	     -1.17757380	      0.81737103	      0.83793164	     77.65455611	    -16.63564580	     42.19649255	     38.27164024	     84.50823686	     77.88150105	    -10.27724712	     34.30457972	     34.63097538	     79.66519161
      2.03333330	    -13.92666387	     -0.93079546	      3.37339295	      0.77867845	      0.85302258	     -0.08350476	     43.46110513	     -6.37437982	     -0.16363814	     38.92213012	      4.29631938	    -28.94811018	      0.00000000	     44.31286285	     -5.26952652	     -1.30495813	     38.70821851	      9.29576163	    -19.94340716	      0.00000000	     -0.85921472	      0.69009323	      0.92377617	     78.58265218	    -16.90598859	     43.01787883	     38.15022760	     83.85497374	     78.87579471	     -9.86937703	     35.06505806	     33.92443481	     79.37307502
      2.05000000	    -13.78561475	     -0.92285798	      3.55000808	      0.77749637	      0.84990715	     -0.08370660	     44.51207182	     -6.57186465	     -0.17270747	     40.98067259	      4.75084309	    -29.32869049	      0.00000000	     45.31339233	     -5.25983955	     -1.15266729	     40.59706928	      9.63267774	    -20.20952853	      0.00000000	     -1.82385635	      0.65300792	      0.90466189	     79.67589072	    -16.95510729	     42.85547985	     38.26052024	     83.73500738	     79.80131283	     -9.70019460	     35.02018480	     34.09653873	     79.31224625
      2.06666670	    -13.76884313	     -0.88871108	      3.63191448	      0.77204831	      0.84458034	     -0.08391359	     45.86486223	     -6.71358684	      0.00819608	     43.03162922	      5.23646701	    -29.60955314	      0.00000000	     46.49862281	     -5.18016377	     -0.96208829	     42.45400042	     10.20988101	    -20.49064173	      0.00000000	     -2.73439991	      0.62029796	      0.90122750	     80.91390130	    -16.99152902	     42.68712260	     38.36462104	     83.60800624	     80.85530247	     -9.55466484	     34.94975404	     34.24025756	     79.24113940
      2.08333330	    -14.17379147	     -0.85200388	      3.58714179	      0.76953117	      0.83677430	     -0.08373374	     47.68054315	     -6.89368403	      0.07992294	     45.13907124	      7.21842467	    -28.40530611	      0.00000000	     48.17653055	     -5.24137199	     -0.92444150	     44.47972414	     11.61704241	    -19.95528198	      0.00000000	     -3.07746325	      0.42830256	      0.87304623	     82.28716305	    -17.11809166	     44.38434811	     37.90817513	     81.62903859	     82.52095260	     -9.23349509	     36.54522376	     32.83763121	     78.03079006
      2.10000000	    -14.35574661	     -0.74133542	      3.53559361	      0.76387069	      0.83150124	     -0.08387741	     49.21298974	     -7.03941702	      0.35674037	     47.00407918	      7.64312027	    -28.81027723	      0.00000000	     49.69233353	     -5.18440077	     -0.87158271	     46.49895317	     11.97967173	    -20.30772422	      0.00000000	     -4.15898171	      0.38557360	      0.75264555	     83.93192196	    -16.90722416	     44.08165096	     38.20646082	     81.48116673	     84.09074237	     -9.32873049	     36.31905954	     32.93415382	     77.91677241
      2.11666670	    -14.68006972	     -0.48912247	      3.26776555	      0.76021060	      0.82695002	     -0.08305441	     50.96315973	     -7.15787729	      0.85498075	     48.77082183	      8.06990233	    -29.02143648	      0.00000000	     51.10516370	     -5.18500854	     -1.02515498	     47.98317732	     12.72918185	    -20.34030366	      0.00000000	     -4.86840221	      0.10350823	      0.66275283	     85.22904034	    -16.50509367	     44.12406561	     38.36891311	     81.11279039	     85.33621851	     -9.63158819	     36.34606653	     32.72172426	     77.61604200
      2.13333330	    -14.84000789	     -0.38783109	      3.16713088	      0.75959739	      0.81893038	     -0.08177919	     52.37399843	     -7.34491267	      0.90357716	     50.53208945	      8.46994669	    -29.37393708	      0.00000000	     52.38727641	     -5.26459564	     -0.94524365	     49.65120433	     13.22319181	    -20.39649504	      0.00000000	     -5.82156454	     -0.02919568	      0.74316633	     86.59635212	    -16.39920211	     43.90052958	     38.52592066	     80.97503223	     86.57342321	     -9.72517578	     36.19975258	     32.89954194	     77.50027098
      2.15000000	    -15.03378350	     -0.18780328	      2.99226082	      0.75540671	      0.81082027	     -0.08280408	     53.92830548	     -7.63150094	      1.05334677	     52.43300543	      8.93215102	    -29.77989706	      0.00000000	     53.97323938	     -5.31511438	     -1.16567964	     51.73354913	     13.90733513	    -20.58995836	      0.00000000	     -6.78264056	     -0.20258991	      0.67824316	     87.98480886	    -16.09184917	     43.71685207	     38.79576215	     80.83907032	     87.98248842	     -9.97374042	     36.01317301	     32.93087125	     77.36772729
      2.16666670	    -15.26249657	      0.00733509	      2.80681602	      0.75336088	      0.80322472	     -0.08176139	     55.46773468	     -7.93412396	      1.13723071	     54.35443882	      9.36805745	    -30.15827130	      0.00000000	     55.41557600	     -5.44379130	     -1.33198317	     53.52718268	     14.52744044	    -20.58849633	      0.00000000	     -7.54317685	     -0.41539716	      0.77111841	     89.32053519	    -15.86538894	     43.55448472	     38.95195998	     80.70322812	     89.12501876	    -10.15692246	     35.88303744	     32.98499141	     77.23052767
      2.18333330	    -16.04606859	      0.43525589	      2.49143903	      0.75198301	      0.79651941	     -0.08068037	     57.56125665	     -8.29735831	      1.40075069	     56.03538869	      9.78988521	    -30.62059994	      0.00000000	     57.19805390	     -5.61001355	     -1.92588755	     55.12224172	     15.89052833	    -19.55914585	      0.00000000	     -7.54225178	     -0.92918323	      0.80840263	     90.27077763	    -15.40293059	     43.80350666	     38.73945830	     80.29801741	     90.09056176	    -10.59931891	     36.10033264	     32.85998168	     76.78723765
      2.20000000	    -16.28742058	      0.53886825	      2.35836520	      0.74766568	      0.79143801	     -0.08125746	     58.87958551	     -8.68463924	      1.13082944	     57.29178131	      9.97793348	    -31.04724772	      0.00000000	     58.48972538	     -5.78359048	     -2.05455478	     56.55454163	     16.19444198	    -19.56127369	      0.00000000	     -8.49711850	     -1.01766910	      0.92402491	     91.65763572	    -15.26418210	     43.55464141	     38.76994558	     80.16491373	     91.23819244	    -10.63883608	     36.00237616	     33.06449495	     76.65175765
      2.21666670	    -16.58680532	      0.68576635	      2.06451257	      0.74588391	      0.78509850	     -0.08152416	     60.24385729	     -8.98331565	      0.98725892	     58.58214851	     10.16497802	    -31.49847296	      0.00000000	     59.66223358	     -6.02756228	     -2.23692488	     57.89599729	     16.58022339	    -19.51718047	      0.00000000	     -9.28429729	     -1.16102782	      1.01297244	     92.89036368	    -14.93895772	     43.38763960	     38.75975331	     80.03603342	     92.28958203	    -10.79918554	     35.91241037	     33.17473458	     76.50341707
      2.23333330	    -17.20444186	      1.07084091	      1.65444644	      0.74151096	      0.77644484	     -0.08062126	     62.23389432	     -9.24207504	      1.20913433	     60.09203373	     10.03495432	    -32.02583735	      0.00000000	     61.32599878	     -6.42562879	     -2.96982648	     59.41734295	     17.70164086	    -18.63739672	      0.00000000	     -9.58814482	     -1.61809733	      1.11372895	     94.31864697	    -14.05297098	     43.72044655	     37.23803144	     79.52099227	     93.32051920	    -11.09723997	     36.29064979	     33.00630689	     75.84482360
      2.25000000	    -17.45399556	      1.14503863	      1.42298150	      0.73893608	      0.77092014	     -0.08136682	     63.61853203	     -9.59296871	      0.89038832	     61.30666796	     10.00397676	    -32.11826634	      0.00000000	     62.61254545	     -6.62542931	     -3.05446618	     60.86142956	     17.88294405	    -18.75336414	      0.00000000	    -10.53761020	     -1.52130358	      1.39655298	     95.72213763	    -13.89258407	     43.52640085	     37.10716250	     79.38808585	     94.31956611	    -11.09879052	     36.19711072	     33.20369875	     75.68306823
      2.26666670	    -18.13990577	      1.20021976	      1.18550195	      0.73826091	      0.76074447	     -0.08153090	     65.64375072	     -9.83943607	      0.75892766	     63.07988033	     10.69817217	    -31.50367821	      0.00000000	     64.62590588	     -7.00700339	     -3.23991254	     62.78114755	     18.65169015	    -18.35976135	      0.00000000	    -10.59470885	     -1.44390976	      1.63465729	     97.11851689	    -13.25569042	     44.29363578	     35.30078279	     78.79679125	     94.92363833	    -11.21360526	     36.41401278	     33.32241171	     74.76471647
      2.28333330	    -18.37024965	      1.28213148	      1.02088847	      0.73303733	      0.75449331	     -0.08183027	     67.09631806	    -10.15186917	      0.66670375	     64.55424743	     10.78246212	    -31.39175723	      0.00000000	     66.00751742	     -7.15238722	     -3.28386787	     64.27100355	     18.90045989	    -18.41718883	      0.00000000	    -11.58555217	     -1.41115752	      1.74986286	     98.65933500	    -13.13034113	     44.14501553	     35.32199600	     78.66637815	     96.05414162	    -11.27858187	     36.22112696	     33.52087239	     74.58476691
      2.30000000	    -18.92861194	      1.38909566	      0.81848220	      0.73091792	      0.74700972	     -0.08073321	     68.91168941	    -10.35621582	      0.59360718	     66.11852858	     12.28390226	    -29.62026715	      0.00000000	     67.66193045	     -7.44335733	     -3.40144045	     65.69449642	     20.05960174	    -17.27836607	      0.00000000	    -11.88340929	     -1.44626502	      1.76494829	    100.03003698	    -12.58572089	     45.16288240	     34.04848763	     78.02232216	     96.81789197	    -11.49041423	     36.24742487	     33.53432706	     73.54437231
      2.31666670	    -19.19923170	      1.39963662	      0.76803603	      0.73129546	      0.74131586	     -0.08141926	     70.13620940	    -10.53677118	      0.53621482	     67.52339800	     12.52586205	    -29.60616815	      0.00000000	     68.84604003	     -7.55309173	     -3.29272098	     66.99597568	     20.32919496	    -17.42188379	      0.00000000	    -12.69862230	     -1.39080558	      1.71372620	    101.18705947	    -12.54217770	     45.06175939	     34.13223406	     77.89299381	     97.81981922	    -11.61793976	     36.06039450	     33.71073672	     73.36870462
      2.33333330	    -19.39365379	      1.40173087	      0.75814717	      0.72743175	      0.73450574	     -0.08091076	     71.28279634	    -10.59044278	      0.64952390	     68.75604410	     12.88864938	    -29.44007502	      0.00000000	     69.99251141	     -7.65045025	     -3.16331945	     68.20069086	     20.70965682	    -17.47085442	      0.00000000	    -13.43277414	     -1.37091122	      1.52305881	    102.05936089	    -12.43919301	     45.00428055	     34.20116241	     77.78355103	     98.79191993	    -11.75881480	     35.86644267	     33.81122825	     73.20758712
      2.35000000	    -19.63582784	      1.46123582	      0.73863872	      0.72773055	      0.72765746	     -0.07972676	     72.59608245	    -10.76814820	      0.58366805	     70.16276802	     13.25833383	    -29.22249442	      0.00000000	     71.10161819	     -7.75821772	     -3.08324083	     69.49726403	     21.22785119	    -17.58628816	      0.00000000	    -14.05854656	     -1.43075748	      1.37505107	    102.89120179	    -12.36621284	     44.96493309	     34.20568553	     77.64913310	     99.60595011	    -11.87056804	     35.66986341	     33.90937198	     73.00630925
      2.36666670	    -19.86943520	      1.53160035	      0.78266650	      0.72516503	      0.72469428	     -0.07958862	     73.49201200	    -11.00966984	      0.49285996	     71.04780956	     14.95871851	    -26.92814359	      0.00000000	     72.04576039	     -7.77761132	     -3.11257012	     70.42263064	     21.71188297	    -17.29432769	      0.00000000	    -14.62773969	     -1.24381401	      1.19722521	    103.77603957	    -11.92812132	     46.20141686	     33.63111097	     75.33108158	     99.67183453	    -12.38649208	     35.03835996	     35.03373093	     69.72202171
      2.38333330	    -20.04394486	      1.56174819	      0.80300483	      0.72331333	      0.71818334	     -0.07972545	     74.50246681	    -10.98706302	      0.69785612	     72.11411068	     15.09703315	    -27.08556380	      0.00000000	     73.08385345	     -7.81761665	     -2.94771474	     71.44816722	     21.90218532	    -17.44199661	      0.00000000	    -15.33855595	     -1.35322855	      1.03479132	    104.35368380	    -11.99071136	     46.08795684	     33.71482075	     75.23312278	    100.39806743	    -12.45712579	     34.85314037	     35.18333019	     69.60019702
      2.40000000	    -20.29682932	      1.60472228	      0.96651626	      0.72151535	      0.71019109	     -0.07918834	     75.71787538	    -11.10009811	      0.98715123	     73.37026892	     15.31461167	    -27.12499455	      0.00000000	     74.33451847	     -7.80453080	     -2.85870630	     72.66473409	     22.16346500	    -17.53730904	      0.00000000	    -16.04942574	     -1.31350326	      0.94493102	    105.32023764	    -12.12319150	     45.89210885	     33.80585996	     75.10526666	    101.20177440	    -12.38335987	     34.63153522	     35.38503531	     69.44515418
      2.41666670	    -20.54587890	      1.65093695	      1.09204545	      0.72021066	      0.70345609	     -0.07949920	     76.90322364	    -11.21506952	      1.33609710	     74.57518750	     15.67514523	    -27.11246813	      0.00000000	     75.58728247	     -7.76729286	     -2.74885091	     74.01316787	     22.47952810	    -17.62568709	      0.00000000	    -16.70815431	     -1.26189758	      0.96638854	    106.22669002	    -12.33824572	     45.69972612	     33.87678462	     74.98141011	    101.93508781	    -12.18082025	     34.38358888	     35.63498948	     69.28499034
      2.43333330	    -20.84951130	      1.68355509	      1.16466985	      0.71665277	      0.69765971	     -0.07884931	     78.20675872	    -11.24704120	      1.56417979	     75.59586124	     15.96506025	    -26.95221271	      0.00000000	     76.84653891	     -7.83317420	     -2.73721656	     75.14739576	     22.79244987	    -17.61552198	      0.00000000	    -17.39303306	     -1.26076395	      0.94134464	    107.23523713	    -12.46982792	     45.51507725	     33.98741978	     74.84901260	    102.87033733	    -11.99307337	     34.04347020	     35.78073577	     69.09105171
      2.45000000	    -21.29708835	      1.79474451	      1.33160929	      0.71342283	      0.69069845	     -0.07807566	     79.70691129	    -11.36731961	      1.85757807	     76.72025671	     17.33447209	    -25.45192100	      0.00000000	     78.18417661	     -7.85504623	     -2.78070484	     76.25440523	     23.29930387	    -16.89188081	      0.00000000	    -17.75720190	     -1.45515084	      1.13351810	    108.04166448	    -13.06010889	     45.74692115	     34.15832855	     74.25795282	    103.57842348	    -11.14963857	     32.88091908	     35.36247481	     68.05929119
      2.46666670	    -21.55627919	      1.73115418	      1.47537743	      0.71368174	      0.68294250	     -0.07818790	     80.95286684	    -11.41234564	      1.97672617	     77.97122102	     17.77227044	    -25.63824616	      0.00000000	     79.40003531	     -7.96617991	     -2.60411876	     77.41394541	     23.64823562	    -16.94935349	      0.00000000	    -18.44487671	     -1.34251510	      0.96151850	    109.11031124	    -13.04350112	     45.57090657	     34.36685878	     74.13771122	    104.61806235	    -11.10793255	     32.57400016	     35.38767067	     67.88731032
      2.48333330	    -21.82776442	      1.65693408	      1.81167339	      0.71431778	      0.67790782	     -0.07785454	     81.95413877	    -11.64412278	      2.04106373	     79.13452354	     18.19284061	    -25.67525115	      0.00000000	     80.44777836	     -7.94606552	     -2.49455684	     78.46831855	     23.96860437	    -16.74863678	      0.00000000	    -18.96906201	     -1.19017807	      0.77064046	    109.97118413	    -13.12506466	     45.42666500	     34.46241601	     74.00965157	    105.43134805	    -10.96717470	     32.29901492	     35.34002128	     67.69640876
      2.50000000	    -22.22193335	      1.58048376	      2.17803044	      0.71145205	      0.67130617	     -0.07704180	     83.11916925	    -12.04138056	      1.95828562	     80.22259570	     18.89306639	    -24.89301029	      0.00000000	     81.68977550	     -7.89949128	     -2.41826155	     79.57666342	     24.86989910	    -15.54841904	      0.00000000	    -19.31760015	     -1.09623275	      0.56583108	    110.76184734	    -13.24220772	     45.54582236	     34.36891738	     73.49002169	    106.46459806	    -10.36319013	     31.64297067	     34.16924397	     66.85381337
      2.51666670	    -22.40853197	      1.54612784	      2.26635646	      0.70874032	      0.66671096	     -0.07752569	     84.08356217	    -12.12416255	      1.95309609	     80.99183179	     19.03446275	    -24.89199239	      0.00000000	     82.64899888	     -7.99489448	     -2.41374258	     80.46488340	     24.98318584	    -15.67236210	      0.00000000	    -19.96874195	     -1.05556728	      0.51484237	    111.57070925	    -13.25958800	     45.39956146	     34.44795774	     73.37938662	    107.35556621	    -10.24897753	     31.46313663	     34.14460927	     66.70511580
      2.53333330	    -22.47096335	      1.48447825	      2.39744903	      0.70682750	      0.65989573	     -0.07590705	     85.05276495	    -12.33966633	      1.77453810	     82.05373153	     19.25690886	    -24.42388324	      0.00000000	     83.57730176	     -8.14547303	     -2.33775925	     81.37855792	     25.23505671	    -15.26721593	      0.00000000	    -20.77757379	     -1.02024801	      0.46879259	    112.69096045	    -13.32611707	     45.45458108	     34.41129008	     72.70861674	    108.76745172	     -9.69779270	     31.18597450	     32.57311122	     65.75209818
      2.55000000	    -22.71087420	      1.46463872	      2.39295053	      0.70711644	      0.65464420	     -0.07714085	     86.02715932	    -12.44043118	      1.79218532	     82.93106841	     19.44813182	    -24.47787812	      0.00000000	     84.61167592	     -8.35288461	     -2.36832075	     82.26549738	     25.57258892	    -15.40244446	      0.00000000	    -21.27491184	     -1.04666907	      0.49086049	    113.51144325	    -13.39835294	     45.32230038	     34.41562348	     72.57885661	    109.52451783	     -9.62735350	     31.14404889	     32.60418324	     65.59845888
      2.56666670	    -22.94658668	      1.49697577	      2.27334317	      0.70817271	      0.65090894	     -0.07597854	     86.77732428	    -12.48896204	      1.77592549	     83.65587593	     19.47733489	    -24.38493885	      0.00000000	     85.34788236	     -8.64741720	     -2.41259391	     82.95987404	     25.68351591	    -15.31956447	      0.00000000	    -21.67275994	     -1.13042656	      0.54501026	    114.01644495	    -13.32733287	     45.23561317	     34.49680166	     72.45653259	    109.95387485	     -9.74328006	     31.09185622	     32.52286247	     65.44394012
      2.58333330	    -23.03305533	      1.48496834	      2.49194484	      0.70390875	      0.64418678	     -0.07359038	     87.66040766	    -12.79681426	      1.65705123	     84.64165896	     19.45814371	    -24.49157377	      0.00000000	     86.23511933	     -8.75065851	     -2.40444110	     83.71727151	     25.79696989	    -15.08217529	      0.00000000	    -22.18500940	     -1.09900128	      0.52171029	    114.65315727	    -13.40426672	     45.04875162	     34.47304358	     72.31505046	    110.40279036	     -9.81249925	     31.03558201	     32.46584235	     65.28417173
      2.60000000	    -23.18330558	      1.41044036	      2.64944137	      0.70414352	      0.63707255	     -0.07288272	     88.70089316	    -12.97648343	      1.59635592	     85.77968349	     19.47272983	    -24.61094427	      0.00000000	     87.27767715	     -8.88076131	     -2.25600672	     84.66316363	     25.97942179	    -14.86478877	      0.00000000	    -22.63086437	     -1.08072614	      0.47942921	    115.31283940	    -13.52843445	     44.82492997	     34.44940951	     72.17950402	    110.94046438	     -9.88353528	     30.95616208	     32.50347178	     65.13594199
      2.61666670	    -23.65015959	      1.21288268	      2.83984829	      0.70479983	      0.62847167	     -0.07270647	     90.09075356	    -13.24391591	      1.39315841	     87.07290652	     19.55582947	    -24.79503617	      0.00000000	     88.74163984	     -9.07692165	     -2.02555040	     85.82513898	     26.81902541	    -13.76089775	      0.00000000	    -22.51382430	     -0.87276964	      0.47917250	    115.76603195	    -13.55438859	     44.48843096	     34.39912076	     71.70831029	    111.25696783	     -9.94809810	     31.01923624	     32.42236021	     64.58403195
      2.63333330	    -23.76644368	      1.15557257	      3.01004320	      0.70503423	      0.62324391	     -0.07293418	     91.11737550	    -13.43520249	      1.47234126	     88.23401040	     19.91703710	    -24.87903000	      0.00000000	     89.75294094	     -9.19558395	     -1.99297893	     87.06249475	     26.98413011	    -13.74859415	      0.00000000	    -22.88652857	     -0.82515545	      0.49249172	    116.48422298	    -13.69422946	     44.25750338	     34.39077462	     71.57305475	    111.70450066	     -9.96876966	     30.97375195	     32.56253287	     64.43166508
      2.65000000	    -24.39683126	      1.02980569	      3.10257971	      0.70786333	      0.61813444	     -0.07165038	     92.25653884	    -13.61214513	      1.40757015	     89.21844063	     20.61662999	    -24.31586331	      0.00000000	     91.04892132	     -9.34602795	     -1.78625389	     88.05531967	     27.34642974	    -12.96226869	      0.00000000	    -22.45759529	     -0.79760376	      0.71943803	    116.64420891	    -13.90195582	     44.02077118	     34.15039381	     71.16616416	    111.47948849	     -9.80289757	     30.89960142	     32.84841681	     63.87998973
      2.66666670	    -24.58367813	      1.02505309	      3.09014542	      0.70065155	      0.61177048	     -0.07028863	     93.23939143	    -13.60121338	      1.47154121	     90.05684732	     20.80142771	    -24.39819068	      0.00000000	     92.01002463	     -9.46562482	     -1.58873458	     88.95118330	     27.40099784	    -12.89946113	      0.00000000	    -22.87662782	     -0.90672799	      0.69050983	    117.37581610	    -13.84189069	     43.82435509	     34.16858964	     71.05425244	    112.16589291	     -9.89929789	     30.70269995	     32.90682648	     63.72558826
      2.68333330	    -24.77223212	      1.00090654	      2.98455983	      0.69715818	      0.60639324	     -0.06975436	     94.42336319	    -13.45579523	      1.53860045	     90.82709137	     20.80506549	    -24.34847381	      0.00000000	     93.10483692	     -9.63139838	     -1.38375105	     89.75877040	     27.32784454	    -12.83287626	      0.00000000	    -23.37560808	     -1.02006454	      0.67275508	    118.31051183	    -13.75804693	     43.59814100	     34.05312353	     70.93366608	    113.08904805	    -10.06573601	     30.48564917	     32.84503780	     63.56187506
      2.70000000	    -25.04966854	      0.91059233	      3.12827525	      0.69613112	      0.60069013	     -0.06850709	     95.57018125	    -13.49032323	      1.58555556	     91.64079652	     20.82350606	    -24.52447706	      0.00000000	     94.22894849	     -9.64667416	     -1.09605693	     90.46397013	     27.27198532	    -12.62747759	      0.00000000	    -23.84930490	     -0.98351031	      0.58081526	    119.36870875	    -13.66952675	     43.37986699	     33.83409158	     70.81600775	    114.13871869	    -10.10755963	     30.30910268	     32.71477905	     63.40549416
      2.71666670	    -24.93568138	      0.84991591	      3.41906333	      0.69498970	      0.59537714	     -0.06821108	     96.19606519	    -13.74261846	      1.61585983	     92.44902340	     20.61350159	    -24.99942268	      0.00000000	     94.97399887	     -9.47316561	     -0.85502028	     91.26696885	     27.11539057	    -12.55801734	      0.00000000	    -24.71909831	     -0.84485573	      0.23782812	    121.68830163	    -12.69298756	     46.39508371	     30.36094423	     67.64430764	    116.22997752	    -10.00202618	     33.42052811	     30.13369946	     58.52365526
      2.73333330	    -25.14161862	      0.76680305	      3.41081652	      0.69496446	      0.58955489	     -0.06707077	     97.05423796	    -13.67081966	      1.61348455	     93.30174965	     20.59050976	    -25.25836953	      0.00000000	     95.94257689	     -9.69381775	     -0.57576431	     92.16741001	     27.05314466	    -12.45670236	      0.00000000	    -25.04251587	     -0.83560756	      0.25043762	    122.47963445	    -12.67346553	     46.21254103	     30.46926738	     67.54668391	    116.92171627	    -10.05971653	     33.26421387	     30.12589677	     58.40182974
      2.75000000	    -25.15148134	      0.60071002	      3.39119053	      0.68965096	      0.58534170	     -0.06612237	     97.66227672	    -13.58348981	      1.48184232	     93.79636924	     19.70049695	    -26.44318009	      0.00000000	     96.78764514	     -9.85772883	     -0.27375272	     92.77298296	     27.11248150	    -12.05962182	      0.00000000	    -25.69066203	     -0.76004875	      0.28284922	    123.72889461	    -12.24670785	     46.08911525	     29.30213397	     66.92336870	    118.19755388	     -9.58164612	     33.06400758	     28.56620203	     57.53366305
      2.76666670	    -25.35920676	      0.51227166	      3.59042931	      0.69434005	      0.58049560	     -0.06489649	     98.49837237	    -13.81732670	      1.40165390	     94.65894072	     19.95297398	    -26.63081526	      0.00000000	     97.70950553	     -9.90508789	     -0.06084925	     93.52921020	     26.92192489	    -11.96221237	      0.00000000	    -25.99250084	     -0.72364352	      0.07555346	    124.32272151	    -12.23984553	     46.01194036	     29.30272067	     66.84152909	    118.81056173	     -9.65079033	     33.01777825	     28.55894420	     57.42534368
      2.78333330	    -25.49303251	      0.31036246	      3.90411157	      0.69150995	      0.57393411	     -0.06355015	     99.15838928	    -14.09004083	      1.23644648	     95.28039502	     20.35168769	    -26.63025772	      0.00000000	     98.72164634	     -9.93701113	      0.14280102	     94.36282747	     26.84284009	    -11.85987496	      0.00000000	    -26.25504981	     -0.56162206	     -0.34642973	    124.79269348	    -12.21741898	     45.93625711	     29.21225832	     66.74453214	    119.50878891	     -9.70891460	     32.99410971	     28.41818811	     57.29947584
      2.80000000	    -25.67804362	      0.04264184	      4.20780024	      0.69128396	      0.56920581	     -0.06158510	     99.87105270	    -14.35683160	      0.99038327	     96.00987874	     20.85942984	    -26.45282230	      0.00000000	     99.67673449	     -9.98762138	      0.44072064	     95.00407658	     26.68379367	    -11.61774010	      0.00000000	    -26.45741679	     -0.38120722	     -0.66374495	    125.29445010	    -12.19548610	     45.83688279	     29.05483680	     66.63231654	    120.17577847	     -9.74045868	     33.02218165	     28.22627665	     57.16900358
      2.81666670	    -25.44760285	     -0.07784967	      4.57132261	      0.68645416	      0.56377563	     -0.06289895	    100.37966960	    -14.86186080	      0.88082381	     96.91019355	     21.76858548	    -25.51856434	      0.00000000	    100.40323053	     -9.71532443	      0.66492984	     95.71201550	     26.75729082	    -11.49909032	      0.00000000	    -27.20757988	     -0.23869371	     -1.01298127	    126.77740322	    -11.78830513	     47.43614186	     26.96927209	     64.71454573	    122.17383254	     -9.34991765	     36.54770819	     25.48894584	     54.60681607
      2.83333330	    -25.75986712	     -0.25732993	      4.57986577	      0.69139592	      0.56072111	     -0.06242816	    101.20823981	    -14.99432475	      0.69212203	     97.63687701	     21.77923009	    -25.46291966	      0.00000000	    101.29859689	     -9.94002730	      0.84555359	     96.32723829	     26.89056888	    -11.19102619	      0.00000000	    -27.20123293	     -0.12510163	     -0.90883759	    127.24402427	    -11.87366378	     47.37845136	     27.04840301	     64.62311711	    122.53033647	     -9.41038930	     36.56246437	     25.56045317	     54.47381136
      2.85000000	    -25.94154219	     -0.44281784	      4.76292969	      0.68776039	      0.55527757	     -0.06190534	    102.00417474	    -15.22147807	      0.60797728	     98.26754962	     21.81982873	    -25.47447759	      0.00000000	    102.11900082	     -9.89068776	      1.10071944	     96.87807070	     27.17253807	    -10.76282542	      0.00000000	    -27.30363086	      0.09108792	     -0.97564860	    127.74713175	    -11.85752390	     47.32805951	     27.05564290	     64.53536323	    122.99466521	     -9.39624475	     36.57379189	     25.53355792	     54.34219091
      2.86666670	    -26.09141072	     -0.63629632	      4.85252020	      0.68550671	      0.55103111	     -0.06145340	    102.80078905	    -15.29294491	      0.59077909	     98.83394739	     21.78770559	    -25.44647976	      0.00000000	    102.94509772	     -9.80035326	      1.46556981	     97.39865468	     27.29555917	    -10.41443700	      0.00000000	    -27.52765060	      0.23391813	     -1.07014598	    128.29829464	    -11.85256673	     47.26742668	     27.00726535	     64.46321333	    123.65394543	     -9.38647480	     36.55818264	     25.48545212	     54.23432185
      2.88333330	    -25.90021747	     -0.80925244	      4.95343465	      0.68359954	      0.54569729	     -0.06012140	    103.33198938	    -15.27472961	      0.57922594	     99.57470765	     21.48972684	    -25.86419482	      0.00000000	    103.53428934	     -9.85160832	      1.83117387	     98.13051486	     27.56894071	     -9.60907257	      0.00000000	    -28.22347164	      0.34465891	     -1.12165479	    129.86780162	    -11.26415360	     48.31722665	     24.95082942	     63.50474910	    125.51235186	     -8.72608933	     38.52533020	     23.02942393	     52.68056725
      2.90000000	    -25.90837078	     -1.07951859	      5.18858519	      0.68469451	      0.54015109	     -0.06068018	    104.06308252	    -15.41111029	      0.58876986	    100.42941701	     21.60021957	    -26.13497134	      0.00000000	    104.41023906	     -9.69355543	      2.23592356	     99.00834632	     27.54831212	     -9.59035091	      0.00000000	    -28.49895985	      0.67510744	     -1.39224982	    130.40011388	    -11.14986597	     48.34142389	     25.11475726	     63.43653489	    126.27797168	     -8.80464011	     38.59369136	     23.06191536	     52.55853030
      2.91666670	    -26.01319498	     -1.28572265	      5.36798066	      0.68411552	      0.53614316	     -0.06002678	    104.67760060	    -15.43047935	      0.65798407	    101.06199370	     21.65684020	    -26.36837102	      0.00000000	    105.20256563	     -9.59419853	      2.53902836	     99.66042771	     27.49916798	     -9.47785026	      0.00000000	    -28.69077762	      0.91413105	     -1.57228463	    130.98629527	    -10.93529647	     48.35449156	     25.14172020	     63.36243336	    127.03799815	     -8.71219126	     38.68735415	     22.98524896	     52.43619909
      2.93333330	    -25.78235306	     -1.57102453	      5.48056645	      0.68411961	      0.53182761	     -0.05980005	    104.93573612	    -15.36758759	      0.59731493	    101.74934848	     21.29808029	    -27.37674799	      0.00000000	    105.78769519	     -9.54484576	      3.00104488	    100.39848210	     27.67258798	     -9.21557034	      0.00000000	    -29.22442186	      1.25820676	     -1.63199066	    131.98568898	    -10.28099419	     49.21277412	     23.56554357	     62.65921251	    128.42258057	     -8.15466747	     40.55833181	     20.63167333	     51.23863006
      2.95000000	    -25.84264261	     -1.66717966	      5.68043016	      0.68435686	      0.52716049	     -0.05953281	    105.54279313	    -15.41518871	      0.80301328	    102.52116888	     21.45393413	    -27.54421961	      0.00000000	    106.45939378	     -9.42471944	      3.16849401	    100.94589540	     27.70738176	     -9.12900962	      0.00000000	    -29.35136354	      1.36782700	     -1.75021759	    132.39120223	    -10.25207109	     49.23250939	     23.59913205	     62.59587582	    128.94448890	     -7.93462931	     40.70537052	     20.77519932	     51.14077013
      2.96666670	    -25.52732310	     -1.76175529	      5.84794430	      0.68415623	      0.52351791	     -0.06054680	    105.78167470	    -15.47602677	      0.96416753	    103.23352319	     21.22598388	    -28.24275943	      0.00000000	    106.70390260	     -9.30819878	      3.32798243	    101.53245232	     27.70558592	     -9.03868104	      0.00000000	    -30.02644675	      1.53183818	     -2.11937759	    133.66488358	     -9.81097369	     52.75128458	     22.06319634	     59.16257438	    131.46611879	     -7.38720651	     50.48798297	     16.50610672	     45.11895920
      2.98333330	    -25.72673053	     -1.89470801	      5.77100194	      0.68448538	      0.51898936	     -0.05839033	    106.42925739	    -15.24193753	      0.98213863	    103.92114787	     21.43043596	    -28.46573887	      0.00000000	    107.38886560	     -9.50046993	      3.64037252	    102.06823445	     28.00026298	     -8.70467074	      0.00000000	    -30.04956713	      1.51296768	     -2.35068121	    133.83142580	     -9.49970994	     52.70444813	     22.21352907	     59.08660586	    132.21460018	     -7.33458942	     50.43827276	     16.64125594	     44.93771087
      3.00000000	    -25.80159136	     -2.04127601	      5.75184041	      0.68494551	      0.51372155	     -0.05987576	    107.04428318	    -15.14437380	      1.07149540	    104.63589165	     21.46174288	    -28.69514075	      0.00000000	    108.21823870	     -9.66245810	      3.85685244	    102.84741341	     28.65566596	     -7.60373974	      0.00000000	    -29.98909332	      1.76718819	     -2.72351593	    133.75621895	     -8.76342753	     52.50736051	     22.16645064	     58.78506176	    132.56852234	     -7.62708701	     50.59522173	     16.21870210	     44.35125969
      3.01666670	    -25.64530381	     -2.07517972	      5.73802386	      0.68689616	      0.51137369	     -0.06083489	    107.25467862	    -15.16450543	      1.24242740	    105.31223306	     21.58195380	    -28.82548177	      0.00000000	    108.58134247	     -9.78439250	      3.92935481	    103.54462426	     28.61239257	     -7.59378485	      0.00000000	    -30.16819027	      1.80646757	     -2.76212228	    133.72243567	     -8.65408560	     52.48368552	     22.16807815	     58.75101534	    132.45491626	     -7.52649911	     50.63964407	     16.22309818	     44.29317600
      3.03333330	    -25.95101798	     -2.20763687	      5.73090622	      0.68672673	      0.50611633	     -0.06100617	    107.94834085	    -15.29866843	      1.27175015	    105.93858042	     21.52717874	    -29.19924982	      0.00000000	    109.49818601	     -9.87144168	      4.04095501	    104.20497682	     28.78785455	     -7.20446083	      0.00000000	    -29.61732849	      1.98171101	     -2.83697045	    133.37972872	     -8.11699078	     52.15165268	     21.67206428	     58.30776138	    132.09172055	     -7.32155502	     50.93205371	     15.90161075	     43.54004544
      3.05000000	    -25.69000425	     -2.22675215	      5.73612767	      0.68845891	      0.50198704	     -0.06071031	    108.19130212	    -15.42446603	      1.40262393	    106.74504698	     21.58507761	    -29.29618139	      0.00000000	    109.88757477	     -9.97585997	      4.13792653	    105.04284861	     28.73997644	     -7.27943207	      0.00000000	    -29.86416581	      2.01533310	     -2.86898126	    133.32795449	     -7.98640114	     52.14068214	     21.68143673	     58.27896589	    132.00945630	     -7.12767815	     50.96745008	     15.95398044	     43.48933214
      3.06666670	    -25.61015661	     -2.31381190	      5.88634502	      0.68780831	      0.49859844	     -0.06122134	    108.55365080	    -15.69493943	      1.50125465	    107.37768003	     21.79184089	    -29.54339635	      0.00000000	    110.35812000	     -9.88105171	      4.19587647	    105.59149212	     28.73816176	     -7.41573155	      0.00000000	    -29.86700185	      2.16599462	     -2.75594846	    133.29712732	     -7.89822040	     52.00507338	     21.44273613	     58.12485695	    131.80950556	     -6.64579134	     51.03674366	     15.97314287	     43.24287906
      3.08333330	    -25.46219545	     -2.40334030	      5.96184708	      0.68523244	      0.49215034	     -0.06066896	    109.15324405	    -15.83227865	      1.59837458	    108.09626805	     21.80952211	    -29.44972469	      0.00000000	    111.01322333	     -9.84803696	      4.39417959	    106.34402915	     28.61970002	     -7.46523792	      0.00000000	    -30.04229119	      2.24193490	     -2.62778662	    133.60956940	     -7.72400575	     51.87178924	     21.10634209	     57.97493921	    132.10552256	     -6.21372650	     51.05217112	     15.90914413	     43.00311005
      3.10000000	    -25.12464732	     -2.51571737	      5.90254255	      0.68301566	      0.48799490	     -0.06055436	    109.53476989	    -15.78805734	      1.63440515	    108.76914173	     22.12017370	    -28.91959365	      0.00000000	    111.47743265	     -9.85430041	      4.75051141	    107.00750801	     28.49124630	     -7.50933850	      0.00000000	    -30.43868571	      2.36128115	     -2.01800535	    134.34809442	     -7.14946842	     51.74207343	     19.36910761	     57.32211075	    132.40917602	     -5.33786956	     51.15300468	     14.70646412	     41.81242640
      3.11666670	    -24.92575398	     -2.51710177	      5.93958231	      0.68556460	      0.48705455	     -0.06124823	    109.85977319	    -15.84575271	      1.74622251	    109.33503302	     22.09764510	    -28.90914960	      0.00000000	    111.75150801	     -9.90267754	      4.85968984	    107.50166212	     28.43235062	     -7.51033688	      0.00000000	    -30.68306358	      2.37457558	     -1.99655366	    134.34425433	     -7.06151770	     51.76267154	     19.39491599	     57.30992205	    132.38973845	     -5.26682733	     51.16860133	     14.72143835	     41.78272709
      3.13333330	    -24.79251932	     -2.48719527	      5.92773965	      0.68285974	      0.48477715	     -0.06126802	    110.14669024	    -15.89683994	      1.83741735	    109.62061933	     22.05170242	    -28.86236979	      0.00000000	    112.03464183	     -9.84661242	      4.90144375	    107.79234064	     28.32419738	     -7.49649832	      0.00000000	    -30.88003774	      2.38156338	     -1.93923390	    134.40009324	     -6.95244765	     51.77915217	     19.41041331	     57.29257226	    132.46625750	     -5.12973971	     51.18044692	     14.75851722	     41.74610479
      3.15000000	    -24.84514510	     -2.50803626	      5.92133002	      0.68211359	      0.48261707	     -0.06166118	    110.62432068	    -16.05164420	      1.86793573	    109.85949663	     21.85919754	    -28.60497203	      0.00000000	    112.45675463	     -9.78370531	      4.92108346	    107.91206830	     27.76889460	     -7.50516776	      0.00000000	    -31.02963102	      2.41235631	     -1.89348672	    134.81600340	     -6.92609820	     51.82024980	     19.28435570	     57.18468696	    132.83533475	     -4.91738802	     51.19852413	     14.71335777	     41.52886635
      3.16666670	    -24.73492915	     -2.49916659	      5.87347656	      0.68119389	      0.48244173	     -0.06150386	    110.72866022	    -16.14011559	      1.83464544	    109.91389600	     21.83503067	    -28.54671090	      0.00000000	    112.58692715	     -9.84312055	      4.91853132	    107.99685165	     27.66926541	     -7.54658447	      0.00000000	    -31.14782374	      2.41704021	     -1.91471320	    134.79391865	     -6.88869284	     51.84969169	     19.25139603	     57.16117595	    132.81619269	     -4.84631839	     51.21326061	     14.69135959	     41.47758820
      3.18333330	    -24.68721385	     -2.53246213	      5.72145669	      0.68243656	      0.48259098	     -0.06197542	    110.74840544	    -16.22623661	      1.67061277	    109.93934103	     21.73447888	    -28.19562486	      0.00000000	    112.66773974	     -9.93610937	      5.01973466	    108.16898132	     27.22351026	     -7.70647909	      0.00000000	    -31.17648166	      2.39398234	     -1.97032225	    134.57146893	     -6.79746988	     51.96858040	     19.16328593	     57.06247029	    132.79662263	     -4.80064363	     51.25527574	     14.56776802	     41.26152906
      3.20000000	    -24.69809015	     -2.55641713	      5.61133248	      0.68223199	      0.48413210	     -0.06163781	    110.60396066	    -16.33353448	      1.41901093	    109.75828132	     21.83821156	    -27.97906102	      0.00000000	    112.56044613	    -10.06273133	      4.99947420	    108.15808306	     27.08829055	     -7.99786714	      0.00000000	    -31.11417983	      2.36832499	     -2.16215858	    134.30771830	     -6.68132894	     52.09149978	     19.12597930	     56.92451407	    132.69899037	     -4.92902052	     51.31321320	     14.45472594	     40.97621836
      3.21666670	    -24.75912759	     -2.53303731	      5.58173451	      0.68179591	      0.48483808	     -0.06071693	    110.54552936	    -16.48373518	      1.21562687	    109.61067035	     21.81852439	    -27.95768704	      0.00000000	    112.46412597	    -10.17475537	      4.91511928	    108.03488910	     27.04739824	     -8.00118088	      0.00000000	    -31.00953239	      2.32078641	     -2.24093349	    134.37222205	     -6.67533114	     52.09099739	     19.13297107	     56.90843566	    132.68551034	     -4.95111892	     51.32004663	     14.44704699	     40.94723546
      3.23333330	    -24.77209506	     -2.61442273	      5.53525990	      0.68280704	      0.48784160	     -0.06084705	    110.20115640	    -16.53783542	      0.93725028	    109.27729415	     21.60701006	    -27.87699307	      0.00000000	    112.15001904	    -10.29971927	      4.90744369	    107.67816995	     26.81781739	     -8.01355129	      0.00000000	    -30.84069217	      2.31983146	     -2.56028704	    134.04810306	     -6.64503084	     52.14502493	     19.12281555	     56.82131804	    132.56372169	     -5.14085135	     51.35083542	     14.44123455	     40.77800840
      3.25000000	    -24.92581230	     -2.62569575	      5.51742400	      0.67996156	      0.49153235	     -0.06113696	    109.95616120	    -16.54402914	      0.73834337	    108.68901127	     21.54588516	    -27.85580927	      0.00000000	    111.84085092	    -10.34498121	      4.72789885	    107.02362598	     26.83667372	     -7.99138568	      0.00000000	    -30.58150747	      2.35073832	     -2.66174852	    134.08283762	     -6.70168342	     52.13882011	     19.10968907	     56.80102055	    132.56657140	     -5.18723658	     51.35541487	     14.44022674	     40.74352827
      3.26666670	    -24.86145383	     -2.59335529	      5.40470965	      0.67831290	      0.49551960	     -0.06156246	    109.49503213	    -16.38048190	      0.56396701	    107.99704511	     19.80844338	    -29.65341400	      0.00000000	    111.23350244	    -10.37274213	      4.63864567	    106.31873606	     26.70644930	     -8.07142122	      0.00000000	    -30.37632108	      2.31574834	     -2.88995117	    133.56218786	     -6.71628780	     51.93164087	     19.24073563	     55.31003436	    132.15334910	     -5.76128181	     52.05189260	     15.34542955	     38.26395866
      3.28333330	    -24.92453500	     -2.62311688	      5.49476320	      0.68010381	      0.50014454	     -0.06117496	    109.04354815	    -16.39432895	      0.44328204	    107.37200294	     19.64589503	    -29.61929463	      0.00000000	    110.63687850	    -10.24755378	      4.54683412	    105.49198260	     26.69295978	     -8.00168504	      0.00000000	    -30.05622520	      2.43483958	     -3.16009298	    133.38178496	     -6.92488414	     51.98508111	     19.21671494	     55.24091975	    131.99728445	     -5.95200356	     52.06526294	     15.22844459	     38.09696902
      3.30000000	    -25.04487694	     -2.58134705	      5.57386559	      0.67950375	      0.50725038	     -0.06001120	    108.37756220	    -16.22958254	      0.29903664	    106.36520524	     19.48613693	    -29.57209554	      0.00000000	    109.91041275	    -10.17026555	      4.34107512	    104.55410846	     26.64384334	     -7.93130951	      0.00000000	    -29.67101782	      2.40605706	     -3.30207642	    133.16411567	     -7.17490931	     52.03291585	     19.21202036	     55.18397841	    131.74615965	     -6.01862639	     52.10098820	     15.22597558	     37.96032221
      3.31666670	    -25.11175057	     -2.47452728	      5.64074843	      0.67812298	      0.51424303	     -0.05995938	    107.61073600	    -16.00994940	      0.22061196	    105.26480670	     19.28750278	    -29.51879228	      0.00000000	    109.04311951	    -10.06560813	      4.04368129	    103.43081463	     26.59737915	     -7.93422007	      0.00000000	    -29.25435572	      2.26579216	     -3.28988436	    132.93301544	     -7.53932845	     52.09491894	     19.17637329	     55.13087717	    131.29247660	     -6.00902636	     52.15607945	     15.30328275	     37.82589699
      3.33333330	    -25.24725794	     -2.32863946	      5.64155830	      0.68417116	      0.52294114	     -0.05975135	    106.64297734	    -15.75356264	      0.14624929	    104.19403471	     19.26226451	    -29.46457740	      0.00000000	    107.87947974	    -10.10830801	      3.70233388	    102.29539510	     26.60221260	     -8.06826448	      0.00000000	    -28.60977225	      2.07301066	     -3.22280079	    132.34874624	     -7.87604436	     52.21194887	     19.20079238	     55.09294674	    130.46610259	     -5.99494690	     52.21490549	     15.47027832	     37.68851415
      3.35000000	    -25.66759335	     -2.12117652	      5.69293659	      0.68354257	      0.53050844	     -0.05934951	    105.86842693	    -15.57591220	      0.12076801	    102.90438404	     19.13702463	    -29.50000593	      0.00000000	    106.93770111	    -10.02435952	      3.21891522	    101.00062037	     26.41520848	     -8.64435808	      0.00000000	    -27.48128847	      1.72502996	     -3.11547865	    131.12672835	     -9.00567979	     52.54734864	     21.12951292	     54.63537968	    128.88927717	     -6.30602537	     51.15851188	     17.53334790	     36.13195606
      3.36666670	    -25.53311075	     -1.90301741	      5.59648710	      0.67815287	      0.53898635	     -0.05969478	    104.79712631	    -15.27991601	      0.05764704	    101.39916039	     18.88642810	    -29.20229222	      0.00000000	    105.64279873	     -9.93772737	      2.74864553	     99.68586674	     26.22231389	     -8.88078307	      0.00000000	    -27.15009444	      1.46963574	     -2.96294275	    130.69145476	     -9.21545563	     52.54716357	     20.91166940	     54.59233580	    128.20564243	     -6.24643640	     51.12962437	     17.58349217	     36.04545618
      3.38333330	    -25.45086885	     -1.53763662	      5.49989490	      0.67626793	      0.54741750	     -0.05848783	    103.85731301	    -14.92618053	      0.16059976	     99.93559925	     18.72287318	    -29.12065346	      0.00000000	    104.36142968	     -9.79262810	      2.30255982	     98.27981210	     25.55039365	    -10.01593016	      0.00000000	    -27.05672707	      0.95958715	     -2.65474756	    130.62626353	     -9.60777236	     52.44843949	     20.78551957	     54.46330061	    127.79949206	     -6.10869872	     50.82649117	     18.18163981	     35.77538094
      3.40000000	    -25.49829897	     -1.38926597	      5.35855036	      0.67688213	      0.55616716	     -0.05687664	    102.90100149	    -14.52188586	      0.01003533	     98.52530134	     18.38729950	    -29.02386697	      0.00000000	    103.29510697	     -9.79898480	      2.07519337	     96.79877222	     25.08820281	    -10.08828028	      0.00000000	    -26.61154220	      0.76362133	     -2.48932651	    130.34316894	     -9.61203714	     52.49311701	     20.80578000	     54.44056555	    127.37031856	     -6.09861648	     50.76521758	     18.27733442	     35.70519777
      3.41666670	    -25.38956855	     -1.12109093	      5.17297494	      0.68131135	      0.56567383	     -0.05726898	    101.62879249	    -14.16505003	      0.01179419	     97.21334204	     17.98730323	    -29.19585648	      0.00000000	    101.85868651	     -9.89750316	      1.72481754	     95.44314335	     24.82277144	    -10.43203189	      0.00000000	    -26.03688616	      0.45611974	     -2.06685918	    129.61443690	     -9.92582567	     52.57914224	     20.74962497	     54.42440191	    126.33021647	     -6.07770658	     50.73547272	     18.53047395	     35.63911749
      3.43333330	    -25.65097057	     -0.90661170	      5.05082856	      0.68317237	      0.57893100	     -0.05523956	    100.25317855	    -13.75312586	     -0.12235727	     95.39788968	     16.23593418	    -31.04153056	      0.00000000	    100.40942526	     -9.98345574	      1.24662682	     93.54774319	     23.82707963	    -11.58961554	      0.00000000	    -25.01924270	      0.15516446	     -1.75221703	    128.14995857	    -10.75319976	     52.22607043	     22.46403540	     54.23036072	    124.45000815	     -6.86658523	     48.49082253	     21.34070217	     34.93825807
      3.45000000	    -25.59615147	     -0.68271902	      4.78843563	      0.68387983	      0.58669499	     -0.05590313	     98.87526064	    -13.43236215	     -0.28444329	     93.93354966	     15.98331150	    -30.81127666	      0.00000000	     98.90768867	    -10.11770143	      0.86030060	     92.05064774	     23.73557446	    -11.70710264	      0.00000000	    -24.33725587	     -0.17045989	     -1.49439602	    127.22246008	    -10.86631603	     52.25769320	     22.34990897	     54.22638814	    123.46712483	     -6.98229128	     48.40263108	     21.40109293	     34.92665548
      3.46666670	    -25.75566204	     -0.52380229	      4.72748377	      0.68492830	      0.59672154	     -0.05528287	     97.74149649	    -13.23487983	     -0.35105989	     92.36572550	     15.30215753	    -31.40428312	      0.00000000	     97.57836684	    -10.03527627	      0.44937038	     90.31052704	     23.36707678	    -12.39063811	      0.00000000	    -23.42413889	     -0.29814700	     -1.43408609	    125.81038241	    -11.30966805	     50.48158482	     24.27879004	     54.11063065	    121.55946097	     -7.96402558	     44.84928162	     24.87636748	     34.93392311
      3.48333330	    -25.80931192	     -0.37602193	      4.53608781	      0.68450854	      0.60718651	     -0.05526104	     96.62765837	    -12.87344402	     -0.44117116	     90.68618392	     15.03530679	    -31.10226859	      0.00000000	     96.17373656	    -10.03409258	      0.08187170	     88.61390378	     23.27346626	    -12.39853665	      0.00000000	    -22.83246524	     -0.46476213	     -1.22827434	    125.29283817	    -11.31319774	     50.49535036	     24.14738053	     54.14463852	    121.19170784	     -8.05615944	     44.77187227	     24.77494621	     34.99360682
      3.50000000	    -25.76228545	     -0.19571468	      4.43833654	      0.68944600	      0.61664487	     -0.05460504	     95.29002174	    -12.61730701	     -0.52491617	     89.23553458	     14.86290482	    -30.90843788	      0.00000000	     94.53024421	    -10.05210336	     -0.34121834	     86.97940116	     23.22826732	    -12.58533501	      0.00000000	    -22.15747029	     -0.57691780	     -1.01146954	    124.51842551	    -11.43668241	     50.55594395	     24.13985331	     54.20276451	    120.50086031	     -8.28962392	     44.75805823	     24.73683006	     35.07569516
      3.51666670	    -25.65106750	      0.23526318	      4.41704582	      0.69271242	      0.62691053	     -0.05388920	     93.80428943	    -12.47818846	     -0.31530181	     87.64586381	     14.79721927	    -30.40880410	      0.00000000	     92.63867844	     -9.94984708	     -1.01883743	     85.23358355	     22.53354071	    -13.50032848	      0.00000000	    -21.52257371	     -1.02792803	     -1.12570144	    123.20921112	    -12.04048243	     50.17992788	     25.73071026	     54.65114460	    119.26833463	     -9.01658477	     43.96124133	     26.55232515	     35.73014386
      3.53333330	    -25.59529994	      0.30584057	      4.36195924	      0.69045917	      0.63721519	     -0.05304746	     92.26827851	    -12.23749731	     -0.49575103	     85.85431502	     14.51985685	    -30.19449006	      0.00000000	     91.11620661	     -9.84246220	     -1.26474050	     83.48161526	     22.31826111	    -13.53901610	      0.00000000	    -20.76073666	     -1.08134490	     -1.00954409	    122.38416994	    -12.18056574	     50.23891320	     25.73585527	     54.72669280	    118.50044241	     -9.32190264	     43.92591011	     26.43927740	     35.81725587
      3.55000000	    -25.48274912	      0.44995467	      4.24395512	      0.69065100	      0.64713870	     -0.05314221	     90.79785150	    -11.97494789	     -0.56911447	     84.02626074	     14.19482274	    -30.04140327	      0.00000000	     89.55012546	     -9.72624932	     -1.54702370	     81.59320738	     21.89512256	    -13.82701741	      0.00000000	    -20.13290792	     -1.21051021	     -1.02445386	    121.69396707	    -12.35185710	     50.31116530	     25.90885439	     54.83385784	    117.93458111	     -9.68439095	     43.89905409	     26.49180660	     35.93755483
      3.56666670	    -25.09717471	      0.67782362	      4.33455758	      0.69383887	      0.65598831	     -0.05259768	     89.15487193	    -11.93852420	     -0.50833778	     82.44270853	     13.69633556	    -30.47194291	      0.00000000	     87.74667455	     -9.42919674	     -1.90436663	     79.79313909	     20.68374610	    -15.25121528	      0.00000000	    -19.94793824	     -1.47548074	     -1.35749155	    121.14924367	    -12.70196281	     50.25807859	     26.75611129	     55.17635092	    117.61259463	    -10.24101996	     43.80350126	     27.41827855	     36.37824446
      3.58333330	    -24.92870154	      0.73885932	      4.22368769	      0.69341059	      0.66361291	     -0.05250514	     87.96948484	    -11.71778623	     -0.55080274	     81.01749530	     13.29469983	    -30.27889434	      0.00000000	     86.46695980	     -9.30039174	     -2.04490119	     78.35974745	     20.42624255	    -15.20618849	      0.00000000	    -19.25299143	     -1.51910930	     -1.32434150	    120.61352295	    -12.72753562	     50.33169550	     26.79530989	     55.28462002	    117.17957395	    -10.55591616	     43.86570131	     27.38595149	     36.50487755
      3.60000000	    -24.62777404	      0.79427415	      4.14663263	      0.69743733	      0.67134047	     -0.05255606	     86.53267184	    -11.48739301	     -0.50384039	     79.74895358	     13.08697267	    -30.26461446	      0.00000000	     84.95541323	     -9.23667176	     -2.18223787	     76.97701873	     20.08441649	    -15.28411606	      0.00000000	    -18.48578003	     -1.55970377	     -1.28426121	    119.79960535	    -12.80498421	     50.46904547	     26.80824710	     55.39677958	    116.45808707	    -10.84904344	     44.01166780	     27.40016467	     36.63477791
      3.61666670	    -24.03317462	      1.00830396	      4.03858831	      0.70096713	      0.68134734	     -0.05344605	     84.77644488	    -11.29107627	     -0.36953416	     78.34445517	     12.16910430	    -31.05313011	      0.00000000	     82.94721274	     -9.05384067	     -2.44453412	     75.46538724	     19.28900438	    -15.95681001	      0.00000000	    -18.12833075	     -1.74608576	     -1.34628445	    118.91586455	    -13.07266766	     50.34099448	     27.44559225	     56.04151569	    115.51385823	    -11.91145804	     44.51782690	     28.90967693	     37.52939061
      3.63333330	    -23.74025205	      1.03044539	      4.03952196	      0.70135702	      0.68913094	     -0.05254215	     83.34742471	    -11.12251655	     -0.37635081	     77.04594068	     11.96400427	    -31.00405719	      0.00000000	     81.46477772	     -8.83096147	     -2.48891457	     74.03153431	     19.23278308	    -15.83204194	      0.00000000	    -17.23766060	     -1.75311300	     -1.13320334	    117.93147536	    -13.42591035	     50.45376476	     27.27746040	     56.15470733	    114.59940461	    -12.10950326	     44.71401371	     28.96511720	     37.67167626
      3.65000000	    -23.34406895	      1.11807019	      3.90978604	      0.70353076	      0.69734475	     -0.05234067	     81.77310014	    -10.85815107	     -0.31181490	     75.73951411	     11.81381229	    -31.01195429	      0.00000000	     79.82188968	     -8.74574450	     -2.63246629	     72.49147146	     19.13808661	    -15.73119316	      0.00000000	    -16.43655594	     -1.86183012	     -0.83751078	    116.99907540	    -13.70956766	     50.60868569	     27.24514863	     56.27164835	    113.51346672	    -12.41426956	     44.96326234	     29.05788961	     37.81547336
      3.66666670	    -22.83500334	      1.41701918	      3.77444489	      0.71226604	      0.70906248	     -0.05295764	     79.69501443	    -10.64633087	     -0.06024027	     74.14070576	     11.02517697	    -31.82053797	      0.00000000	     77.61788761	     -8.57890478	     -2.98050596	     70.69540918	     18.65240429	    -15.89492550	      0.00000000	    -15.80096539	     -2.13277005	     -0.67198133	    115.61299733	    -14.64428204	     50.57861676	     28.73687613	     57.03493423	    111.79591510	    -13.61385122	     45.45442779	     31.52773355	     38.80399199
      3.68333330	    -22.69762504	      1.55138618	      3.81504989	      0.71927870	      0.71712959	     -0.05304123	     77.93475490	    -10.61514936	     -0.02592251	     72.64842290	     10.73930728	    -32.08007697	      0.00000000	     75.86252147	     -8.34022066	     -3.17935081	     69.07536107	     18.36999794	    -15.87634595	      0.00000000	    -14.32856383	     -2.25536885	     -0.46630359	    113.44870003	    -15.68132610	     49.94210672	     30.24394241	     58.01132374	    109.07871461	    -14.21091762	     44.43411202	     33.66575230	     39.93509482
      3.70000000	    -22.16523999	      1.63756352	      3.74236912	      0.72066310	      0.72138213	     -0.05337269	     76.21998791	    -10.53417458	     -0.04561783	     71.51184298	     10.79330131	    -32.03392172	      0.00000000	     74.16653161	     -8.22036996	     -3.30247982	     67.81409752	     18.25711088	    -15.82907849	      0.00000000	    -13.29968324	     -2.36544685	     -0.53084352	    111.92862506	    -15.96973063	     50.12552256	     30.19865594	     58.14668791	    107.35199909	    -14.46485222	     44.53708548	     33.59387749	     40.06725884
      3.71666670	    -22.31015340	      1.85100419	      3.71862906	      0.72485799	      0.72984156	     -0.05217420	     75.22657765	    -10.42192488	      0.14631431	     70.28816198	     10.95200793	    -32.01312790	      0.00000000	     73.00011729	     -7.95026132	     -3.51773707	     66.37752147	     17.56721434	    -16.62789735	      0.00000000	    -11.74019290	     -2.76365244	     -0.83691847	    109.86400629	    -16.68514205	     49.60644890	     32.03255573	     58.92616260	    105.27642071	    -15.49318286	     43.58955039	     35.72414471	     40.96890546
      3.73333330	    -21.98559157	      1.86023351	      3.71546132	      0.72740235	      0.73692814	     -0.05261633	     73.80145197	    -10.35782588	     -0.03062262	     68.96836771	     10.66533343	    -31.96870185	      0.00000000	     71.61412596	     -7.80997269	     -3.57140302	     65.12918669	     17.14194468	    -16.48447890	      0.00000000	    -10.86931271	     -2.73241140	     -0.95934534	    108.68953706	    -16.79474612	     49.68788408	     32.03145568	     59.05988617	    104.09902448	    -15.66675970	     43.66091560	     35.60883435	     41.11052967
      3.75000000	    -21.78077489	      1.88967901	      3.70655536	      0.73038037	      0.74741267	     -0.05276364	     72.32031657	    -10.26458018	     -0.21342780	     67.22433235	     10.12570429	    -31.87689665	      0.00000000	     70.15434804	     -7.60547024	     -3.70910096	     63.49864602	     16.49813066	    -16.50800371	      0.00000000	     -9.97003411	     -2.73654640	     -1.00830593	    107.37495382	    -16.91952697	     49.82286436	     32.06690756	     59.19706625	    102.80618745	    -15.81784096	     43.78760140	     35.52104809	     41.25397364
      3.76666670	    -21.44900414	      1.94032658	      3.62398179	      0.73278353	      0.75598765	     -0.05305087	     70.63833980	    -10.06727626	     -0.26573585	     65.33729966	      8.79866001	    -33.03919424	      0.00000000	     68.43522035	     -7.35912795	     -3.70896602	     61.63404794	     14.97148247	    -17.93309005	      0.00000000	     -9.46079056	     -2.81140875	     -0.92955917	    106.23787944	    -17.08584759	     49.45062542	     32.43201675	     59.77695523	    101.64720219	    -15.78692778	     43.38954340	     35.79056096	     41.92467995
      3.78333330	    -21.32179728	      1.90851493	      3.79880703	      0.73493215	      0.76500287	     -0.05324257	     69.00682366	    -10.08968289	     -0.43551657	     63.49560049	      8.35305722	    -32.93284837	      0.00000000	     66.96170817	     -7.08628488	     -3.83872751	     59.60677380	     14.33948775	    -17.67517752	      0.00000000	     -8.66927020	     -2.72031807	     -0.92969724	    105.11824340	    -17.20369530	     49.62284772	     32.22325470	     59.89930914	    100.42765431	    -15.54767018	     43.61228217	     35.61975129	     42.06021281
      3.80000000	    -20.68997241	      1.92871823	      3.81794990	      0.73813093	      0.77522445	     -0.05344425	     66.84057870	    -10.02058508	     -0.61206017	     61.41382344	      7.35149624	    -33.77986859	      0.00000000	     64.81139399	     -6.82785956	     -3.82847337	     57.43922395	     12.99844464	    -18.49666469	      0.00000000	     -8.49457769	     -2.75856945	     -0.71608272	    103.84738593	    -17.48483673	     49.55859042	     31.71213735	     60.35585136	     99.32059615	    -14.71580693	     43.49312703	     34.90794570	     42.59797176
      3.81666670	    -20.42127190	      1.96480897	      3.98571987	      0.74077256	      0.78213580	     -0.05305157	     65.29525804	    -10.11467498	     -0.81057995	     59.68684356	      7.04134550	    -33.74686027	      0.00000000	     63.22183295	     -6.57224587	     -3.98066621	     55.52434931	     12.62219018	    -18.31890643	      0.00000000	     -7.71034702	     -2.61791064	     -0.68198655	    102.35592127	    -17.43167352	     49.84047243	     31.58304644	     60.46284947	     97.70863691	    -14.42334216	     43.80832577	     34.57287576	     42.71784235
      3.83333330	    -20.06454777	      2.04002643	      3.90463598	      0.75048002	      0.79308153	     -0.05246524	     63.08451235	    -10.05096176	     -1.15819342	     57.58860515	      6.37919955	    -33.71938015	      0.00000000	     60.99088458	     -6.38875820	     -4.06570006	     53.06447797	     12.17768820	    -17.99756720	      0.00000000	     -6.76035400	     -2.66592974	     -0.58223515	    100.23267355	    -17.31657749	     50.16351626	     31.42896828	     60.56777556	     95.67971742	    -14.16942833	     44.11580822	     34.13191757	     42.83984116
      3.85000000	    -19.39587977	      2.09682087	      3.70465130	      0.75419199	      0.80169499	     -0.05186377	     60.70396404	     -9.76541623	     -1.35696742	     55.53228793	      4.40621464	    -35.00000000	      0.00000000	     58.57269984	     -6.31939566	     -4.14314009	     50.85311103	     11.93222539	    -17.62621217	      0.00000000	     -6.30784279	     -2.81196471	     -0.20719402	     97.62620703	    -17.69806753	     48.19177647	     32.17299019	     61.18224136	     93.78724496	    -13.13400071	     42.78137975	     33.12666783	     44.11560442
      3.86666670	    -19.07002220	      2.13107900	      3.66692986	      0.75888851	      0.80915513	     -0.05261730	     58.85060329	     -9.65789689	     -1.56190694	     53.58419910	      4.40299065	    -35.00000000	      0.00000000	     56.63583442	     -6.11455224	     -4.17388363	     48.76526661	     11.44986855	    -17.21686482	      0.00000000	     -5.37320981	     -2.75617069	     -0.04744316	     95.61142862	    -17.67180972	     48.46937938	     32.02005421	     61.25592386	     91.61881130	    -12.80772088	     43.15868076	     33.02572713	     44.23238197
      3.88333330	    -18.03902308	      2.00519327	      3.71983106	      0.76185751	      0.82034229	     -0.05188003	     55.98533445	     -9.38984948	     -1.90687547	     51.24358496	      4.17365097	    -35.00000000	      0.00000000	     54.06981084	     -6.05933437	     -4.08905088	     46.65125169	     10.69776907	    -17.05091580	      0.00000000	     -5.44973081	     -2.74072839	      0.24114346	     92.99779500	    -18.34479036	     45.85650639	     33.22559442	     61.64878618	     89.48722134	    -12.04011115	     41.59275635	     33.70047912	     45.52692554
      3.90000000	    -17.67540089	      1.96316237	      3.75620667	      0.76374672	      0.82510254	     -0.05234514	     54.33080331	     -9.36009957	     -2.28851003	     49.39905123	      3.35941753	    -35.00000000	      0.00000000	     52.54209075	     -5.98753547	     -4.22792343	     44.87316689	      9.84977728	    -16.80263526	      0.00000000	     -4.61287466	     -2.65427374	      0.63752388	     91.30880956	    -18.51250152	     45.90029533	     32.73699176	     61.73629609	     87.52163635	    -11.50606637	     41.94298567	     33.71222751	     45.74477224
      3.91666670	    -17.38947100	      1.90293937	      3.78490624	      0.76721947	      0.83242962	     -0.05260063	     52.78618430	     -9.24676828	     -2.56559917	     47.55655162	      2.86068170	    -35.00000000	      0.00000000	     50.96679176	     -5.77528541	     -4.05030334	     43.00859362	      9.38884578	    -16.66512298	      0.00000000	     -3.87621104	     -2.41507462	      0.85690019	     89.74802110	    -18.63036872	     45.97656019	     32.40562404	     61.78215871	     85.93785486	    -11.29421793	     42.25566668	     33.54027829	     45.88620066
      3.93333330	    -16.44449524	      1.60864736	      3.88841571	      0.77232284	      0.84063190	     -0.05272944	     50.20916807	     -8.95441968	     -3.12870356	     45.28070375	      2.26283085	    -35.00000000	      0.00000000	     48.74343756	     -5.75831410	     -3.56259171	     41.18925035	      8.66984882	    -16.89394399	      0.00000000	     -3.98248855	     -1.91852303	      1.04520005	     88.43148789	    -18.66048434	     45.10612189	     31.89651588	     61.86769278	     84.75534548	    -10.79453730	     42.63652584	     32.96632127	     46.51046618
      3.95000000	    -16.27604010	      1.52723358	      3.99541836	      0.77846385	      0.84518226	     -0.05240548	     48.61087747	     -8.78401108	     -3.34834351	     43.42591297	      2.25782523	    -35.00000000	      0.00000000	     47.30350800	     -5.63139898	     -3.41236312	     39.58907670	      8.38147816	    -16.66901012	      0.00000000	     -3.01101192	     -1.79300699	      1.07572317	     86.75041924	    -18.65156408	     45.27420077	     31.65584803	     61.90500364	     83.24576242	    -10.72762773	     42.99540508	     32.71576856	     46.62694749
      3.96666670	    -15.47963493	      1.13058707	      4.24988023	      0.78160108	      0.85444810	     -0.05379387	     46.04957086	     -8.44502147	     -3.97977380	     41.10223784	      1.67938325	    -35.00000000	      0.00000000	     45.21309569	     -5.60639628	     -2.86242658	     37.82135823	      7.87455016	    -16.68929218	      0.00000000	     -3.03962483	     -1.20005771	      0.93792018	     85.30575431	    -18.57323377	     44.44686641	     31.59939546	     61.92566427	     82.09150829	    -10.47133836	     43.70305960	     32.23969373	     47.24535742
      3.98333330	    -14.83603923	      0.94861079	      4.19186619	      0.78373980	      0.86173349	     -0.05351885	     43.86659023	     -8.10135996	     -4.35224346	     38.91565357	      0.86348024	    -34.92021346	      0.00000000	     43.22209653	     -5.63331825	     -2.75224342	     35.79066152	      6.96550168	    -16.78993531	      0.00000000	     -2.80324846	     -0.89886558	      1.06754191	     83.59397071	    -18.56271792	     43.72778093	     31.66298587	     61.96486751	     80.66786151	    -10.28443578	     44.24565484	     32.14307497	     47.84094195
      4.00000000	    -14.64527786	      0.86225784	      4.08740308	      0.78948394	      0.86590894	     -0.05421303	     42.35188759	     -7.83264251	     -4.48353271	     37.06170708	      0.64090033	    -34.64842749	      0.00000000	     41.75143174	     -5.60128994	     -2.64888424	     34.05101634	      6.69930812	    -16.62419215	      0.00000000	     -1.86205226	     -0.78005762	      1.12305449	     81.73469972	    -18.45646271	     43.94763401	     31.49267909	     61.99596983	     78.92115059	    -10.17866191	     44.60369289	     31.97548479	     47.93730871
      4.01666670	    -13.83222314	      0.57063688	      3.97343313	      0.79268397	      0.87053615	     -0.05439515	     40.06048573	     -7.43932210	     -5.05247974	     34.96577415	      0.26010370	    -34.08198391	      0.00000000	     39.85087216	     -5.75562328	     -2.29296986	     32.62991215	      6.11914526	    -16.68185657	      0.00000000	     -1.92104405	     -0.25303778	      1.15447008	     80.27286384	    -18.25210487	     43.36800635	     31.62607845	     61.97865420	     77.68742320	    -10.10670087	     44.92861046	     31.99096582	     48.36216619
      4.03333330	    -13.47808860	      0.48940320	      3.88019938	      0.79420609	      0.87750155	     -0.05570089	     38.32206282	     -7.26297463	     -5.43581192	     32.86286000	     -0.15950741	    -33.44800279	      0.00000000	     38.39949883	     -5.72775369	     -2.40730616	     30.96091972	      5.32168675	    -16.56737969	      0.00000000	     -1.36312890	     -0.09465317	      1.15638126	     78.59874098	    -18.10369602	     43.27590159	     31.52839570	     61.99417238	     76.15409882	    -10.02556589	     45.22686525	     32.00043891	     48.59677458
      4.05000000	    -12.70794081	      0.45753230	      3.66292814	      0.79980700	      0.88470937	     -0.05552373	     36.10827811	     -7.07354630	     -5.90256190	     30.71834784	     -0.71454602	    -32.70747681	      0.00000000	     36.23832569	     -5.66893803	     -2.14181413	     29.10034453	      4.40549757	    -16.71952963	      0.00000000	     -1.28616407	      0.15380530	      1.29818724	     76.78376490	    -18.00217093	     42.65807429	     31.78143255	     61.98567005	     74.29808635	    -10.21753289	     45.25350369	     32.62058735	     49.06642981
      4.06666670	    -12.03513150	      0.45364030	      3.50112851	      0.80536893	      0.88737241	     -0.05545265	     34.07869134	     -6.91426611	     -6.36715971	     28.86000828	     -0.71475668	    -31.92051649	      0.00000000	     34.30208971	     -5.69840945	     -2.19091508	     27.49141445	      3.68925841	    -17.05589204	      0.00000000	     -1.02178686	      0.26475979	      1.30976516	     74.96396905	    -17.72299709	     41.75917827	     32.05289036	     61.99704934	     72.34203130	    -10.49933541	     44.85057258	     33.36246916	     49.69676046
      4.08333330	    -11.41622102	      0.42000885	      3.30405821	      0.81119301	      0.89105155	     -0.05491538	     31.95294974	     -6.66258861	     -6.92352084	     26.82516691	     -0.57320129	    -30.95418870	      0.00000000	     32.42943885	     -5.82045699	     -2.33065808	     25.94756554	      3.26115618	    -17.02420863	      0.00000000	     -0.56001522	      0.36013252	      1.35047715	     72.91675955	    -17.38801809	     40.74849964	     32.08033624	     62.08999914	     70.30920633	    -10.59635014	     44.10569441	     33.83311053	     50.47331357
      4.10000000	    -11.19661351	      0.36620338	      3.00039461	      0.81299725	      0.89532406	     -0.05557835	     30.54979989	     -6.35897981	     -7.23030586	     25.03480375	     -0.90792756	    -30.42970633	      0.00000000	     31.17089924	     -5.97032660	     -2.71468054	     24.61782022	      2.70958563	    -16.93685677	      0.00000000	      0.26880221	      0.49386504	      1.52725961	     71.07763247	    -17.13588592	     40.82020606	     31.95976384	     62.15032785	     68.44524473	    -10.57334254	     44.16861983	     33.71607685	     50.66596493
      4.11666670	    -10.31869891	      0.28167150	      2.81713870	      0.81935209	      0.89962000	     -0.05517185	     28.27111219	     -6.08920898	     -7.92570004	     23.08360180	     -0.94877700	    -29.44381234	      0.00000000	     28.93076906	     -6.14197054	     -3.03936697	     22.74932618	      2.36100254	    -16.66676345	      0.00000000	      0.23614642	      0.70445094	      1.52646422	     69.25372232	    -16.83255092	     40.09945651	     32.22483175	     62.22863248	     66.44728173	    -10.61400064	     43.46961415	     33.87215224	     51.19136648
      4.13333330	     -9.92582168	      0.31237482	      2.56914659	      0.82119532	      0.90402411	     -0.05490335	     26.68508035	     -5.93574517	     -8.57154885	     21.19066352	     -0.94507827	    -27.89455439	      0.00000000	     27.25076494	     -6.17784119	     -3.54813739	     20.91795597	      2.29641681	    -15.86405807	      0.00000000	      0.71766854	      0.65779675	      1.63616798	     66.50258505	    -16.48844579	     36.98759578	     33.30130184	     62.77487598	     63.80601116	    -10.36145524	     40.09309369	     34.70259402	     53.44088151
      4.15000000	     -9.53752862	      0.15434225	      2.58253317	      0.82641410	      0.90758119	     -0.05541258	     24.97406724	     -5.62959209	     -9.26279027	     19.20488881	     -1.76310723	    -27.44151767	      0.00000000	     25.65065633	     -6.31882743	     -3.95151411	     19.01760943	      1.62947232	    -15.45747120	      0.00000000	      1.31419952	      0.84377676	      1.53690804	     64.49774848	    -16.36092567	     37.14459457	     33.18487539	     62.92500347	     61.73859950	    -10.25443611	     40.24913976	     34.55858108	     53.75167943
      4.16666670	     -8.45777845	      0.22031313	      2.46625666	      0.83229141	      0.91494796	     -0.05632441	     22.41481783	     -5.47458455	    -10.02715122	     17.06414842	     -2.17978916	    -26.39470427	      0.00000000	     23.10137696	     -6.26323118	     -4.61294375	     17.02057203	      1.33223636	    -14.60265403	      0.00000000	      0.94207996	      0.83884214	      1.41348577	     62.25311042	    -16.25608660	     36.43020271	     33.86300972	     63.19955993	     59.47901167	    -10.26698374	     39.35285325	     34.86253034	     54.52685553
      4.18333330	     -7.64806607	      0.24634377	      2.28617706	      0.83432825	      0.91832643	     -0.05601405	     20.30311214	     -5.28570190	    -10.89755758	     15.04882836	     -2.25352761	    -24.78249812	      0.00000000	     20.94792163	     -6.27342930	     -5.47613693	     15.10014435	      1.20523492	    -13.40700943	      0.00000000	      0.84787237	      0.84084470	      1.43282841	     59.84930734	    -16.15890544	     34.99252851	     34.88649978	     63.56872405	     57.01960449	    -10.09077010	     37.51960430	     35.35236295	     55.62574831
      4.20000000	     -7.43742445	      0.15137917	      2.34156976	      0.83850759	      0.91715120	     -0.05678749	     18.96571479	     -5.11515032	    -11.93158730	     13.45474775	     -3.06258373	    -24.17528621	      0.00000000	     19.62757625	     -6.22693975	     -5.85943999	     13.37394305	      0.93939281	    -13.13416812	      0.00000000	      1.47016512	      0.99860682	      1.27481665	     56.90260771	    -15.84039314	     30.79625642	     36.46179530	     66.60564446	     53.92671899	     -9.55292447	     32.60949739	     36.28153171	     62.04187546
      4.21666670	     -7.02344672	      0.23559401	      2.20615777	      0.84106562	      0.91826521	     -0.05707936	     17.46696280	     -5.00527933	    -12.26596191	     11.82604765	     -3.38509767	    -23.42292402	      0.00000000	     18.07009244	     -6.11530094	     -6.66838337	     11.69840061	      0.57235316	    -12.37631067	      0.00000000	      1.92755607	      0.93287163	      1.38787619	     55.06967101	    -15.78309604	     31.12135449	     36.30019048	     66.76089423	     51.96287188	     -9.44131640	     32.88567712	     36.12260930	     62.27851702
      4.23333330	     -5.90324932	      0.25397438	      2.16300453	      0.84790387	      0.92348003	     -0.05747566	     14.91825530	     -4.82728253	    -13.42137158	      9.93532890	     -2.85493480	    -21.45530124	      0.00000000	     15.67124198	     -6.09546726	     -7.71765383	     10.01668803	      1.03904280	    -10.37140388	      0.00000000	      1.44023518	      0.91503916	      1.26556177	     52.95322610	    -15.77640542	     30.78818055	     37.08450094	     67.08585849	     49.85000067	     -9.45240037	     32.41800021	     36.38206810	     62.89956712
      4.25000000	     -5.24609939	      0.24152711	      2.18578621	      0.85151673	      0.92669325	     -0.05837885	     12.96126097	     -4.66338641	    -14.62141625	      8.19075124	     -2.44648394	    -19.27613853	      0.00000000	     13.93807003	     -6.02929969	     -8.52321552	      8.59730219	      1.03095345	     -8.87012074	      0.00000000	      1.49627645	      0.96158769	      1.15010943	     50.63620282	    -15.71929859	     29.90197719	     37.80664732	     67.42136408	     47.48382019	     -9.31496351	     31.48064520	     36.60218436	     63.63669061
      4.26666670	     -4.69865961	      0.22715562	      2.24318713	      0.85408544	      0.92452781	     -0.05882816	     11.37142789	     -4.50829253	    -15.50994352	      6.82098278	     -1.96752819	    -17.55422784	      0.00000000	     12.52038274	     -5.95593257	     -9.15583110	      7.47547911	      1.18582772	     -7.75289398	      0.00000000	      1.65601122	      1.01200400	      0.98588476	     48.43261456	    -15.66789647	     28.90714678	     38.80015047	     67.89189995	     45.11359688	     -9.17043499	     30.40470171	     36.90250394	     64.55825818
      4.28333330	     -4.53807381	      0.29402739	      2.15803049	      0.85902429	      0.92464103	     -0.05979979	     10.27438832	     -4.43381532	    -15.74128291	      5.58622295	     -1.99419718	    -17.36746504	      0.00000000	     11.54752873	     -5.77398836	     -9.58042800	      6.46567819	      1.17043527	     -7.77638486	      0.00000000	      2.44706299	      1.01689967	      0.91545266	     46.40431174	    -15.50259952	     29.14801752	     38.68557221	     67.96720729	     42.82168529	     -9.12654470	     30.60694283	     36.52580620	     64.66584563
      4.30000000	     -4.01127681	      0.34109054	      1.98496322	      0.86115419	      0.92565897	     -0.05933646	      8.75782826	     -4.32074695	    -16.94520262	      4.13193624	     -1.00920132	    -14.07567162	      0.00000000	     10.15480758	     -5.70471303	    -10.66495049	      5.36453747	      1.51880549	     -5.80965223	      0.00000000	      2.41268539	      0.92566538	      1.00630904	     43.34648309	    -15.88599973	     27.13483144	     41.37321770	     68.91307417	     40.05443019	     -8.93753850	     28.22361384	     37.73636175	     66.31441063
      4.31666670	     -3.73557215	      0.40023319	      1.98234869	      0.86474953	      0.92882966	     -0.05941844	      7.45584207	     -4.17316214	    -17.10397882	      2.61702841	     -1.36422433	    -13.52739910	      0.00000000	      9.08952802	     -5.53348944	    -10.81748227	      4.24218774	      1.12737518	     -5.30763441	      0.00000000	      2.83664215	      0.93668273	      0.46250705	     41.08903874	    -15.46319023	     27.31073337	     41.68983215	     69.09444883	     37.83661086	     -9.17215238	     28.26709879	     37.09035070	     66.57535093
      4.33333330	     -3.02178061	      0.50947640	      1.98641093	      0.86655789	      0.92650835	     -0.06024677	      5.79833258	     -4.13782453	    -18.14150855	      1.36309709	     -0.27732143	    -11.10842659	      0.00000000	      7.56629228	     -5.33734685	    -11.80336060	      3.29664499	      1.83144544	     -3.52603138	      0.00000000	      2.35530514	      0.82188741	      0.35047446	     38.53578400	    -15.66450800	     26.31116037	     43.73101352	     69.92070351	     35.78469433	     -8.98292247	     27.27801308	     37.21972555	     67.86344082
      4.35000000	     -2.93343825	      0.62072492	      1.89771583	      0.86810138	      0.92618560	     -0.06169379	      5.04241446	     -4.16588474	    -18.28648436	      0.38383801	     -0.38933681	    -10.88130541	      0.00000000	      6.75295252	     -5.07565715	    -12.12349901	      2.35247727	      1.81229456	     -3.48615671	      0.00000000	      2.83932314	      0.82947407	      0.26224096	     36.48909571	    -15.49127248	     26.54169927	     43.63083589	     70.02453593	     33.54069290	     -8.96470129	     27.48784958	     36.71499169	     68.00833082
      4.36666670	     -2.55128766	      0.79241794	      1.61090915	      0.87083935	      0.92754334	     -0.06081741	      4.26941143	     -4.32281500	    -19.28134705	      0.00000000	      0.84992208	     -8.00816562	      0.00000000	      5.65215102	     -4.81910578	    -13.51038013	      1.39436270	      2.07098247	     -1.51996110	      0.00000000	      2.62843134	      0.69000451	      0.63861511	     33.48616963	    -15.87810215	     25.07300796	     45.87127796	     70.93904637	     31.21626673	     -8.73984188	     26.35878080	     37.01089433	     69.35534778
      4.38333330	     -2.33542400	      1.03191954	      1.57819194	      0.87245771	      0.92832392	     -0.06189796	      3.83745410	     -4.64722971	    -20.26686898	      0.00000000	      1.41177959	     -6.52650960	      0.00000000	      4.92378790	     -4.44038368	    -13.91264536	      0.69487033	      1.94361196	     -0.94943081	      0.00000000	      2.46950133	      0.29566937	      1.05680009	     29.94361279	    -15.80744961	     21.83228365	     47.75762758	     73.48722892	     29.31512577	     -8.04470136	     24.39267086	     36.54345473	     72.89235467
      4.40000000	     -2.14257212	      1.03837239	      1.37021797	      0.87369483	      0.92995964	     -0.06230236	      3.47909810	     -4.68389285	    -20.19338491	      0.00000000	      1.42054817	     -6.34703194	      0.00000000	      4.24560746	     -4.34777453	    -14.31039897	      0.00000000	      1.79875308	     -0.93276075	      0.00000000	      2.45396269	      0.40460273	      0.93646316	     28.00678644	    -15.52424261	     22.18249598	     47.48180553	     73.59746446	     27.22792765	     -8.04362710	     24.63216140	     35.96601058	     73.01459068
      4.41666670	     -2.24713125	      1.12336398	      1.20363877	      0.87276187	      0.92776814	     -0.06140641	      3.51630831	     -4.80339281	    -20.89526997	      0.00000000	      2.35603042	     -4.39624366	      0.00000000	      4.25752641	     -4.29370872	    -15.66231307	      0.00000000	      2.19898227	      0.85648827	      0.00000000	      2.62112078	      0.30196448	      0.88320322	     25.76627667	    -15.33295780	     22.12576564	     47.79175892	     74.44173957	     25.35534439	     -7.95866447	     24.12794196	     35.16207806	     73.86941982
      4.43333330	     -2.01245170	      1.13763294	      1.16656086	      0.86987024	      0.92948366	     -0.06146953	      3.28792635	     -4.84424019	    -20.86445228	      0.00000000	      2.32185219	     -4.30246014	      0.00000000	      4.05521431	     -4.29091834	    -15.79288500	      0.00000000	      2.10055555	      0.89274747	      0.00000000	      2.04711204	      0.21189710	      0.72179982	     24.15235574	    -15.14775083	     22.39419429	     47.43074479	     74.49991141	     23.77715549	     -8.00985249	     24.27081034	     34.61486371	     73.92140881
      4.45000000	     -1.76112137	      1.19434420	      1.16066997	      0.86859394	      0.92730675	     -0.06192441	      3.03976806	     -4.93114989	    -21.73541313	      0.00000000	      3.12355708	     -2.57597471	      0.00000000	      3.85102587	     -4.24543472	    -16.99469309	      0.00000000	      2.64798517	      2.83320733	      0.00000000	      1.56034499	      0.15292023	      0.51865650	     22.72607425	    -14.68637026	     22.29333049	     46.44401325	     75.44817048	     22.66583658	     -7.59914776	     23.66243320	     32.50961531	     74.72467880
      4.46666670	     -1.54971221	      1.15910745	      1.25885586	      0.86847758	      0.92599279	     -0.06328775	      2.88020597	     -4.93764174	    -21.64091149	      0.00000000	      3.14991767	     -2.52768450	      0.00000000	      3.75491935	     -4.24917057	    -17.11584676	      0.00000000	      2.57724258	      2.84352806	      0.00000000	      0.91943524	      0.15214558	      0.27383042	     21.19936112	    -14.71594218	     22.51477704	     45.96843661	     75.50582672	     21.29102206	     -7.61689645	     23.78557902	     32.02297510	     74.77160859
      4.48333330	     -1.18823631	      1.17328896	      1.20853645	      0.86855545	      0.92176343	     -0.06229195	      2.53006043	     -4.97362861	    -21.98007019	      0.00000000	      3.88883536	     -1.58753015	      0.00000000	      3.36191559	     -4.24197859	    -17.82904153	      0.00000000	      2.81424529	      3.90686087	      0.00000000	      0.53072705	      0.11255576	      0.24520510	     19.88754748	    -14.39080196	     22.60303573	     44.18955212	     76.36356631	     20.21152659	     -7.23793153	     23.47153193	     30.03686447	     75.37202739
      4.50000000	     -0.99385935	      1.14231983	      1.30222052	      0.86749358	      0.92372055	     -0.06373385	      2.38398035	     -4.98028316	    -21.95864001	      0.00000000	      3.93105267	     -1.60251767	      0.00000000	      3.27333006	     -4.23806564	    -17.94774109	      0.00000000	      2.74930081	      3.86141740	      0.00000000	     -0.07046450	      0.13801670	      0.04391319	     18.36990234	    -14.57794055	     22.78112245	     43.60732480	     76.41828743	     18.86454125	     -7.36538642	     23.57448681	     29.55895730	     75.41144169
      4.51666670	     -0.76132912	      1.15588466	      1.37745628	      0.86857067	      0.92804014	     -0.06570945	      2.13885199	     -5.05578533	    -22.00549779	      0.00000000	      3.90359790	     -1.59845871	      0.00000000	      3.08270320	     -4.16864735	    -18.05034705	      0.00000000	      2.58057637	      3.87431968	      0.00000000	     -0.58945404	      0.16567120	     -0.04602102	     16.71000392	    -14.61732085	     22.99477172	     42.86338919	     76.47832567	     17.40108045	     -7.42142342	     23.68765536	     29.00090678	     75.45167714
      4.53333330	     -0.46669086	      1.25651894	      1.41935353	      0.87004269	      0.92976890	     -0.06539208	      1.82039757	     -5.19968970	    -22.35867331	      0.00000000	      4.02363729	     -0.88921112	      0.00000000	      2.74488525	     -4.02320912	    -18.48481702	      0.00000000	      2.41029963	      4.48361386	      0.00000000	     -0.78340990	      0.02664092	      0.25751053	     15.78352210	    -13.76426725	     22.66633945	     38.82499849	     77.11403532	     16.66268954	     -6.94535382	     23.70205457	     26.61745944	     75.89929065
      4.55000000	     -0.25096910	      1.28391241	      1.52031968	      0.87262332	      0.93063733	     -0.06576537	      1.46986113	     -5.26520279	    -22.32543126	      0.00000000	      3.93517013	     -0.87284436	      0.00000000	      2.46060079	     -3.97536114	    -18.55472954	      0.00000000	      2.25864544	      4.48267465	      0.00000000	     -1.15685495	     -0.01356131	      0.07146828	     14.16474344	    -13.80401798	     22.84404366	     38.21243365	     77.16367904	     15.28450988	     -7.14641453	     23.78734690	     26.12031694	     75.92767184
      4.56666670	      0.03119856	      1.40511215	      1.62668252	      0.87010203	      0.93551182	     -0.06563480	      1.12816821	     -5.42705658	    -22.73518903	      0.00000000	      3.81003973	     -0.38251809	      0.00000000	      2.12662344	     -3.82287749	    -18.89285467	      0.00000000	      1.99834381	      5.07793361	      0.00000000	     -1.41681709	     -0.11137430	      0.14222100	     13.39324438	    -12.90745239	     22.29565604	     34.72091772	     77.62811870	     14.56193778	     -6.96187715	     23.80081231	     24.57940370	     76.21345947
      4.58333330	      0.20163810	      1.42151811	      1.72407503	      0.86799748	      0.93743869	     -0.06527933	      0.96116499	     -5.44876419	    -22.73535927	      0.00000000	      3.65383468	     -0.35082948	      0.00000000	      1.98494891	     -3.77415486	    -18.99698177	      0.00000000	      1.83026307	      5.07217165	      0.00000000	     -1.84484551	     -0.10469595	      0.02788618	     12.11461337	    -12.85951151	     22.40648552	     34.14384280	     77.66854503	     13.62715112	     -7.17646075	     23.83020246	     24.20373653	     76.22680366
      4.60000000	      0.59008860	      1.49964664	      1.67557839	      0.86855721	      0.93473573	     -0.06412431	      0.57812004	     -5.50352183	    -22.95810121	      0.00000000	      3.46028274	     -0.04183610	      0.00000000	      1.57780272	     -3.72818459	    -19.34877950	      0.00000000	      1.59518796	      5.56312906	      0.00000000	     -2.25591854	     -0.22140666	      0.28485030	     11.55125475	    -11.99302826	     21.69564806	     30.89792860	     77.90904977	     13.15945489	     -7.15316347	     23.55446040	     23.32514131	     76.26076725
      4.61666670	      0.77505157	      1.53726560	      1.80536381	      0.87031986	      0.93396085	     -0.06506554	      0.34699438	     -5.52103464	    -23.18179647	      0.00000000	      3.32385048	     -0.10275540	      0.00000000	      1.39070124	     -3.68415161	    -19.51356512	      0.00000000	      1.51674167	      5.62024507	      0.00000000	     -2.42153122	     -0.17658655	      0.20040182	     10.40212027	    -11.82882138	     21.71512328	     30.24191164	     77.95754841	     12.44682988	     -7.39001299	     23.48803151	     23.04659615	     76.24424518
      4.63333330	      1.03479845	      1.55897364	      1.83798267	      0.87164733	      0.93715404	     -0.06539226	      0.00692084	     -5.52924716	    -23.43459174	      0.00000000	      3.18522396	      0.27125902	      0.00000000	      1.08219888	     -3.67721201	    -19.89339870	      0.00000000	      1.63306628	      6.48572280	      0.00000000	     -2.62687999	     -0.26054947	      0.33257793	      9.74169379	    -11.14136712	     20.82540877	     27.62883531	     78.05756724	     11.86221774	     -7.47055394	     22.75460826	     22.70197522	     76.01829873
      4.65000000	      1.14861300	      1.55901958	      1.93198906	      0.87204247	      0.93768928	     -0.06537792	     -0.19145383	     -5.52744661	    -23.51030485	      0.00000000	      3.13371265	      0.25264722	      0.00000000	      0.90291334	     -3.67752205	    -20.01124910	      0.00000000	      1.58539265	      6.48003970	      0.00000000	     -2.79785186	     -0.20130540	      0.27448655	      8.74693096	    -11.05281649	     20.86911929	     27.23850089	     78.07274341	     11.20061748	     -7.71323652	     22.70096769	     22.47801420	     75.99571489
      4.66666670	      1.33649397	      1.59951515	      2.02828670	      0.87239185	      0.93733696	     -0.06427013	     -0.47873627	     -5.54386673	    -24.13374303	      0.00000000	      3.06828351	      0.36194996	      0.00000000	      0.62410172	     -3.65229980	    -20.24592066	      0.00000000	      1.60054915	      7.02133157	      0.00000000	     -2.98991190	     -0.29516698	      0.53599979	      7.88238416	    -10.67276754	     20.46005521	     25.84162298	     78.06540551	     10.80778810	     -7.77937207	     22.11609876	     22.50202556	     75.77998319
      4.68333330	      1.36025696	      1.59154213	      1.96812380	      0.86974384	      0.93104000	     -0.06444656	     -0.42482093	     -5.54678349	    -24.12046408	      0.00000000	      3.12437931	      0.36498459	      0.00000000	      0.62368815	     -3.63723178	    -20.28512502	      0.00000000	      1.67970313	      7.01233630	      0.00000000	     -3.25991246	     -0.11194589	      0.48758209	      7.37313829	    -10.59841833	     20.47869308	     25.63539339	     78.06694349	     10.59125469	     -8.06115819	     22.05270620	     22.37182912	     75.76115768
      4.70000000	      1.41815354	      1.52777574	      2.03192806	      0.86811693	      0.93103273	     -0.06438000	     -0.43142057	     -5.45983098	    -24.12608292	      0.00000000	      3.22443180	      0.34214542	      0.00000000	      0.64429524	     -3.71795052	    -20.35233843	      0.00000000	      1.82574283	      7.00508110	      0.00000000	     -3.49877630	     -0.06640081	      0.46749350	      6.81879575	    -10.52094472	     20.48692542	     25.37818499	     78.06532936	     10.35336713	     -8.39729210	     21.96078885	     22.23158682	     75.73223339
      4.71666670	      1.77273991	      1.49358273	      2.06542429	      0.86548943	      0.93237744	     -0.06515944	     -0.75060670	     -5.41710004	    -24.50646355	      0.00000000	      3.90470312	      0.85796798	      0.00000000	      0.33807930	     -3.78890298	    -21.20545075	      0.00000000	      2.83781523	      8.74086913	      0.00000000	     -3.78266184	     -0.05291452	      0.28332332	      7.13575565	     -9.59184541	     18.68336231	     22.72647412	     77.79206478	     10.07332066	     -8.39666749	     19.22199859	     22.29582403	     74.65342545
      4.73333330	      1.76948572	      1.46260339	      2.02943581	      0.86048270	      0.93261955	     -0.06350496	     -0.51309670	     -5.38496195	    -24.48756063	      0.00000000	      3.95777852	      0.84896913	      0.00000000	      0.52046825	     -3.81433316	    -21.16943145	      0.00000000	      2.85809381	      8.75114056	      0.00000000	     -4.12152779	     -0.00871291	      0.22328109	      6.93188063	     -9.57723431	     18.69111665	     22.65780710	     77.79589828	     10.11543494	     -8.64876988	     19.14932850	     22.24158566	     74.63347443
      4.75000000	      1.77016191	      1.39654400	      2.23632226	      0.86396536	      0.93503678	     -0.06410268	     -0.45180051	     -5.28148977	    -24.37414698	      0.00000000	      4.11291828	      0.82092413	      0.00000000	      0.68937007	     -3.93043129	    -20.96173177	      0.00000000	      2.76676061	      8.91043369	      0.00000000	     -4.37372457	     -0.06159842	      0.11160396	      6.74747507	     -9.46933602	     18.64702321	     22.63516036	     77.80075803	     10.23346106	     -9.07746888	     18.85624307	     22.13321479	     74.53102283
      4.76666670	      1.72767866	      1.39301455	      2.29343071	      0.86182712	      0.93518015	     -0.06462132	     -0.36230658	     -5.28042503	    -24.35378136	      0.00000000	      4.11342673	      0.82724195	      0.00000000	      0.81046182	     -3.94024095	    -20.94133079	      0.00000000	      2.75968679	      8.93450655	      0.00000000	     -4.66336153	     -0.03070864	      0.09858329	      6.57386402	     -9.49404411	     18.63894243	     22.56436733	     77.80006799	     10.12856001	     -9.23970194	     18.79115564	     22.03084462	     74.50774831
      4.78333330	      1.71333612	      1.35793010	      2.35120449	      0.86155014	      0.93299027	     -0.06470037	     -0.32561576	     -5.23358254	    -24.33643673	      0.00000000	      4.10565934	      0.82680423	      0.00000000	      0.87429978	     -3.98713824	    -20.90155151	      0.00000000	      2.72396518	      8.97523555	      0.00000000	     -4.90549671	     -0.03136285	      0.04573767	      6.40157820	     -9.55086885	     18.61161279	     22.49481405	     77.79544620	     10.09839022	     -9.52116454	     18.67285471	     21.89763254	     74.46817577
      4.80000000	      1.71593252	      1.32348341	      2.42911647	      0.86168907	      0.93318981	     -0.06395064	     -0.34924086	     -5.16747706	    -24.31620225	      0.00000000	      4.06995199	      0.83219472	      0.00000000	      0.90764335	     -4.05184245	    -20.85245849	      0.00000000	      2.66635020	      9.02205245	      0.00000000	     -5.08983449	     -0.08170816	      0.00363364	      6.27989386	     -9.58839939	     18.57387898	     22.45995228	     77.78800005	     10.05932375	     -9.81557704	     18.53586210	     21.73646047	     74.42080706
      4.81666670	      1.73951558	      1.29230518	      2.40730134	      0.86082883	      0.93413458	     -0.06329543	     -0.35967399	     -5.09878604	    -24.32062108	      0.00000000	      4.02202983	      0.82543296	      0.00000000	      0.90517198	     -4.12877101	    -20.78404615	      0.00000000	      2.58359902	      9.07327618	      0.00000000	     -5.28317569	     -0.12863852	     -0.06735884	      6.22826806	     -9.61931086	     18.51503947	     22.46637925	     77.77551766	     10.04705381	    -10.12354432	     18.36167517	     21.53205457	     74.35800007
      4.83333330	      2.20292984	      1.25947218	      2.42951574	      0.86069131	      0.93100665	     -0.06329289	     -0.85727498	     -5.01932722	    -24.20953615	      0.00000000	      3.92143647	      0.52259469	      0.00000000	      0.44700172	     -4.21146086	    -20.68194785	      0.00000000	      2.31872822	      8.86994085	      0.00000000	     -5.97955317	     -0.08310491	     -0.48594329	      6.30377432	     -9.29902601	     16.04498657	     23.28548764	     77.42383680	     10.24445785	     -9.24969697	     11.89654103	     19.87702497	     71.45558528
      4.85000000	      2.22115423	      1.25715629	      2.43046957	      0.86100792	      0.93044566	     -0.06322268	     -0.84938595	     -5.02180419	    -24.20921339	      0.00000000	      3.92152602	      0.52262904	      0.00000000	      0.45376841	     -4.21253717	    -20.68134032	      0.00000000	      2.31935824	      8.87004923	      0.00000000	     -5.98058249	     -0.08364442	     -0.48596442	      6.30360624	     -9.30032873	     16.04468699	     23.28524830	     77.42383687	     10.24393463	     -9.25211033	     11.89604827	     19.87654342	     71.45541835
      4.86666670	      2.31792691	      1.18706118	      2.39913467	      0.85948093	      0.93243822	     -0.06278519	     -0.84201601	     -4.92324693	    -24.00819824	      0.00000000	      4.04326856	      0.43705590	      0.00000000	      0.41990316	     -4.32911614	    -20.44156553	      0.00000000	      2.63522633	      8.76083844	      0.00000000	     -6.27310654	     -0.13089110	     -0.73680837	      6.55997112	     -9.39600887	     15.90139163	     23.48656146	     77.42589128	     10.23342940	     -9.73997308	     11.61272503	     19.76425075	     71.32639081
      4.88333330	      2.33634071	      1.18983169	      2.39910956	      0.86007135	      0.93395750	     -0.06299128	     -0.83133267	     -4.92743297	    -24.00806600	      0.00000000	      4.04357366	      0.43671209	      0.00000000	      0.42968924	     -4.33603692	    -20.44092529	      0.00000000	      2.63509010	      8.76066837	      0.00000000	     -6.27251122	     -0.13177444	     -0.73566427	      6.56203866	     -9.39713246	     15.90091250	     23.48727814	     77.42586197	     10.23301006	     -9.74227842	     11.61198563	     19.76366004	     71.32611350
      4.90000000	      2.38382851	      1.15513522	      2.38842988	      0.86034019	      0.93386321	     -0.06347116	     -0.84707076	     -4.90803370	    -24.00649888	      0.00000000	      4.03518386	      0.42656523	      0.00000000	      0.40528176	     -4.38108147	    -20.40189812	      0.00000000	      2.60217056	      8.75098050	      0.00000000	     -6.22962878	     -0.21448340	     -0.64330683	      6.78862001	     -9.55715580	     15.84534555	     23.55525975	     77.41997907	     10.19503209	     -9.94884479	     11.54519892	     19.69744939	     71.30152633
      4.91666670	      2.40745435	      1.15412643	      2.24000268	      0.85918419	      0.93565911	     -0.06352889	     -0.78785859	     -4.93691875	    -23.97287152	      0.00000000	      4.01361403	      0.43771716	      0.00000000	      0.37254288	     -4.37108826	    -20.37789420	      0.00000000	      2.54983910	      8.71842089	      0.00000000	     -6.24968354	     -0.23089365	     -0.70657848	      6.98064755	     -9.67775499	     15.78863794	     23.62591945	     77.41249253	     10.29925673	    -10.05639022	     11.47111393	     19.67321122	     71.27118032
      4.93333330	      2.72542638	      1.16191903	      2.27296810	      0.85737726	      0.93053810	     -0.06423737	     -1.09391736	     -4.96084260	    -23.52446849	      0.00000000	      3.65644279	     -0.08251233	      0.00000000	      0.10719422	     -4.33025142	    -19.69242015	      0.00000000	      2.12072202	      7.02394783	      0.00000000	     -6.93885511	     -0.16976557	     -1.00389502	      7.29969679	     -9.74207712	     14.48171753	     24.61377108	     77.30852314	     10.33227526	     -9.72487249	      7.87662378	     19.56636384	     69.49014747
      4.95000000	      2.71056237	      1.14794282	      2.33089383	      0.85941760	      0.92982876	     -0.06493568	     -1.15380120	     -4.96885997	    -23.52216522	      0.00000000	      3.69017446	     -0.09059703	      0.00000000	      0.10008810	     -4.34235401	    -19.69541252	      0.00000000	      2.12899656	      7.03246238	      0.00000000	     -6.83665336	     -0.19381235	     -0.96497919	      7.47608246	     -9.81453518	     14.45227278	     24.67219829	     77.30692516	     10.36863950	     -9.74887614	      7.85654898	     19.58860681	     69.48070204
      4.96666670	      2.70263022	      1.14538004	      2.32930631	      0.86010683	      0.92979567	     -0.06557961	     -1.21558764	     -5.00739557	    -23.53056686	      0.00000000	      3.73500221	     -0.10917141	      0.00000000	      0.09166411	     -4.32438470	    -19.70385093	      0.00000000	      2.16055090	      7.01492008	      0.00000000	     -6.70229260	     -0.19990637	     -0.99356029	      7.67695480	     -9.98730321	     14.39883623	     24.74734626	     77.30167081	     10.45511653	     -9.75575625	      7.82531755	     19.64158337	     69.46577058
      4.98333330	      2.67569700	      1.17820575	      2.39144399	      0.86178066	      0.93136030	     -0.06664008	     -1.29467124	     -5.10260470	    -23.52054901	      0.00000000	      3.77564531	     -0.11944845	      0.00000000	      0.07436562	     -4.24609415	    -19.67433138	      0.00000000	      2.19943488	      6.97883796	      0.00000000	     -6.59747601	     -0.16805114	     -1.06933794	      7.83321043	    -10.21862358	     14.32179018	     24.86155663	     77.29223780	     10.47887533	     -9.70314062	      7.76692476	     19.71441913	     69.43381447
      5.00000000	      2.64607217	      1.19703134	      2.46977740	      0.86202323	      0.93454074	     -0.06743182	     -1.36593962	     -5.17405135	    -23.51363569	      0.00000000	      3.77845885	     -0.11002486	      0.00000000	      0.05581726	     -4.19061886	    -19.65772270	      0.00000000	      2.21087712	      6.96072777	      0.00000000	     -6.50561149	     -0.15514697	     -1.07430783	      7.92206331	    -10.29964428	     14.28848890	     24.93783113	     77.28769433	     10.47236644	     -9.66363764	      7.73930529	     19.75451282	     69.41823609
      5.01666670	      2.63245791	      1.23557310	      2.48339078	      0.86098568	      0.93507080	     -0.06785340	     -1.39740530	     -5.28544536	    -23.52410072	      0.00000000	      3.76920240	     -0.08674313	      0.00000000	      0.02924003	     -4.07900176	    -19.62679755	      0.00000000	      2.23964643	      6.93297872	      0.00000000	     -6.36412311	     -0.14827991	     -1.18193047	      8.04985682	    -10.47398060	     14.22949394	     25.05015925	     77.27864396	     10.56551297	     -9.55083053	      7.70306731	     19.86068484	     69.39645015
      5.03333330	      2.59150251	      1.30806476	      2.60349396	      0.86124333	      0.93644397	     -0.06783532	     -1.39962515	     -5.41764777	    -23.54922800	      0.00000000	      3.72091378	     -0.03553524	      0.00000000	      0.07973310	     -3.94009218	    -19.58140001	      0.00000000	      2.25942239	      6.91055460	      0.00000000	     -6.32867403	     -0.17382481	     -1.23107162	      8.15774020	    -10.58328944	     14.17713352	     25.19306047	     77.26907684	     10.57424090	     -9.42576104	      7.65471342	     19.95603326	     69.36716497
      5.05000000	      2.58237544	      1.29775773	      2.60300006	      0.86074633	      0.93260349	     -0.06759476	     -1.40814923	     -5.41556670	    -23.55063880	      0.00000000	      3.71976652	     -0.03497450	      0.00000000	      0.06874752	     -3.92790402	    -19.58108714	      0.00000000	      2.25905650	      6.91075980	      0.00000000	     -6.32912292	     -0.17474037	     -1.23331715	      8.15776133	    -10.58442870	     14.17658855	     25.19425040	     77.26895431	     10.57570474	     -9.42395618	      7.65417642	     19.95762189	     69.36683449
      5.06666670	      2.55374276	      1.33918515	      2.65649051	      0.86251215	      0.93237406	     -0.06764036	     -1.42112881	     -5.47615173	    -23.60099562	      0.00000000	      3.69256595	     -0.00541000	      0.00000000	      0.09287394	     -3.86433122	    -19.55402157	      0.00000000	      2.28901824	      6.89780939	      0.00000000	     -6.19998841	     -0.24672915	     -1.38373739	      8.26384599	    -10.67850364	     14.13276466	     25.31793136	     77.25993404	     10.77560839	     -9.24968260	      7.62307359	     20.12357338	     69.34625375
      5.08333330	      2.49301213	      1.38916575	      2.83766629	      0.86344889	      0.93196042	     -0.06840197	     -1.45217822	     -5.54444842	    -23.66963952	      0.00000000	      3.68063318	      0.01687871	      0.00000000	      0.18321696	     -3.80116231	    -19.50721298	      0.00000000	      2.32353193	      6.90572450	      0.00000000	     -6.20173755	     -0.24134850	     -1.39417669	      8.27057030	    -10.69380567	     14.10845583	     25.41739283	     77.25217209	     10.77016215	     -9.13423329	      7.58367638	     20.21455151	     69.32197494
      5.10000000	      2.31695558	      1.44283473	      3.16763969	      0.86369341	      0.92962956	     -0.06895634	     -1.38819455	     -5.62749952	    -24.75847776	      0.00000000	      4.26840527	      1.26480216	      0.00000000	      0.37517799	     -3.71573935	    -18.86577214	      0.00000000	      2.44186992	      6.74013699	      0.00000000	     -6.25822927	     -0.30579201	     -1.55820338	      7.15118873	    -10.94329445	     12.47740195	     27.97797506	     76.71880212	     10.06638789	     -8.72867926	      4.53915143	     22.58042622	     67.81715440
      5.11666670	      2.28836918	      1.44221216	      3.25692435	      0.86377061	      0.93156420	     -0.06825137	     -1.41027718	     -5.62160518	    -24.78994699	      0.00000000	      4.26478730	      1.24608177	      0.00000000	      0.38693803	     -3.72861770	    -18.89812598	      0.00000000	      2.46803132	      6.74428121	      0.00000000	     -6.22540418	     -0.31514079	     -1.58341649	      7.14674495	    -10.85397670	     12.48533065	     27.97673295	     76.71826936	     10.07071882	     -8.57861324	      4.54606491	     22.59535990	     67.81110486
      5.13333330	      2.26831868	      1.44992843	      3.26556486	      0.86387009	      0.93371691	     -0.06823845	     -1.39702175	     -5.62155419	    -24.79204949	      0.00000000	      4.26526110	      1.24497769	      0.00000000	      0.36474513	     -3.73512313	    -18.89785751	      0.00000000	      2.46808359	      6.74617598	      0.00000000	     -6.22434484	     -0.31489554	     -1.58605792	      7.14542018	    -10.84921202	     12.48593335	     27.97597401	     76.71823607	     10.07197068	     -8.56881536	      4.54676293	     22.59673783	     67.81085256
      5.15000000	      2.24311451	      1.44259166	      3.33311012	      0.86493586	      0.93363777	     -0.06819686	     -1.41238878	     -5.59983782	    -24.85347105	      0.00000000	      4.26154051	      1.22283763	      0.00000000	      0.34921143	     -3.75118233	    -18.89849910	      0.00000000	      2.45023509	      6.81908125	      0.00000000	     -6.20819988	     -0.35750736	     -1.67012020	      7.03710529	    -10.61598694	     12.52682390	     27.94503436	     76.71996332	     10.05207771	     -8.19971402	      4.58719992	     22.62676746	     67.80815431
      5.16666670	      2.17464350	      1.43930461	      3.56382687	      0.86517421	      0.93163218	     -0.06864436	     -1.41327391	     -5.58217478	    -25.34294128	      0.00000000	      4.19989911	      1.10582622	      0.00000000	      0.41335665	     -3.74996090	    -18.87989823	      0.00000000	      2.45399339	      7.35537590	      0.00000000	     -5.99043257	     -0.33654670	     -1.67615951	      6.87656896	    -10.48897171	     12.51670145	     27.62608154	     76.69628737	     10.04192053	     -7.97319448	      4.51205453	     22.55392800	     67.74109044
      5.18333330	      2.15980635	      1.43766926	      3.64122838	      0.86668297	      0.93336180	     -0.06920604	     -1.39698376	     -5.58054650	    -25.32386472	      0.00000000	      4.21300304	      1.12690904	      0.00000000	      0.42889747	     -3.74852033	    -18.90656376	      0.00000000	      2.48749692	      7.39788666	      0.00000000	     -6.02711572	     -0.35420929	     -1.67831680	      6.85712878	    -10.34101679	     12.53891678	     27.61531867	     76.69599947	      9.96756365	     -7.78510048	      4.53347426	     22.53171004	     67.73732100
      5.20000000	      2.15619357	      1.44498139	      3.71974425	      0.86734759	      0.93291984	     -0.06928403	     -1.45838003	     -5.58748928	    -25.36738439	      0.00000000	      4.21273125	      1.11712738	      0.00000000	      0.38169217	     -3.74577541	    -18.95229448	      0.00000000	      2.51734294	      7.47110235	      0.00000000	     -5.97347694	     -0.35319197	     -1.73463014	      6.75024211	    -10.13394568	     12.57580000	     27.57514550	     76.69603485	      9.90000140	     -7.52446039	      4.56445500	     22.51912501	     67.73314185
      5.21666670	      2.13250806	      1.44312752	      3.72178911	      0.86631026	      0.93028755	     -0.06917924	     -1.47202156	     -5.58468501	    -25.36910082	      0.00000000	      4.21259259	      1.11664493	      0.00000000	      0.36460023	     -3.74344369	    -18.95336374	      0.00000000	      2.51775857	      7.47240746	      0.00000000	     -5.97361635	     -0.35316516	     -1.73453440	      6.74852662	    -10.13159081	     12.57627470	     27.57428021	     76.69602851	      9.89734009	     -7.52130894	      4.56486414	     22.51822049	     67.73306783
      5.23333330	      2.15567691	      1.42772883	      3.86142066	      0.86813785	      0.93176976	     -0.06936737	     -1.59690883	     -5.54934923	    -25.48168978	      0.00000000	      4.22802126	      1.05325876	      0.00000000	      0.31633885	     -3.78399920	    -19.00558422	      0.00000000	      2.55918412	      7.56140414	      0.00000000	     -5.91844791	     -0.37072555	     -1.72918988	      6.62720371	     -9.82642528	     12.63691398	     27.54156813	     76.69927550	      9.70464351	     -7.15345965	      4.61852917	     22.47269665	     67.73171595
      5.25000000	      2.17414054	      1.42006130	      3.77777893	      0.86966450	      0.93201921	     -0.06975067	     -1.69330517	     -5.54961235	    -25.59252798	      0.00000000	      4.24073738	      1.00018856	      0.00000000	      0.20849603	     -3.79994710	    -18.98543339	      0.00000000	      2.59537998	      7.68846213	      0.00000000	     -5.80539362	     -0.31777708	     -1.79747487	      6.48308822	     -9.68525274	     12.67083734	     27.48119953	     76.69940071	      9.63180180	     -6.97583014	      4.64372123	     22.44632628	     67.72798992
      5.26666670	      2.16364191	      1.41026699	      3.96777854	      0.87017037	      0.93388017	     -0.06935625	     -1.82166817	     -5.52193395	    -26.00073626	      0.00000000	      4.28447717	      1.35578877	      0.00000000	      0.16197216	     -3.84587454	    -19.74029134	      0.00000000	      3.21429436	      9.77261819	      0.00000000	     -5.50090995	     -0.31067686	     -2.04998213	      6.66604017	     -9.32307693	     12.87915849	     26.66732590	     76.65182699	      9.50655799	     -6.78732506	      4.67170308	     21.73286790	     67.55596661
      5.28333330	      2.16657056	      1.40391642	      3.97852161	      0.86954240	      0.93320893	     -0.06978802	     -1.86831403	     -5.51759764	    -26.02483940	      0.00000000	      4.31194203	      1.34507714	      0.00000000	      0.13024400	     -3.85463980	    -19.74780035	      0.00000000	      3.19867718	      9.78234507	      0.00000000	     -5.47306706	     -0.28758613	     -1.97980927	      6.68729998	     -9.17034690	     12.91656928	     26.69520255	     76.65524278	      9.42399076	     -6.64817541	      4.69607314	     21.72454724	     67.55389447
      5.30000000	      2.15830732	      1.40548352	      3.97621227	      0.86933624	      0.93370695	     -0.07000969	     -1.87148352	     -5.51784884	    -26.02570431	      0.00000000	      4.31221373	      1.34477121	      0.00000000	      0.12688761	     -3.85759829	    -19.74790446	      0.00000000	      3.19846670	      9.78248417	      0.00000000	     -5.47250812	     -0.28787965	     -1.97952798	      6.68721443	     -9.16813022	     12.91713075	     26.69556181	     76.65530132	      9.42335151	     -6.64624587	      4.69643914	     21.72456748	     67.55388521
      5.31666670	      2.18749636	      1.39092313	      3.89462250	      0.86904533	      0.93243290	     -0.07039064	     -1.88532699	     -5.53176631	    -26.13240533	      0.00000000	      4.31172185	      1.31544499	      0.00000000	      0.04313459	     -3.84753183	    -19.77569808	      0.00000000	      3.17149278	      9.79405388	      0.00000000	     -5.41245630	     -0.25897738	     -1.92323067	      6.73640326	     -8.86639816	     12.98759190	     26.76728291	     76.66363261	      9.33923539	     -6.32996197	      4.75290433	     21.73042637	     67.55633350
      5.33333330	      2.20851081	      1.39344943	      3.89908358	      0.86686484	      0.93110869	     -0.06898322	     -1.87192538	     -5.52658670	    -26.13779404	      0.00000000	      4.31245725	      1.31504981	      0.00000000	      0.04389877	     -3.84300807	    -19.77961218	      0.00000000	      3.17214212	      9.79390167	      0.00000000	     -5.41028167	     -0.25704188	     -1.92143697	      6.73623693	     -8.86032394	     12.99038100	     26.76871460	     76.66397890	      9.33347076	     -6.32085717	      4.75497159	     21.72937873	     67.55628947
      5.35000000	      2.22813163	      1.39556755	      3.89996877	      0.86728773	      0.93009440	     -0.06901247	     -1.85968363	     -5.52307129	    -26.13879398	      0.00000000	      4.31261313	      1.31491869	      0.00000000	      0.04711033	     -3.84153811	    -19.78001512	      0.00000000	      3.17204354	      9.79401678	      0.00000000	     -5.41113603	     -0.25720288	     -1.92040949	      6.73811199	     -8.85752741	     12.99109749	     26.76981194	     76.66407849	      9.33345576	     -6.31878779	      4.75541741	     21.72949225	     67.55630039
      5.36666670	      2.21416988	      1.35080403	      3.75648691	      0.86808917	      0.92756330	     -0.06878714	     -1.76085245	     -5.44631518	    -26.28079522	      0.00000000	      4.35972784	      1.26212938	      0.00000000	      0.05588034	     -3.91837458	    -19.82829359	      0.00000000	      3.19729178	      9.77817772	      0.00000000	     -5.44690232	     -0.28156023	     -1.79186669	      6.97209177	     -8.53710294	     13.06974780	     26.91629035	     76.67564973	      9.34657429	     -6.11004297	      4.80151438	     21.75527419	     67.55826147
      5.38333330	      2.17711963	      1.34526724	      3.75595747	      0.87211761	      0.92959463	     -0.07055121	     -1.77525715	     -5.44890734	    -26.28093063	      0.00000000	      4.35901103	      1.26187104	      0.00000000	      0.04296450	     -3.92264292	    -19.83210071	      0.00000000	      3.19750021	      9.77633157	      0.00000000	     -5.45196422	     -0.27918230	     -1.78708693	      6.98111524	     -8.52912063	     13.07313948	     26.92178153	     76.67618037	      9.34969159	     -6.10901412	      4.80266724	     21.75634551	     67.55814746
      5.40000000	      2.19953785	      1.34386106	      3.77146105	      0.87085732	      0.92981305	     -0.06983017	     -1.83823726	     -5.45282271	    -26.32152755	      0.00000000	      4.37955632	      1.24499763	      0.00000000	     -0.01850346	     -3.91819198	    -19.87865208	      0.00000000	      3.25225779	      9.75025630	      0.00000000	     -5.37213927	     -0.20798073	     -1.72354795	      7.00665589	     -8.41260685	     13.12715751	     26.99130052	     76.68439110	      9.24648075	     -6.01381691	      4.83305903	     21.74647446	     67.55829147
      5.41666670	      2.19960350	      1.33966635	      3.77308402	      0.87230396	      0.92952583	     -0.06970535	     -1.82700330	     -5.45423019	    -26.32324139	      0.00000000	      4.38237306	      1.24379417	      0.00000000	     -0.03547077	     -3.91985870	    -19.88076358	      0.00000000	      3.25626118	      9.74874570	      0.00000000	     -5.37122446	     -0.20900454	     -1.72636919	      7.00753079	     -8.41151516	     13.12936091	     26.99457583	     76.68474546	      9.24599547	     -6.00853974	      4.83487025	     21.74733502	     67.55833106
      5.43333330	      2.25334778	      1.32411815	      3.75383058	      0.87203763	      0.92962354	     -0.06945823	     -1.88164863	     -5.43627403	    -26.37450337	      0.00000000	      4.48428712	      1.21025951	      0.00000000	     -0.12407626	     -3.93910364	    -19.96416677	      0.00000000	      3.39626876	      9.70278159	      0.00000000	     -5.21119236	     -0.25599174	     -1.75063732	      7.03472635	     -8.33324064	     13.19171755	     27.10985769	     76.69472974	      9.15434993	     -5.88279205	      4.88197495	     21.75052647	     67.55965466
      5.45000000	      2.26400883	      1.32283747	      3.75487341	      0.86834220	      0.92747435	     -0.06927220	     -1.87950151	     -5.44004130	    -26.37699474	      0.00000000	      4.49048810	      1.20934632	      0.00000000	     -0.12169708	     -3.93729508	    -19.96841140	      0.00000000	      3.40389976	      9.70119176	      0.00000000	     -5.20713833	     -0.25216481	     -1.75008132	      7.03080916	     -8.33226940	     13.19486284	     27.11355509	     76.69519294	      9.14766959	     -5.88635191	      4.88295228	     21.74910746	     67.55952576
      5.46666670	      2.26290471	      1.31699579	      3.76789800	      0.87171703	      0.92717426	     -0.07027623	     -1.86675078	     -5.44214826	    -26.37537021	      0.00000000	      4.49928436	      1.20823943	      0.00000000	     -0.12671136	     -3.93181385	    -19.97391763	      0.00000000	      3.41161433	      9.69828416	      0.00000000	     -5.21090263	     -0.25033566	     -1.74804929	      7.04454236	     -8.32989787	     13.19795327	     27.12425003	     76.69571652	      9.15410022	     -5.89039473	      4.88420051	     21.75167135	     67.55946459
      5.48333330	      1.98376341	      1.30798722	      3.79619456	      0.87118156	      0.92555339	     -0.06915095	     -1.56807242	     -5.44714626	    -26.40978199	      0.00000000	      5.11540527	      1.50615039	      0.00000000	      0.19791939	     -3.92223628	    -20.11566660	      0.00000000	      3.90173226	      9.99823891	      0.00000000	     -4.95178199	     -0.19843983	     -2.13301142	      6.89383809	     -8.69017485	     14.19507929	     28.77248884	     76.82537131	      8.74455597	     -6.15273776	      5.42187084	     22.25051225	     67.53210699
      5.50000000	      1.99632681	      1.30874034	      3.79887114	      0.87082729	      0.92710250	     -0.06913465	     -1.56535998	     -5.44677899	    -26.41008529	      0.00000000	      5.11809630	      1.50528641	      0.00000000	      0.20698566	     -3.92309220	    -20.11759037	      0.00000000	      3.90330091	      9.99712579	      0.00000000	     -4.94692546	     -0.19908176	     -2.13055962	      6.89589333	     -8.69127359	     14.19587843	     28.77378290	     76.82533424	      8.74365567	     -6.15361009	      5.42240649	     22.25118455	     67.53192076
      5.51666670	      1.99622188	      1.31121982	      3.79965788	      0.87091156	      0.93027312	     -0.06919700	     -1.56164553	     -5.44937511	    -26.40989929	      0.00000000	      5.11934322	      1.50494166	      0.00000000	      0.21269123	     -3.92837855	    -20.11780486	      0.00000000	      3.90387794	      9.99673371	      0.00000000	     -4.94451745	     -0.19990358	     -2.12931560	      6.89799574	     -8.69196242	     14.19590366	     28.77480450	     76.82531289	      8.74341542	     -6.15428945	      5.42250714	     22.25142101	     67.53187631
      5.53333330	      2.00844053	      1.30915759	      3.80045112	      0.87114852	      0.92995485	     -0.06902618	     -1.55847587	     -5.44870361	    -26.40973760	      0.00000000	      5.11968447	      1.50507326	      0.00000000	      0.21875432	     -3.92559110	    -20.11789937	      0.00000000	      3.90373327	      9.99687304	      0.00000000	     -4.94355787	     -0.20058804	     -2.12822645	      6.89978059	     -8.69293920	     14.19583162	     28.77553036	     76.82527907	      8.74247988	     -6.15466051	      5.42264308	     22.25131807	     67.53184390
      5.55000000	      1.99925636	      1.31903575	      3.82865465	      0.87076376	      0.93014696	     -0.06934816	     -1.60174936	     -5.42941706	    -26.41636386	      0.00000000	      5.11437764	      1.51357569	      0.00000000	      0.23118787	     -3.93632932	    -20.13992644	      0.00000000	      3.86202160	      9.99916002	      0.00000000	     -4.88463486	     -0.26425459	     -2.05004101	      7.00961810	     -8.76381627	     14.18805215	     28.82166691	     76.82261306	      8.65952457	     -6.20222676	      5.42916187	     22.23518419	     67.52971169
      5.56666670	      1.96375575	      1.31711180	      3.80413809	      0.87282739	      0.93010327	     -0.07024603	     -1.62758589	     -5.43450560	    -26.41919599	      0.00000000	      5.11074395	      1.51418407	      0.00000000	      0.22379615	     -3.93465190	    -20.14070515	      0.00000000	      3.85423623	      9.99998880	      0.00000000	     -4.88560381	     -0.26567710	     -2.05330601	      7.00747215	     -8.77203815	     14.18787377	     28.82246000	     76.82221474	      8.65505237	     -6.20567345	      5.43045940	     22.23514341	     67.52957936
      5.58333330	      1.98637340	      1.40280292	      3.67997658	      0.87251449	      0.93250998	     -0.07080147	     -1.70496014	     -5.55841041	    -26.46082639	      0.00000000	      4.95005854	      1.58184566	      0.00000000	      0.11549238	     -3.81042099	    -20.25118679	      0.00000000	      3.65830969	      9.98352154	      0.00000000	     -4.75073635	     -0.24453648	     -2.05326421	      6.86060222	     -9.00323531	     14.18058569	     28.82229755	     76.81088208	      8.28212979	     -6.22096167	      5.47679418	     22.17219621	     67.52700706
      5.60000000	      1.97942625	      1.39127823	      3.66591090	      0.87138307	      0.93304506	     -0.07095461	     -1.70869326	     -5.55631763	    -26.46292088	      0.00000000	      4.94528763	      1.58411494	      0.00000000	      0.11476295	     -3.79209138	    -20.25357759	      0.00000000	      3.65369633	      9.98337892	      0.00000000	     -4.74769486	     -0.24351952	     -2.05797843	      6.85489993	     -9.00653202	     14.18096626	     28.82256228	     76.81052305	      8.27901841	     -6.21881941	      5.47861775	     22.17345700	     67.52702982
      5.61666670	      1.97826036	      1.38575267	      3.66389680	      0.87134063	      0.93300880	     -0.07079991	     -1.70944138	     -5.55792967	    -26.46332188	      0.00000000	      4.94412464	      1.58453975	      0.00000000	      0.11420882	     -3.78640213	    -20.25386985	      0.00000000	      3.65268076	      9.98337397	      0.00000000	     -4.74780350	     -0.24266911	     -2.05899857	      6.85376074	     -9.00791388	     14.18085277	     28.82227822	     76.81044311	      8.27829182	     -6.21828928	      5.47892687	     22.17352444	     67.52704383
      5.63333330	      1.95825322	      1.47899381	      3.48725623	      0.87009246	      0.93335253	     -0.07062633	     -1.62305330	     -5.71147496	    -26.46688754	      0.00000000	      4.51508778	      1.80165744	      0.00000000	      0.11321269	     -3.62427707	    -20.43229903	      0.00000000	      3.31972642	      9.90196867	      0.00000000	     -4.71956376	     -0.19347158	     -2.09482298	      6.85025280	     -9.29146222	     14.14891276	     28.87608184	     76.78255258	      8.05087510	     -6.12925056	      5.58004434	     22.20316132	     67.53075721
      5.65000000	      1.97283338	      1.47680934	      3.48723842	      0.87052687	      0.93319851	     -0.07058980	     -1.61589753	     -5.71152455	    -26.46683527	      0.00000000	      4.51466506	      1.80191853	      0.00000000	      0.11916411	     -3.62075943	    -20.43209080	      0.00000000	      3.31916611	      9.90202206	      0.00000000	     -4.72043834	     -0.19245647	     -2.09488123	      6.84963645	     -9.29137996	     14.14900327	     28.87600218	     76.78249559	      8.05095303	     -6.12979539	      5.58015395	     22.20327027	     67.53075154
      5.66666670	      1.96197000	      1.49389007	      3.42086694	      0.87219525	      0.93282173	     -0.07048668	     -1.60015850	     -5.73228429	    -26.47729455	      0.00000000	      4.47086132	      1.81666720	      0.00000000	      0.10201735	     -3.59321697	    -20.42654725	      0.00000000	      3.27112279	      9.89799964	      0.00000000	     -4.76478079	     -0.12956535	     -2.10997726	      6.77474302	     -9.31780609	     14.14945712	     28.85430508	     76.77809491	      8.01568316	     -6.15881575	      5.58852958	     22.19733802	     67.53065912
      5.68333330	      1.97483346	      1.48985206	      3.42264039	      0.87248305	      0.93322179	     -0.07031913	     -1.59154463	     -5.73446122	    -26.47713474	      0.00000000	      4.47025054	      1.81705031	      0.00000000	      0.10491982	     -3.59037788	    -20.42670647	      0.00000000	      3.27034588	      9.89771049	      0.00000000	     -4.76473932	     -0.12911146	     -2.10991075	      6.77408044	     -9.31876630	     14.14930131	     28.85411597	     76.77799769	      8.01444775	     -6.15889355	      5.58875647	     22.19711846	     67.53066509
      5.70000000	      1.98392849	      1.48852076	      3.42319184	      0.87261793	      0.93262713	     -0.07015641	     -1.58604227	     -5.73525138	    -26.47705441	      0.00000000	      4.46929825	      1.81760306	      0.00000000	      0.10381047	     -3.58818059	    -20.42695277	      0.00000000	      3.26916382	      9.89740167	      0.00000000	     -4.76508223	     -0.12838852	     -2.11034102	      6.77234709	     -9.32030409	     14.14906947	     28.85345301	     76.77787222	      8.01249926	     -6.15896503	      5.58902694	     22.19662514	     67.53067313
      5.71666670	      2.12899135	      1.52298444	      3.22719654	      0.87280538	      0.93200874	     -0.07014785	     -1.69713893	     -5.78087803	    -26.39099125	      0.00000000	      4.29627882	      2.00316519	      0.00000000	     -0.10946897	     -3.55438402	    -20.64020762	      0.00000000	      2.97685630	      9.62982708	      0.00000000	     -4.74978854	     -0.08159486	     -2.08162728	      6.62619099	     -9.44420750	     14.09345917	     28.85772157	     76.72109407	      7.75151274	     -6.19166528	      5.71622752	     22.20390871	     67.53663759
      5.73333330	      2.14588667	      1.52621925	      3.22716635	      0.87241960	      0.93194318	     -0.07009898	     -1.68317662	     -5.78582847	    -26.38989843	      0.00000000	      4.29836915	      2.00373200	      0.00000000	     -0.11101672	     -3.55901518	    -20.63967888	      0.00000000	      2.97703725	      9.62857532	      0.00000000	     -4.74898069	     -0.07990946	     -2.08398116	      6.62240456	     -9.44675444	     14.09280467	     28.85655910	     76.72051884	      7.75250315	     -6.19440644	      5.71693125	     22.20473931	     67.53664020
      5.75000000	      2.15899498	      1.52869738	      3.18397862	      0.87327012	      0.93155604	     -0.07038549	     -1.68135532	     -5.79392169	    -26.37378926	      0.00000000	      4.31965027	      2.00746439	      0.00000000	     -0.14006981	     -3.55256154	    -20.63450800	      0.00000000	      2.98805989	      9.61918706	      0.00000000	     -4.73159596	     -0.06326763	     -2.12288644	      6.58971388	     -9.46906761	     14.08698260	     28.84614720	     76.71614352	      7.79186360	     -6.22366697	      5.72020579	     22.22035969	     67.53675149
      5.76666670	      2.17655236	      1.52827723	      3.17944235	      0.87176200	      0.93197439	     -0.07015077	     -1.67435854	     -5.79679504	    -26.36814711	      0.00000000	      4.32671756	      2.00859127	      0.00000000	     -0.14032352	     -3.55047961	    -20.63396151	      0.00000000	      2.99366574	      9.61678904	      0.00000000	     -4.72183944	     -0.06001484	     -2.13020878	      6.58566284	     -9.47371545	     14.08552419	     28.84546653	     76.71515201	      7.80120836	     -6.23171611	      5.72077911	     22.22425899	     67.53678633
      5.78333330	      2.19408281	      1.53851680	      3.10664341	      0.87232849	      0.93261623	     -0.07040862	     -1.67900758	     -5.81469987	    -26.31015615	      0.00000000	      4.39096282	      2.01654917	      0.00000000	     -0.18198577	     -3.53433004	    -20.63026278	      0.00000000	      3.03916250	      9.59815030	      0.00000000	     -4.64397489	     -0.03012744	     -2.21446285	      6.60701307	     -9.51556863	     14.06938482	     28.85861555	     76.70701308	      7.96493384	     -6.31203161	      5.72191018	     22.28247499	     67.53745373
      5.80000000	      2.17737467	      1.56651181	      3.09687891	      0.87179886	      0.93447966	     -0.07022731	     -1.64517395	     -5.84185929	    -25.98989776	      0.00000000	      4.72877671	      2.06063485	      0.00000000	     -0.13740787	     -3.49594429	    -20.60813171	      0.00000000	      3.28607705	      9.52194113	      0.00000000	     -4.78778636	     -0.07210057	     -2.26081888	      6.82682418	     -9.48842852	     14.02357557	     29.00973863	     76.65170221	      8.12459485	     -6.49899684	      5.82928763	     22.38831238	     67.54868285
      5.81666670	      2.17122370	      1.57024729	      3.02553286	      0.87208227	      0.93512476	     -0.06995153	     -1.65312090	     -5.84113416	    -26.00081994	      0.00000000	      4.72182746	      2.05648519	      0.00000000	     -0.17951522	     -3.49609204	    -20.61192252	      0.00000000	      3.27642226	      9.52342383	      0.00000000	     -4.72490085	     -0.07021166	     -2.30894628	      6.87726257	     -9.50087003	     14.01507425	     29.03359273	     76.64542672	      8.24917272	     -6.52411122	      5.83838468	     22.43889383	     67.55036127
      5.83333330	      2.15624163	      1.56274915	      3.04124581	      0.87182190	      0.93045656	     -0.06970245	     -1.63908838	     -5.81558166	    -25.99457619	      0.00000000	      4.73428389	      2.05196606	      0.00000000	     -0.16267446	     -3.49769844	    -20.66583738	      0.00000000	      3.31137574	      9.49908647	      0.00000000	     -4.65717411	     -0.07597601	     -2.34324949	      7.12349544	     -9.52709574	     13.99201407	     29.12105279	     76.63378659	      8.56221121	     -6.60916132	      5.84762048	     22.55165055	     67.55290802
      5.85000000	      2.05787686	      1.55812147	      3.00134308	      0.87126502	      0.93121776	     -0.07008530	     -1.50803292	     -5.80107885	    -25.98143897	      0.00000000	      4.74443720	      2.02519748	      0.00000000	     -0.04562934	     -3.50466315	    -20.70198438	      0.00000000	      3.36950283	      9.48934361	      0.00000000	     -4.83725747	     -0.07522081	     -2.37758757	      7.50781796	     -9.58279458	     13.95988438	     29.25692009	     76.60640643	      8.95632673	     -6.72692063	      5.89536455	     22.69356516	     67.55989410
      5.86666670	      2.02130544	      1.53588356	      2.97230951	      0.86986984	      0.92922748	     -0.07035767	     -1.42283677	     -5.77664172	    -25.96795771	      0.00000000	      4.76268240	      1.98179554	      0.00000000	     -0.00118359	     -3.51389949	    -20.73543554	      0.00000000	      3.45149598	      9.46529742	      0.00000000	     -4.82866731	     -0.06169573	     -2.41311503	      7.91899495	     -9.65705711	     13.92788125	     29.40836263	     76.58606887	      9.39526181	     -6.81994993	      5.92632007	     22.85660829	     67.56538194
      5.88333330	      1.89271777	      1.47916900	      2.80649962	      0.86236842	      0.92287965	     -0.06775691	     -1.03903857	     -5.68440956	    -25.87916531	      0.00000000	      4.90150054	      1.83489094	      0.00000000	      0.23956479	     -3.56709811	    -20.75576626	      0.00000000	      3.68201399	      9.35883149	      0.00000000	     -5.16206818	     -0.02115706	     -2.39938939	      8.68568691	     -9.78322124	     13.89596169	     29.69400658	     76.55031368	     10.13262535	     -6.97531401	      5.99021352	     23.12699720	     67.57474695
      5.90000000	      1.92356403	      1.44858555	      2.77026406	      0.87010772	      0.92432405	     -0.06923827	     -1.06931831	     -5.61383565	    -25.83277350	      0.00000000	      4.90649469	      1.79257995	      0.00000000	      0.19148488	     -3.62454359	    -20.74457188	      0.00000000	      3.69144776	      9.34395488	      0.00000000	     -4.92550116	     -0.09243611	     -2.43371592	      9.08046535	     -9.87320435	     13.86415018	     29.84597356	     76.53913257	     10.55141775	     -7.03503752	      5.99929351	     23.29337830	     67.57749289
      5.91666670	      1.72977974	      1.40085133	      2.73857844	      0.86482583	      0.92193196	     -0.06807428	     -0.72388446	     -5.53555827	    -25.66316802	      0.00000000	      4.97401424	      1.60837220	      0.00000000	      0.49329559	     -3.68957274	    -20.73625903	      0.00000000	      3.85697551	      9.21493279	      0.00000000	     -5.15863766	     -0.05432069	     -2.37109970	     10.04287558	    -10.04363276	     13.82843203	     30.21815643	     76.51005061	     11.49911214	     -7.25965179	      6.02793697	     23.66027517	     67.58232422
      5.93333330	      1.92278544	      1.36202088	      2.52780315	      0.86274648	      0.92397774	     -0.06842731	     -0.71550450	     -5.44988988	    -24.07658089	      0.00000000	      4.02301561	     -1.15134620	      0.00000000	      0.36265826	     -3.72958691	    -20.19199929	      0.00000000	      3.61190844	      7.91239902	      0.00000000	     -5.85979703	     -0.04605888	     -2.07576668	     10.70027385	    -10.71587050	     14.57588389	     31.91677261	     76.09311521	     12.28990927	     -7.64064676	      7.14427073	     25.16424391	     67.59968424
      5.95000000	      1.72849077	      1.34508111	      2.54060378	      0.86468625	      0.92437246	     -0.06908416	     -0.43804888	     -5.43616494	    -24.09116599	      0.00000000	      4.02399617	     -1.21129996	      0.00000000	      0.61274110	     -3.73119296	    -20.24013859	      0.00000000	      3.65451202	      7.87510607	      0.00000000	     -5.72651022	     -0.07218346	     -2.05983014	     11.63670540	    -10.92958824	     14.49108481	     32.21062729	     76.05559754	     13.18719385	     -7.79493172	      7.13417531	     25.47261762	     67.59053264
      5.96666670	      1.51492186	      1.31969567	      2.51923254	      0.86352629	      0.92384840	     -0.06927675	     -0.07835010	     -5.43654144	    -24.03206475	      0.00000000	      4.01057357	     -1.30242986	      0.00000000	      0.89589622	     -3.72193209	    -20.22833860	      0.00000000	      3.71489464	      7.80819463	      0.00000000	     -5.61714470	     -0.09187216	     -2.00391352	     12.74093296	    -11.20778180	     14.39705897	     32.60515798	     76.01856245	     14.13806984	     -7.91700535	      7.13152166	     25.85167694	     67.58200975
      5.98333330	      1.26895552	      1.30205873	      2.52653411	      0.86199247	      0.93004615	     -0.06883523	      0.29768980	     -5.40958145	    -23.86303222	      0.00000000	      3.87345192	     -1.39487585	      0.00000000	      1.26908394	     -3.72258777	    -20.11244292	      0.00000000	      3.61649611	      7.77457126	      0.00000000	     -5.53405660	     -0.16320999	     -1.97096988	     13.93902678	    -11.49364274	     14.32105256	     33.11466074	     75.97901662	     15.22406409	     -8.08571416	      7.12999753	     26.31169378	     67.57072974
      6.00000000	      1.01131162	      1.28897238	      2.48516148	      0.85822747	      0.92473833	     -0.06870875	      0.74883075	     -5.40890108	    -23.80794800	      0.00000000	      3.79523947	     -1.56870030	      0.00000000	      1.65703274	     -3.69183666	    -20.07586279	      0.00000000	      3.58549944	      7.67169715	      0.00000000	     -5.42859198	     -0.20753275	     -1.89981796	     15.39636044	    -11.81574613	     14.22071110	     33.70595320	     75.94755861	     16.51387375	     -8.29900868	      7.10114281	     26.83183057	     67.56086611
      6.01666670	      0.70926984	      1.27618727	      2.46143030	      0.85701597	      0.92558017	     -0.06931115	      1.23074294	     -5.40018100	    -23.67612380	      0.00000000	      3.64552125	     -1.72772034	      0.00000000	      2.08292524	     -3.65595012	    -19.98281650	      0.00000000	      3.47126015	      7.58789555	      0.00000000	     -5.34826313	     -0.26846473	     -1.85841355	     16.98494676	    -12.16556368	     14.12055408	     34.37530195	     75.92093830	     17.93369377	     -8.50923766	      7.06549231	     27.39801427	     67.55152480
      6.03333330	      0.39480068	      1.21734650	      2.38389941	      0.85355719	      0.92545075	     -0.06908285	      1.83347696	     -5.33654968	    -22.13111062	      0.00000000	      2.22679509	     -4.80443895	      0.00000000	      2.61260951	     -3.65737978	    -19.04323850	      0.00000000	      2.69956825	      5.58433865	      0.00000000	     -5.60914532	     -0.25515552	     -1.76200770	     18.34742363	    -13.31376763	     15.26017610	     37.60552735	     75.71922194	     19.25766454	     -9.02659297	      7.48441831	     29.36719169	     67.37931642
      6.05000000	      0.06980684	      1.19980606	      2.35693337	      0.85161995	      0.92581135	     -0.06993282	      2.37834694	     -5.34539737	    -22.18467129	      0.00000000	      2.15724512	     -4.82409234	      0.00000000	      3.12647925	     -3.61075811	    -19.01892021	      0.00000000	      2.63809915	      5.61179894	      0.00000000	     -5.45400563	     -0.29098162	     -1.67759133	     20.34990603	    -13.73602825	     15.02381030	     38.13373100	     75.68575191	     21.00814716	     -9.20100042	      7.39065678	     29.90236895	     67.36529718
      6.06666670	     -0.31834601	      1.14612531	      2.41903785	      0.84270382	      0.92201810	     -0.06698055	      3.12086656	     -5.25750092	    -22.07829607	      0.00000000	      2.04714664	     -4.88180001	      0.00000000	      3.87333187	     -3.64038371	    -18.89408193	      0.00000000	      2.51500968	      5.56073991	      0.00000000	     -5.53390566	     -0.34977286	     -1.51371777	     22.67571996	    -14.15431617	     14.82005576	     38.79886609	     75.66294351	     23.13420456	     -9.53531393	      7.25916727	     30.51988359	     67.34885355
      6.08333330	     -0.24769480	      1.02734969	      2.46089377	      0.84312713	      0.92449226	     -0.06718760	      3.33009439	     -5.07469014	    -20.97457833	      0.00000000	      0.72418449	     -7.11088173	      0.00000000	      4.07430048	     -3.76618760	    -17.81891042	      0.00000000	      1.22202209	      3.42987493	      0.00000000	     -6.16803718	     -0.26175910	     -1.38126595	     25.02422873	    -15.12685025	     15.93600709	     40.41100013	     75.70955873	     25.40418197	     -9.92417797	      7.43726035	     31.37702318	     67.24158208
      6.10000000	     -0.73422210	      0.93488024	      2.66658222	      0.84105505	      0.92496556	     -0.06732311	      4.04758965	     -4.95481369	    -20.43057838	      0.00000000	     -0.24353456	     -8.62610238	      0.00000000	      4.88707416	     -3.83499301	    -16.65178648	      0.00000000	      0.73282197	      2.29155312	      0.00000000	     -6.02276833	     -0.26625522	     -1.32374970	     27.31667319	    -15.89679613	     16.93993360	     41.35980079	     75.72359072	     27.62055500	    -10.29293575	      7.62214524	     32.01947680	     67.10373925
      6.11666670	     -1.06525693	      0.79272980	      2.80080737	      0.83411721	      0.92199847	     -0.06595170	      4.74741607	     -4.76004052	    -20.01323605	      0.00000000	     -0.39010181	     -9.12059763	      0.00000000	      6.02560754	     -4.10968017	    -16.24231829	      0.93791780	      1.04547589	      1.84757014	      0.00000000	     -6.17606307	     -0.21169335	     -1.16661811	     29.99824737	    -16.37941799	     17.01948528	     41.96771093	     75.71871076	     30.18989223	    -10.62675211	      7.54664643	     32.69156935	     67.04607826
      6.13333330	     -1.90554977	      0.66132459	      3.09114307	      0.83424982	      0.91999143	     -0.06527019	      6.38712232	     -4.78111824	    -19.13896192	      0.98877147	     -1.44393706	    -11.64875546	      0.00000000	      7.88948958	     -4.36498941	    -15.03749475	      2.19790455	      0.69872035	     -0.01953088	      0.00000000	     -5.67447038	     -0.20987194	     -1.10223264	     32.75635822	    -17.20037810	     18.82978321	     42.54300822	     75.86177034	     32.57783726	    -10.98546831	      8.00645471	     33.09633274	     66.83363873
      6.15000000	     -2.05796727	      0.58526213	      3.29846925	      0.83779309	      0.91384694	     -0.06531438	      7.16339776	     -4.89285128	    -18.98235955	      2.05606032	     -1.28562608	    -11.97771922	      0.00000000	      8.92304800	     -4.62202909	    -14.68467506	      3.48639439	      0.89746319	     -0.22065307	      0.00000000	     -5.84845423	     -0.21726382	     -0.90696246	     35.35787946	    -17.71301053	     18.62669940	     43.03597798	     75.85040458	     34.98288479	    -11.27692862	      7.88499593	     33.82802111	     66.79664505
      6.16666670	     -3.29022525	      0.36994896	      3.54453547	      0.83541062	      0.91116474	     -0.06606886	      9.26968227	     -4.97881471	    -18.23260693	      3.43021064	     -1.69793635	    -14.65714683	      0.00000000	     11.34232244	     -4.91393965	    -13.38654743	      5.18718780	      1.23959438	     -2.73026516	      0.00000000	     -4.58368275	     -0.10382766	     -0.73661412	     37.74100550	    -18.71415743	     20.64011904	     43.49423163	     76.05205142	     37.08744256	    -11.49641273	      8.45772519	     34.30001856	     66.49646622
      6.18333330	     -3.96333046	      0.27854309	      3.70973087	      0.83399308	      0.91225901	     -0.06507486	     10.69539237	     -5.12567187	    -17.45728858	      4.69501654	     -1.98903178	    -16.55861884	      0.00000000	     12.97892490	     -5.10169159	    -12.43430969	      6.66454379	      1.17706752	     -4.48692911	      0.00000000	     -4.04953745	     -0.06805649	     -0.51693051	     40.36822456	    -19.44798365	     22.24340466	     43.51542487	     76.11036632	     39.23773185	    -11.76739452	      9.12033556	     34.65735959	     66.08361858
      6.20000000	     -4.13736604	      0.25456770	      3.86253306	      0.83539109	      0.91526914	     -0.06518477	     11.40793550	     -5.30192104	    -17.24260105	      5.80750703	     -1.82301032	    -16.82797737	      0.00000000	     13.90889299	     -5.26694272	    -12.14093033	      7.99986230	      1.29156323	     -4.75418806	      0.00000000	     -4.20463235	     -0.08722982	     -0.26048780	     42.62672557	    -19.77588554	     22.05965227	     43.86092857	     76.09388147	     41.20144399	    -11.84938865	      9.09138585	     35.24949387	     66.03769070
      6.21666670	     -5.40254442	      0.10043410	      3.83987471	      0.83188823	      0.91429854	     -0.06466040	     13.59043853	     -5.37076057	    -16.35002615	      7.23421556	     -1.96188155	    -18.76645870	      0.00000000	     16.17840808	     -5.43992524	    -10.90334853	      9.55973067	      1.21155823	     -7.29052874	      0.00000000	     -2.91173460	     -0.06088966	      0.29722019	     44.76080334	    -20.43576728	     23.84488145	     43.48910833	     76.24259478	     43.04654050	    -11.81068490	     10.21235662	     35.49294517	     65.75801271
      6.23333330	     -6.05461142	      0.01477504	      3.85093929	      0.82665246	      0.91020051	     -0.06541410	     15.13535104	     -5.48797042	    -15.46099159	      8.57688810	     -2.13678447	    -20.33676196	      0.00000000	     17.79981869	     -5.53275123	     -9.95378715	     11.02942293	      1.25502129	     -8.98556038	      0.00000000	     -2.53236834	      0.01232993	      0.58371324	     47.39751337	    -20.88222062	     25.39066653	     43.03962346	     76.30305224	     45.22458182	    -11.91245543	     11.46154804	     35.52380139	     65.44664607
      6.25000000	     -6.20941411	      0.01679761	      3.96712346	      0.82579128	      0.91191396	     -0.06683112	     16.01811928	     -5.72548881	    -15.07997093	      9.81009215	     -1.94423193	    -20.52553472	      0.00000000	     18.78146612	     -5.55203632	     -9.53149158	     12.34985401	      1.42029986	     -9.17214055	      0.00000000	     -2.94270472	      0.00000134	      0.72042195	     49.67907956	    -21.13279612	     25.16469446	     43.30252050	     76.28076324	     47.13767957	    -11.81524729	     11.52514956	     36.02971081	     65.42447394
      6.26666670	     -7.14063524	     -0.09731750	      3.96556487	      0.82151624	      0.90712194	     -0.06735269	     18.12254915	     -5.88233764	    -13.91394117	     11.47751567	     -2.05653066	    -22.87422993	      0.00000000	     20.87792547	     -5.56339511	     -8.27966475	     14.07673814	      1.33388264	    -11.80296762	      0.00000000	     -2.15983267	      0.21473583	      0.97137979	     52.64623221	    -21.52947105	     28.00514759	     42.07744315	     76.40731499	     49.58591471	    -11.94581399	     14.44694150	     35.19809064	     65.28673928
      6.28333330	     -7.85415116	     -0.16356680	      3.93117846	      0.81728867	      0.90447279	     -0.06867921	     20.09742463	     -6.14016623	    -13.29127794	     13.32338450	     -1.89339513	    -23.75625053	      0.00000000	     22.78889226	     -5.58711294	     -7.62503937	     15.89562758	      1.80008153	    -12.83888989	      0.00000000	     -1.83976960	      0.25406119	      1.46391311	     55.05542294	    -21.99214109	     28.64921463	     41.31726496	     76.33135500	     51.70305367	    -11.54233368	     15.63545096	     35.44123369	     65.25316158
      6.30000000	     -8.53967316	     -0.21911681	      3.86704977	      0.81389586	      0.90067439	     -0.06718542	     22.18508289	     -6.35667537	    -12.46375382	     15.35591366	     -1.75689928	    -25.08799657	      0.00000000	     24.69829319	     -5.62681142	     -6.86512206	     17.71868153	      2.18585649	    -14.16670521	      0.00000000	     -1.54623646	      0.33192443	      1.74934574	     57.55100503	    -22.21167626	     29.71316791	     40.77297677	     76.32022161	     53.80246588	    -11.55263731	     17.29864453	     35.42252262	     65.41085228
      6.31666670	     -8.97338309	     -0.24835189	      3.91395800	      0.81216587	      0.89759669	     -0.06721971	     23.94951638	     -6.58610085	    -11.58496442	     17.48533176	     -1.45321902	    -26.15181336	      0.00000000	     26.24326361	     -5.62353368	     -6.10778589	     19.40147436	      2.78563075	    -15.08556525	      0.00000000	     -1.59422973	      0.38123525	      1.76902622	     59.82743587	    -22.32502137	     30.34082428	     40.74679463	     76.31809130	     55.81594326	    -11.62524461	     18.47505434	     35.65860571	     65.61630563
      6.33333330	     -9.42917800	     -0.33527360	      3.99508407	      0.80760896	      0.89673678	     -0.06806351	     25.76449224	     -6.78843939	    -11.08948537	     19.64163591	     -2.03161567	    -28.04114925	      0.00000000	     27.80428734	     -5.67466676	     -5.56823851	     20.98229718	      2.82194458	    -15.98557879	      0.00000000	     -1.58538053	      0.50245641	      1.78538835	     62.36982293	    -22.53281506	     32.31630021	     40.23347246	     76.27153230	     57.99662384	    -12.02000526	     21.79284356	     35.47805366	     66.36456375
      6.35000000	     -9.61621157	     -0.34794791	      4.05467869	      0.80880887	      0.89727314	     -0.06731553	     27.08760243	     -7.01616168	    -10.71150825	     21.47723655	     -1.63798186	    -28.45020317	      0.00000000	     28.81369589	     -5.69437936	     -5.10280898	     22.27223270	      3.53008166	    -16.29145521	      0.00000000	     -1.95472008	      0.47734179	      2.09924851	     64.19745274	    -22.71942321	     32.14443002	     40.22685712	     76.22028664	     59.54800338	    -11.65687420	     22.02869916	     36.10634892	     66.47141641
      6.36666670	    -10.29105601	     -0.39000714	      4.06793178	      0.80588455	      0.89032797	     -0.06681828	     29.10526797	     -7.18174329	    -10.04563664	     23.58902662	     -1.75395814	    -29.80225944	      0.00000000	     30.48554935	     -5.75441794	     -4.65030629	     23.74789631	      4.17854141	    -16.35739047	      0.00000000	     -1.64457760	      0.43535510	      2.21306613	     66.68435905	    -22.62783900	     33.97344425	     39.32907207	     76.18111042	     61.61944996	    -11.93626493	     25.02198581	     35.99820979	     67.54456891
      6.38333330	    -10.87557946	     -0.34776511	      4.12981193	      0.80070149	      0.88313173	     -0.06789379	     31.19029746	     -7.56631366	     -9.62472855	     25.99046896	     -1.51198842	    -30.67654849	      0.00000000	     32.21004280	     -5.68465252	     -4.27851155	     25.27739186	      4.94386580	    -16.58196080	      0.00000000	     -1.61034512	      0.27552683	      2.32552859	     68.88228452	    -22.72291444	     34.34711809	     39.05085539	     76.11824555	     63.75036108	    -11.75638235	     25.80599726	     36.07679111	     67.91342682
      6.40000000	    -11.43329795	     -0.37043854	      4.23117459	      0.80079458	      0.87958807	     -0.06766595	     33.05677106	     -7.86773123	     -9.32561796	     28.16838392	     -1.46335280	    -31.85941034	      0.00000000	     33.82500609	     -5.72506209	     -3.96678644	     26.91462548	      5.56895529	    -16.68409310	      0.00000000	     -1.39186648	      0.26578642	      2.20866885	     71.13906672	    -22.48757176	     35.52940020	     38.63182555	     76.12113120	     65.91220856	    -11.80835474	     27.41050128	     35.55030668	     68.57741331
      6.41666670	    -11.50696731	     -0.38537310	      4.35479515	      0.79569639	      0.87641217	     -0.06778285	     34.34015552	     -8.11573492	     -9.05091103	     30.17820434	     -0.86429538	    -32.44987462	      0.00000000	     35.03891701	     -5.75719787	     -3.65091747	     28.59024646	      6.19647418	    -16.94438465	      0.00000000	     -2.02769628	      0.29478710	      2.12375429	     73.30178886	    -22.40741954	     35.37435416	     38.82899324	     76.08915147	     67.90377754	    -11.65012467	     27.50862558	     35.79398049	     68.68940001
      6.43333330	    -12.15506270	     -0.36321387	      4.32894143	      0.79307867	      0.87159667	     -0.06816130	     36.38730872	     -8.39122292	     -8.69732181	     32.34985027	     -0.48343893	    -33.32499980	      0.00000000	     36.98506454	     -5.80379803	     -3.48159280	     30.58096884	      6.96888279	    -16.78854662	      0.00000000	     -1.71489740	      0.28057401	      2.17591559	     75.75918829	    -22.16852193	     37.99945979	     37.33681185	     76.13966321	     70.45315205	    -11.73744358	     31.15968941	     34.09148990	     70.06039568
      6.45000000	    -12.28220564	     -0.26758393	      4.32748439	      0.78878958	      0.86791317	     -0.06820389	     37.82672210	     -8.70292175	     -8.44669527	     34.35565974	     -0.36752707	    -33.51281369	      0.00000000	     38.25468979	     -5.74264186	     -3.28625616	     32.24854231	      7.32634833	    -16.95677728	      0.00000000	     -2.48681714	      0.18243126	      2.08815342	     77.67379005	    -21.86581013	     37.75217805	     37.75531253	     76.09635212	     72.49687645	    -11.65192762	     30.99435249	     34.39086104	     70.08843039
      6.46666670	    -13.28987478	      0.02615715	      4.21210653	      0.78319778	      0.86281693	     -0.06798396	     40.56000537	     -9.13814825	     -7.66090857	     36.67401141	     -0.06950981	    -34.21296712	      0.00000000	     40.44262022	     -5.53939370	     -3.33430745	     33.90315028	      7.97062765	    -17.29365603	      0.00000000	     -2.02989625	     -0.20109865	      1.80329062	     79.20049393	    -21.30609256	     38.46613877	     38.02045258	     76.04605674	     74.35613890	    -12.06032965	     31.94640739	     33.80191958	     70.47572474
      6.48333330	    -13.79094067	      0.07744433	      4.28647470	      0.78123038	      0.85526020	     -0.06771397	     42.40308664	     -9.42358964	     -7.30471005	     38.57622179	      0.40457977	    -34.56184244	      0.00000000	     42.47262759	     -5.48604175	     -2.98760861	     36.15913707	      8.25204432	    -17.97544530	      0.00000000	     -2.18445698	     -0.17708592	      1.57065799	     81.44394516	    -20.85855006	     39.93850083	     37.44550899	     75.78062201	     76.96622127	    -12.12181035	     34.78537924	     32.36431204	     71.28187454
      6.50000000	    -13.93206914	      0.13944397	      4.17707630	      0.77656393	      0.85103640	     -0.06775648	     43.89283746	     -9.60346242	     -6.90732839	     40.31944162	      0.70022671	    -34.78755884	      0.00000000	     43.96575327	     -5.54224685	     -2.81477794	     38.20842319	      8.80301597	    -18.26591230	      0.00000000	     -3.03356407	     -0.27671619	      1.38501067	     83.26362950	    -20.40044024	     39.72975585	     37.93920810	     75.72330504	     79.14126742	    -12.23298890	     34.64190230	     32.54051049	     71.28606162
      6.51666670	    -14.75445152	      0.30753521	      4.00893639	      0.77456910	      0.84278704	     -0.06825097	     46.28906783	     -9.90049177	     -6.38270110	     42.43153916	      1.49497017	    -34.64945045	      0.00000000	     46.19663336	     -5.54358162	     -2.89587533	     40.35820513	      9.66145656	    -18.24711086	      0.00000000	     -2.69739567	     -0.47239478	      1.08237455	     84.91689331	    -19.42002170	     40.68094973	     37.61634710	     75.56117157	     81.16070139	    -12.44517275	     36.24911725	     31.50426648	     71.51431722
      6.53333330	    -14.80846426	      0.35460717	      3.91244834	      0.77032248	      0.83749279	     -0.06737038	     47.57962925	    -10.01754619	     -6.15254812	     44.18737461	      1.90481832	    -34.89141990	      0.00000000	     47.60901472	     -5.64066389	     -2.83107293	     42.31894499	     10.18447731	    -18.58646182	      0.00000000	     -3.42856841	     -0.47545312	      1.24381706	     86.69089614	    -19.13300936	     40.52156837	     37.67050268	     75.50057949	     82.97260467	    -12.22511456	     36.32602856	     31.70261429	     71.51980824
      6.55000000	    -15.19191686	      0.51325718	      3.68900169	      0.77013052	      0.83229344	     -0.06728262	     49.30158059	    -10.23021647	     -5.87728062	     46.16343319	      3.29104171	    -33.93540776	      0.00000000	     49.12463725	     -5.77105656	     -2.98475269	     44.14915051	     11.01808050	    -18.23471134	      0.00000000	     -3.31685498	     -0.58472449	      1.31424094	     88.75448957	    -18.00257188	     42.88253056	     34.93446797	     75.11996390	     85.21925657	    -11.98542325	     40.30206421	     29.23081211	     71.63762548
      6.56666670	    -15.27897608	      0.55975206	      3.54668103	      0.76735952	      0.82682131	     -0.06755204	     50.42217442	    -10.23772976	     -5.52230723	     47.73309435	      3.65693986	    -34.10000816	      0.00000000	     50.30516370	     -5.90735784	     -2.97802978	     45.86706655	     11.48975969	    -18.69563605	      0.00000000	     -3.89767261	     -0.66618851	      1.34276446	     89.95636029	    -17.76952868	     42.79721700	     35.11293441	     75.04378476	     86.75751814	    -12.01104909	     40.29202696	     29.41568882	     71.56804948
      6.58333330	    -15.38986721	      0.64363103	      3.22621649	      0.76662509	      0.82146104	     -0.06735793	     51.74519353	    -10.26214034	     -5.13240499	     49.48839072	      4.09115008	    -34.19947394	      0.00000000	     51.27524606	     -6.11299916	     -2.94074291	     47.44480647	     12.10357605	    -19.04919242	      0.00000000	     -4.29861667	     -0.75366125	      1.52124514	     91.10094577	    -17.34307659	     42.79256809	     35.15608254	     74.97727555	     88.02178841	    -11.91984928	     40.38200884	     29.50247974	     71.50858529
      6.60000000	    -15.91782066	      0.89058765	      3.10349411	      0.76240253	      0.81675342	     -0.06810127	     53.46040455	    -10.60650499	     -4.82047770	     51.25156741	      5.82173309	    -32.61009695	      0.00000000	     52.79895325	     -5.98647106	     -3.06788235	     48.93759922	     12.93935200	    -18.94274196	      0.00000000	     -4.12805984	     -0.79886360	      1.53663767	     92.98231794	    -16.00387743	     45.15688929	     32.22139824	     74.22483928	     89.68493428	    -11.94155455	     43.86925471	     27.85954247	     70.73259185
      6.61666670	    -16.02592748	      1.03237853	      2.88842809	      0.76268057	      0.80975127	     -0.06750606	     54.76161813	    -10.73355252	     -4.46477483	     52.86844939	      6.12131943	    -32.86207624	      0.00000000	     53.83942445	     -6.09573229	     -3.12221425	     50.53512547	     13.48054386	    -19.37743705	      0.00000000	     -4.73430242	     -0.91947791	      1.73921958	     94.15388871	    -15.77457898	     45.07106086	     32.36666081	     74.12655698	     90.99319815	    -11.83052447	     43.81312272	     28.11914499	     70.60728004
      6.63333330	    -16.22016258	      1.21436863	      2.78728139	      0.76137542	      0.80597772	     -0.06765066	     55.94951007	    -10.94746160	     -4.15878857	     54.26632344	      6.41539786	    -32.95878259	      0.00000000	     54.94018981	     -6.06609540	     -3.12424296	     51.92503966	     14.11081914	    -19.66158748	      0.00000000	     -5.11808496	     -1.03117048	      2.06110407	     95.18710987	    -15.59661158	     45.01986431	     32.33999339	     74.02101761	     91.93555473	    -11.58900209	     43.83361525	     28.33185917	     70.47773698
      6.65000000	    -16.47265432	      1.39909529	      2.56306536	      0.75963231	      0.80240919	     -0.06768069	     57.09747822	    -11.06395879	     -3.86314681	     55.39986049	      6.74812305	    -32.82470599	      0.00000000	     55.93508988	     -6.11066275	     -3.24721337	     53.13379759	     14.59604829	    -19.70714834	      0.00000000	     -5.42778822	     -1.16090649	      2.35650441	     96.06819926	    -15.37030324	     45.01023948	     32.28190753	     73.91403111	     92.72472241	    -11.35405169	     43.85991703	     28.51289337	     70.33772900
      6.66666670	    -16.59389287	      1.58966862	      2.54186148	      0.75869635	      0.79555255	     -0.06736898	     58.14064381	    -11.35649859	     -3.69210902	     56.86721241	      8.97340123	    -30.73058819	      0.00000000	     56.87616788	     -6.22213488	     -3.51557766	     54.52629715	     15.80684203	    -19.10492251	      0.00000000	     -5.72242416	     -1.31466558	      2.20240728	     97.29963200	    -14.52752043	     47.19870070	     30.51735762	     72.09219729	     93.77139356	    -11.33128042	     45.67183233	     27.88952336	     67.65639666
      6.68333330	    -16.75169348	      1.72538330	      2.53932803	      0.75895523	      0.79138141	     -0.06810543	     58.95931413	    -11.62839849	     -3.53100499	     57.82981123	      9.27807586	    -30.90574680	      0.00000000	     57.66242222	     -6.20777564	     -3.57813071	     55.59352010	     16.17935745	    -19.10899243	      0.00000000	     -6.01482513	     -1.31430039	      2.27639487	     98.08712561	    -14.32194266	     47.11096217	     30.65815466	     71.98654532	     94.35132387	    -11.13510301	     45.60189423	     28.03067554	     67.51238785
      6.70000000	    -16.87660670	      1.79162879	      2.67501508	      0.75628392	      0.78709564	     -0.06772819	     59.87576118	    -11.80744427	     -3.26576916	     59.03580889	      9.81596602	    -30.90735914	      0.00000000	     58.49516489	     -6.24765909	     -3.70521268	     56.68146852	     16.63368585	    -18.99172669	      0.00000000	     -6.36402095	     -1.40676688	      2.23474391	     98.70138482	    -14.18898784	     47.05940454	     30.73106400	     71.87612931	     95.00921159	    -10.86279223	     45.46846769	     28.25660783	     67.34061761
      6.71666670	    -17.30935986	      2.08469016	      2.72049688	      0.75544939	      0.78058766	     -0.06853454	     61.12191986	    -12.28308355	     -3.05418148	     60.25867742	     11.21543618	    -29.69088658	      0.00000000	     59.71019680	     -6.23726517	     -4.16970075	     57.88910396	     17.85412294	    -17.92003919	      0.00000000	     -6.26418663	     -1.81630058	      2.31312862	     99.21812441	    -14.20137769	     47.21594191	     30.53580149	     71.48618730	     95.46280190	    -10.44016273	     45.10154002	     28.51120036	     66.65387244
      6.73333330	    -17.37258120	      2.13086863	      2.58854257	      0.75468616	      0.77855841	     -0.06726239	     61.85351369	    -12.33629277	     -2.97975318	     61.08691899	     11.50253643	    -29.61227520	      0.00000000	     60.28286899	     -6.41176498	     -4.21568059	     58.70172806	     18.05778508	    -17.89863609	      0.00000000	     -6.81054188	     -1.79125807	      2.46110073	    100.03807593	    -13.96373401	     47.13445251	     30.69339275	     71.38237817	     96.16840761	    -10.29847209	     44.91749871	     28.68826672	     66.48143535
      6.75000000	    -17.40783919	      2.38242762	      2.60797818	      0.75505169	      0.77424959	     -0.06762704	     62.61271350	    -12.68534927	     -2.79751400	     62.16743656	     12.77910737	    -28.39484861	      0.00000000	     60.78942109	     -6.54907055	     -4.70979140	     59.55115009	     18.52460312	    -17.58679655	      0.00000000	     -7.21752263	     -2.06318543	      2.46632046	    100.56633806	    -13.91803066	     47.30705304	     30.68125669	     70.87716639	     96.50272671	    -10.05256859	     44.24927824	     29.32650897	     65.52236439
      6.76666670	    -17.41794259	      2.36546751	      2.55536338	      0.75179598	      0.76847483	     -0.06804606	     63.44907229	    -12.77598683	     -2.77616611	     63.26448844	     12.95883280	    -28.49072437	      0.00000000	     61.58562555	     -6.84280522	     -4.88441100	     60.75465899	     18.62753460	    -17.83824712	      0.00000000	     -7.79643215	     -1.94336687	      2.43191540	    101.41986109	    -13.73321421	     47.18615326	     30.80173620	     70.78645570	     97.35696351	     -9.93720820	     44.04323435	     29.50127063	     65.37355637
      6.78333330	    -17.58556002	      2.41303293	      2.37032427	      0.74928048	      0.76661276	     -0.06745550	     64.30954817	    -12.75600673	     -2.65427966	     63.99546241	     12.98437867	    -28.39074701	      0.00000000	     62.30828883	     -7.06344821	     -4.99497052	     61.38309695	     18.72749732	    -17.88674611	      0.00000000	     -8.34358118	     -1.97079420	      2.48187873	    102.23144833	    -13.53618596	     47.06204136	     30.90394440	     70.70122011	     98.20083312	     -9.80235579	     43.82630989	     29.74483818	     65.22706205
      6.80000000	    -17.64343303	      2.46375431	      2.20286407	      0.74811252	      0.76090991	     -0.06694142	     65.25539396	    -12.77472021	     -2.52606610	     65.06632424	     13.17382911	    -28.38477462	      0.00000000	     63.06119535	     -7.36869645	     -5.13388852	     62.29574679	     18.87683232	    -17.81701720	      0.00000000	     -8.93640106	     -2.05116774	      2.48866394	    103.07150919	    -13.36947750	     46.91847078	     30.91203788	     70.61212698	     99.11445911	     -9.66558925	     43.56829470	     29.99150282	     65.06497766
      6.81666670	    -17.75712467	      2.51923621	      2.12442051	      0.74570044	      0.75497695	     -0.06757973	     66.24205309	    -12.86152838	     -2.32524134	     66.11654816	     13.43342610	    -28.41690965	      0.00000000	     64.06226708	     -7.57053176	     -5.25537909	     63.52063962	     19.16718508	    -17.73053987	      0.00000000	     -9.52407393	     -2.10433968	      2.50793487	    104.10339600	    -13.34454926	     46.73522388	     30.81683209	     70.52028685	    100.05552908	     -9.51487614	     43.30824190	     30.28703591	     64.89903672
      6.83333330	    -17.76260634	      2.53261669	      1.94078599	      0.74339235	      0.75013894	     -0.06800155	     67.08827982	    -12.88813122	     -2.18833005	     67.21748894	     14.29887698	    -27.66821068	      0.00000000	     64.90397570	     -7.90314163	     -5.38919064	     64.72900685	     20.24868614	    -16.55205409	      0.00000000	    -10.17556411	     -2.01481945	      2.55048898	    105.59423303	    -12.73988107	     47.39645706	     29.26810810	     69.91385295	    100.77034156	     -9.45547468	     42.41166423	     30.69902902	     63.40810449
      6.85000000	    -17.79450800	      2.48543182	      1.97614329	      0.73875730	      0.74306931	     -0.06790585	     68.18993627	    -12.94714365	     -2.00945048	     68.64121782	     14.55880028	    -27.77227080	      0.00000000	     66.09947715	     -8.10635994	     -5.36732507	     66.25597105	     20.47527496	    -16.90245686	      0.00000000	    -10.84911596	     -1.93018060	      2.51953176	    106.79547022	    -12.69449190	     47.26878314	     29.27057986	     69.84940611	    101.95970631	     -9.26621624	     42.23373422	     30.95190935	     63.30158135
      6.86666670	    -17.92371688	      2.46831416	      1.94677330	      0.73774548	      0.73751898	     -0.06680612	     69.33185907	    -13.02215209	     -1.94483117	     69.83306584	     15.43500826	    -26.90752725	      0.00000000	     67.24927604	     -8.32474742	     -5.27670869	     67.59620708	     20.84350706	    -16.68719003	      0.00000000	    -11.40858522	     -1.86875961	      2.82610340	    108.41682774	    -12.56465013	     48.04350623	     28.10279175	     69.62896508	    103.02690091	     -8.85779158	     42.23503829	     30.80016468	     62.66056420
      6.88333330	    -17.98707950	      2.43674613	      2.01851405	      0.73561921	      0.73052948	     -0.06717346	     70.44827866	    -13.11283647	     -1.84649094	     71.16558550	     15.80905958	    -27.04762999	      0.00000000	     68.47544215	     -8.48521752	     -5.19123664	     69.07554718	     21.06482068	    -16.83640830	      0.00000000	    -12.02182575	     -1.84628958	      2.61019946	    109.46171584	    -12.28695611	     48.05704554	     28.23447882	     69.58503965	    104.21982710	     -8.88820449	     42.05993829	     30.83741103	     62.54778695
      6.90000000	    -18.19975587	      2.44295550	      2.03144371	      0.73461704	      0.72577553	     -0.06735261	     71.55441195	    -13.20861797	     -1.71777305	     72.21518592	     16.16909222	    -27.00217643	      0.00000000	     69.58543302	     -8.57859747	     -5.08172259	     70.31348310	     21.27356471	    -16.82366076	      0.00000000	    -12.51813950	     -1.80637662	      2.56016577	    110.63515360	    -12.07533375	     48.06477208	     28.23393534	     69.54313813	    105.34804793	     -8.85281123	     41.94038012	     30.78467503	     62.44035841
      6.91666670	    -18.33829505	      2.45312087	      2.01023760	      0.73408544	      0.72076241	     -0.06749030	     72.42597271	    -13.30529304	     -1.58716136	     73.21039819	     16.61024515	    -26.85893114	      0.00000000	     70.55102418	     -8.71562878	     -4.96707981	     71.49529531	     21.58932454	    -16.68305126	      0.00000000	    -12.95463018	     -1.80978672	      2.57308473	    111.52123613	    -11.95579233	     48.14171154	     28.13669245	     69.51648482	    106.20182684	     -8.79397599	     41.88136140	     30.69422229	     62.34142987
      6.93333330	    -18.48932112	      2.46542609	      1.96029581	      0.73175896	      0.71368057	     -0.06888897	     73.44806623	    -13.59718585	     -1.57960692	     74.36029847	     18.14792495	    -25.10072939	      0.00000000	     71.59090608	     -8.88089382	     -4.96554616	     72.79966593	     22.97257874	    -15.17126230	      0.00000000	    -13.33536780	     -1.69251212	      2.38960806	    112.72133050	    -11.37814867	     49.36235716	     27.10806284	     69.49177983	    107.35530259	     -8.65492112	     42.35498110	     29.26458551	     61.88268985
      6.95000000	    -18.61878278	      2.44881301	      1.81219665	      0.72955950	      0.70866000	     -0.06771424	     74.44278245	    -13.60034226	     -1.51225768	     75.43041006	     18.37220379	    -25.14313213	      0.00000000	     72.45263523	     -9.12019925	     -4.83115885	     73.78096637	     23.20616347	    -15.36189566	      0.00000000	    -13.88852554	     -1.69843605	      2.34323546	    113.63829905	    -11.23674746	     49.43865855	     27.17673326	     69.46790694	    108.37782789	     -8.65100499	     42.30436903	     29.30476186	     61.79087718
      6.96666670	    -18.74325650	      2.43105827	      1.74443063	      0.72993171	      0.70348607	     -0.06844113	     75.37152399	    -13.68728791	     -1.40930227	     76.57228035	     18.57582864	    -25.03288370	      0.00000000	     73.28711948	     -9.31259767	     -4.76547822	     74.79993898	     23.51683746	    -15.44479485	      0.00000000	    -14.40873870	     -1.58175821	      2.14765728	    114.51910693	    -10.96039418	     49.57371974	     27.25656086	     69.45526867	    109.32702819	     -8.75361678	     42.25311729	     29.10799586	     61.68469395
      6.98333330	    -18.69796323	      2.49024267	      1.83731144	      0.72597937	      0.69729669	     -0.06769092	     76.27142449	    -13.90548225	     -1.28518493	     77.74032811	     19.76051001	    -23.93441700	      0.00000000	     74.01518574	     -9.39770246	     -4.79738790	     75.79473001	     24.42902174	    -14.90767564	      0.00000000	    -15.08244049	     -1.57205257	      1.98964789	    115.89715275	    -10.74010706	     51.83474120	     26.08896968	     69.38772803	    110.63206747	     -8.49724062	     43.38812254	     27.62287215	     60.85578401
      7.00000000	    -18.83699887	      2.45630556	      1.76246198	      0.72599235	      0.69108604	     -0.06831661	     77.22852457	    -14.00644182	     -1.26853411	     78.72116813	     19.76304827	    -24.03405492	      0.00000000	     74.97801596	     -9.58605309	     -4.69089164	     76.88994888	     24.60144365	    -15.07249323	      0.00000000	    -15.51003980	     -1.46149553	      1.77808102	    116.59833900	    -10.51006871	     51.88987685	     26.32603960	     69.34137706	    111.45218304	     -8.58676014	     43.35149440	     27.58642823	     60.74570969
      7.01666670	    -18.99669705	      2.43535837	      1.71892288	      0.72498423	      0.68824282	     -0.06877057	     77.93504474	    -14.01647184	     -1.15052721	     79.37144273	     19.92307981	    -24.00729048	      0.00000000	     75.81002218	     -9.72132025	     -4.63912259	     77.67144607	     24.72641503	    -15.06344513	      0.00000000	    -15.87730141	     -1.37551383	      1.52243546	    117.02186169	    -10.29946472	     51.95535865	     26.57208671	     69.30588596	    111.99664358	     -8.77259822	     43.30187632	     27.47531028	     60.64082987
      7.03333330	    -19.10060459	      2.40182824	      1.64457308	      0.72152240	      0.68203241	     -0.06886258	     78.86939424	    -13.98898140	     -1.01458736	     80.25799938	     20.22206867	    -23.96447007	      0.00000000	     76.72732607	     -9.85878467	     -4.52109435	     78.58570203	     24.92130534	    -15.06623953	      0.00000000	    -16.36498904	     -1.34299814	      1.27490842	    117.60663123	    -10.10362827	     51.95750510	     26.77112439	     69.26648925	    112.73305169	     -8.93409579	     43.20892637	     27.39259095	     60.53655872
      7.05000000	    -19.31386480	      2.31508741	      1.81304480	      0.72038656	      0.67608420	     -0.06938012	     79.89716723	    -14.19103180	     -1.02086574	     81.20878685	     20.44474993	    -23.90817754	      0.00000000	     77.81132788	     -9.87658388	     -4.39845971	     79.62795848	     25.04292816	    -15.17811866	      0.00000000	    -16.80333463	     -1.24962977	      0.79317136	    118.29003885	     -9.96412208	     51.92943453	     26.95071773	     69.21246759	    113.63850647	     -9.14324377	     43.12223489	     27.21517829	     60.40288369
      7.06666670	    -19.51251361	      2.19764364	      2.03532287	      0.72102972	      0.67043719	     -0.06983880	     80.85968252	    -14.39733381	     -0.95395710	     82.15749468	     20.71414130	    -23.87709070	      0.00000000	     78.86417177	     -9.73365140	     -4.07763037	     80.74075850	     25.33820083	    -15.28526885	      0.00000000	    -17.18607434	     -1.10004244	      0.38127497	    118.86677716	     -9.88660189	     51.87917407	     27.09399320	     69.16399721	    114.43184942	     -9.21721951	     43.05446039	     27.07118409	     60.28783998
      7.08333330	    -19.82156612	      2.07584720	      2.09832200	      0.71991098	      0.66752945	     -0.06967051	     81.65165989	    -14.41113069	     -0.96510139	     82.90557545	     20.95800713	    -23.72364839	      0.00000000	     79.76887857	     -9.76418376	     -3.83889798	     81.44892648	     25.35598201	    -15.34207960	      0.00000000	    -17.48824609	     -0.99434112	     -0.00691927	    119.37446586	     -9.69177298	     51.83732971	     27.30255298	     69.11367856	    115.21353642	     -9.34169089	     42.97822396	     26.78440371	     60.15082237
      7.10000000	    -20.02501704	      2.05742929	      2.04963716	      0.71593801	      0.66277113	     -0.06946135	     82.44180219	    -14.36642204	     -0.87124610	     83.43995695	     21.19323722	    -23.61093616	      0.00000000	     80.63107664	     -9.75866069	     -3.60983157	     82.13274611	     25.46277006	    -15.47080257	      0.00000000	    -17.94026969	     -0.94236217	     -0.23026601	    119.93743646	     -9.43831841	     51.74715347	     27.44304323	     69.06055443	    115.99912403	     -9.46821551	     42.88486596	     26.46955866	     60.01515773
      7.11666670	    -20.09844905	      1.99524561	      2.19756565	      0.71202990	      0.65564549	     -0.07089769	     83.41330241	    -14.51242047	     -0.66751574	     84.28962539	     21.27093360	    -23.52271285	      0.00000000	     81.59143716	     -9.61426518	     -3.42255680	     82.94087051	     25.67952722	    -15.56132976	      0.00000000	    -18.51184556	     -0.73915098	     -0.41615796	    120.75719243	     -9.26285958	     51.60908921	     27.48449946	     68.99931856	    116.80992814	     -9.44720394	     42.80389493	     26.13670571	     59.87209275
      7.13333330	    -20.15000805	      1.98218979	      2.29960525	      0.71065818	      0.65397043	     -0.07119838	     84.07252101	    -14.59070873	     -0.48020026	     84.89886285	     21.15659100	    -23.53441494	      0.00000000	     82.26376374	     -9.44992900	     -3.26145214	     83.44502883	     25.79795079	    -15.54038439	      0.00000000	    -19.08424095	     -0.61513499	     -0.41576345	    121.45803212	     -9.18947833	     51.48753039	     27.42276043	     68.94566478	    117.31750739	     -9.39326166	     42.72747229	     25.89574823	     59.73910267
      7.15000000	    -20.19574901	      1.88480870	      2.56930121	      0.71048004	      0.64843178	     -0.07093999	     84.82398411	    -14.76322015	     -0.35043870	     85.62472412	     21.21696577	    -23.78730756	      0.00000000	     83.11050333	     -9.26947405	     -2.99596267	     84.22031471	     25.89912092	    -15.48313503	      0.00000000	    -19.69714957	     -0.44888940	     -0.62437480	    122.11481107	     -9.23821612	     51.34903148	     27.27354287	     68.88962938	    117.98657175	     -9.25745697	     42.59560620	     25.73849308	     59.58820054
      7.16666670	    -20.37547281	      1.79069533	      2.70746587	      0.70610448	      0.64266297	     -0.07055344	     85.77953634	    -14.79899259	     -0.26374153	     86.34735132	     21.15161955	    -24.00995833	      0.00000000	     84.21598978	     -9.16833210	     -2.72906900	     85.07563669	     25.95027223	    -15.43791243	      0.00000000	    -20.33896096	     -0.38747669	     -0.77492651	    123.07165598	     -9.22591036	     51.15365821	     27.16590982	     68.82375653	    118.98182064	     -9.12739327	     42.39431346	     25.60643784	     59.41877536
      7.18333330	    -20.59565985	      1.72646180	      2.74152966	      0.70207147	      0.63676366	     -0.07034383	     86.89914198	    -14.70859904	     -0.13691635	     87.13146590	     21.11697555	    -24.17574479	      0.00000000	     85.23148770	     -9.17798627	     -2.50888831	     85.74354987	     25.92082900	    -15.41776154	      0.00000000	    -20.98638447	     -0.36468068	     -0.75221544	    124.18072239	     -9.21668291	     50.92998199	     27.06054852	     68.75656933	    120.01870873	     -9.01099377	     42.18592190	     25.53391204	     59.25992868
      7.20000000	    -20.82879768	      1.63465020	      2.88859472	      0.70135521	      0.63116466	     -0.07123381	     88.05845304	    -14.70430655	      0.10001876	     88.09246997	     21.07904371	    -24.31414579	      0.00000000	     86.37062440	     -9.09618000	     -2.27109700	     86.63789129	     25.99364071	    -15.48982814	      0.00000000	    -21.58266942	     -0.23307908	     -0.76173886	    125.18103250	     -9.34786505	     50.72221829	     26.98173383	     68.69691781	    120.94947088	     -8.96197347	     41.97086853	     25.50411531	     59.10549555
      7.21666670	    -21.11842360	      1.61712848	      2.85761310	      0.69696301	      0.62367649	     -0.07047887	     89.26898933	    -14.62575758	      0.32169347	     88.89361900	     20.49796177	    -24.73881535	      0.00000000	     87.67393311	     -9.20504168	     -2.19813768	     87.51133919	     25.98318411	    -15.30097782	      0.00000000	    -22.14477732	     -0.35890736	     -0.46451263	    126.51607940	     -9.51013393	     50.68225061	     26.46370960	     68.52746846	    122.15121111	     -8.32846514	     41.46510928	     24.71796636	     58.38599358
      7.23333330	    -21.38781913	      1.52644057	      2.93694942	      0.69725423	      0.61826300	     -0.07146742	     90.40609737	    -14.66785155	      0.53084947	     89.77566760	     20.67963806	    -24.85795516	      0.00000000	     88.83049975	     -9.19775045	     -2.03749787	     88.38529399	     26.27330320	    -15.33038714	      0.00000000	    -22.48649170	     -0.28961125	     -0.40050577	    127.29056087	     -9.62983262	     50.62361317	     26.48593648	     68.48593821	    122.84990641	     -8.16438036	     41.31629527	     24.82107601	     58.22361802
      7.25000000	    -21.65718041	      1.48747043	      3.02908738	      0.69649970	      0.61093104	     -0.07244802	     91.49976981	    -14.78764157	      0.78997267	     90.65252796	     20.68725296	    -24.76228729	      0.00000000	     89.97346844	     -9.16481907	     -1.92758585	     89.40000030	     26.50477402	    -15.18286200	      0.00000000	    -22.62374464	     -0.23332496	     -0.15700356	    127.86542535	     -9.82714448	     50.60496155	     26.44041766	     68.44936751	    123.20152479	     -7.99032559	     41.18331221	     24.90536144	     58.05925541
      7.26666670	    -22.32655999	      1.33425382	      3.09458423	      0.69236886	      0.60562014	     -0.07101632	     92.87144944	    -14.78658065	      0.88096013	     91.25636161	     20.70884013	    -24.57528520	      0.00000000	     91.53580898	     -9.23771831	     -1.74880385	     90.13085811	     26.97801421	    -14.31167808	      0.00000000	    -22.19672519	     -0.19250442	      0.15189025	    128.14395493	    -10.22892957	     50.94575339	     26.26123316	     68.36560038	    123.25814927	     -7.57856912	     40.83522756	     24.81592377	     57.45985731
      7.28333330	    -22.49334809	      1.22774409	      3.15262303	      0.69203509	      0.60193144	     -0.07198790	     93.63652762	    -14.80238250	      1.01850114	     91.98763757	     20.82415477	    -24.66745044	      0.00000000	     92.44311484	     -9.26001786	     -1.55237127	     90.82331263	     27.06343763	    -14.23502461	      0.00000000	    -22.51994978	     -0.10577981	      0.05991142	    128.42342590	    -10.24801481	     50.96251134	     26.35611615	     68.32842290	    123.69532385	     -7.60851327	     40.63899650	     24.88444455	     57.27933417
      7.30000000	    -22.69630215	      1.10216685	      3.21906818	      0.69132344	      0.59523275	     -0.07233655	     94.55951096	    -14.84202756	      1.19610167	     92.87109203	     20.78095354	    -24.67245024	      0.00000000	     93.48361253	     -9.27646862	     -1.31989559	     91.73019647	     27.14581162	    -14.13348716	      0.00000000	    -22.75125570	      0.02825101	     -0.20316332	    128.74149738	    -10.17123559	     50.95001165	     26.55261774	     68.28693047	    124.26412528	     -7.65510305	     40.42055273	     24.91963657	     57.09931444
      7.31666670	    -22.83174891	      1.01134888	      3.32923137	      0.68954153	      0.59135414	     -0.07301634	     95.37387806	    -14.87893216	      1.41121268	     93.65742882	     20.63243042	    -24.71441041	      0.00000000	     94.33480978	     -9.19432341	     -1.16682949	     92.49713083	     26.98424714	    -14.04816389	      0.00000000	    -23.03143973	      0.16959712	     -0.41450712	    129.05805758	    -10.07577503	     50.89494931	     26.66893933	     68.23681522	    124.70090679	     -7.63440705	     40.23478785	     24.91194439	     56.92588403
      7.33333330	    -22.94577901	      0.91126385	      3.62554070	      0.68612158	      0.58486864	     -0.07268241	     96.32489470	    -15.01722334	      1.67982954	     94.48650284	     20.52594622	    -25.04658150	      0.00000000	     95.35177465	     -8.95259384	     -0.99758434	     93.33658146	     26.84444704	    -14.13063424	      0.00000000	    -23.38993057	      0.35339227	     -0.64988322	    129.60098278	    -10.02370397	     50.76938312	     26.68817995	     68.16750678	    125.26052212	     -7.55634176	     40.04132508	     24.88355370	     56.73620007
      7.35000000	    -23.07349589	      0.83700489	      3.74926575	      0.68863316	      0.58052980	     -0.07433646	     97.14139737	    -15.04979357	      1.95236902	     95.23750865	     20.23271701	    -25.41775854	      0.00000000	     96.19761962	     -8.82175666	     -0.83848068	     94.21080676	     26.63079318	    -14.36312796	      0.00000000	    -23.59880058	      0.52814607	     -0.87715966	    129.97248909	     -9.87570740	     50.66917481	     26.70133453	     68.09627165	    125.68051185	     -7.55208750	     39.84647995	     24.79252590	     56.52784817
      7.36666670	    -23.22375265	      0.80959866	      4.01062898	      0.68812584	      0.57647059	     -0.07498496	     97.85041208	    -15.18690018	      2.29525072	     95.92321179	     20.03720958	    -25.82041474	      0.00000000	     96.94399656	     -8.57669681	     -0.77411992	     94.89329561	     26.58809293	    -14.46742595	      0.00000000	    -23.79072680	      0.71018266	     -0.91631662	    130.36022808	     -9.76248037	     50.54254433	     26.58535990	     68.01829301	    125.87885485	     -7.39145115	     39.68339655	     24.71592853	     56.32734069
      7.38333330	    -23.39855118	      0.77704031	      4.10399886	      0.68642430	      0.57160671	     -0.07540388	     98.66118078	    -15.17437767	      2.61036633	     96.53432408	     19.81009876	    -26.05260581	      0.00000000	     97.78470602	     -8.46067105	     -0.65207968	     95.72128365	     26.44911816	    -14.64065136	      0.00000000	    -23.99649917	      0.81878415	     -0.87150043	    130.78634205	     -9.71030637	     50.39428773	     26.41164822	     67.93006810	    126.15925165	     -7.19210778	     39.46287670	     24.66079541	     56.10402230
      7.40000000	    -23.67938753	      0.64832114	      4.28317170	      0.68862038	      0.56742025	     -0.07598444	     99.37999209	    -15.25834716	      2.81412894	     97.23736394	     19.40789257	    -26.54811770	      0.00000000	     98.66776751	     -8.30797464	     -0.46481586	     96.47104058	     25.60694503	    -15.61350843	      0.00000000	    -23.82369449	      0.99600675	     -0.58961497	    130.87858863	     -9.65941222	     50.17226689	     25.72781266	     67.63603636	    125.80718426	     -6.55690152	     38.63062339	     24.39982700	     55.24154327
      7.41666670	    -23.73104346	      0.63828233	      4.41502629	      0.68302524	      0.56161339	     -0.07621332	    100.08035018	    -15.24755180	      3.13480020	     97.83597682	     19.48575486	    -26.69096845	      0.00000000	     99.44738249	     -8.13762687	     -0.40608309	     97.08003551	     25.71923834	    -15.64198624	      0.00000000	    -24.24750083	      1.11861544	     -0.58751736	    131.47707217	     -9.43422595	     50.07827114	     25.75666840	     67.56796956	    126.27876915	     -6.37263971	     38.41370766	     24.43860784	     55.06039082
      7.43333330	    -23.70207695	      0.59487462	      4.55803791	      0.68365534	      0.55785009	     -0.07608780	    100.67761463	    -15.24576287	      3.39195418	     98.51179416	     19.58973380	    -26.73385539	      0.00000000	    100.19961744	     -8.01922321	     -0.25811810	     97.76551535	     25.55758037	    -15.68605319	      0.00000000	    -24.67339653	      1.26514060	     -0.60799315	    131.86175017	     -9.28372029	     50.01625342	     25.67238165	     67.49784733	    126.56713569	     -6.21691336	     38.19509179	     24.39445273	     54.86618209
      7.45000000	    -23.54158344	      0.52076449	      4.75372290	      0.68233932	      0.55332116	     -0.07704176	    101.19244432	    -15.26560552	      3.67492601	     99.11981290	     19.54521834	    -26.78816390	      0.00000000	    100.76295354	     -7.76728640	     -0.09447447	     98.35815751	     25.54806996	    -15.49457031	      0.00000000	    -25.34802630	      1.51608310	     -0.66558487	    132.54859224	     -8.59502123	     50.14871627	     24.55285230	     67.07232603	    127.09896424	     -5.65590197	     37.02239617	     23.54583805	     53.59281419
      7.46666670	    -23.47531396	      0.52473765	      4.88623376	      0.67872667	      0.54853632	     -0.07745124	    101.91925609	    -15.14047608	      4.06263354	     99.67781661	     19.73818889	    -26.90300752	      0.00000000	    101.45685134	     -7.58924672	     -0.01687155	     98.98957736	     25.50857481	    -15.59444272	      0.00000000	    -25.90143257	      1.62224869	     -0.54837670	    132.91043874	     -8.52484586	     50.16855261	     24.51600915	     67.01589543	    127.36991324	     -5.49125078	     36.96839628	     23.69619473	     53.46176562
      7.48333330	    -23.56497918	      0.53764672	      5.02289871	      0.67676404	      0.54354901	     -0.07795435	    102.71941802	    -15.04074210	      4.47166099	    100.29397643	     19.75061822	    -26.94098750	      0.00000000	    102.26547090	     -7.33317499	      0.11683530	     99.47903213	     25.34191987	    -15.55194959	      0.00000000	    -26.39137508	      1.68483924	     -0.28354677	    133.45021838	     -8.35397379	     50.20761685	     24.25977547	     66.93777356	    127.72864944	     -5.00992287	     36.87038075	     23.81042653	     53.28724694
      7.50000000	    -23.56288109	      0.57039830	      4.99613130	      0.67619373	      0.54012520	     -0.07840951	    103.35077669	    -14.79627457	      4.82414848	    100.77046143	     19.43960649	    -27.26810511	      0.00000000	    102.81034905	     -7.24191115	      0.27938271	     99.86699730	     25.03911468	    -15.77937996	      0.00000000	    -26.99067726	      1.64526787	      0.51731442	    134.37673776	     -7.93327270	     50.95153225	     22.23788978	     66.57318302	    127.94528187	     -3.84609045	     36.08538414	     23.27339321	     52.30285768
      7.51666670	    -23.66238627	      0.50778173	      5.13803966	      0.67652740	      0.53623964	     -0.07732845	    104.05814241	    -14.74755072	      5.03518955	    101.33623831	     19.55784610	    -27.54948826	      0.00000000	    103.43353168	     -7.13075950	      0.46191791	    100.30646006	     24.91735583	    -15.71336126	      0.00000000	    -27.43694036	      1.76703640	      0.61754046	    134.51511486	     -7.57348557	     51.11881978	     22.13745082	     66.50817263	    128.24659010	     -3.47539399	     35.96962951	     23.37623626	     52.14953538
      7.53333330	    -23.59033634	      0.37640481	      5.30660070	      0.67731708	      0.53272013	     -0.07844065	    104.44859554	    -14.71647636	      5.28266416	    101.86696870	     19.12478935	    -28.25941567	      0.00000000	    103.87999535	     -6.93592066	      0.67929944	    100.75264450	     24.96227554	    -15.68486031	      0.00000000	    -28.01778963	      2.13715013	      1.28374698	    135.57365200	     -7.19010180	     55.51255194	     19.71827393	     63.87190444	    128.09250525	     -2.45658415	     33.78014350	     23.35665220	     47.90533410
      7.55000000	    -23.52101734	      0.31635593	      5.38016569	      0.67442279	      0.52730264	     -0.07877371	    104.92377074	    -14.64149803	      5.54604367	    102.47416368	     19.14217189	    -28.30087099	      0.00000000	    104.36424835	     -6.84734075	      0.84325482	    101.30938943	     24.95429800	    -15.67708957	      0.00000000	    -28.49292006	      2.28187980	      1.39877300	    135.38935151	     -7.08729444	     55.54002820	     19.69733515	     63.85033990	    128.20059796	     -2.22675854	     33.81103269	     23.43117374	     47.90067805
      7.56666670	    -24.17191359	     -0.07012521	      5.62808164	      0.67391774	      0.52168139	     -0.07910208	    106.15939819	    -14.86568768	      5.51154870	    103.04460488	     19.03192922	    -28.53225913	      0.00000000	    105.88590230	     -6.54513793	      1.24607607	    101.91398394	     24.69861707	    -15.53589913	      0.00000000	    -28.17919131	      2.63769373	      1.84162215	    135.71791890	     -7.05217058	     55.65954983	     18.84483569	     63.26488491	    128.63963714	     -1.23373913	     34.14981520	     22.33972083	     47.62750463
      7.58333330	    -23.95933929	     -0.13717351	      5.86335177	      0.67199796	      0.51695085	     -0.07911001	    106.63661749	    -15.06895096	      5.69412458	    103.84793943	     19.12993519	    -28.70683814	      0.00000000	    106.37653986	     -6.25902683	      1.40122913	    102.57731309	     24.69154750	    -15.55562187	      0.00000000	    -29.07410749	      2.49512331	      1.45030743	    136.85384957	     -7.47340726	     60.67211435	     18.33448398	     56.25283450	    131.33368786	     -0.51418435	     42.54862240	     18.37834880	     43.81108745
      7.60000000	    -23.97388938	     -0.32685119	      5.83400524	      0.66840487	      0.51174675	     -0.08069826	    107.35410439	    -15.14449314	      5.64373369	    104.35371588	     19.00525245	    -28.58669330	      0.00000000	    107.21744382	     -6.23740979	      1.65219959	    103.30748044	     24.42678582	    -15.45058884	      0.00000000	    -29.37079591	      2.68201675	      1.34701871	    137.10710827	     -7.25789443	     60.61315074	     18.22808442	     56.13207415	    131.77094201	     -0.42813640	     42.46800135	     18.33817261	     43.64433210
      7.61666670	    -24.05827096	     -0.72000108	      5.97691847	      0.67170186	      0.50852279	     -0.08107392	    107.82714578	    -15.45634017	      5.45706061	    104.95252480	     19.44517633	    -28.07804309	      0.00000000	    108.01284951	     -6.09991825	      2.03677164	    104.00044146	     23.99547393	    -15.69790948	      0.00000000	    -29.20310265	      3.24740333	      1.48974984	    137.04096380	     -6.94202330	     60.60697654	     17.59205452	     55.68567198	    131.53508946	     -0.24620865	     42.47473356	     17.66501348	     43.04823716
      7.63333330	    -24.04977670	     -0.80302638	      6.06592687	      0.66977854	      0.50374727	     -0.08223921	    108.33426037	    -15.72424134	      5.53457377	    105.44895673	     19.50183538	    -27.90608428	      0.00000000	    108.59936954	     -6.02353063	      2.04852171	    104.53326373	     23.97456615	    -15.50559449	      0.00000000	    -29.37349596	      3.35312587	      1.41982372	    137.40286164	     -6.99883728	     60.59200050	     17.47119555	     55.56272653	    131.78223596	     -0.10768506	     42.51200099	     17.65114738	     42.90407932
      7.65000000	    -24.16438264	     -1.00893403	      6.23392512	      0.66847734	      0.49871744	     -0.08225700	    109.02245650	    -16.10413286	      5.56236797	    106.12444729	     19.61927064	    -27.70958774	      0.00000000	    109.44719338	     -5.79026156	      2.28067193	    105.05050565	     24.05585983	    -15.20006700	      0.00000000	    -29.52166718	      3.63737367	      1.26224468	    138.05239552	     -7.02745739	     60.57920041	     17.41825267	     55.43547115	    132.20939773	     -0.09946559	     42.53794578	     17.51390259	     42.75420594
      7.66666670	    -24.22278573	     -1.34893632	      6.38986060	      0.67006278	      0.49521003	     -0.08238171	    109.53991247	    -16.47175788	      5.38265822	    106.68796277	     20.02894463	    -27.25517770	      0.00000000	    110.16891260	     -5.60499694	      2.69951903	    105.65098486	     24.46791458	    -14.34912573	      0.00000000	    -29.61366138	      4.16574273	      1.12293138	    138.54287708	     -6.70373174	     60.85089711	     17.25762392	     55.00509203	    132.58463273	     -0.17400063	     42.78757352	     16.74490736	     42.19924453
      7.68333330	    -24.31694596	     -1.48334066	      6.48107845	      0.66791859	      0.49005039	     -0.08204698	    110.20709494	    -16.60390508	      5.41806041	    107.33827675	     20.21823104	    -27.51320198	      0.00000000	    110.97256337	     -5.49367069	      2.92030720	    106.16038301	     24.48230238	    -14.34317281	      0.00000000	    -29.83816229	      4.27167704	      0.82852919	    139.28943543	     -6.64484684	     60.83001621	     17.25527381	     54.89638359	    133.26959314	     -0.30451408	     42.82092231	     16.67479204	     42.07476168
      7.70000000	    -24.39653895	     -1.64781168	      6.57190321	      0.66819578	      0.48727173	     -0.08269556	    110.77315996	    -16.66073259	      5.49434618	    107.87588384	     20.19735814	    -27.66460681	      0.00000000	    111.64054112	     -5.37824736	      3.08259653	    106.57065970	     24.24838861	    -14.16304121	      0.00000000	    -30.12867041	      4.47544469	      0.63456892	    140.08112201	     -6.50901673	     60.81857089	     17.22173304	     54.77682387	    133.87213767	     -0.45880930	     42.87183843	     16.51521710	     41.93551226
      7.71666670	    -24.09433999	     -1.76730235	      6.50114597	      0.66830422	      0.48318282	     -0.08244428	    110.92906507	    -16.53854677	      5.45233965	    108.43503137	     19.77286548	    -28.48878245	      0.00000000	    111.95538319	     -5.37649586	      3.43010468	    107.14277756	     24.19323550	    -14.28957191	      0.00000000	    -31.04335532	      4.66370738	      0.56146276	    141.46682458	     -5.75307521	     61.44563157	     15.83464340	     53.86675729	    135.17493779	     -0.49743594	     43.98924852	     15.23267272	     40.83218613
      7.73333330	    -24.22678523	     -1.83284746	      6.52086812	      0.66911038	      0.47908767	     -0.08185039	    111.59719211	    -16.48863333	      5.60928730	    109.14643255	     19.76881181	    -28.52537080	      0.00000000	    112.65285168	     -5.38282064	      3.62509095	    107.77520979	     24.08635332	    -14.16356458	      0.00000000	    -31.19773501	      4.71001545	      0.53025150	    141.92216782	     -5.69377800	     61.49528222	     15.90847904	     53.77606320	    135.52100458	     -0.58402385	     44.09685444	     15.27659804	     40.71076230
      7.75000000	    -24.28610718	     -1.97752053	      6.61810003	      0.66920873	      0.47371275	     -0.08225868	    112.29465347	    -16.59777197	      5.74212905	    109.81947605	     19.69429761	    -28.52284369	      0.00000000	    113.35246036	     -5.30054500	      3.80039444	    108.43669331	     24.10178102	    -14.00108193	      0.00000000	    -31.41224400	      4.90608035	      0.42770084	    142.40547376	     -5.52589960	     61.54703142	     15.94096085	     53.66799040	    135.87912718	     -0.62997623	     44.20691610	     15.26213630	     40.56341643
      7.76666670	    -24.20120251	     -2.11020119	      6.58930508	      0.66888138	      0.46993468	     -0.08300350	    112.73273539	    -16.58093614	      5.88269989	    110.48059368	     19.59102064	    -28.40556400	      0.00000000	    113.83803837	     -5.30175297	      3.99369835	    109.08120188	     23.96304010	    -13.87275524	      0.00000000	    -31.66502708	      5.03653178	      0.40138075	    142.58389437	     -5.43467922	     61.63401676	     15.96202951	     53.56154405	    135.93804479	     -0.65578416	     44.30428009	     15.20523726	     40.40224919
      7.78333330	    -24.23896121	     -2.27386916	      6.60238842	      0.67101982	      0.46387516	     -0.08300971	    113.45702780	    -16.68285222	      6.01253541	    111.23745825	     19.70331466	    -28.39362696	      0.00000000	    114.52930374	     -5.24312017	      4.23929324	    109.86343515	     24.18880035	    -13.71988219	      0.00000000	    -31.82598776	      5.16596716	      0.44506940	    142.98024331	     -5.16286426	     61.68828302	     15.93190158	     53.44915115	    136.22561676	     -0.59988370	     44.37484567	     15.19675571	     40.24128696
      7.80000000	    -24.20783174	     -2.49348020	      6.55716345	      0.67245386	      0.45977096	     -0.08258175	    113.97662942	    -16.81174105	      5.95894986	    111.92461915	     19.92760664	    -28.24412773	      0.00000000	    115.23872551	     -5.29895944	      4.58511280	    110.77377624	     24.19304350	    -13.38956992	      0.00000000	    -31.93591490	      5.37563763	      0.41915030	    143.02735140	     -4.91620447	     61.82484013	     15.77345010	     53.28851418	    136.22770886	     -0.61496210	     44.48506885	     15.09617970	     39.98923731
      7.81666670	    -24.02556034	     -2.56465795	      6.56113139	      0.67463804	      0.45712188	     -0.08190459	    114.16686891	    -16.93959258	      6.01885360	    112.65876536	     19.99591186	    -28.25196588	      0.00000000	    115.60688629	     -5.45891685	      4.74799631	    111.55690047	     24.20244681	    -13.36772353	      0.00000000	    -32.19585602	      5.38661774	      0.33658385	    142.97225913	     -4.85160403	     61.85405500	     15.75414320	     53.25893893	    136.06702131	     -0.55297647	     44.51697935	     15.10028764	     39.94342188
      7.83333330	    -24.09211380	     -2.79252728	      6.38829295	      0.67403682	      0.45153670	     -0.08313872	    114.63285650	    -17.12603023	      5.79649417	    113.25791885	     20.32344585	    -27.94130257	      0.00000000	    116.36630082	     -5.66724844	      5.04054177	    112.32771103	     24.30744532	    -13.13633376	      0.00000000	    -32.15778124	      5.52607445	      0.15779171	    142.81323431	     -4.55975752	     61.96126731	     15.55689853	     53.08939199	    136.13473304	     -0.71403384	     44.59035097	     15.01749689	     39.69018699
      7.85000000	    -24.02946646	     -2.94618922	      6.31316767	      0.67528671	      0.44674408	     -0.08261651	    115.20370252	    -17.38790541	      5.73081251	    114.04094342	     21.04290681	    -27.02176314	      0.00000000	    116.94591339	     -5.80258884	      5.30096470	    113.04765756	     24.47977524	    -12.79150696	      0.00000000	    -32.10299592	      5.75210719	      0.29569298	    142.79443283	     -3.73882033	     62.10586655	     14.29734262	     52.44128750	    135.96571147	     -0.69521743	     45.02564827	     14.71054921	     38.86760802
      7.86666670	    -24.06895344	     -3.05894614	      6.18222120	      0.67880484	      0.44260460	     -0.08271793	    115.86192018	    -17.59755295	      5.72319971	    114.87558850	     21.09134267	    -26.96837162	      0.00000000	    117.54969680	     -6.03864348	      5.58842539	    113.78967320	     24.49867984	    -12.74934813	      0.00000000	    -32.16247009	      5.72156729	      0.23968346	    143.03073474	     -3.61892291	     62.11461492	     14.17968132	     52.32857913	    136.25138865	     -0.58489867	     45.09365138	     14.79374614	     38.72874437
      7.88333330	    -24.14833038	     -3.22824460	      5.96435014	      0.67830931	      0.43898279	     -0.08304786	    116.39977334	    -17.68728530	      5.59944842	    115.44995403	     21.38389123	    -26.45826308	      0.00000000	    118.19444905	     -6.29856352	      5.89311734	    114.44348169	     24.90422990	    -12.11431148	      0.00000000	    -31.92582140	      5.79765397	      0.39210516	    142.95887399	     -3.21481766	     62.13494819	     13.44492651	     51.83939780	    136.10531394	     -0.49569332	     45.47973661	     14.56685070	     38.17086527
      7.90000000	    -23.93055753	     -3.29313763	      5.93060271	      0.67746563	      0.43522811	     -0.08234315	    116.67961163	    -17.86972665	      5.59622974	    116.06714461	     21.40715166	    -26.47169861	      0.00000000	    118.48591258	     -6.45574454	      6.02528043	    115.04484177	     24.88310894	    -12.13705149	      0.00000000	    -32.07416846	      5.76360831	      0.32811231	    143.01126600	     -3.18543528	     62.13269160	     13.43362551	     51.82179160	    136.11532709	     -0.45927710	     45.49779468	     14.57958900	     38.15263261
      7.91666670	    -24.00573773	     -3.53228980	      5.77212905	      0.67784813	      0.43373761	     -0.08194649	    116.99433277	    -17.80973727	      5.37929903	    116.36320031	     21.68885224	    -26.29815171	      0.00000000	    119.02580844	     -6.60508677	      6.40478757	    115.45791494	     24.77862631	    -11.93846618	      0.00000000	    -32.04141223	      5.74840721	      0.18844145	    143.17959407	     -3.15778575	     62.10484102	     13.21275250	     51.67621352	    136.50831819	     -0.45271484	     45.62184361	     14.56675949	     38.01788104
      7.93333330	    -23.96214597	     -3.57617560	      5.78561072	      0.67792829	      0.43439222	     -0.08201943	    117.04655599	    -17.81537218	      5.33768996	    116.45981275	     21.70042879	    -26.29037266	      0.00000000	    119.05342984	     -6.66954770	      6.42252782	    115.43746099	     24.77514104	    -11.92469086	      0.00000000	    -32.07961682	      5.75901914	      0.15649213	    143.18669268	     -3.15961602	     62.10235753	     13.19687383	     51.66529978	    136.47507010	     -0.43567417	     45.63681104	     14.55853393	     38.00902360
      7.95000000	    -23.98694526	     -3.84008851	      5.66027359	      0.68000177	      0.43372975	     -0.08199714	    117.01551125	    -17.80442212	      5.01723924	    116.58111686	     22.26398020	    -25.79569751	      0.00000000	    119.24514599	     -6.82814263	      6.75330304	    115.62545516	     25.19971008	    -11.13897666	      0.00000000	    -31.83674157	      5.93590370	      0.20302964	    142.93673789	     -2.90038761	     61.98882223	     12.73617600	     51.05557449	    136.29060694	     -0.48038529	     46.32885847	     14.24380883	     37.52329885
      7.96666670	    -24.03404475	     -3.85427073	      5.68571907	      0.67867600	      0.43408649	     -0.08201324	    116.95152502	    -17.76144602	      5.03608234	    116.47188145	     22.26600101	    -25.79287110	      0.00000000	    119.26453308	     -6.81565782	      6.71364978	    115.56175093	     25.18678537	    -11.15319283	      0.00000000	    -31.78874307	      5.92704833	      0.18854915	    142.96597130	     -2.92216180	     61.98300682	     12.72055172	     51.03675839	    136.37801076	     -0.46906053	     46.34468690	     14.26371789	     37.50770050
      7.98333330	    -24.07805359	     -3.84840342	      5.66001450	      0.68095053	      0.43459679	     -0.08295368	    116.94853296	    -17.75541304	      5.04293949	    116.45955909	     22.27157170	    -25.80528997	      0.00000000	    119.19848421	     -6.78519764	      6.75076275	    115.58708089	     25.18928312	    -11.16282672	      0.00000000	    -31.71252860	      5.90786239	      0.17686070	    143.00622253	     -2.96012943	     61.97658841	     12.70945109	     51.02554914	    136.42049196	     -0.48287061	     46.35155690	     14.27037616	     37.49835598
      8.00000000	    -24.23254756	     -3.81837674	      5.60162206	      0.68075898	      0.43921016	     -0.08541339	    116.71343348	    -17.74296972	      5.03475773	    115.98725407	     22.17461407	    -25.76275634	      0.00000000	    119.08326919	     -6.75583391	      6.56240384	    115.31252775	     25.18151341	    -11.21769266	      0.00000000	    -31.57816034	      5.95589721	      0.12933008	    142.99013757	     -3.09732129	     61.97045362	     12.69323452	     50.99464189	    136.43606749	     -0.54211214	     46.37674182	     14.25972480	     37.46880012
      8.01666670	    -24.13121347	     -3.65463377	      5.70367076	      0.67841075	      0.44349366	     -0.08526024	    116.18031899	    -17.78419261	      5.15742903	    115.35526650	     21.51514001	    -26.19116952	      0.00000000	    118.41018946	     -6.59196871	      6.13976750	    114.74186274	     24.79869684	    -11.93959777	      0.00000000	    -31.64978358	      5.84186126	     -0.26401055	    142.66360712	     -3.36293354	     61.99867770	     13.30801830	     50.58976777	    136.39687759	     -0.61352732	     46.74407724	     14.33323335	     37.04621356
      8.03333330	    -24.21134330	     -3.63446943	      5.77818379	      0.67955757	      0.44782798	     -0.08372006	    115.66164599	    -17.79715765	      4.95811604	    114.77259604	     21.13537838	    -26.25317911	      0.00000000	    117.77971955	     -6.54387249	      6.01996744	    114.07552329	     24.81626610	    -11.79136158	      0.00000000	    -31.45428509	      5.90174699	     -0.30684994	    142.51803812	     -3.37941148	     62.00903898	     13.45112242	     50.45853274	    136.14185839	     -0.72462834	     46.85682506	     14.27536009	     36.90220266
      8.05000000	    -24.20858373	     -3.52447651	      5.83680042	      0.68070136	      0.45342371	     -0.08306697	    114.91312612	    -17.70540075	      4.78435827	    114.10733784	     20.89863567	    -26.50211879	      0.00000000	    116.98594523	     -6.64069013	      5.79035348	    113.34107299	     24.79334739	    -11.75980446	      0.00000000	    -31.29956013	      5.83409509	     -0.41956943	    142.18457894	     -3.39398560	     62.03839062	     13.62670606	     50.34743865	    135.75884838	     -0.97421555	     46.95767421	     14.27105592	     36.76856357
      8.06666670	    -24.06904822	     -3.28710882	      5.91081101	      0.67584509	      0.45936523	     -0.08388292	    114.08673023	    -17.54750992	      4.71049393	    113.18758312	     19.94527723	    -27.40155772	      0.00000000	    115.96860904	     -6.58787601	      5.37106970	    112.28900084	     24.77629518	    -11.96295659	      0.00000000	    -31.63533585	      5.59916699	     -0.79146443	    142.34020019	     -3.56508353	     62.03923599	     14.14248253	     49.98278146	    136.18040430	     -1.21339839	     47.25386566	     14.60525133	     36.35017292
      8.08333330	    -24.26194453	     -3.22258074	      5.83309479	      0.67687072	      0.46847333	     -0.08286797	    113.30770681	    -17.27972767	      4.29255601	    112.03565300	     19.71445788	    -27.36081007	      0.00000000	    115.08609284	     -6.68894063	      5.19339850	    111.12695978	     24.52071248	    -12.08523622	      0.00000000	    -31.44080022	      5.48684341	     -0.92201974	    142.20998328	     -3.62294311	     62.06319838	     14.26430246	     49.89170475	    136.10137601	     -1.39366579	     47.33745945	     14.54137155	     36.22748438
      8.10000000	    -24.63109695	     -3.13326078	      5.86958450	      0.67351973	      0.47211111	     -0.08329774	    112.87723043	    -17.17303949	      4.01633709	    110.93991951	     19.68590793	    -27.40365292	      0.00000000	    114.50243716	     -6.57009045	      4.93790332	    109.99792398	     24.56565264	    -12.14139569	      0.00000000	    -31.08011613	      5.43015203	     -0.93894225	    142.44142978	     -3.67628172	     62.05519175	     14.28765929	     49.86023061	    136.30673085	     -1.44876558	     47.35991385	     14.52266179	     36.18715034
      8.11666670	    -24.53234974	     -2.80107232	      5.63319004	      0.67652346	      0.48115933	     -0.08348472	    111.92135000	    -16.70766331	      3.94559570	    109.74930731	     18.16218636	    -29.00179514	      0.00000000	    113.30395085	     -6.72008150	      4.59882186	    108.96462208	     23.71132710	    -13.36357174	      0.00000000	    -31.38987011	      4.78433392	     -0.66907010	    142.98268223	     -4.44736996	     64.02168013	     14.51060725	     48.15089415	    137.29378409	     -0.54618728	     50.77431420	     12.41717358	     33.17365933
      8.13333330	    -24.74406362	     -2.60390412	      5.56166255	      0.67752416	      0.49184436	     -0.08429536	    110.85610788	    -16.59261707	      3.71859668	    108.29147055	     18.24255243	    -28.93436564	      0.00000000	    112.21660045	     -6.57947778	      4.23380609	    107.68102841	     23.86873775	    -13.65641347	      0.00000000	    -31.01957746	      4.71900765	     -0.60823320	    142.79296337	     -4.26773408	     64.07516589	     14.62113439	     48.10277779	    137.00244692	     -0.77658448	     50.90687471	     12.36337719	     33.06946150
      8.15000000	    -25.02329195	     -2.31615731	      5.34870586	      0.68184451	      0.50225143	     -0.08477364	    109.74178555	    -16.41749172	      3.47952218	    106.90743474	     18.20184598	    -28.91586293	      0.00000000	    110.95024056	     -6.58471963	      3.87934167	    106.42100393	     23.97536148	    -13.98887002	      0.00000000	    -30.49378399	      4.44561647	     -0.47306115	    142.42229288	     -4.31945817	     64.14297776	     14.70651878	     48.06898671	    136.54956842	     -0.96943406	     51.02959505	     12.36708848	     32.97099149
      8.16666670	    -25.28009499	     -1.98436825	      5.24955469	      0.68392239	      0.51304439	     -0.08250664	    108.50160373	    -16.20753572	      3.27334029	    105.51136954	     18.08780894	    -28.91145773	      0.00000000	    109.37821997	     -6.61249692	      3.46633443	    104.92866903	     24.14969480	    -14.25673361	      0.00000000	    -29.86526315	      4.09918580	     -0.21277026	    141.94996588	     -4.44893994	     64.20460249	     14.77612747	     48.03834182	    135.73893409	     -0.92997611	     51.16607849	     12.47083683	     32.87958554
      8.18333330	    -25.53105906	     -1.61115933	      5.12853242	      0.68290968	      0.52251162	     -0.08070705	    107.33933662	    -15.83712723	      3.15612394	    103.97743332	     18.03780893	    -29.00710259	      0.00000000	    107.92443909	     -6.66220235	      3.01191415	    103.36103360	     24.07271318	    -14.94133211	      0.00000000	    -29.36638381	      3.48058788	      0.02752466	    141.58853488	     -5.02125661	     64.18286226	     15.27561672	     47.88714873	    135.13081374	     -0.92501228	     51.37225562	     13.45678105	     32.45383718
      8.20000000	    -25.57248057	     -1.43376168	      5.01047040	      0.68576687	      0.53237786	     -0.07915369	    105.98197858	    -15.61915547	      2.77556655	    102.59563950	     17.93100151	    -28.98679188	      0.00000000	    106.38527270	     -6.78478610	      2.81821294	    101.93549562	     23.98713426	    -15.06777696	      0.00000000	    -28.83653837	      3.22115385	      0.04873143	    140.84493611	     -5.12348130	     64.22838141	     15.36490421	     47.86972831	    134.33092122	     -1.12551988	     51.41191736	     13.47707934	     32.35597508
      8.21666670	    -25.56331405	     -1.16249036	      4.86177807	      0.68356704	      0.54239409	     -0.07752694	    104.54886841	    -15.27074390	      2.50501119	    100.99178693	     17.75941397	    -28.81955939	      0.00000000	    104.91937512	     -6.95310563	      2.44155961	    100.35440625	     23.81358613	    -15.33365747	      0.00000000	    -28.36561210	      2.80984308	      0.06577879	    140.06324350	     -5.33759505	     64.25191972	     15.46916263	     47.85296513	    133.66525694	     -1.36302779	     51.47227543	     13.65037803	     32.26983160
      8.23333330	    -25.64145477	     -0.88377517	      4.75049013	      0.68546194	      0.55411189	     -0.07601954	    103.14245745	    -14.96699019	      2.24551606	     99.28406415	     17.75651887	    -28.73762831	      0.00000000	    103.45877281	     -7.03905766	      2.05708795	     98.65707690	     23.52874848	    -15.72413172	      0.00000000	    -27.89387739	      2.37930334	      0.03849233	    139.36433831	     -5.66956256	     64.24017993	     15.67860214	     47.83704606	    133.07859740	     -1.57282474	     51.54754888	     13.96211876	     32.19338911
      8.25000000	    -25.79331273	     -0.40851110	      4.70379552	      0.68336543	      0.56518674	     -0.07636725	    101.93167545	    -14.79607812	      2.27273050	     97.40460056	     17.18911162	    -28.89754166	      0.00000000	    101.96757403	     -6.90841550	      1.48847070	     96.67377637	     22.77097334	    -16.76641867	      0.00000000	    -27.66756705	      1.73866020	     -0.04215702	    139.10191928	     -6.67991488	     63.69106765	     17.28259649	     47.72140200	    132.82681957	     -2.07296290	     51.60434320	     15.54797349	     31.84875869
      8.26666670	    -25.92824489	     -0.15524409	      4.42028055	      0.68391280	      0.57621583	     -0.07490258	    100.62622310	    -14.37786928	      2.02475834	     95.43425720	     16.92419114	    -28.67162678	      0.00000000	    100.49702236	     -7.05002563	      1.16000298	     94.79087237	     22.61345625	    -16.87033281	      0.00000000	    -27.07850711	      1.31039459	      0.21964675	    138.48037793	     -6.97786040	     63.65464534	     17.28502573	     47.71645434	    132.04155433	     -2.03525920	     51.63177479	     15.56482446	     31.79702112
      8.28333330	    -26.20100995	      0.18569978	      4.37582279	      0.69164030	      0.58869987	     -0.07465334	     99.34000486	    -14.18750746	      1.98173674	     93.65296264	     16.29366447	    -29.18553495	      0.00000000	     98.92986676	     -7.12177150	      0.57172321	     92.87812702	     22.04939243	    -17.65093717	      0.00000000	    -26.23483194	      0.81894455	      0.35185622	    137.35658953	     -7.87240905	     62.94601037	     18.70022790	     47.74415493	    130.78675438	     -2.26952924	     51.23539536	     16.84271589	     31.44897606
      8.30000000	    -26.15403809	      0.32318207	      4.23663551	      0.69299432	      0.59786461	     -0.07339669	     97.77269604	    -14.01857392	      1.67659708	     91.95592223	     15.92647377	    -29.02366876	      0.00000000	     97.12347658	     -7.27973786	      0.19851525	     91.08485206	     22.23309012	    -17.66683820	      0.00000000	    -25.55345856	      0.62082011	      0.31764679	    136.34743257	     -7.94699018	     62.95396847	     18.70507496	     47.77250859	    129.71575539	     -2.47566051	     51.23200387	     16.79325316	     31.41850742
      8.31666670	    -26.19043993	      0.49429371	      4.05782452	      0.68849273	      0.60795029	     -0.07295581	     96.49975689	    -13.76203552	      1.49403988	     90.15273281	     15.51464598	    -28.89453654	      0.00000000	     95.68092185	     -7.30430217	     -0.14284459	     89.21109713	     22.27523706	    -17.66331593	      0.00000000	    -24.98516007	      0.29112182	      0.19817216	    135.63316391	     -8.01319201	     62.90883920	     18.68893345	     47.79719133	    129.08289565	     -2.65022032	     51.22907681	     16.93831120	     31.40312048
      8.33333330	    -26.18548097	      0.96384109	      3.80949862	      0.69101992	      0.62100074	     -0.07218737	     95.16461355	    -13.43977276	      1.55061319	     88.30189310	     14.53326963	    -29.37391141	      0.00000000	     93.90908946	     -7.45938885	     -0.85172128	     87.10230198	     21.23920935	    -18.62680540	      0.00000000	    -24.42372831	     -0.35240744	      0.05422301	    134.61246531	     -8.17603294	     62.14891385	     19.04467284	     47.89697654	    128.07597791	     -3.23995534	     50.97515107	     18.35146726	     31.38884430
      8.35000000	    -26.07313260	      1.12116083	      3.70699844	      0.69884729	      0.63588664	     -0.07183126	     93.07730156	    -13.31164389	      1.21883024	     86.17030894	     14.05116507	    -29.08910380	      0.00000000	     91.68857696	     -7.55801650	     -1.39249567	     84.70243216	     20.96444875	    -18.39488936	      0.00000000	    -23.62495588	     -0.48195223	      0.20286615	    133.12215780	     -8.34254864	     62.20104027	     19.04023027	     47.95066702	    126.34344958	     -3.40631992	     51.01655402	     18.37188356	     31.40036212
      8.36666670	    -26.08467783	      1.34224626	      3.27787064	      0.69900303	      0.64757849	     -0.07063022	     91.27235311	    -12.85101253	      0.97865243	     83.86511900	     13.66666935	    -28.96743359	      0.00000000	     89.69235780	     -7.87268830	     -1.92904861	     82.42264548	     20.80186520	    -18.35480841	      0.00000000	    -22.54451464	     -0.72252352	      0.34016887	    130.74793526	     -8.56999632	     58.31895106	     20.86571601	     48.73291306	    123.34960598	     -4.99754187	     46.48067968	     22.74436391	     31.89810866
      8.38333330	    -25.84778308	      1.48199756	      3.08759953	      0.69881722	      0.65677274	     -0.07002101	     89.59389184	    -12.59901126	      0.78837911	     81.96684194	     13.49705248	    -28.63269167	      0.00000000	     87.82037861	     -7.93764516	     -2.33791595	     80.40583320	     20.70942537	    -18.27324500	      0.00000000	    -21.90238382	     -0.93487014	      0.41198103	    129.52229152	     -8.64567296	     58.45094610	     20.68062194	     48.82323290	    122.22017165	     -4.95966733	     46.51325059	     22.59384433	     31.98017118
      8.40000000	    -25.69737216	      1.72904238	      2.77972777	      0.70383946	      0.67078863	     -0.07044550	     87.74569161	    -12.27537523	      0.71124239	     79.85194806	     13.26958696	    -28.23243056	      0.00000000	     85.75938075	     -8.01095493	     -2.84462164	     78.19683831	     20.42851669	    -18.21415710	      0.00000000	    -21.16622738	     -1.14557957	      0.46980752	    128.24199280	     -8.68419643	     58.53772843	     20.67089887	     48.92402372	    120.92449964	     -5.21878656	     46.54874986	     22.44592628	     32.08599384
      8.41666670	    -25.42687321	      1.90330160	      2.45600555	      0.70913453	      0.68156745	     -0.06937790	     85.75649411	    -11.99174070	      0.48833186	     77.82983211	     13.06442061	    -27.91642417	      0.00000000	     83.63225025	     -8.22186462	     -3.35246715	     76.06219540	     20.15882905	    -18.20999016	      0.00000000	    -20.37553098	     -1.31900159	      0.44655590	    126.67741717	     -8.68515622	     58.63138858	     20.74617480	     49.00267302	    119.48518979	     -5.64839782	     46.62918532	     22.30221340	     32.17252864
      8.43333330	    -25.19174702	      2.10252849	      2.27512502	      0.71242644	      0.69261358	     -0.06909883	     83.83984705	    -11.81261679	      0.43556353	     75.82949808	     12.72541732	    -27.87131711	      0.00000000	     81.53529874	     -8.12604466	     -3.70705645	     73.96239080	     19.55012058	    -18.74666340	      0.00000000	    -19.43595841	     -1.42639657	      0.16656409	    124.29079274	     -8.72307936	     55.28985269	     22.53805761	     49.76007966	    117.02644927	     -7.39419234	     45.32102618	     25.83871715	     33.77933551
      8.45000000	    -24.81520664	      2.31877585	      2.15011314	      0.71486869	      0.70321746	     -0.06763940	     81.90203379	    -11.65784643	      0.41125083	     73.98567337	     12.41274147	    -27.61497205	      0.00000000	     79.36742484	     -8.10710821	     -4.20383615	     71.80077918	     19.10612049	    -18.52333502	      0.00000000	    -18.57418418	     -1.57272380	      0.31052971	    122.76568180	     -8.67015344	     55.40938294	     22.45152621	     49.86161839	    115.40587242	     -7.47836415	     45.37191283	     25.48059043	     33.85734562
      8.46666670	    -24.28826580	      2.66835237	      2.18406848	      0.71688512	      0.71207117	     -0.06627207	     80.09372415	    -11.58586920	      0.61161253	     72.30991208	     11.76416999	    -28.05116010	      0.00000000	     77.27041690	     -7.81311380	     -4.60611959	     69.85444203	     17.84337643	    -19.42210102	      0.00000000	    -18.12664217	     -2.02078130	      0.02619993	    121.38619560	     -8.69477640	     54.53253960	     22.70375780	     50.35782062	    114.37832419	     -7.62157813	     44.70788055	     25.45659337	     34.46072175
      8.48333330	    -23.96599501	      2.65960613	      2.21055967	      0.71971039	      0.72301347	     -0.06537376	     78.29663479	    -11.44187291	      0.38670485	     70.47587484	     11.51211389	    -27.96096726	      0.00000000	     75.52129898	     -7.77065888	     -4.84472894	     67.87792350	     17.17321538	    -19.18824460	      0.00000000	    -17.22465505	     -2.04239940	      0.00860513	    119.92107690	     -8.85713442	     54.61450308	     22.60221254	     50.45159216	    112.98333415	     -7.69098595	     44.85951345	     25.31384564	     34.56560173
      8.50000000	    -23.64253989	      2.79098081	      2.29803404	      0.72650151	      0.73440869	     -0.06582721	     76.23126841	    -11.45110066	      0.22395891	     68.42280175	     10.44200543	    -28.91942112	      0.00000000	     73.47480654	     -7.42037601	     -5.08508438	     65.49248879	     15.60354990	    -20.21218932	      0.00000000	    -16.18256266	     -2.22019658	     -0.26473483	    117.76560160	     -9.35476910	     53.73106254	     23.89292458	     50.99622427	    111.04794913	     -8.19737330	     44.78655446	     26.18588964	     35.33279868
      8.51666670	    -23.28801256	      2.78166103	      2.18476829	      0.72753258	      0.74470900	     -0.06484002	     74.28348221	    -11.24178610	     -0.07881653	     66.46116847	     10.07676827	    -28.70594339	      0.00000000	     71.58027182	     -7.38928185	     -5.35730189	     63.39715231	     15.04431133	    -19.82966812	      0.00000000	    -15.16799269	     -2.30910195	     -0.30431524	    116.10362188	     -9.60834254	     53.81292935	     23.75613932	     51.08714674	    109.46939273	     -8.25101137	     44.98190842	     26.04579379	     35.44089787
      8.53333330	    -22.96162852	      2.82227454	      2.02384430	      0.72931719	      0.75481985	     -0.06372008	     72.33602445	    -11.01009268	     -0.27192847	     64.34983271	      9.70291281	    -28.61357883	      0.00000000	     69.63366547	     -7.31402697	     -5.57946839	     61.15397485	     14.45953789	    -19.58354397	      0.00000000	    -14.14819882	     -2.42167966	     -0.15281984	    114.46566909	     -9.88758810	     53.89606202	     23.72644526	     51.16964836	    107.73235650	     -8.41299496	     45.20409213	     26.00671608	     35.55066558
      8.55000000	    -22.62849637	      2.82062907	      2.02218554	      0.73152766	      0.76666752	     -0.06328442	     70.33684623	    -10.74695903	     -0.38792239	     61.98333235	      7.81788986	    -30.21137948	      0.00000000	     67.64954271	     -7.07382957	     -5.65935136	     58.67967665	     13.04198091	    -20.20449165	      0.00000000	    -13.25884940	     -2.56105524	     -0.15687579	    112.26099163	    -10.90189370	     51.53995348	     26.23339509	     52.09213457	    105.36776979	     -9.18679480	     44.20589208	     28.44456462	     36.97740361
      8.56666670	    -22.18018705	      2.90255928	      1.94324350	      0.73659120	      0.77481825	     -0.06205651	     68.28600929	    -10.63520537	     -0.61992447	     59.81346050	      7.53722577	    -30.07424394	      0.00000000	     65.56987717	     -6.91399028	     -5.85644480	     56.43957820	     12.54856399	    -19.89769526	      0.00000000	    -12.21388872	     -2.67502523	      0.39179701	    110.70678783	    -11.41646730	     51.57918121	     25.86458052	     52.17698382	    103.17252374	     -8.95918311	     44.45614080	     28.49264949	     37.10190525
      8.58333330	    -21.80911576	      2.87868126	      1.89858205	      0.73822427	      0.78284330	     -0.06210932	     66.34547375	    -10.38897328	     -0.72916067	     57.62892027	      6.02778180	    -31.34916614	      0.00000000	     63.74590912	     -6.72720394	     -5.80464292	     54.39207596	     11.71605875	    -20.25605477	      0.00000000	    -11.35803198	     -2.74998864	      0.89373477	    108.84257815	    -12.79858578	     50.03437592	     27.83223460	     53.21704050	    100.88100827	     -8.92811360	     42.38986381	     30.50688382	     38.28981425
      8.60000000	    -21.46916937	      2.91225485	      1.94405741	      0.74325599	      0.79622711	     -0.06240062	     64.18329082	    -10.35984510	     -1.01072307	     55.24794560	      5.60792533	    -31.05445799	      0.00000000	     61.62314080	     -6.42201568	     -5.97216869	     51.91633469	     11.03167617	    -19.87867059	      0.00000000	    -10.15657854	     -2.65471536	      1.23935847	    106.93907484	    -13.18615909	     50.18678421	     27.53950540	     53.31787192	     98.56992579	     -8.77443789	     42.64137347	     30.45532659	     38.41274805
      8.61666670	    -21.07602940	      2.89145860	      1.88281664	      0.74903957	      0.80427604	     -0.06159632	     61.92477102	    -10.18641858	     -1.24847092	     52.74981130	      4.51583822	    -31.75401307	      0.00000000	     59.46195570	     -6.21665042	     -5.89881719	     49.51075419	      9.65660627	    -20.54222197	      0.00000000	     -9.11803075	     -2.68472593	      1.22042281	    104.11850690	    -13.95066387	     48.05217814	     29.77171243	     54.54232782	     95.54132713	     -9.48163127	     40.17043292	     33.19273307	     39.92401928
      8.63333330	    -20.37648603	      2.65264370	      1.99485137	      0.75470304	      0.81486108	     -0.06066139	     59.23617530	    -10.01335979	     -1.85807784	     50.25325357	      3.69767573	    -32.02667060	      0.00000000	     57.01999316	     -6.05896513	     -5.76699488	     47.04225078	      8.58536039	    -20.12839354	      0.00000000	     -8.43471762	     -2.25362235	      1.38161326	    102.00110417	    -14.29901380	     47.19055794	     30.24916405	     55.23671861	     92.91158275	     -9.81044622	     39.64474790	     34.19245696	     40.83001717
      8.65000000	    -19.97108084	      2.67386219	      1.99811371	      0.75555515	      0.82454626	     -0.06072725	     57.20828062	     -9.86440551	     -2.01598457	     47.99783483	      3.27866140	    -31.80276170	      0.00000000	     54.98058424	     -5.76440843	     -5.70898581	     44.65280069	      8.05838586	    -19.67411886	      0.00000000	     -7.27440667	     -2.27646604	      1.50199745	     99.60180303	    -14.59633023	     47.48547151	     30.00129728	     55.33891951	     90.40640044	     -9.89996423	     39.97902676	     34.06571303	     40.93841107
      8.66666670	    -19.58823402	      2.61496126	      1.97457020	      0.76262497	      0.83361871	     -0.06009051	     55.00823015	     -9.56755782	     -2.17569529	     45.46995314	      1.46159450	    -32.93534690	      0.00000000	     52.79867506	     -5.58059780	     -5.69593356	     42.16426422	      6.89734324	    -19.66807203	      0.00000000	     -6.29720204	     -2.21751110	      1.41364146	     96.00261040	    -15.19908441	     44.22379851	     32.89321007	     56.60838520	     86.80318494	    -10.93695981	     37.50162948	     37.79727904	     42.73962327
      8.68333330	    -18.68735684	      2.40210215	      1.97131248	      0.76623966	      0.84267222	     -0.06031003	     52.36626859	     -9.25326053	     -2.67807410	     43.09752944	      1.37866046	    -32.20828439	      0.00000000	     50.21037325	     -5.46803411	     -5.44472478	     39.73877658	      6.11638199	    -19.61883255	      0.00000000	     -5.85894371	     -1.96847327	      1.50992385	     93.06569505	    -15.55956610	     41.96586622	     33.92616203	     58.38840318	     83.89734188	    -11.33518953	     36.40519898	     39.32981532	     44.89852150
      8.70000000	    -18.05196042	      2.02390813	      1.79925788	      0.77096856	      0.84851443	     -0.05957427	     49.94942074	     -8.68221399	     -3.21168660	     40.72740219	      0.66623026	    -32.28112365	      0.00000000	     48.08210845	     -5.65127948	     -5.13439511	     37.60994804	      5.49692367	    -19.61230042	      0.00000000	     -4.94781510	     -1.59013626	      1.82034877	     90.29742219	    -15.97518976	     41.48661608	     33.95292088	     59.07101755	     81.21279805	    -11.78376899	     36.81051660	     40.28774979	     45.73172475
      8.71666670	    -17.67548911	      1.97016334	      1.58647157	      0.77198747	      0.85552031	     -0.05939589	     48.06150776	     -8.35343262	     -3.48493949	     38.36705324	      0.18355149	    -31.93188399	      0.00000000	     46.19325412	     -5.61424318	     -5.25712422	     35.26804759	      4.80825447	    -19.33851164	      0.00000000	     -3.70377406	     -1.64070860	      2.15819588	     87.79249776	    -16.19511569	     41.78754832	     33.53466635	     59.17266212	     78.76614597	    -11.90807872	     37.29018091	     40.27529279	     45.85692894
      8.73333330	    -16.99900828	      1.75545317	      1.55683969	      0.77681894	      0.86018453	     -0.05796694	     45.85281671	     -7.94191321	     -3.78365095	     36.13378899	     -0.74436607	    -32.14832237	      0.00000000	     44.11807647	     -5.65444146	     -5.14827067	     33.02841734	      3.58708332	    -19.73215309	      0.00000000	     -3.04795640	     -1.36649696	      2.22787052	     85.14536592	    -16.31210378	     40.33420308	     34.25605258	     59.92370130	     75.96099583	    -13.15376799	     37.33778470	     43.04689767	     47.02195081
      8.75000000	    -16.60626519	      1.54825943	      1.49462464	      0.77987691	      0.86488661	     -0.05908110	     44.09162346	     -7.64186866	     -4.20760970	     34.13623336	     -1.05178069	    -31.96383145	      0.00000000	     42.61424488	     -5.72100303	     -5.10928941	     31.48536740	      3.27701160	    -19.53100249	      0.00000000	     -1.88671983	     -1.11759513	      2.60533075	     82.79003739	    -16.69033322	     40.44324311	     33.73510898	     60.08650520	     73.59036388	    -13.29763705	     37.78823884	     43.26025759	     47.25102242
      8.76666670	    -15.71075707	      1.36507871	      1.48123403	      0.78614804	      0.87302006	     -0.05975106	     41.65130022	     -7.35457807	     -4.47383849	     32.02381056	     -1.32648056	    -31.75688232	      0.00000000	     40.42455998	     -5.66500241	     -4.78570366	     29.82725208	      2.65726476	    -19.87776173	      0.00000000	     -1.42894605	     -0.76367038	      2.63589499	     80.27624582	    -16.75185343	     39.78686068	     34.07921841	     60.60046644	     70.68946610	    -14.37582339	     37.94747363	     45.32209609	     48.09910638
      8.78333330	    -15.25585022	      1.38519252	      1.32740854	      0.79059562	      0.88184518	     -0.05885715	     39.57602347	     -7.18159408	     -4.76915113	     29.69847852	     -1.89113181	    -31.13827287	      0.00000000	     38.46361908	     -5.54909751	     -4.74478942	     27.81755328	      1.92803089	    -19.52465597	      0.00000000	     -0.52605546	     -0.59935349	      2.42348640	     77.17790294	    -16.38664169	     38.33396990	     34.79446258	     61.62955175	     66.96303809	    -15.80895002	     36.60633859	     47.94810253	     49.64912901
      8.80000000	    -14.28067404	      1.13587457	      1.43517200	      0.79370149	      0.88635498	     -0.05924097	     36.98504472	     -6.93405984	     -5.41110073	     27.44249438	     -2.16608866	    -30.51247398	      0.00000000	     36.26026735	     -5.57013605	     -4.48096498	     26.11232257	      1.29210990	    -19.23666210	      0.00000000	     -0.27236327	     -0.21623393	      2.62973811	     74.84504525	    -16.72653847	     38.26505449	     34.35986277	     61.93502722	     64.49283572	    -15.90921584	     36.75476987	     48.32100743	     50.12745331
      8.81666670	    -13.72582935	      1.08280328	      1.50149964	      0.79654735	      0.89186944	     -0.05883287	     34.98662435	     -6.83397194	     -5.97604886	     25.36918653	     -2.84149517	    -29.91393804	      0.00000000	     34.51424566	     -5.48477464	     -4.50260910	     24.37137747	      0.53429601	    -18.74466149	      0.00000000	      0.45972546	     -0.16597701	      2.71710103	     72.16102722	    -17.05458322	     38.40892299	     34.13609202	     62.05914041	     61.93190904	    -16.18295355	     37.01403975	     48.54448825	     50.34784806
      8.83333330	    -12.69565093	      0.98154354	      1.56281003	      0.80000357	      0.89474825	     -0.05947975	     32.75420977	     -6.68923847	     -6.52223340	     23.70043741	     -3.03883299	    -29.25720087	      0.00000000	     32.32203035	     -5.44813870	     -4.45537410	     22.57872642	      0.53446361	    -17.88326493	      0.00000000	      0.19862411	      0.15603728	      2.67921804	     69.49954800	    -17.39824410	     36.49938274	     36.14294907	     62.73663289	     58.81973226	    -16.73634319	     35.05666740	     50.87834151	     51.85557071
      8.85000000	    -12.06830468	      0.71455589	      1.78455202	      0.80436385	      0.89963221	     -0.05898374	     30.84326373	     -6.37069874	     -7.19309873	     21.94079085	     -3.64056605	    -28.95329086	      0.00000000	     30.80791884	     -5.54427522	     -4.18191115	     21.24306843	      0.02834951	    -17.43305899	      0.00000000	      0.82265000	      0.47621483	      2.58601861	     66.95266813	    -17.62731058	     36.51283566	     35.93718379	     62.88026471	     56.39752083	    -16.82436833	     35.36977453	     50.82359928	     52.14133906
      8.86666670	    -11.21814843	      0.63821645	      1.81575306	      0.80646510	      0.89966210	     -0.05917078	     29.05288094	     -6.16682240	     -7.52876537	     20.69947369	     -3.38640797	    -28.55034521	      0.00000000	     29.14888912	     -5.59106025	     -4.21632505	     20.18028019	      0.40530307	    -16.79176304	      0.00000000	      0.67652597	      0.68229165	      2.61310719	     63.99932041	    -18.00471840	     33.61163974	     38.38324823	     63.94302833	     53.88264699	    -17.16452165	     33.78236566	     52.28652994	     54.34515452
      8.88333330	    -10.35857432	      0.37692488	      2.07693073	      0.81389728	      0.90319657	     -0.05909596	     26.89701767	     -5.84905551	     -8.26085021	     19.13684679	     -3.74095938	    -28.45053283	      0.00000000	     27.33024084	     -5.74178350	     -3.91319184	     18.96734200	      0.60060296	    -16.16655027	      0.00000000	      0.93251310	      1.03473892	      2.10467112	     61.61694501	    -17.90779814	     33.28992294	     38.67391014	     64.44011439	     51.86032940	    -17.54215294	     33.97312726	     51.78426252	     55.08587021
      8.90000000	     -9.76473615	      0.37478834	      2.18284977	      0.81721984	      0.90505309	     -0.06031220	     25.28218228	     -5.79739310	     -8.85748582	     17.98717835	     -3.50467806	    -27.58123818	      0.00000000	     25.79314318	     -5.71359514	     -4.33359907	     17.81098935	      0.84619514	    -15.42383556	      0.00000000	      1.15428841	      0.93932638	      2.07194191	     58.42797880	    -18.25453525	     30.65345804	     40.50927766	     66.18842553	     49.79107492	    -17.57181386	     33.17400687	     52.20332680	     57.75993901
      8.91666670	     -9.14208527	      0.20529426	      2.40372763	      0.81855670	      0.90972135	     -0.06057301	     23.62387174	     -5.57892676	     -9.50926677	     16.61968521	     -3.87958835	    -27.41554051	      0.00000000	     24.34308632	     -5.76456942	     -4.31996910	     16.60885382	      0.81955717	    -15.03131389	      0.00000000	      1.48780728	      1.24883997	      1.61782808	     56.20884457	    -18.22980628	     30.73184988	     40.71299952	     66.57733815	     47.72529833	    -17.82920900	     33.40000524	     51.54969058	     58.22978330
      8.93333330	     -8.17856641	      0.06831701	      2.62553033	      0.82390472	      0.91395885	     -0.06098346	     21.45151622	     -5.34642982	    -10.14148394	     15.03774352	     -3.85774366	    -26.58956678	      0.00000000	     22.47268704	     -5.81566996	     -4.41011021	     15.38572938	      1.07985333	    -14.13990830	      0.00000000	      1.25925857	      1.40270877	      1.35194174	     53.61539266	    -18.51728532	     30.05021555	     41.76092366	     67.23221032	     45.52843470	    -17.91025080	     32.97061899	     51.56968152	     59.16294204
      8.95000000	     -7.91313172	      0.02666678	      2.60698909	      0.82679347	      0.91251235	     -0.06089815	     20.40830136	     -5.18317457	    -10.25208782	     14.06314891	     -3.77366842	    -26.47795986	      0.00000000	     21.46956925	     -5.83505324	     -4.57793696	     14.47732254	      1.20193709	    -14.11536305	      0.00000000	      1.93929735	      1.44794467	      1.32641078	     51.57224119	    -18.64794056	     30.26113267	     41.54012227	     67.32369441	     43.49075755	    -18.06514940	     33.30797426	     51.28665078	     59.29177314
      8.96666670	     -6.85628741	     -0.09350605	      2.81606296	      0.83203712	      0.91384557	     -0.06065139	     18.16137537	     -4.96943242	    -11.19312869	     12.68009898	     -3.19691727	    -24.75738920	      0.00000000	     19.53332047	     -5.97948152	     -4.96279023	     13.42917685	      1.64474417	    -12.56267441	      0.00000000	      1.42854423	      1.50784154	      1.00519475	     49.12171879	    -18.97549250	     29.16766417	     43.08068783	     68.02451176	     41.42846595	    -18.21243408	     32.61484595	     51.47394664	     60.41378844
      8.98333330	     -6.26874608	     -0.18779775	      2.80290024	      0.83641822	      0.91980863	     -0.06098177	     16.45268615	     -4.72052034	    -11.96530411	     11.19639505	     -2.85550997	    -23.18045050	      0.00000000	     18.01151464	     -6.12873642	     -5.44916843	     12.26078052	      1.84263613	    -11.23698073	      0.00000000	      1.53426042	      1.56331952	      1.03785472	     46.40555368	    -19.19758890	     27.84455603	     43.96738626	     69.00423424	     38.98366955	    -18.09635021	     31.94977115	     51.61588202	     61.97859067
      9.00000000	     -5.96969039	     -0.30102623	      2.85531489	      0.83967726	      0.92269453	     -0.05997239	     15.08916748	     -4.37390030	    -12.30581501	      9.71262641	     -3.30913736	    -22.61722154	      0.00000000	     16.87587922	     -6.26987544	     -5.80851232	     11.11283764	      1.28437790	    -10.89535252	      0.00000000	      2.15022737	      1.59424219	      0.82823669	     43.95273626	    -19.18251671	     28.02932912	     43.75334149	     69.21377779	     36.64392723	    -18.26451082	     32.29977112	     51.15216885	     62.28206505
      9.01666670	     -5.20866732	     -0.33781449	      2.90795634	      0.84463030	      0.92459392	     -0.06058974	     13.18827870	     -4.17260394	    -13.58072771	      8.27185565	     -2.30193766	    -19.94513519	      0.00000000	     15.19813196	     -6.39006070	     -6.75562507	     10.03542561	      1.47699991	     -9.39870634	      0.00000000	      1.88070241	      1.52758747	      0.88863833	     41.03248726	    -19.31806343	     26.07257004	     44.92230626	     71.00412879	     34.29820356	    -18.14310672	     31.48844403	     51.36232248	     65.07710685
      9.03333330	     -4.85920506	     -0.35917072	      2.90973856	      0.84416424	      0.92345215	     -0.05986565	     11.97627702	     -3.94919464	    -13.88829634	      6.94064327	     -2.66674223	    -19.60244382	      0.00000000	     14.28442338	     -6.42123675	     -6.77716294	      9.31533398	      1.31582848	     -9.09525848	      0.00000000	      2.08932654	      1.55460608	      0.73623809	     39.17438962	    -19.24277829	     26.26772809	     44.80782278	     71.25152019	     32.51055865	    -18.31565549	     31.78603825	     50.94153012	     65.41049763
      9.05000000	     -4.02417990	     -0.33943385	      2.88311093	      0.84668606	      0.92344006	     -0.05940543	     10.32240944	     -3.77063781	    -14.61148463	      5.81715366	     -1.88479657	    -18.08157565	      0.00000000	     12.87623269	     -6.49511944	     -7.22418804	      8.73720340	      2.01933359	     -7.91915292	      0.00000000	      1.57059040	      1.44871684	      0.68879394	     37.19800603	    -19.30277100	     25.74448240	     45.44631888	     72.24359803	     30.74867954	    -18.54730268	     31.67588554	     51.03433156	     66.80701683
      9.06666670	     -3.93100883	     -0.26186457	      2.60722474	      0.84684531	      0.92246386	     -0.05867768	      9.73656294	     -3.66800789	    -14.77641860	      4.93322831	     -1.93736840	    -17.80826643	      0.00000000	     12.36465413	     -6.48400605	     -7.43645759	      8.30750597	      2.12919241	     -7.92744997	      0.00000000	      1.93066436	      1.30389165	      0.86144092	     35.53018894	    -19.24319760	     25.93033954	     45.24461474	     72.40968426	     29.04661202	    -18.75560369	     31.90780359	     50.76030816	     67.01914920
      9.08333330	     -3.73416683	     -0.18849804	      2.55603689	      0.84684606	      0.92333228	     -0.05888000	      9.06886570	     -3.62976324	    -14.86708793	      4.14959289	     -1.86117213	    -17.52888815	      0.00000000	     11.84746023	     -6.41379856	     -7.70385016	      7.78124835	      2.26430622	     -7.89549281	      0.00000000	      2.16505653	      1.18423458	      0.76674412	     33.81623914	    -19.19872684	     26.14570687	     45.07948899	     72.53460591	     27.56907229	    -18.97494315	     32.10999230	     50.45060870	     67.16812446
      9.10000000	     -3.52808824	     -0.06718211	      2.52619202	      0.84960976	      0.92665285	     -0.05975855	      8.31189116	     -3.67996663	    -15.04643191	      3.29282080	     -1.95358823	    -17.02756241	      0.00000000	     11.23165186	     -6.24471811	     -7.91751116	      7.17788921	      2.21492785	     -7.60216410	      0.00000000	      2.33010844	      1.00578882	      0.65682749	     32.08638313	    -19.15216341	     26.34175592	     44.92127640	     72.66917390	     25.97581081	    -19.04802110	     32.32033952	     50.09325454	     67.32570082
      9.11666670	     -3.04973156	      0.06575325	      2.50119539	      0.84975754	      0.92451217	     -0.05869010	      7.29240588	     -3.71991243	    -15.54625107	      2.41857162	     -1.91410359	    -15.36178363	      0.00000000	     10.27463519	     -6.10874221	     -8.52779892	      6.44878754	      1.85651446	     -6.44141696	      0.00000000	      1.93594055	      0.77590566	      0.55026056	     30.64597906	    -19.11892768	     26.19430994	     45.10155763	     73.07849612	     24.81686082	    -19.13220427	     32.12605273	     49.52794747	     67.80380085
      9.13333330	     -2.43219351	      0.09502282	      2.50565959	      0.84945467	      0.92607412	     -0.05856205	      6.23873208	     -3.67280246	    -16.77171923	      1.78925648	     -0.89816099	    -13.24259205	      0.00000000	      9.33091361	     -6.12647998	     -9.58474288	      5.96989425	      2.28473684	     -5.11530786	      0.00000000	      1.31064124	      0.62693736	      0.69047079	     29.12298139	    -19.20579230	     25.67943025	     45.18095523	     74.08237380	     23.88164937	    -18.79509683	     31.54738500	     48.55636148	     68.94509607
      9.15000000	     -2.33793961	      0.12545757	      2.44631155	      0.84986709	      0.92675186	     -0.05786949	      5.84379858	     -3.60567756	    -16.77824808	      1.23607015	     -0.79272108	    -13.09294113	      0.00000000	      9.09132344	     -6.08361472	     -9.75019166	      5.66666876	      2.23022004	     -5.13563072	      0.00000000	      1.31596771	      0.51408951	      0.71678265	     27.74726604	    -19.07762872	     25.89048031	     44.88694063	     74.22987699	     22.62419488	    -18.82889474	     31.74924341	     48.15612725	     69.10305134
      9.16666670	     -2.11841261	      0.22312888	      2.27250583	      0.84936138	      0.92761261	     -0.05880242	      5.37148346	     -3.64271693	    -16.99504125	      0.69359209	     -0.97355720	    -12.24120617	      0.00000000	      8.66157014	     -5.96797104	    -10.21101682	      5.28565907	      1.71692425	     -4.73552673	      0.00000000	      1.10650767	      0.39616689	      0.79597445	     26.56301667	    -18.90923780	     26.02603264	     44.46620604	     74.65346802	     21.55415315	    -18.58145079	     31.72620844	     47.14390305	     69.52284103
      9.18333330	     -1.63473120	      0.27563655	      2.26735816	      0.84995000	      0.92647629	     -0.06029588	      4.66138857	     -3.69092820	    -17.67041359	      0.30924188	     -0.48071761	    -10.87269344	      0.00000000	      7.95844806	     -5.88048466	    -10.95092232	      4.92266659	      1.74253369	     -4.07595598	      0.00000000	      0.69172867	      0.32474565	      0.95862452	     25.41651902	    -18.88291745	     26.13045234	     43.51714475	     75.75801503	     20.94847875	    -17.70106469	     31.37876381	     45.17419592	     70.59823051
      9.20000000	     -1.55547259	      0.42657820	      2.25315405	      0.85087315	      0.92914147	     -0.05982243	      4.40050505	     -3.85430612	    -17.76813815	      0.00000000	     -0.53904775	    -10.31706002	      0.00000000	      7.59798490	     -5.64604958	    -11.20469767	      4.38479134	      1.34616295	     -3.71210914	      0.00000000	      0.65172525	      0.16446428	      0.88253332	     24.06090254	    -18.72546132	     26.30451004	     43.00274394	     76.21075323	     19.82375277	    -17.45957464	     31.47052469	     44.24125363	     71.05118338
      9.21666670	     -1.25758818	      0.46590724	      2.18141441	      0.85219333	      0.93116060	     -0.05938864	      4.00484888	     -3.90581268	    -18.36198848	      0.00000000	      0.00773952	     -9.06851981	      0.00000000	      7.01969893	     -5.60027352	    -11.92420839	      3.94880190	      1.16736834	     -3.10328820	      0.00000000	      0.43828886	      0.04741308	      0.99984322	     22.79550579	    -18.40246415	     26.28099711	     41.75898939	     77.14773409	     19.20682576	    -16.57289118	     31.04360573	     41.89551325	     71.92571365
      9.23333330	     -1.04666135	      0.54798799	      2.19103687	      0.85117355	      0.93180394	     -0.05922158	      3.74326221	     -4.01563769	    -18.82325098	      0.00000000	      0.32103093	     -8.15929446	      0.00000000	      6.58201333	     -5.47597859	    -12.35527037	      3.57967561	      0.94806795	     -2.68604979	      0.00000000	      0.20315483	     -0.07695342	      0.97732749	     21.70523423	    -18.04002925	     26.25021591	     40.61900482	     78.10599349	     18.56116701	    -15.87716488	     30.84914766	     39.85105252	     72.84555070
      9.25000000	     -0.91199825	      0.63654498	      2.25155123	      0.85563823	      0.92856464	     -0.06026189	      3.41972590	     -4.15008204	    -19.02935202	      0.00000000	      0.29042210	     -8.12209799	      0.00000000	      6.13331313	     -5.32629161	    -12.59724550	      3.16804971	      0.80599242	     -2.63618080	      0.00000000	      0.10913446	     -0.22212585	      0.75609552	     20.30048842	    -17.82477433	     26.45419434	     40.27385443	     78.22248190	     17.40525808	    -15.75089528	     30.96896577	     39.33793092	     72.94442658
      9.26666670	     -0.58824066	      0.73856829	      2.17473687	      0.85740833	      0.93064257	     -0.06074866	      2.91498825	     -4.28407599	    -19.57940064	      0.00000000	      0.78792582	     -6.88609325	      0.00000000	      5.44499807	     -5.17849286	    -13.29428371	      2.76418898	      0.58450075	     -1.86842987	      0.00000000	     -0.07883409	     -0.36284470	      0.77772404	     18.93012117	    -17.43823882	     26.16879090	     39.09474006	     78.89273883	     16.65399852	    -14.70258236	     30.10944306	     36.74367497	     73.44888141
      9.28333330	     -0.43687330	      0.80607718	      2.16288466	      0.86152317	      0.93225079	     -0.06036241	      2.53212496	     -4.36006337	    -19.79859958	      0.00000000	      0.77887201	     -6.83574737	      0.00000000	      4.77661704	     -5.03609338	    -13.50063474	      2.12298443	      0.49162557	     -1.73160041	      0.00000000	     -0.07495822	     -0.44966552	      0.56276526	     17.37445675	    -17.13667302	     26.34482299	     38.67948492	     78.98803292	     15.37909769	    -14.53787283	     30.18616104	     36.15465900	     73.52436097
      9.30000000	     -0.09136428	      1.01485424	      2.15024613	      0.86073142	      0.93111280	     -0.06133478	      1.97647573	     -4.61440285	    -20.08076388	      0.00000000	      1.21184344	     -6.04833475	      0.00000000	      3.94008610	     -4.72662125	    -14.00200980	      1.43924098	      0.11918484	     -0.82207016	      0.00000000	     -0.30716226	     -0.65964700	      0.43748191	     16.23435297	    -16.69996692	     26.00893940	     37.56504394	     79.21901431	     14.62190092	    -13.77481211	     29.60781723	     34.24315553	     73.66864688
      9.31666670	      0.27523729	      1.05685523	      2.07461240	      0.85870503	      0.93354092	     -0.06152576	      1.53256754	     -4.68352705	    -20.50270069	      0.00000000	      1.53575109	     -5.22459095	      0.00000000	      3.20541501	     -4.59848726	    -14.40075178	      0.92360873	      0.40189165	     -0.07986838	      0.00000000	     -0.67395394	     -0.68681041	      0.47137253	     15.38481216	    -16.20411907	     25.58904329	     36.19521092	     79.45519659	     14.16351980	    -12.89190540	     29.00234692	     32.28567561	     73.82495868
      9.33333330	      0.61578309	      1.07366683	      2.12031977	      0.86275001	      0.93220864	     -0.06245789	      1.03853088	     -4.71907713	    -20.94977194	      0.00000000	      1.93764571	     -4.65726635	      0.00000000	      2.53273057	     -4.51307950	    -14.82599224	      0.45425281	      0.57920717	      0.61645777	      0.00000000	     -0.96814033	     -0.74681515	      0.37425926	     14.46982582	    -15.66512264	     25.19334342	     34.99305502	     79.69061585	     13.67385040	    -12.27465934	     28.49557140	     30.60990269	     73.99430569
      9.35000000	      0.68182158	      1.08391077	      2.13136194	      0.85981425	      0.93148509	     -0.06182853	      0.96158748	     -4.75756192	    -21.03477450	      0.00000000	      1.94201375	     -4.64650331	      0.00000000	      2.30732858	     -4.42881756	    -14.88843727	      0.14309325	      0.63651178	      0.66614567	      0.00000000	     -1.19767329	     -0.72700260	      0.26749462	     13.65080913	    -15.48285227	     25.27527203	     34.68831757	     79.71468646	     12.95812518	    -12.01310052	     28.56181314	     30.32489270	     74.01201334
      9.36666670	      1.09862643	      1.16884718	      2.30692017	      0.86531193	      0.93511424	     -0.06337567	      0.33995990	     -4.86421686	    -21.68647657	      0.00000000	      2.13710579	     -3.74949612	      0.00000000	      1.70241257	     -4.31743701	    -15.45636698	      0.00000000	      0.97123366	      2.21965118	      0.00000000	     -1.52734985	     -0.81055937	      0.02396104	     13.04245395	    -14.66290356	     24.53408118	     32.59519088	     79.74543857	     12.76674516	    -11.19536498	     27.79283505	     27.91138318	     73.96921740
      9.38333330	      1.13019589	      1.17373300	      2.40743709	      0.86216959	      0.93375660	     -0.06048956	      0.23437462	     -4.81993031	    -21.69050971	      0.00000000	      2.17818232	     -3.72184074	      0.00000000	      1.63548565	     -4.33199770	    -15.62279575	      0.00000000	      0.95144820	      2.22117406	      0.00000000	     -1.79012708	     -0.87217557	     -0.07266110	     12.27122591	    -14.36798027	     24.62432359	     32.32431334	     79.75796689	     12.28330479	    -11.10333253	     27.81236864	     27.69179326	     73.97032614
      9.40000000	      1.52940810	      1.23071350	      2.38031554	      0.86233382	      0.93772805	     -0.06036991	     -0.24542439	     -4.82460292	    -22.16418410	      0.00000000	      2.45101878	     -2.78771927	      0.00000000	      1.14984936	     -4.32831129	    -16.41405086	      0.00000000	      1.02717421	      3.67330836	      0.00000000	     -2.19497072	     -0.97016352	     -0.18363622	     12.18280731	    -13.30091923	     23.73758873	     29.81378364	     79.64057066	     12.43390851	    -10.45623485	     27.05012842	     25.44889352	     73.80236076
      9.41666670	      1.63056270	      1.34231974	      2.48171470	      0.86612129	      0.94171585	     -0.06189546	     -0.49974742	     -4.92203987	    -22.69865145	      0.00000000	      2.20817461	     -2.49487637	      0.00000000	      0.94654574	     -4.22819067	    -16.78276395	      0.00000000	      0.85559972	      4.27301324	      0.00000000	     -2.38528718	     -1.16463262	     -0.37285147	     11.54812885	    -12.80742828	     23.50322105	     28.91641684	     79.60041461	     12.03874415	    -10.25229892	     26.80357073	     24.65189256	     73.72054600
      9.43333330	      2.05348249	      1.31309394	      2.46003916	      0.86567790	      0.94099752	     -0.06107638	     -1.04929374	     -4.84690418	    -22.86724281	      0.00000000	      2.51786720	     -1.83317528	      0.00000000	      0.41140242	     -4.28631101	    -17.26703288	      0.00000000	      1.26015640	      5.16472214	      0.00000000	     -2.91486537	     -1.04996520	     -0.59239523	     11.45076438	    -12.03941715	     22.79241353	     27.24408844	     79.44106399	     12.03720651	     -9.80227638	     26.16050967	     23.12089995	     73.48480227
      9.45000000	      2.15267298	      1.34781234	      2.47293530	      0.86969362	      0.94041877	     -0.06059854	     -1.28552470	     -4.84221479	    -22.97435488	      0.00000000	      2.46362449	     -1.78143113	      0.00000000	      0.18097719	     -4.27317801	    -17.34286071	      0.00000000	      1.15689522	      5.28063720	      0.00000000	     -2.96676310	     -1.12865923	     -0.66826642	     10.71294007	    -11.74244486	     22.81472820	     26.95925680	     79.43251161	     11.58822851	     -9.81778509	     26.10443848	     22.87435049	     73.45166847
      9.46666670	      2.12003999	      1.36581313	      2.45022642	      0.86782904	      0.93798797	     -0.06062951	     -1.27538517	     -4.85813758	    -23.02498506	      0.00000000	      2.46744103	     -1.77146678	      0.00000000	      0.15747387	     -4.24425718	    -17.40875554	      0.00000000	      1.17423630	      5.30125036	      0.00000000	     -3.22016054	     -1.06641513	     -0.74700542	     10.29794138	    -11.60017470	     22.83833925	     26.79933749	     79.42886382	     11.40327712	     -9.84391249	     26.08185507	     22.74860801	     73.43813401
      9.48333330	      2.36598484	      1.35190655	      2.54492177	      0.86929259	      0.93906750	     -0.06042791	     -1.64680613	     -4.79800794	    -23.23959300	      0.00000000	      2.51364357	     -1.73280080	      0.00000000	     -0.16704874	     -4.30512767	    -17.64589095	      0.00000000	      1.25249684	      5.42253544	      0.00000000	     -3.18166870	     -1.18850450	     -0.84415651	      9.64204717	    -11.19054128	     22.78856513	     26.43678942	     79.39515420	     11.05406692	     -9.90018897	     25.93862458	     22.37141605	     73.37049287
      9.50000000	      2.96570650	      1.38629386	      2.51052498	      0.86846803	      0.93674339	     -0.06026027	     -2.31704917	     -4.79599402	    -24.02204779	      0.00000000	      3.07212107	     -0.45451521	      0.00000000	     -0.87408588	     -4.31326001	    -18.59017635	      0.00000000	      1.88529038	      7.28816034	      0.00000000	     -3.87500417	     -1.14436138	     -1.07760421	     10.03354238	    -10.19449981	     21.01524373	     24.24602946	     78.87276975	     11.39980603	     -9.30320727	     24.00336313	     20.22077058	     72.47755291
      9.51666670	      2.96080882	      1.39181246	      2.52769674	      0.86737090	      0.93734659	     -0.06006418	     -2.27773775	     -4.80705943	    -24.03575105	      0.00000000	      3.11372460	     -0.47247111	      0.00000000	     -0.85678550	     -4.30698754	    -18.61996849	      0.00000000	      1.91669498	      7.27154002	      0.00000000	     -4.03583062	     -1.07302486	     -1.11863204	      9.74053876	    -10.08783051	     21.03228812	     24.17538075	     78.87121574	     11.30325753	     -9.37116300	     23.97079814	     20.17225023	     72.46075357
      9.53333330	      2.98740216	      1.36706619	      2.57011151	      0.86638837	      0.93617829	     -0.06008346	     -2.26896824	     -4.76999917	    -24.07548328	      0.00000000	      3.18961106	     -0.51137164	      0.00000000	     -0.85871067	     -4.34456799	    -18.65762632	      0.00000000	      1.98078788	      7.25240844	      0.00000000	     -4.16236491	     -1.02948059	     -1.11579211	      9.46931844	     -9.91942091	     21.04572132	     24.12374729	     78.86728044	     11.20387431	     -9.49113788	     23.91377642	     20.11030770	     72.43415481
      9.55000000	      3.03696410	      1.32977352	      2.61834042	      0.86828382	      0.93439539	     -0.05948987	     -2.34259601	     -4.70237368	    -24.12347414	      0.00000000	      3.30267289	     -0.56626374	      0.00000000	     -0.92421872	     -4.41934037	    -18.69878858	      0.00000000	      2.07628162	      7.23175084	      0.00000000	     -4.22856343	     -1.01586940	     -1.13642949	      9.12126579	     -9.74657896	     21.04820006	     24.06122418	     78.85864527	     11.08348928	     -9.65112259	     23.82597210	     20.04658692	     72.39393473
      9.56666670	      3.07258404	      1.31250377	      2.65098511	      0.86815989	      0.93634099	     -0.05934123	     -2.39534590	     -4.66349873	    -24.18155118	      0.00000000	      3.40061754	     -0.60967905	      0.00000000	     -0.96007765	     -4.47202424	    -18.70192832	      0.00000000	      2.16248612	      7.24818663	      0.00000000	     -4.27849290	     -0.97710263	     -1.12093834	      8.88769015	     -9.61189110	     21.03003808	     24.03982887	     78.84590719	     10.95647036	     -9.76257279	     23.73046070	     20.00768080	     72.34832982
      9.58333330	      3.05800743	      1.32083303	      2.64746304	      0.87001164	      0.93345786	     -0.05906173	     -2.40814494	     -4.66413731	    -24.18491987	      0.00000000	      3.40488023	     -0.61212320	      0.00000000	     -0.97755792	     -4.48812324	    -18.70077950	      0.00000000	      2.16631568	      7.24926325	      0.00000000	     -4.28334953	     -0.97510845	     -1.12422011	      8.87451128	     -9.60757079	     21.02860583	     24.03835998	     78.84510542	     10.95443908	     -9.76768598	     23.72469994	     20.00813822	     72.34569830
      9.60000000	      3.14424260	      1.26703489	      2.68724986	      0.87237729	      0.93397372	     -0.05951506	     -2.59055028	     -4.57545943	    -24.26534294	      0.00000000	      3.55114985	     -0.68446919	      0.00000000	     -1.15081381	     -4.56825737	    -18.71102067	      0.00000000	      2.29581955	      7.25946453	      0.00000000	     -4.24276306	     -0.89546040	     -1.11809159	      8.32627537	     -9.44817812	     21.02402409	     23.97734977	     78.82981400	     10.66104701	     -9.99022239	     23.59033447	     19.96467040	     72.28439401
      9.61666670	      3.13767346	      1.26905394	      2.69393384	      0.87075491	      0.93385339	     -0.05933821	     -2.59818212	     -4.57680824	    -24.26896747	      0.00000000	      3.55923908	     -0.68721854	      0.00000000	     -1.16199725	     -4.57802707	    -18.71245125	      0.00000000	      2.30359616	      7.26003310	      0.00000000	     -4.23408778	     -0.89790288	     -1.11739423	      8.31941427	     -9.44740180	     21.02137558	     23.97995309	     78.82877710	     10.65451799	     -9.99062617	     23.58440817	     19.96856402	     72.28151230
      9.63333330	      3.34421779	      1.28839992	      2.84408216	      0.87124243	      0.93457440	     -0.05955449	     -2.91269295	     -4.57024202	    -24.73653687	      0.00000000	      4.46250335	     -0.03409786	      0.00000000	     -1.41538687	     -4.58233163	    -18.99152088	      0.00000000	      3.03906227	      8.15576149	      0.00000000	     -4.64433736	     -0.88634585	     -1.53698938	      7.49010021	     -9.16645572	     17.69823981	     25.95916457	     77.71937827	      9.03644121	     -9.79085288	     16.48459214	     23.21746228	     68.94862951
      9.65000000	      3.34977378	      1.29214264	      2.85899219	      0.87121435	      0.93653410	     -0.05932351	     -2.89346891	     -4.56892485	    -24.73703973	      0.00000000	      4.46351416	     -0.03454495	      0.00000000	     -1.41618023	     -4.58465884	    -18.99397088	      0.00000000	      3.04015353	      8.15533867	      0.00000000	     -4.64665812	     -0.88554487	     -1.53354232	      7.48430614	     -9.16500817	     17.69951408	     25.95785075	     77.71970517	      9.02971343	     -9.79529642	     16.48330134	     23.21571269	     68.94795160
      9.66666670	      3.32219051	      1.29788798	      2.96918012	      0.87232639	      0.93724866	     -0.05987728	     -2.89920357	     -4.56458332	    -24.74551155	      0.00000000	      4.47078557	     -0.03802135	      0.00000000	     -1.38882237	     -4.58186977	    -19.01744031	      0.00000000	      3.03971789	      8.16314751	      0.00000000	     -4.67443296	     -0.87505858	     -1.49467670	      7.39956252	     -9.14342358	     17.71377039	     25.94135181	     77.72212644	      8.94268359	     -9.83843241	     16.46978178	     23.19949321	     68.94109625
      9.68333330	      3.32508601	      1.28609100	      2.98588576	      0.87100651	      0.93652523	     -0.06036765	     -2.87367923	     -4.56287881	    -24.74950961	      0.00000000	      4.47211670	     -0.03931587	      0.00000000	     -1.41251068	     -4.56961171	    -19.02093810	      0.00000000	      3.03910908	      8.16493763	      0.00000000	     -4.67131117	     -0.87624572	     -1.49342224	      7.39072823	     -9.14250830	     17.71490433	     25.94025383	     77.72227140	      8.93606594	     -9.83970053	     16.46843353	     23.20024687	     68.94035272
      9.70000000	      3.33534617	      1.27827946	      2.99379982	      0.87098338	      0.93351209	     -0.06014047	     -2.86902329	     -4.56345944	    -24.75035157	      0.00000000	      4.47221879	     -0.03941860	      0.00000000	     -1.41647661	     -4.56205968	    -19.02220433	      0.00000000	      3.03890761	      8.16564982	      0.00000000	     -4.67220068	     -0.87599858	     -1.49227234	      7.38929322	     -9.14272562	     17.71509330	     25.94002747	     77.72228096	      8.93365921	     -9.83919194	     16.46813440	     23.20038334	     68.94014294
      9.71666670	      3.16447636	      1.30706311	      3.33232363	      0.87198505	      0.93461906	     -0.06051264	     -2.77143696	     -4.60602654	    -25.22900650	      0.00000000	      4.71200094	     -0.21002620	      0.00000000	     -1.18473332	     -4.52415263	    -19.06712031	      0.00000000	      3.09911501	      8.60395607	      0.00000000	     -4.35148439	     -0.88696929	     -1.44527386	      7.05663348	     -9.27850517	     17.74082544	     26.03729823	     77.71207884	      8.71754357	     -9.73544040	     16.25741696	     23.54515439	     68.83852818
      9.73333330	      3.14508471	      1.28985897	      3.39227005	      0.87123949	      0.93487362	     -0.06104062	     -2.74479487	     -4.60231037	    -25.19838384	      0.00000000	      4.70664766	     -0.18052726	      0.00000000	     -1.15373382	     -4.54512845	    -19.07973865	      0.00000000	      3.11323356	      8.62036010	      0.00000000	     -4.37870762	     -0.93157286	     -1.41573745	      7.09403951	     -9.28774568	     17.73599423	     26.06069766	     77.71001753	      8.66895256	     -9.72185694	     16.24488318	     23.54908796	     68.83120351
      9.75000000	      3.13705947	      1.27765362	      3.38871186	      0.86948839	      0.93273140	     -0.06172124	     -2.75688557	     -4.61234364	    -25.19936108	      0.00000000	      4.70661355	     -0.17891048	      0.00000000	     -1.14366742	     -4.54454849	    -19.08260456	      0.00000000	      3.11620117	      8.62262241	      0.00000000	     -4.38181710	     -0.93406500	     -1.41166329	      7.09992183	     -9.28978792	     17.73501872	     26.06424287	     77.70960776	      8.66232583	     -9.71831740	     16.24294248	     23.55008700	     68.83008135
      9.76666670	      3.01399890	      1.29996398	      3.35846617	      0.86815670	      0.93108657	     -0.06198417	     -2.59007624	     -4.67719614	    -25.25944230	      0.00000000	      4.69947533	     -0.16184250	      0.00000000	     -0.97630635	     -4.47919330	    -19.13728946	      0.00000000	      3.23622750	      8.68340807	      0.00000000	     -4.51664102	     -0.91864912	     -1.37977734	      7.40230944	     -9.44386680	     17.67887107	     26.19504555	     77.69213106	      8.65663310	     -9.53743335	     16.17647195	     23.63834318	     68.79498234
      9.78333330	      3.00987198	      1.29345244	      3.36077766	      0.86987792	      0.93208805	     -0.06233206	     -2.59997160	     -4.67256735	    -25.25941040	      0.00000000	      4.69691695	     -0.16074171	      0.00000000	     -0.95884483	     -4.47081329	    -19.14113261	      0.00000000	      3.23911820	      8.68451046	      0.00000000	     -4.52050714	     -0.92036635	     -1.37742828	      7.41191472	     -9.44627808	     17.67724887	     26.19975222	     77.69150128	      8.65614087	     -9.53235170	     16.17367037	     23.64065372	     68.79363146
      9.80000000	      2.96800137	      1.29000006	      3.42990040	      0.86868508	      0.93428929	     -0.06231454	     -2.54957048	     -4.68256877	    -25.29744770	      0.00000000	      4.64476536	     -0.14690270	      0.00000000	     -0.86327062	     -4.45803105	    -19.20677255	      0.00000000	      3.26636191	      8.69848498	      0.00000000	     -4.56717516	     -0.96174715	     -1.35606480	      7.59411263	     -9.51933171	     17.64248219	     26.26993267	     77.68089148	      8.62750531	     -9.36682074	     16.15070118	     23.67231528	     68.77729353
      9.81666670	      2.98045776	      1.29020410	      3.42834254	      0.86911292	      0.93519718	     -0.06252095	     -2.54028055	     -4.68302148	    -25.29781736	      0.00000000	      4.64436050	     -0.14678266	      0.00000000	     -0.85673640	     -4.45720049	    -19.20695616	      0.00000000	      3.26645255	      8.69883702	      0.00000000	     -4.56751073	     -0.96169969	     -1.35671862	      7.59575251	     -9.51992245	     17.64208612	     26.27067131	     77.68074931	      8.62846486	     -9.36540406	     16.15023737	     23.67287961	     68.77707126
      9.83333330	      2.91540400	      1.31757827	      3.33523254	      0.86973522	      0.93637624	     -0.06225927	     -2.42700483	     -4.74990450	    -25.37270885	      0.00000000	      4.51486380	     -0.10424287	      0.00000000	     -0.79037380	     -4.37616959	    -19.28348768	      0.00000000	      3.21193032	      8.73570722	      0.00000000	     -4.63266893	     -0.98554582	     -1.40950739	      7.88394923	     -9.62505006	     17.57838171	     26.37794813	     77.66103879	      8.65461111	     -9.04659913	     16.11866397	     23.72054503	     68.75249472
      9.85000000	      2.91567584	      1.31603341	      3.33890724	      0.86973237	      0.93534879	     -0.06224293	     -2.42468520	     -4.75050223	    -25.37271242	      0.00000000	      4.51327758	     -0.10341229	      0.00000000	     -0.79486186	     -4.37424820	    -19.28497320	      0.00000000	      3.21109727	      8.73580234	      0.00000000	     -4.63356180	     -0.98502077	     -1.40868352	      7.88587747	     -9.62494011	     17.57795255	     26.37895049	     77.66084834	      8.65374005	     -9.04576481	     16.11793745	     23.72007852	     68.75215872
      9.86666670	      2.89610058	      1.35916983	      3.26790929	      0.86983142	      0.93579181	     -0.06263529	     -2.37200555	     -4.82556736	    -25.45236898	      0.00000000	      4.25521984	     -0.00126171	      0.00000000	     -0.78298652	     -4.30281504	    -19.48038766	      0.00000000	      3.03149373	      8.75763139	      0.00000000	     -4.69452604	     -0.99089020	     -1.44735151	      8.19284021	     -9.66401719	     17.48415012	     26.54873387	     77.62417627	      8.57763398	     -8.74143705	     16.01468709	     23.67319756	     68.69746028
      9.88333330	      2.89315119	      1.36194814	      3.27124705	      0.87018530	      0.93348141	     -0.06242024	     -2.37896034	     -4.82164651	    -25.45187806	      0.00000000	      4.25059240	      0.00135886	      0.00000000	     -0.78985424	     -4.30292047	    -19.48469275	      0.00000000	      3.02780185	      8.75788232	      0.00000000	     -4.69549399	     -0.99162392	     -1.44774328	      8.19685712	     -9.66376096	     17.48195265	     26.55243086	     77.62318611	      8.57556663	     -8.73974465	     16.01068561	     23.67047465	     68.69575198
      9.90000000	      2.88515803	      1.36100332	      3.27121543	      0.86988129	      0.93473373	     -0.06235657	     -2.38247673	     -4.82275534	    -25.45180492	      0.00000000	      4.25004583	      0.00170993	      0.00000000	     -0.79110077	     -4.30449538	    -19.48551018	      0.00000000	      3.02719466	      8.75776732	      0.00000000	     -4.69417310	     -0.99270257	     -1.44787193	      8.19828393	     -9.66378542	     17.48143174	     26.55355804	     77.62299087	      8.57462803	     -8.73820143	     16.01018051	     23.67005786	     68.69546785
      9.91666670	      3.29907639	      1.37127892	      3.22746106	      0.87029237	      0.93230706	     -0.06279379	     -2.81326986	     -4.83366863	    -25.46378031	      0.00000000	      4.20160911	      0.08196264	      0.00000000	     -1.23899018	     -4.30496797	    -19.85244769	      0.00000000	      2.90281487	      9.20190822	      0.00000000	     -5.18548425	     -0.92039740	     -1.82300826	      8.15672610	     -9.62486815	     16.15153529	     27.99738138	     76.96390278	      8.52623393	     -8.02592140	     13.21520222	     22.92400900	     67.53529844
      9.93333330	      3.32993260	      1.37403925	      3.22291048	      0.86591354	      0.93057571	     -0.06151869	     -2.79938513	     -4.83343471	    -25.46492589	      0.00000000	      4.20317456	      0.08271772	      0.00000000	     -1.22574905	     -4.31007718	    -19.85514964	      0.00000000	      2.90686182	      9.19929258	      0.00000000	     -5.17773912	     -0.92437368	     -1.82373548	      8.15522781	     -9.62440055	     16.15074716	     27.99753918	     76.96335913	      8.52346861	     -8.01858752	     13.21489459	     22.92686435	     67.53472898
      9.95000000	      3.31234683	      1.33989078	      3.10277454	      0.86732561	      0.93377566	     -0.06178735	     -2.71051211	     -4.79352799	    -25.44303104	      0.00000000	      4.21682720	      0.09339152	      0.00000000	     -1.17394012	     -4.36376758	    -19.85933396	      0.00000000	      2.92121809	      9.17630824	      0.00000000	     -5.19494429	     -1.00836268	     -1.83333327	      8.26335907	     -9.58247001	     16.13710030	     28.04392061	     76.95641627	      8.59208952	     -7.90703763	     13.21200080	     22.98555331	     67.52842451
      9.96666670	      3.32751198	      1.34412289	      3.10168217	      0.86771047	      0.93314823	     -0.06198366	     -2.70404963	     -4.79218274	    -25.44197865	      0.00000000	      4.21694642	      0.09384299	      0.00000000	     -1.16690366	     -4.36557918	    -19.85945666	      0.00000000	      2.92142884	      9.17594402	      0.00000000	     -5.19577619	     -1.00799017	     -1.83284722	      8.26412969	     -9.58139966	     16.13704261	     28.04444266	     76.95632580	      8.59223232	     -7.90626227	     13.21185646	     22.98595433	     67.52831438
      9.98333330	      3.29940070	      1.33228896	      3.08785779	      0.87079468	      0.93654759	     -0.06336541	     -2.71719163	     -4.80800497	    -25.43438167	      0.00000000	      4.21502337	      0.09684637	      0.00000000	     -1.16079045	     -4.37129601	    -19.85995678	      0.00000000	      2.91859790	      9.17352895	      0.00000000	     -5.20275387	     -1.00722502	     -1.83355397	      8.26605374	     -9.57140995	     16.13716521	     28.04779700	     76.95575029	      8.59374709	     -7.89512290	     13.21184479	     22.98944796	     67.52772092
     10.00000000	      3.19098032	      1.36486514	      2.81948196	      0.87204236	      0.93433556	     -0.06326961	     -2.62654195	     -4.90394975	    -24.99683797	      0.00000000	      4.10720408	      0.26142233	      0.00000000	     -1.16928323	     -4.29554909	    -20.14683141	      0.00000000	      2.80237643	      8.82424240	      0.00000000	     -4.97359048	     -0.92121509	     -1.74879912	      7.99415843	     -9.44413791	     15.93804038	     28.23186801	     76.83926254	      8.15059605	     -7.62305921	     12.97271397	     23.16332074	     67.39363899
     10.01666670	      3.19415287	      1.37757563	      2.79156048	      0.87157523	      0.93351245	     -0.06344981	     -2.68677051	     -4.93725585	    -25.04181871	      0.00000000	      4.09691817	      0.22249358	      0.00000000	     -1.23382034	     -4.26110265	    -20.14377551	      0.00000000	      2.79270531	      8.81325912	      0.00000000	     -4.92440879	     -0.90462762	     -1.78860897	      7.85802486	     -9.40864245	     15.93214250	     28.21566565	     76.82959554	      8.08279834	     -7.50854167	     12.96406926	     23.18386828	     67.38299072
     10.03333330	      3.17293203	      1.36934606	      2.79378559	      0.87114059	      0.93407087	     -0.06312012	     -2.69607070	     -4.94143574	    -25.04239284	      0.00000000	      4.09668953	      0.22205712	      0.00000000	     -1.24277868	     -4.25756371	    -20.14424343	      0.00000000	      2.79272957	      8.81289321	      0.00000000	     -4.92408334	     -0.90405358	     -1.78828895	      7.85677576	     -9.40839247	     15.93207363	     28.21549524	     76.82949889	      8.08133486	     -7.50774107	     12.96394859	     23.18376670	     67.38287692
     10.05000000	      3.17745169	      1.37971354	      2.79353960	      0.86850170	      0.93373985	     -0.06225539	     -2.69513921	     -4.93643047	    -25.04703411	      0.00000000	      4.09652242	      0.21949970	      0.00000000	     -1.24393256	     -4.25213806	    -20.14588755	      0.00000000	      2.79552877	      8.81123687	      0.00000000	     -4.92290483	     -0.89801110	     -1.78855640	      7.83939869	     -9.40435526	     15.93278593	     28.21153037	     76.82900121	      8.06742289	     -7.50052037	     12.96380121	     23.18196790	     67.38227195
     10.06666670	      3.16952760	      1.40348618	      2.77655522	      0.87136573	      0.93431980	     -0.06358687	     -2.66218972	     -4.98188884	    -25.10169658	      0.00000000	      4.10478623	      0.17506400	      0.00000000	     -1.24791173	     -4.19047361	    -20.15633154	      0.00000000	      2.83967446	      8.79501901	      0.00000000	     -5.01202186	     -0.79734668	     -1.78499051	      7.61970614	     -9.30348076	     15.94800083	     28.15558638	     76.82193222	      7.92467781	     -7.38679875	     12.96048171	     23.16850207	     67.37360924
     10.08333330	      3.18193535	      1.39613625	      2.78673140	      0.87094731	      0.93381279	     -0.06373829	     -2.65573300	     -4.98775054	    -25.10435861	      0.00000000	      4.10656452	      0.17217970	      0.00000000	     -1.24536685	     -4.18916782	    -20.15809842	      0.00000000	      2.84662004	      8.79364165	      0.00000000	     -5.00964406	     -0.79730633	     -1.78162171	      7.61259383	     -9.29985233	     15.94732978	     28.15347255	     76.82106519	      7.91691617	     -7.37828899	     12.95944109	     23.16921041	     67.37271673
     10.10000000	      3.16823369	      1.40090925	      2.90337819	      0.87127005	      0.93611809	     -0.06383045	     -2.64945425	     -5.00418239	    -25.12670290	      0.00000000	      4.12673992	      0.14704783	      0.00000000	     -1.20042114	     -4.16401647	    -20.17182511	      0.00000000	      2.91955680	      8.79016783	      0.00000000	     -5.04858912	     -0.74899127	     -1.74675122	      7.52026388	     -9.25140925	     15.94499485	     28.11728549	     76.81272088	      7.82545514	     -7.26390055	     12.95401320	     23.17105424	     67.36466978
     10.11666670	      3.17469827	      1.39319383	      2.90719805	      0.87096182	      0.93607678	     -0.06366841	     -2.63386189	     -5.00168137	    -25.13027953	      0.00000000	      4.12862232	      0.14497590	      0.00000000	     -1.20607499	     -4.15433020	    -20.17065359	      0.00000000	      2.92443544	      8.79188172	      0.00000000	     -5.04918706	     -0.74667260	     -1.74728329	      7.51357025	     -9.25016786	     15.94422169	     28.11391983	     76.81199103	      7.82314322	     -7.25727744	     12.95310404	     23.17211451	     67.36403157
     10.13333330	      3.11686570	      1.38199718	      2.91648180	      0.86981544	      0.93291774	     -0.06433135	     -2.58578403	     -5.00477306	    -25.23833677	      0.00000000	      4.15233334	      0.09036936	      0.00000000	     -1.14668806	     -4.14078771	    -20.16247106	      0.00000000	      3.03682606	      8.82427690	      0.00000000	     -5.12683078	     -0.65430458	     -1.72232681	      7.42265795	     -9.20932995	     15.93046830	     28.04733771	     76.79752027	      7.78077118	     -7.10889689	     12.93646286	     23.19039428	     67.35162059
     10.15000000	      3.10359780	      1.37165145	      2.91928822	      0.86990509	      0.93332766	     -0.06460929	     -2.59398181	     -5.00047178	    -25.24382453	      0.00000000	      4.15165023	      0.08853393	      0.00000000	     -1.14488545	     -4.13342830	    -20.16230219	      0.00000000	      3.04230550	      8.82686707	      0.00000000	     -5.12383413	     -0.65358109	     -1.71622895	      7.42868195	     -9.21032384	     15.92817104	     28.04640379	     76.79652543	      7.78138706	     -7.10690800	     12.93424047	     23.19132613	     67.35072503
     10.16666670	      3.05152761	      1.33028111	      2.91769929	      0.87051627	      0.93080020	     -0.06432820	     -2.54484900	     -4.96084506	    -25.43838886	      0.00000000	      4.15860160	      0.01702177	      0.00000000	     -1.10034731	     -4.16704256	    -20.15266373	      0.00000000	      3.20655603	      8.88147614	      0.00000000	     -5.07865307	     -0.56654969	     -1.57312009	      7.57996077	     -9.24707683	     15.87556509	     28.02409673	     76.77429896	      7.77978478	     -7.04132990	     12.88861208	     23.20716351	     67.33149053
     10.18333330	      3.06959340	      1.33907196	      2.90677460	      0.86622350	      0.93248343	     -0.06254642	     -2.52957735	     -4.94904613	    -25.44451629	      0.00000000	      4.16033936	      0.01643982	      0.00000000	     -1.08048661	     -4.16730421	    -20.15284593	      0.00000000	      3.21460312	      8.88394501	      0.00000000	     -5.07490919	     -0.56263745	     -1.57942641	      7.57256063	     -9.25148129	     15.87369907	     28.01896811	     76.77328564	      7.78325227	     -7.03801506	     12.88667544	     23.20877351	     67.33069758
     10.20000000	      2.90151141	      1.24641377	      2.79324535	      0.86441164	      0.93375784	     -0.06230854	     -2.18009198	     -4.82792792	    -25.51067058	      0.00000000	      4.18765580	      0.04017775	      0.00000000	     -0.81753761	     -4.28452172	    -20.15941165	      0.00000000	      3.33787351	      8.95235989	      0.00000000	     -5.29675404	     -0.49436155	     -1.50294933	      7.89290496	     -9.22520454	     15.82042690	     28.03540502	     76.74761149	      8.11084503	     -7.11172744	     12.80397873	     23.26932480	     67.30629111
     10.21666670	      2.88261356	      1.25297929	      2.79209627	      0.87048674	      0.93139218	     -0.06344112	     -2.18835401	     -4.82328950	    -25.50760907	      0.00000000	      4.18412933	      0.04294228	      0.00000000	     -0.82552860	     -4.29655883	    -20.15846249	      0.00000000	      3.33607164	      8.95491428	      0.00000000	     -5.30524619	     -0.49459555	     -1.50203478	      7.90465673	     -9.22421872	     15.81853737	     28.03653336	     76.74672307	      8.12179265	     -7.11140944	     12.80167315	     23.27150286	     67.30551710
     10.23333330	      2.86458042	      1.25529196	      2.79101064	      0.87011352	      0.93143760	     -0.06348376	     -2.19795964	     -4.82305998	    -25.50793090	      0.00000000	      4.18380121	      0.04314599	      0.00000000	     -0.83183161	     -4.30048360	    -20.15872397	      0.00000000	      3.33623058	      8.95510456	      0.00000000	     -5.30429901	     -0.49447954	     -1.50175695	      7.90550710	     -9.22437113	     15.81826640	     28.03668241	     76.74659670	      8.12181977	     -7.11132242	     12.80140194	     23.27149107	     67.30540582
     10.25000000	      2.85758941	      1.22352522	      2.79631885	      0.87139915	      0.92975985	     -0.06330436	     -2.25608412	     -4.78565976	    -25.54299348	      0.00000000	      4.17277880	      0.05278561	      0.00000000	     -0.87313289	     -4.36235083	    -20.18967955	      0.00000000	      3.37018253	      8.96493417	      0.00000000	     -5.16427607	     -0.48060894	     -1.46193555	      8.01652807	     -9.24070786	     15.78983850	     28.07272613	     76.73442922	      8.11164453	     -7.11459488	     12.77411541	     23.26620080	     67.29424959
     10.26666670	      2.82594605	      1.23157096	      2.78784201	      0.87057872	      0.93208189	     -0.06257218	     -2.27143553	     -4.79255697	    -25.54752773	      0.00000000	      4.17221471	      0.05299693	      0.00000000	     -0.87838326	     -4.37752979	    -20.19104534	      0.00000000	      3.37245614	      8.96589997	      0.00000000	     -5.15709552	     -0.47632985	     -1.46309532	      8.01939347	     -9.24239875	     15.78806802	     28.07438575	     76.73353480	      8.11088334	     -7.11439603	     12.77221010	     23.26561836	     67.29342709
     10.28333330	      2.81185310	      1.22984362	      2.71867009	      0.86958171	      0.93173501	     -0.06326601	     -2.22783770	     -4.81453288	    -25.60828161	      0.00000000	      4.18933776	      0.05565085	      0.00000000	     -0.87568748	     -4.37153961	    -20.22528552	      0.00000000	      3.42059284	      8.97199298	      0.00000000	     -5.04359427	     -0.40756846	     -1.43740727	      8.17538455	     -9.24500741	     15.75965227	     28.14421047	     76.72049096	      8.15923628	     -7.14808610	     12.73759216	     23.27045727	     67.28072852
     10.30000000	      2.71763969	      1.23614230	      2.73536817	      0.86756295	      0.93166491	     -0.06286222	     -2.06778725	     -4.83273581	    -25.64208639	      0.00000000	      4.23290539	      0.08766793	      0.00000000	     -0.72116949	     -4.35467410	    -20.30822684	      0.00000000	      3.49397399	      8.97146165	      0.00000000	     -5.06014528	     -0.39969868	     -1.45173893	      8.40936620	     -9.24643798	     15.72119712	     28.24807524	     76.70079783	      8.28979570	     -7.16191774	     12.69201778	     23.29423399	     67.26224661
     10.31666670	      2.73130680	      1.23560467	      2.73333342	      0.86824665	      0.93362037	     -0.06278722	     -2.05442872	     -4.83737903	    -25.64204960	      0.00000000	      4.23377988	      0.08854578	      0.00000000	     -0.70947024	     -4.35555911	    -20.30805702	      0.00000000	      3.49442035	      8.97234408	      0.00000000	     -5.05980431	     -0.39869682	     -1.45395185	      8.41135959	     -9.24569228	     15.72080787	     28.24970957	     76.70043557	      8.29392955	     -7.16255463	     12.69106232	     23.29533248	     67.26188932
     10.33333330	      2.54766157	      1.26357682	      2.72455895	      0.86861138	      0.93259667	     -0.06284497	     -1.81028988	     -4.87914645	    -25.64737125	      0.00000000	      4.24307147	      0.20944953	      0.00000000	     -0.48432388	     -4.31532815	    -20.39294470	      0.00000000	      3.47245029	      9.04187187	      0.00000000	     -5.06536572	     -0.42366970	     -1.56691384	      8.58882505	     -9.14754011	     15.69502536	     28.41963767	     76.66679510	      8.49949983	     -7.23338184	     12.60864607	     23.35071976	     67.22692396
     10.35000000	      2.54732775	      1.26533775	      2.72247943	      0.86981254	      0.93115899	     -0.06253298	     -1.80539372	     -4.87716904	    -25.64787093	      0.00000000	      4.24390973	      0.21156743	      0.00000000	     -0.48623428	     -4.30746779	    -20.39362242	      0.00000000	      3.47167880	      9.04401538	      0.00000000	     -5.06425396	     -0.41719511	     -1.57208163	      8.58683359	     -9.14384569	     15.69535955	     28.42201573	     76.66610146	      8.50671769	     -7.23420325	     12.60680720	     23.35375230	     67.22616228
     10.36666670	      2.54545379	      1.26498929	      2.72060639	      0.86974455	      0.93179372	     -0.06250775	     -1.80489722	     -4.87959888	    -25.64814458	      0.00000000	      4.24445107	      0.21180736	      0.00000000	     -0.48483578	     -4.30803038	    -20.39387284	      0.00000000	      3.47187104	      9.04430436	      0.00000000	     -5.06313816	     -0.41559978	     -1.57361725	      8.58567205	     -9.14232360	     15.69564749	     28.42249146	     76.66600246	      8.50901342	     -7.23450825	     12.60644099	     23.35474849	     67.22603373
     10.38333330	      2.06233790	      1.30665504	      2.73565586	      0.86850924	      0.93420470	     -0.06127500	     -1.26032956	     -4.93791113	    -25.77111843	      0.00000000	      4.53368617	      0.78685656	      0.00000000	      0.06195556	     -4.25479268	    -20.65714039	      0.00000000	      3.41331362	      9.54707863	      0.00000000	     -4.51119655	     -0.42135303	     -1.84489508	      8.31432426	     -8.92047031	     15.74290309	     28.89667849	     76.50434038	      8.43905211	     -7.35992882	     12.33292450	     23.73781362	     67.06554992
     10.40000000	      2.05658776	      1.30043182	      2.72253334	      0.86896257	      0.93134958	     -0.06100093	     -1.22553792	     -4.91980762	    -25.76639661	      0.00000000	      4.53306089	      0.80172675	      0.00000000	      0.06899283	     -4.26899051	    -20.65764632	      0.00000000	      3.43105537	      9.55278255	      0.00000000	     -4.54962504	     -0.35341600	     -1.88068714	      8.24164968	     -8.82928626	     15.76844888	     28.88616483	     76.49910847	      8.55618565	     -7.37670071	     12.31630611	     23.78950325	     67.05892835
     10.41666670	      2.05013450	      1.31052578	      2.72201087	      0.86911441	      0.93304516	     -0.06114233	     -1.22624484	     -4.91493709	    -25.76596834	      0.00000000	      4.53286247	      0.80217244	      0.00000000	      0.07138130	     -4.27479243	    -20.65744376	      0.00000000	      3.43107108	      9.55302838	      0.00000000	     -4.55054106	     -0.35241164	     -1.88119395	      8.23976999	     -8.82664786	     15.76921404	     28.88591375	     76.49902781	      8.55867491	     -7.37681319	     12.31604553	     23.79086574	     67.05881296
     10.43333330	      1.99635762	      1.27651455	      2.67757633	      0.86686474	      0.93175828	     -0.05940838	     -1.13298561	     -4.82936735	    -25.74780855	      0.00000000	      4.52968574	      0.83058802	      0.00000000	      0.15198885	     -4.35239740	    -20.65093037	      0.00000000	      3.40862174	      9.57958253	      0.00000000	     -4.69087959	     -0.28204431	     -1.94741756	      8.05291348	     -8.58579874	     15.83844899	     28.85299940	     76.49786525	      8.78279180	     -7.38953272	     12.30156190	     23.90070393	     67.05415612
     10.45000000	      1.93586808	      1.20940881	      2.77850161	      0.86736294	      0.93102280	     -0.05941020	     -1.07034204	     -4.70623145	    -25.72212733	      0.00000000	      4.53577524	      0.86601100	      0.00000000	      0.27080290	     -4.47259275	    -20.65558604	      0.00000000	      3.32296132	      9.61740595	      0.00000000	     -4.81146103	     -0.25951826	     -1.88226795	      7.99768366	     -8.34525656	     15.90971435	     28.84459217	     76.49461874	      8.99541960	     -7.42369178	     12.28704046	     24.04142257	     67.04915969
     10.46666670	      1.87847821	      1.22610610	      2.75986553	      0.87312650	      0.93326490	     -0.06056700	     -1.09784406	     -4.70593508	    -25.72279653	      0.00000000	      4.53302207	      0.86664231	      0.00000000	      0.26132625	     -4.49646805	    -20.65103619	      0.00000000	      3.31305798	      9.62095438	      0.00000000	     -4.82333330	     -0.25798252	     -1.88550327	      7.99384024	     -8.33989584	     15.91222006	     28.84164328	     76.49425329	      9.01010131	     -7.42108515	     12.28721920	     24.05085296	     67.04912296
     10.48333330	      1.83389764	      1.13449751	      2.72252817	      0.86803990	      0.93360019	     -0.05897397	     -1.04279657	     -4.57441535	    -25.86040665	      0.00000000	      4.50868260	      1.02715551	      0.00000000	      0.31341892	     -4.64783071	    -20.71288775	      0.00000000	      2.76851683	      9.74143189	      0.00000000	     -4.84038471	     -0.21466578	     -1.51589868	      7.69689515	     -8.24518344	     16.10194790	     28.56115386	     76.44654622	      9.20311417	     -7.36177777	     12.34832974	     24.71129814	     67.05052660
     10.50000000	      1.80616316	      1.13564692	      2.71778740	      0.87137968	      0.93140905	     -0.06042484	     -1.05065252	     -4.57401914	    -25.85928786	      0.00000000	      4.50770453	      1.02845189	      0.00000000	      0.29431124	     -4.64373423	    -20.71289806	      0.00000000	      2.76712835	      9.74121248	      0.00000000	     -4.84851167	     -0.21227825	     -1.51911448	      7.69808233	     -8.23697975	     16.10438669	     28.56084002	     76.44612242	      9.21536817	     -7.35766990	     12.34949394	     24.71901185	     67.05074419
     10.51666670	      1.77469915	      1.16950953	      2.69371688	      0.87332118	      0.93019057	     -0.06134864	     -1.09244747	     -4.63576587	    -25.87339835	      0.00000000	      4.50419957	      1.03276197	      0.00000000	      0.25430875	     -4.59103717	    -20.73738474	      0.00000000	      2.78462496	      9.72507533	      0.00000000	     -4.79248804	     -0.14214985	     -1.58323423	      7.65871772	     -8.15600797	     16.13515733	     28.54508715	     76.44210739	      9.37081068	     -7.27010890	     12.36871872	     24.83469690	     67.05500700
     10.53333330	      1.75986736	      1.17557781	      2.79043063	      0.86962964	      0.92935494	     -0.06159551	     -1.08173715	     -4.67323945	    -25.89506922	      0.00000000	      4.52708163	      1.02677316	      0.00000000	      0.30221512	     -4.54937374	    -20.80538792	      0.00000000	      2.87236252	      9.67206864	      0.00000000	     -4.71179041	     -0.13884216	     -1.58957145	      7.86935925	     -8.14258717	     16.14629563	     28.57458917	     76.43350655	      9.68396035	     -7.20063633	     12.38705445	     25.01774796	     67.06084912
     10.55000000	      1.76585584	      1.23415712	      2.81502391	      0.86950360	      0.92868037	     -0.06114019	     -1.03833908	     -4.74620907	    -25.94974087	      0.00000000	      4.48434431	      0.86800833	      0.00000000	      0.31969967	     -4.45245689	    -20.57728537	      0.00000000	      3.23366198	      9.53539029	      0.00000000	     -4.99250408	     -0.28177596	     -1.30297643	      8.25478765	     -8.26088548	     16.37286509	     28.25477077	     76.32679217	     10.18598826	     -7.28129602	     12.65874061	     25.79986810	     67.11936127
     10.56666670	      1.64290462	      1.22677821	      2.83425056	      0.86629617	      0.92845734	     -0.06217433	     -0.83088348	     -4.76746672	    -25.89757050	      0.00000000	      4.52543523	      0.83023128	      0.00000000	      0.54104678	     -4.40673143	    -20.65207755	      0.00000000	      3.27458475	      9.45906229	      0.00000000	     -5.06357970	     -0.26633008	     -1.40376516	      8.92558723	     -8.41801264	     16.34923906	     28.39376904	     76.29666433	     10.84615086	     -7.33536776	     12.68626750	     26.03531047	     67.13039776
     10.58333330	      1.52761786	      1.20918704	      2.85234615	      0.86508646	      0.92570074	     -0.06272325	     -0.57371557	     -4.77370731	    -25.77461972	      0.00000000	      4.59914675	      0.72726882	      0.00000000	      0.76341415	     -4.36373362	    -20.59454539	      0.00000000	      3.39982587	      9.37927018	      0.00000000	     -5.16622582	     -0.24133254	     -1.47650372	      9.76233855	     -8.63776635	     16.32357417	     28.56084610	     76.26212753	     11.71189836	     -7.44395612	     12.70823546	     26.33533890	     67.14235926
     10.60000000	      1.36213351	      1.22949989	      2.88986231	      0.86275760	      0.93072886	     -0.06283414	     -0.27789288	     -4.81535382	    -25.58915211	      0.00000000	      4.59019625	      0.62225031	      0.00000000	      1.08169135	     -4.28728082	    -20.50434561	      0.00000000	      3.47933764	      9.27661814	      0.00000000	     -5.32795408	     -0.26170685	     -1.53845718	     10.85057908	     -8.89718592	     16.29064064	     28.80256984	     76.22316438	     12.79978879	     -7.58571499	     12.72545825	     26.68404344	     67.15455257
     10.61666670	      1.65202831	      1.25164635	      2.82391983	      0.85896831	      0.93068911	     -0.06295239	     -0.37921742	     -4.84368939	    -24.48269061	      0.00000000	      4.11149304	     -0.83952795	      0.00000000	      0.93996799	     -4.22769520	    -19.98293268	      0.00000000	      3.25415243	      7.88446744	      0.00000000	     -6.25441186	     -0.22634108	     -1.58319132	     12.50624528	     -9.34001784	     16.89108195	     29.31138482	     75.96864388	     14.19952345	     -7.97332295	     13.31180869	     27.41844267	     67.24224596
     10.63333330	      1.32321809	      1.23030039	      2.85576616	      0.85749875	      0.92594074	     -0.06148809	      0.12875809	     -4.82500503	    -24.45237008	      0.00000000	      4.10187436	     -0.89734480	      0.00000000	      1.40691088	     -4.21220447	    -19.90862700	      0.00000000	      3.24284237	      7.89570676	      0.00000000	     -6.26826197	     -0.31518826	     -1.60348249	     14.09730940	     -9.64594062	     16.78621153	     29.75433245	     75.92770825	     15.75014108	     -8.19946846	     13.23033593	     27.86405897	     67.23716856
     10.65000000	      0.99990486	      1.19474815	      2.82859344	      0.85657098	      0.92254637	     -0.06219241	      0.65444101	     -4.81516382	    -24.38135349	      0.00000000	      4.11895149	     -1.01170229	      0.00000000	      1.88612146	     -4.19072984	    -19.83405851	      0.00000000	      3.25597228	      7.82762547	      0.00000000	     -6.28219028	     -0.35355473	     -1.59276290	     15.95531655	    -10.04997592	     16.64462822	     30.32133428	     75.88712227	     17.40079920	     -8.45021707	     13.12390925	     28.35403060	     67.22826530
     10.66666670	      0.66741789	      1.13539188	      2.77358099	      0.85442834	      0.92138350	     -0.06178570	      1.21533412	     -4.75295495	    -24.23425718	      0.00000000	      4.13408426	     -1.15692745	      0.00000000	      2.40064868	     -4.21826235	    -19.69957937	      0.00000000	      3.25299867	      7.72137078	      0.00000000	     -6.27352851	     -0.38061625	     -1.56895915	     18.09134299	    -10.48179996	     16.48135308	     31.01817541	     75.84839382	     19.28091787	     -8.73655965	     12.97931895	     28.91814725	     67.21402860
     10.68333330	      0.65387441	      1.06345682	      2.74053273	      0.84381117	      0.92065157	     -0.06205793	      1.58984729	     -4.65577655	    -22.56674982	      0.00000000	      3.00813327	     -4.12429265	      0.00000000	      2.71065977	     -4.24185972	    -18.20841002	      0.00000000	      2.46662677	      5.06277567	      0.00000000	     -7.14203177	     -0.34304282	     -1.68151130	     20.64529116	    -11.46730275	     17.39491485	     33.50371972	     75.52800473	     21.71794657	     -9.19004997	     12.68091418	     30.26879297	     67.00982796
     10.70000000	      0.16960359	      0.99957906	      2.72407081	      0.84277292	      0.92101983	     -0.06146808	      2.42101323	     -4.59338367	    -22.48470413	      0.00000000	      3.09774569	     -4.16765479	      0.00000000	      3.49556307	     -4.27957832	    -18.06110813	      0.00000000	      2.44235091	      5.10790242	      0.00000000	     -7.07075776	     -0.36153925	     -1.68272218	     23.33687336	    -11.98812258	     17.09194631	     34.20972288	     75.48459725	     24.14309269	     -9.49168259	     12.46817504	     30.92983248	     66.99222639
     10.71666670	     -0.13395619	      0.89920777	      2.91208674	      0.84284013	      0.92591511	     -0.06174564	      2.97093460	     -4.48358718	    -21.42358475	      0.00000000	      1.93275272	     -6.18994166	      0.00000000	      4.12033171	     -4.33499617	    -16.66581581	      0.00000000	      1.35076250	      3.07744625	      0.00000000	     -7.35272975	     -0.24400225	     -1.96925357	     26.07537923	    -12.72967077	     17.60230377	     35.97095657	     75.25436466	     26.58615181	     -9.96043731	     12.01032771	     31.89714384	     66.78112258
     10.73333330	     -0.58525132	      0.84596636	      3.09090788	      0.84100847	      0.92355999	     -0.06201162	      3.65777794	     -4.44714613	    -21.27613520	      0.00000000	      1.73933772	     -6.26636182	      0.00000000	      5.15150021	     -4.42402407	    -16.40893329	      0.57486152	      1.23206362	      3.05658702	      0.00000000	     -7.24965783	     -0.23190261	     -1.95771417	     28.95005830	    -13.32175026	     17.30476778	     36.70343874	     75.20930319	     29.30704330	    -10.25790590	     11.75668782	     32.69090963	     66.75011447
     10.75000000	     -1.35967594	      0.65908685	      3.57797879	      0.83601585	      0.91927284	     -0.06022149	      4.70371334	     -4.25738411	    -20.42608946	      0.00000000	      0.24980224	     -8.99626957	      0.00000000	      6.96806147	     -4.70208601	    -15.03937560	      1.80911886	      1.19956758	      1.13168608	      0.00000000	     -6.88472585	     -0.17687818	     -2.28154829	     31.89098684	    -14.07445393	     18.12391592	     38.06893579	     75.14070478	     32.13999288	    -10.72989573	     11.60050313	     33.57978131	     66.53209654
     10.76666670	     -1.71727137	      0.57687486	      3.80537793	      0.84072885	      0.91754031	     -0.05983860	      5.19928478	     -4.16733039	    -20.24132777	      0.00000000	      0.09284816	     -9.35749900	      0.00000000	      8.12174973	     -4.96050923	    -14.99084180	      3.01520192	      1.27978346	      0.75127672	      0.00000000	     -6.74186169	     -0.21716164	     -2.23105570	     34.85420378	    -14.61881488	     17.93313835	     38.71775418	     75.11247974	     34.95191228	    -11.02586209	     11.41109491	     34.38399046	     66.47850991
     10.78333330	     -2.75811892	      0.41556575	      3.89525892	      0.83791943	      0.91570366	     -0.06039363	      6.96441550	     -4.21646341	    -19.38079889	      0.93408833	     -0.88331107	    -12.00511994	      0.00000000	     10.11275207	     -5.19592740	    -13.95617480	      4.33891080	      1.24876337	     -1.31559105	      0.00000000	     -5.78050736	     -0.13368311	     -2.18228612	     37.98789490	    -15.36542471	     19.39355571	     39.34289974	     75.19570029	     37.59399662	    -11.40125841	     11.79632476	     34.93777895	     66.15183726
     10.80000000	     -3.49511949	      0.33939044	      3.88147868	      0.83731909	      0.91413995	     -0.06182357	      8.44051288	     -4.37567412	    -18.74567240	      2.06238388	     -1.14958691	    -13.58802774	      0.00000000	     11.66395312	     -5.37348449	    -13.40553838	      5.63672101	      1.30914126	     -2.65168516	      0.00000000	     -5.17608410	     -0.09298243	     -1.95987546	     41.32378067	    -16.06067743	     20.75732883	     39.38034302	     75.18766082	     40.24328301	    -11.66760450	     12.27915464	     35.44695368	     65.67789880
     10.81666670	     -3.89494931	      0.26927694	      3.84369167	      0.83419643	      0.91074417	     -0.06255659	      9.64816332	     -4.57637683	    -18.59285151	      3.43172686	     -0.73247713	    -14.20553490	      0.00000000	     12.85521206	     -5.57645328	    -13.27382992	      7.03316295	      1.77860752	     -3.28543050	      0.00000000	     -5.17405853	      0.01622190	     -1.73973977	     44.78829859	    -16.43824889	     20.71356219	     39.93205962	     75.17017800	     43.22063128	    -11.77135466	     12.22604667	     36.10932914	     65.56731575
     10.83333330	     -5.18605136	      0.16961764	      3.82189651	      0.83129658	      0.91342211	     -0.06277606	     11.94914560	     -4.80383400	    -17.49025102	      4.97010694	     -1.22276475	    -16.27448937	      0.00000000	     15.10319293	     -5.66476863	    -12.30550560	      8.47035720	      1.49814788	     -5.50095867	      0.00000000	     -3.92936995	      0.05345099	     -1.60082157	     48.12503587	    -17.07873009	     23.14111517	     39.28088018	     75.31555255	     45.96029158	    -11.81406862	     13.36600136	     35.55002796	     65.03499634
     10.85000000	     -5.93026603	      0.09858899	      3.73448067	      0.82708481	      0.91083347	     -0.06458786	     13.79352142	     -5.04714292	    -16.47792496	      6.58091052	     -1.41298520	    -18.01702702	      0.00000000	     16.83456152	     -5.75162116	    -11.62434477	      9.98069264	      1.64462753	     -7.04197491	      0.00000000	     -3.56981228	      0.17832060	     -1.32629929	     51.91748571	    -17.50193595	     25.25934845	     38.58141605	     75.27773936	     48.90711129	    -11.80268902	     14.55387029	     35.42992147	     64.40758761
     10.86666670	     -6.71885356	      0.01802244	      3.70308787	      0.82252502	      0.90885889	     -0.06558665	     15.87512705	     -5.32840714	    -15.51785116	      8.49120741	     -1.48771003	    -19.56214213	      0.00000000	     18.71875032	     -5.81791635	    -11.05775378	     11.55596003	      1.82799144	     -8.34388225	      0.00000000	     -3.26115673	      0.31148427	     -1.16339087	     55.46048890	    -17.78523746	     26.86707978	     38.00390009	     75.12014682	     51.62291374	    -11.74211642	     15.63222534	     35.51117938	     63.81170809
     10.88333330	     -7.58788685	     -0.02531531	      3.59402028	      0.81450915	      0.90542932	     -0.06701340	     18.37426951	     -5.69088945	    -14.46036044	     10.73778758	     -1.50328685	    -21.23064338	      0.00000000	     20.96643551	     -5.83253983	    -10.40911853	     13.49329990	      2.07882835	     -9.87668568	      0.00000000	     -3.08893993	      0.45146209	     -0.82549288	     59.19279021	    -18.09652904	     28.30163215	     37.22412844	     74.96182127	     54.61417989	    -11.46726204	     16.61854692	     35.46199725	     63.32770509
     10.90000000	     -8.31481845	     -0.05888150	      3.45461474	      0.81520775	      0.90497226	     -0.06669064	     20.61775880	     -5.96961142	    -13.37960231	     12.87281066	     -1.79656801	    -23.09675329	      0.00000000	     22.87154026	     -5.90457287	     -9.74903948	     15.28368863	      2.41707999	    -11.04678392	      0.00000000	     -2.86138265	      0.50458252	     -0.58995915	     62.35244851	    -18.28449081	     29.96008443	     36.40474442	     74.78503810	     56.97289612	    -11.36505766	     17.95327016	     35.44024449	     62.94567050
     10.91666670	     -9.05428984	     -0.07624502	      3.30448335	      0.81420337	      0.89838307	     -0.06767031	     22.98395965	     -6.31180864	    -12.56884347	     15.32416896	     -1.77208271	    -24.59537530	      0.00000000	     24.83399197	     -5.96853428	     -9.18873555	     17.22366972	      3.11815749	    -12.01676270	      0.00000000	     -2.53446800	      0.55764307	     -0.29398556	     65.08380077	    -18.58962356	     31.09592582	     36.00359027	     74.60419460	     59.16950512	    -11.24224827	     19.09462403	     35.79031057	     62.75068034
     10.93333330	     -9.18962525	     -0.10586702	      3.19956758	      0.80432210	      0.89756713	     -0.06770112	     24.71543644	     -6.62053021	    -12.16903083	     17.62443005	     -1.61261518	    -24.98852442	      0.00000000	     26.32836040	     -6.09376800	     -8.78770152	     19.17337982	      3.55661461	    -12.41808588	      0.00000000	     -3.46607260	      0.71135197	     -0.00862949	     68.10923122	    -18.75441990	     30.82433273	     36.30460943	     74.55033524	     61.71530110	    -11.08894152	     19.07993064	     36.33150797	     62.74719913
     10.95000000	    -10.51782470	     -0.14889148	      2.92119707	      0.80335556	      0.88860113	     -0.06754843	     27.99370740	     -6.84549678	    -11.01927859	     20.49984757	     -2.35600182	    -28.21291840	      0.00000000	     29.25651430	     -6.22904522	     -7.88367326	     21.53186478	      3.79076363	    -14.56407041	      0.00000000	     -2.30690838	      0.71224832	      0.33597359	     71.07323589	    -18.66650451	     33.88725593	     34.35883526	     74.55153366	     64.39525175	    -10.87545453	     22.17453500	     34.62569053	     63.04194405
     10.96666670	    -11.26946391	     -0.14695289	      2.78807689	      0.79737609	      0.88564505	     -0.06842500	     30.52832583	     -7.11576054	    -10.21589818	     23.04673002	     -2.43139097	    -29.59841426	      0.00000000	     31.57332305	     -6.29086831	     -7.29146381	     23.80260119	      4.54247225	    -15.48206596	      0.00000000	     -2.40231092	      0.70091423	      0.49300765	     74.39037661	    -18.62436680	     36.69700766	     33.08203162	     74.08988974	     67.69969198	    -10.94953701	     25.46507268	     33.31517583	     63.40589619
     10.98333330	    -11.61510879	     -0.08947143	      2.54607277	      0.79306623	      0.88134510	     -0.06888401	     32.77334913	     -7.44011601	     -9.59726199	     25.86546741	     -1.87257384	    -30.15974967	      0.00000000	     33.46090178	     -6.39160117	     -6.87579718	     26.08981054	      5.52325846	    -16.21043493	      0.00000000	     -3.11517868	      0.70493089	      0.80783177	     76.98362440	    -18.47316809	     36.57021727	     33.24425422	     73.97888772	     70.22728589	    -10.75565482	     25.54415365	     33.62870250	     63.44385286
     11.00000000	    -12.77971295	     -0.07736588	      2.38501308	      0.78985232	      0.87281382	     -0.06855137	     36.04841255	     -7.75316448	     -8.86971219	     28.98728815	     -2.16053281	    -31.84029311	      0.00000000	     36.42483103	     -6.52538269	     -6.33235913	     28.84628266	      5.79481291	    -17.36803639	      0.00000000	     -2.38000205	      0.62650171	      1.01763937	     79.71810411	    -18.33722631	     39.33573973	     31.63109101	     73.46092069	     73.24892682	    -10.64803239	     29.58306730	     31.25885657	     64.26417512
     11.01666670	    -13.56474644	      0.11664052	      2.23507015	      0.78534777	      0.86836463	     -0.06889363	     38.59218908	     -8.14522972	     -8.19706544	     31.55710390	     -1.58445759	    -32.05669653	      0.00000000	     38.69290798	     -6.53785100	     -6.26784581	     30.99476818	      6.63575219	    -17.46327269	      0.00000000	     -2.29693271	      0.32908894	      1.11415486	     81.80251376	    -18.12547049	     39.80855931	     31.62837791	     73.17045552	     75.61243932	    -10.61939797	     30.56046482	     30.93973655	     64.45072464
     11.03333330	    -13.94343015	      0.18725407	      2.11411786	      0.78113505	      0.86242977	     -0.06859631	     40.67777805	     -8.39186166	     -7.62591521	     34.03169493	     -0.79561538	    -32.57693631	      0.00000000	     40.62444312	     -6.62279859	     -5.81669995	     33.40790774	      7.63474907	    -17.89493697	      0.00000000	     -2.76067977	      0.23922639	      1.05396145	     83.98037636	    -17.89316697	     39.97853770	     31.91244968	     73.04468754	     77.78341845	    -10.64661420	     31.10830032	     30.77017084	     64.59014324
     11.05000000	    -14.58972692	      0.26578192	      2.10906494	      0.77710549	      0.85660009	     -0.06871880	     42.93476339	     -8.69726408	     -7.22141920	     36.39809690	      0.07565870	    -32.41230330	      0.00000000	     42.89473399	     -6.73971519	     -5.66981432	     35.82112955	      8.34518266	    -17.81756266	      0.00000000	     -2.77866581	     -0.07092730	      1.08178894	     86.41269784	    -18.04123043	     43.46110443	     30.93582670	     72.15803035	     81.65269187	    -10.38990322	     37.61294889	     27.46065753	     65.68376833
     11.06666670	    -14.82932397	      0.36659075	      2.10686745	      0.77629306	      0.84950572	     -0.06926648	     44.50008342	     -9.00680923	     -6.94868988	     38.38759990	      0.59453425	    -32.81351843	      0.00000000	     44.52045769	     -6.81720460	     -5.56749470	     37.96063644	      8.88349036	    -18.07771619	      0.00000000	     -3.39057862	     -0.23615560	      0.73134951	     88.20576348	    -17.63617053	     43.27663225	     31.49507760	     72.05896889	     83.77120135	    -10.55355308	     37.50476679	     27.63332905	     65.64306744
     11.08333330	    -15.76005156	      0.42434809	      2.06247103	      0.76985906	      0.84275789	     -0.07004940	     46.97073698	     -9.28682266	     -6.71718523	     40.55029786	      1.66968809	    -32.52198010	      0.00000000	     46.92855264	     -6.95573191	     -5.63032985	     40.07011590	     10.02537766	    -17.68645814	      0.00000000	     -2.93780760	     -0.41643303	      0.74664750	     90.14514546	    -17.37264379	     45.35014323	     30.94387180	     70.95485961	     86.33547551	    -10.17236595	     41.98065619	     25.78404425	     65.62430168
     11.10000000	    -16.23788720	      0.61816363	      1.96456818	      0.76703035	      0.83628043	     -0.06982471	     48.96231806	     -9.54065221	     -6.16716882	     42.65275116	      2.18770355	    -32.67748648	      0.00000000	     48.80232106	     -7.02126927	     -5.74607087	     42.12691859	     10.53280681	    -18.11680262	      0.00000000	     -3.25777712	     -0.75718183	      0.37549605	     91.68732997	    -16.91359348	     45.54961106	     31.44807725	     70.66222085	     88.29383151	    -10.36337196	     42.41462684	     25.61312049	     65.40507731
     11.11666670	    -16.46672726	      0.64660677	      1.97262936	      0.76231811	      0.83134691	     -0.07068693	     50.54000881	     -9.77305563	     -5.98973782	     44.47746950	      2.38886530	    -32.74020032	      0.00000000	     50.26981704	     -7.11778786	     -5.69503843	     43.87522869	     10.77843445	    -18.16083657	      0.00000000	     -3.97654064	     -0.83881329	      0.30019287	     93.50715203	    -16.68590877	     45.34876086	     31.62159075	     70.57933256	     90.21606408	    -10.09282066	     42.37080452	     25.88162984	     65.34863699
     11.13333330	    -17.02514787	      0.78649547	      1.85314347	      0.75808951	      0.82407980	     -0.07150275	     52.59033375	    -10.06019526	     -5.66844639	     46.52644359	      3.98755435	    -31.38393955	      0.00000000	     52.18213264	     -7.24248638	     -5.86608794	     45.87328918	     11.89218459	    -17.99437071	      0.00000000	     -4.09190854	     -1.02513141	      0.09703969	     95.72774911	    -15.67754090	     48.10105096	     29.63362261	     69.48062922	     93.00215659	     -9.61371807	     46.88452340	     23.20980336	     64.44138132
     11.15000000	    -17.24842527	      0.96213634	      1.63714265	      0.75755265	      0.81717324	     -0.07087767	     54.17905688	    -10.24366534	     -5.20994284	     48.36040473	      4.17514851	    -31.52749322	      0.00000000	     53.47326945	     -7.38677277	     -5.95020933	     47.55032217	     12.26458768	    -18.17653672	      0.00000000	     -4.60542351	     -1.14608279	      0.35848514	     97.36635851	    -15.37620943	     47.94052894	     29.95508319	     69.37298669	     94.39283572	     -9.51158564	     46.83858791	     23.47274277	     64.31607355
     11.16666670	    -17.97086343	      1.17004124	      1.46998316	      0.75580692	      0.81114904	     -0.07144023	     56.23651597	    -10.49578510	     -4.82098026	     50.25083253	      5.21373739	    -30.73125844	      0.00000000	     55.29713213	     -7.58200148	     -6.24915744	     49.27739069	     13.47202149	    -17.29019511	      0.00000000	     -4.29927105	     -1.29149744	      0.59728437	     98.96965217	    -14.77839518	     50.04669507	     28.75974665	     68.00962446	     95.76078012	     -9.24782660	     49.16257209	     22.55147773	     62.41722578
     11.18333330	    -18.15026973	      1.42922520	      1.15454344	      0.75172188	      0.80701313	     -0.07129127	     57.61652289	    -10.56886319	     -4.24650988	     51.77401668	      5.27818011	    -30.68963801	      0.00000000	     56.39296547	     -7.78218085	     -6.52426852	     50.66660423	     13.58852358	    -17.53819355	      0.00000000	     -4.95310740	     -1.45957800	      0.85270483	    100.27545172	    -14.33473813	     49.93664352	     29.00536697	     67.88325604	     97.16507930	     -9.22092415	     49.08894492	     22.67712463	     62.24346457
     11.20000000	    -18.57450009	      1.88898110	      0.84007966	      0.75089837	      0.79998547	     -0.07098127	     59.35506928	    -10.73987975	     -3.48357752	     53.50383567	      5.88495507	    -30.41113527	      0.00000000	     57.66598099	     -7.97498424	     -7.12106183	     52.08063756	     14.05012678	    -17.62491492	      0.00000000	     -5.13339880	     -1.92436374	      1.16948449	    101.32908174	    -13.76933295	     50.10978454	     28.65552794	     67.57423883	     98.17803300	     -9.07469270	     49.28442753	     22.60342934	     61.78499806
     11.21666670	    -18.83773446	      1.99112374	      0.87953489	      0.74710852	      0.79581637	     -0.07063180	     60.52552837	    -10.94805639	     -3.30286010	     54.69886787	      6.31977026	    -30.40443925	      0.00000000	     58.82488093	     -8.07518074	     -7.15950544	     53.36192280	     14.41075391	    -17.51224074	      0.00000000	     -5.75904097	     -1.95990027	      1.18754573	    102.55410402	    -13.37134237	     50.00334874	     28.72752620	     67.45879580	     99.40946908	     -9.03538140	     49.21127329	     22.64883981	     61.61814232
     11.23333330	    -19.10247793	      2.13531696	      0.86333600	      0.74382255	      0.79061406	     -0.07145324	     61.78901680	    -11.14444523	     -3.04400386	     55.96717805	      6.94460617	    -30.27991707	      0.00000000	     60.03964343	     -8.17361883	     -7.26078348	     54.66297012	     14.88407166	    -17.33279096	      0.00000000	     -6.43240583	     -2.04110117	      1.25581458	    103.79218396	    -12.91703571	     49.89272103	     28.79550631	     67.34145227	    100.57829653	     -9.02088787	     49.12393585	     22.66351283	     61.44512685
     11.25000000	    -19.35694533	      2.24967869	      0.84635442	      0.74117206	      0.78462550	     -0.07108503	     63.13784573	    -11.33816655	     -2.93859607	     57.23950183	      7.54609365	    -30.03283065	      0.00000000	     61.25612641	     -8.36901374	     -7.45464720	     55.91858400	     15.36284344	    -17.18699108	      0.00000000	     -7.13771260	     -2.13563062	      1.16815595	    104.96179524	    -12.48314763	     49.78097516	     28.82205035	     67.22278876	    101.81207390	     -9.00930431	     49.01823823	     22.66287735	     61.26319173
     11.26666670	    -19.39171411	      2.43817350	      0.82275077	      0.73852740	      0.77944645	     -0.07077071	     64.28455778	    -11.72215349	     -2.97083114	     58.54673225	     10.40930493	    -26.87799447	      0.00000000	     62.19392396	     -8.48995999	     -7.65095791	     57.17548474	     16.36491783	    -16.77714119	      0.00000000	     -7.94877481	     -2.14011439	      0.70800410	    106.34059704	    -10.94536813	     50.98858309	     27.14122800	     64.86899954	    103.16991715	     -9.33548566	     50.80462133	     21.76566363	     57.51516168
     11.28333330	    -19.61654662	      2.41274705	      0.90497563	      0.73591095	      0.77233491	     -0.07028112	     65.51453011	    -11.83795627	     -2.82616659	     59.92451291	     10.84892706	    -27.09387915	      0.00000000	     63.43473957	     -8.68582075	     -7.52078113	     58.52571608	     16.56299689	    -16.72303509	      0.00000000	     -8.61982529	     -2.14055275	      0.62816039	    107.44117362	    -10.72128809	     50.83704044	     27.36083134	     64.77964261	    104.32467033	     -9.13794509	     50.70460628	     21.90385111	     57.38067886
     11.30000000	    -19.77494042	      2.48989725	      0.84324337	      0.73266430	      0.76315577	     -0.07169766	     66.87924608	    -12.10458099	     -2.76890484	     61.51735314	     11.11857728	    -26.99801342	      0.00000000	     64.83365333	     -8.90396940	     -7.51798093	     60.29327986	     17.19129195	    -16.83494715	      0.00000000	     -9.30643537	     -2.15703231	      0.54893553	    108.60420045	    -10.35305230	     50.69218350	     27.58432452	     64.68182546	    105.60726325	     -9.11628904	     50.58566394	     21.83856726	     57.21540586
     11.31666670	    -19.95811619	      2.48943472	      0.87799177	      0.73113655	      0.75806849	     -0.07178178	     68.05066174	    -12.31511032	     -2.68343374	     62.89288905	     11.54449621	    -26.78340477	      0.00000000	     66.12389748	     -9.07314527	     -7.45746540	     61.78008338	     17.59978201	    -16.83059863	      0.00000000	     -9.91015036	     -2.10169940	      0.26434715	    109.57682722	     -9.95810281	     50.57251515	     27.74425308	     64.59114769	    106.79208310	     -9.16580077	     50.49711927	     21.62862010	     57.04979891
     11.33333330	    -20.00281015	      2.57071598	      0.97778714	      0.72801573	      0.74804391	     -0.07182352	     69.45084998	    -12.80491460	     -2.68885767	     64.84983052	     13.84756647	    -24.40820060	      0.00000000	     67.50081692	     -9.17476289	     -7.40374189	     63.60084031	     18.74683414	    -16.07584098	      0.00000000	    -10.51045370	     -2.00770156	     -0.06326577	    110.97083802	     -8.92810130	     50.93755807	     26.28063546	     63.71549362	    108.34749364	     -8.82483797	     52.14115511	     19.71258017	     55.43224835
     11.35000000	    -20.14336164	      2.54586982	      1.06987602	      0.72608866	      0.74318922	     -0.07160452	     70.67287190	    -12.96957028	     -2.52902596	     66.42539451	     14.10856420	    -24.61904480	      0.00000000	     68.82308271	     -9.25279048	     -7.15334319	     65.27701508	     19.12065676	    -16.27073980	      0.00000000	    -11.18565627	     -1.96708973	     -0.16696773	    112.00220742	     -8.83523422	     50.84406016	     26.45461825	     63.64665789	    109.42513066	     -8.81343861	     52.13203284	     19.77054823	     55.28568149
     11.36666670	    -20.30822048	      2.60921016	      1.03264645	      0.72000214	      0.73645609	     -0.07168759	     72.07761729	    -13.02277062	     -2.25971479	     67.87115990	     14.43510094	    -24.57047522	      0.00000000	     70.26041516	     -9.32262233	     -6.96947267	     66.81753188	     19.39699983	    -16.34075652	      0.00000000	    -11.98848799	     -1.96595870	     -0.02152436	    113.39861863	     -8.82660460	     50.72333231	     26.51027006	     63.57952294	    110.65924857	     -8.67916187	     52.12908704	     19.87005101	     55.14564274
     11.38333330	    -20.53041333	      2.67944322	      1.07162384	      0.72251090	      0.72955166	     -0.07135396	     73.28919165	    -13.19311006	     -2.07317242	     69.17418715	     14.89234285	    -24.49397525	      0.00000000	     71.37917094	     -9.40024189	     -6.78108869	     68.15506378	     19.84095555	    -16.24583089	      0.00000000	    -12.56104590	     -1.97185908	      0.08666872	    114.50733181	     -8.92238300	     50.68695703	     26.53669557	     63.53098397	    111.54045526	     -8.60380082	     52.17365130	     19.95160894	     55.01095084
     11.40000000	    -20.82966910	      2.78502033	      1.11833057	      0.72000769	      0.72485631	     -0.07124155	     74.43346796	    -13.32207924	     -1.88979281	     70.04899024	     15.29191126	    -24.21102581	      0.00000000	     72.40785906	     -9.41035589	     -6.68253031	     69.14683625	     20.25268646	    -15.85660843	      0.00000000	    -13.13106495	     -2.02968149	      0.20838710	    115.69120012	     -9.00107898	     50.67950953	     26.54907403	     63.48964778	    112.49007027	     -8.50662071	     52.22370516	     20.07854528	     54.86873376
     11.41666670	    -20.82474865	      2.71948273	      0.96986703	      0.71348207	      0.71570223	     -0.07038835	     75.76413621	    -13.32388469	     -1.92526862	     71.55335376	     16.78709396	    -22.34503685	      0.00000000	     73.57968586	     -9.74161454	     -6.49288525	     70.62348896	     21.14141188	    -15.24712963	      0.00000000	    -14.27579685	     -1.94488046	      0.19924725	    118.25566345	     -8.59044379	     55.29740310	     24.63468589	     62.64976149	    114.98302893	     -8.13961719	     57.50226341	     18.02140998	     51.31780561
     11.43333330	    -21.24388205	      2.76352217	      0.96112592	      0.71268934	      0.70870257	     -0.07221014	     77.39901075	    -13.31928181	     -1.50912804	     72.96957646	     16.97405148	    -22.57771177	      0.00000000	     75.09054026	     -9.85074432	     -6.37757289	     71.98984947	     21.52643399	    -15.40196215	      0.00000000	    -14.92865381	     -1.93915221	      0.07039883	    119.66107756	     -8.57587218	     55.04921774	     24.93343723	     62.54534850	    116.34298865	     -8.18137629	     57.41509251	     18.16275297	     51.15337732
     11.45000000	    -21.47972338	      2.76791643	      0.89625457	      0.71312927	      0.70366505	     -0.07276704	     78.51275681	    -13.29839935	     -1.21628754	     74.07721963	     17.04275365	    -22.44468922	      0.00000000	     76.17025375	    -10.04066388	     -6.32424621	     73.03175306	     21.75974902	    -15.37451798	      0.00000000	    -15.48402828	     -1.93975464	     -0.05570875	    120.55958898	     -8.51635622	     54.90996885	     25.15601111	     62.46518338	    117.27882561	     -8.10569932	     57.37809187	     18.23103077	     50.99697105
     11.46666670	    -21.69062450	      2.73297234	      1.01505631	      0.71121706	      0.69917924	     -0.07282353	     79.49979933	    -13.41604820	     -0.98244367	     75.11396434	     17.10469524	    -22.38179028	      0.00000000	     77.06106968	    -10.04740328	     -6.25648077	     73.90154097	     22.08516010	    -15.20317343	      0.00000000	    -16.05482508	     -1.77231877	     -0.39659669	    121.31739655	     -8.34021363	     54.78902515	     25.49029176	     62.39922051	    118.06466691	     -8.20749106	     57.34298063	     18.14502089	     50.83487661
     11.48333330	    -21.67874509	      2.67430739	      1.20628411	      0.70675718	      0.69053384	     -0.07239006	     80.64194856	    -13.54896472	     -0.74837212	     76.34316860	     17.36723266	    -22.41054607	      0.00000000	     78.08270731	    -10.03213148	     -6.08130980	     75.08325421	     22.48385643	    -15.10851950	      0.00000000	    -16.79158136	     -1.62462069	     -0.74197230	    122.12439304	     -8.14198371	     54.64332087	     25.72690448	     62.33472387	    118.92478431	     -8.33976337	     57.29445941	     18.00048655	     50.66731976
     11.50000000	    -21.79614538	      2.63085758	      1.27122074	      0.70775787	      0.68569023	     -0.07203828	     81.46125292	    -13.58507040	     -0.57645644	     77.43456420	     17.73223357	    -22.28741971	      0.00000000	     78.99688951	    -10.10958973	     -5.89983514	     76.11651294	     22.77222295	    -15.05924930	      0.00000000	    -17.33404878	     -1.52426663	     -0.88179698	    122.88441381	     -8.07607358	     54.48455489	     25.77802725	     62.27021616	    119.58703498	     -8.30806278	     57.26314238	     17.88530226	     50.49572021
     11.51666670	    -21.69176836	      2.52034037	      1.56891289	      0.70626214	      0.68086356	     -0.07184138	     82.07864488	    -13.89613735	     -0.60619404	     78.62266747	     18.83866368	    -21.44542424	      0.00000000	     79.84144581	    -10.02545687	     -5.59911582	     77.23056661	     23.54758071	    -14.33950937	      0.00000000	    -18.19591623	     -1.28905626	     -1.18944054	    123.66160661	     -7.82747900	     54.24679974	     25.56009583	     62.01018924	    120.42817270	     -8.08738435	     57.42177641	     17.07052674	     49.44331734
     11.53333330	    -21.68943106	      2.45733688	      1.78746610	      0.69634127	      0.66995994	     -0.07000735	     83.54590973	    -13.97977122	     -0.46106291	     79.95038654	     18.82685550	    -21.57962222	      0.00000000	     81.34257145	     -9.92532567	     -5.17837129	     78.64532265	     23.76692430	    -14.51415667	      0.00000000	    -19.00344144	     -1.31975135	     -1.37067577	    124.71877732	     -7.90299824	     54.06765321	     25.53103794	     61.96264688	    121.57532312	     -7.94075478	     57.35586263	     17.13037314	     49.28481275
     11.55000000	    -21.84301955	      2.40004290	      1.86757238	      0.70271332	      0.66705037	     -0.07041498	     84.37286739	    -14.01641805	     -0.41072769	     80.98808958	     18.95060099	    -21.72002933	      0.00000000	     82.16221312	     -9.99933237	     -4.89037369	     79.50296537	     23.67624434	    -14.67513685	      0.00000000	    -19.42482109	     -1.25849445	     -1.43352898	    125.34789943	     -7.89051799	     53.99351907	     25.50421195	     61.93751797	    122.13800253	     -7.95543392	     57.32087790	     17.04312289	     49.11916093
     11.56666670	    -21.97928563	      2.31723619	      2.05882387	      0.69700241	      0.65952662	     -0.06952450	     85.38821924	    -14.08129672	     -0.30089541	     82.00066963	     19.17708593	    -21.88364452	      0.00000000	     83.44441377	     -9.86039193	     -4.44586644	     80.73694558	     23.93499131	    -14.79006535	      0.00000000	    -20.01381614	     -1.24105629	     -1.62419192	    126.18586319	     -7.87181819	     53.89400356	     25.35643847	     61.91140996	    123.15611467	     -7.82664461	     57.23126521	     16.98365937	     48.94783063
     11.58333330	    -22.12664062	      2.28903415	      2.10682854	      0.69707280	      0.65661223	     -0.06992948	     86.19718731	    -14.09031614	     -0.18046223	     82.68627888	     19.22586513	    -21.83223681	      0.00000000	     84.33460482	     -9.75646221	     -4.15818435	     81.60772036	     23.87854113	    -14.99114253	      0.00000000	    -20.47144855	     -1.20331929	     -1.72770946	    126.69290567	     -7.89847822	     53.85189531	     25.25781921	     61.90064711	    123.75943229	     -7.88322802	     57.16770781	     16.81310024	     48.77766342
     11.60000000	    -22.36276587	      2.25059130	      2.13777979	      0.69435968	      0.64887896	     -0.06858379	     87.21694021	    -14.09034764	     -0.10152489	     83.69093712	     19.40480867	    -21.85334546	      0.00000000	     85.36866525	     -9.64474504	     -3.67802139	     82.45206500	     24.06900336	    -15.13891132	      0.00000000	    -20.90842414	     -1.22103552	     -1.88164959	    127.35091363	     -7.83385184	     53.78969411	     25.16167959	     61.89113262	    124.66623842	     -7.94523737	     57.08287168	     16.69491825	     48.59732383
     11.61666670	    -22.52567577	      2.27097897	      2.13183479	      0.69080629	      0.64415444	     -0.06824714	     88.30049135	    -14.05629880	      0.08298051	     84.51025759	     19.33709869	    -21.85350348	      0.00000000	     86.39705882	     -9.47219997	     -3.29413999	     83.26094089	     24.22113930	    -15.34257274	      0.00000000	    -21.43653758	     -1.30945124	     -1.90630086	    128.08183982	     -7.86415716	     53.70603432	     24.97758998	     61.87887969	    125.48788123	     -7.95498843	     57.02085523	     16.62742789	     48.43192002
     11.63333330	    -22.76033632	      2.29448233	      2.26050045	      0.69233532	      0.64037085	     -0.06782070	     89.27388350	    -14.07249460	      0.28039299	     85.31246135	     19.36158216	    -22.00219313	      0.00000000	     87.23817043	     -9.23461018	     -2.94676167	     83.87622296	     24.24498702	    -15.54622346	      0.00000000	    -21.85949223	     -1.31628210	     -1.80715384	    128.67772518	     -7.97301451	     53.64212228	     24.79384000	     61.87184429	    125.98221726	     -7.80617952	     56.97991903	     16.61291100	     48.26772749
     11.65000000	    -23.11779476	      2.34034711	      2.23626908	      0.68931275	      0.63540785	     -0.06643338	     90.19444353	    -13.96129222	      0.40271143	     85.79496191	     19.26339670	    -22.17310892	      0.00000000	     88.21423876	     -9.15156438	     -2.60003799	     84.50201802	     24.02777343	    -15.97495775	      0.00000000	    -22.21629757	     -1.49485359	     -1.69757491	    129.26034109	     -8.01417230	     53.60192428	     24.67854506	     61.87199920	    126.69665084	     -7.58501307	     56.88470489	     16.62451816	     48.07932944
     11.66666670	    -23.37050065	      2.39163303	      2.24737334	      0.68417673	      0.62994179	     -0.06469965	     91.23828008	    -13.77403960	      0.61719902	     86.26886218	     18.67133725	    -22.96873211	      0.00000000	     89.20708583	     -8.89221337	     -2.16279975	     85.06235160	     22.82421753	    -17.70819069	      0.00000000	    -22.71511620	     -1.66374464	     -1.28680789	    130.21290481	     -8.19106766	     53.97256706	     24.05899480	     61.94663508	    127.40584594	     -6.76435771	     56.61989174	     15.97337186	     47.07472254
     11.68333330	    -23.61260733	      2.40923587	      2.32002245	      0.68939269	      0.62725818	     -0.06572579	     91.92185666	    -13.81181543	      0.72188640	     86.88656042	     18.60022265	    -23.13298489	      0.00000000	     89.84879295	     -8.76229465	     -1.93166286	     85.55209557	     22.83372074	    -17.80786516	      0.00000000	    -22.98066420	     -1.65259822	     -1.13481679	    130.54439399	     -8.30896930	     53.97021333	     24.06015612	     61.95071325	    127.57676584	     -6.81604507	     56.56866228	     16.06355091	     46.90949856
     11.70000000	    -23.92246903	      2.38107582	      2.31378923	      0.68419453	      0.62038176	     -0.06361759	     92.81503713	    -13.74436707	      0.78682042	     87.45933865	     18.67071311	    -23.36093651	      0.00000000	     90.88865267	     -8.71276978	     -1.57547882	     86.36815549	     22.94338053	    -17.86061265	      0.00000000	    -23.28801741	     -1.81009188	     -1.04820202	    130.94551343	     -8.43755523	     53.92855082	     24.02323686	     61.94747845	    128.08841727	     -6.74096835	     56.44924487	     16.28936732	     46.74068469
     11.71666670	    -24.22782456	      2.29196466	      2.44816422	      0.68261962	      0.61672197	     -0.06240876	     93.83332459	    -13.70522628	      0.83337541	     88.20243688	     18.61146024	    -23.60990846	      0.00000000	     91.90935033	     -8.59782360	     -1.23388664	     87.00122634	     22.86970070	    -17.81123471	      0.00000000	    -23.63660250	     -1.86186233	     -1.02438434	    131.44273582	     -8.57561737	     53.85966585	     24.02118777	     61.94010545	    128.60803072	     -6.59089801	     56.29038268	     16.54676733	     46.55462380
     11.73333330	    -24.61991279	      2.20267919	      2.55643761	      0.68565847	      0.61243298	     -0.06156519	     94.60129080	    -13.69652769	      0.83676456	     88.92253976	     18.73270144	    -24.01565822	      0.00000000	     92.81227571	     -8.61881652	     -0.90558792	     87.62196457	     22.83786222	    -17.82210348	      0.00000000	    -23.74143617	     -1.90038555	     -1.01674503	    131.74526706	     -8.63563472	     53.81631953	     24.14154201	     61.93876437	    128.96374295	     -6.53068393	     56.09178790	     16.78779662	     46.35472037
     11.75000000	    -24.85334294	      2.07479062	      2.77096395	      0.68237551	      0.60772270	     -0.06033097	     95.41211089	    -13.76600129	      0.83211703	     89.50733451	     18.69883522	    -24.27345624	      0.00000000	     93.79363620	     -8.56152091	     -0.60227225	     88.28327370	     22.79814307	    -17.74167793	      0.00000000	    -24.02031047	     -1.89552739	     -1.14607877	    132.11326954	     -8.75369118	     53.75062173	     24.19654781	     61.93207351	    129.43748166	     -6.41629726	     55.87609573	     17.02042538	     46.15620380
     11.76666670	    -25.16188437	      1.84606132	      3.06654484	      0.68476333	      0.60573737	     -0.06134028	     96.03388428	    -13.92290368	      0.82308512	     90.03924527	     18.74744769	    -24.60784531	      0.00000000	     94.52619159	     -8.45819826	     -0.39352035	     88.72122740	     22.62272369	    -17.74973278	      0.00000000	    -24.18667899	     -1.68144600	     -1.36977606	    132.34743657	     -8.80277336	     53.70523297	     24.28090580	     61.92992214	    129.82211914	     -6.29253356	     55.66561266	     17.15936353	     45.95120155
     11.78333330	    -25.49628004	      1.71298785	      3.17657935	      0.68199236	      0.60264891	     -0.06267657	     96.60540452	    -14.00898247	      0.83715132	     90.23413563	     18.64418736	    -24.63493277	      0.00000000	     95.21439340	     -8.38213707	     -0.26085204	     89.15230021	     22.70575106	    -17.76498213	      0.00000000	    -24.35158656	     -1.54239375	     -1.60194835	    132.56394182	     -8.74624260	     53.68044329	     24.41442158	     61.93117612	    130.26494769	     -6.24614046	     55.42485766	     17.15338442	     45.73527224
     11.80000000	    -25.82601728	      1.63163194	      3.25087383	      0.68571339	      0.59996305	     -0.06265462	     97.13808344	    -14.13614382	      0.85877291	     90.67704831	     18.64919021	    -24.55849015	      0.00000000	     95.75229733	     -8.41432916	     -0.22320830	     89.54575787	     22.77155875	    -17.71754094	      0.00000000	    -24.39464611	     -1.39595670	     -1.75229867	    132.65424162	     -8.82864536	     53.65085170	     24.49418969	     61.93224121	    130.49537590	     -6.22912257	     55.16541034	     17.10298579	     45.48920104
     11.81666670	    -26.19304059	      1.54831583	      3.32371510	      0.68239098	      0.59445548	     -0.06127666	     97.92331013	    -14.27462811	      0.83113344	     91.18013653	     19.09101190	    -24.04641575	      0.00000000	     96.59371350	     -8.48470605	     -0.13569304	     90.04303539	     23.35131153	    -16.79879140	      0.00000000	    -24.28958160	     -1.33233478	     -1.90242443	    132.64099685	     -8.70555604	     53.64460829	     24.60934761	     61.92960663	    130.71652012	     -6.12861530	     54.43055613	     16.81873630	     44.69063198
     11.83333330	    -26.36847641	      1.46706454	      3.29044135	      0.68419894	      0.59227035	     -0.06256670	     98.49580487	    -14.31167850	      0.85906570	     91.73956720	     19.16696762	    -24.09189215	      0.00000000	     97.16574397	     -8.57448277	     -0.03341669	     90.46941447	     23.47773521	    -16.83646501	      0.00000000	    -24.48488380	     -1.24493822	     -2.00107030	    132.80072241	     -8.69227683	     53.60267919	     24.65399438	     61.92467212	    131.11159498	     -6.15235639	     54.26266570	     16.81414083	     44.51490108
     11.85000000	    -26.64581593	      1.34361368	      3.50795050	      0.68622694	      0.58867539	     -0.06250408	     99.10140174	    -14.57639211	      0.89374074	     92.37390332	     19.36845586	    -24.05335435	      0.00000000	     97.80500398	     -8.53045787	      0.05175953	     91.01255213	     23.88150854	    -16.19730692	      0.00000000	    -24.32932400	     -0.97593857	     -2.29312553	    132.58795998	     -8.62001419	     53.56641782	     24.81873512	     61.92133506	    131.06227500	     -6.24623453	     53.76373052	     16.73972528	     43.87308342
     11.86666670	    -26.66805618	      1.27432435	      3.68150758	      0.68068343	      0.58217458	     -0.06219987	     99.80799282	    -14.68437837	      1.08908422	     93.09636729	     19.62764297	    -24.22388413	      0.00000000	     98.71000222	     -8.41684868	      0.18063358	     91.84357646	     23.92479267	    -16.23442151	      0.00000000	    -24.70350100	     -0.86023474	     -2.35516684	    133.17336590	     -8.71768749	     53.45008531	     24.72601528	     61.90196951	    131.71068839	     -6.18876898	     53.61947989	     16.83004118	     43.73572131
     11.88333330	    -26.79356593	      1.16520870	      3.80151798	      0.67885772	      0.57730147	     -0.06309828	    100.67079485	    -14.74520811	      1.26997751	     93.84688699	     19.82007633	    -24.27639268	      0.00000000	     99.74065974	     -8.29386016	      0.37168271	     92.53399484	     23.80344895	    -16.11399503	      0.00000000	    -25.11933876	     -0.65702784	     -2.47644422	    134.05247184	     -8.68294785	     53.33120747	     24.57607063	     61.88019575	    132.71060531	     -6.16177653	     53.44103585	     16.83164603	     43.57716551
     11.90000000	    -26.70773038	      0.93835193	      4.07094733	      0.68487193	      0.57583164	     -0.06265671	    100.91246756	    -14.97757917	      1.24854624	     94.58226507	     20.32157290	    -23.96283010	      0.00000000	    100.15978756	     -8.21427561	      0.63631206	     93.20407251	     23.92866653	    -15.63179072	      0.00000000	    -25.58858073	     -0.11453937	     -2.83399783	    134.59187427	     -8.04358307	     53.42759883	     23.93228990	     61.86143810	    133.38401273	     -6.35868511	     53.10490778	     16.46477453	     42.95959822
     11.91666670	    -26.86470305	      0.88204313	      4.23986797	      0.68387164	      0.57112826	     -0.06369031	    101.43350533	    -15.10546727	      1.41551210	     95.18959865	     20.62822265	    -24.12579720	      0.00000000	    100.83796338	     -8.16728838	      0.67331109	     93.92722211	     23.98432959	    -15.60449525	      0.00000000	    -25.74710479	      0.02742517	     -2.83331197	    135.11534919	     -7.94217100	     53.37174416	     23.66605480	     61.83280172	    133.93397449	     -6.10598779	     53.02999309	     16.53661999	     42.81235530
     11.93333330	    -26.85236341	      0.68409412	      4.43884328	      0.68432674	      0.56723476	     -0.06258933	    101.77555291	    -15.33744915	      1.33264005	     95.84333385	     21.29797004	    -23.66636921	      0.00000000	    101.38277460	     -8.15481526	      0.86036280	     94.55012763	     24.17037518	    -15.27146892	      0.00000000	    -25.95884230	      0.39275825	     -2.67277893	    135.73924294	     -7.30856746	     53.66197177	     22.01441062	     61.66454493	    134.16580498	     -5.67111661	     52.46223537	     15.86624309	     41.59496873
     11.95000000	    -26.93346584	      0.59202346	      4.63396461	      0.68333466	      0.56180348	     -0.06402906	    102.41900193	    -15.55730105	      1.46933151	     96.52036677	     21.43921155	    -23.78279913	      0.00000000	    101.93371140	     -8.06107695	      0.92901827	     95.19276389	     24.35233719	    -15.17038296	      0.00000000	    -26.08950582	      0.58538033	     -2.68897519	    136.21440923	     -7.24062749	     53.66098468	     21.97855609	     61.63124624	    134.58118366	     -5.43686319	     52.39510875	     15.98808096	     41.45728902
     11.96666670	    -26.86094349	      0.56488955	      4.54597310	      0.68139732	      0.55869198	     -0.06397539	    102.95740695	    -15.60281760	      1.46001099	     97.14349503	     21.37561464	    -23.72630339	      0.00000000	    102.33725384	     -8.23383802	      1.00171330	     95.75116064	     24.81026949	    -14.34500823	      0.00000000	    -26.51796284	      0.66084380	     -2.63537083	    136.96303343	     -6.86691909	     53.88386840	     21.28244693	     61.46670391	    135.29544258	     -5.14223757	     52.03032649	     15.49814302	     40.73668406
     11.98333330	    -27.09161096	      0.50810007	      4.47769771	      0.68631943	      0.55534660	     -0.06308916	    103.51469118	    -15.61249347	      1.41635983	     97.84112341	     21.69317468	    -23.90316321	      0.00000000	    102.92557534	     -8.47374651	      1.06622879	     96.34784879	     24.95664231	    -14.40725961	      0.00000000	    -26.58254960	      0.69566027	     -2.58955787	    137.35612117	     -6.66302983	     53.88250561	     21.20184370	     61.41608559	    135.73444573	     -4.99101319	     51.95443963	     15.53976249	     40.58967418
     12.00000000	    -27.11146213	      0.48520819	      4.29861328	      0.68299207	      0.55145392	     -0.06287351	    103.98917200	    -15.47970793	      1.38967352	     98.34985651	     21.55598594	    -24.14248087	      0.00000000	    103.44423765	     -8.83328563	      1.15321290	     96.95503352	     25.54926844	    -13.45443990	      0.00000000	    -27.01341802	      0.72744300	     -2.44399926	    138.25928413	     -5.92311054	     53.95826924	     19.82787912	     61.05719473	    136.52047995	     -4.64250562	     51.63743965	     14.82721684	     39.71096465
     12.01666670	    -27.30229258	      0.42614818	      4.26842195	      0.68320651	      0.54560514	     -0.06321648	    104.83346266	    -15.54511717	      1.47643451	     99.15268855	     21.68999197	    -24.28415160	      0.00000000	    104.32284182	     -8.97812444	      1.27916071	     97.70799960	     25.43622932	    -13.57937553	      0.00000000	    -27.19288720	      0.79827950	     -2.44132142	    138.93485404	     -5.82570518	     53.92305582	     19.73325339	     60.98307241	    137.16946333	     -4.58136631	     51.59103482	     14.87268087	     39.57391979
     12.03333330	    -27.52673259	      0.35817754	      4.30019564	      0.68625742	      0.54379032	     -0.06342098	    105.43351204	    -15.68870998	      1.47428359	     99.73552003	     21.63836761	    -24.46418438	      0.00000000	    105.00422395	     -9.16619206	      1.31143754	     98.25263635	     25.32037299	    -13.58163712	      0.00000000	    -27.28637383	      0.85570769	     -2.38127454	    139.45220049	     -5.83800068	     53.88323862	     19.47878775	     60.88727379	    137.47833736	     -4.35093234	     51.55392317	     14.93044264	     39.41590153
     12.05000000	    -27.66610827	      0.18590509	      4.37216552	      0.68783739	      0.53900502	     -0.06380486	    106.04213893	    -15.88511825	      1.44666383	    100.42627593	     21.61763374	    -24.72595316	      0.00000000	    105.71947230	     -9.23718620	      1.44392135	     98.92256470	     25.45105040	    -13.45332698	      0.00000000	    -27.38681898	      1.09117784	     -2.52555381	    139.77477443	     -5.67947301	     53.86627873	     19.28395153	     60.78777699	    137.81256783	     -4.12171567	     51.47633316	     14.90769895	     39.24096995
     12.06666670	    -27.80559507	     -0.02547281	      4.36463207	      0.68663033	      0.53426915	     -0.06529429	    106.63130659	    -16.07607010	      1.39318048	    101.03896278	     21.58016420	    -24.99140518	      0.00000000	    106.42567278	     -9.30325922	      1.63042534	     99.72570561	     25.58867230	    -13.20025289	      0.00000000	    -27.43698411	      1.38521160	     -2.82211632	    140.03249819	     -5.46954987	     53.84235537	     19.13876272	     60.67631844	    138.26659052	     -3.93716066	     51.37719072	     14.81315788	     39.05174626
     12.08333330	    -27.83679329	     -0.13143666	      4.31485915	      0.68504339	      0.53001366	     -0.06657475	    107.20979796	    -16.18542704	      1.43323462	    101.50756835	     21.60688645	    -24.97877461	      0.00000000	    107.01669638	     -9.36249520	      1.70137926	    100.37041674	     25.91546618	    -12.92366826	      0.00000000	    -27.61389802	      1.60723773	     -2.90955946	    140.45103843	     -5.18704313	     53.77318753	     18.92221315	     60.51181635	    138.62967504	     -3.76119914	     51.28111935	     14.57460887	     38.81055029
     12.10000000	    -27.82114429	     -0.26155639	      4.34405792	      0.68689950	      0.52695452	     -0.06742430	    107.70593672	    -16.34931154	      1.55473548	    102.13388419	     21.64803929	    -25.04452101	      0.00000000	    107.52917249	     -9.33515947	      1.82301679	    101.06768216	     26.04984251	    -12.69649439	      0.00000000	    -27.83993536	      1.91155848	     -2.97794950	    140.79335093	     -4.94562032	     53.70395576	     18.74662430	     60.36020135	    138.84064683	     -3.51864278	     51.22488270	     14.44856481	     38.60249987
     12.11666670	    -27.68021016	     -0.28635264	      4.23091148	      0.68492901	      0.52297810	     -0.06866973	    107.98813074	    -16.32379413	      1.70955932	    102.53144782	     21.97647577	    -24.46898901	      0.00000000	    107.95343557	     -9.43468525	      1.83334535	    101.80167143	     25.97575287	    -12.70222302	      0.00000000	    -28.35686123	      2.03657258	     -2.55374656	    141.78248931	     -4.68580700	     53.62801288	     17.56471344	     59.78035095	    139.19025879	     -2.91471095	     50.98229169	     13.96300275	     37.78108923
     12.13333330	    -27.69582139	     -0.25786037	      4.07179078	      0.68589630	      0.51941110	     -0.06860743	    108.52129564	    -16.24061874	      1.87635642	    103.03412733	     22.08923443	    -24.49828857	      0.00000000	    108.49984804	     -9.57202950	      1.91274224	    102.46151624	     25.96961465	    -12.77666452	      0.00000000	    -28.57841528	      2.03910878	     -2.50109312	    142.16979738	     -4.57046316	     53.64118404	     17.51582907	     59.69030301	    139.34180401	     -2.71836622	     50.95504900	     14.02490357	     37.65219721
     12.15000000	    -27.65119112	     -0.28850231	      4.06726574	      0.68702269	      0.51559546	     -0.06833859	    108.88422155	    -16.30441234	      1.99552635	    103.66095953	     22.86277402	    -23.83708542	      0.00000000	    108.98395895	     -9.69101986	      2.00257063	    103.11360133	     26.08987519	    -12.50264634	      0.00000000	    -28.90149251	      2.27949405	     -2.54476205	    142.99259301	     -3.76998495	     54.98611758	     15.76661973	     57.38443594	    139.45413111	     -2.76736997	     50.14459431	     14.38027202	     34.28677195
     12.16666670	    -27.74532481	     -0.35042626	      3.93275974	      0.68667384	      0.51183665	     -0.06953435	    109.33458827	    -16.22491177	      2.08759856	    104.14435881	     23.10063583	    -23.94715128	      0.00000000	    109.62640786	     -9.86557872	      2.12974250	    103.67584949	     26.31361214	    -12.28034255	      0.00000000	    -28.99600079	      2.39941752	     -2.53756238	    143.28081717	     -3.63641207	     55.01439756	     15.99817146	     57.29110106	    139.55915454	     -2.72501229	     50.17812002	     14.45309894	     34.22145472
     12.18333330	    -27.74054564	     -0.41085245	      3.68218585	      0.68685689	      0.50835552	     -0.06936143	    109.71405703	    -16.07630325	      2.05623700	    104.72489724	     23.40000072	    -24.05581505	      0.00000000	    110.13885877	    -10.14614160	      2.38245815	    104.35368946	     26.63473864	    -11.81547306	      0.00000000	    -29.14544537	      2.39758536	     -2.58865637	    143.29555347	     -3.68427233	     55.02991354	     16.18015139	     57.15205709	    139.57116316	     -2.80453769	     50.18511149	     14.60043039	     34.12385883
     12.20000000	    -27.72494977	     -0.46797217	      3.74075127	      0.68707269	      0.50465905	     -0.07020120	    110.17740246	    -16.22110723	      2.21646014	    105.27474022	     23.32183605	    -24.11195563	      0.00000000	    110.69114494	    -10.15595229	      2.49325988	    104.94733449	     26.78581646	    -11.46474193	      0.00000000	    -29.36974808	      2.54497663	     -2.63459460	    143.62803174	     -3.64420287	     54.97115347	     16.28091947	     57.01482167	    139.62601350	     -2.67190881	     50.15099471	     14.77207699	     34.03476565
     12.21666670	    -27.68929333	     -0.60243998	      3.84235943	      0.68691411	      0.49978974	     -0.06930331	    110.69404540	    -16.33158017	      2.31159498	    105.92101601	     23.35739679	    -24.23513123	      0.00000000	    111.27700303	    -10.19396666	      2.70052865	    105.63292493	     26.75749108	    -11.23715741	      0.00000000	    -29.64081803	      2.65737840	     -2.70898712	    144.06234601	     -3.70569639	     54.89002187	     16.27727054	     56.88373883	    139.80120753	     -2.49163055	     50.06533255	     14.98933866	     33.94408855
     12.23333330	    -27.79767562	     -0.69472976	      3.81796837	      0.68751538	      0.49600802	     -0.07003179	    111.27160291	    -16.39444540	      2.36442927	    106.47875590	     23.32729831	    -24.22571777	      0.00000000	    111.95801564	    -10.28269625	      2.90666998	    106.28133104	     26.77769312	    -11.04254786	      0.00000000	    -29.82469950	      2.65114873	     -2.67077090	    144.61809735	     -3.76609702	     54.79169981	     16.18329901	     56.74840080	    140.07785261	     -2.24169049	     49.91641928	     15.27367635	     33.84149255
     12.25000000	    -27.80886632	     -0.80434046	      3.71327888	      0.68487786	      0.49338637	     -0.06883038	    111.74332242	    -16.37937467	      2.25451171	    106.88242882	     23.16953139	    -24.19828467	      0.00000000	    112.54983832	    -10.41441467	      3.15846786	    106.65356032	     26.63245569	    -10.82660558	      0.00000000	    -30.12686595	      2.60141235	     -2.75640840	    144.98017455	     -3.74818055	     54.73056123	     16.11881339	     56.62586830	    140.42014361	     -2.11254008	     49.69446598	     15.48885053	     33.72453830
     12.26666670	    -27.67323800	     -0.84225141	      3.64889732	      0.68454967	      0.49021247	     -0.06936055	    112.06950884	    -16.44577472	      2.29577247	    107.40088678	     23.16793436	    -24.19990926	      0.00000000	    112.96511019	    -10.46863799	      3.32449223	    107.16313278	     26.59646420	    -10.79224045	      0.00000000	    -30.41153167	      2.57317632	     -2.83158867	    145.13751306	     -3.69773745	     54.71346126	     16.12397203	     56.60263507	    140.40881481	     -2.03018779	     49.65574924	     15.52939768	     33.70262260
     12.28333330	    -28.00313633	     -1.02152964	      3.49972154	      0.68402610	      0.48516740	     -0.07098592	    112.83459812	    -16.53679469	      2.20784948	    107.83482138	     23.16607370	    -23.93379389	      0.00000000	    113.89417636	    -10.42932274	      3.71033432	    107.65204921	     26.69625517	    -10.42961285	      0.00000000	    -30.47641582	      2.54645237	     -2.70650074	    145.97192104	     -3.93732388	     54.60553858	     15.94753527	     56.46235313	    141.02760328	     -1.74946725	     49.32269237	     15.87167507	     33.56532013
     12.30000000	    -27.85793453	     -1.12985296	      3.38416006	      0.68034862	      0.48416242	     -0.06979138	    112.97010919	    -16.55166822	      2.13960351	    108.00734243	     24.12405388	    -22.55805763	      0.00000000	    114.18780321	    -10.41845112	      3.93405908	    107.92590717	     26.72633754	     -9.99616987	      0.00000000	    -30.94496511	      2.64541196	     -2.37045870	    146.69973581	     -3.51385934	     55.77788286	     14.84486129	     54.57413977	    140.48589331	     -1.60898281	     43.46969630	     17.45662423	     31.29535616
     12.31666670	    -28.01012893	     -1.28756109	      3.18324723	      0.68107024	      0.48129142	     -0.06818871	    113.42751317	    -16.57608901	      1.81304376	    108.24967356	     23.81855336	    -22.52546780	      0.00000000	    114.76993487	    -10.48585756	      4.41716668	    108.19846417	     26.55115032	     -9.85140630	      0.00000000	    -30.98578024	      2.66924880	     -2.34016168	    146.85720413	     -3.52837490	     55.83787642	     14.93835923	     54.50605306	    140.72407621	     -1.73958611	     43.39398391	     17.59052000	     31.33374329
     12.33333330	    -28.02651483	     -1.30189738	      3.17400014	      0.68346257	      0.48252356	     -0.06858952	    113.52175698	    -16.71411938	      1.64072200	    108.37283895	     23.80499386	    -22.55196055	      0.00000000	    114.83132365	    -10.59112371	      4.47569060	    108.24051826	     26.50640430	     -9.83205721	      0.00000000	    -31.11567011	      2.59327935	     -2.38808401	    146.87387743	     -3.53872396	     55.84498051	     14.94140865	     54.49582531	    140.57558345	     -1.76030163	     43.39052810	     17.58013319	     31.33750871
     12.35000000	    -28.11147262	     -1.62318961	      3.09122838	      0.68568184	      0.48292791	     -0.06950824	    113.34401920	    -16.85654204	      1.14830468	    108.34780706	     23.76892228	    -22.69477572	      0.00000000	    114.94345192	    -10.63130723	      4.81435927	    108.33021660	     26.43316284	     -9.67244853	      0.00000000	    -31.00007046	      2.75365171	     -2.42561745	    146.31667326	     -3.51059107	     55.94518288	     14.88406050	     54.39124313	    140.08941527	     -1.72179562	     43.26954454	     17.80104631	     31.37008184
     12.36666670	    -28.45534399	     -1.85453035	      2.96806994	      0.68788633	      0.48115105	     -0.06953355	    113.49727313	    -17.02753982	      0.81255120	    108.44353726	     23.80260137	    -22.67324638	      0.00000000	    115.33953023	    -10.75267414	      5.05142758	    108.56281655	     26.57189147	     -9.71048754	      0.00000000	    -30.35823028	      3.12241811	     -1.84672411	    145.79673176	     -3.09033913	     56.41076373	     14.80925902	     51.59982915	    137.28108705	     -2.23063401	     35.51644538	     22.21803097	     32.60003309
     12.38333330	    -28.28990051	     -1.93671644	      2.82365500	      0.68624747	      0.48068872	     -0.07055783	    113.25512618	    -17.16724224	      0.62064912	    108.48062054	     23.69374976	    -22.55499685	      0.00000000	    115.24128146	    -10.79612926	      5.10114121	    108.71480898	     26.59365357	     -9.83627723	      0.00000000	    -30.45393367	      3.03345596	     -2.18425036	    145.21579626	     -2.88560041	     56.54905035	     14.91949540	     51.59776252	    136.97136951	     -2.17090725	     35.52560623	     22.22982762	     32.73192004
     12.40000000	    -28.28692222	     -1.97439884	      2.79246176	      0.68387424	      0.48104605	     -0.06956731	    113.30756700	    -17.20522932	      0.59205319	    108.46060560	     23.69545839	    -22.55331666	      0.00000000	    115.29801740	    -10.77598283	      5.09926060	    108.65962210	     26.59632628	     -9.83922455	      0.00000000	    -30.57332945	      2.98403198	     -2.19428284	    145.17126505	     -2.84994924	     56.55736690	     14.92866426	     51.59818796	    136.92527763	     -2.17082216	     35.52819892	     22.22079739	     32.73645513
     12.41666670	    -27.90651041	     -2.23258190	      2.79836131	      0.68057380	      0.48212385	     -0.06945493	    112.89272945	    -17.30727316	      0.14074969	    108.14673944	     23.54674649	    -22.38328388	      0.00000000	    115.12596048	    -10.61426248	      5.38691228	    108.53546891	     26.30434498	     -9.95072400	      0.00000000	    -30.81011308	      3.13640108	     -2.90045948	    144.20520710	     -2.52655159	     56.73166441	     15.07277127	     51.59789765	    136.66681941	     -2.46902577	     35.50637131	     22.09642950	     32.86570852
     12.43333330	    -27.77989823	     -2.42037344	      2.96128624	      0.67909058	      0.48321749	     -0.06904144	    112.75451726	    -17.35639683	     -0.04019749	    107.88052341	     23.42552454	    -22.39044002	      0.00000000	    115.06127150	    -10.35864740	      5.52282484	    108.19978023	     25.78145406	    -10.10119945	      0.00000000	    -30.93367245	      3.40765847	     -3.52422494	    143.82780370	     -2.32160034	     56.82384025	     15.23540038	     51.55970301	    136.75884850	     -2.92453619	     35.53497470	     21.98211348	     33.05311361
     12.45000000	    -27.73356681	     -2.52340737	      3.11170757	      0.67762781	      0.48424876	     -0.06822549	    112.67731967	    -17.32447085	     -0.18803624	    107.60661822	     23.06396002	    -22.63146324	      0.00000000	    114.96582503	    -10.15418485	      5.61136668	    107.78325503	     25.56911152	    -10.28349880	      0.00000000	    -31.00981478	      3.52430009	     -4.01009732	    143.70580290	     -2.10261261	     56.90461853	     15.31939598	     51.48372062	    137.00117358	     -3.24177905	     35.71040792	     21.84261205	     33.31433792
     12.46666670	    -27.79207876	     -2.56730620	      3.21299235	      0.68101489	      0.48648294	     -0.06804389	    112.53422222	    -17.22517091	     -0.22417145	    107.44785451	     23.03512692	    -22.71521503	      0.00000000	    114.80023660	    -10.07911911	      5.63575652	    107.52556688	     25.55192334	    -10.26621057	      0.00000000	    -30.86932346	      3.56519839	     -4.07483931	    143.68767271	     -2.19816009	     56.91113189	     15.28077527	     51.46905207	    136.95178704	     -3.33144349	     35.75546602	     21.79190102	     33.35528614
     12.48333330	    -27.82725963	     -2.68144253	      3.29327098	      0.67904960	      0.48967215	     -0.06753792	    112.18795440	    -17.05287797	     -0.37645566	    107.05384722	     22.65894841	    -23.09241691	      0.00000000	    114.47360121	     -9.95565751	      5.70988270	    107.04003663	     25.48449064	    -10.27765540	      0.00000000	    -30.65836811	      3.59545231	     -4.34032704	    143.40504148	     -2.08160551	     57.02517448	     15.20978543	     51.40116756	    136.90781904	     -3.44682882	     36.06767957	     21.62644273	     33.59038366
     12.50000000	    -27.79175778	     -2.66673041	      3.41862749	      0.67942028	      0.49321770	     -0.06759540	    111.85615522	    -16.95427799	     -0.38659677	    106.67113088	     22.21580525	    -23.45168091	      0.00000000	    114.03408518	     -9.78591002	      5.61308895	    106.59451921	     25.21226382	    -10.60317974	      0.00000000	    -30.47542033	      3.62404917	     -4.24146523	    143.33709887	     -2.03830331	     57.11834514	     15.16412043	     51.33490202	    136.73509434	     -3.44149919	     36.39022113	     21.40676400	     33.79354638
     12.51666670	    -27.89961824	     -2.59630446	      3.26933509	      0.68002844	      0.49779702	     -0.06718765	    111.40000164	    -16.58406565	     -0.48342842	    106.03581136	     21.87583876	    -23.71959429	      0.00000000	    113.55744075	     -9.89619419	      5.55482762	    106.04280776	     25.03354466	    -10.95489250	      0.00000000	    -30.17107650	      3.41694663	     -4.14827081	    143.25650216	     -1.85261238	     57.21455154	     15.24544776	     51.28844224	    136.72032252	     -3.40964962	     36.58608847	     21.23694347	     33.93923265
     12.53333330	    -27.89798084	     -2.50672261	      3.28455445	      0.67870374	      0.50315616	     -0.06711969	    110.80042821	    -16.39355815	     -0.52192320	    105.25639148	     21.48690502	    -23.90970238	      0.00000000	    112.91073314	     -9.80725383	      5.34303864	    105.27802617	     24.81350846	    -11.12827901	      0.00000000	    -29.99616660	      3.28570876	     -4.02236623	    143.34562519	     -1.86173033	     57.27618859	     15.23241516	     51.24199445	    136.64668410	     -3.31910752	     36.75236669	     21.06407264	     34.06347334
     12.55000000	    -27.86504823	     -2.40633898	      3.25016503	      0.68319012	      0.51056771	     -0.06741354	    109.96072802	    -16.22831670	     -0.63987346	    104.41138932	     21.25643729	    -24.09366896	      0.00000000	    111.89401204	     -9.82724509	      5.13705085	    104.48974931	     24.80228821	    -11.34940932	      0.00000000	    -29.65130056	      3.20169338	     -3.91693363	    142.94774284	     -1.82399107	     57.37384516	     15.26162563	     51.23142734	    136.25797852	     -3.37054292	     36.83947035	     20.89939528	     34.13157529
     12.56666670	    -27.88061702	     -2.14712593	      3.17400559	      0.68163899	      0.51769429	     -0.06781922	    108.95728091	    -15.94481648	     -0.61275859	    103.27065017	     20.95179586	    -24.23674355	      0.00000000	    110.83641675	     -9.84453764	      4.69885675	    103.45032038	     24.70273551	    -11.63419251	      0.00000000	    -29.28480795	      2.96588689	     -3.69572437	    142.63008040	     -1.87016192	     57.46334746	     15.29631584	     51.21995090	    135.80008806	     -3.38496644	     36.89367578	     20.76415193	     34.19604831
     12.58333330	    -27.87232066	     -1.88835033	      3.16797123	      0.67695677	      0.52516555	     -0.06748170	    108.03216340	    -15.66869793	     -0.52552924	    101.90314474	     20.53494982	    -24.46263376	      0.00000000	    109.72337671	     -9.64995673	      4.29353816	    102.11924555	     24.61686874	    -11.92508232	      0.00000000	    -29.02243425	      2.70084048	     -3.49827790	    142.41904146	     -2.15854455	     57.54757190	     15.37894660	     51.20863882	    135.43253332	     -3.26028992	     36.88748614	     20.70347389	     34.25695431
     12.60000000	    -27.89161897	     -1.64415849	      3.17182209	      0.68146865	      0.53350386	     -0.06780895	    107.07843855	    -15.46681185	     -0.49675872	    100.77479562	     20.20543883	    -24.77621323	      0.00000000	    108.55765109	     -9.53218239	      3.89918476	    100.88984282	     24.47056420	    -12.16984339	      0.00000000	    -28.60619084	      2.53137873	     -3.29711563	    142.11716663	     -2.41249127	     57.67116041	     15.62812908	     51.21804724	    135.04706231	     -3.26223156	     36.82146900	     20.63800537	     34.30538757
     12.61666670	    -27.88228088	     -1.29619940	      3.14371731	      0.68163370	      0.54233065	     -0.06623280	    106.00967619	    -15.12148972	     -0.43894244	     99.38360945	     19.46506642	    -25.64896007	      0.00000000	    107.13345601	     -9.52822061	      3.37965084	     99.40873196	     24.38215361	    -12.69574587	      0.00000000	    -28.33374718	      1.93276739	     -3.08248025	    141.96512603	     -3.23601099	     57.93842955	     16.38099989	     51.25419441	    134.74606637	     -2.94311478	     36.49183729	     21.08775811	     34.45773407
     12.63333330	    -27.90515999	     -1.06441618	      3.28757911	      0.68727441	      0.55123686	     -0.06544744	    104.83972436	    -15.03595969	     -0.44782333	     98.23677250	     19.41318021	    -25.70011131	      0.00000000	    105.73978778	     -9.50030272	      2.91810271	     98.08589123	     24.26490472	    -12.73961206	      0.00000000	    -27.67833499	      1.80059188	     -2.55697701	    141.52228775	     -3.58973303	     58.02880254	     16.41410792	     51.26747446	    133.77509590	     -2.87557212	     36.44458132	     21.09923705	     34.50257178
     12.65000000	    -27.92964907	     -0.81738805	      3.43240798	      0.68516960	      0.55910823	     -0.06558917	    103.68562302	    -14.94539728	     -0.44159977	     96.88758120	     19.33511444	    -25.72438056	      0.00000000	    104.37715272	     -9.40921562	      2.40068839	     96.71696965	     24.35384878	    -12.90234283	      0.00000000	    -27.08019438	      1.50746543	     -1.99704432	    141.17186482	     -4.16269316	     58.10485720	     16.38846786	     51.28141682	    132.91444902	     -2.54596355	     36.39463057	     21.36111639	     34.55379472
     12.66666670	    -28.29530505	     -0.65396997	      3.50384727	      0.68835149	      0.56845759	     -0.06554426	    102.70611342	    -14.85108868	     -0.49528324	     95.59477956	     19.36284890	    -25.62946297	      0.00000000	    103.21456430	     -9.35095141	      1.94314200	     95.23654267	     24.08595719	    -13.53816065	      0.00000000	    -26.13230836	      1.32891043	     -1.46172634	    140.55847348	     -5.50292328	     58.76384850	     18.54021233	     51.57639679	    131.30540656	     -2.69840592	     33.68010028	     24.08183265	     34.99875786
     12.68333330	    -28.24665601	     -0.49005471	      3.75176249	      0.69433263	      0.57932163	     -0.06478933	    101.28685904	    -14.94880274	     -0.61230466	     94.33784666	     19.24395132	    -25.68100063	      0.00000000	    101.60737834	     -9.32986118	      1.37097405	     93.75625955	     24.04702548	    -13.45649135	      0.00000000	    -25.45557571	      1.30072644	     -1.23437594	    139.84455495	     -5.63111817	     58.78511177	     18.39580713	     51.58635760	    130.30532780	     -2.54907442	     33.57159483	     24.09773990	     35.07732087
     12.70000000	    -28.42425394	     -0.46678165	      3.84088737	      0.69589179	      0.58989653	     -0.06496288	    100.01404161	    -14.88291069	     -0.90464167	     92.80057627	     18.51315966	    -26.41993406	      0.00000000	    100.16041358	     -9.33621263	      0.83754607	     92.00800268	     23.97413034	    -13.76729711	      0.00000000	    -24.34101239	      1.51173863	     -1.06850072	    138.24950390	     -6.01000730	     56.93718348	     20.16419138	     51.67490547	    127.59067202	     -3.25869923	     29.61548640	     27.62775814	     36.57867730
     12.71666670	    -28.13493082	     -0.14440085	      3.91980072	      0.69314847	      0.59787037	     -0.06537398	     98.68693941	    -14.86443150	     -0.85818939	     91.37056852	     18.35366819	    -26.17210567	      0.00000000	     98.41800868	     -9.28449052	      0.06934393	     90.36299187	     23.83901643	    -13.98433050	      0.00000000	    -24.04051936	      1.26602185	     -1.70082586	    137.35894049	     -5.87423072	     56.79235579	     20.13689689	     51.77550411	    127.19308850	     -3.56842695	     29.24878149	     27.42117379	     36.88714181
     12.73333330	    -28.08247078	      0.16190168	      3.86126295	      0.68947182	      0.60741099	     -0.06468251	     97.63470370	    -14.64656234	     -0.79916752	     89.70411576	     17.77953110	    -26.09845365	      0.00000000	     96.93988533	     -9.25248599	     -0.53620922	     88.52008595	     23.63044525	    -14.00081776	      0.00000000	    -23.94374738	      1.05811393	     -1.96430048	    137.40574370	     -5.83326438	     56.41465489	     20.27187594	     51.86339640	    127.57158936	     -3.81299516	     29.14986530	     27.22187596	     37.29377971
     12.75000000	    -28.04434357	      0.31628526	      3.83423574	      0.69583146	      0.61783401	     -0.06461662	     96.39827435	    -14.50831398	     -0.95388819	     88.14587367	     17.29528799	    -25.94060465	      0.00000000	     95.47941520	     -9.29126891	     -1.02278769	     86.74256222	     23.25871488	    -13.92800379	      0.00000000	    -23.44278344	      1.10159328	     -2.01594944	    136.86574905	     -5.80152657	     56.37704699	     20.39229779	     51.91381956	    127.12311900	     -4.14051046	     29.24133027	     27.04632673	     37.43109701
     12.76666670	    -27.94212580	      0.50039681	      3.83452579	      0.69801384	      0.62610666	     -0.06461785	     95.07747271	    -14.43473222	     -1.09276888	     86.65159890	     16.86272321	    -25.91545230	      0.00000000	     94.02743846	     -9.32313532	     -1.57460708	     85.19683129	     22.99363770	    -13.99953405	      0.00000000	    -22.95936763	      0.99689592	     -2.08193616	    136.32644028	     -5.86407295	     56.33671604	     20.46819746	     51.95811240	    126.53934943	     -4.39763433	     29.37390016	     26.98351952	     37.55966028
     12.78333330	    -27.70037085	      0.88027539	      3.65976442	      0.69750934	      0.63734822	     -0.06368556	     93.47877795	    -14.07863508	     -0.93682282	     84.87868549	     16.22627296	    -26.31202437	      0.00000000	     92.29758186	     -9.36026502	     -2.20910686	     83.33009558	     22.14897301	    -14.86926738	      0.00000000	    -22.77438857	      0.46019473	     -2.32793777	    135.66893587	     -6.08348801	     55.96772889	     20.99813923	     52.10208383	    126.06228863	     -4.83907503	     29.78853893	     27.62542619	     38.04760938
     12.80000000	    -27.59207883	      1.01219942	      3.54283446	      0.69850377	      0.64733603	     -0.06430646	     92.12946498	    -13.89128209	     -1.05608567	     83.23868048	     15.67519100	    -26.03625798	      0.00000000	     90.74131178	     -9.25073764	     -2.54139732	     81.41741924	     21.91073745	    -14.64005919	      0.00000000	    -22.19784146	      0.42963786	     -2.28736994	    134.82165993	     -6.19003996	     55.90399141	     21.15093153	     52.17080375	    125.15011657	     -5.16167989	     29.99857323	     27.59323712	     38.21083566
     12.81666670	    -27.33219262	      1.31464169	      3.31905640	      0.70144950	      0.65865184	     -0.06429219	     90.52267056	    -13.63296895	     -1.02743298	     81.49987519	     15.25162329	    -26.10283677	      0.00000000	     88.80095397	     -9.31186302	     -3.15117501	     79.55135040	     21.55491659	    -15.04450970	      0.00000000	    -21.77806159	      0.11464934	     -2.64320983	    133.57470421	     -6.19398373	     55.44646696	     21.81363403	     52.35040276	    124.27577973	     -5.89312997	     30.58743358	     28.29317500	     38.70895184
     12.83333330	    -27.21935178	      1.62599612	      3.16226360	      0.70209310	      0.66832263	     -0.06408965	     89.06351665	    -13.52590456	     -1.08468689	     79.66755702	     14.21593045	    -26.22520060	      0.00000000	     87.08618575	     -9.10338512	     -3.60116169	     77.59397612	     20.39662944	    -16.01135375	      0.00000000	    -21.30994698	     -0.16950521	     -2.91526148	    132.43725407	     -6.25322930	     53.80141854	     22.81518969	     52.72135588	    123.73656968	     -6.48701946	     31.92974933	     28.74209146	     39.72684890
     12.85000000	    -27.14091182	      1.76118539	      2.91378570	      0.70680078	      0.67774002	     -0.06469720	     87.55842897	    -13.27328692	     -1.17841334	     77.92518419	     14.00625198	    -25.89792594	      0.00000000	     85.52906944	     -9.04572781	     -3.90081351	     75.94187554	     20.21575933	    -15.85982670	      0.00000000	    -20.63850753	     -0.29298497	     -2.63203629	    131.43942786	     -6.34423629	     53.75024754	     22.78595110	     52.80192357	    122.65162204	     -6.60693876	     32.16155946	     28.53316244	     39.83142636
     12.86666670	    -26.82718081	      2.00261625	      2.71789391	      0.71340249	      0.68815120	     -0.06659134	     85.73575252	    -13.21695079	     -1.29532982	     76.13049181	     14.10435754	    -25.47408079	      0.00000000	     83.56266114	     -8.96835245	     -4.44380219	     74.27074133	     19.93877844	    -16.24091296	      0.00000000	    -19.80382765	     -0.63523567	     -2.19505037	    129.64964350	     -6.98005416	     53.39902066	     23.20939641	     53.04390329	    120.54880428	     -6.50737407	     32.43638036	     29.36104096	     40.13865701
     12.88333330	    -26.58059933	      2.30798499	      2.57299612	      0.71388830	      0.69803661	     -0.06610087	     84.11314171	    -13.23583450	     -1.31246151	     74.37269787	     13.74004357	    -25.02626681	      0.00000000	     81.65757715	     -8.63642549	     -4.84320359	     72.42544978	     19.19854287	    -16.71722340	      0.00000000	    -19.20503959	     -0.86399869	     -1.75722554	    128.25977633	     -7.77574803	     52.06001478	     24.84195442	     53.71138379	    118.51084897	     -6.65493571	     31.69161269	     31.02926943	     40.78035543
     12.90000000	    -26.34355728	      2.43640401	      2.31332764	      0.71199008	      0.70298897	     -0.06506855	     82.88296456	    -13.11602324	     -1.53276918	     72.97780299	     13.34106676	    -24.72723386	      0.00000000	     80.30588595	     -8.59788611	     -5.03679016	     70.94162462	     18.99078370	    -16.69153350	      0.00000000	    -18.56190791	     -1.02769808	     -1.52664297	    127.33448278	     -7.59318133	     52.08916826	     24.79379663	     53.80264505	    117.46942846	     -6.68112674	     31.72036166	     30.71399666	     40.84227879
     12.91666670	    -25.95004887	      2.53784724	      2.16755833	      0.72079781	      0.71470702	     -0.06419132	     80.99637150	    -12.90031676	     -1.64836426	     71.33437046	     13.06296844	    -24.58462047	      0.00000000	     78.41706789	     -8.54448710	     -5.23321659	     69.19481917	     18.42512121	    -16.68093732	      0.00000000	    -17.75706844	     -1.15830395	     -1.39442534	    125.79730351	     -7.74397029	     52.15767786	     24.74348427	     53.92597901	    115.70776367	     -6.82058238	     31.84791664	     30.51407216	     40.93758123
     12.93333330	    -25.61035445	      2.64321897	      2.11394294	      0.72056788	      0.72230445	     -0.06446253	     79.46247842	    -12.82144612	     -1.82968644	     69.81358482	     12.75817142	    -24.57126726	      0.00000000	     76.80410537	     -8.35053815	     -5.41375248	     67.62576704	     18.08431046	    -16.70412858	      0.00000000	    -17.09123161	     -1.30515983	     -1.37095693	    124.55467868	     -7.85931891	     52.16857272	     24.76808934	     54.04033380	    114.49065640	     -6.96655215	     31.96095860	     30.45779442	     41.03926741
     12.95000000	    -25.19751728	      2.70689238	      2.03835732	      0.72615716	      0.73274493	     -0.06419488	     77.61293187	    -12.71261268	     -2.09042048	     68.05802524	     12.43019034	    -24.54763205	      0.00000000	     74.94853195	     -8.26570810	     -5.71044092	     65.82370288	     17.60333478	    -16.61636055	      0.00000000	    -16.40945020	     -1.40922035	     -1.41580365	    123.04994481	     -7.97320456	     52.25097517	     24.78017190	     54.13323386	    113.04212382	     -7.22956242	     32.13719812	     30.26476155	     41.11876926
     12.96666670	    -24.77243918	      2.80891132	      1.80563256	      0.72092844	      0.73737107	     -0.06301543	     76.22849676	    -12.42471102	     -2.19881324	     66.49326559	     12.13469924	    -24.69417979	      0.00000000	     73.61157777	     -8.22401909	     -5.82418328	     64.52280299	     17.35815004	    -16.62615329	      0.00000000	    -15.90146234	     -1.68225273	     -1.50403247	    121.89104685	     -7.95407124	     52.27004723	     24.93591154	     54.22635723	    112.16650002	     -7.49320979	     32.32292723	     30.17399484	     41.21754629
     12.98333330	    -24.40069728	      2.96771272	      1.65050740	      0.72876661	      0.74596305	     -0.06386894	     74.57253947	    -12.25276350	     -2.22847613	     64.82313929	     11.81072977	    -24.79132711	      0.00000000	     71.98141296	     -8.15564987	     -6.16274331	     62.88182246	     16.76667830	    -16.65044616	      0.00000000	    -15.16236244	     -1.89477693	     -1.28999113	    120.57729565	     -8.08335041	     52.33326811	     25.02500520	     54.31624819	    110.71603539	     -7.68342875	     32.63838603	     30.07795552	     41.32292751
     13.00000000	    -24.00373612	      3.16244499	      1.43748821	      0.73045399	      0.75457020	     -0.06273790	     72.87928783	    -11.88803573	     -2.01094166	     63.04605746	     10.68547564	    -26.12388524	      0.00000000	     70.19101885	     -8.09238263	     -6.53896539	     60.99483336	     15.68392750	    -17.59790270	      0.00000000	    -14.43477807	     -2.41580970	     -1.48923281	    118.56138292	     -8.55626447	     51.76016333	     26.46782016	     54.72691973	    109.42419532	     -8.17674644	     33.53090931	     30.94827645	     41.86010968
     13.01666670	    -23.66047740	      3.13169527	      1.51953708	      0.73495119	      0.76349236	     -0.06286169	     71.06453142	    -11.84444402	     -2.17997307	     61.32309590	     10.34078382	    -26.00832603	      0.00000000	     68.44765942	     -7.87553944	     -6.71053877	     59.10738666	     15.17395631	    -17.20365933	      0.00000000	    -13.51443175	     -2.34813876	     -1.33689004	    116.86048753	     -8.78290079	     51.86577498	     26.37060935	     54.81990901	    107.65043978	     -8.15194635	     33.86923694	     30.65653560	     41.93930794
     13.03333330	    -23.30552391	      3.12993020	      1.54043395	      0.74160226	      0.77253830	     -0.06305627	     68.98517762	    -11.75581528	     -2.42106610	     59.37193811	     10.11060645	    -26.13924983	      0.00000000	     66.38381268	     -7.67959093	     -6.93228503	     56.84265429	     14.63051213	    -16.86021668	      0.00000000	    -12.46209688	     -2.42862960	     -1.28247281	    114.70210576	     -9.11965448	     52.04401933	     26.37463792	     54.92218021	    105.52790520	     -8.14960986	     34.22026366	     30.52172041	     42.02142532
     13.05000000	    -23.18962950	      3.25132472	      1.49754224	      0.74168397	      0.78094106	     -0.06350568	     67.52431010	    -11.60583379	     -2.40603355	     57.33303879	      8.52152688	    -27.63025851	      0.00000000	     64.86123975	     -7.39193575	     -7.18464030	     54.76140545	     13.85505415	    -17.03674713	      0.00000000	    -11.47846042	     -2.77170293	     -1.06428253	    112.31905893	    -10.47929918	     50.95568550	     28.79738354	     55.47020128	    103.19842454	     -8.42056390	     34.35754630	     32.37397379	     42.51282372
     13.06666670	    -22.93337749	      3.23622150	      1.48350073	      0.74477919	      0.78785723	     -0.06386019	     65.95269451	    -11.52803292	     -2.65041632	     55.51788267	      8.10074268	    -27.45605133	      0.00000000	     63.21547401	     -7.09805411	     -7.19266001	     52.70201339	     13.51395573	    -16.72487878	      0.00000000	    -10.60805543	     -2.69132955	     -0.94083699	    110.64250912	    -10.68516475	     51.06976398	     28.74686893	     55.56479032	    101.37365681	     -8.51615711	     34.54181714	     32.03012584	     42.56338919
     13.08333330	    -22.63446466	      3.21576279	      1.51758797	      0.74684961	      0.79659770	     -0.06370045	     64.23560563	    -11.39818603	     -2.79976131	     53.57596137	      7.48542740	    -27.38381045	      0.00000000	     61.52210302	     -6.85236354	     -7.31452845	     50.67831482	     12.88327678	    -16.41702757	      0.00000000	     -9.68075041	     -2.64782630	     -0.78536602	    108.74127867	    -11.10772166	     51.19168603	     28.69074043	     55.66220021	     99.34836416	     -8.56121171	     34.78618680	     31.86494066	     42.62775807
     13.10000000	    -22.37146884	      3.30613403	      1.06492677	      0.75076382	      0.80524181	     -0.06303062	     62.60732515	    -10.84718422	     -2.59324124	     51.40721137	      5.71388780	    -28.62875825	      0.00000000	     59.68814948	     -6.86676315	     -7.51274102	     48.53513427	     11.26849543	    -17.05302246	      0.00000000	     -8.83669102	     -2.95040528	     -0.27313601	    106.43267076	    -12.07245237	     50.50126287	     29.78800649	     56.02394206	     97.21699018	     -8.84792236	     34.94415765	     33.03495778	     42.94063667
     13.11666670	    -22.09615595	      3.31737189	      1.04086422	      0.75261721	      0.81357348	     -0.06276353	     60.97203203	    -10.69796521	     -2.73663809	     49.43275127	      5.18568214	    -28.51340454	      0.00000000	     57.97545671	     -6.62729678	     -7.69112208	     46.37835323	     10.67128409	    -16.79280936	      0.00000000	     -7.95517199	     -2.82365365	     -0.13862563	    104.48990274	    -12.46470056	     50.60464374	     29.70741332	     56.11346878	     94.95255445	     -9.04855308	     35.24695475	     32.80953415	     43.00815398
     13.13333330	    -21.95538793	      3.31628439	      0.91308600	      0.75894342	      0.82202485	     -0.06247676	     59.19073393	    -10.36590777	     -2.80017367	     46.95457535	      3.43512763	    -29.86912848	      0.00000000	     56.20085986	     -6.44849390	     -7.74008890	     43.96012286	      9.10019029	    -17.37772252	      0.00000000	     -7.01760157	     -2.86822538	     -0.15756020	    101.50710396	    -13.40193965	     48.57532634	     32.03902569	     56.56319275	     91.83733604	    -10.06921399	     35.08618427	     35.42109916	     43.52800691
     13.15000000	    -21.68308864	      3.20761142	      0.80739647	      0.76123561	      0.82919282	     -0.06202771	     57.30594107	    -10.08023300	     -3.12656461	     44.76138821	      2.97480217	    -29.50343920	      0.00000000	     54.49709237	     -6.40240970	     -7.80820195	     41.88863585	      8.47932311	    -16.89220191	      0.00000000	     -6.11418195	     -2.91625022	     -0.22862796	     99.11932388	    -13.67580091	     48.68462004	     31.81843378	     56.65235892	     89.50005697	    -10.26337308	     35.29622854	     35.12914038	     43.58622793
     13.16666670	    -21.47142297	      3.10835027	      0.73732179	      0.76459814	      0.83799661	     -0.06285165	     55.48969763	     -9.82112159	     -3.33835265	     42.33075985	      1.60842251	    -30.03250577	      0.00000000	     52.64771708	     -6.25016300	     -7.97660224	     39.45635151	      7.48247913	    -16.64298063	      0.00000000	     -5.30179117	     -2.84085256	     -0.35967678	     95.57711008	    -13.83757014	     43.84744956	     34.13305110	     57.64794761	     85.88976649	    -10.94979405	     32.60190003	     38.03090579	     44.52558282
     13.18333330	    -21.05122893	      2.93522385	      0.67854035	      0.76994893	      0.84427721	     -0.06348624	     53.45274530	     -9.53789552	     -3.60382717	     40.20655555	      1.27163692	    -29.67853884	      0.00000000	     50.77131517	     -6.12945931	     -8.01975162	     37.35561757	      6.95069119	    -16.34154750	      0.00000000	     -4.43468494	     -2.66795991	     -0.22083334	     93.22805037	    -14.18432965	     44.09418605	     33.76335849	     57.77345894	     83.28042618	    -10.85211988	     32.99191599	     37.82933934	     44.62707813
     13.20000000	    -20.32559089	      2.74220255	      0.62756087	      0.77353725	      0.85481435	     -0.06332644	     50.99185661	     -9.24356469	     -4.03168350	     37.84111740	     -0.27889705	    -29.96684210	      0.00000000	     48.48044556	     -5.98155390	     -7.95559443	     34.99587690	      5.48647622	    -16.50379906	      0.00000000	     -4.29265277	     -2.42251816	     -0.02128567	     90.87773483	    -14.35864435	     41.67199794	     34.16940600	     59.36582683	     80.29834227	    -10.91275110	     31.08312694	     39.31417434	     45.95957601
     13.21666670	    -19.88940648	      2.63040324	      0.69358726	      0.77971882	      0.85640370	     -0.06306864	     49.10411861	     -9.09404455	     -4.33674126	     35.97613451	     -0.51683016	    -29.75158694	      0.00000000	     46.72561570	     -5.78109123	     -7.84772894	     33.16180488	      5.13813413	    -16.21979203	      0.00000000	     -3.31640726	     -2.31626535	      0.20582057	     88.68337601	    -14.60265486	     41.97712057	     33.59751018	     59.45406965	     77.82176630	    -10.69301353	     31.51829571	     38.97775223	     46.04043733
     13.23333330	    -19.13881511	      2.35041905	      0.68954652	      0.77866751	      0.86551679	     -0.06395884	     46.79245161	     -8.78168700	     -4.86847730	     33.63442005	     -1.40185680	    -29.15774996	      0.00000000	     44.64605262	     -5.70739476	     -7.77072298	     31.00512376	      4.10025647	    -15.91583618	      0.00000000	     -3.17595213	     -1.93674544	      0.37729276	     87.03644444	    -14.73213944	     41.78152794	     32.91240982	     59.66630410	     75.87345378	    -10.42209510	     31.62740407	     38.62210516	     46.29199892
     13.25000000	    -18.40774303	      2.10980034	      0.81569120	      0.78427093	      0.87239444	     -0.06390049	     44.36987083	     -8.49765294	     -5.33875981	     31.20445120	     -1.61342093	    -28.58900675	      0.00000000	     42.52316865	     -5.60361767	     -7.67940256	     28.82162873	      3.40147503	    -15.95047527	      0.00000000	     -2.85853915	     -1.63216083	      0.38260974	     85.10055709	    -14.75320906	     41.53607948	     32.37946639	     59.86519177	     73.55824916	    -10.16387697	     31.66652620	     38.19343033	     46.57795947
     13.26666670	    -18.05058002	      2.05269125	      0.82164480	      0.78697694	      0.87538323	     -0.06408984	     42.69462692	     -8.29278124	     -5.49458648	     29.17897670	     -1.69906645	    -28.35136933	      0.00000000	     41.05999443	     -5.45355075	     -7.65351583	     27.19784084	      3.25748220	    -15.86253601	      0.00000000	     -1.97479249	     -1.51042062	      0.42261629	     83.04111820	    -14.81393245	     41.75349248	     32.01078468	     59.92112005	     71.23000846	    -10.06045929	     31.97823621	     37.79200784	     46.65422937
     13.28333330	    -17.06110198	      1.90933130	      0.92638625	      0.79239252	      0.88307252	     -0.06350610	     40.06527861	     -8.15783440	     -6.26447362	     26.88197315	     -1.38029737	    -26.55440462	      0.00000000	     38.69590152	     -5.32014020	     -7.58131243	     25.22430677	      2.37447493	    -15.47708611	      0.00000000	     -2.05954906	     -1.24453047	      0.41328422	     80.63646534	    -14.63819614	     39.29884894	     32.31993597	     60.52120388	     68.45840884	     -9.79573054	     30.11816166	     38.16367318	     48.07669645
     13.30000000	    -16.63441238	      1.72523450	      0.93940430	      0.79771729	      0.88767636	     -0.06245529	     37.99908578	     -7.82698220	     -6.84825560	     24.54613988	     -1.87536578	    -26.14884685	      0.00000000	     36.93319023	     -5.36998870	     -7.55197460	     23.33905626	      1.80895415	    -14.90532886	      0.00000000	     -1.22843011	     -0.99389456	      0.57065864	     78.37453340	    -14.82180044	     39.47396602	     32.04734203	     60.64163523	     65.88281941	     -9.76175317	     30.38983813	     37.90908179	     48.27273674
     13.31666670	    -15.55571911	      1.49606700	      0.96543899	      0.80371586	      0.89295082	     -0.06313710	     35.13078576	     -7.50669096	     -7.71150312	     22.23945470	     -1.92015684	    -25.10682830	      0.00000000	     34.27853208	     -5.41292604	     -7.53113297	     21.11965563	      1.54981107	    -13.97582577	      0.00000000	     -1.30763956	     -0.62181537	      0.51915467	     76.11917290	    -14.99876389	     38.93013092	     32.61461121	     60.89629893	     63.09296799	     -9.88225408	     29.93283128	     38.26876850	     48.83473073
     13.33333330	    -15.19619161	      1.39569446	      0.92446612	      0.80482609	      0.89698286	     -0.06367122	     33.44414374	     -7.29448259	     -8.44816962	     20.23092381	     -1.42521044	    -23.49199315	      0.00000000	     32.69173814	     -5.38273195	     -7.74759086	     19.37517255	      1.01986284	    -13.32558617	      0.00000000	     -0.65198603	     -0.41470916	      0.55585569	     73.16153378	    -15.11312348	     36.39477215	     34.10057527	     61.88099635	     59.68122422	     -9.70833191	     27.48117644	     39.55951288	     50.97061492
     13.35000000	    -14.34121178	      1.24325234	      1.07549419	      0.80722877	      0.90210331	     -0.06416191	     31.13819971	     -7.08069012	     -9.27038268	     18.07999078	     -2.19059922	    -22.92028679	      0.00000000	     30.61267589	     -5.30856377	     -7.90143336	     17.38225400	      0.33455508	    -12.90831690	      0.00000000	     -0.61591224	     -0.11284695	      0.31530541	     71.20299842	    -15.08697047	     36.40376973	     34.11979516	     62.15671662	     57.43140798	     -9.74078289	     27.56414551	     39.15722668	     51.41963489
     13.36666670	    -13.77918504	      1.25650059	      1.07650665	      0.81273614	      0.90705413	     -0.06363265	     29.11107962	     -6.92907349	     -9.97069148	     15.92856760	     -2.99153270	    -22.11156173	      0.00000000	     28.75350697	     -5.14098938	     -8.18265267	     15.44857756	     -0.44945560	    -12.15819640	      0.00000000	     -0.05217960	     -0.05997752	      0.29162947	     68.81398294	    -15.09435762	     36.55273109	     33.99895424	     62.28815086	     54.90306572	     -9.80610916	     27.68399271	     38.87556263	     51.62939043
     13.38333330	    -12.32344372	      1.18688346	      0.89314385	      0.81714946	      0.91283710	     -0.06483729	     26.21044583	     -6.70314345	    -10.95054612	     13.90046741	     -2.84646142	    -20.54835483	      0.00000000	     25.80323383	     -5.10922058	     -8.78673116	     13.31083914	     -0.14704331	    -10.58869646	      0.00000000	     -0.75902050	      0.22927005	      0.19721187	     66.57796926	    -15.04294067	     35.83163442	     34.81087270	     62.57271746	     52.24415681	     -9.97295987	     26.77765567	     39.33962395	     52.18062060
     13.40000000	    -11.44697324	      1.04008015	      0.87513193	      0.82008031	      0.91414532	     -0.06456929	     24.22981789	     -6.43880607	    -11.86030176	     12.26434279	     -2.66952051	    -18.98061845	      0.00000000	     23.71548093	     -5.14245468	     -9.46357352	     11.49325673	      0.17806433	     -9.11123813	      0.00000000	     -0.82689868	      0.51047550	      0.03076209	     64.19161579	    -14.97587685	     34.50823741	     35.62760932	     63.00791645	     49.65420206	     -9.83102851	     25.08469386	     39.82949384	     52.98498598
     13.41666670	    -10.79491428	      0.89877228	      0.92641480	      0.82076150	      0.91607160	     -0.06501928	     22.62563768	     -6.20512712	    -12.74178213	     10.79973467	     -3.03943710	    -18.16345760	      0.00000000	     22.08754696	     -5.13092471	     -9.95833385	      9.92747610	      0.23197339	     -8.15414463	      0.00000000	     -0.80863125	      0.81810965	     -0.25900973	     62.15145268	    -14.80550850	     33.49168185	     36.14619410	     63.49626319	     47.60634741	     -9.80111060	     23.80365295	     39.75755010	     53.76594451
     13.43333330	    -10.02495740	      0.84867566	      0.90411093	      0.82410140	      0.91729477	     -0.06529004	     20.94122400	     -6.03022622	    -13.30071340	      9.52745617	     -2.84069013	    -16.91786880	      0.00000000	     20.44015727	     -5.08147691	    -10.49423401	      8.55504707	      0.33085816	     -7.11722686	      0.00000000	     -0.83872989	      0.93062884	     -0.48676639	     59.94469563	    -14.71606680	     32.32855654	     36.94441218	     64.17575496	     45.43289991	     -9.86924449	     22.39812602	     40.04760488	     54.79927119
     13.45000000	     -9.44862352	      0.80150187	      0.89663000	      0.82853322	      0.91661981	     -0.06568499	     19.48186546	     -5.86409610	    -13.95053847	      8.41811425	     -2.62190013	    -15.80105551	      0.00000000	     19.08311801	     -5.05360914	    -11.07242087	      7.49005037	      0.35326785	     -6.30508069	      0.00000000	     -0.64055056	      1.05657764	     -0.63585145	     57.68145995	    -14.64575930	     30.95399024	     37.82065682	     65.17878901	     43.11112139	     -9.81173016	     20.74487308	     40.57498004	     56.24723670
     13.46666670	     -9.13728365	      0.78177898	      0.94319717	      0.83328491	      0.91938533	     -0.06513646	     18.18148940	     -5.67991568	    -14.33117932	      7.14683668	     -3.03025461	    -15.45279601	      0.00000000	     18.01447716	     -4.99288398	    -11.37853356	      6.49632826	     -0.15298599	     -6.00780211	      0.00000000	      0.05540015	      1.09280845	     -0.78352480	     55.59545470	    -14.61509082	     31.05182642	     37.67578028	     65.35030448	     41.05734256	     -9.93022846	     20.75193681	     40.14940545	     56.46832918
     13.48333330	     -8.25789300	      0.66647168	      1.19325618	      0.84022583	      0.92155829	     -0.06546971	     16.11572704	     -5.46005301	    -15.53217665	      5.78391191	     -3.23615455	    -14.49207987	      0.00000000	     16.24506602	     -5.00326056	    -12.00762856	      5.41795621	     -0.31030416	     -4.88700593	      0.00000000	      0.01475258	      1.33112091	     -1.25863349	     53.28572934	    -14.45670210	     30.50573307	     38.41157357	     65.74364832	     38.96997832	     -9.95481986	     20.22359543	     40.07161783	     57.05112290
     13.50000000	     -7.81332670	      0.59678370	      1.40919021	      0.84650726	      0.91990864	     -0.06475733	     14.52486787	     -5.21467965	    -16.35079575	      4.66942282	     -2.48931217	    -13.01316217	      0.00000000	     14.87201173	     -5.00546083	    -12.38798923	      4.41687289	     -0.16361683	     -3.79041680	      0.00000000	      0.50539014	      1.19793399	     -1.35113457	     49.43180754	    -14.47120878	     25.75843246	     41.04292571	     69.16444422	     36.35137417	     -9.43300550	     17.06264032	     40.70943350	     61.91139983
     13.51666670	     -7.06881604	      0.68990568	      1.48912160	      0.84634283	      0.92069597	     -0.06556434	     12.90424242	     -5.16038056	    -16.77800139	      3.69476942	     -2.31642907	    -12.38323444	      0.00000000	     13.26801917	     -4.82457462	    -13.22949102	      3.42748160	     -0.18175039	     -2.98414831	      0.00000000	      0.58607870	      1.04282827	     -1.45796058	     47.52523361	    -14.53907481	     26.02812842	     40.86554174	     69.71152789	     34.71329635	     -9.44168349	     17.36591876	     40.29582385	     62.55720999
     13.53333330	     -6.79121948	      0.68079065	      1.51393698	      0.85026549	      0.92030292	     -0.06471630	     11.86958742	     -4.98342153	    -16.90100472	      2.83511978	     -2.04699055	    -12.40614600	      0.00000000	     12.32640057	     -4.77076308	    -13.32699175	      2.63968370	      0.06893641	     -2.89344948	      0.00000000	      1.24497333	      0.99828616	     -1.58028216	     45.50231471	    -14.42366906	     26.30563900	     40.61734746	     69.81135786	     32.97090841	     -9.51168143	     17.52738356	     39.83925304	     62.66078910
     13.55000000	     -5.87926995	      0.69185857	      1.69505928	      0.85299208	      0.92281763	     -0.06435322	      9.98668454	     -4.82408841	    -17.69431788	      1.72027902	     -1.55776358	    -10.76256687	      0.00000000	     10.65554202	     -4.67914383	    -14.12162739	      1.71112717	      0.58897613	     -0.78249007	      0.00000000	      0.92165935	      0.96840344	     -1.61301969	     43.40677242	    -14.47110441	     25.61866206	     41.36028090	     70.63337301	     31.53591493	     -9.45245949	     17.46248154	     39.32233364	     63.74912729
     13.56666670	     -5.68235381	      0.78811342	      1.62668719	      0.85532645	      0.92562961	     -0.06369130	      9.05495542	     -4.72087349	    -17.81548770	      0.72387249	     -1.62968216	    -10.40229419	      0.00000000	      9.84352070	     -4.53646477	    -14.39370338	      0.96212886	      0.31094583	     -0.54277095	      0.00000000	      1.43197825	      0.80025063	     -1.58297128	     41.40900651	    -14.26934555	     25.73626418	     41.11424193	     70.81798957	     29.82437834	     -9.52943641	     17.58549489	     38.74510924	     63.96824373
     13.58333330	     -5.39247470	      0.79027933	      1.55429288	      0.85544592	      0.92453660	     -0.06438523	      8.26167348	     -4.59399338	    -17.90843589	      0.00000000	     -1.52513009	    -10.09655238	      0.00000000	      9.08370118	     -4.47167480	    -14.70909866	      0.35419844	      0.32984022	     -0.31810616	      0.00000000	      1.64835963	      0.77247428	     -1.59351027	     39.75278956	    -14.14092310	     25.82338007	     40.85658575	     70.95837008	     28.36528342	     -9.52786660	     17.67712803	     38.23580866	     64.13058567
     13.60000000	     -4.82468397	      0.88610249	      1.19842336	      0.85666238	      0.92921166	     -0.06255097	      7.59385090	     -4.63293781	    -18.78266713	      0.00000000	     -0.36419008	     -7.74460067	      0.00000000	      8.11146561	     -4.43236341	    -16.10439367	      0.00000000	      0.69639277	      1.78009651	      0.00000000	      1.41559094	      0.60983393	     -1.19802324	     37.91517514	    -13.86439841	     24.90021636	     40.52776616	     71.79142237	     27.23680649	     -9.25912167	     17.43162341	     37.22291762	     65.15371764
     13.61666670	     -4.58167672	      0.87188624	      1.10661691	      0.85573691	      0.92738998	     -0.06181483	      7.33811548	     -4.57030209	    -18.88687715	      0.00000000	     -0.37679292	     -7.72232745	      0.00000000	      7.81077548	     -4.49522360	    -16.20233475	      0.00000000	      0.69420083	      1.76084660	      0.00000000	      1.32291788	      0.56045966	     -1.16298532	     36.67356194	    -13.68691553	     25.06799624	     40.27738118	     71.85405943	     26.13239852	     -9.23988220	     17.53923238	     36.88175120	     65.21330159
     13.63333330	     -4.33411735	      0.84895403	      1.03589765	      0.85582606	      0.92660626	     -0.06303129	      7.07072568	     -4.53407192	    -19.02069186	      0.00000000	     -0.35464447	     -7.64189345	      0.00000000	      7.51516752	     -4.54110265	    -16.38581877	      0.00000000	      0.71375342	      1.80023645	      0.00000000	      1.28512573	      0.57264981	     -1.11555238	     35.40184337	    -13.57016602	     25.21628411	     39.98386320	     71.91670712	     25.01605604	     -9.22790027	     17.63880323	     36.55355647	     65.27275129
     13.65000000	     -4.43607381	      0.92797539	      0.96372221	      0.85538627	      0.92868720	     -0.06350522	      7.17686848	     -4.64481135	    -20.04869183	      0.00000000	      0.30044565	     -5.56842735	      0.00000000	      7.59669419	     -4.46170529	    -17.61461888	      0.00000000	      1.09413730	      3.72287145	      0.00000000	      1.70291284	      0.43263503	     -0.83436077	     33.73830864	    -13.54111976	     24.62302443	     39.29902959	     72.60198285	     24.09673731	     -8.95160985	     17.60525119	     35.95843635	     66.01144176
     13.66666670	     -4.15145667	      0.90802579	      0.88384275	      0.85553313	      0.92636970	     -0.06299793	      6.90027815	     -4.61360549	    -20.18872254	      0.00000000	      0.39121110	     -5.59189396	      0.00000000	      7.28527428	     -4.49966744	    -17.77030825	      0.00000000	      1.12515443	      3.66264314	      0.00000000	      1.49255690	      0.44378322	     -0.86736808	     32.53212981	    -13.35247036	     24.77650898	     39.06291306	     72.67601264	     23.13656028	     -8.92545520	     17.69907272	     35.64133506	     66.07413306
     13.68333330	     -3.71756431	      0.97424313	      0.86911988	      0.85663988	      0.92878546	     -0.06388563	      6.37562639	     -4.71666553	    -21.30083609	      0.00000000	      1.10178611	     -3.66582694	      0.00000000	      6.78301019	     -4.42014843	    -18.60895628	      0.00000000	      1.49032763	      5.10293377	      0.00000000	      1.12627438	      0.35093147	     -0.73246000	     31.03245798	    -13.18898201	     23.96711510	     38.86906075	     73.83990226	     22.42108692	     -8.60963347	     17.75461809	     34.62255564	     67.16847756
     13.70000000	     -3.50668398	      1.00111223	      0.81878201	      0.85483339	      0.92781583	     -0.06260525	      6.18761849	     -4.74163086	    -21.40813677	      0.00000000	      1.06336319	     -3.68724082	      0.00000000	      6.62788102	     -4.39155668	    -18.75141523	      0.00000000	      1.49976057	      5.01849122	      0.00000000	      0.89968809	      0.34662948	     -0.72276431	     29.91650965	    -13.10704200	     24.09589141	     38.60470601	     73.91150250	     21.45841514	     -8.62869125	     17.85410587	     34.32297055	     67.22529251
     13.71666670	     -3.26208635	      1.00208249	      0.80795889	      0.85677997	      0.92534048	     -0.06312572	      5.88466424	     -4.75391974	    -21.49367024	      0.00000000	      1.04592980	     -3.64791725	      0.00000000	      6.37538586	     -4.39095335	    -18.86889255	      0.00000000	      1.51646340	      5.02612406	      0.00000000	      0.80061803	      0.34468774	     -0.78176514	     28.63851257	    -13.05325905	     24.23327075	     38.30422719	     73.98922590	     20.39727931	     -8.59650751	     17.98796422	     34.03081128	     67.28828884
     13.73333330	     -3.13256875	      0.96626755	      0.79055335	      0.85597955	      0.92533846	     -0.06197999	      5.69588743	     -4.70735108	    -22.30662918	      0.00000000	      1.74858158	     -1.86723947	      0.00000000	      6.25471701	     -4.46704305	    -19.81744311	      0.00000000	      1.95223600	      6.49892651	      0.00000000	      0.83227515	      0.33107197	     -0.62274399	     26.98485163	    -12.94669836	     23.45773695	     38.13060891	     75.58402382	     19.70853364	     -8.65910364	     19.04887730	     33.64096854	     68.66187545
     13.75000000	     -2.87595568	      0.95679986	      0.82494769	      0.85625135	      0.92500046	     -0.06377152	      5.43064878	     -4.73465203	    -22.31216041	      0.00000000	      1.80160343	     -1.93045170	      0.00000000	      6.02348751	     -4.46902362	    -19.83162944	      0.00000000	      1.98014629	      6.45025782	      0.00000000	      0.70026664	      0.32929278	     -0.65932507	     25.81234865	    -12.94830208	     23.58824194	     37.81971146	     75.65383378	     18.74793013	     -8.71773761	     19.15753544	     33.38096035	     68.70812252
     13.76666670	     -2.66186683	      0.97432690	      0.82199658	      0.85439058	      0.92728341	     -0.06344211	      5.23898434	     -4.77511687	    -22.34654832	      0.00000000	      1.81720639	     -1.93140005	      0.00000000	      5.83146800	     -4.44088138	    -19.95539925	      0.00000000	      1.96905940	      6.39311402	      0.00000000	      0.54519852	      0.30359355	     -0.75558082	     24.55151558	    -12.85647376	     23.74656210	     37.48921505	     75.73342456	     17.90646740	     -8.76523429	     19.28021318	     33.16504458	     68.76194004
     13.78333330	     -2.44819993	      1.02877414	      0.81613230	      0.85446237	      0.92841382	     -0.06302491	      5.02232420	     -4.84712159	    -22.43703185	      0.00000000	      1.81341595	     -1.89057201	      0.00000000	      5.63857976	     -4.39195003	    -20.11498473	      0.00000000	      1.85147308	      6.38421660	      0.00000000	      0.37017464	      0.23862771	     -0.83030663	     23.18327202	    -12.73628717	     23.91889065	     37.10539170	     75.82530920	     16.96869916	     -8.79732756	     19.43566152	     32.94597262	     68.82713521
     13.80000000	     -2.22420350	      1.06863754	      0.82620872	      0.85510572	      0.92732188	     -0.06305061	      4.79316284	     -4.90047907	    -22.54082154	      0.00000000	      1.80864062	     -1.82478649	      0.00000000	      5.40286124	     -4.35688600	    -20.31514573	      0.00000000	      1.69048576	      6.36911127	      0.00000000	      0.21709325	      0.15073580	     -0.90709692	     21.75447817	    -12.63865628	     24.09083646	     36.68516419	     75.90677726	     15.90448390	     -8.80568352	     19.60514176	     32.70848193	     68.88694587
     13.81666670	     -2.18940548	      1.17144097	      0.89451832	      0.85599038	      0.92736610	     -0.06269815	      4.75650126	     -5.01652794	    -23.50107180	      0.00000000	      2.53606518	     -0.14818151	      0.00000000	      5.37432058	     -4.26201496	    -20.94078745	      0.00000000	      1.66434992	      7.07044332	      0.00000000	      0.38355080	     -0.03868732	     -0.92264048	     20.10734698	    -12.32084102	     23.48250573	     35.65218836	     77.32065503	     14.85361788	     -9.18567596	     20.96600544	     32.57995288	     69.99930300
     13.83333330	     -1.94745894	      1.17544329	      0.96315908	      0.85650711	      0.92702811	     -0.06388699	      4.46833747	     -5.04796291	    -23.44475050	      0.00000000	      2.53641436	     -0.16244710	      0.00000000	      5.12627389	     -4.24460695	    -21.01823108	      0.00000000	      1.55727314	      7.03546698	      0.00000000	      0.17124076	     -0.05298592	     -1.10928637	     18.65425233	    -12.20390273	     23.65255108	     35.26992276	     77.39107263	     13.82725239	     -9.06898755	     21.09884987	     32.28261718	     70.03736305
     13.85000000	     -1.69328699	      1.20215036	      1.06126640	      0.86118486	      0.93020784	     -0.06422533	      4.04443973	     -5.09777843	    -23.46563292	      0.00000000	      2.49601166	     -0.15730396	      0.00000000	      4.78273886	     -4.20929526	    -21.10246612	      0.00000000	      1.42628965	      7.06358020	      0.00000000	      0.09590928	     -0.09931662	     -1.29911709	     17.05740948	    -12.06384373	     23.81779813	     34.82488314	     77.45965979	     12.70951511	     -9.01868901	     21.22384996	     31.92126706	     70.07452833
     13.86666670	     -1.48036093	      1.23957244	      1.13901457	      0.86074418	      0.93281952	     -0.06379978	      3.69706455	     -5.15945863	    -23.56876810	      0.00000000	      2.46204084	     -0.13111049	      0.00000000	      4.47601061	     -4.15142753	    -21.25555687	      0.00000000	      1.33548708	      7.11039033	      0.00000000	      0.01325485	     -0.14115467	     -1.46282951	     15.56225122	    -11.87769518	     23.94643194	     34.34011604	     77.52572834	     11.72960479	     -8.97829396	     21.32759070	     31.54055732	     70.11200130
     13.88333330	     -1.29451866	      1.26752062	      1.15775707	      0.85619767	      0.93489176	     -0.06200641	      3.52849006	     -5.16455660	    -23.60190484	      0.00000000	      2.47959961	     -0.03481480	      0.00000000	      4.31698758	     -4.13137675	    -21.32362649	      0.00000000	      1.26097080	      7.23589496	      0.00000000	     -0.20971762	     -0.19647267	     -1.56899305	     14.30868628	    -11.62936338	     24.04081424	     33.85497824	     77.58024255	     10.96468686	     -8.98326832	     21.39818187	     31.15456848	     70.14365304
     13.90000000	     -1.05522150	      1.34301585	      1.20082504	      0.85737653	      0.93242694	     -0.06157639	      3.29208398	     -5.21158516	    -24.20677096	      0.00000000	      2.91400490	      1.08462128	      0.00000000	      4.06553078	     -4.08191875	    -21.94328002	      0.00000000	      1.42908802	      8.64247955	      0.00000000	     -0.25071188	     -0.34348743	     -1.46252526	     13.42351617	    -10.77693762	     23.13120986	     31.43998375	     77.99546119	     10.82679135	     -8.66364382	     21.49852387	     29.24950561	     70.46702032
     13.91666670	     -0.87754613	      1.32658975	      1.16590036	      0.85671861	      0.93100808	     -0.06052261	      3.12241539	     -5.13203991	    -24.21136304	      0.00000000	      2.90269104	      1.08211236	      0.00000000	      3.86661223	     -4.14277424	    -22.03950064	      0.00000000	      1.38574968	      8.59611508	      0.00000000	     -0.45182634	     -0.37331827	     -1.60373913	     12.31527701	    -10.53426948	     23.24111796	     31.12839797	     78.04328352	     10.22831824	     -8.76499137	     21.54471030	     28.98860120	     70.48990019
     13.93333330	     -0.68348567	      1.30878738	      1.15707912	      0.85701611	      0.93043377	     -0.05982803	      2.94929188	     -5.05528318	    -24.18125382	      0.00000000	      2.98381522	      1.09454443	      0.00000000	      3.67838619	     -4.21520544	    -22.05884182	      0.00000000	      1.34660209	      8.62227104	      0.00000000	     -0.63766081	     -0.38197261	     -1.70434486	     11.29531483	    -10.30247563	     23.32458449	     30.76780594	     78.08325497	      9.72987773	     -8.85372879	     21.56865841	     28.72601996	     70.50645500
     13.95000000	     -0.39610085	      1.36470384	      1.21989572	      0.85666486	      0.92841617	     -0.05922940	      2.64624545	     -5.05850823	    -24.29866608	      0.00000000	      3.54954393	      1.17890710	      0.00000000	      3.40096872	     -4.20710533	    -22.07531241	      0.00000000	      1.42186482	      8.89207950	      0.00000000	     -0.93530023	     -0.56745263	     -1.60286968	     10.49248682	     -9.93939014	     23.10145110	     29.75581697	     78.20891413	      9.62072992	     -8.79374589	     21.51932441	     28.08733292	     70.56691021
     13.96666670	     -0.24770292	      1.32316034	      1.16849639	      0.85672164	      0.92748666	     -0.05907998	      2.48823687	     -4.97106375	    -24.22082859	      0.00000000	      3.54449878	      1.25199635	      0.00000000	      3.24161281	     -4.31598456	    -22.08217636	      0.00000000	      1.45248858	      8.90501667	      0.00000000	     -1.03502562	     -0.51685622	     -1.67899043	      9.70222994	     -9.72112344	     23.15009971	     29.44745122	     78.23863602	      9.27397522	     -8.93240330	     21.50694837	     27.84856717	     70.57278617
     13.98333330	     -0.10345822	      1.34364230	      1.13221726	      0.85629439	      0.93359614	     -0.05926157	      2.33110774	     -4.97564225	    -24.17189843	      0.00000000	      3.62094602	      1.31862688	      0.00000000	      3.09817815	     -4.33502704	    -22.05104082	      0.00000000	      1.41815202	      8.96119132	      0.00000000	     -1.16992794	     -0.54617669	     -1.70218586	      8.97821907	     -9.51920355	     23.17891298	     29.06132582	     78.26509577	      8.95925109	     -8.98212438	     21.48205521	     27.58568987	     70.57195006
     14.00000000	      0.24937578	      1.37021346	      1.08023705	      0.85792820	      0.93170157	     -0.05845034	      1.94358652	     -4.97721677	    -24.27507800	      0.00000000	      3.98431094	      1.83628494	      0.00000000	      2.66839375	     -4.35515449	    -22.12423199	      0.00000000	      1.55048116	      9.21973533	      0.00000000	     -1.48692410	     -0.60714039	     -1.44299670	      8.60532555	     -9.04110148	     22.67815766	     27.40067274	     78.38493421	      9.17321857	     -8.74077782	     21.09836633	     26.46879755	     70.53263769
     14.01666670	      0.33160563	      1.37655986	      1.07925761	      0.85743223	      0.92921568	     -0.05803112	      1.82963467	     -4.96362259	    -24.26765649	      0.00000000	      4.06948306	      1.80384194	      0.00000000	      2.54390036	     -4.37797376	    -22.08545568	      0.00000000	      1.56593422	      9.21519077	      0.00000000	     -1.54618125	     -0.62854939	     -1.51161047	      8.01732818	     -8.95510999	     22.71320518	     27.22681732	     78.40141277	      8.84387690	     -8.83519943	     21.08426852	     26.32828062	     70.52883153
     14.03333330	      0.38598990	      1.39191915	      1.04456454	      0.85701161	      0.92985637	     -0.05786662	      1.74074459	     -4.96565054	    -24.22630911	      0.00000000	      4.16035402	      1.78903431	      0.00000000	      2.44988436	     -4.38847761	    -21.99323772	      0.00000000	      1.59796179	      9.22802415	      0.00000000	     -1.63701268	     -0.64085647	     -1.54682122	      7.53441270	     -8.90859691	     22.73938952	     27.06402770	     78.41108120	      8.60245568	     -8.94261585	     21.05376969	     26.21682478	     70.51999192
     14.05000000	      0.48078180	      1.40746283	      1.05503034	      0.85843990	      0.92935696	     -0.05748073	      1.59294107	     -4.96452957	    -24.16292181	      0.00000000	      4.29098331	      1.76552445	      0.00000000	      2.29687049	     -4.39751684	    -21.89320884	      0.00000000	      1.65335070	      9.21879302	      0.00000000	     -1.65818886	     -0.70071162	     -1.55608884	      7.04904474	     -8.88576699	     22.75439749	     26.88964299	     78.41769052	      8.34668176	     -9.06321006	     21.00352258	     26.10506672	     70.50466571
     14.06666670	      0.61990337	      1.46394076	      1.03662157	      0.85938917	      0.93213433	     -0.05786073	      1.38539963	     -5.02004893	    -24.11330540	      0.00000000	      4.45327431	      1.74739948	      0.00000000	      2.07925839	     -4.35278434	    -21.74698157	      0.00000000	      1.75080393	      9.18748637	      0.00000000	     -1.61586134	     -0.82281363	     -1.53327385	      6.63839945	     -8.87547482	     22.71468163	     26.69693879	     78.41870763	      8.13594462	     -9.11076159	     20.88396709	     25.99183439	     70.46632237
     14.08333330	      0.62226305	      1.47704651	      0.95973427	      0.85910306	      0.93463637	     -0.05705706	      1.39311548	     -5.02362289	    -24.10822322	      0.00000000	      4.44686412	      1.76177761	      0.00000000	      2.03515506	     -4.35118233	    -21.69947790	      0.00000000	      1.75468305	      9.19006616	      0.00000000	     -1.73755396	     -0.85069069	     -1.52509541	      6.44148186	     -8.92857222	     22.70404430	     26.60597430	     78.41708537	      7.97044326	     -9.19674575	     20.84969176	     25.89999275	     70.45444475
     14.10000000	      0.64392333	      1.48013425	      0.96610286	      0.85687621	      0.93108774	     -0.05699765	      1.40087890	     -5.01524124	    -24.10866628	      0.00000000	      4.44479817	      1.76343986	      0.00000000	      2.01784684	     -4.34515533	    -21.69933480	      0.00000000	      1.75651521	      9.18792301	      0.00000000	     -1.73623282	     -0.85502884	     -1.52000072	      6.43032620	     -8.93697070	     22.70183621	     26.59960900	     78.41672963	      7.95438104	     -9.20805708	     20.84553058	     25.89063305	     70.45310586
     14.11666670	      0.71051595	      1.45180807	      0.88424569	      0.85709072	      0.92508115	     -0.05545545	      1.34714506	     -4.94324995	    -24.13820779	      0.00000000	      4.43843918	      1.74646654	      0.00000000	      1.91204159	     -4.41037336	    -21.66477939	      0.00000000	      1.82012492	      9.13343241	      0.00000000	     -1.78468697	     -1.00858036	     -1.43842139	      6.34564851	     -9.17515151	     22.64451242	     26.51157353	     78.40763681	      7.75360326	     -9.49735527	     20.76086978	     25.72833039	     70.42914551
     14.13333330	      0.73781915	      1.46618004	      0.87672276	      0.85541745	      0.92671496	     -0.05517316	      1.33730436	     -4.93787039	    -24.13894410	      0.00000000	      4.44002355	      1.74478230	      0.00000000	      1.93728547	     -4.42037498	    -21.66202690	      0.00000000	      1.82856328	      9.12770294	      0.00000000	     -1.78153895	     -1.01097380	     -1.43032748	      6.34925286	     -9.18888613	     22.63959105	     26.51029037	     78.40680437	      7.74429631	     -9.51333063	     20.75368143	     25.71827736	     70.42696725
     14.15000000	      0.77069733	      1.44077733	      0.83941470	      0.85503429	      0.93166910	     -0.05573636	      1.33818764	     -4.87813687	    -24.15120327	      0.00000000	      4.43111089	      1.72453664	      0.00000000	      1.95271614	     -4.47733684	    -21.59787269	      0.00000000	      1.88582711	      9.07745593	      0.00000000	     -1.85910832	     -1.12073345	     -1.30288144	      6.54370763	     -9.46837487	     22.55053416	     26.50970277	     78.39280408	      7.63905603	     -9.75543220	     20.66212981	     25.56802634	     70.39926974
     14.16666670	      0.83974501	      1.43126170	      0.74953444	      0.85471447	      0.92761817	     -0.05574071	      1.38360713	     -4.87306748	    -24.11792532	      0.00000000	      4.42490015	      1.70429395	      0.00000000	      1.96285699	     -4.46635679	    -21.53820283	      0.00000000	      1.99853657	      8.97001051	      0.00000000	     -1.95525687	     -1.10807244	     -1.29768459	      6.80983673	     -9.78106690	     22.43371765	     26.53504845	     78.37196546	      7.75096108	     -9.91691770	     20.53035454	     25.45802897	     70.35817039
     14.18333330	      1.47914953	      1.39992191	      0.75928076	      0.85616600	      0.92924809	     -0.05617512	      0.72857148	     -4.85301802	    -23.79631137	      0.00000000	      4.26448267	      1.16977863	      0.00000000	      1.35661671	     -4.47333623	    -20.90511914	      0.00000000	      1.82839501	      7.67847925	      0.00000000	     -2.83113671	     -1.02127401	     -1.42655549	      7.02691599	     -9.94868925	     21.47890820	     27.05644029	     78.10699900	      8.11515100	     -9.30770234	     18.44994104	     24.15440471	     69.54609379
     14.20000000	      1.48234702	      1.38873320	      0.75013042	      0.85353024	      0.93067438	     -0.05692460	      0.71875626	     -4.85594935	    -23.79454136	      0.00000000	      4.26174183	      1.17254655	      0.00000000	      1.37278251	     -4.47219967	    -20.90222371	      0.00000000	      1.82783995	      7.67915935	      0.00000000	     -2.82193976	     -1.02979179	     -1.41841511	      7.03676128	     -9.96266637	     21.47408613	     27.05771447	     78.10621759	      8.10403252	     -9.31514127	     18.44656011	     24.15000423	     69.54474079
     14.21666670	      1.42957254	      1.43911978	      0.58651340	      0.85356517	      0.93457209	     -0.05712629	      0.81101657	     -4.93722784	    -23.63038492	      0.00000000	      3.80867728	      1.43023220	      0.00000000	      1.42881348	     -4.37802308	    -20.95625349	      0.00000000	      1.47409680	      7.48330661	      0.00000000	     -2.82896697	     -1.09143007	     -1.38738846	      7.46247977	    -10.35306296	     21.18116176	     27.16940946	     78.03820365	      7.96917050	     -9.32167358	     18.13032080	     23.98009120	     69.40640489
     14.23333330	      1.41140273	      1.42710678	      0.57900517	      0.85593690	      0.93373501	     -0.05773940	      0.77901052	     -4.92935409	    -23.63342734	      0.00000000	      3.80433875	      1.42933073	      0.00000000	      1.43937105	     -4.35493947	    -20.95523384	      0.00000000	      1.47009668	      7.48130571	      0.00000000	     -2.83095460	     -1.09327345	     -1.38043973	      7.47654072	    -10.36697519	     21.17562128	     27.17047044	     78.03717348	      7.96562758	     -9.32967985	     18.12574550	     23.97550128	     69.40471197
     14.25000000	      1.45616151	      1.48797326	      0.54791974	      0.85438092	      0.93277662	     -0.05848886	      0.74271029	     -5.04471033	    -23.76893490	      0.00000000	      3.64920914	      1.41312458	      0.00000000	      1.39431747	     -4.21196807	    -20.97518630	      0.00000000	      1.38440803	      7.35975175	      0.00000000	     -2.81836084	     -1.07908823	     -1.34900958	      7.78843445	    -10.88734780	     20.98746989	     27.15559723	     77.99944171	      7.86275547	     -9.38943524	     18.00470206	     23.84641049	     69.35297416
     14.26666670	      1.45606347	      1.47491351	      0.55184428	      0.85551781	      0.93458513	     -0.05801607	      0.72831996	     -5.03951022	    -23.77049026	      0.00000000	      3.64194740	      1.41462162	      0.00000000	      1.41258442	     -4.18953755	    -20.97664398	      0.00000000	      1.38103286	      7.35497238	      0.00000000	     -2.82162857	     -1.08028316	     -1.34452470	      7.80309939	    -10.89659945	     20.98189882	     27.15778523	     77.99820587	      7.85966063	     -9.38820850	     18.00082437	     23.84199168	     69.35116369
     14.28333330	      1.51293616	      1.53220548	      0.56032031	      0.85410725	      0.93532122	     -0.05798675	      0.70290646	     -5.13445203	    -23.89653137	      0.00000000	      3.38346093	      1.46097124	      0.00000000	      1.42282393	     -4.07315298	    -21.04393725	      0.00000000	      1.25505506	      7.16892598	      0.00000000	     -2.91248226	     -1.09259546	     -1.34453673	      8.23545394	    -11.31244541	     20.76962672	     27.18753819	     77.95014611	      7.85862345	     -9.34758083	     17.86031685	     23.70489321	     69.28784100
     14.30000000	      1.56406172	      1.52348145	      0.64332364	      0.85342779	      0.92982358	     -0.05682077	      0.66398117	     -5.10571025	    -23.90392256	      0.00000000	      3.33781801	      1.47211260	      0.00000000	      1.44909787	     -4.06923619	    -21.07879772	      0.00000000	      1.22173828	      7.06525483	      0.00000000	     -2.96805605	     -1.08418734	     -1.31017016	      8.37995752	    -11.33263923	     20.70668339	     27.22020486	     77.93205383	      7.89899832	     -9.36491175	     17.78862803	     23.65562845	     69.25822602
     14.31666670	      2.22394073	      1.50844716	      0.66242146	      0.85282865	      0.93390109	     -0.05727257	      0.01399956	     -5.07046283	    -24.01124313	      0.00000000	      3.25978073	      1.39898506	      0.00000000	      0.83305698	     -4.06389823	    -20.17161172	      0.00000000	      0.46308308	      5.08704058	      0.00000000	     -4.02173567	     -1.01464566	     -1.45530734	      8.78405540	    -11.24696448	     19.14713410	     27.23135597	     77.38255900	      8.40815148	     -8.87630404	     15.65215242	     22.70551728	     68.30122853
     14.33333330	      2.21061974	      1.52010911	      0.71323830	      0.85320006	      0.93914068	     -0.05795990	      0.02080430	     -5.07882489	    -23.99874363	      0.00000000	      3.21656613	      1.43097289	      0.00000000	      0.88496293	     -4.05554950	    -20.18399937	      0.00000000	      0.41211261	      5.09778737	      0.00000000	     -3.98436621	     -0.99526520	     -1.39528789	      8.88757324	    -11.27128513	     19.11326952	     27.25874145	     77.37336690	      8.42426990	     -8.88635289	     15.61997145	     22.71881528	     68.28652988
     14.35000000	      2.22505145	      1.52641538	      0.71596815	      0.85282202	      0.93227001	     -0.05722604	      0.03528638	     -5.07063387	    -23.99826542	      0.00000000	      3.21402005	      1.43378605	      0.00000000	      0.87138821	     -4.05255866	    -20.18451135	      0.00000000	      0.40812405	      5.09793640	      0.00000000	     -3.98554233	     -0.99256447	     -1.39552936	      8.89819735	    -11.28136497	     19.10768308	     27.25884882	     77.37189952	      8.43339908	     -8.88489201	     15.61573607	     22.72312976	     68.28463995
     14.36666670	      2.18897158	      1.52492357	      0.73464355	      0.85321039	      0.93441326	     -0.05726166	      0.08168044	     -5.07102579	    -23.95116813	      0.00000000	      3.19329262	      1.47664570	      0.00000000	      0.92496544	     -4.04858700	    -20.18172443	      0.00000000	      0.33308366	      5.09570355	      0.00000000	     -3.97754379	     -0.96901310	     -1.35208719	      9.12981624	    -11.43014119	     19.01553880	     27.27387371	     77.34823113	      8.61307691	     -8.90273051	     15.54329102	     22.80135049	     68.25541980
     14.38333330	      2.16265947	      1.52182521	      0.73288339	      0.85541364	      0.93150002	     -0.05809862	      0.07533584	     -5.07683536	    -23.94916383	      0.00000000	      3.19309833	      1.47676140	      0.00000000	      0.90226492	     -4.05333394	    -20.18141530	      0.00000000	      0.33006316	      5.09397995	      0.00000000	     -3.98678486	     -0.96512865	     -1.34972232	      9.13292715	    -11.43032107	     19.01218135	     27.27234310	     77.34697608	      8.61893496	     -8.90262504	     15.53938625	     22.80463648	     68.25371472
     14.40000000	      2.13776204	      1.51987967	      0.73479233	      0.85505701	      0.93445322	     -0.05803363	      0.07463460	     -5.08261450	    -23.94917831	      0.00000000	      3.19380574	      1.47623069	      0.00000000	      0.88936715	     -4.05574268	    -20.18181273	      0.00000000	      0.32983928	      5.09301320	      0.00000000	     -3.98557226	     -0.96280755	     -1.34935347	      9.13358565	    -11.43085762	     19.01128610	     27.27201317	     77.34665883	      8.62084748	     -8.90243183	     15.53843373	     22.80595321	     68.25332260
     14.41666670	      2.14143986	      1.54735777	      0.71426191	      0.85490986	      0.93393631	     -0.05840097	      0.05500448	     -5.14971101	    -23.97340859	      0.00000000	      3.19628206	      1.45536374	      0.00000000	      0.81850434	     -3.99611771	    -20.21408573	      0.00000000	      0.32172403	      5.05345000	      0.00000000	     -3.93507924	     -0.80084180	     -1.32078026	      9.16030877	    -11.42186515	     18.97090202	     27.24669564	     77.33025891	      8.73763492	     -8.87180593	     15.49015217	     22.88493153	     68.23338198
     14.43333330	      2.10928792	      1.53977070	      0.71580447	      0.85602895	      0.93319463	     -0.05839510	      0.03670837	     -5.15409295	    -23.97679257	      0.00000000	      3.19475537	      1.45289839	      0.00000000	      0.80152157	     -3.99516785	    -20.21808112	      0.00000000	      0.32179041	      5.04909306	      0.00000000	     -3.93784962	     -0.79885655	     -1.31582477	      9.16541149	    -11.42010165	     18.96700616	     27.24435472	     77.32868236	      8.74521400	     -8.86657935	     15.48616831	     22.89149269	     68.23154348
     14.45000000	      2.13889501	      1.55178392	      0.71943231	      0.85597771	      0.93256993	     -0.05856803	     -0.03129667	     -5.19144054	    -24.07804511	      0.00000000	      3.17815239	      1.39053183	      0.00000000	      0.72971331	     -3.96074999	    -20.30604579	      0.00000000	      0.36511275	      4.96850770	      0.00000000	     -3.87232909	     -0.67884928	     -1.24489227	      9.17147808	    -11.32607082	     18.91708337	     27.19158588	     77.30297685	      8.89525397	     -8.77304165	     15.41725099	     23.02537936	     68.20078877
     14.46666670	      2.36690747	      1.50594582	      0.68256324	      0.85478341	      0.93545426	     -0.05880977	     -0.27834176	     -5.14517374	    -24.06290885	      0.00000000	      2.87289240	      1.01294456	      0.00000000	      0.47417930	     -4.00913587	    -20.29206625	      0.00000000	      0.45894602	      4.80378052	      0.00000000	     -4.35887264	     -0.68189768	     -1.09035584	      9.34210791	    -10.53049076	     15.64267725	     26.07508406	     75.83560320	      8.53829602	     -8.35446182	     12.00955807	     24.41308493	     66.54533943
     14.48333330	      2.37740172	      1.48766416	      0.68629047	      0.85240779	      0.93335830	     -0.05989274	     -0.25475766	     -5.16049750	    -24.06551176	      0.00000000	      2.87566881	      1.01181410	      0.00000000	      0.46015937	     -3.99846983	    -20.29651117	      0.00000000	      0.46072097	      4.80230528	      0.00000000	     -4.35716133	     -0.67429537	     -1.09046470	      9.33890808	    -10.52346191	     15.64449712	     26.07570696	     75.83560283	      8.54659362	     -8.35406676	     12.00830867	     24.41661945	     66.54471151
     14.50000000	      2.32596312	      1.53831280	      0.66213374	      0.85427108	      0.93498936	     -0.05932038	     -0.18565585	     -5.24025393	    -24.09080473	      0.00000000	      2.88575135	      1.00693630	      0.00000000	      0.49536510	     -3.92902063	    -20.32780995	      0.00000000	      0.46970600	      4.79410133	      0.00000000	     -4.38599043	     -0.51445386	     -1.11094369	      9.36151846	    -10.40196307	     15.66884113	     26.09752055	     75.83556698	      8.75592062	     -8.29440203	     11.99643250	     24.49932941	     66.53840828
     14.51666670	      2.27793809	      1.52911455	      0.67246415	      0.85487179	      0.93391619	     -0.05938305	     -0.13293779	     -5.22997845	    -24.11557668	      0.00000000	      2.89621521	      1.00789959	      0.00000000	      0.55092820	     -3.93643347	    -20.36241609	      0.00000000	      0.48565257	      4.79128184	      0.00000000	     -4.41508885	     -0.49374170	     -1.09717076	      9.41573685	    -10.25390520	     15.69683953	     26.12743526	     75.83411784	      8.94682323	     -8.19769669	     11.98442725	     24.58739990	     66.52795532
     14.53333330	      2.26278710	      1.52179302	      0.66096448	      0.85576349	      0.93195817	     -0.05999617	     -0.14819887	     -5.22912498	    -24.11802333	      0.00000000	      2.89755666	      1.00700260	      0.00000000	      0.55080997	     -3.92841076	    -20.36090256	      0.00000000	      0.48644454	      4.79293603	      0.00000000	     -4.41837622	     -0.48975842	     -1.09496286	      9.41484082	    -10.24558507	     15.69868952	     26.12729288	     75.83392466	      8.95538473	     -8.19595824	     11.98288425	     24.59142940	     66.52706827
     14.55000000	      2.25059427	      1.53772259	      0.58732129	      0.85614825	      0.92974183	     -0.06044365	     -0.15268697	     -5.25870510	    -24.14591934	      0.00000000	      2.93156989	      0.98808563	      0.00000000	      0.52298990	     -3.89875862	    -20.34345411	      0.00000000	      0.51223928	      4.80246332	      0.00000000	     -4.38654601	     -0.39853019	     -1.08958595	      9.37986639	    -10.13057042	     15.72410542	     26.12913611	     75.83302664	      9.05772744	     -8.14882350	     11.97170322	     24.64846555	     66.51968439
     14.56666670	      2.21268405	      1.51580371	      0.58373979	      0.85708336	      0.93089147	     -0.06227563	     -0.17857240	     -5.27123920	    -24.14559395	      0.00000000	      2.93448061	      0.98659207	      0.00000000	      0.51446004	     -3.89105724	    -20.34355635	      0.00000000	      0.51501574	      4.80191160	      0.00000000	     -4.38452593	     -0.39749743	     -1.08350260	      9.37989423	    -10.11730246	     15.72673619	     26.13060010	     75.83293460	      9.06369489	     -8.14477969	     11.97050447	     24.65301568	     66.51881968
     14.58333330	      2.22576263	      1.55417263	      0.60666968	      0.85553643	      0.93048464	     -0.06176507	     -0.21856813	     -5.35663854	    -24.14055778	      0.00000000	      2.98913111	      0.96811729	      0.00000000	      0.50042942	     -3.81676139	    -20.33723422	      0.00000000	      0.58488480	      4.78356088	      0.00000000	     -4.30953475	     -0.26874808	     -1.05931486	      9.34225394	     -9.95501353	     15.76342858	     26.14112724	     75.83196857	      9.18232272	     -8.02464671	     11.96327391	     24.73940459	     66.50960558
     14.60000000	      2.21207717	      1.55780536	      0.59478269	      0.85632155	      0.93462430	     -0.06117025	     -0.21690163	     -5.37187489	    -24.12961942	      0.00000000	      3.04010265	      0.95882585	      0.00000000	      0.50960518	     -3.80794762	    -20.28951049	      0.00000000	      0.65924624	      4.78610154	      0.00000000	     -4.29397806	     -0.32366650	     -1.02286654	      9.29790210	     -9.80822586	     15.80184025	     26.14141794	     75.82792628	      9.26493065	     -7.87211605	     11.95210888	     24.82451938	     66.49342623
     14.61666670	      2.19422562	      1.55118175	      0.59589195	      0.85805461	      0.93061468	     -0.06150727	     -0.23913081	     -5.38617203	    -24.12731068	      0.00000000	      3.04298116	      0.95807246	      0.00000000	      0.50563068	     -3.80763753	    -20.28773976	      0.00000000	      0.66579389	      4.78497912	      0.00000000	     -4.29769073	     -0.31917735	     -1.01570533	      9.29646644	     -9.79866888	     15.80448088	     26.14173879	     75.82758517	      9.27185170	     -7.87223518	     11.94941911	     24.82907016	     66.49200103
     14.63333330	      2.19181122	      1.59031089	      0.63363173	      0.85739048	      0.93051239	     -0.06154539	     -0.27389728	     -5.44895764	    -24.10257853	      0.00000000	      3.10738545	      0.94375588	      0.00000000	      0.50925401	     -3.75690873	    -20.27420492	      0.00000000	      0.77295495	      4.75967009	      0.00000000	     -4.23545534	     -0.25152329	     -0.95503333	      9.25677472	     -9.63513684	     15.84560430	     26.15999081	     75.82507708	      9.37012270	     -7.81620822	     11.92669756	     24.90428359	     66.47698598
     14.65000000	      2.17256705	      1.58889796	      0.62616781	      0.85832948	      0.93162356	     -0.06170396	     -0.28807120	     -5.45470876	    -24.10112411	      0.00000000	      3.11241604	      0.94240706	      0.00000000	      0.51083888	     -3.76357558	    -20.27092330	      0.00000000	      0.78019212	      4.75880006	      0.00000000	     -4.23413178	     -0.25945951	     -0.95330778	      9.25555748	     -9.62888543	     15.84755246	     26.16112424	     75.82470359	      9.37552217	     -7.81103038	     11.92528479	     24.90897535	     66.47577435
     14.66666670	      2.16624952	      1.58576330	      0.62553866	      0.85808495	      0.92958875	     -0.06169431	     -0.29404030	     -5.45735370	    -24.10073930	      0.00000000	      3.11394848	      0.94223882	      0.00000000	      0.50425639	     -3.76281215	    -20.27050349	      0.00000000	      0.78206145	      4.75864313	      0.00000000	     -4.23337924	     -0.26055694	     -0.95288588	      9.25469452	     -9.62583484	     15.84831397	     26.16158723	     75.82465492	      9.37699287	     -7.80945887	     11.92500978	     24.91021840	     66.47550341
     14.68333330	      2.14211892	      1.71744826	      0.64146360	      0.86361333	      0.92954517	     -0.06419717	     -0.36662114	     -5.65475227	    -23.96655397	      0.00000000	      3.57985657	      0.88138519	      0.00000000	      0.40927287	     -3.57970095	    -20.12016642	      0.00000000	      1.34712558	      4.72496849	      0.00000000	     -3.95530446	     -0.48682434	     -0.75109262	      8.90291284	     -9.45984051	     15.95987989	     26.22037883	     75.78627858	      9.28218744	     -7.68007869	     11.79091948	     25.09580995	     66.37225957
     14.70000000	      2.08530509	      1.70584495	      0.64176494	      0.86350367	      0.93213876	     -0.06364207	     -0.39920213	     -5.66747425	    -23.96407858	      0.00000000	      3.57712379	      0.88416982	      0.00000000	      0.38598490	     -3.57461984	    -20.11989580	      0.00000000	      1.34640424	      4.72671003	      0.00000000	     -3.94121601	     -0.48566953	     -0.75190604	      8.89951995	     -9.45450358	     15.96166961	     26.22475326	     75.78542638	      9.28200991	     -7.67024059	     11.78981125	     25.10056888	     66.37053151
     14.71666670	      2.10029076	      1.70177150	      0.64948637	      0.85713603	      0.93198926	     -0.06193759	     -0.39154006	     -5.66697463	    -23.96455583	      0.00000000	      3.57893965	      0.88598897	      0.00000000	      0.38114028	     -3.56044506	    -20.12183829	      0.00000000	      1.34950199	      4.72705398	      0.00000000	     -3.92167908	     -0.48210049	     -0.75218651	      8.89170755	     -9.45033468	     15.96325811	     26.22667952	     75.78503655	      9.27567995	     -7.66300941	     11.78977233	     25.10221724	     66.36967398
     14.73333330	      2.05622020	      1.69386828	      0.64645329	      0.86297248	      0.93312550	     -0.06391787	     -0.41567243	     -5.67201319	    -23.95890339	      0.00000000	      3.57517855	      0.88991680	      0.00000000	      0.37008117	     -3.55445607	    -20.12063096	      0.00000000	      1.34453428	      4.72953068	      0.00000000	     -3.91955699	     -0.48660954	     -0.74901108	      8.90360905	     -9.43559081	     15.96532274	     26.23575319	     75.78462507	      9.28977256	     -7.65904293	     11.78826607	     25.10855425	     66.36853704
     14.75000000	      2.06061318	      1.74226098	      0.70120010	      0.86280892	      0.93230203	     -0.06421892	     -0.51012886	     -5.75516352	    -23.91126444	      0.00000000	      3.53745383	      0.94792754	      0.00000000	      0.30282788	     -3.47834838	    -20.14062458	      0.00000000	      1.31688903	      4.74531614	      0.00000000	     -3.70265998	     -0.48726384	     -0.75167435	      8.89035139	     -9.30252126	     15.99148896	     26.31005782	     75.77958116	      9.31950323	     -7.56148102	     11.78271988	     25.16268709	     66.35636162
     14.76666670	      2.04572123	      1.72698067	      0.70144896	      0.86223553	      0.93221154	     -0.06445011	     -0.50281754	     -5.76518559	    -23.91065259	      0.00000000	      3.53707738	      0.95037726	      0.00000000	      0.28148240	     -3.46863567	    -20.14166953	      0.00000000	      1.31443654	      4.74643374	      0.00000000	     -3.69810874	     -0.49312290	     -0.75461174	      8.88466398	     -9.30083914	     15.99221306	     26.31182673	     75.77909016	      9.31733710	     -7.55916525	     11.78199570	     25.16353315	     66.35548220
     14.78333330	      1.95653026	      1.93394366	      0.70050876	      0.86162068	      0.93491835	     -0.06371100	     -0.43423912	     -6.01045647	    -23.84044576	      0.00000000	      3.45061976	      1.19278605	      0.00000000	      0.34312341	     -3.22407550	    -20.22621226	      0.00000000	      1.11551519	      4.84576506	      0.00000000	     -3.41407436	     -0.79852899	     -0.79992974	      8.69285268	     -9.17441953	     16.03078690	     26.52366021	     75.74120645	      9.20157686	     -7.54461475	     11.69552503	     25.20612672	     66.28638025
     14.80000000	      1.93779068	      1.92517679	      0.70359507	      0.86290130	      0.93233681	     -0.06393657	     -0.42623513	     -6.00446471	    -23.84240708	      0.00000000	      3.45226440	      1.19368018	      0.00000000	      0.31988244	     -3.21552044	    -20.22807868	      0.00000000	      1.11475029	      4.84660924	      0.00000000	     -3.41613172	     -0.79974719	     -0.80077635	      8.69411882	     -9.17613082	     16.03039321	     26.52697281	     75.74038976	      9.20647481	     -7.54925583	     11.69292641	     25.20784076	     66.28510110
     14.81666670	      1.92658106	      1.91842494	      0.70956643	      0.86325740	      0.93248176	     -0.06418978	     -0.41852219	     -5.99713888	    -23.84330842	      0.00000000	      3.45494591	      1.19491169	      0.00000000	      0.30806676	     -3.20751414	    -20.23091799	      0.00000000	      1.11647557	      4.84694320	      0.00000000	     -3.41140989	     -0.80185163	     -0.80114461	      8.69483900	     -9.17758944	     16.02990683	     26.53136234	     75.73952604	      9.21081455	     -7.55564233	     11.68984972	     25.20976799	     66.28372594
     14.83333330	      1.91005401	      1.89057074	      0.72911674	      0.86213328	      0.93038511	     -0.06406445	     -0.39369220	     -5.96327209	    -23.87643579	      0.00000000	      3.50180488	      1.19707998	      0.00000000	      0.35097955	     -3.23238766	    -20.26239088	      0.00000000	      1.18082853	      4.84900699	      0.00000000	     -3.31786716	     -0.82877175	     -0.80031086	      8.73270715	     -9.21789484	     16.01728147	     26.60696776	     75.72669752	      9.27680761	     -7.65787033	     11.64223296	     25.23891060	     66.26392965
     14.85000000	      1.88873577	      1.89094029	      0.73252264	      0.86299897	      0.93236512	     -0.06371901	     -0.39338150	     -5.95416821	    -23.87864968	      0.00000000	      3.50485590	      1.19766891	      0.00000000	      0.35208893	     -3.22946172	    -20.26470704	      0.00000000	      1.18657581	      4.85009632	      0.00000000	     -3.31763612	     -0.82949557	     -0.80094916	      8.73199807	     -9.21955518	     16.01660526	     26.61333930	     75.72542534	      9.27799007	     -7.66258812	     11.63847902	     25.24024706	     66.26202767
     14.86666670	      1.81592590	      1.83349490	      0.80498248	      0.86215306	      0.92927331	     -0.06379237	     -0.31768460	     -5.87438420	    -23.91445929	      0.00000000	      3.59450041	      1.18604735	      0.00000000	      0.46714594	     -3.30289150	    -20.30980185	      0.00000000	      1.35926159	      4.85373453	      0.00000000	     -3.29566875	     -0.87636673	     -0.79827110	      8.74410968	     -9.27310221	     15.99824010	     26.71790569	     75.70448877	      9.32628875	     -7.81906964	     11.56299112	     25.25917757	     66.23050780
     14.88333330	      1.84928130	      1.83812701	      0.79859171	      0.85877841	      0.93128376	     -0.06311580	     -0.29308309	     -5.86559266	    -23.91892913	      0.00000000	      3.59952570	      1.18458333	      0.00000000	      0.49134788	     -3.29493472	    -20.30950716	      0.00000000	      1.36585901	      4.85573506	      0.00000000	     -3.28971578	     -0.87299400	     -0.80185670	      8.73922945	     -9.27533673	     15.99776153	     26.72109405	     75.70358062	      9.32726704	     -7.82052889	     11.56062386	     25.26081359	     66.22930469
     14.90000000	      1.69643974	      1.80460003	      0.77337103	      0.85926478	      0.92907295	     -0.06429113	     -0.02216075	     -5.82547958	    -23.98537091	      0.00000000	      3.71333279	      1.14019759	      0.00000000	      0.73696151	     -3.32769770	    -20.31617776	      0.00000000	      1.53555938	      4.89234857	      0.00000000	     -3.44552378	     -0.85127447	     -0.82241137	      8.92002581	     -9.34847277	     15.96611839	     26.84949762	     75.68082644	      9.60347961	     -7.96993136	     11.47539391	     25.33579269	     66.19887374
     14.91666670	      1.72845182	      1.80701828	      0.78517761	      0.85777158	      0.92942043	     -0.06327261	      0.00007576	     -5.81399666	    -23.98626018	      0.00000000	      3.71577304	      1.13967240	      0.00000000	      0.76229743	     -3.32464485	    -20.31699330	      0.00000000	      1.54222342	      4.89486660	      0.00000000	     -3.44472291	     -0.85300757	     -0.82119039	      8.92263060	     -9.35289882	     15.96480478	     26.85422483	     75.67967940	      9.60363049	     -7.97197164	     11.47236044	     25.33658980	     66.19740335
     14.93333330	      1.55036423	      1.70995148	      0.83225008	      0.85859454	      0.92747933	     -0.06328924	      0.25804313	     -5.68397110	    -24.04992594	      0.00000000	      3.78774848	      1.06269404	      0.00000000	      1.04445561	     -3.44412850	    -20.28973569	      0.00000000	      1.74313957	      5.00500384	      0.00000000	     -3.57134489	     -0.82629853	     -0.83908720	      9.03913296	     -9.46014921	     15.92341394	     27.00266171	     75.64068918	      9.85099590	     -8.14598974	     11.34025905	     25.40960527	     66.14599999
     14.95000000	      1.58384850	      1.71155655	      0.83334651	      0.85594884	      0.92767973	     -0.06318161	      0.27080347	     -5.67627677	    -24.05174996	      0.00000000	      3.78980085	      1.06090365	      0.00000000	      1.08066049	     -3.44901499	    -20.29017170	      0.00000000	      1.74920610	      5.00829617	      0.00000000	     -3.57164365	     -0.82889796	     -0.83666019	      9.03935937	     -9.46494933	     15.92202453	     27.00590958	     75.63944076	      9.84715379	     -8.14919554	     11.33680903	     25.40867498	     66.14440018
     14.96666670	      1.56947080	      1.70537756	      0.83222247	      0.86006439	      0.93041839	     -0.06438209	      0.27657481	     -5.67580060	    -24.05016155	      0.00000000	      3.78982046	      1.05953770	      0.00000000	      1.10484487	     -3.46322099	    -20.28882367	      0.00000000	      1.75259469	      5.01167950	      0.00000000	     -3.59039317	     -0.83451302	     -0.83342846	      9.04920230	     -9.47084576	     15.91979766	     27.00975948	     75.63816977	      9.85450689	     -8.15923176	     11.33184761	     25.40857216	     66.14271024
     14.98333330	      1.43856329	      1.65128089	      0.88830215	      0.86002226	      0.93220645	     -0.06496112	      0.39570297	     -5.62528798	    -24.05807250	      0.00000000	      3.75659124	      1.05387007	      0.00000000	      1.25515659	     -3.52354339	    -20.29303882	      0.00000000	      1.78655611	      5.06476685	      0.00000000	     -3.77305730	     -0.84103888	     -0.83930186	      9.03108417	     -9.61956314	     15.88534780	     27.00333476	     75.61988396	      9.86819388	     -8.30293948	     11.26404365	     25.38105173	     66.11963323
     15.00000000	      1.42552563	      1.63239272	      0.88601256	      0.85932326	      0.93244067	     -0.06537774	      0.39938135	     -5.63972492	    -24.06002641	      0.00000000	      3.75273492	      1.05331704	      0.00000000	      1.24847310	     -3.52181431	    -20.29331188	      0.00000000	      1.78677250	      5.06865861	      0.00000000	     -3.77060989	     -0.83678949	     -0.84241872	      9.02880135	     -9.62405937	     15.88362920	     27.00418117	     75.61864647	      9.87417881	     -8.30843013	     11.25961260	     25.38222339	     66.11811760
     15.01666670	      1.39131648	      1.62422651	      0.89187120	      0.86106425	      0.93180649	     -0.06473479	      0.39709579	     -5.65052069	    -24.06113899	      0.00000000	      3.74500827	      1.05388180	      0.00000000	      1.22845635	     -3.51996793	    -20.29377319	      0.00000000	      1.78450399	      5.07277577	      0.00000000	     -3.77551088	     -0.82963023	     -0.84719612	      9.02571364	     -9.63413491	     15.88083102	     27.00280251	     75.61720452	      9.88147569	     -8.31604776	     11.25440168	     25.38271248	     66.11646205
     15.03333330	      1.33600658	      1.61661235	      0.95457703	      0.85872216	      0.92961549	     -0.06480207	      0.45397988	     -5.68020507	    -24.10135848	      0.00000000	      3.62236204	      1.05356117	      0.00000000	      1.28543906	     -3.50615029	    -20.33016184	      0.00000000	      1.78377153	      5.13097632	      0.00000000	     -3.80165699	     -0.74639382	     -0.89920375	      8.93629844	     -9.83580813	     15.82359316	     26.96433235	     75.58870234	      9.94414931	     -8.49778408	     11.14804717	     25.36669813	     66.08324402
     15.05000000	      1.33187047	      1.60740426	      0.96030387	      0.85920027	      0.92891463	     -0.06497564	      0.45847641	     -5.68770688	    -24.10261387	      0.00000000	      3.61845366	      1.05281007	      0.00000000	      1.28103750	     -3.51246738	    -20.33000581	      0.00000000	      1.78438437	      5.13380901	      0.00000000	     -3.80274056	     -0.74881580	     -0.89796813	      8.93828407	     -9.83868333	     15.82140475	     26.96546222	     75.58742170	      9.94535200	     -8.49954930	     11.14405153	     25.36642807	     66.08176431
     15.06666670	      1.29076652	      1.58467453	      1.04869321	      0.85909411	      0.92982794	     -0.06578970	      0.49906058	     -5.68104191	    -24.12316719	      0.00000000	      3.55686988	      1.04233867	      0.00000000	      1.33711547	     -3.53042835	    -20.32508519	      0.00000000	      1.81382217	      5.17394340	      0.00000000	     -3.82033191	     -0.73606267	     -0.87099401	      8.96571650	     -9.95773662	     15.77319696	     26.96346489	     75.56512872	      9.95942705	     -8.56860230	     11.06996961	     25.35570904	     66.05677082
     15.08333330	      1.28864616	      1.57733025	      1.05157265	      0.85980893	      0.92892988	     -0.06571660	      0.50870252	     -5.68672241	    -24.12619954	      0.00000000	      3.55380160	      1.04037110	      0.00000000	      1.32775207	     -3.52994445	    -20.32450324	      0.00000000	      1.81587717	      5.17627564	      0.00000000	     -3.82056771	     -0.73331465	     -0.87336290	      8.96322426	     -9.96373087	     15.77023384	     26.96219991	     75.56354064	      9.96327576	     -8.56999436	     11.06496885	     25.35646655	     66.05503722
     15.10000000	      1.29509120	      1.57845844	      1.05869399	      0.85847246	      0.93065205	     -0.06495199	      0.51782978	     -5.68380066	    -24.12930230	      0.00000000	      3.55130319	      1.03882952	      0.00000000	      1.33323375	     -3.52558298	    -20.32429494	      0.00000000	      1.81889979	      5.17814941	      0.00000000	     -3.81589036	     -0.72905476	     -0.87376505	      8.95829764	     -9.97336358	     15.76688162	     26.95956910	     75.56197333	      9.96319550	     -8.57503164	     11.05953208	     25.35591188	     66.05328558
     15.11666670	      1.29367172	      1.58202883	      1.07327999	      0.85953236	      0.92875641	     -0.06452721	      0.51925057	     -5.68189709	    -24.13138154	      0.00000000	      3.54808001	      1.03719915	      0.00000000	      1.32994721	     -3.53113931	    -20.32500872	      0.00000000	      1.82108302	      5.17923945	      0.00000000	     -3.81714265	     -0.72628436	     -0.87096082	      8.95596715	     -9.98467745	     15.76283790	     26.95661147	     75.56023357	      9.96471942	     -8.58630707	     11.05242652	     25.35461842	     66.05121575
     15.13333330	      1.29539893	      1.58442062	      1.07488950	      0.85958089	      0.92878496	     -0.06449861	      0.52006973	     -5.68068454	    -24.13162531	      0.00000000	      3.54790110	      1.03697334	      0.00000000	      1.33112081	     -3.53325445	    -20.32497938	      0.00000000	      1.82147959	      5.17935995	      0.00000000	     -3.81678718	     -0.72616402	     -0.87050993	      8.95523383	     -9.98648215	     15.76226230	     26.95607289	     75.55999821	      9.96462512	     -8.58840103	     11.05137698	     25.35433629	     66.05092588
     15.15000000	      1.28465175	      1.50188379	      1.19629041	      0.86060448	      0.92736599	     -0.06461597	      0.47820785	     -5.56164150	    -24.19333130	      0.00000000	      3.55919400	      0.96924522	      0.00000000	      1.33829564	     -3.66011545	    -20.27377524	      0.00000000	      1.90588764	      5.21289490	      0.00000000	     -3.70330907	     -0.72630474	     -0.82880598	      8.74794071	    -10.23457662	     15.66346742	     26.85705556	     75.51397520	      9.94821722	     -8.89635221	     10.85708835	     25.32440766	     65.99471618
     15.16666670	      1.27479070	      1.49564821	      1.28832149	      0.86068238	      0.92607364	     -0.06529533	      0.44679659	     -5.55638560	    -24.21161978	      0.00000000	      3.56974216	      0.94161702	      0.00000000	      1.35386435	     -3.66728844	    -20.25406889	      0.00000000	      1.95250179	      5.22019846	      0.00000000	     -3.65895106	     -0.70232490	     -0.77695234	      8.71708973	    -10.22810323	     15.63582960	     26.85821712	     75.49654847	      9.90588391	     -8.88319575	     10.80086558	     25.32595707	     65.97438287
     15.18333330	      1.25484971	      1.48947428	      1.28046313	      0.86152933	      0.93108405	     -0.06594712	      0.43533401	     -5.56759474	    -24.21382484	      0.00000000	      3.57137351	      0.93850817	      0.00000000	      1.36082753	     -3.67293063	    -20.24788995	      0.00000000	      1.95477682	      5.22295399	      0.00000000	     -3.65266191	     -0.70379583	     -0.77742113	      8.70714703	    -10.23299229	     15.63177814	     26.85570166	     75.49441658	      9.90126462	     -8.88464075	     10.79404105	     25.32593291	     65.97203403
     15.20000000	      1.27510410	      1.51615092	      1.34488384	      0.86119317	      0.92885679	     -0.06568742	      0.35855145	     -5.61861836	    -24.24775328	      0.00000000	      3.62310664	      0.89138534	      0.00000000	      1.29882911	     -3.62563607	    -20.14774208	      0.00000000	      2.01480100	      5.27123546	      0.00000000	     -3.47349207	     -0.68290730	     -0.73930012	      8.48523246	    -10.38127766	     15.54423099	     26.79180914	     75.45179930	      9.69639649	     -8.93780987	     10.65982240	     25.29436835	     65.92566338
     15.21666670	      1.25850611	      1.51309154	      1.34657388	      0.86222702	      0.92973348	     -0.06568523	      0.35537804	     -5.62293956	    -24.24841383	      0.00000000	      3.62488257	      0.89038891	      0.00000000	      1.29149992	     -3.62805975	    -20.14424293	      0.00000000	      2.01598407	      5.27342211	      0.00000000	     -3.46895037	     -0.68678471	     -0.73985668	      8.48259699	    -10.38039826	     15.54103072	     26.79246966	     75.45004307	      9.69644446	     -8.93428399	     10.65477878	     25.29663184	     65.92383525
     15.23333330	      1.28459338	      1.53387174	      1.35874010	      0.86323027	      0.92794588	     -0.06565084	      0.27225893	     -5.65332138	    -24.26730876	      0.00000000	      3.71066063	      0.86357533	      0.00000000	      1.20321548	     -3.60393034	    -20.06093313	      0.00000000	      2.05934899	      5.32842897	      0.00000000	     -3.18325160	     -0.73765428	     -0.74139699	      8.31963924	    -10.40303749	     15.46467619	     26.77795035	     75.40922005	      9.60437097	     -8.91667489	     10.53272146	     25.33503873	     65.88147164
     15.25000000	      0.84807397	      1.49136526	      1.47615624	      0.88803665	      0.93462704	     -0.05992938	      0.73735177	     -5.61641086	    -24.37584101	      0.00000000	      4.12963686	      0.93890369	      0.00000000	      1.65091449	     -3.60679865	    -20.45141002	      0.00000000	      2.59930926	      5.91359745	      0.00000000	     -2.55008095	     -0.72002742	     -0.91084158	      7.53990997	     -9.94903701	     12.80748897	     27.39156180	     74.05458880	      8.54559156	     -8.43085578	      6.72169771	     26.49508752	     64.58495215
