Coordinates
version=1
nRows=417
nColumns=34
inDegrees=yes

Units are S.I. units (second, meters, Newtons, ...)
If the header above contains a line with 'inDegrees', this indicates whether rotational values are in degrees (yes) or radians (no).

endheader
time	pelvis_tilt	pelvis_list	pelvis_rotation	pelvis_tx	pelvis_ty	pelvis_tz	hip_flexion_r	hip_adduction_r	hip_rotation_r	knee_angle_r	ankle_angle_r	subtalar_angle_r	mtp_angle_r	hip_flexion_l	hip_adduction_l	hip_rotation_l	knee_angle_l	ankle_angle_l	subtalar_angle_l	mtp_angle_l	lumbar_extension	lumbar_bending	lumbar_rotation	arm_flex_r	arm_add_r	arm_rot_r	elbow_flex_r	pro_sup_r	arm_flex_l	arm_add_l	arm_rot_l	elbow_flex_l	pro_sup_l
      0.00000000	      0.53190145	     -1.46769297	      2.09274649	      0.77620669	      0.91239651	     -0.01678937	     -0.56182686	     -2.29459007	     -7.86195860	      6.46532026	      2.81935451	    -12.43293930	      0.00000000	     -1.93346932	     -6.56444464	     -8.27761190	      3.32158604	     10.90546850	     -1.49684865	      0.00000000	     -1.89391248	      1.59576148	      1.37292731	     14.28474392	     -5.70572257	     58.81159145	     56.14531913	     80.45066128	     13.42115265	     -0.61144797	     45.21329032	     47.44881115	     78.54643465
      0.01666670	     -1.80974029	     -0.74874948	      1.76531082	      0.77945765	      0.90833040	     -0.01736795	      1.90885267	     -2.85815581	     -8.42878663	      6.26535071	      6.56665867	    -10.12693232	      0.00000000	      0.85730587	     -5.39933365	    -10.68939314	      3.44585241	     10.97257514	      0.36112896	      0.00000000	      1.48100283	      1.00121075	      1.69299273	     13.50534684	     -5.41021153	     58.98045345	     55.13865778	     80.55136924	     12.39895964	     -0.74422559	     44.92932235	     46.59467673	     77.85006563
      0.03333330	     -2.65165076	      0.19194882	      1.62687739	      0.78049015	      0.90644568	     -0.01663961	      2.23151820	     -3.82009206	    -10.04413408	      5.03024506	      7.47649427	     -7.14332674	      0.00000000	      1.59459022	     -4.46423758	    -12.52871153	      3.33609796	     11.21898940	      3.01539791	      0.00000000	      2.78642275	     -0.09694421	      2.21034639	     13.62329998	     -4.36626466	     59.03859818	     52.54251291	     81.34442702	     12.24934770	     -0.92777789	     44.44089375	     45.76825211	     76.80428767
      0.05000000	     -2.38892894	      0.85492134	      1.63981147	      0.78068126	      0.90686775	     -0.01703074	      1.45071008	     -4.56511120	    -11.32580538	      4.20827681	      8.46996188	     -4.67200688	      0.00000000	      0.79209221	     -3.71208328	    -13.59672524	      2.50086398	     10.84678809	      4.51273837	      0.00000000	      2.69705543	     -0.81509687	      2.59994281	     13.79099046	     -4.05088143	     59.67969399	     51.44785098	     83.20321876	     12.36947451	     -1.08206082	     44.54357355	     45.68173428	     75.66504035
      0.06666670	     -2.53573405	      1.13428281	      1.58627017	      0.78007548	      0.90679215	     -0.01659428	      1.28578847	     -4.76807683	    -11.23109833	      3.54459469	      8.60382507	     -4.31337003	      0.00000000	      0.66029172	     -3.34572920	    -13.80711051	      1.81384624	     10.14898317	      4.81794604	      0.00000000	      2.92092693	     -1.08460827	      2.94018030	     13.60584690	     -4.01585159	     59.97885783	     51.38702090	     83.44577189	     12.30943900	     -1.07370349	     44.67280654	     45.73982248	     75.61514797
      0.08333330	     -2.58180106	      1.25086857	      1.62325555	      0.78024006	      0.90712438	     -0.01674932	      1.24879936	     -4.83524670	    -11.23437004	      3.30425244	      8.68909276	     -4.23137124	      0.00000000	      0.70069737	     -3.17935468	    -13.87085502	      1.63424383	     10.04214828	      4.89184365	      0.00000000	      2.84309749	     -1.00494372	      3.00842927	     13.50712126	     -3.89438483	     60.12381319	     51.43189767	     83.49863388	     12.33608276	     -0.95229143	     44.74496084	     45.77608987	     75.62235046
      0.10000000	     -1.88631216	      1.37984940	      1.50126171	      0.78078743	      0.90765901	     -0.01636048	      0.29146795	     -4.92217240	    -11.93736969	      2.95355010	      9.47903612	     -2.18300496	      0.00000000	     -0.34857729	     -3.01751916	    -14.75764644	      1.01494498	      9.52240521	      6.24695900	      0.00000000	      2.13901002	     -1.22118323	      3.48491570	     14.06969286	     -4.49160670	     62.76361013	     52.40276834	     84.74232038	     13.03773938	     -1.08848594	     46.78970854	     45.61911494	     76.08258601
      0.11666670	     -1.91663778	      1.40855368	      1.57974684	      0.78101428	      0.90725967	     -0.01646478	      0.25025738	     -4.93774934	    -11.92995670	      2.87307062	      9.47261238	     -2.14650277	      0.00000000	     -0.32311163	     -2.97243655	    -14.70067983	      0.92768727	      9.47043173	      6.32871635	      0.00000000	      2.08406309	     -1.18110570	      3.46381882	     13.85656695	     -4.42246218	     62.91611517	     52.45263568	     84.78526800	     13.03059864	     -1.06208262	     46.86320308	     45.62684105	     76.10618163
      0.13333330	     -1.92005611	      1.41094749	      1.58008515	      0.78071124	      0.90703163	     -0.01645347	      0.24707492	     -4.93502620	    -11.93045926	      2.87338772	      9.47260823	     -2.14623274	      0.00000000	     -0.32496757	     -2.97221432	    -14.70047226	      0.92770894	      9.46939221	      6.32963050	      0.00000000	      2.08427649	     -1.18117508	      3.46402688	     13.85487772	     -4.42262878	     62.91776701	     52.45338276	     84.78565204	     13.02985296	     -1.06294959	     46.86411735	     45.62663717	     76.10648147
      0.15000000	     -1.42679741	      1.39317668	      1.74808413	      0.78087479	      0.90787764	     -0.01657339	     -0.55716140	     -4.85436694	    -12.44587969	      2.46571114	      9.61634299	     -1.35737524	      0.00000000	     -0.97547990	     -3.01330234	    -14.97035723	      0.66425658	      9.20168301	      7.37066720	      0.00000000	      1.50917266	     -1.16797874	      3.38519228	     14.49200278	     -5.35950286	     65.74319016	     54.37576841	     85.67294229	     13.63237669	     -1.75063040	     49.45609652	     46.00343948	     77.15735034
      0.16666670	     -1.42588269	      1.39191691	      1.76593929	      0.78013222	      0.90819619	     -0.01640773	     -0.54347045	     -4.85221745	    -12.45451446	      2.45041752	      9.59024075	     -1.34588051	      0.00000000	     -0.96641197	     -3.02648347	    -14.96493271	      0.64719673	      9.16577712	      7.39278149	      0.00000000	      1.46225167	     -1.13676040	      3.40576360	     14.45889759	     -5.40167128	     65.76756991	     54.36626676	     85.68257504	     13.59826169	     -1.86108182	     49.47661259	     45.96671517	     77.17445603
      0.18333330	     -1.42614388	      1.37376258	      1.76980639	      0.78045912	      0.90850811	     -0.01669289	     -0.55408906	     -4.82518980	    -12.52305547	      2.40692626	      9.50117812	     -1.33404091	      0.00000000	     -0.98525573	     -3.04333433	    -14.99582698	      0.63314899	      9.04691513	      7.44401252	      0.00000000	      1.39168307	     -1.07858551	      3.40234664	     14.33766928	     -5.53425140	     65.85018036	     54.37338237	     85.70224000	     13.57072675	     -2.09986779	     49.52935969	     45.91630489	     77.21365610
      0.20000000	     -1.07195551	      1.35727564	      1.84896416	      0.78124429	      0.90825545	     -0.01707651	     -1.11104596	     -4.76641808	    -12.82600600	      2.09298617	      9.17904863	     -1.17700082	      0.00000000	     -1.47243788	     -3.05828418	    -15.31381857	      0.45691192	      8.88246100	      8.09028767	      0.00000000	      0.99788630	     -1.01243870	      3.24758030	     14.69750287	     -6.07997005	     67.03244912	     55.59897660	     86.09893070	     13.95291221	     -2.72531307	     51.25341903	     46.67591090	     78.32070739
      0.21666670	     -1.08148798	      1.35756332	      1.81466661	      0.78095161	      0.90873594	     -0.01705086	     -1.08888874	     -4.76454774	    -12.87660324	      2.05108163	      9.14462130	     -1.18230996	      0.00000000	     -1.47674884	     -3.04873723	    -15.33366559	      0.44602697	      8.83332682	      8.10600535	      0.00000000	      0.95909403	     -0.97543351	      3.26497750	     14.65432852	     -6.17304935	     67.04894220	     55.57126797	     86.10558897	     13.94278326	     -2.84799000	     51.25970542	     46.64054646	     78.34777307
      0.23333330	     -1.07935137	      1.35296621	      1.84257713	      0.78080217	      0.90901022	     -0.01734706	     -1.10631057	     -4.76362375	    -12.97873384	      2.00094847	      9.04470388	     -1.18603754	      0.00000000	     -1.51083833	     -3.03847617	    -15.41381676	      0.38870874	      8.74007856	      8.13032849	      0.00000000	      0.98025551	     -0.91239728	      3.28875884	     14.63554391	     -6.32800941	     67.06801479	     55.56542111	     86.11534753	     13.95720133	     -3.02740551	     51.27662010	     46.61929295	     78.39432224
      0.25000000	     -1.08798455	      1.34796567	      1.84818216	      0.78144029	      0.90847221	     -0.01746666	     -1.09392889	     -4.77615920	    -12.98090854	      1.99090834	      9.04088244	     -1.18531826	      0.00000000	     -1.53611208	     -3.04905576	    -15.41454037	      0.39612483	      8.73482126	      8.13373519	      0.00000000	      0.98023599	     -0.91157934	      3.28692296	     14.63587746	     -6.33476143	     67.06854486	     55.56687275	     86.11577685	     13.95887355	     -3.03194007	     51.27861740	     46.62022705	     78.39688992
      0.26666670	     -1.08338376	      1.34255486	      1.85545374	      0.78191351	      0.90894079	     -0.01772216	     -1.17672369	     -4.79231086	    -13.00684199	      1.85974218	      8.97260237	     -1.14434113	      0.00000000	     -1.63092602	     -3.03913124	    -15.41271599	      0.28699157	      8.61513631	      8.25983377	      0.00000000	      1.07766140	     -0.82909179	      3.23125363	     14.61487552	     -6.64063984	     67.07498664	     55.59427500	     86.12522781	     13.95674442	     -3.26268170	     51.32856516	     46.61814153	     78.46266605
      0.28333330	     -1.09538352	      1.33242296	      1.86727830	      0.78174052	      0.90852073	     -0.01779119	     -1.17985102	     -4.81532453	    -13.00361463	      1.85003253	      8.97088305	     -1.14069038	      0.00000000	     -1.64691810	     -3.05829279	    -15.41363390	      0.28068472	      8.61110980	      8.26621888	      0.00000000	      1.07864214	     -0.82806040	      3.23008678	     14.61261159	     -6.64199818	     67.07723187	     55.60161295	     86.12585677	     13.95474134	     -3.26619089	     51.33337059	     46.62071774	     78.46664457
      0.30000000	     -1.09527829	      1.31244850	      1.97071362	      0.78245488	      0.90856391	     -0.01778765	     -1.36886186	     -4.77264321	    -12.93203800	      1.57295112	      8.93726719	     -1.02580546	      0.00000000	     -1.78030164	     -3.04831428	    -15.39646465	      0.00000000	      8.45584648	      8.51656837	      0.00000000	      1.18488274	     -0.76911248	      3.12212792	     14.41803978	     -6.81258697	     67.17462579	     55.80782332	     86.14533370	     13.94117905	     -3.45364476	     51.45921561	     46.69064688	     78.58739640
      0.31666670	     -1.09943225	      1.30646684	      1.96644429	      0.78237529	      0.90780302	     -0.01787615	     -1.38746566	     -4.78370217	    -12.93375164	      1.57435864	      8.93557223	     -1.02482977	      0.00000000	     -1.77319503	     -3.05423849	    -15.39848088	      0.00000000	      8.45388544	      8.52037425	      0.00000000	      1.18538675	     -0.76910410	      3.12205463	     14.41833571	     -6.81190348	     67.17598502	     55.81385842	     86.14570190	     13.94218653	     -3.45523402	     51.46191257	     46.69310618	     78.59021114
      0.33333330	     -1.09759483	      1.30415337	      1.96629825	      0.78250813	      0.90797443	     -0.01783225	     -1.39023273	     -4.78540890	    -12.93416181	      1.57377876	      8.93519911	     -1.02463011	      0.00000000	     -1.76933662	     -3.05329043	    -15.39940039	      0.00000000	      8.45350837	      8.52104864	      0.00000000	      1.18567178	     -0.76871936	      3.12185328	     14.41792079	     -6.81197900	     67.17647730	     55.81519226	     86.14578626	     13.94325864	     -3.45593901	     51.46219733	     46.69365072	     78.59078043
      0.35000000	     -0.71698953	      1.31368966	      2.10741418	      0.78243777	      0.90930674	     -0.01801526	     -2.09703538	     -4.72804015	    -13.32718535	      1.08944774	      8.72238321	     -0.68579659	      0.00000000	     -2.16181611	     -3.07214923	    -16.20763425	      0.00000000	      8.69304874	      9.97788431	      0.00000000	      0.70117848	     -0.76585508	      3.07083846	     14.47368478	     -7.42607310	     67.72523439	     57.62558145	     86.26312415	     14.34188920	     -3.93286714	     52.51047765	     47.51336299	     79.97834633
      0.36666670	     -0.71995706	      1.31370794	      2.10655466	      0.78235958	      0.91027979	     -0.01804666	     -2.09879707	     -4.72846991	    -13.32729047	      1.08915316	      8.72222304	     -0.68564253	      0.00000000	     -2.15901739	     -3.07185358	    -16.20830035	      0.00000000	      8.69262503	      9.97777214	      0.00000000	      0.70147138	     -0.76584904	      3.07096761	     14.47350276	     -7.42613699	     67.72526680	     57.62543483	     86.26312939	     14.34250779	     -3.93306117	     52.51035584	     47.51333600	     79.97879746
      0.38333330	     -0.77009056	      1.34042301	      2.10015298	      0.78069279	      0.90986501	     -0.01819415	     -2.07383691	     -4.75871138	    -13.37766813	      0.91638885	      8.64885705	     -0.65487982	      0.00000000	     -2.06546974	     -3.02340762	    -16.30333931	      0.00000000	      8.58219797	      9.98757470	      0.00000000	      0.67758295	     -0.74902973	      3.08375700	     14.63354320	     -7.49551372	     67.66094546	     57.60086830	     86.25875455	     14.48425593	     -3.95418750	     52.48076602	     47.50373097	     80.03293648
      0.40000000	     -0.76152334	      1.34259841	      2.10122329	      0.78094699	      0.91018622	     -0.01833256	     -2.06653931	     -4.75726457	    -13.37786979	      0.91278498	      8.64819606	     -0.65456553	      0.00000000	     -2.06391794	     -3.02430866	    -16.30376339	      0.00000000	      8.58138568	      9.98782022	      0.00000000	      0.67793013	     -0.74958914	      3.08409292	     14.63531728	     -7.49556073	     67.66023072	     57.60102055	     86.25870527	     14.48455357	     -3.95420249	     52.48076354	     47.50362033	     80.03337297
      0.41666670	     -0.79308630	      1.33722639	      2.07616783	      0.78069733	      0.91081688	     -0.01836954	     -2.03586107	     -4.74429611	    -13.45045251	      0.75741573	      8.53231787	     -0.61356376	      0.00000000	     -2.00756822	     -3.01961658	    -16.36098841	      0.00000000	      8.45413997	     10.03639615	      0.00000000	      0.69052484	     -0.78092325	      3.11736137	     14.96504176	     -7.54340753	     67.52403795	     57.61640009	     86.24901357	     14.52533431	     -3.94519580	     52.48109767	     47.48336957	     80.08506238
      0.43333330	     -0.78118190	      1.33516520	      2.07739673	      0.78123693	      0.91130952	     -0.01830058	     -2.02890562	     -4.74709623	    -13.45028387	      0.75398461	      8.53134774	     -0.61298728	      0.00000000	     -2.00216456	     -3.01980802	    -16.36123888	      0.00000000	      8.45339524	     10.03680643	      0.00000000	      0.69018773	     -0.78072446	      3.11715156	     14.96606380	     -7.54349341	     67.52347988	     57.61660450	     86.24896256	     14.52591863	     -3.94504750	     52.48104742	     47.48322357	     80.08548256
      0.45000000	     -0.80685830	      1.35711858	      2.09325743	      0.78091821	      0.91100548	     -0.01845944	     -2.03271982	     -4.76894803	    -13.49602137	      0.61348795	      8.32285362	     -0.50686312	      0.00000000	     -1.95873272	     -2.98885548	    -16.44354173	      0.00000000	      8.29389202	     10.11911883	      0.00000000	      0.65985511	     -0.76232289	      3.10256771	     15.21783769	     -7.55482777	     67.38303475	     57.65522079	     86.23640054	     14.53269680	     -3.92740583	     52.49206991	     47.43728813	     80.15901420
      0.46666670	     -0.80310401	      1.35506557	      2.09437473	      0.78103832	      0.91129571	     -0.01847337	     -2.02753606	     -4.77083119	    -13.49622779	      0.61063752	      8.32201033	     -0.50638858	      0.00000000	     -1.96058891	     -2.98952841	    -16.44387175	      0.00000000	      8.29326450	     10.11966114	      0.00000000	      0.66001956	     -0.76277571	      3.10189302	     15.21780816	     -7.55480692	     67.38259178	     57.65545362	     86.23633918	     14.53300360	     -3.92732072	     52.49205444	     47.43705283	     80.15950905
      0.48333330	     -0.80127072	      1.35151388	      2.09661890	      0.78088896	      0.91069389	     -0.01842047	     -2.02369160	     -4.77245634	    -13.49670253	      0.60810811	      8.32070747	     -0.50574932	      0.00000000	     -1.96591202	     -2.98871767	    -16.44454869	      0.00000000	      8.29224232	     10.12032416	      0.00000000	      0.66028802	     -0.76318368	      3.10124440	     15.21882932	     -7.55501197	     67.38157106	     57.65564241	     86.23622897	     14.53288374	     -3.92715614	     52.49214546	     47.43667241	     80.16004857
      0.50000000	     -0.76852409	      1.32541218	      2.05404483	      0.78084558	      0.91102779	     -0.01812854	     -2.03438027	     -4.74044872	    -13.58302000	      0.55488997	      8.16366905	     -0.44861621	      0.00000000	     -2.01184416	     -3.02815656	    -16.50521237	      0.00000000	      8.18167534	     10.19932212	      0.00000000	      0.69345295	     -0.79762426	      3.03307758	     15.42912683	     -7.55687940	     67.22664004	     57.69403686	     86.22055013	     14.54015819	     -3.89405826	     52.49905363	     47.40276648	     80.21753520
      0.51666670	     -0.76832138	      1.32258719	      2.06334818	      0.78087339	      0.91092519	     -0.01825638	     -2.02524560	     -4.74350394	    -13.58352869	      0.54977025	      8.16075698	     -0.44698445	      0.00000000	     -2.02127053	     -3.02806796	    -16.50814193	      0.00000000	      8.17984889	     10.20048798	      0.00000000	      0.69010514	     -0.79516005	      3.03272862	     15.42854607	     -7.55529444	     67.22490235	     57.69494644	     86.22025176	     14.53948474	     -3.89550494	     52.49897198	     47.40101260	     80.21899639
      0.53333330	     -0.76885220	      1.32283744	      2.06456061	      0.78085284	      0.91145376	     -0.01831712	     -2.02287022	     -4.74493159	    -13.58418252	      0.54786021	      8.15981137	     -0.44662792	      0.00000000	     -2.02259010	     -3.02959751	    -16.50900711	      0.00000000	      8.17925932	     10.20093022	      0.00000000	      0.68942698	     -0.79433121	      3.03237069	     15.42858190	     -7.55460771	     67.22412317	     57.69539905	     86.22012832	     14.53926863	     -3.89567597	     52.49897946	     47.40055426	     80.21949588
      0.55000000	     -0.76411608	      1.32016783	      2.06581528	      0.78091735	      0.91089679	     -0.01825274	     -2.01898702	     -4.74682541	    -13.58519512	      0.54509287	      8.15862384	     -0.44633215	      0.00000000	     -2.02417503	     -3.02893944	    -16.50970718	      0.00000000	      8.17838662	     10.20151862	      0.00000000	      0.68822813	     -0.79341673	      3.03180469	     15.42861321	     -7.55400696	     67.22332275	     57.69571453	     86.21999840	     14.53897994	     -3.89557672	     52.49903811	     47.40009946	     80.21995614
      0.56666670	     -0.76699289	      1.32005724	      2.06480059	      0.78087781	      0.91068279	     -0.01826072	     -2.02108146	     -4.74749369	    -13.58631405	      0.54508452	      8.15763164	     -0.44620573	      0.00000000	     -2.02533756	     -3.02953014	    -16.51022591	      0.00000000	      8.17776946	     10.20196071	      0.00000000	      0.68752219	     -0.79272320	      3.03133473	     15.42917868	     -7.55348240	     67.22245404	     57.69604323	     86.21987526	     14.53884055	     -3.89529574	     52.49909234	     47.39984591	     80.22031386
      0.58333330	     -0.44353223	      1.28539461	      2.21962612	      0.77987545	      0.91204569	     -0.01850334	     -2.63096338	     -4.63587260	    -14.15390638	      0.06329707	      7.70316372	     -0.04414531	      0.00000000	     -2.34350425	     -3.10046401	    -16.79370080	      0.00000000	      8.11196767	     11.02627534	      0.00000000	      0.23614494	     -0.70706386	      2.73658449	     15.28788138	     -7.38669642	     66.04935636	     57.95733913	     85.99960206	     14.55906668	     -3.79968913	     52.28168374	     47.10723543	     80.98388946
      0.60000000	     -0.43351283	      1.28612570	      2.21827423	      0.78030778	      0.91200975	     -0.01851078	     -2.62875532	     -4.63598350	    -14.15388598	      0.06312348	      7.70303054	     -0.04401996	      0.00000000	     -2.33606266	     -3.10034062	    -16.79398550	      0.00000000	      8.11204030	     11.02615968	      0.00000000	      0.23521553	     -0.70680522	      2.73665267	     15.28836023	     -7.38700077	     66.04889666	     57.95725674	     85.99951675	     14.55950616	     -3.79938406	     52.28159297	     47.10734664	     80.98425037
      0.61666670	     -0.43687346	      1.28844283	      2.20901556	      0.78004580	      0.91199666	     -0.01847936	     -2.64395486	     -4.63547304	    -14.15585725	      0.07117285	      7.70217252	     -0.04380071	      0.00000000	     -2.31961186	     -3.09873909	    -16.79674406	      0.00000000	      8.11182258	     11.02520558	      0.00000000	      0.23177588	     -0.70549439	      2.73732638	     15.28890493	     -7.38694159	     66.04692076	     57.95741782	     85.99905904	     14.55909412	     -3.79735875	     52.28179387	     47.10789126	     80.98620990
      0.63333330	     -0.43346419	      1.28932964	      2.20790872	      0.78003908	      0.91176665	     -0.01850206	     -2.64437213	     -4.63502389	    -14.15618414	      0.07150230	      7.70198024	     -0.04370560	      0.00000000	     -2.31619135	     -3.09844258	    -16.79732762	      0.00000000	      8.11162004	     11.02501712	      0.00000000	      0.23102902	     -0.70527836	      2.73744704	     15.28881131	     -7.38667309	     66.04663118	     57.95748948	     85.99897681	     14.55894471	     -3.79693773	     52.28185532	     47.10798764	     80.98655085
      0.65000000	     -0.42173403	      1.29144292	      2.20088873	      0.77954202	      0.91106376	     -0.01849487	     -2.64916613	     -4.63495518	    -14.16029060	      0.07355087	      7.70064464	     -0.04339674	      0.00000000	     -2.29516455	     -3.09342610	    -16.80429424	      0.00000000	      8.10927313	     11.02233322	      0.00000000	      0.22306668	     -0.70242888	      2.73775247	     15.28538237	     -7.38217515	     66.04492387	     57.95880720	     85.99822970	     14.55827507	     -3.79147686	     52.28255057	     47.10966014	     80.98971920
      0.66666670	     -0.41814021	      1.28739442	      2.20059036	      0.77941599	      0.91062687	     -0.01829122	     -2.64923071	     -4.63619876	    -14.16113341	      0.07319388	      7.70053647	     -0.04346506	      0.00000000	     -2.29202417	     -3.08997341	    -16.80545432	      0.00000000	      8.10887347	     11.02189775	      0.00000000	      0.22160939	     -0.70175587	      2.73749807	     15.28433868	     -7.38145935	     66.04484354	     57.95900377	     85.99812313	     14.55829937	     -3.79029594	     52.28267222	     47.11004046	     80.99019448
      0.68333330	     -0.44913758	      1.29820879	      2.14829273	      0.77926375	      0.91098524	     -0.01814426	     -2.58174237	     -4.63871884	    -14.23581136	      0.03624465	      7.70311978	     -0.06006800	      0.00000000	     -2.22461358	     -3.07471316	    -16.90111044	      0.00000000	      8.07174110	     10.97873291	      0.00000000	      0.07877061	     -0.66706011	      2.72645796	     15.22868142	     -7.29490228	     66.03265326	     57.98654114	     85.98880843	     14.60241096	     -3.70213901	     52.28205703	     47.14846602	     81.02753283
      0.70000000	     -0.43260881	      1.30057442	      2.15230250	      0.77903658	      0.91100180	     -0.01805761	     -2.57708453	     -4.63361128	    -14.23758800	      0.03744258	      7.70225401	     -0.05956642	      0.00000000	     -2.21516753	     -3.07439714	    -16.90596969	      0.00000000	      8.06957273	     10.97659261	      0.00000000	      0.07886402	     -0.66684910	      2.72845753	     15.22773085	     -7.29209647	     66.03055855	     57.98820525	     85.98811093	     14.60339644	     -3.70092903	     52.28144849	     47.15017416	     81.02999811
      0.71666670	     -0.42409715	      1.30189590	      2.15265985	      0.77925995	      0.91081471	     -0.01805351	     -2.57243599	     -4.63243065	    -14.23828209	      0.03598207	      7.70211320	     -0.05968338	      0.00000000	     -2.21224145	     -3.07490634	    -16.90663112	      0.00000000	      8.06909069	     10.97628870	      0.00000000	      0.07819118	     -0.66681216	      2.72869988	     15.22771766	     -7.29145286	     66.03017051	     57.98850047	     85.98798382	     14.60386478	     -3.70052392	     52.28131850	     47.15053394	     81.03041719
      0.73333330	     -0.41719571	      1.30796428	      2.15067664	      0.77911028	      0.91064216	     -0.01784643	     -2.55751725	     -4.61927540	    -14.24739934	      0.03096567	      7.70137624	     -0.06250173	      0.00000000	     -2.21606690	     -3.07503347	    -16.91140670	      0.00000000	      8.06530203	     10.97411197	      0.00000000	      0.07370518	     -0.66664543	      2.73004134	     15.22553724	     -7.28502741	     66.02829387	     57.99115799	     85.98713295	     14.60656643	     -3.69665556	     52.28073143	     47.15358111	     81.03332237
      0.75000000	     -0.41671938	      1.30901451	      2.15014474	      0.77927868	      0.91146946	     -0.01781202	     -2.55127807	     -4.61705846	    -14.24973168	      0.02825996	      7.70133366	     -0.06340238	      0.00000000	     -2.21773424	     -3.07569958	    -16.91216755	      0.00000000	      8.06459243	     10.97369958	      0.00000000	      0.07283399	     -0.66669054	      2.73018713	     15.22538595	     -7.28353008	     66.02785468	     57.99180439	     85.98696017	     14.60765848	     -3.69577693	     52.28051602	     47.15434487	     81.03386763
      0.76666670	     -0.40261757	      1.25146964	      2.15132157	      0.78043110	      0.91086309	     -0.01735863	     -2.51572443	     -4.52278620	    -14.68229979	      0.11457448	      7.50186335	     -0.14704596	      0.00000000	     -2.21228404	     -3.15175745	    -17.11283238	      0.00000000	      7.82786297	     10.89106041	      0.00000000	     -0.04008374	     -0.59953828	      2.80101269	     15.11240200	     -7.20483874	     65.80422344	     58.05128670	     85.91355247	     14.70667471	     -3.65534317	     52.23075686	     47.32233472	     81.25336921
      0.78333330	     -0.41163619	      1.26004798	      2.14941405	      0.78016601	      0.91114634	     -0.01713275	     -2.53593366	     -4.51782590	    -14.68215245	      0.12485609	      7.50128675	     -0.14624191	      0.00000000	     -2.20024807	     -3.15387790	    -17.11361289	      0.00000000	      7.82896340	     10.89025689	      0.00000000	     -0.03933441	     -0.60186761	      2.80207102	     15.11212903	     -7.20326303	     65.80221750	     58.05235214	     85.91292008	     14.70433656	     -3.65474301	     52.23121689	     47.32323562	     81.25534935
      0.80000000	     -0.40814183	      1.26861404	      2.15503225	      0.77927427	      0.91116414	     -0.01710047	     -2.54807700	     -4.51239728	    -14.68211419	      0.13233426	      7.50084031	     -0.14543311	      0.00000000	     -2.18884796	     -3.15485876	    -17.11747644	      0.00000000	      7.83059885	     10.88817941	      0.00000000	     -0.03544137	     -0.60592875	      2.80375136	     15.11200476	     -7.20083308	     65.79960886	     58.05374536	     85.91215962	     14.70060414	     -3.65460963	     52.23195534	     47.32434219	     81.25765016
      0.81666670	     -0.39342687	      1.27896129	      2.26112295	      0.77950149	      0.91118472	     -0.01692085	     -2.58028512	     -4.50851853	    -14.67048246	      0.18241781	      7.49827881	     -0.13587975	      0.00000000	     -2.17375132	     -3.16453823	    -17.15792130	      0.00000000	      7.83623275	     10.86947458	      0.00000000	     -0.01330615	     -0.65567810	      2.80890200	     15.11530679	     -7.18514700	     65.77188783	     58.06262840	     85.90479885	     14.68290396	     -3.65791300	     52.23540421	     47.33477986	     81.27823513
      0.83333330	     -0.38999032	      1.28350518	      2.25854828	      0.77971252	      0.91162820	     -0.01700278	     -2.58388085	     -4.50744758	    -14.67063450	      0.18461368	      7.49850379	     -0.13591213	      0.00000000	     -2.16567721	     -3.16682776	    -17.15825802	      0.00000000	      7.83629467	     10.86937006	      0.00000000	     -0.01298147	     -0.65653473	      2.80826381	     15.11491949	     -7.18507714	     65.77129070	     58.06272477	     85.90462027	     14.68316072	     -3.65776855	     52.23541940	     47.33519425	     81.27873043
      0.85000000	     -0.39529727	      1.29593085	      2.26577141	      0.77985701	      0.91168279	     -0.01643671	     -2.60572167	     -4.50689850	    -14.66857448	      0.19996803	      7.49929536	     -0.13454301	      0.00000000	     -2.15530832	     -3.17523350	    -17.16389886	      0.00000000	      7.83387119	     10.86815522	      0.00000000	     -0.00842120	     -0.66246278	      2.80380528	     15.10938594	     -7.18619347	     65.76802852	     58.06251865	     85.90345642	     14.68143882	     -3.65690871	     52.23623390	     47.33756398	     81.28205598
      0.86666670	     -0.38372727	      1.30100361	      2.27643911	      0.77906941	      0.91171796	     -0.01637978	     -2.60654795	     -4.50208311	    -14.66716190	      0.20390894	      7.50046717	     -0.13365120	      0.00000000	     -2.15254434	     -3.17846218	    -17.16909057	      0.00000000	      7.83131815	     10.86760337	      0.00000000	     -0.00178456	     -0.66852275	      2.80071916	     15.10281895	     -7.18678481	     65.76624524	     58.06229519	     85.90261904	     14.67874410	     -3.65771038	     52.23701663	     47.33909207	     81.28454033
      0.88333330	     -0.34875673	      1.28894956	      2.39269423	      0.77971235	      0.91200773	     -0.01630438	     -2.65791079	     -4.47078450	    -14.65481134	      0.27647372	      7.50384977	     -0.12579636	      0.00000000	     -2.16430466	     -3.21692202	    -17.22892979	      0.00000000	      7.77427192	     10.86839126	      0.00000000	      0.05346435	     -0.74744588	      2.75540126	     15.02265977	     -7.20027791	     65.74560865	     58.05409327	     85.89263457	     14.66516175	     -3.67548266	     52.24204601	     47.35439100	     81.31312447
      0.90000000	     -0.34044805	      1.29554653	      2.38711879	      0.77909636	      0.91199236	     -0.01633500	     -2.65565528	     -4.46482461	    -14.65916645	      0.27368700	      7.50584790	     -0.12737859	      0.00000000	     -2.16165334	     -3.21714495	    -17.23151841	      0.00000000	      7.76805486	     10.87068308	      0.00000000	      0.05657243	     -0.74989572	      2.74857424	     15.01319468	     -7.20174499	     65.74357458	     58.05311477	     85.89157291	     14.66609916	     -3.67674114	     52.24243882	     47.35615162	     81.31612211
      0.91666670	     -0.33530580	      1.30020747	      2.38657610	      0.77922532	      0.91206028	     -0.01647757	     -2.65276711	     -4.46335800	    -14.65949512	      0.27260858	      7.50603215	     -0.12748224	      0.00000000	     -2.16005101	     -3.21991198	    -17.23186770	      0.00000000	      7.76704733	     10.87102109	      0.00000000	      0.05688746	     -0.75031542	      2.74763916	     15.01190825	     -7.20197574	     65.74330088	     58.05294156	     85.89142614	     14.66642478	     -3.67700781	     52.24243571	     47.35639310	     81.31652802
      0.93333330	     -0.30674532	      1.28094460	      2.35785299	      0.77911329	      0.91227392	     -0.01632380	     -2.65356128	     -4.44123245	    -14.71688985	      0.28529593	      7.50229804	     -0.14363570	      0.00000000	     -2.19319633	     -3.24633352	    -17.27297834	      0.00000000	      7.63863947	     10.91948323	      0.00000000	      0.08308122	     -0.78250267	      2.63531927	     14.81619610	     -7.23036113	     65.73128502	     58.02759498	     85.87583615	     14.69000893	     -3.70601203	     52.24487009	     47.38011070	     81.36246920
      0.95000000	     -0.29143311	      1.28086193	      2.37123687	      0.77850138	      0.91212483	     -0.01628269	     -2.63856908	     -4.44203663	    -14.71897590	      0.27738216	      7.50175258	     -0.14357059	      0.00000000	     -2.19657876	     -3.24682603	    -17.27603420	      0.00000000	      7.63384546	     10.92192785	      0.00000000	      0.08541683	     -0.77975244	      2.63634053	     14.81204176	     -7.22756686	     65.72876945	     58.02792273	     85.87475817	     14.68736270	     -3.70968954	     52.24541133	     47.38059762	     81.36540489
      0.96666670	     -0.28210045	      1.28058298	      2.37907429	      0.77816193	      0.91070963	     -0.01618796	     -2.62496342	     -4.44140775	    -14.72176906	      0.27026089	      7.50110254	     -0.14397528	      0.00000000	     -2.20668194	     -3.24915640	    -17.27651401	      0.00000000	      7.62941821	     10.92527591	      0.00000000	      0.08714753	     -0.77686513	      2.63534076	     14.81030567	     -7.22664517	     65.72555804	     58.02789537	     85.87370491	     14.68877700	     -3.71189739	     52.24526191	     47.38179243	     81.36806495
      0.98333330	     -0.26671333	      1.28241392	      2.38163221	      0.77775610	      0.91054327	     -0.01592892	     -2.61085107	     -4.43590570	    -14.72583332	      0.26363423	      7.50072386	     -0.14497783	      0.00000000	     -2.20701000	     -3.25477951	    -17.27476828	      0.00000000	      7.62602038	     10.93041251	      0.00000000	      0.09175017	     -0.77318800	      2.63258644	     14.81106851	     -7.22612307	     65.72027851	     58.02854475	     85.87228889	     14.69428461	     -3.71346622	     52.24450434	     47.38444582	     81.37146158
      1.00000000	     -0.26222163	      1.28451612	      2.38151393	      0.77772122	      0.91074540	     -0.01600032	     -2.60665707	     -4.43495626	    -14.72640340	      0.26198042	      7.50083678	     -0.14518689	      0.00000000	     -2.20623867	     -3.25818675	    -17.27409384	      0.00000000	      7.62584170	     10.93138101	      0.00000000	      0.09285148	     -0.77275320	      2.63213285	     14.81169541	     -7.22578532	     65.71921028	     58.02886230	     85.87203388	     14.69565361	     -3.71373906	     52.24430324	     47.38502492	     81.37205699
      1.01666670	     -0.25964755	      1.21348970	      2.35279658	      0.77738395	      0.91071153	     -0.01602576	     -2.54309258	     -4.34795723	    -14.75834873	      0.28542149	      7.51429953	     -0.16094356	      0.00000000	     -2.18103088	     -3.35633006	    -17.18813513	      0.00000000	      7.62595448	     11.02548207	      0.00000000	      0.14567766	     -0.72325434	      2.59218770	     14.92748012	     -7.20331444	     65.60631959	     58.06081895	     85.84844894	     14.84705814	     -3.72813847	     52.22316072	     47.43981280	     81.42446020
      1.03333330	     -0.24745538	      1.21362600	      2.37041542	      0.77697532	      0.91069998	     -0.01600103	     -2.53338345	     -4.35053988	    -14.75615675	      0.28594893	      7.51608285	     -0.16062919	      0.00000000	     -2.16802953	     -3.36281446	    -17.18700854	      0.00000000	      7.63024075	     11.02919237	      0.00000000	      0.14097555	     -0.71474264	      2.59319923	     14.92937135	     -7.20296153	     65.59979991	     58.06261448	     85.84653690	     14.84453373	     -3.73098374	     52.22512776	     47.44170693	     81.42949780
      1.05000000	     -0.24118201	      1.21370104	      2.37179169	      0.77729435	      0.91153968	     -0.01599492	     -2.52820678	     -4.35106519	    -14.75591489	      0.28423158	      7.51651612	     -0.16072482	      0.00000000	     -2.16340248	     -3.36368520	    -17.18652448	      0.00000000	      7.63083945	     11.02960114	      0.00000000	      0.14057117	     -0.71394284	      2.59321121	     14.93005787	     -7.20284559	     65.59903558	     58.06292417	     85.84634710	     14.84493005	     -3.73109586	     52.22519578	     47.44206535	     81.42997310
      1.06666670	     -0.23773224	      1.21417974	      2.37294550	      0.77731187	      0.91155359	     -0.01599363	     -2.52517931	     -4.35030347	    -14.75582175	      0.28314532	      7.51676837	     -0.16073249	      0.00000000	     -2.16216651	     -3.36364411	    -17.18618073	      0.00000000	      7.63115264	     11.02996640	      0.00000000	      0.14022326	     -0.71331495	      2.59320439	     14.93021887	     -7.20281390	     65.59858326	     58.06308068	     85.84621457	     14.84500095	     -3.73125072	     52.22528278	     47.44225487	     81.43032343
      1.08333330	     -0.23360472	      1.21488067	      2.37386923	      0.77735435	      0.91173113	     -0.01598758	     -2.52222765	     -4.34986593	    -14.75569516	      0.28198581	      7.51710045	     -0.16074499	      0.00000000	     -2.15960360	     -3.36407145	    -17.18579562	      0.00000000	      7.63152532	     11.03031722	      0.00000000	      0.13992357	     -0.71261036	      2.59316033	     14.93046503	     -7.20287273	     65.59807715	     58.06323617	     85.84607448	     14.84519785	     -3.73141085	     52.22534198	     47.44247655	     81.43068636
      1.10000000	     -0.22768121	      1.21501697	      2.37503297	      0.77744456	      0.91151569	     -0.01592948	     -2.51963477	     -4.34941041	    -14.75545377	      0.28108746	      7.51743339	     -0.16067040	      0.00000000	     -2.15591163	     -3.36389640	    -17.18521701	      0.00000000	      7.63184277	     11.03084090	      0.00000000	      0.13924077	     -0.71161541	      2.59310279	     14.93071526	     -7.20309583	     65.59744272	     58.06333153	     85.84589474	     14.84545202	     -3.73167543	     52.22539590	     47.44270393	     81.43114994
      1.11666670	     -0.22660069	      1.21588623	      2.37554351	      0.77754725	      0.91194126	     -0.01588061	     -2.51946477	     -4.34925403	    -14.75516548	      0.28116679	      7.51785658	     -0.16062151	      0.00000000	     -2.15230064	     -3.36469586	    -17.18471910	      0.00000000	      7.63216136	     11.03121490	      0.00000000	      0.13889062	     -0.71074755	      2.59313333	     14.93110163	     -7.20325934	     65.59687347	     58.06347525	     85.84574344	     14.84579874	     -3.73189845	     52.22539676	     47.44295764	     81.43153240
      1.13333330	     -0.23276059	      1.21738811	      2.37602196	      0.77735647	      0.91239858	     -0.01581265	     -2.52292297	     -4.34816789	    -14.75492626	      0.28265196	      7.51839590	     -0.16054420	      0.00000000	     -2.15133600	     -3.36539123	    -17.18417865	      0.00000000	      7.63235206	     11.03170197	      0.00000000	      0.13880953	     -0.70963186	      2.59329335	     14.93127823	     -7.20345959	     65.59625564	     58.06362800	     85.84555899	     14.84594715	     -3.73233706	     52.22541655	     47.44321861	     81.43201275
      1.15000000	     -0.23055670	      1.21991312	      2.37629935	      0.77745532	      0.91231793	     -0.01578793	     -2.52362502	     -4.34582507	    -14.75442388	      0.28326862	      7.51891325	     -0.16029526	      0.00000000	     -2.14741379	     -3.36561957	    -17.18336487	      0.00000000	      7.63226868	     11.03237391	      0.00000000	      0.13827879	     -0.70853712	      2.59350169	     14.93130381	     -7.20373572	     65.59568998	     58.06365906	     85.84537222	     14.84617437	     -3.73298959	     52.22537269	     47.44338344	     81.43249818
      1.16666670	     -0.26733165	      1.19414496	      2.46561569	      0.77669646	      0.91101489	     -0.01580443	     -2.49100346	     -4.29635236	    -14.70417549	      0.25911649	      7.60675468	     -0.14500191	      0.00000000	     -2.07147283	     -3.41774360	    -17.09224125	      0.00000000	      7.62075264	     11.10570660	      0.00000000	      0.08735268	     -0.61240304	      2.61687491	     14.84691015	     -7.20145969	     65.56472085	     58.07283731	     85.82497980	     14.87213103	     -3.82012759	     52.21956850	     47.46808159	     81.49258628
      1.18333330	     -0.26935360	      1.18937344	      2.46474454	      0.77659162	      0.91085472	     -0.01567605	     -2.49292532	     -4.29687763	    -14.70447853	      0.25982751	      7.60717338	     -0.14513639	      0.00000000	     -2.07229018	     -3.41528354	    -17.09176494	      0.00000000	      7.62066053	     11.10610000	      0.00000000	      0.08805509	     -0.61255833	      2.61632039	     14.84630778	     -7.20159307	     65.56446460	     58.07291297	     85.82483231	     14.87234055	     -3.81961339	     52.21969963	     47.46865855	     81.49304852
      1.20000000	     -0.25882849	      1.18908945	      2.46129008	      0.77613200	      0.91096349	     -0.01556051	     -2.48317145	     -4.29289162	    -14.70608003	      0.25596442	      7.61055607	     -0.14618202	      0.00000000	     -2.07332335	     -3.41736107	    -17.08931980	      0.00000000	      7.62094349	     11.10791285	      0.00000000	      0.09218107	     -0.61283287	      2.61332243	     14.84008186	     -7.20167979	     65.56432611	     58.07354034	     85.82407618	     14.87377676	     -3.81703825	     52.22030825	     47.47207677	     81.49570446
      1.21666670	     -0.25289227	      1.18907242	      2.46119939	      0.77633947	      0.91106544	     -0.01553481	     -2.47872152	     -4.29290948	    -14.70616697	      0.25434306	      7.61118807	     -0.14636197	      0.00000000	     -2.07189591	     -3.41844822	    -17.08879141	      0.00000000	      7.62091590	     11.10824356	      0.00000000	      0.09233673	     -0.61280637	      2.61277029	     14.83902197	     -7.20174175	     65.56437455	     58.07362320	     85.82395614	     14.87437879	     -3.81662519	     52.22032100	     47.47265365	     81.49613914
      1.23333330	     -0.24889287	      1.19002162	      2.46079020	      0.77654401	      0.91127745	     -0.01552709	     -2.47500124	     -4.29299150	    -14.70634427	      0.25325392	      7.61187294	     -0.14663324	      0.00000000	     -2.07090029	     -3.42091920	    -17.08825452	      0.00000000	      7.62087201	     11.10857059	      0.00000000	      0.09240340	     -0.61272731	      2.61209145	     14.83756406	     -7.20182998	     65.56457271	     58.07371975	     85.82383535	     14.87516790	     -3.81616209	     52.22029828	     47.47331304	     81.49661489
      1.25000000	     -0.24048326	      1.19014796	      2.45454583	      0.77554070	      0.91098653	     -0.01509867	     -2.45816681	     -4.28695237	    -14.71038712	      0.24873173	      7.61925235	     -0.15032761	      0.00000000	     -2.07744173	     -3.43517547	    -17.08394961	      0.00000000	      7.62144869	     11.11165067	      0.00000000	      0.09435910	     -0.61210084	      2.60487395	     14.81871216	     -7.20392936	     65.56816455	     58.07430332	     85.82284212	     14.87946193	     -3.81266186	     52.22065399	     47.47877939	     81.50106472
      1.26666670	     -0.24007145	      1.18910946	      2.45430150	      0.77529543	      0.91038069	     -0.01508173	     -2.45568557	     -4.28561473	    -14.71094071	      0.24794633	      7.62022427	     -0.15082743	      0.00000000	     -2.08061037	     -3.43636161	    -17.08341191	      0.00000000	      7.62151884	     11.11208961	      0.00000000	      0.09415990	     -0.61216844	      2.60399971	     14.81613367	     -7.20429061	     65.56870951	     58.07431317	     85.82272554	     14.87989081	     -3.81249509	     52.22069425	     47.47931980	     81.50162236
      1.28333330	     -0.25616253	      1.11501509	      2.38960604	      0.77520353	      0.91053552	     -0.01505251	     -2.38322935	     -4.19592561	    -14.74305824	      0.26055444	      7.68685553	     -0.18940635	      0.00000000	     -2.06033996	     -3.53026564	    -17.04279932	      0.00000000	      7.64685875	     11.13598657	      0.00000000	      0.06053735	     -0.60932224	      2.55532610	     14.69235358	     -7.22517650	     65.59365677	     58.08244375	     85.81483170	     14.93935359	     -3.80586011	     52.21652764	     47.51711206	     81.53717644
      1.30000000	     -0.26104117	      1.10869591	      2.42278241	      0.77567394	      0.91107118	     -0.01499594	     -2.37667814	     -4.19470770	    -14.73964635	      0.27229381	      7.69385305	     -0.19137357	      0.00000000	     -2.05758690	     -3.54485453	    -17.04261679	      0.00000000	      7.65400995	     11.13639233	      0.00000000	      0.06103247	     -0.59592716	      2.56292967	     14.68611666	     -7.22373141	     65.59399374	     58.08753625	     85.81312974	     14.93895582	     -3.81151325	     52.21688246	     47.52091193	     81.54410385
      1.31666670	     -0.25801128	      1.11044546	      2.42236287	      0.77579337	      0.91150832	     -0.01508499	     -2.37731585	     -4.19257962	    -14.73970824	      0.27387040	      7.69441618	     -0.19166999	      0.00000000	     -2.05185158	     -3.54627180	    -17.04227475	      0.00000000	      7.65482121	     11.13653005	      0.00000000	      0.06125868	     -0.59519535	      2.56333514	     14.68555297	     -7.22362907	     65.59403957	     58.08799095	     85.81300279	     14.93890126	     -3.81190158	     52.21694622	     47.52123675	     81.54463775
      1.33333330	     -0.26042292	      1.10902830	      2.42329238	      0.77549354	      0.91081911	     -0.01508143	     -2.38029575	     -4.19156387	    -14.73983618	      0.27598786	      7.69483911	     -0.19187238	      0.00000000	     -2.05221223	     -3.54632524	    -17.04208205	      0.00000000	      7.65551457	     11.13672141	      0.00000000	      0.06124842	     -0.59446538	      2.56372297	     14.68480124	     -7.22367197	     65.59412594	     58.08831140	     85.81288520	     14.93842003	     -3.81240564	     52.21710172	     47.52137265	     81.54515122
      1.35000000	     -0.27155847	      1.06322806	      2.51099340	      0.77496379	      0.91088500	     -0.01534650	     -2.34517927	     -4.14316961	    -14.73696750	      0.31213643	      7.73522546	     -0.20650981	      0.00000000	     -1.98872922	     -3.60037717	    -17.02020298	      0.00000000	      7.71716334	     11.14710094	      0.00000000	      0.05223720	     -0.54258752	      2.58243643	     14.69366094	     -7.23261202	     65.57954255	     58.11412388	     85.80419910	     14.94502434	     -3.83629542	     52.22143726	     47.53718135	     81.57762509
      1.36666670	     -0.27478473	      1.05799436	      2.51093096	      0.77496353	      0.91141861	     -0.01513567	     -2.34446604	     -4.14553930	    -14.73745973	      0.31167666	      7.73586408	     -0.20697708	      0.00000000	     -1.98935895	     -3.59973840	    -17.01949777	      0.00000000	      7.71790640	     11.14742282	      0.00000000	      0.05254743	     -0.54189385	      2.58178480	     14.69368491	     -7.23317341	     65.57923993	     58.11448650	     85.80406189	     14.94552478	     -3.83595742	     52.22155827	     47.53767010	     81.57812933
      1.38333330	     -0.28331685	      1.05979673	      2.50883053	      0.77563731	      0.91188054	     -0.01488073	     -2.33955321	     -4.13491328	    -14.73986590	      0.31247053	      7.73785770	     -0.20868014	      0.00000000	     -1.99034040	     -3.60243952	    -17.01558683	      0.00000000	      7.72162822	     11.14953427	      0.00000000	      0.05215482	     -0.53839397	      2.57844653	     14.69479439	     -7.23676159	     65.57690124	     58.11650766	     85.80313341	     14.94768633	     -3.83521341	     52.22251919	     47.53988123	     81.58144133
      1.40000000	     -0.28722224	      1.05788487	      2.50935112	      0.77543528	      0.91178680	     -0.01480668	     -2.34027112	     -4.13408839	    -14.74041431	      0.31261630	      7.73804138	     -0.20893191	      0.00000000	     -1.99254487	     -3.60183313	    -17.01542402	      0.00000000	      7.72212309	     11.14971392	      0.00000000	      0.05255694	     -0.53801881	      2.57813449	     14.69469006	     -7.23716446	     65.57663397	     58.11681121	     85.80301063	     14.94744396	     -3.83528199	     52.22274936	     47.54008662	     81.58189795
      1.41666670	     -0.29059798	      1.05947794	      2.50992079	      0.77520201	      0.91171247	     -0.01487165	     -2.33993733	     -4.13120753	    -14.74105845	      0.31242241	      7.73812200	     -0.20916684	      0.00000000	     -1.99527333	     -3.60249166	    -17.01547247	      0.00000000	      7.72262504	     11.14978892	      0.00000000	      0.05301006	     -0.53780145	      2.57794999	     14.69445581	     -7.23745859	     65.57639583	     58.11712084	     85.80288699	     14.94692447	     -3.83557419	     52.22302718	     47.54019465	     81.58236223
      1.43333330	     -0.28899386	      1.05848052	      2.51155128	      0.77502319	      0.91114315	     -0.01491803	     -2.33716442	     -4.12781159	    -14.74202502	      0.31119930	      7.73802135	     -0.20947771	      0.00000000	     -1.99742567	     -3.60131470	    -17.01569137	      0.00000000	      7.72327377	     11.14988349	      0.00000000	      0.05331534	     -0.53758648	      2.57773804	     14.69419954	     -7.23786906	     65.57604315	     58.11745754	     85.80271649	     14.94610926	     -3.83606204	     52.22343708	     47.54024354	     81.58299123
      1.45000000	     -0.28571651	      1.05619783	      2.51235875	      0.77501950	      0.91111970	     -0.01487346	     -2.33543387	     -4.12757564	    -14.74262407	      0.31023114	      7.73800718	     -0.20973475	      0.00000000	     -1.99581942	     -3.60072362	    -17.01586070	      0.00000000	      7.72377921	     11.14987163	      0.00000000	      0.05351449	     -0.53740891	      2.57756889	     14.69406394	     -7.23814072	     65.57583687	     58.11764298	     85.80262091	     14.94562811	     -3.83623982	     52.22369105	     47.54029422	     81.58334091
      1.46666670	     -0.27255382	      1.05256453	      2.51692938	      0.77411268	      0.91058994	     -0.01474325	     -2.32910952	     -4.11986418	    -14.75006020	      0.30515663	      7.73806658	     -0.21305381	      0.00000000	     -1.98455412	     -3.60666200	    -17.01810969	      0.00000000	      7.72944895	     11.14926798	      0.00000000	      0.05529087	     -0.53545598	      2.57616267	     14.69503250	     -7.24110437	     65.57293176	     58.11943647	     85.80161543	     14.94062094	     -3.83749509	     52.22643607	     47.54086283	     81.58684291
      1.48333330	     -0.27010879	      1.05205798	      2.51730668	      0.77417292	      0.91105452	     -0.01471733	     -2.32759240	     -4.11963479	    -14.75097100	      0.30417734	      7.73820557	     -0.21356321	      0.00000000	     -1.98094166	     -3.60807358	    -17.01829338	      0.00000000	      7.73021431	     11.14919757	      0.00000000	      0.05529662	     -0.53520916	      2.57598643	     14.69572791	     -7.24151093	     65.57236838	     58.11968902	     85.80147917	     14.94027949	     -3.83757117	     52.22673005	     47.54098219	     81.58726468
      1.50000000	     -0.33649323	      0.96639484	      2.58195924	      0.77350883	      0.91125711	     -0.01449244	     -2.24483667	     -3.99469369	    -14.88495867	      0.23766143	      7.74606254	     -0.28406583	      0.00000000	     -1.83885868	     -3.71648443	    -17.03086427	      0.00000000	      7.80289778	     11.15796053	      0.00000000	     -0.02274994	     -0.50978278	      2.55883863	     14.82925098	     -7.29618196	     65.48100077	     58.14329393	     85.78213161	     14.90451731	     -3.85994043	     52.26274950	     47.54534650	     81.64241669
      1.51666670	     -0.32220896	      0.96881988	      2.58087527	      0.77391036	      0.91103996	     -0.01459755	     -2.24047825	     -3.99389313	    -14.88531745	      0.23643741	      7.74569662	     -0.28424616	      0.00000000	     -1.83084905	     -3.71783694	    -17.03022808	      0.00000000	      7.80308595	     11.15844615	      0.00000000	     -0.02237933	     -0.50888006	      2.55825528	     14.82928374	     -7.29611688	     65.48056834	     58.14360056	     85.78198695	     14.90500955	     -3.85985043	     52.26287264	     47.54560338	     81.64288570
      1.53333330	     -0.31223125	      0.96730247	      2.57889808	      0.77367710	      0.91101758	     -0.01464793	     -2.24157303	     -3.99839749	    -14.88793455	      0.23700695	      7.74425106	     -0.28554842	      0.00000000	     -1.81820868	     -3.72349444	    -17.02782367	      0.00000000	      7.80399945	     11.16068978	      0.00000000	     -0.02030238	     -0.50498006	      2.55592653	     14.82864821	     -7.29561038	     65.47880320	     58.14504532	     85.78134684	     14.90569710	     -3.85946133	     52.26375981	     47.54664155	     81.64499065
      1.55000000	     -0.30081789	      0.96861341	      2.57899947	      0.77423872	      0.91124353	     -0.01467299	     -2.23698608	     -3.99964954	    -14.88816889	      0.23564723	      7.74380392	     -0.28573420	      0.00000000	     -1.81057670	     -3.72604119	    -17.02696163	      0.00000000	      7.80411303	     11.16132290	      0.00000000	     -0.02068730	     -0.50411191	      2.55545878	     14.82918408	     -7.29557667	     65.47818142	     58.14532268	     85.78118494	     14.90624852	     -3.85934203	     52.26387154	     47.54687123	     81.64545554
      1.56666670	     -0.32502383	      0.97273728	      2.58095310	      0.77489285	      0.91134390	     -0.01459266	     -2.25951137	     -4.00062351	    -14.89127950	      0.25003002	      7.73932205	     -0.28695346	      0.00000000	     -1.80348503	     -3.73453983	    -17.02328363	      0.00000000	      7.80357510	     11.16503404	      0.00000000	     -0.02020990	     -0.49945313	      2.55371669	     14.83513634	     -7.29637232	     65.47291537	     58.14672787	     85.78005961	     14.90729231	     -3.85868495	     52.26496388	     47.54810213	     81.64842064
      1.58333330	     -0.36482528	      0.95417000	      2.69116633	      0.77506699	      0.91141549	     -0.01476868	     -2.26345650	     -3.98304757	    -15.09975016	      0.28275620	      7.58046661	     -0.35428929	      0.00000000	     -1.74858105	     -3.76508336	    -16.89411449	      0.00000000	      7.73989639	     11.32443981	      0.00000000	      0.12559532	     -0.42949428	      2.43669667	     14.96310057	     -7.34520417	     65.25324712	     58.19617245	     85.72899334	     14.83605796	     -3.85446622	     52.33369396	     47.59162114	     81.78450375
      1.60000000	     -0.38342894	      0.95702229	      2.69626125	      0.77540098	      0.91087257	     -0.01478662	     -2.27513179	     -3.98257018	    -15.10062349	      0.28862180	      7.57804764	     -0.35404945	      0.00000000	     -1.75266865	     -3.76698905	    -16.89573909	      0.00000000	      7.73965439	     11.32452272	      0.00000000	      0.12448833	     -0.43017748	      2.43710078	     14.96142959	     -7.34374029	     65.25093148	     58.19699678	     85.72808860	     14.83406477	     -3.85740933	     52.33435170	     47.59130251	     81.78715505
      1.61666670	     -0.39679260	      0.95659770	      2.69693134	      0.77506708	      0.91148988	     -0.01472974	     -2.28260505	     -3.98029068	    -15.10132026	      0.29157552	      7.57775157	     -0.35421967	      0.00000000	     -1.75547200	     -3.76418848	    -16.89661670	      0.00000000	      7.73968873	     11.32425739	      0.00000000	      0.12554138	     -0.43033428	      2.43749582	     14.96161110	     -7.34341966	     65.25032286	     58.19727276	     85.72792328	     14.83314400	     -3.85794352	     52.33457106	     47.59128417	     81.78760666
      1.63333330	     -0.40126830	      0.95771881	      2.69793651	      0.77476247	      0.91087482	     -0.01476341	     -2.28776864	     -3.97524479	    -15.10238926	      0.29327794	      7.57724140	     -0.35434208	      0.00000000	     -1.75675179	     -3.75886625	    -16.89807439	      0.00000000	      7.73940664	     11.32385905	      0.00000000	      0.12649480	     -0.43067978	      2.43830233	     14.96228303	     -7.34305898	     65.24944403	     58.19743738	     85.72772574	     14.83160272	     -3.85883863	     52.33488195	     47.59103656	     81.78810416
      1.65000000	     -0.45721185	      1.08461829	      2.81428848	      0.77500244	      0.91152926	     -0.01482873	     -2.37917796	     -4.07544431	    -15.34678696	      0.06739140	      7.34903970	     -0.32112604	      0.00000000	     -1.69344488	     -3.60249885	    -17.17247335	      0.00000000	      7.55208055	     11.30521642	      0.00000000	      0.31335117	     -0.63632158	      2.32919388	     14.87968964	     -7.26361043	     64.89604514	     58.20050619	     85.62487458	     14.66238929	     -3.99451968	     52.40823143	     47.63225665	     82.05411309
      1.66666670	     -0.46064341	      1.08613186	      2.81542887	      0.77480376	      0.91132684	     -0.01495150	     -2.37726095	     -4.07236033	    -15.34686121	      0.06651946	      7.34938356	     -0.32111251	      0.00000000	     -1.69873859	     -3.60110652	    -17.17228491	      0.00000000	      7.55190287	     11.30549442	      0.00000000	      0.31355182	     -0.63613410	      2.32973609	     14.88025931	     -7.26337473	     64.89533176	     58.20047479	     85.62469608	     14.66210604	     -3.99483743	     52.40827692	     47.63229223	     82.05456380
      1.68333330	     -0.46242570	      1.08297774	      2.82453415	      0.77529298	      0.91112017	     -0.01477980	     -2.36279758	     -4.06510934	    -15.34658176	      0.06045357	      7.35126006	     -0.32102006	      0.00000000	     -1.71385270	     -3.59098013	    -17.17148170	      0.00000000	      7.55058669	     11.30679504	      0.00000000	      0.31364797	     -0.63414186	      2.33177705	     14.88567177	     -7.26360215	     64.89056142	     58.20005199	     85.62370741	     14.66145626	     -3.99532112	     52.40846964	     47.63279209	     82.05684659
      1.70000000	     -0.46879285	      1.08254156	      2.82635008	      0.77501109	      0.91088398	     -0.01480917	     -2.36258728	     -4.06375740	    -15.34669135	      0.06002434	      7.35171380	     -0.32105705	      0.00000000	     -1.72069024	     -3.58983104	    -17.17160456	      0.00018491	      7.55036026	     11.30696167	      0.00000000	      0.31426404	     -0.63392612	      2.33220762	     14.88655521	     -7.26360201	     64.88966392	     58.19998406	     85.62352219	     14.66099449	     -3.99549575	     52.40856807	     47.63286363	     82.05727790
      1.71666670	     -0.46586340	      1.07984019	      2.83605217	      0.77489529	      0.91084861	     -0.01471529	     -2.34658967	     -4.06047231	    -15.34648904	      0.05186549	      7.35481633	     -0.32129674	      0.00000000	     -1.73603896	     -3.58725663	    -17.17124387	      0.00000000	      7.55019880	     11.30807262	      0.00000000	      0.31808022	     -0.63241030	      2.33455369	     14.89332920	     -7.26391724	     64.88395140	     58.19972478	     85.62246105	     14.65855607	     -3.99595313	     52.40913409	     47.63348398	     82.05961722
      1.73333330	     -0.46520211	      1.08055032	      2.83768216	      0.77488644	      0.91116088	     -0.01484278	     -2.34221974	     -4.05966416	    -15.34651144	      0.04963099	      7.35561858	     -0.32144732	      0.00000000	     -1.73937781	     -3.58866754	    -17.17109543	      0.00000000	      7.55029826	     11.30832829	      0.00000000	      0.31908736	     -0.63231948	      2.33524169	     14.89470004	     -7.26373757	     64.88272399	     58.19970505	     85.62222170	     14.65782456	     -3.99624100	     52.40927511	     47.63358306	     82.06015387
      1.75000000	     -0.45844167	      1.07588737	      2.84345692	      0.77465286	      0.91087788	     -0.01474053	     -2.32975818	     -4.05716457	    -15.34742990	      0.04265717	      7.35861420	     -0.32222524	      0.00000000	     -1.74976980	     -3.58991474	    -17.17010543	      0.00000000	      7.55117281	     11.30974662	      0.00000000	      0.32338838	     -0.63097445	      2.33757831	     14.90088586	     -7.26399327	     64.87694483	     58.19916396	     85.62110987	     14.65406921	     -3.99667799	     52.41012099	     47.63404965	     82.06261844
      1.76666670	     -0.44793615	      1.07301788	      2.84443299	      0.77510883	      0.91108750	     -0.01460352	     -2.32378896	     -4.05816490	    -15.34754098	      0.04008114	      7.35906558	     -0.32240480	      0.00000000	     -1.74619970	     -3.58960898	    -17.16977651	      0.00000000	      7.55146598	     11.30999918	      0.00000000	      0.32360965	     -0.63066351	      2.33775127	     14.90157590	     -7.26398111	     64.87612071	     58.19904009	     85.62092579	     14.65378455	     -3.99664678	     52.41020209	     47.63416530	     82.06304418
      1.78333330	     -0.43299777	      1.02003050	      2.78840398	      0.77559770	      0.91138466	     -0.01431072	     -2.34003140	     -3.97825443	    -15.39028213	      0.03943646	      7.38935324	     -0.34603005	      0.00000000	     -1.80874331	     -3.67211079	    -17.16361796	      0.00000000	      7.57777928	     11.32605682	      0.00000000	      0.37715253	     -0.62706317	      2.34268859	     14.83486194	     -7.22818254	     64.84631722	     58.18902887	     85.60639488	     14.60058312	     -4.01115399	     52.42049561	     47.64019435	     82.10403325
      1.80000000	     -0.43112882	      1.02554510	      2.79520393	      0.77498345	      0.91132143	     -0.01423502	     -2.33711338	     -3.97753999	    -15.38967349	      0.03618522	      7.39053030	     -0.34550145	      0.00000000	     -1.81160675	     -3.67732998	    -17.16588599	      0.00000000	      7.58023157	     11.32587290	      0.00000000	      0.37951711	     -0.62316286	      2.34277700	     14.83113448	     -7.22721513	     64.84503166	     58.18824806	     85.60565206	     14.60042934	     -4.01165345	     52.42026345	     47.64087888	     82.10611915
      1.81666670	     -0.43381571	      1.02789350	      2.79655395	      0.77476390	      0.91116868	     -0.01427025	     -2.33668936	     -3.97783693	    -15.38955353	      0.03517008	      7.39082566	     -0.34537928	      0.00000000	     -1.81514051	     -3.68030867	    -17.16631996	      0.00000000	      7.58067507	     11.32588858	      0.00000000	      0.38001752	     -0.62256766	      2.34259827	     14.82994195	     -7.22689201	     64.84491033	     58.18806477	     85.60550363	     14.60066456	     -4.01177463	     52.42014723	     47.64104189	     82.10655298
      1.83333330	     -0.41424536	      1.02664371	      2.79881436	      0.77363393	      0.91131875	     -0.01464306	     -2.31983857	     -3.98095775	    -15.38990587	      0.01735761	      7.39393373	     -0.34514310	      0.00000000	     -1.81385312	     -3.68610970	    -17.16838865	      0.00000000	      7.58426787	     11.32662989	      0.00000000	      0.38331890	     -0.61954507	      2.34056905	     14.82009964	     -7.22370104	     64.84510526	     58.18696699	     85.60461392	     14.60433303	     -4.01272696	     52.41895302	     47.64234311	     82.10928919
      1.85000000	     -0.40032084	      1.02680184	      2.79886737	      0.77413786	      0.91139860	     -0.01464387	     -2.31260907	     -3.98121588	    -15.38978275	      0.01312261	      7.39415117	     -0.34500763	      0.00000000	     -1.80750652	     -3.68626474	    -17.16848360	      0.00000000	      7.58466791	     11.32684876	      0.00000000	      0.38273637	     -0.61886989	      2.33987570	     14.81863760	     -7.22343053	     64.84515205	     58.18665780	     85.60447471	     14.60581712	     -4.01265285	     52.41858893	     47.64261933	     82.10969710
      1.86666670	     -0.39059981	      1.02270472	      2.79253350	      0.77336147	      0.91185762	     -0.01489778	     -2.30870121	     -3.98333062	    -15.39138458	      0.00000000	      7.39507501	     -0.34450788	      0.00000000	     -1.79490668	     -3.68460665	    -17.17074805	      0.00000000	      7.58704272	     11.32799622	      0.00000000	      0.38107333	     -0.61457722	      2.33506234	     14.80452927	     -7.22099263	     64.84729543	     58.18473356	     85.60375581	     14.61306474	     -4.01223098	     52.41680835	     47.64417968	     82.11215847
      1.88333330	     -0.38207370	      1.02068469	      2.79198460	      0.77355711	      0.91190603	     -0.01485211	     -2.30468745	     -3.98624096	    -15.39148864	      0.00000000	      7.39511315	     -0.34434025	      0.00000000	     -1.78954457	     -3.68466585	    -17.17100912	      0.00000000	      7.58726952	     11.32823626	      0.00000000	      0.38013796	     -0.61356590	      2.33421782	     14.80251192	     -7.22079461	     64.84759763	     58.18434044	     85.60363966	     14.61456226	     -4.01201979	     52.41646154	     47.64445583	     82.11253456
      1.90000000	     -0.42305555	      1.02758035	      2.76260843	      0.77262470	      0.91062185	     -0.01489383	     -2.21501288	     -4.02349341	    -15.40415504	      0.00000000	      7.39065828	     -0.32440320	      0.00000000	     -1.70000882	     -3.65770764	    -17.20336962	      0.00000000	      7.60586058	     11.34901155	      0.00000000	      0.26760394	     -0.51608044	      2.27924950	     14.66126727	     -7.20078205	     64.86634181	     58.15047179	     85.59257810	     14.75788777	     -3.99509612	     52.38277470	     47.67087193	     82.14668143
      1.91666670	     -0.41332528	      1.02559876	      2.76240386	      0.77300191	      0.91126905	     -0.01479766	     -2.21402003	     -4.02563908	    -15.40382792	      0.00076405	      7.39060534	     -0.32403588	      0.00000000	     -1.68933795	     -3.65817017	    -17.20342778	      0.00000000	      7.60622276	     11.34935255	      0.00000000	      0.26769243	     -0.51591953	      2.27983542	     14.66158920	     -7.20035689	     64.86599295	     58.15041597	     85.59241542	     14.75853165	     -3.99515556	     52.38252649	     47.67118051	     82.14711778
      1.93333330	     -0.39579795	      1.02584317	      2.76640458	      0.77121474	      0.91079887	     -0.01476798	     -2.21722885	     -4.02715822	    -15.40123066	      0.00000000	      7.39095491	     -0.32089937	      0.00000000	     -1.66469075	     -3.66192444	    -17.20476483	      0.00000000	      7.60820474	     11.35183876	      0.00000000	      0.27026484	     -0.51415565	      2.28417972	     14.66121161	     -7.19767994	     64.86482973	     58.15037106	     85.59151826	     14.76219854	     -3.99697174	     52.38079577	     47.67354855	     82.14974251
      1.95000000	     -0.48541425	      0.98863906	      2.81425173	      0.77035433	      0.91018938	     -0.01473228	     -2.06316276	     -3.98572784	    -15.33609350	      0.00000000	      7.42080108	     -0.24876572	      0.00000000	     -1.48107897	     -3.70468037	    -17.18203186	      0.00000000	      7.60180302	     11.46954039	      0.00000000	      0.20718423	     -0.48558658	      2.35161530	     14.73671003	     -7.17475703	     64.80088886	     58.16255442	     85.55808347	     15.06936455	     -4.01318240	     52.29769443	     47.82914126	     82.24835117
      1.96666670	     -0.47715475	      0.99119927	      2.81387407	      0.77039275	      0.90953789	     -0.01492644	     -2.05991273	     -3.98506665	    -15.33574639	      0.00000000	      7.42101554	     -0.24846320	      0.00000000	     -1.47796098	     -3.70614811	    -17.18208353	      0.00000000	      7.60177066	     11.47000977	      0.00000000	      0.20796784	     -0.48546592	      2.35178216	     14.73815164	     -7.17527145	     64.80013962	     58.16280585	     85.55791474	     15.07122474	     -4.01339727	     52.29722700	     47.83014659	     82.24880560
      1.98333330	     -0.57953476	      0.96697898	      2.84632593	      0.76756114	      0.90988431	     -0.01531557	     -1.84009441	     -3.99213358	    -15.26846382	      0.00000000	      7.50076831	     -0.21476670	      0.00000000	     -1.25626716	     -3.70802002	    -17.19557054	      0.00000000	      7.61926874	     11.53778027	      0.00000000	      0.23484278	     -0.41932989	      2.34975615	     15.15493947	     -7.36197352	     64.62427384	     58.26820355	     85.52680151	     15.60055826	     -4.04480148	     52.18380189	     48.09671845	     82.33370393
      2.00000000	     -0.83963674	      0.95945451	      2.72164867	      0.76669400	      0.90800458	     -0.01492031	     -1.35372144	     -4.03567272	    -15.10754911	      0.18372116	      7.68040472	     -0.27755460	      0.00000000	     -0.91288285	     -3.69270251	    -17.37555262	      0.00000000	      7.54142623	     11.67014419	      0.00000000	      0.29596231	     -0.40754330	      2.55772464	     15.15135723	     -8.00273546	     64.50168345	     59.69999898	     85.37442361	     15.87642103	     -4.55630142	     52.40243455	     49.86586509	     83.20609389
      2.01666670	     -0.88245846	      0.94972849	      2.75847142	      0.76380174	      0.90668209	     -0.01454832	     -1.20992300	     -4.01753607	    -15.04953744	      0.13607126	      7.67349223	     -0.25754119	      0.00000000	     -0.75623261	     -3.70374280	    -17.36277975	      0.00000000	      7.56135704	     11.67217232	      0.00000000	      0.28720073	     -0.41197901	      2.47865123	     15.40472888	     -8.06844445	     64.41899717	     59.77098990	     85.36108593	     16.48851439	     -4.63167230	     52.25141735	     49.99983560	     83.27350779
      2.03333330	     -1.03195944	      0.92654882	      2.69843960	      0.76186852	      0.90615191	     -0.01391102	     -0.82676487	     -4.00146807	    -14.98530939	      0.24317411	      7.66730157	     -0.28432402	      0.00000000	     -0.46612109	     -3.73410094	    -17.30577169	      0.00000000	      7.50542977	     11.66937342	      0.00000000	      0.12712453	     -0.43287659	      2.39255213	     16.04071938	     -8.34832174	     64.23966526	     60.01796481	     85.34537499	     17.41913604	     -4.80317669	     52.08328671	     50.33749789	     83.41907320
      2.05000000	     -1.05209043	      0.93801730	      2.70293594	      0.75858412	      0.90490083	     -0.01454507	     -0.53088969	     -4.04517520	    -14.66809692	      0.40319297	      7.55661321	     -1.06615516	      0.00000000	     -0.23707329	     -3.72609892	    -16.93528234	      0.09330452	      7.30732997	     10.87396683	      0.00000000	     -0.30475429	     -0.42444801	      2.43433712	     16.89138539	     -9.28907939	     63.13535970	     61.78921684	     85.40725865	     18.83130543	     -5.45550967	     52.47472343	     52.34256222	     87.64676528
      2.06666670	     -1.33221475	      0.94002513	      2.59303532	      0.75617977	      0.90484600	     -0.01391067	      0.08278224	     -4.08492577	    -14.44353730	      0.51930927	      7.55900268	     -0.89908344	      0.00000000	      0.30867823	     -3.74261318	    -17.01702976	      0.23829836	      7.22397596	     10.87017057	      0.00000000	     -0.26965526	     -0.33653678	      2.47428761	     18.32269052	     -9.66858992	     62.57237972	     61.86471103	     85.40369079	     20.22579389	     -5.63740566	     52.04205580	     52.56955124	     87.76685269
      2.08333330	     -1.63386306	      0.95944703	      2.54764455	      0.75781782	      0.90720900	     -0.01367425	      0.62068098	     -4.13147353	    -14.33288586	      0.69217281	      7.57855899	     -0.82913945	      0.00000000	      0.83890791	     -3.76275179	    -17.05538970	      0.38391051	      7.02721400	     10.86120822	      0.00000000	     -0.20304104	     -0.34109694	      2.46413274	     19.89593206	    -10.15190874	     61.78444547	     61.89932723	     85.39984165	     21.71784094	     -5.92885905	     51.57375250	     52.91666353	     87.88054980
      2.10000000	     -2.22482924	      0.98650428	      2.47770517	      0.75643246	      0.90730466	     -0.01308131	      1.50932489	     -4.18203084	    -14.17915211	      1.00843634	      7.89153648	     -0.89367136	      0.00000000	      1.69100932	     -3.76607387	    -16.96324508	      0.62548796	      7.05233253	     10.51201554	      0.00000000	      0.06819636	     -0.41457341	      2.55860002	     21.10229298	    -10.59627707	     59.75543713	     62.16837846	     85.63377773	     23.10580127	     -6.56702625	     50.83873135	     54.34138962	     88.63040894
      2.11666670	     -2.46525434	      0.99773843	      2.49294588	      0.75403338	      0.90765536	     -0.01341792	      1.91875588	     -4.20224800	    -14.16378981	      1.06779406	      7.77404802	     -0.86288100	      0.00000000	      2.15774825	     -3.77084734	    -16.91830795	      0.77179235	      6.90390743	     10.57083656	      0.00000000	      0.09202523	     -0.44283023	      2.55194736	     23.01396346	    -11.27765724	     58.76862733	     62.04011195	     85.63501316	     24.84148535	     -6.96662240	     50.15521155	     54.47933422	     88.67541603
      2.13333330	     -2.75215709	      1.02770301	      2.47593845	      0.75085708	      0.90821329	     -0.01357312	      2.48504981	     -4.25829803	    -14.33180167	      1.21999597	      7.73917085	     -1.12893858	      0.00000000	      2.74851887	     -3.75741125	    -16.98488596	      1.01770694	      6.91079879	     10.43467155	      0.00000000	      0.00451623	     -0.54884846	      2.54426212	     24.97491369	    -11.85234247	     57.30409941	     61.78367128	     85.68810598	     26.78351801	     -7.39965074	     49.13351578	     54.67229020	     88.77682742
      2.15000000	     -3.29249609	      1.01275902	      2.47581148	      0.74895631	      0.90583410	     -0.01373019	      3.30381657	     -4.26801428	    -13.99410800	      1.26785016	      7.36446365	     -1.76534976	      0.00000000	      3.62286846	     -3.74475534	    -16.70087102	      1.24723388	      6.81795062	     10.12566731	      0.00000000	      0.34122907	     -0.61562807	      2.58247345	     26.41823516	    -12.36903339	     54.19086187	     61.29775540	     86.28308541	     28.38360436	     -7.66764695	     46.69821879	     54.82893584	     89.32597617
      2.16666670	     -3.55491355	      1.02061811	      2.44093731	      0.75026834	      0.90749354	     -0.01412023	      3.84769644	     -4.32187201	    -14.07910229	      1.52579330	      7.26274520	     -1.89049170	      0.00000000	      4.19522787	     -3.73954405	    -16.68363682	      1.54437317	      6.83568454	     10.08611718	      0.00000000	      0.34163950	     -0.68640408	      2.52488360	     28.54726961	    -13.23841902	     53.03378131	     61.05053270	     86.40962938	     30.52003136	     -8.17355596	     45.57134670	     54.67644023	     89.38772219
      2.18333330	     -4.13799486	      1.01850888	      2.40330189	      0.74542036	      0.90512767	     -0.01439147	      4.82673003	     -4.38629049	    -13.80548591	      1.90152359	      7.00647277	     -2.52783197	      0.00000000	      5.20488638	     -3.72581234	    -16.41162719	      1.99076639	      6.91411800	      9.51029240	      0.00000000	      0.79110813	     -0.75471788	      2.55259596	     30.58514872	    -13.85481358	     50.68859848	     60.01545790	     87.11413029	     32.50342654	     -8.16126802	     42.88107956	     53.54277226	     89.71688579
      2.20000000	     -4.63068358	      1.01400180	      2.40997029	      0.74077480	      0.90418290	     -0.01373055	      5.86593801	     -4.46260358	    -13.50343110	      2.52944744	      6.92772040	     -3.21872642	      0.00000000	      6.22476015	     -3.75540074	    -16.07660274	      2.66711781	      7.11130795	      8.89123434	      0.00000000	      0.99394753	     -0.82367369	      2.57375927	     33.07170453	    -14.51570861	     48.76452054	     58.91491161	     87.82158974	     34.79766606	     -8.41971606	     40.88865153	     52.68480736	     90.06416702
      2.21666670	     -5.19977305	      1.03604651	      2.43940616	      0.73408125	      0.90611570	     -0.01456553	      7.17467017	     -4.59379107	    -13.20138090	      3.26858383	      6.71149785	     -4.01722210	      0.00000000	      7.48738468	     -3.74918337	    -15.64168767	      3.47537638	      7.08002766	      8.04402006	      0.00000000	      1.11747488	     -0.87995098	      2.55526421	     35.70223416	    -15.09299821	     46.86159492	     57.48424978	     88.43762400	     37.25766426	     -8.65845211	     38.95756214	     51.47993188	     90.31713301
      2.23333330	     -5.75823157	      1.09265203	      2.47839340	      0.72883560	      0.90741280	     -0.01499135	      8.60409949	     -4.76643062	    -12.74787826	      4.20985370	      6.57651765	     -4.82234001	      0.00000000	      8.85272006	     -3.69697409	    -15.07871698	      4.41923413	      6.98550084	      6.95427970	      0.00000000	      1.17129117	     -0.99859989	      2.48331034	     38.22089157	    -15.59876087	     44.99406131	     56.02136139	     88.98565549	     39.50865994	     -8.97248910	     37.10953929	     50.21944953	     90.50370665
      2.25000000	     -6.33184478	      1.14667540	      2.50794134	      0.72214183	      0.90744764	     -0.01511767	     10.24936729	     -4.96991704	    -12.16116845	      5.43975952	      6.47926709	     -5.84374023	      0.00000000	     10.38581661	     -3.66536998	    -14.44179647	      5.56882069	      7.03944843	      5.75739094	      0.00000000	      1.07564752	     -1.09575012	      2.40388101	     40.84499950	    -16.07144379	     43.34393377	     54.68266717	     89.38791130	     41.82130788	     -9.37400534	     35.51887384	     49.18120251	     90.62721548
      2.26666670	     -6.89160590	      1.22492412	      2.58450576	      0.71683944	      0.90954633	     -0.01483196	     11.98594867	     -5.20710049	    -11.46925643	      6.91456245	      6.21906169	     -7.08531740	      0.00000000	     12.10679432	     -3.61164425	    -13.65437683	      7.00963266	      6.85828754	      4.20056240	      0.00000000	      0.84721073	     -1.24571914	      2.14538740	     43.39806684	    -16.43963919	     41.66945271	     53.27168185	     89.71164098	     43.94665734	     -9.85621000	     34.00971207	     47.98304673	     90.71735995
      2.28333330	     -7.49517009	      1.30915996	      2.58468045	      0.70930745	      0.90805974	     -0.01559270	     13.95600722	     -5.46568817	    -10.69237834	      8.59164151	      6.00292999	     -8.40517617	      0.00000000	     14.07634986	     -3.56393387	    -12.91352242	      8.72263965	      6.72548960	      2.52617872	      0.00000000	      0.56709926	     -1.34619045	      2.14701489	     46.01671576	    -17.01579830	     40.16916342	     52.16690836	     89.95077726	     45.90689380	    -10.29709102	     32.60595811	     47.32984525	     90.79458177
      2.30000000	     -8.16197372	      1.33765323	      2.63558415	      0.70142698	      0.90515945	     -0.01602120	     16.20203248	     -5.70504777	     -9.87183030	     10.56560854	      5.71149728	     -9.99916598	      0.00000000	     16.34267317	     -3.57620090	    -11.97435421	     10.83265316	      6.64482973	      0.51541720	      0.00000000	      0.15345322	     -1.34789085	      2.11044015	     48.72916315	    -17.59062659	     38.68461534	     51.14570492	     90.04602693	     48.03502857	    -10.77354644	     31.38496952	     46.93727238	     90.85168641
      2.31666670	     -8.28871059	      1.35023678	      2.66624837	      0.69433649	      0.90259837	     -0.01548153	     18.03648271	     -5.92940093	     -9.47921895	     12.84697702	      6.07646231	    -10.77074413	      0.00000000	     18.18188226	     -3.71970692	    -11.65254615	     13.28784803	      7.17941456	     -0.52910928	      0.00000000	     -1.06913880	     -1.34245872	      2.08593867	     51.58627481	    -18.45677396	     37.57323520	     50.85400475	     89.98550753	     50.41591063	    -11.28894091	     30.58194059	     47.01854641	     90.81738287
      2.33333330	     -9.49698513	      1.26402115	      2.68740861	      0.69200867	      0.89721435	     -0.01558595	     21.17500381	     -6.05419794	     -8.26751349	     15.31903823	      5.54075155	    -13.10590541	      0.00000000	     21.28347799	     -3.80675468	    -10.11027943	     16.01653710	      6.93659454	     -3.53615042	      0.00000000	     -0.58964820	     -1.16178301	      2.00686657	     53.76271455	    -18.84901906	     36.11625133	     50.29507257	     89.84146773	     52.04972815	    -11.77461428	     29.29460418	     46.88117234	     90.77641434
      2.35000000	    -10.00214766	      1.19229930	      2.74390631	      0.68856317	      0.89318052	     -0.01585864	     23.45455507	     -6.22541234	     -7.60005005	     17.79566109	      5.45648680	    -14.74169684	      0.00000000	     23.54401203	     -3.95001438	     -9.26316967	     18.65467798	      7.24185399	     -5.46837066	      0.00000000	     -1.01123917	     -0.99775800	      1.92185520	     55.98945082	    -19.45217755	     34.78592977	     50.29655086	     89.63953163	     53.75862112	    -12.28898739	     28.18613646	     47.24973292	     90.74334758
      2.36666670	    -10.56001026	      1.15036235	      2.74064454	      0.68275697	      0.88890493	     -0.01567791	     25.91479867	     -6.43053069	     -6.96693719	     20.50297238	      5.80991367	    -15.93262309	      0.00000000	     25.95880718	     -4.08845102	     -8.53645212	     21.41984915	      7.78482348	     -7.10370694	      0.00000000	     -1.34261341	     -0.89344514	      1.80025160	     57.89486910	    -20.06627269	     33.63432035	     50.79608423	     89.41588797	     55.38722238	    -12.99929370	     27.28417885	     47.75502383	     90.71900865
      2.38333330	    -10.63267504	      1.16525731	      2.72162450	      0.67784594	      0.87892758	     -0.01576453	     27.87394676	     -6.73578975	     -6.60181923	     23.41980876	      6.73198678	    -16.87089540	      0.00000000	     27.86785413	     -4.24437661	     -7.98688262	     24.34039455	      8.92474279	     -8.06653949	      0.00000000	     -2.22495099	     -0.87106402	      1.64818618	     60.09796273	    -20.62003510	     32.80023636	     51.22842420	     89.29000797	     57.42959289	    -13.59925425	     26.64455516	     48.07246803	     90.68321853
      2.40000000	    -11.83253006	      1.13321780	      2.72477606	      0.67363673	      0.87218906	     -0.01637918	     31.04140778	     -7.07678235	     -6.29309961	     26.35517206	      7.19155347	    -17.87618422	      0.00000000	     31.02316747	     -4.40308043	     -7.48138730	     27.24824157	      9.58781316	     -9.37974270	      0.00000000	     -1.63790468	     -0.82989131	      1.52732170	     61.65678169	    -21.21255838	     31.93436244	     52.09277893	     89.02888974	     58.95922275	    -14.34285746	     26.00505569	     48.70659393	     90.65029992
      2.41666670	    -12.50672651	      1.16396758	      2.64100170	      0.66679152	      0.86153307	     -0.01598617	     33.76288051	     -7.41281504	     -5.87228990	     29.48200050	      8.28023855	    -18.38206149	      0.00000000	     33.64423820	     -4.58022360	     -7.03331923	     30.30941219	     10.71281431	    -10.30761942	      0.00000000	     -1.77979857	     -0.88829391	      1.64027376	     63.79015866	    -21.75918815	     31.20014282	     52.47514708	     88.75955053	     61.01262862	    -14.61033890	     25.49482974	     49.09251538	     90.60467388
      2.43333330	    -13.17625261	      1.17104223	      2.61522991	      0.66516793	      0.85512586	     -0.01617846	     36.25753490	     -7.76784944	     -5.70629240	     32.40728046	      9.39030506	    -18.65598058	      0.00000000	     36.14368159	     -4.79195292	     -6.70654013	     33.22997504	     11.81837356	    -10.85703062	      0.00000000	     -1.87888392	     -0.88387365	      1.80002785	     65.82345671	    -22.31466839	     30.71292954	     52.42493459	     88.52443549	     62.98908416	    -14.70641813	     25.11547690	     49.05981109	     90.54336804
      2.45000000	    -13.92549635	      1.15541148	      2.55577933	      0.65945542	      0.84868254	     -0.01546481	     38.89552708	     -8.03475359	     -5.41830352	     35.27828252	     10.65869346	    -18.38145443	      0.00000000	     38.72234160	     -5.04104893	     -6.39581578	     36.06353227	     12.89773524	    -11.04025529	      0.00000000	     -1.85705877	     -0.87932642	      2.03037023	     67.73525749	    -22.72414782	     30.46418606	     52.09972109	     88.23144607	     64.94582812	    -14.61250752	     24.91328799	     48.68873312	     90.45403576
      2.46666670	    -14.64885729	      1.09447745	      2.56823071	      0.65489457	      0.84067445	     -0.01670244	     41.36231900	     -8.30809587	     -5.27884091	     37.96552354	     12.13577746	    -17.95986320	      0.00000000	     41.24466723	     -5.26113335	     -6.04219350	     38.76746124	     14.08987153	    -10.99833069	      0.00000000	     -1.92791459	     -0.83726738	      1.96703740	     69.46862965	    -22.93793768	     30.33998289	     51.79263916	     87.89475952	     66.98074545	    -14.67977757	     24.84561041	     47.91313612	     90.33153751
      2.48333330	    -15.37020646	      1.04169928	      2.59383319	      0.65014221	      0.83168068	     -0.01610067	     43.83420551	     -8.53552651	     -5.06171246	     40.75495893	     13.75147012	    -17.48430187	      0.00000000	     43.77372766	     -5.49525557	     -5.78463819	     41.56463023	     15.39822257	    -10.83911156	      0.00000000	     -2.06479669	     -0.85461471	      1.87653250	     71.17891197	    -23.09559606	     30.29748412	     51.43839066	     87.50871667	     69.09554162	    -14.70594199	     24.97839868	     47.02364930	     90.17163927
      2.50000000	    -16.03518732	      1.03044606	      2.68664254	      0.64554051	      0.82686931	     -0.01637665	     46.24376342	     -8.78948270	     -4.78509180	     43.49355217	     14.93272563	    -17.33649726	      0.00000000	     46.13305020	     -5.61998469	     -5.59064137	     44.11044005	     16.47012538	    -10.61466831	      0.00000000	     -2.37934447	     -0.87168476	      1.93995222	     72.79476985	    -23.36996047	     30.15383061	     51.12858830	     87.06935973	     70.84457847	    -14.56600191	     25.09805074	     46.47918963	     89.94963912
      2.51666670	    -16.63929609	      0.98604638	      2.70470977	      0.64113951	      0.82016609	     -0.01637278	     48.52542641	     -8.93658720	     -4.48277936	     46.04214795	     15.92666522	    -17.31618909	      0.00000000	     48.33723001	     -5.81865804	     -5.37191125	     46.53184127	     17.43376184	    -10.72093534	      0.00000000	     -2.88664496	     -0.84678118	      1.94983920	     74.33935560	    -23.48609166	     29.85378596	     51.00779962	     86.66354719	     72.45273304	    -14.51881275	     25.05139326	     46.27578950	     89.70897454
      2.53333330	    -17.35638844	      0.93754363	      2.60199844	      0.63429571	      0.81235027	     -0.01524934	     51.11114641	     -8.93736333	     -4.13447567	     48.60955562	     16.61288761	    -17.05324186	      0.00000000	     50.84029336	     -6.06916732	     -5.10878898	     48.97159854	     17.91832676	    -10.73819369	      0.00000000	     -3.51633998	     -0.88639779	      1.78934766	     76.04335417	    -23.24905539	     29.50125742	     50.79323230	     86.09454566	     74.38633358	    -14.57525397	     25.01088750	     45.83997906	     89.32410532
      2.55000000	    -17.62549083	      0.89791294	      2.45813361	      0.63171619	      0.80619498	     -0.01530428	     53.09123778	     -8.92913162	     -3.91602121	     51.08273413	     17.04154353	    -17.26374629	      0.00000000	     52.73999884	     -6.32783876	     -4.86904787	     51.15816993	     18.22865858	    -10.94698677	      0.00000000	     -4.77510969	     -0.92327953	      1.67577508	     77.76642914	    -23.13490788	     29.01593372	     51.00957458	     85.93522188	     76.16054519	    -14.61479522	     24.67800564	     46.03986886	     89.19967613
      2.56666670	    -18.57085973	      0.94831593	      2.37301532	      0.62567156	      0.79859047	     -0.01468933	     55.76083917	     -8.97734815	     -3.53075604	     53.35227705	     17.85652133	    -16.90675904	      0.00000000	     55.32677233	     -6.47850236	     -4.72046773	     53.25674232	     18.76899962	    -10.99638903	      0.00000000	     -5.03652615	     -0.99339496	      1.36763704	     78.88065517	    -22.51339924	     28.34513419	     51.23092980	     85.29409453	     77.46589053	    -14.78990951	     24.42289878	     45.95829094	     88.66533512
      2.58333330	    -19.17181677	      1.02097364	      2.39436922	      0.62282352	      0.78825510	     -0.01429242	     58.09142213	     -9.15970045	     -3.30632687	     55.75316703	     18.56830920	    -16.87289183	      0.00000000	     57.59119161	     -6.61696797	     -4.53674794	     55.43524314	     19.20677783	    -11.09365670	      0.00000000	     -5.73205117	     -1.10092294	      1.11179696	     80.39965958	    -21.91471214	     27.53935161	     51.39487919	     84.64066224	     78.99531704	    -14.84869413	     24.02569027	     46.00794552	     88.04562878
      2.60000000	    -19.49662199	      1.04334869	      2.43257027	      0.61792053	      0.78167020	     -0.01530933	     59.98830941	     -9.31305651	     -3.03914616	     57.87494461	     18.82907362	    -17.04050943	      0.00000000	     59.45666142	     -6.68889561	     -4.36707857	     57.52748504	     19.42249863	    -11.18024427	      0.00000000	     -6.94398800	     -1.14184358	      1.02810782	     82.19459921	    -21.63466007	     27.03869699	     51.62078323	     84.48431314	     80.74257020	    -14.66744044	     23.67000669	     46.24661564	     87.88281551
      2.61666670	    -20.33436798	      1.16442921	      2.62215144	      0.61671360	      0.77326306	     -0.01485678	     62.30377240	     -9.57778176	     -2.57870210	     59.97799093	     19.71301567	    -16.68015389	      0.00000000	     61.64998267	     -6.68069699	     -4.43585492	     59.38404224	     19.94847044	    -11.19364157	      0.00000000	     -7.10280444	     -1.23716578	      0.72974566	     83.45118640	    -20.79356871	     26.34993753	     51.20069567	     83.80353954	     81.92894373	    -14.53685204	     23.16778275	     45.51400512	     87.06643583
      2.63333330	    -20.58821832	      1.09357632	      2.81241963	      0.61457276	      0.76531627	     -0.01460623	     63.85756967	     -9.66836622	     -2.30492089	     61.92722153	     20.26318168	    -16.97516648	      0.00000000	     63.18377956	     -6.76949824	     -4.28820454	     61.27659166	     20.40232749	    -11.37901949	      0.00000000	     -8.10964608	     -1.21961764	      0.57929431	     84.90844823	    -20.53762498	     25.92405343	     51.35813453	     83.63378630	     83.29716922	    -14.33006905	     22.87096800	     45.65403550	     86.85524937
      2.65000000	    -21.22526921	      1.18647047	      2.88082905	      0.60683721	      0.75799848	     -0.01475449	     66.14313335	     -9.82508340	     -1.98829000	     63.98443626	     21.07894101	    -16.59398842	      0.00000000	     65.16578593	     -6.79713415	     -4.32862579	     63.08940879	     21.10871828	    -11.23174829	      0.00000000	     -8.64991337	     -1.29675691	      0.51168488	     86.40289935	    -19.77093158	     25.24660132	     50.71020401	     82.85150451	     84.74588943	    -13.98644737	     22.15307803	     44.66359494	     85.73525115
      2.66666670	    -21.45558720	      1.12535331	      3.04818765	      0.60346104	      0.74924314	     -0.01447147	     67.82681043	     -9.92053046	     -1.81947602	     65.84852012	     21.56240032	    -16.88043861	      0.00000000	     66.82666302	     -6.84057558	     -4.06129183	     64.88335316	     21.42862850	    -11.49539891	      0.00000000	     -9.89054815	     -1.26937661	      0.36046035	     88.11969250	    -19.57595525	     24.86671945	     50.82884266	     82.70444099	     86.58622446	    -13.76097510	     21.83065977	     44.79586609	     85.52095864
      2.68333330	    -21.55652834	      1.10682470	      3.35865051	      0.60003238	      0.74149750	     -0.01550628	     69.27271397	    -10.27013178	     -1.64330467	     67.69340538	     21.75569862	    -17.02732890	      0.00000000	     68.34566743	     -6.61158828	     -3.74567459	     66.54925238	     21.79477948	    -11.67526502	      0.00000000	    -11.04019853	     -1.40390098	      0.18628531	     90.28414276	    -19.47959302	     25.93766151	     48.83653887	     79.53455433	     89.42831981	    -12.69343768	     23.01374542	     41.56661704	     80.16830588
      2.70000000	    -21.92145689	      1.10400762	      3.47643864	      0.59766583	      0.73313401	     -0.01483578	     70.89656339	    -10.47447846	     -1.50626927	     69.45287186	     22.29904668	    -17.09176801	      0.00000000	     69.98351705	     -6.67928399	     -3.67443617	     67.99743346	     22.34768150	    -11.71268674	      0.00000000	    -12.10864855	     -1.31077621	      0.10040692	     91.97039330	    -19.15524984	     25.60840859	     49.27482749	     79.42679178	     90.95135449	    -12.59112719	     22.73751797	     41.69132432	     80.00285715
      2.71666670	    -22.25795959	      1.09955268	      3.70654144	      0.59640405	      0.72525466	     -0.01492238	     72.47588555	    -10.77227162	     -1.38388672	     71.16850289	     22.80212661	    -17.11817135	      0.00000000	     71.50113249	     -6.62180710	     -3.52598266	     69.44674656	     22.95235784	    -11.57178686	      0.00000000	    -13.09965743	     -1.21943850	     -0.08465639	     93.41133370	    -18.94496592	     25.29930522	     49.48964632	     79.32357825	     92.34608016	    -12.47556795	     22.44435763	     41.65626131	     79.83263551
      2.73333330	    -22.26579971	      1.13784949	      3.99480688	      0.59238304	      0.71674740	     -0.01555741	     73.74014470	    -11.26064726	     -1.33328724	     72.93929911	     23.88386190	    -16.08527100	      0.00000000	     72.88149519	     -6.58875112	     -3.43207902	     71.34429218	     23.98826594	    -10.33036089	      0.00000000	    -14.20726620	     -1.16222674	     -0.36115027	     94.81354870	    -18.52665453	     25.00178924	     48.49306506	     78.46460983	     94.19719976	    -11.71930459	     22.28024664	     39.30389198	     78.23788315
      2.75000000	    -22.54693007	      1.12258384	      4.17444072	      0.58861557	      0.70662166	     -0.01505703	     75.39624743	    -11.51315308	     -1.17642902	     74.73595937	     24.25007591	    -16.28587112	      0.00000000	     74.57100706	     -6.57645518	     -3.20406179	     73.14702366	     24.39202494	    -10.34193905	      0.00000000	    -15.25343779	     -1.11006136	     -0.62834402	     96.22066017	    -18.29085287	     24.75434477	     48.74387368	     78.39325525	     95.70904623	    -11.61619398	     22.07798657	     39.37800434	     78.11267817
      2.76666670	    -22.65113278	      1.16788051	      4.30627575	      0.58418442	      0.69876893	     -0.01537632	     76.92750357	    -11.85420484	     -1.09916498	     76.41499854	     24.77447277	    -15.66955189	      0.00000000	     76.04826248	     -6.63749944	     -3.19349224	     74.75936738	     25.08701169	     -9.75010621	      0.00000000	    -16.40144454	     -1.07762495	     -0.70753073	     98.25990665	    -17.81082530	     24.82970686	     47.13575704	     77.54772639	     97.73587161	    -11.04947425	     22.52785265	     36.96065350	     76.42408761
      2.78333330	    -22.99703764	      1.16777570	      4.38278056	      0.58092813	      0.69085233	     -0.01529956	     78.60252439	    -12.00822199	     -0.92603720	     77.78156681	     24.94055644	    -15.67912911	      0.00000000	     77.68167492	     -6.68332244	     -3.03254783	     76.18082180	     25.41799007	     -9.74360685	      0.00000000	    -17.45692475	     -1.04421740	     -0.92444184	     99.67539064	    -17.56320571	     24.59611482	     47.35338264	     77.48296407	     99.27428150	    -11.00575301	     22.35648533	     37.06882031	     76.30566735
      2.80000000	    -23.16746522	      1.27704566	      4.41304638	      0.57633789	      0.68185604	     -0.01526097	     80.17940722	    -12.26253648	     -0.68095882	     79.19615210	     25.41078697	    -14.99309150	      0.00000000	     79.12374651	     -6.77461340	     -3.10151516	     77.73664062	     25.94154206	     -9.43273021	      0.00000000	    -18.71988051	     -1.01839111	     -1.29499135	    101.82618440	    -16.47616705	     24.62856775	     45.44708213	     76.78677275	    101.69120963	    -11.01667629	     23.26083610	     34.64706501	     74.85109692
      2.81666670	    -23.56523967	      1.31841937	      4.24311325	      0.57503555	      0.67240978	     -0.01573824	     81.82928631	    -12.22120267	     -0.35625936	     80.55349897	     25.64967691	    -14.87525195	      0.00000000	     80.74446508	     -7.04165200	     -3.07251262	     79.29607251	     26.31231684	     -9.66050707	      0.00000000	    -19.66216458	     -1.03482349	     -1.23460522	    103.24634998	    -16.18922736	     24.44642793	     45.69055644	     76.72159831	    102.95884766	    -10.98208503	     23.14241533	     34.78746970	     74.70950029
      2.83333330	    -24.09064574	      1.47821877	      4.01804199	      0.57397067	      0.66299975	     -0.01556958	     83.71392544	    -12.19317071	      0.02922036	     81.99568147	     26.13005456	    -14.07377887	      0.00000000	     82.42960685	     -7.35208690	     -3.21521667	     80.88475956	     26.80112798	     -9.51018677	      0.00000000	    -20.39392111	     -1.06624451	     -1.05567218	    104.71629577	    -15.81210172	     24.30836137	     45.39959436	     76.55916414	    104.10298789	    -11.05267538	     23.01175410	     34.40906590	     74.29790008
      2.85000000	    -24.48808427	      1.48791323	      3.82638054	      0.57158594	      0.65291644	     -0.01448912	     85.40992438	    -12.12456039	      0.17314816	     83.58610178	     26.50383819	    -13.98248677	      0.00000000	     83.91453615	     -7.64278111	     -3.05389880	     82.43036214	     27.41945717	     -9.70882886	      0.00000000	    -21.16799911	     -1.12829381	     -1.07657904	    105.72215488	    -15.64481460	     24.11788365	     45.44315148	     76.49384398	    105.09706470	    -10.99940246	     22.86031600	     34.54823679	     74.14393542
      2.86666670	    -25.23931596	      1.56473378	      3.60382016	      0.57055347	      0.64296879	     -0.01463469	     87.39755034	    -12.09103914	      0.39072182	     85.11014867	     26.95726583	    -13.13367665	      0.00000000	     85.94119664	     -8.04429041	     -3.11996162	     84.14900668	     27.65959460	     -9.53092461	      0.00000000	    -21.37742026	     -1.20363911	     -0.85997203	    106.73529780	    -15.50832583	     23.80803106	     45.03366822	     76.31332158	    105.63449797	    -10.98464737	     22.59919679	     34.56624941	     73.67160972
      2.88333330	    -25.84011119	      1.54080126	      3.37860550	      0.56543188	      0.63304433	     -0.01476330	     89.29095604	    -11.96310099	      0.60543912	     86.49918529	     27.31215177	    -12.78735512	      0.00000000	     87.95950559	     -8.29043394	     -2.96296531	     85.78154597	     27.97376866	     -9.54072975	      0.00000000	    -21.85016622	     -1.22839378	     -0.81520602	    107.84363926	    -15.34994057	     23.48580467	     44.75482629	     76.15347991	    106.56417126	    -10.95403340	     22.27567453	     34.71644075	     73.22654577
      2.90000000	    -26.44561051	      1.41503597	      3.19396093	      0.56070862	      0.62135785	     -0.01524934	     91.33878692	    -11.92331765	      0.68519526	     87.97941869	     27.69129231	    -12.58810843	      0.00000000	     90.23235069	     -8.51662333	     -2.61713973	     87.42529230	     28.10239590	     -9.75531441	      0.00000000	    -22.12840252	     -1.10969531	     -0.57293683	    109.42747582	    -14.94177343	     23.40285093	     43.10606561	     75.84199634	    107.32210699	    -10.62771267	     21.76273572	     34.71142037	     72.14060888
      2.91666670	    -26.85785467	      1.31126508	      3.16585663	      0.56160474	      0.61272200	     -0.01579223	     92.97310606	    -12.00610717	      0.87398357	     89.21666151	     27.65405336	    -12.62231546	      0.00000000	     92.04669947	     -8.58533890	     -2.37425697	     88.95833495	     28.13284386	     -9.70237750	      0.00000000	    -22.64536864	     -0.72753077	     -0.75970345	    111.12135421	    -14.01898590	     24.10287618	     41.34696023	     75.15520762	    107.87101285	    -10.83249924	     20.82336405	     35.04215042	     69.37795434
      2.93333330	    -27.28161888	      1.30301232	      3.08975724	      0.55924377	      0.60419654	     -0.01588209	     94.40365287	    -11.97412843	      1.08740379	     90.32855907	     27.98828392	    -12.51597296	      0.00000000	     93.67165328	     -8.74804401	     -2.22380096	     90.45860496	     28.24062486	     -9.75897092	      0.00000000	    -23.17463718	     -0.66709717	     -0.58513036	    112.14028018	    -13.96218386	     23.93286363	     41.40382894	     75.09757795	    108.66480336	    -10.61042990	     20.76000582	     35.16737553	     69.26322801
      2.95000000	    -27.81963234	      1.09175059	      3.09677588	      0.56077477	      0.59820587	     -0.01626839	     95.67239471	    -12.02661705	      1.08375223	     91.31172550	     28.32906990	    -12.10154293	      0.00000000	     95.24798321	     -8.83178605	     -1.90512791	     91.71585065	     28.01248392	     -9.65735069	      0.00000000	    -23.33426690	     -0.35229508	     -0.47620882	    112.84938596	    -13.64999507	     23.80548558	     40.69749843	     74.93613296	    109.27303301	    -10.24956235	     20.65381126	     34.27317825	     68.85049399
      2.96666670	    -27.94873424	      1.03147334	      3.06399358	      0.55822502	      0.58800610	     -0.01683555	     96.90990855	    -12.08958532	      1.22932049	     92.67912174	     28.32447437	    -12.40007647	      0.00000000	     96.53242725	     -8.89529212	     -1.71469434	     93.03214029	     28.06732218	     -9.94809513	      0.00000000	    -24.02310827	     -0.28803086	     -0.72415866	    113.98739643	    -13.11690449	     23.72690957	     39.25559345	     74.43323274	    110.87434326	     -9.77061292	     21.29167203	     32.37414753	     67.56295074
      2.98333330	    -28.13163255	      0.87929504	      3.06555812	      0.55484308	      0.57811309	     -0.01761614	     98.29010312	    -12.12875790	      1.41176802	     94.23791535	     28.44445083	    -12.44372725	      0.00000000	     98.12857677	     -8.95738056	     -1.43757404	     94.51519838	     27.94791511	    -10.21185239	      0.00000000	    -24.65286188	     -0.04887492	     -0.81684745	    114.82190251	    -12.92993109	     23.64938053	     39.42561458	     74.38444671	    111.73876461	     -9.67886354	     21.28731020	     32.40478345	     67.44508428
      3.00000000	    -28.08908696	      0.66056227	      3.10716753	      0.55135658	      0.56982828	     -0.01713631	     99.52606444	    -12.11877564	      1.56562221	     95.62280268	     28.26243780	    -12.66335652	      0.00000000	     99.53461612	     -8.93515891	     -1.04704381	     95.81436665	     27.49359614	    -10.62982948	      0.00000000	    -25.47456711	      0.21073637	     -0.85642993	    116.32014956	    -12.49688386	     24.07838276	     37.66969375	     73.98427362	    113.38953452	     -9.04546885	     22.07437832	     30.43433034	     66.32347815
      3.01666670	    -28.20861887	      0.43646957	      3.24595759	      0.55290183	      0.56137605	     -0.01864756	    100.72774568	    -12.22031161	      1.76177867	     96.97089624	     28.52338036	    -12.80924890	      0.00000000	    100.86074097	     -8.83505875	     -0.69752446	     97.12856146	     27.55989867	    -10.63660724	      0.00000000	    -26.06927594	      0.52734798	     -0.98861342	    117.08867293	    -12.38288840	     23.98485276	     37.72624062	     73.94153069	    114.06530103	     -8.74439096	     22.13473226	     30.56922307	     66.25183009
      3.03333330	    -28.14805028	      0.20057489	      3.33813358	      0.55048498	      0.55434783	     -0.01921331	    101.62465587	    -12.30586542	      1.82251560	     97.99757965	     28.54548873	    -12.69912267	      0.00000000	    102.00151902	     -8.77990768	     -0.35445970	     98.40572665	     27.55004317	    -10.43374174	      0.00000000	    -26.85107511	      0.92629016	     -0.88954743	    118.82183871	    -11.61351402	     24.52702000	     35.27208742	     73.40487614	    115.37239935	     -8.27542835	     22.97621144	     28.73298923	     64.90898963
      3.05000000	    -28.19435927	     -0.00786485	      3.29574216	      0.54976480	      0.54746109	     -0.01973425	    102.58765922	    -12.33652124	      1.83896394	     98.88662880	     28.59340392	    -12.83186777	      0.00000000	    103.06229973	     -8.74804516	      0.03117953	     99.53686626	     27.44123870	    -10.56700604	      0.00000000	    -27.53478884	      1.28744258	     -0.69502687	    120.39825922	    -11.12776864	     25.76781831	     33.36898169	     72.54352781	    116.41671642	     -8.00181759	     24.17614325	     27.74032262	     62.87543422
      3.06666670	    -28.23448226	     -0.11533754	      3.31370906	      0.55058326	      0.53908383	     -0.02000765	    103.70469041	    -12.44044401	      2.00168130	    100.02511699	     28.57303441	    -12.92096891	      0.00000000	    104.04943539	     -8.76551760	      0.28922781	    100.69221477	     27.62725222	    -10.57728344	      0.00000000	    -28.06994660	      1.40394329	     -0.68012683	    120.96051413	    -10.92684844	     25.72840321	     33.36414568	     72.47831066	    116.90398881	     -7.74569720	     24.21099383	     27.88318924	     62.77684221
      3.08333330	    -28.26951074	     -0.38347595	      3.33204998	      0.54990436	      0.53238453	     -0.01907228	    104.63389658	    -12.39785359	      2.05952915	    101.05377192	     28.54372094	    -13.13219912	      0.00000000	    105.09261277	     -8.92641330	      0.63339129	    101.74929988	     27.96455990	     -9.98927314	      0.00000000	    -28.62304615	      1.76273379	     -0.62933450	    122.28597448	     -9.93563914	     25.79688658	     31.01888046	     71.91469208	    117.86719462	     -7.32121861	     24.41918096	     26.62177723	     61.87075219
      3.10000000	    -28.42205277	     -0.50174700	      3.45825008	      0.55461217	      0.52582063	     -0.01973196	    105.53162944	    -12.56718352	      2.24174427	    102.28706720	     28.82332109	    -13.17207324	      0.00000000	    105.99252036	     -9.04729389	      0.80423536	    102.85421145	     28.09850022	     -9.93631898	      0.00000000	    -28.93133939	      1.89761294	     -0.70617577	    122.56686259	     -9.72213847	     25.85457472	     30.96604664	     71.84445430	    118.13006141	     -7.05912215	     24.48185392	     26.72707725	     61.75591965
      3.11666670	    -28.76256563	     -0.59963172	      3.46006613	      0.55543578	      0.51915727	     -0.02039845	    106.59185713	    -12.63275658	      2.43921338	    103.42945483	     29.22833572	    -12.74484310	      0.00000000	    107.10775889	     -9.24074422	      0.96224068	    104.00805753	     28.57971918	     -9.39087768	      0.00000000	    -28.73901756	      1.97970365	     -0.64864775	    122.51156467	     -9.44495719	     25.99872425	     30.26718395	     71.56741936	    117.87218197	     -6.70192702	     24.46748248	     26.53098737	     61.31669644
      3.13333330	    -28.83663525	     -0.65813115	      3.39839432	      0.55486467	      0.51328263	     -0.02124305	    107.42709017	    -12.65376030	      2.69886664	    104.36327785	     29.54242630	    -12.74557220	      0.00000000	    107.79969011	     -9.43449320	      1.04127294	    104.95466735	     28.93552340	     -9.29717111	      0.00000000	    -29.07282028	      2.01865534	     -0.60748755	    122.71205930	     -9.24419108	     26.02228732	     30.19465731	     71.48046331	    118.03584910	     -6.46663496	     24.39667239	     26.57594725	     61.18325426
      3.15000000	    -28.99779242	     -0.67368290	      3.17074479	      0.55258832	      0.50646288	     -0.01975024	    108.37790609	    -12.44093923	      2.86830607	    105.34815536	     29.84403799	    -12.29263913	      0.00000000	    108.69806273	     -9.80207803	      1.24319623	    105.94635285	     29.47516681	     -8.51258151	      0.00000000	    -29.26433218	      1.85420393	     -0.56323910	    122.94546745	     -8.86219310	     26.09224897	     29.36984406	     71.12363393	    118.28082593	     -6.02510280	     24.00292104	     26.15020535	     60.64639783
      3.16666670	    -28.73961071	     -0.81208931	      3.11281047	      0.54673203	      0.49915156	     -0.01972083	    109.22871634	    -12.36508461	      3.00429100	    106.31009725	     29.20421181	    -13.05676196	      0.00000000	    109.63143281	     -9.81453191	      1.65026852	    106.87852672	     29.31013093	     -8.40482966	      0.00000000	    -30.24402471	      1.98118557	     -0.39890907	    124.14615928	     -8.29114268	     26.26419821	     28.24474957	     70.57988442	    119.41048406	     -5.50531477	     23.64772588	     25.20797960	     59.93666281
      3.18333330	    -28.79896314	     -0.90548255	      3.10131430	      0.55247555	      0.49548610	     -0.02199849	    110.16084062	    -12.48874910	      3.20572840	    107.21642111	     29.13473013	    -13.08820331	      0.00000000	    110.65256764	     -9.78798433	      1.92878390	    107.73525794	     29.21507184	     -8.34748385	      0.00000000	    -30.65544171	      2.05997472	     -0.41739731	    124.46105882	     -8.19833300	     26.31625002	     28.16552000	     70.49157992	    119.80186340	     -5.36146374	     23.66060443	     25.19604542	     59.83537649
      3.20000000	    -29.08809678	     -1.02577170	      3.05774568	      0.55681393	      0.48825656	     -0.02168274	    111.13848833	    -12.54493742	      3.35523702	    108.20189499	     29.18235362	    -13.31684108	      0.00000000	    111.77879443	     -9.90767394	      2.30550723	    108.78571902	     29.31501927	     -8.00382178	      0.00000000	    -30.63965423	      2.19642141	     -0.21879894	    124.57547402	     -8.03628174	     26.39321768	     27.97244896	     70.35513902	    119.71568880	     -5.10291427	     23.70784529	     25.12857386	     59.68533401
      3.21666670	    -29.32707734	     -1.24683517	      2.93905782	      0.55314915	      0.48107857	     -0.02086800	    112.13433703	    -12.44251165	      3.37174398	    108.97457473	     28.89391400	    -13.56510568	      0.00000000	    113.07476230	    -10.02005530	      2.80341539	    109.92578850	     29.50553237	     -7.39421662	      0.00000000	    -30.47734694	      2.36195165	      0.15427490	    124.66889052	     -7.81199709	     26.49658754	     27.25292715	     69.96653908	    119.45317304	     -4.76126692	     23.69255417	     24.87355150	     59.25370003
      3.23333330	    -29.35145833	     -1.31285123	      2.83832316	      0.55121003	      0.47386698	     -0.02051697	    112.92302360	    -12.33409177	      3.49159700	    109.92694845	     29.16757066	    -13.53720103	      0.00000000	    114.07466171	    -10.11903823	      3.16235712	    110.97469379	     29.60735600	     -7.29047647	      0.00000000	    -30.84113741	      2.28766454	      0.12033957	    125.06688107	     -7.60651339	     26.50517009	     27.23388165	     69.85845099	    119.95764646	     -4.63190924	     23.66281327	     24.96209216	     59.13556593
      3.25000000	    -29.33518685	     -1.38214975	      2.77455140	      0.55011882	      0.46734715	     -0.02114729	    113.69924535	    -12.29695811	      3.57830126	    110.77436076	     29.39937176	    -13.49667211	      0.00000000	    115.10537681	    -10.13108812	      3.54922444	    112.04510909	     29.62108970	     -7.12424049	      0.00000000	    -31.16091373	      2.30195286	      0.14383466	    125.52127423	     -7.41564520	     26.48195255	     27.14993898	     69.74166912	    120.49036229	     -4.47223860	     23.65799741	     24.93190504	     59.01952864
      3.26666670	    -29.24037153	     -1.71791595	      2.57333306	      0.55259710	      0.46231416	     -0.02176232	    114.18192309	    -12.30139107	      3.36146657	    111.57929575	     29.79186939	    -13.11874911	      0.00000000	    115.98557525	    -10.27499046	      4.18663141	    113.10812046	     29.86098846	     -6.43514187	      0.00000000	    -31.45930494	      2.61642183	      0.78491131	    126.28222152	     -7.28457033	     26.44723062	     26.28253435	     69.26071049	    120.72080473	     -4.01009704	     23.86754081	     24.27205050	     58.57110370
      3.28333330	    -29.26859794	     -1.80102460	      2.52167941	      0.55535858	      0.45754621	     -0.02127556	    114.76370947	    -12.36576093	      3.44725663	    112.48297410	     30.12980126	    -13.35821174	      0.00000000	    116.63400462	    -10.38951681	      4.50850432	    113.95582237	     30.04678000	     -6.30866124	      0.00000000	    -31.67226331	      2.59863801	      0.72365987	    126.56682171	     -7.10351995	     26.47923341	     26.24151409	     69.15100304	    121.03486254	     -3.88316317	     23.92001075	     24.27666427	     58.45915946
      3.30000000	    -28.86913941	     -1.94489490	      2.41031351	      0.54947348	      0.45181265	     -0.02177453	    115.00466513	    -12.41780854	      3.38563315	    113.09227327	     30.10552432	    -13.37904358	      0.00000000	    117.04747052	    -10.47251334	      4.89973116	    114.74981130	     30.23278869	     -5.66971861	      0.00000000	    -32.53546071	      2.69213683	      0.89512442	    128.16741822	     -6.42502610	     27.60679729	     23.60599213	     67.14760552	    122.46687892	     -3.47276771	     25.40597541	     22.35800586	     56.37488611
      3.31666670	    -28.82956352	     -2.11989607	      2.14586914	      0.55068550	      0.44744998	     -0.02229567	    115.43150536	    -12.42952370	      3.23562236	    113.77285818	     30.58916092	    -12.83147497	      0.00000000	    117.79527979	    -10.64228406	      5.43279157	    115.51699081	     30.37117180	     -5.08715261	      0.00000000	    -32.83380542	      2.76981289	      1.23511319	    128.36235253	     -6.44894200	     27.97500215	     24.00933273	     66.75759455	    122.50631560	     -3.36761795	     25.95658863	     22.66106097	     55.98611773
      3.33333330	    -28.70956170	     -2.12811673	      2.03607160	      0.54870277	      0.44207841	     -0.02194687	    116.01694983	    -12.43960516	      3.34118944	    114.28167617	     30.64990488	    -12.81353702	      0.00000000	    118.37084787	    -10.72475782	      5.63893142	    116.03851194	     30.36139946	     -4.81023534	      0.00000000	    -33.29693531	      2.67497519	      1.12368021	    128.75917944	     -6.18005536	     28.02609857	     24.07685862	     66.65031972	    123.02192143	     -3.20967168	     26.02690485	     22.72119391	     55.87557116
      3.35000000	    -27.91666093	     -2.31547884	      1.85391535	      0.54883442	      0.43838228	     -0.02191554	    115.84612507	    -12.47186796	      3.18574957	    115.02527575	     30.81427551	    -12.51653747	      0.00000000	    118.45216350	    -10.92435508	      6.04617001	    116.76215651	     30.57107108	     -3.95884488	      0.00000000	    -34.58839812	      2.75302157	      1.45617092	    129.81063330	     -5.91124137	     28.21397241	     23.18164360	     66.04370075	    123.91177096	     -2.85197499	     26.57799492	     22.03342351	     55.31224024
      3.36666670	    -27.40431458	     -2.49461593	      1.78634407	      0.54450820	      0.43046419	     -0.02254518	    116.16624769	    -12.65518718	      3.14514254	    115.74142022	     30.71155690	    -12.38158499	      0.00000000	    118.93967792	    -10.80994162	      6.45607340	    117.50395485	     30.44542203	     -3.51092912	      0.00000000	    -35.61671414	      2.97254039	      1.85117783	    131.65745111	     -5.23944804	     29.00155030	     20.79188005	     64.99284378	    125.23414043	     -2.26545527	     27.81259388	     20.23990518	     54.26310022
      3.38333330	    -27.20828665	     -2.73736067	      1.74964843	      0.55219523	      0.42591952	     -0.02298374	    116.70562885	    -12.94872225	      3.05642732	    116.81452269	     30.90896248	    -12.53886521	      0.00000000	    119.64100553	    -10.75270804	      7.14189381	    118.77807080	     30.34797242	     -3.54914600	      0.00000000	    -35.94898933	      3.30180850	      1.67034234	    132.18353261	     -5.30741389	     35.52287839	     20.75424350	     59.58519747	    125.51945723	     -3.19408344	     33.15903423	     20.60968378	     47.88937559
      3.40000000	    -26.79504329	     -2.83340454	      1.59860595	      0.55090953	      0.41976449	     -0.02203129	    116.87026869	    -13.04706318	      2.94248777	    117.71385443	     31.38608271	    -11.88933017	      0.00000000	    119.99999986	    -10.88273274	      7.67722349	    119.84960589	     30.85296535	     -2.63232713	      0.00000000	    -36.67156278	      3.16049149	      2.09679038	    132.95371498	     -5.15568899	     34.85273513	     19.88822362	     58.85216519	    126.10070317	     -2.31142950	     32.93321699	     19.80773084	     47.34898775
      3.41666670	    -25.99735305	     -2.81505495	      1.72749602	      0.55168939	      0.41421543	     -0.02261110	    116.99719342	    -13.33995966	      3.21361840	    118.88789622	     31.59925054	    -11.93674427	      0.00000000	    119.99999986	    -10.74685057	      7.98475046	    120.84233749	     31.19359919	     -2.64543823	      0.00000000	    -37.74230447	      3.07519256	      1.67169242	    133.26071121	     -5.03355168	     34.78475552	     19.96640242	     58.71764560	    126.68684970	     -2.29179153	     32.87467500	     19.86643699	     47.22764296
      3.43333330	    -24.99724465	     -2.87389328	      1.89744545	      0.55232843	      0.40718037	     -0.02401625	    116.90088417	    -13.80137709	      3.51944394	    120.18340789	     32.24953314	    -11.15178569	      0.00000000	    119.99999986	    -10.61080518	      8.39641263	    122.04386302	     31.54996808	     -1.87110368	      0.00000000	    -39.08038578	      3.27348964	      1.43653320	    133.88773653	     -4.63543076	     34.56186284	     20.05929312	     58.35602902	    127.61699205	     -2.31935481	     32.80909918	     19.45840842	     46.91120062
      3.45000000	    -24.00064309	     -2.98682510	      2.30467577	      0.55145916	      0.40184419	     -0.02403590	    116.81767404	    -14.45872081	      3.87201752	    121.44030847	     32.64668547	    -10.87565987	      0.00000000	    119.99999986	    -10.25118131	      8.67024840	    123.11173126	     31.71024285	     -1.44040530	      0.00000000	    -40.26031647	      3.45076052	      0.99612648	    134.30162603	     -4.60712835	     34.45097094	     20.00816514	     58.20300119	    128.23695418	     -2.00414459	     32.84370914	     19.37660393	     46.78080505
      3.46666670	    -23.03480634	     -3.31599365	      2.70213877	      0.55495139	      0.39707712	     -0.02308385	    116.69348796	    -15.10441555	      4.03901832	    122.92569683	     33.26702784	    -10.22832592	      0.00000000	    119.99999986	    -10.02587042	      9.34223254	    124.19218682	     32.24842019	     -0.25648973	      0.00000000	    -41.38145717	      3.91185484	      1.03692509	    134.99375809	     -4.19202936	     34.07378166	     18.94588717	     56.90706486	    129.14201708	     -1.32851061	     33.98450183	     17.11895595	     45.57188770
      3.48333330	    -22.21726739	     -3.34369909	      2.98971418	      0.55651407	      0.39167981	     -0.02299265	    116.80803620	    -15.53890180	      4.42276281	    124.17126217	     33.63173932	    -10.04358962	      0.00000000	    119.99999986	    -10.01724993	      9.63168837	    125.21694779	     32.69728316	      0.56543430	      0.00000000	    -42.30487445	      4.01785574	      0.62930725	    135.25064403	     -4.02607868	     34.18526234	     19.12096304	     56.66485704	    129.47069388	     -1.40995698	     34.37808706	     17.04233304	     45.26338867
      3.50000000	    -21.35486099	     -3.29452366	      3.16259513	      0.56014069	      0.38492526	     -0.02307315	    116.85217452	    -15.89643054	      4.91557945	    125.57344222	     34.39256757	     -9.35032500	      0.00000000	    119.99999986	    -10.13903183	      9.91839664	    126.38697189	     33.17913849	      1.11184113	      0.00000000	    -43.05467799	      3.93053575	      0.32285296	    135.18061259	     -4.02209133	     34.22205942	     18.97422363	     56.40611503	    129.38657258	     -1.24319122	     34.79392405	     16.95554547	     44.95437970
      3.51666670	    -20.39034909	     -3.03234855	      3.19036968	      0.56410942	      0.37753965	     -0.02413127	    117.01429181	    -16.12989679	      5.83710783	    127.18105710	     35.03087725	     -8.85205659	      0.00000000	    119.99999986	    -10.36825248	     10.05658125	    127.70180711	     33.95378920	      1.31323933	      0.00000000	    -43.81841378	      3.65335853	      0.16796969	    135.12470291	     -4.04718601	     34.20733451	     18.80414206	     56.25953303	    129.16436062	     -0.96680095	     34.99473479	     17.01524579	     44.77895789
      3.53333330	    -19.51981609	     -2.72137195	      3.18395443	      0.56648137	      0.37224223	     -0.02256082	    117.30103943	    -16.30202343	      6.84784644	    128.72881755	     35.81773084	     -7.60888799	      0.00000000	    119.99999986	    -10.74298647	     10.19520299	    128.84459481	     34.42105514	      1.90607703	      0.00000000	    -44.38523967	      3.26819304	     -0.16600191	    134.73629704	     -3.99247285	     34.14198648	     18.60682410	     55.98310438	    128.81696933	     -0.80732429	     35.23511462	     17.08876261	     44.43060466
      3.55000000	    -18.85662185	     -2.48448295	      3.15705632	      0.57063264	      0.36761391	     -0.02369823	    117.66017759	    -16.45110411	      7.77604014	    130.10753190	     36.26527471	     -6.93556601	      0.00000000	    119.99999986	    -11.10730709	     10.39202825	    130.04312482	     35.20081486	      2.28119459	      0.00000000	    -44.51253826	      3.05070391	     -0.25097742	    133.95356470	     -3.95842062	     34.11796504	     18.45598436	     55.83070777	    127.80735663	     -0.55995450	     35.35672969	     17.22978312	     44.22529567
      3.56666670	    -18.34318085	     -2.07167232	      3.03654938	      0.57201660	      0.36153968	     -0.02195516	    118.25303885	    -16.30045706	      8.76427953	    131.34482860	     36.64961549	     -6.03316216	      0.00000000	    119.99999986	    -11.63492239	     10.53579567	    131.21517038	     35.89003565	      2.79854045	      0.00000000	    -44.61391378	      2.54248394	     -0.54333292	    133.34564196	     -3.86061043	     34.01133782	     18.40379980	     55.65561404	    127.12314359	     -0.45794010	     35.32173894	     17.58301112	     43.98410257
      3.58333330	    -17.68312479	     -1.72660271	      3.12076453	      0.56788596	      0.35471496	     -0.01906950	    118.86027048	    -16.14586207	      9.60207381	    132.40467986	     37.06397503	     -5.39487896	      0.00000000	    119.99999986	    -11.88002698	     10.71415766	    132.20401248	     36.27636647	      3.37119285	      0.00000000	    -45.00899263	      2.16741947	     -1.15476713	    132.94177298	     -3.55911055	     33.56395773	     18.42494512	     55.23130572	    126.84223740	     -0.61900430	     34.98156015	     18.16358434	     43.45587405
      3.60000000	    -17.03746209	     -1.42760836	      3.02344985	      0.56957519	      0.34990982	     -0.01884296	    119.27988055	    -15.73442671	     10.23221621	    133.45948456	     37.17522224	     -5.25033318	      0.00000000	    119.99999986	    -12.22946190	     11.20062869	    133.21269529	     36.30598539	      3.47697779	      0.00000000	    -45.49125166	      1.82201787	     -1.29190639	    132.84593036	     -3.42002190	     33.42451253	     18.39250918	     55.09801111	    126.77968304	     -0.60833109	     34.85371503	     18.22784169	     43.29585491
      3.61666670	    -16.43376405	     -1.12274279	      2.93259667	      0.56794990	      0.34815691	     -0.01838541	    119.45604356	    -15.26077067	     10.71288073	    134.11431667	     37.14398021	     -5.35131025	      0.00000000	    119.99999986	    -12.51524429	     11.33589703	    133.73763639	     36.19028978	      3.74048019	      0.00000000	    -46.00409926	      1.41203626	     -1.49358268	    132.70406157	     -3.35530904	     33.27268359	     18.26194272	     54.95188279	    126.68374249	     -0.46443496	     34.72826834	     18.24034974	     43.13470621
      3.63333330	    -15.85566389	     -1.01819293	      2.95203264	      0.57272076	      0.34549678	     -0.01860303	    119.57133988	    -15.11445663	     11.27337290	    134.81156288	     37.17157576	     -5.38583293	      0.00000000	    119.99999986	    -12.56967538	     11.71596426	    134.40682102	     36.20678455	      3.80377420	      0.00000000	    -46.40973848	      1.36524177	     -1.55771770	    132.49612537	     -3.29341107	     33.25051517	     18.21694961	     54.91702392	    126.43923183	     -0.38923354	     34.71648373	     18.21442170	     43.09748187
      3.65000000	    -15.25471668	     -0.75861887	      3.04069700	      0.56812211	      0.33917176	     -0.01652230	    119.70822540	    -14.87086816	     11.71725328	    135.27522438	     37.18238928	     -5.41725110	      0.00000000	    119.99999986	    -12.67955388	     11.97359824	    135.04224941	     36.58179689	      4.93418971	      0.00000000	    -46.93076445	      1.06855053	     -1.93590125	    132.73715973	     -3.12544928	     32.82038468	     17.77512895	     54.51658541	    126.82267432	     -0.18059624	     34.44344822	     17.87366479	     42.72462891
      3.66666670	    -14.67342632	     -0.80325267	      3.32874915	      0.57350200	      0.33893852	     -0.01673014	    119.73483383	    -14.95932081	     12.13960415	    136.01472285	     37.07406244	     -5.64336711	      0.00000000	    119.99999986	    -12.50630070	     12.47248617	    135.67291717	     36.29954901	      5.22880325	      0.00000000	    -47.28194637	      1.24699095	     -2.07478749	    132.63884898	     -3.21028784	     32.72463278	     17.59003024	     54.39618510	    126.70810046	     -0.09806402	     34.42813229	     17.75628216	     42.61841878
      3.68333330	    -14.56947970	     -0.78330565	      3.49275668	      0.57792131	      0.33943538	     -0.01776889	    119.87358739	    -14.97223023	     12.57647575	    136.50552036	     36.93469315	     -5.99333332	      0.00000000	    119.99999986	    -12.50697752	     12.75875699	    136.14531132	     36.83837584	      5.91640753	      0.00000000	    -47.13346688	      1.38434978	     -2.00798887	    132.68677565	     -3.20414856	     32.56361748	     17.19933513	     54.15803881	    126.53433425	      0.06357747	     34.38831197	     17.40965581	     42.40214402
      3.70000000	    -14.42826217	     -0.80590003	      3.47262198	      0.57820355	      0.33785813	     -0.01927016	    119.89552673	    -15.01407324	     12.85129449	    136.80931041	     36.63461550	     -5.94159993	      0.00000000	    119.99999986	    -12.45024341	     12.92623218	    136.53993709	     37.04633963	      6.04543790	      0.00000000	    -47.01322473	      1.43837788	     -1.96539714	    132.64384385	     -3.23062108	     32.48781023	     16.94040182	     54.00258014	    126.44460669	      0.17629710	     34.37236159	     17.19949413	     42.25712061
      3.71666670	    -14.41363605	     -0.93290804	      3.56103315	      0.58083751	      0.33819386	     -0.01948131	    119.87993393	    -15.23923598	     13.03567101	    137.04616830	     36.62003547	     -6.01202442	      0.00000000	    119.99999986	    -12.23943884	     13.15480835	    136.82128164	     37.24311724	      6.11968689	      0.00000000	    -46.66603084	      1.68248763	     -1.87223652	    132.39155888	     -3.24763399	     32.45107350	     16.78411223	     53.87429850	    126.16861094	      0.22257277	     34.34999553	     17.00642065	     42.12882524
      3.73333330	    -14.65258097	     -0.99152187	      3.47273203	      0.58316221	      0.34025583	     -0.01998097	    119.83864894	    -15.30971677	     13.02723971	    137.07128045	     36.52383263	     -6.02439283	      0.00000000	    119.99999986	    -12.17428908	     13.24935280	    136.96266132	     37.51519064	      6.09997642	      0.00000000	    -46.00649566	      1.84771057	     -1.60277175	    132.13645489	     -3.21374553	     32.42124629	     16.69563992	     53.76356191	    125.71372463	      0.23499614	     34.31391829	     16.83183805	     42.01285488
      3.75000000	    -14.69670001	     -1.02017393	      3.24097521	      0.58138881	      0.33964811	     -0.01974676	    119.68372094	    -15.25799580	     12.74820558	    136.95929824	     36.40530555	     -6.08409280	      0.00000000	    119.99999986	    -12.12801681	     13.27902482	    137.04245984	     37.37808741	      5.76859931	      0.00000000	    -45.54472326	      1.86109067	     -1.37816068	    132.00228403	     -3.11845793	     32.38606963	     16.65642438	     53.64856600	    125.51542248	      0.21688974	     34.24163360	     16.73261331	     41.88409046
      3.76666670	    -15.31003763	     -1.07144859	      2.77698353	      0.57853089	      0.34856907	     -0.01996936	    119.43390424	    -14.91038125	     11.94243313	    135.92296622	     36.21313069	     -6.23937954	      0.00000000	    119.99999986	    -12.19896892	     13.02943537	    136.36256687	     36.62926327	      4.57555744	      0.00000000	    -44.92305461	      1.77545365	     -1.09260867	    132.17834672	     -2.91503550	     32.21625610	     16.71340197	     53.29146555	    125.78709061	      0.07412779	     33.99338570	     16.66496027	     41.48792448
      3.78333330	    -16.16221113	     -0.87363204	      2.28410612	      0.57851567	      0.35390054	     -0.01936710	    119.25134598	    -14.37134042	     11.08759979	    134.73549953	     36.26536073	     -6.30234686	      0.00000000	    119.99999986	    -12.46875897	     12.60357205	    135.44193337	     36.26321379	      3.96998445	      0.00000000	    -44.05940309	      1.57869464	     -0.74935717	    132.46225691	     -2.75249740	     32.16639579	     16.84407616	     53.15757803	    125.90650090	     -0.14919320	     33.90266759	     16.64824374	     41.33635398
      3.80000000	    -16.75588058	     -0.94307996	      1.93887586	      0.56955094	      0.35929471	     -0.01777688	    118.68810654	    -13.85038386	      9.79420659	    132.84539654	     35.23096299	     -7.48966255	      0.00000000	    119.99999986	    -12.28191400	     12.06062357	    134.12593888	     35.02341917	      2.60061318	      0.00000000	    -43.79700647	      1.51263207	     -0.54591030	    133.37001138	     -2.60930788	     32.01517766	     16.91486358	     52.78904916	    126.91465723	     -0.38110752	     33.76005236	     16.64794885	     40.95143767
      3.81666670	    -17.85971977	     -1.24898135	      1.53534072	      0.56875389	      0.37269945	     -0.01713287	    118.09761461	    -13.17087106	      8.15304842	    130.75615101	     34.58370657	     -8.60509505	      0.00000000	    119.99999986	    -12.22694234	     11.90313092	    132.44668926	     33.81653441	      1.40338248	      0.00000000	    -42.92981301	      1.67629632	     -0.06453361	    133.72167385	     -2.57401476	     32.03551894	     17.09588069	     52.53302312	    127.22383689	     -0.61903127	     33.78384494	     16.67148469	     40.66713436
      3.83333330	    -19.45913181	     -1.29846791	      1.17160464	      0.57077246	      0.38429173	     -0.01596222	    117.85536869	    -12.47072809	      6.80661237	    128.52856653	     33.68445473	    -10.08637206	      0.00000000	    119.99999986	    -12.38188674	     11.43177311	    130.39426722	     32.80165070	      0.27048441	      0.00000000	    -41.44359091	      1.63604131	      0.50523384	    133.94513235	     -2.90568920	     32.17113336	     17.26839623	     52.31649043	    127.13550843	     -0.56954634	     33.84426173	     17.01914072	     40.39395383
      3.85000000	    -21.45175397	     -1.43217507	      0.95838047	      0.57281458	      0.39747314	     -0.01504601	    117.79893261	    -11.93297456	      5.69917422	    126.14621403	     32.68172972	    -11.61118100	      0.00000000	    119.99999986	    -12.52090607	     10.75239082	    128.01176724	     32.03539593	     -0.70062957	      0.00000000	    -39.30498992	      1.80050691	      0.79986457	    132.91745484	     -3.53350817	     32.90067615	     19.08894056	     51.43729192	    125.86265325	     -1.21002878	     32.77270356	     19.34176283	     39.07116735
      3.86666670	    -23.59940006	     -1.58782343	      1.04100434	      0.57971853	      0.40946387	     -0.01500892	    117.71507558	    -11.75217978	      4.92480640	    124.14440504	     31.97904637	    -12.64203343	      0.00000000	    119.99999986	    -12.59496175	     10.09403899	    125.88608976	     31.47067767	     -1.97544819	      0.00000000	    -36.64059589	      2.13280584	      1.17301319	    131.63206317	     -4.20975391	     33.03811007	     19.54635376	     51.28927817	    124.36537249	     -1.22350792	     32.28759119	     20.26511138	     38.87094536
      3.88333330	    -25.76199363	     -1.76975976	      0.86271793	      0.57163336	      0.42175995	     -0.01395496	    117.48222205	    -11.34068136	      3.86672814	    121.40566348	     31.37708142	    -13.41988159	      0.00000000	    119.99999986	    -12.63824856	      9.31753339	    123.42372745	     31.34302836	     -2.46546389	      0.00000000	    -34.11646783	      2.53976681	      1.38129368	    129.74619882	     -4.81025716	     31.63662562	     23.04648361	     50.74850909	    122.11974317	     -2.15586656	     27.80079459	     24.56564076	     38.47046529
      3.90000000	    -27.50689082	     -1.97017885	      0.80160101	      0.56619465	      0.43174629	     -0.01313039	    117.38397195	    -10.99766098	      3.02359175	    119.08362152	     30.42430212	    -14.49062305	      0.00000000	    119.99999986	    -12.55712733	      8.67609942	    120.98216084	     30.66025231	     -3.49483144	      0.00000000	    -32.01342818	      2.95601038	      1.63017955	    128.97510034	     -5.00929909	     31.37839742	     23.14124180	     50.79885887	    121.31290507	     -2.48869759	     27.17577565	     24.71460476	     38.68843720
      3.91666670	    -28.34804829	     -1.63367242	      1.09772263	      0.56880155	      0.44744994	     -0.01257036	    116.33620773	    -10.84257715	      2.91976887	    116.78990858	     29.88233901	    -14.79225862	      0.00000000	    118.42469456	    -12.51115043	      7.31077012	    118.46103302	     30.61900762	     -4.08517806	      0.00000000	    -31.09096980	      2.90960947	      1.32403260	    127.65179497	     -5.57466139	     28.28852214	     25.72787823	     51.89442721	    119.79854838	     -3.12053171	     22.08082030	     28.43786122	     41.07904639
      3.93333330	    -28.62706121	     -1.32611862	      1.42718474	      0.57238704	      0.46240558	     -0.01159267	    114.69319084	    -10.67766705	      2.78579118	    114.76823030	     29.42066937	    -15.66220609	      0.00000000	    116.23888481	    -12.67560137	      5.99352811	    115.93110057	     30.50140772	     -4.52617943	      0.00000000	    -30.74045281	      2.93053754	      1.11196349	    127.25281607	     -5.89475416	     28.22394248	     25.99040593	     52.19398088	    119.47749850	     -3.63375661	     21.77757781	     28.62164826	     41.47606708
      3.95000000	    -28.85491327	     -1.06116188	      1.87510236	      0.57032246	      0.47588102	     -0.01092898	    113.13668033	    -10.72235032	      2.71402261	    112.66935852	     28.85077184	    -16.23952949	      0.00000000	    114.14714780	    -12.55814267	      4.67204306	    113.52515414	     30.29632947	     -5.17935142	      0.00000000	    -30.45797355	      3.01585049	      0.70781487	    127.01429956	     -6.18522580	     28.05509473	     26.33524417	     52.50819864	    119.58759919	     -4.11767507	     21.53810915	     28.60126047	     41.85942614
      3.96666670	    -28.84946445	     -0.84284713	      2.35771880	      0.56863316	      0.49067300	     -0.00929125	    111.33152534	    -10.74373697	      2.59317981	    110.59043913	     28.36425706	    -16.81902442	      0.00000000	    111.79388314	    -12.41182094	      3.57201440	    111.13997889	     29.77942215	     -5.96890850	      0.00000000	    -30.26527412	      3.00368844	      0.55466939	    126.57643961	     -6.85386768	     27.84283550	     26.71941884	     52.85025040	    119.33847268	     -4.25142445	     21.49611850	     28.76722716	     42.27008854
      3.98333330	    -28.96869425	     -0.70003884	      2.61834039	      0.56996373	      0.50475265	     -0.01102677	    109.58254960	    -10.69467011	      2.39783119	    108.42575672	     28.06186090	    -16.88040679	      0.00000000	    109.78626643	    -12.25159558	      2.65091439	    108.79290161	     29.64389070	     -6.06453047	      0.00000000	    -29.62312908	      3.22259444	      0.78088091	    125.87842935	     -7.23561252	     27.82340598	     26.73873078	     52.95267992	    118.45659644	     -4.34130809	     21.54886937	     28.63295370	     42.38531730
      4.00000000	    -28.60674034	     -0.18926047	      2.85578464	      0.56422666	      0.51541518	     -0.01104787	    107.85596685	    -10.57600292	      2.67576529	    106.35191989	     27.61705888	    -17.17610630	      0.00000000	    107.56691353	    -11.89648782	      1.46355232	    106.68083139	     28.94580383	     -7.35880968	      0.00000000	    -29.90949144	      2.84160539	      0.71690064	    125.98411550	     -8.08834579	     27.70580612	     27.33788939	     53.40132361	    118.88953620	     -4.30537392	     21.54805245	     28.71086475	     42.83381026
      4.01666670	    -28.88942142	      0.11549879	      2.83253954	      0.57146687	      0.53096573	     -0.01184971	    106.39184346	    -10.36142028	      2.70695031	    104.26156056	     27.49719909	    -17.09151537	      0.00000000	    105.76981007	    -11.82615171	      0.62812798	    104.55338628	     28.81610546	     -7.37577042	      0.00000000	    -28.87805951	      2.55838436	      1.54877402	    124.83015931	     -9.85159812	     27.81361841	     28.88295229	     57.36860476	    117.32750559	     -3.51714442	     20.27803773	     28.78327401	     46.49690695
      4.03333330	    -28.96873346	      0.40239777	      2.86210010	      0.57148303	      0.54880502	     -0.01141292	    104.29752408	    -10.23844900	      2.64762324	    101.71488438	     27.09784729	    -17.05718153	      0.00000000	    103.52883097	    -11.54110973	     -0.17883463	    102.02626747	     28.63168322	     -7.54874116	      0.00000000	    -28.25712466	      2.65397879	      1.86110989	    124.02537021	    -10.12690654	     27.79904414	     28.71966461	     57.42466590	    116.13522692	     -3.72476821	     20.31700183	     28.63907951	     46.56670902
      4.05000000	    -28.88154657	      0.89223813	      3.04299625	      0.57467520	      0.56511589	     -0.00913373	    102.07794973	    -10.23501757	      2.75818137	     99.25152388	     26.40736705	    -17.70677409	      0.00000000	    100.94094745	    -11.21485566	     -1.14199032	     99.34142003	     27.98686515	     -8.40128658	      0.00000000	    -27.86641138	      2.36466756	      1.57320769	    122.01410931	    -10.82410035	     26.37033354	     31.51307161	     58.37883832	    114.21540117	     -4.26296887	     19.27175978	     31.44929090	     47.68458308
      4.06666670	    -28.82717187	      1.26990482	      3.13578457	      0.57507556	      0.57857018	     -0.00840016	     99.98513612	    -10.24495507	      2.61819312	     96.81527738	     26.06212195	    -17.68315055	      0.00000000	     98.68297356	    -10.94589408	     -1.95999351	     96.65303436	     27.53192345	     -8.83630864	      0.00000000	    -27.32502815	      1.89206391	      1.12420492	    119.83744959	    -11.07740091	     22.41627094	     33.89789581	     60.25074651	    112.78411915	     -4.21081294	     16.84364564	     32.71943959	     49.91841158
      4.08333330	    -28.82098979	      1.47361052	      3.16083005	      0.57585347	      0.59160095	     -0.00843190	     97.98123951	    -10.21784619	      2.38816827	     94.42831449	     25.88882498	    -17.52360336	      0.00000000	     96.60780239	    -10.70763254	     -2.53428133	     94.18952251	     27.37217481	     -8.74835545	      0.00000000	    -26.48455507	      1.82073269	      1.20164322	    118.95626667	    -11.38778680	     22.49409077	     33.65114777	     60.35226080	    111.56618830	     -4.31631224	     16.91904795	     32.49308315	     50.00101591
      4.10000000	    -28.60694941	      1.89824946	      3.11809940	      0.58155528	      0.60802773	     -0.00761186	     95.85598640	    -10.25592856	      2.25098805	     92.23003053	     25.46554559	    -17.45766516	      0.00000000	     94.20107382	    -10.54561415	     -3.33487260	     91.50452623	     26.88131246	     -9.17931800	      0.00000000	    -25.94663148	      1.29814978	      1.03241200	    117.43460257	    -12.30046756	     22.31309188	     35.32401939	     61.67324049	    109.89076722	     -4.69877725	     16.73123813	     34.28885653	     51.17393131
      4.11666670	    -28.40952835	      2.21431430	      2.94083496	      0.58751480	      0.62424231	     -0.00734764	     93.74567776	    -10.19329966	      2.03412734	     89.84356910	     24.73268853	    -17.52908749	      0.00000000	     91.56473053	    -10.48588467	     -4.10893196	     88.94420574	     26.57741181	     -9.23164279	      0.00000000	    -25.02343820	      0.89021781	      0.88781411	    114.61610840	    -12.91910849	     20.74854241	     37.58898160	     63.07254781	    107.60799622	     -4.97142148	     15.98998133	     36.05985725	     52.49720894
      4.13333330	    -28.16854991	      2.48731809	      2.87427741	      0.59261548	      0.63964225	     -0.00713753	     91.29753607	    -10.22803408	      1.74664852	     87.38904866	     24.54581493	    -17.24032576	      0.00000000	     88.75892802	    -10.35806914	     -4.85656927	     86.33284942	     26.49483232	     -9.10762773	      0.00000000	    -24.00775258	      0.52697733	      0.79761236	    111.67841957	    -13.51096987	     18.75255691	     39.81501843	     64.67001126	    104.76199220	     -4.97363944	     14.46329112	     38.41427129	     53.93130238
      4.15000000	    -27.96544895	      2.84943616	      2.73704634	      0.59857445	      0.65855075	     -0.00665734	     88.58655285	    -10.28521571	      1.51497633	     84.53064375	     24.38727489	    -17.04575736	      0.00000000	     85.88182566	    -10.14578785	     -5.67297256	     83.39968469	     25.79402815	     -9.46668310	      0.00000000	    -23.07843216	      0.04851185	      0.71297727	    108.61580890	    -14.06580636	     17.33844486	     41.93211591	     66.14902796	    101.76039025	     -5.14550885	     13.18883204	     40.80317987	     55.26952830
      4.16666670	    -27.52436731	      3.09273620	      2.54469055	      0.60210312	      0.67547729	     -0.00469652	     85.78657129	    -10.20075608	      1.22081092	     81.61253178	     23.89437048	    -16.93424095	      0.00000000	     82.86064787	    -10.02229045	     -6.33510435	     80.26935773	     25.17141000	     -9.66421083	      0.00000000	    -22.38807327	     -0.37177381	      0.66781543	    105.79095697	    -14.51878275	     16.03430890	     43.88480645	     67.59780329	     98.70074512	     -5.33980474	     11.81582511	     43.58408154	     56.64487658
      4.18333330	    -26.99301351	      3.25733315	      2.33582316	      0.60692895	      0.68870006	     -0.00449690	     83.10132235	    -10.17068252	      0.90131940	     78.92632428	     22.97767497	    -17.08945658	      0.00000000	     79.99153265	     -9.93680307	     -6.90679085	     77.38165386	     24.30993567	     -9.92360021	      0.00000000	    -21.68171562	     -0.62287698	      0.65780878	    103.49656292	    -14.66113857	     14.87079500	     45.02219124	     69.19608105	     96.14169331	     -5.68042726	     10.90155065	     45.77571580	     58.18442980
      4.20000000	    -26.26465782	      3.43633766	      2.17920420	      0.61176629	      0.70221261	     -0.00495054	     80.36774208	    -10.13918622	      0.80962763	     76.31631466	     22.47768086	    -16.85289170	      0.00000000	     77.08945253	     -9.73993656	     -7.45052175	     74.70634818	     23.67022090	     -9.97158157	      0.00000000	    -21.08926931	     -1.00002255	      0.66358867	    101.79255437	    -15.15176279	     14.88423556	     44.99235959	     69.63720574	     94.27353099	     -5.78477884	     11.12607423	     46.42460181	     58.60004287
      4.21666670	    -25.93932592	      3.38051431	      2.06838972	      0.61371715	      0.71110267	     -0.00615915	     78.18464027	    -10.16423513	      0.49691334	     74.00886372	     22.13402164	    -16.65437385	      0.00000000	     74.92158255	     -9.52790538	     -7.68783868	     72.31305610	     23.31917969	     -9.73945064	      0.00000000	    -19.83687718	     -0.92518788	      0.69965459	    100.17166467	    -15.35156116	     15.14710238	     44.82935624	     69.74514067	     92.65763021	     -5.95328705	     11.34785662	     46.34660454	     58.68627782
      4.23333330	    -25.24423573	      3.56408175	      1.95477617	      0.61760971	      0.72291573	     -0.00694356	     75.73403098	    -10.17038242	      0.47796223	     71.79093687	     21.34997844	    -17.00612014	      0.00000000	     72.31682299	     -9.13021419	     -8.05484831	     69.81336473	     22.51380298	    -10.03987381	      0.00000000	    -19.09122647	     -1.11046155	      0.31284011	     98.31277496	    -15.83284393	     16.27321258	     46.41320070	     70.52787270	     90.84175024	     -7.00082199	     12.42196284	     48.34930839	     59.36055692
      4.25000000	    -24.83466300	      3.58758279	      1.79148865	      0.61594468	      0.73298063	     -0.00536461	     73.82302123	     -9.93434058	      0.40205352	     69.57123143	     20.59469749	    -17.03927939	      0.00000000	     70.42770950	     -8.86734967	     -8.13951861	     67.55070284	     21.64567650	    -10.40174948	      0.00000000	    -17.92160167	     -1.24997429	      0.60022441	     97.38938192	    -16.42318434	     17.41486039	     45.87293006	     71.17702789	     89.65370822	     -7.28028788	     13.50831406	     48.60160030	     59.87964437
      4.26666670	    -24.43521286	      3.62740234	      1.69297518	      0.62444138	      0.74576430	     -0.00427169	     71.51165161	     -9.81679356	      0.11305336	     67.16354837	     20.03213188	    -16.86911311	      0.00000000	     68.13626868	     -8.58176904	     -8.31572949	     64.83763222	     20.97880147	    -10.02724567	      0.00000000	    -16.39149356	     -1.29334577	      0.66615347	     95.36943504	    -16.52426028	     17.99383050	     45.58760772	     71.30403883	     87.70880693	     -7.51473103	     13.90659733	     48.25262388	     59.95607227
      4.28333330	    -24.08346875	      3.74037966	      1.65505593	      0.62550051	      0.75578966	     -0.00394574	     69.55965976	     -9.56732607	      0.22388447	     64.82867429	     18.65077247	    -17.94297249	      0.00000000	     66.05089283	     -8.19062277	     -8.49486179	     62.13022699	     20.24984676	    -10.07399211	      0.00000000	    -15.05671361	     -1.56162520	      0.71499061	     93.89657138	    -17.36493595	     20.62457222	     46.03525714	     72.28211841	     86.36353111	     -8.34920600	     16.27911319	     48.79416925	     60.69202314
      4.30000000	    -23.65947080	      3.76636805	      1.61206560	      0.62894582	      0.76534053	     -0.00374456	     67.48378442	     -9.42861322	      0.10627924	     62.51329950	     18.18355421	    -17.72000674	      0.00000000	     63.86438843	     -7.79461747	     -8.54300123	     59.50845667	     19.81148903	     -9.78910133	      0.00000000	    -13.46526713	     -1.66869484	      0.82460092	     91.88458074	    -17.43794549	     21.17469703	     45.67573430	     72.36939864	     84.39937764	     -8.33774444	     16.70517796	     48.50466372	     60.73872584
      4.31666670	    -23.36292463	      3.72984250	      1.61265547	      0.63500345	      0.77685564	     -0.00308087	     65.34091959	     -9.25853676	     -0.04508131	     60.11161053	     17.54027990	    -17.62366978	      0.00000000	     61.79081576	     -7.49173499	     -8.62393304	     56.93205057	     19.08995334	     -9.45799527	      0.00000000	    -11.86279344	     -1.79830656	      0.66042293	     89.77263420	    -17.45097769	     21.78675219	     45.44936592	     72.45590660	     82.73368421	     -8.55762132	     17.14914424	     48.13130445	     60.78210530
      4.33333330	    -23.08913150	      3.72846913	      1.63534721	      0.64291767	      0.78767675	     -0.00383928	     63.09869396	     -9.04761886	      0.04137161	     57.58447235	     15.70490076	    -19.20541146	      0.00000000	     59.48398866	     -7.04362355	     -8.67285732	     54.14104753	     18.02524849	     -9.76736645	      0.00000000	    -10.15161868	     -1.93426952	      0.55493662	     87.10351604	    -18.10728666	     23.66245922	     46.46804487	     72.92348850	     80.86807719	     -9.43518536	     19.61901442	     48.22754242	     61.11026615
      4.35000000	    -22.73748771	      3.70062904	      1.85438169	      0.64710326	      0.79849382	     -0.00440725	     60.84688077	     -9.16109951	     -0.28835828	     55.06762754	     14.26246038	    -19.98324132	      0.00000000	     57.08451007	     -6.45638897	     -8.68842937	     51.21094356	     17.09822653	     -9.60466048	      0.00000000	     -8.52008360	     -1.93317685	      0.34640723	     84.38491516	    -18.39734648	     24.60350091	     47.25473259	     73.09679553	     78.75558670	     -9.80804180	     20.74815405	     47.87023954	     61.16383824
      4.36666670	    -22.31248766	      3.54626358	      1.94930637	      0.65443284	      0.80921465	     -0.00381066	     58.32114012	     -8.99070917	     -0.49080117	     52.27520538	     13.82030344	    -19.78296182	      0.00000000	     54.64028523	     -6.04566823	     -8.42621927	     48.46624666	     16.49582241	     -9.17087389	      0.00000000	     -6.78749535	     -1.89753754	      0.35174289	     81.58530965	    -18.57473207	     25.24231332	     46.98848736	     73.15463624	     76.23583070	     -9.87903404	     21.36511499	     47.50782797	     61.19124579
      4.38333330	    -21.74335964	      3.33685549	      2.11028855	      0.65820386	      0.81689330	     -0.00297804	     55.86231023	     -8.77635275	     -0.82690917	     49.76178224	     12.52820451	    -20.77666781	      0.00000000	     52.29859942	     -5.73220727	     -8.12060356	     45.87582685	     15.55796637	     -8.87961711	      0.00000000	     -5.61267573	     -1.83793369	      0.55363241	     78.81807293	    -19.76647321	     26.44193797	     49.12667938	     73.34176388	     74.18832286	    -10.28698859	     23.44631877	     48.30416820	     61.32629595
      4.40000000	    -21.53008595	      3.20376267	      2.19564405	      0.66236995	      0.82517684	     -0.00251780	     53.76552947	     -8.52968134	     -1.02113017	     47.15308225	     12.12333296	    -20.44458026	      0.00000000	     50.32631652	     -5.46381645	     -7.96208646	     43.12620303	     14.93427446	     -8.45899531	      0.00000000	     -3.90987257	     -1.86956273	      0.50061389	     76.25159597	    -19.93626230	     27.13205274	     48.95982483	     73.39756667	     72.06112516	    -10.52287088	     24.08332017	     47.87971631	     61.35184071
      4.41666670	    -21.10044844	      3.04163884	      2.38260047	      0.66890022	      0.83619111	     -0.00209221	     50.95488591	     -8.32222302	     -1.42535067	     43.86796576	     11.29043827	    -20.28211254	      0.00000000	     47.94638106	     -5.18360143	     -7.82111925	     40.00910946	     13.36463460	     -8.40572168	      0.00000000	     -2.74179891	     -2.10147431	      0.72788777	     73.19782581	    -21.72495835	     29.04921889	     51.57282338	     73.60185904	     70.90987128	    -11.21253590	     28.61110773	     47.87067233	     61.57683290
      4.43333330	    -20.34516736	      2.88612402	      2.52768049	      0.67541375	      0.84781064	     -0.00251665	     47.91738099	     -8.14651632	     -2.06548421	     40.45928724	     10.07468475	    -20.34357426	      0.00000000	     45.22019858	     -4.86081638	     -7.66522893	     36.89607300	     12.04719737	     -8.07420398	      0.00000000	     -1.74521119	     -2.04477531	      0.65748145	     70.12361063	    -22.13334132	     29.83183506	     52.62392181	     73.62080848	     68.66868919	    -11.43608988	     30.18124382	     47.63344524	     61.56250941
      4.45000000	    -19.74841249	      2.76626444	      2.56552340	      0.68522511	      0.85792394	     -0.00359795	     44.78190232	     -7.90231332	     -2.55325889	     37.02362235	      9.24576139	    -19.83890139	      0.00000000	     42.46546892	     -4.62471770	     -7.63407361	     33.71273664	     10.79731293	     -7.51249286	      0.00000000	     -0.14540959	     -2.05306563	      0.73428165	     66.56501958	    -22.28903000	     30.67185976	     52.71191146	     73.66871404	     65.50491019	    -11.40664244	     31.17194310	     47.61334822	     61.61028708
      4.46666670	    -18.64006069	      2.72428452	      2.70070633	      0.69299281	      0.86895388	     -0.00353471	     41.12515736	     -7.70547092	     -3.01661234	     33.49432106	      8.23311004	    -19.54748810	      0.00000000	     38.99640710	     -4.25177385	     -7.68701336	     30.21778413	      9.54392537	     -7.04050546	      0.00000000	      0.38723627	     -2.20476623	      1.15118539	     61.99725131	    -23.47715738	     30.23989616	     56.14916636	     73.60204367	     62.13225910	    -11.44551530	     32.58070883	     49.63583633	     61.74497784
      4.48333330	    -17.41645558	      2.56182141	      2.85023831	      0.70129101	      0.87913881	     -0.00391427	     37.22844673	     -7.43877018	     -3.73135662	     29.84233967	      7.54195991	    -18.71406620	      0.00000000	     35.32503501	     -4.01819464	     -7.61241918	     26.73484739	      8.40718148	     -6.32455937	      0.00000000	      0.99732237	     -2.11717150	      1.25796788	     58.23164757	    -23.38893489	     30.42977039	     56.74100379	     73.60016185	     58.89816714	    -11.13708491	     33.32412759	     49.91367340	     61.83832383
      4.50000000	    -16.80487686	      2.49610131	      2.80017382	      0.70839146	      0.88524338	     -0.00363199	     34.23175809	     -7.17390888	     -4.48615376	     26.52478513	      6.60672470	    -18.02276180	      0.00000000	     32.60384371	     -3.86737776	     -7.86145645	     23.69293115	      7.29220807	     -5.55864549	      0.00000000	      2.27715501	     -2.06989840	      1.49275406	     54.77547037	    -23.05789446	     31.03875086	     56.96711700	     73.64150933	     55.73126232	    -10.93656214	     34.05947682	     50.09270185	     61.93090909
      4.51666670	    -15.37307248	      2.41491930	      2.64227598	      0.71287783	      0.89169849	     -0.00395885	     30.69782996	     -6.87881096	     -5.34013993	     23.44642091	      5.93142012	    -17.23556584	      0.00000000	     29.12697355	     -3.78679920	     -8.23894820	     20.77176249	      6.76001907	     -4.66986818	      0.00000000	      2.18400617	     -1.94424829	      1.85060837	     51.55002208	    -22.82588076	     30.71982901	     58.07818494	     73.65304412	     52.96083575	    -10.81404719	     34.55942254	     51.15427323	     62.14887170
      4.53333330	    -14.61167726	      2.28020063	      2.55909013	      0.71773062	      0.89424675	     -0.00434215	     28.03044601	     -6.58475526	     -6.27689819	     20.48818990	      5.23897886	    -16.29550053	      0.00000000	     26.60394409	     -3.74203899	     -8.64838828	     18.06290051	      6.38260263	     -3.74137692	      0.00000000	      2.82256840	     -1.81448992	      2.19753468	     48.19050947	    -22.61174417	     30.14938241	     59.67007160	     73.73992671	     50.13073209	    -10.63750414	     34.91781679	     52.38080923	     62.51648001
      4.55000000	    -13.97970465	      2.12100458	      2.55109296	      0.72172306	      0.89649997	     -0.00477530	     25.66867730	     -6.27920023	     -7.15482539	     17.72785343	      5.11700520	    -15.27788046	      0.00000000	     24.41740761	     -3.71515538	     -9.04330509	     15.67509699	      6.08491842	     -2.94973144	      0.00000000	      3.52352969	     -1.64730701	      2.58573621	     45.19997948	    -22.48012423	     30.21195343	     60.55902994	     73.93073574	     47.70829469	    -10.25102098	     35.51000516	     53.11215820	     62.94158206
      4.56666670	    -13.60586760	      1.91445678	      2.75674019	      0.72910328	      0.89913551	     -0.00557039	     23.43100125	     -5.94856923	     -7.90252888	     14.92625665	      4.66053428	    -14.57063918	      0.00000000	     22.55456357	     -3.67477713	     -9.29424915	     13.32364847	      5.40514375	     -2.22502328	      0.00000000	      4.73933582	     -1.48551766	      2.63230826	     42.11417043	    -21.92345710	     30.87348181	     60.94487622	     74.04782186	     45.09116543	     -9.77432537	     36.18285756	     53.38374639	     63.13715912
      4.58333330	    -12.70202009	      1.73816914	      2.99331327	      0.73652084	      0.90214926	     -0.00562347	     20.57996713	     -5.67363752	     -9.43672634	     12.39253392	      5.39920333	    -12.04788875	      0.00000000	     20.20214427	     -3.69657667	    -10.11767179	     11.27217856	      5.52148955	     -0.49346317	      0.00000000	      4.86818563	     -1.40726883	      3.14322958	     37.72664211	    -22.15215034	     29.48123718	     64.24354836	     74.51134015	     42.31904241	     -9.16217113	     36.18643719	     55.13456352	     64.21834123
      4.60000000	    -11.93818992	      1.51206568	      3.20094704	      0.74019439	      0.90298397	     -0.00630158	     18.11730562	     -5.28109938	    -10.60455915	     10.12576663	      5.40430831	    -10.55906295	      0.00000000	     18.14934459	     -3.74751348	    -10.69898600	      9.30485779	      5.43292805	      0.84233582	      0.00000000	      5.19932214	     -1.30003678	      3.78172153	     33.64992129	    -22.05263127	     28.50729630	     66.50292784	     75.28896747	     40.12775802	     -8.12401881	     36.48345579	     55.44557311	     65.59601799
      4.61666670	    -11.32159504	      1.29329972	      3.55657017	      0.74689054	      0.90475435	     -0.00686705	     15.83639339	     -4.92819010	    -11.97908424	      8.07598887	      5.19543555	     -9.31277307	      0.00000000	     16.31176017	     -3.77780918	    -10.96070536	      7.59214908	      5.64119450	      2.21592950	      0.00000000	      5.65832148	     -1.27614310	      4.46431323	     29.26215121	    -21.73433068	     27.07676422	     68.53886869	     76.61889588	     37.80981469	     -7.26552532	     37.20578532	     56.00912148	     67.65480546
      4.63333330	    -10.44244742	      1.14993810	      3.66193559	      0.74835296	      0.90350879	     -0.00699158	     13.66952688	     -4.54231349	    -12.79932482	      6.39610275	      5.08263265	     -8.65425144	      0.00000000	     14.42943698	     -3.84007342	    -11.38330977	      6.12912598	      5.70531607	      2.98177509	      0.00000000	      5.63814533	     -1.09177193	      4.58223753	     26.67089400	    -20.85394501	     27.74776095	     69.16238316	     77.03609709	     35.81743548	     -6.96089553	     37.81260361	     56.18859589	     68.13820576
      4.65000000	     -9.76540778	      0.99689973	      3.69284936	      0.74927937	      0.90108122	     -0.00715680	     12.06314605	     -4.20165691	    -13.67017368	      4.99476114	      5.32893289	     -7.52304188	      0.00000000	     12.94690210	     -3.96653005	    -11.93849191	      4.93178502	      6.01047565	      4.17360120	      0.00000000	      5.66320217	     -0.92955012	      4.96542371	     24.04200664	    -19.94901128	     28.04338068	     69.91770382	     77.65098440	     33.81425363	     -6.63179616	     38.25679041	     56.98179726	     68.82757426
      4.66666670	     -9.46415488	      0.88785114	      3.68113479	      0.75362707	      0.90235342	     -0.00810990	     10.96788574	     -3.94749587	    -13.97024662	      3.87067172	      5.32807652	     -7.40752814	      0.00000000	     11.96304500	     -4.01492788	    -12.06810001	      4.01392834	      6.14595007	      4.28664764	      0.00000000	      6.22411430	     -0.78170245	      5.21412078	     21.63313389	    -18.90179747	     28.98969608	     69.78334200	     77.79038112	     31.70127833	     -6.26299779	     38.82521508	     56.96042425	     68.94644280
      4.68333330	     -8.37380598	      0.84399821	      3.71082674	      0.75529900	      0.90593838	     -0.00882179	      8.97801578	     -3.73382252	    -14.79384530	      2.70989249	      5.50130898	     -5.62316920	      0.00000000	     10.21268170	     -4.06624754	    -12.74408546	      3.15623944	      6.35616888	      5.84229327	      0.00000000	      5.49295528	     -0.65726153	      5.49775122	     19.50386170	    -17.76313724	     29.25874454	     69.52102825	     78.50891097	     29.51786022	     -5.83655598	     38.94977933	     57.70529866	     69.60078732
      4.70000000	     -8.06656156	      0.78047003	      3.65264602	      0.75546232	      0.90708347	     -0.01032258	      8.07532523	     -3.59923866	    -14.94213785	      1.71619273	      5.24141786	     -5.15871172	      0.00000000	      9.47266804	     -4.07061708	    -12.80469360	      2.54296302	      6.29551044	      6.18263760	      0.00000000	      5.61270377	     -0.52577252	      5.77712231	     17.45144884	    -16.75454123	     30.20583737	     69.07466582	     78.74668671	     27.50899191	     -5.36987587	     39.39732111	     57.63841178	     69.77525404
      4.71666670	     -7.08772074	      0.80637602	      3.59496612	      0.75625160	      0.91191571	     -0.01087348	      6.45573988	     -3.54375495	    -15.56204227	      0.82272874	      5.52167118	     -3.39947901	      0.00000000	      8.02647289	     -4.03667375	    -13.44499533	      1.94478318	      6.56385749	      7.71298540	      0.00000000	      4.74973458	     -0.48651718	      5.51492863	     16.40254873	    -15.18087747	     31.48102324	     67.16218511	     79.83926706	     25.72547494	     -4.71164638	     38.97313894	     57.06138260	     70.49418973
      4.73333330	     -6.65179231	      0.77949342	      3.61911024	      0.75709365	      0.91247892	     -0.01180655	      5.55112099	     -3.49603355	    -16.11004754	      0.14107335	      5.51434921	     -2.05650370	      0.00000000	      7.31210251	     -4.01326644	    -13.93814440	      1.53456507	      6.52455287	      8.66770210	      0.00000000	      4.60866025	     -0.34259559	      4.50360099	     16.15098125	    -13.91580633	     34.67782777	     64.59628834	     82.28277799	     23.57444139	     -4.52803172	     38.28918625	     56.79146813	     72.16687820
      4.75000000	     -5.98041527	      0.88410301	      3.52805552	      0.76170131	      0.91463754	     -0.01063872	      4.59489270	     -3.56643679	    -16.06399689	      0.00000000	      5.57622255	     -1.61202444	      0.00000000	      6.17820738	     -3.88364895	    -14.25197933	      1.02183000	      6.10091552	      8.98705579	      0.00000000	      3.99036974	     -0.49254833	      4.64515594	     14.69300617	    -12.87059008	     35.49533842	     63.41920816	     82.58346178	     22.08092091	     -3.94917561	     38.56685406	     56.44314806	     72.42179041
      4.76666670	     -5.31782498	      0.96611611	      3.42199272	      0.76159370	      0.91911711	     -0.01103077	      3.72583824	     -3.61780810	    -16.47924392	      0.00000000	      5.84795655	     -0.72233546	      0.00000000	      5.14913719	     -3.80912028	    -14.93763090	      0.74526367	      5.87492859	      9.64281662	      0.00000000	      3.42058392	     -0.55384770	      4.50572901	     13.93051638	    -11.57967877	     36.87003360	     61.29026180	     83.06385966	     20.83646420	     -3.60488302	     39.02822888	     55.34098960	     72.79971614
      4.78333330	     -4.67422625	      1.00326897	      3.34742719	      0.76434303	      0.91711383	     -0.01027319	      2.87944136	     -3.60184897	    -16.68813332	      0.00000000	      6.01481196	     -0.19154970	      0.00000000	      4.19996733	     -3.82101120	    -15.41080512	      0.57977084	      5.75386199	     10.13125736	      0.00000000	      2.92628103	     -0.58987611	      4.29544435	     13.27254624	    -10.50472260	     38.62631203	     59.72651004	     83.53557640	     19.45894042	     -3.46268671	     39.56103945	     54.88182937	     73.19354914
      4.80000000	     -4.39034107	      0.99436623	      3.34496066	      0.76365010	      0.91669648	     -0.01235641	      2.51244927	     -3.61283728	    -16.82527927	      0.00000000	      5.88791560	     -0.23345786	      0.00000000	      3.70437458	     -3.78666150	    -15.54570966	      0.40338546	      5.65154563	     10.19293335	      0.00000000	      2.74726246	     -0.52426257	      4.31117010	     12.00270427	     -9.81954371	     39.35750769	     59.45901760	     83.61329061	     18.05442974	     -3.18570971	     40.02381139	     54.70131234	     73.26701080
      4.81666670	     -3.59709071	      1.08662758	      3.20268525	      0.76505047	      0.91583669	     -0.01245217	      1.61313053	     -3.69884196	    -16.78756762	      0.00000000	      5.98898108	     -0.08107569	      0.00000000	      2.65166942	     -3.69636703	    -16.15612596	      0.22093072	      5.46083842	     10.81100270	      0.00000000	      2.07359764	     -0.51824125	      4.19778496	     11.53451652	     -8.86106655	     41.70255669	     57.90540343	     83.90082002	     17.14805662	     -3.19463087	     40.88810921	     54.60670844	     73.64757968
      4.83333330	     -3.28503894	      1.10004886	      3.20442060	      0.76357327	      0.91511395	     -0.01298782	      1.25904109	     -3.74707769	    -16.76568052	      0.00000000	      5.98290628	     -0.22441558	      0.00000000	      2.22816172	     -3.63916005	    -16.41232760	      0.13267860	      5.58156973	     11.15729595	      0.00000000	      1.90272186	     -0.47030033	      3.88119702	     11.12275108	     -8.30681496	     44.64913301	     57.08866290	     84.05967511	     16.20331677	     -3.30705884	     41.93799128	     54.58853098	     74.10893837
      4.85000000	     -3.03430352	      1.08138906	      3.22031933	      0.76305500	      0.91470402	     -0.01371082	      0.98673108	     -3.77782511	    -16.73349961	      0.00000000	      6.00820690	     -0.26457042	      0.00000000	      2.01613126	     -3.63671235	    -16.40703816	      0.24035334	      5.69157122	     11.11723043	      0.00000000	      1.68503747	     -0.40579716	      3.94317337	      9.82872018	     -7.55267932	     45.35087394	     57.05011923	     84.09018133	     15.18475183	     -3.03093333	     42.31613666	     54.52167639	     74.15248273
      4.86666670	     -2.80247217	      1.08728344	      3.21538274	      0.76176707	      0.91457862	     -0.01552028	      0.74456055	     -3.86561165	    -16.67439189	      0.00000000	      6.15558910	     -0.37153785	      0.00000000	      1.65340064	     -3.53161225	    -16.47751607	      0.00000000	      5.97769985	     11.09131698	      0.00000000	      1.50759140	     -0.33694126	      4.14101883	      8.80248104	     -7.03525687	     46.58092621	     56.86381377	     84.13302419	     14.34495023	     -2.87505418	     42.99301306	     54.53572057	     74.27204226
      4.88333330	     -2.41694045	      1.11552092	      3.05894006	      0.75932756	      0.91239142	     -0.01625297	      0.48670514	     -3.97370198	    -16.29530587	      0.00000000	      6.17685663	     -0.67711116	      0.00000000	      1.32608793	     -3.45944260	    -16.76313302	      0.05618258	      6.18931239	     11.42095239	      0.00000000	      1.06370355	     -0.17257893	      3.97459235	      9.74334476	     -7.09901371	     51.96824716	     56.48626945	     84.11839972	     14.55105318	     -3.39431755	     46.16642738	     54.66471741	     75.00682086
      4.90000000	     -2.37378616	      1.11721236	      3.19634150	      0.75910167	      0.91204139	     -0.01767646	      0.53369187	     -4.09144922	    -16.24316829	      0.00000000	      6.22657622	     -0.68843033	      0.00000000	      1.40297555	     -3.36892495	    -16.73608296	      0.05552384	      6.25561173	     11.41451132	      0.00000000	      0.73744981	     -0.02217044	      4.06596789	      9.34708049	     -6.62606364	     52.27778715	     56.56601660	     84.12107153	     14.11373213	     -3.21372653	     46.36371019	     54.62867802	     75.02797473
      4.91666670	     -2.19883959	      1.05397276	      3.17403563	      0.76113830	      0.91122050	     -0.01844874	      0.38664344	     -4.10339401	    -16.15631906	      0.00000000	      6.41415120	     -0.81400391	      0.00000000	      1.17111412	     -3.37820517	    -16.67281050	      0.00000000	      6.63431432	     11.37148941	      0.00000000	      0.76429423	      0.00486118	      4.07301879	      8.99086125	     -6.21533634	     53.24071621	     56.81434059	     84.11610766	     13.51740964	     -3.00607957	     47.02976137	     54.66574091	     75.13671857
      4.93333330	     -2.04396531	      1.04152859	      3.24431253	      0.75824358	      0.91110514	     -0.01873024	      0.32549132	     -4.16031917	    -15.92543577	      0.00000000	      6.30599314	     -1.28202260	      0.00000000	      1.17189613	     -3.34931978	    -16.70123712	      0.14663441	      6.81202867	     11.49638851	      0.00000000	      0.43515591	      0.22633364	      3.78553719	     10.45597693	     -6.75304301	     58.22987626	     57.90686301	     83.91182765	     13.93600490	     -3.66320343	     50.20347976	     54.85031978	     75.81426259
      4.95000000	     -1.99811871	      1.01648280	      3.27387489	      0.76022870	      0.91008948	     -0.01842313	      0.30845943	     -4.18190591	    -15.89302957	      0.00000000	      6.37871383	     -1.31229535	      0.00000000	      1.14619462	     -3.35240420	    -16.67648962	      0.15929231	      6.88353204	     11.49061178	      0.00000000	      0.33902004	      0.31798053	      3.83407740	     10.57025479	     -6.45932301	     58.35118632	     58.03968195	     83.87535872	     13.48607285	     -3.67158294	     50.44066825	     54.75321134	     75.84790093
      4.96666670	     -1.98425544	      0.99284760	      3.39092045	      0.75775403	      0.91253539	     -0.01940724	      0.32653217	     -4.20943879	    -15.84082982	      0.00000000	      6.38722554	     -1.30001819	      0.00000000	      1.19112728	     -3.33952298	    -16.68869981	      0.11979745	      6.91878673	     11.48295323	      0.00000000	      0.23975382	      0.37169271	      3.86223444	     10.60258707	     -6.36855346	     58.42292485	     58.10577705	     83.86734044	     13.28896795	     -3.74221468	     50.55755023	     54.68532032	     75.86364859
      4.98333330	     -1.77602245	      0.96831779	      3.43514093	      0.75939011	      0.91465553	     -0.01860197	      0.11411096	     -4.19331597	    -15.77443347	      0.00000000	      6.32403690	     -1.55053440	      0.00000000	      1.01322181	     -3.38077614	    -16.67478711	      0.15168879	      7.04818848	     11.60884896	      0.00000000	      0.05137405	      0.49168319	      3.25942891	     11.62281696	     -6.72212815	     61.60653136	     58.88975922	     83.50162790	     13.59148923	     -4.42456048	     53.21762060	     54.28180061	     76.50615239
      5.00000000	     -1.79031163	      0.96066679	      3.50396922	      0.75866900	      0.91462547	     -0.01934922	      0.13362281	     -4.20348680	    -15.74750803	      0.00000000	      6.31193697	     -1.53071796	      0.00000000	      1.06844942	     -3.36827398	    -16.69944319	      0.11123950	      7.03741186	     11.60234442	      0.00000000	     -0.07280529	      0.48368843	      3.28580006	     11.59534527	     -6.73520160	     61.63363604	     58.87359608	     83.49070669	     13.44486103	     -4.53295313	     53.27038997	     54.20287010	     76.51576941
      5.01666670	     -1.79742289	      0.97327610	      3.40901257	      0.75800459	      0.91561035	     -0.02013915	      0.19915765	     -4.25187203	    -15.76032871	      0.00000000	      6.28035396	     -1.51752925	      0.00000000	      1.11441249	     -3.32235721	    -16.72660922	      0.08066407	      7.00559175	     11.59881606	      0.00000000	     -0.27309606	      0.47928826	      3.24009743	     11.46135824	     -6.84073353	     61.71059587	     58.82390656	     83.47998136	     13.24624725	     -4.72632034	     53.36533970	     54.05184040	     76.53378946
      5.03333330	     -1.65271105	      1.01732622	      3.42850785	      0.75866841	      0.91777992	     -0.01985913	     -0.00662759	     -4.29458641	    -15.91542020	      0.00000000	      6.15398251	     -1.26309445	      0.00000000	      0.92681460	     -3.26883017	    -16.90797809	      0.00000000	      6.78342911	     11.88865076	      0.00000000	     -0.24297823	      0.39265120	      2.92899818	     12.07727983	     -6.95004812	     63.62806849	     58.49778942	     83.12562138	     13.75080785	     -4.83274305	     55.06577199	     52.52642121	     77.20033836
      5.05000000	     -1.67955036	      1.01540140	      3.38373570	      0.75896244	      0.91759386	     -0.02003849	      0.01837156	     -4.29976494	    -15.93447144	      0.00000000	      6.11935177	     -1.25297742	      0.00000000	      0.93966936	     -3.24653319	    -16.93847459	      0.00000000	      6.78642754	     11.87473518	      0.00000000	     -0.33911184	      0.38742624	      2.91060714	     11.97635051	     -7.05810753	     63.67362306	     58.45250747	     83.11352999	     13.75320047	     -4.98960050	     55.07122342	     52.45855528	     77.21543692
      5.06666670	     -1.68934217	      0.99765721	      3.37849043	      0.75887862	      0.91642841	     -0.02039515	     -0.00190576	     -4.29716605	    -15.93601614	      0.00000000	      6.11425821	     -1.25140966	      0.00000000	      0.94355623	     -3.23177186	    -16.94369474	      0.00000000	      6.78639361	     11.87295618	      0.00000000	     -0.34208629	      0.38284735	      2.90899514	     11.96939040	     -7.06327681	     63.67890915	     58.45049344	     83.11280645	     13.75739481	     -5.00238210	     55.07156455	     52.45215369	     77.21694497
      5.08333330	     -1.67540286	      1.00284387	      3.37235213	      0.75935615	      0.91711892	     -0.02105363	     -0.04988158	     -4.31610298	    -16.00220445	      0.00000000	      6.00319677	     -1.23019181	      0.00000000	      0.92318923	     -3.20075917	    -17.07261057	      0.00000000	      6.79993521	     11.82477096	      0.00000000	     -0.38954676	      0.32624491	      2.84007885	     11.82012750	     -7.24515900	     63.78495599	     58.39476596	     83.10364691	     13.84966763	     -5.27131587	     55.07541635	     52.29994175	     77.24493376
      5.10000000	     -1.66821744	      0.97436407	      3.37651713	      0.75759202	      0.91543483	     -0.02184190	     -0.03518456	     -4.33117740	    -16.00963164	      0.00000000	      5.99962421	     -1.23094070	      0.00000000	      0.90462426	     -3.18456609	    -17.08071757	      0.00000000	      6.80257714	     11.82267389	      0.00000000	     -0.38719012	      0.32312984	      2.84058849	     11.82922096	     -7.24503290	     63.78887427	     58.39666644	     83.10290398	     13.85983951	     -5.27757807	     55.07689705	     52.29299143	     77.24744719
      5.11666670	     -1.69194399	      0.96541974	      3.37273489	      0.76001814	      0.91730512	     -0.02166069	     -0.05979039	     -4.33846156	    -16.01589822	      0.00000000	      5.99341160	     -1.23075076	      0.00000000	      0.91558653	     -3.17033302	    -17.08831207	      0.00000000	      6.80370444	     11.82042516	      0.00000000	     -0.39112557	      0.32149002	      2.83787714	     11.84511712	     -7.25189797	     63.78933445	     58.39663872	     83.10213017	     13.87946039	     -5.28560080	     55.07484419	     52.28480461	     77.24947868
      5.13333330	     -1.67980394	      1.02773786	      3.44340030	      0.75827705	      0.91661758	     -0.02232024	     -0.07599283	     -4.46024462	    -16.16717507	      0.00000000	      5.88975403	     -1.23626793	      0.00000000	      0.91645213	     -3.04909866	    -17.27757727	      0.00000000	      6.87018797	     11.76119576	      0.00000000	     -0.38843111	      0.29020731	      2.79277165	     12.10814336	     -7.42240587	     63.79817043	     58.37819900	     83.08948527	     14.17889080	     -5.45542858	     55.03848128	     52.10654382	     77.28672122
      5.15000000	     -1.67043764	      1.00732783	      3.44087618	      0.75722155	      0.91614199	     -0.02269040	     -0.06202753	     -4.46285171	    -16.17455819	      0.00000000	      5.88703718	     -1.23700175	      0.00000000	      0.90833430	     -3.03716585	    -17.27912552	      0.00000000	      6.87136946	     11.76335892	      0.00000000	     -0.39476443	      0.28024382	      2.79144425	     12.11918386	     -7.42307723	     63.80069945	     58.37846718	     83.08892959	     14.18114824	     -5.45357708	     55.04173878	     52.09749675	     77.28914386
      5.16666670	     -1.69359176	      0.99900214	      3.45788968	      0.75675761	      0.91472451	     -0.02258834	      0.01728318	     -4.45861219	    -16.35265215	      0.00000000	      5.82113335	     -1.26607565	      0.00000000	      0.96625941	     -3.03964600	    -17.32807739	      0.00000000	      6.92488699	     11.79636230	      0.00000000	     -0.57849977	      0.12697924	      2.80852227	     12.60387914	     -7.50619897	     63.75548460	     58.36058618	     83.07309041	     14.32137165	     -5.41823669	     55.06715253	     51.89849792	     77.33294210
      5.18333330	     -1.69171142	      0.99453223	      3.46032888	      0.75703810	      0.91574647	     -0.02262278	      0.02170679	     -4.46145199	    -16.35303772	      0.00000000	      5.82070433	     -1.26605400	      0.00000000	      0.96524359	     -3.03778249	    -17.32828618	      0.00000000	      6.92519107	     11.79672620	      0.00000000	     -0.57884920	      0.12708884	      2.80855504	     12.60552103	     -7.50605275	     63.75598001	     58.36043800	     83.07300204	     14.32280332	     -5.41805845	     55.06714666	     51.89671437	     77.33332372
      5.20000000	     -1.69535792	      0.98912117	      3.46248042	      0.75689799	      0.91597398	     -0.02263643	      0.01994625	     -4.46267682	    -16.35382061	      0.00000000	      5.82013876	     -1.26609120	      0.00000000	      0.96290312	     -3.03460397	    -17.32874504	      0.00000000	      6.92542803	     11.79710196	      0.00000000	     -0.57966790	      0.12646002	      2.80916341	     12.60751844	     -7.50618798	     63.75629008	     58.35982735	     83.07290196	     14.32304430	     -5.41832523	     55.06724805	     51.89428561	     77.33369021
      5.21666670	     -0.98386484	      1.01288692	      3.61124041	      0.75666785	      0.91638298	     -0.02296255	     -0.76596318	     -4.45879684	    -16.80565901	      0.00000000	      5.82901453	     -0.98747803	      0.00000000	      0.23473169	     -3.04215303	    -17.60331212	      0.00000000	      7.14208972	     12.46415815	      0.00000000	     -1.35314340	      0.07118114	      2.71670442	     13.62956430	     -7.35842859	     65.13143719	     57.25872037	     82.86481896	     15.11118804	     -4.42644455	     55.43605350	     48.61169014	     78.18102947
      5.23333330	     -0.97688410	      1.01193246	      3.61841915	      0.75631028	      0.91632773	     -0.02288166	     -0.75083947	     -4.46001757	    -16.80879187	      0.00000000	      5.82722611	     -0.98755260	      0.00000000	      0.22627533	     -3.04471213	    -17.60281161	      0.00000000	      7.14111756	     12.46541328	      0.00000000	     -1.35262391	      0.06724889	      2.72061098	     13.63049775	     -7.35698287	     65.13311193	     57.25834564	     82.86423463	     15.10679095	     -4.42828815	     55.43742556	     48.60917043	     78.18276089
      5.25000000	     -0.98854563	      1.00538067	      3.62926605	      0.75619261	      0.91554585	     -0.02342182	     -0.72954793	     -4.44545894	    -16.91498842	      0.00000000	      5.79566667	     -1.00756210	      0.00000000	      0.24073328	     -3.06018963	    -17.59046002	      0.00000000	      7.11475472	     12.49322513	      0.00000000	     -1.37106736	     -0.04699244	      2.81399454	     13.74560913	     -7.31237578	     65.14536749	     57.24040522	     82.85147363	     15.01775855	     -4.42179567	     55.46870256	     48.52998715	     78.21767803
      5.26666670	     -1.00632850	      1.01064819	      3.62972309	      0.75763225	      0.91642594	     -0.02279842	     -0.72975153	     -4.44775846	    -16.91921709	      0.00000000	      5.79335463	     -1.00752977	      0.00000000	      0.22774536	     -3.05980635	    -17.58956122	      0.00000000	      7.11149377	     12.49476519	      0.00000000	     -1.37190905	     -0.04861147	      2.81271888	     13.74827926	     -7.31128398	     65.14747088	     57.23803752	     82.85075293	     15.01960700	     -4.41610725	     55.46941892	     48.52487218	     78.21979854
      5.28333330	     -1.01201999	      1.01269333	      3.62907203	      0.75738774	      0.91534574	     -0.02286216	     -0.73121245	     -4.44707738	    -16.92043752	      0.00000000	      5.79297067	     -1.00756320	      0.00000000	      0.21943414	     -3.06067169	    -17.58963062	      0.00000000	      7.11059013	     12.49504613	      0.00000000	     -1.37172503	     -0.04986370	      2.81234853	     13.74763260	     -7.31032322	     65.14834927	     57.23759173	     82.85066258	     15.01906284	     -4.41476369	     55.46980364	     48.52346087	     78.22019404
      5.30000000	     -0.92328222	      1.10795370	      3.64854454	      0.75787626	      0.91660782	     -0.02297152	     -0.87147751	     -4.55510900	    -17.34911782	      0.00000000	      5.89634501	     -0.50584044	      0.00000000	      0.07629115	     -2.97119199	    -17.65280129	      0.00000000	      6.94404262	     12.73047349	      0.00000000	     -1.20181106	     -0.26432445	      2.67595758	     14.11809541	     -6.91920254	     66.30763718	     56.26558607	     82.63156329	     15.45774841	     -3.36071992	     55.71776654	     45.61078366	     78.99162372
      5.31666670	     -0.93431052	      1.11550930	      3.64000825	      0.75681990	      0.91739498	     -0.02278433	     -0.87621106	     -4.55346017	    -17.34983839	      0.00000000	      5.89766277	     -0.50566794	      0.00000000	      0.07090040	     -2.97434770	    -17.65484542	      0.00000000	      6.94544603	     12.72882815	      0.00000000	     -1.19488227	     -0.26754097	      2.66742543	     14.11432435	     -6.92087733	     66.31004387	     56.26562650	     82.63088353	     15.46691622	     -3.35212957	     55.71770709	     45.61308798	     78.99373374
      5.33333330	     -0.94440329	      1.12502894	      3.52196038	      0.75634870	      0.91698957	     -0.02282417	     -0.83311704	     -4.56945134	    -17.33788543	      0.00000000	      5.91708080	     -0.49819221	      0.00000000	      0.04499003	     -2.95694373	    -17.67846174	      0.00000000	      6.94870255	     12.71286422	      0.00000000	     -1.16150414	     -0.31448338	      2.49612172	     14.06099577	     -6.92470954	     66.34508907	     56.26582848	     82.62562790	     15.70184808	     -3.16722578	     55.69759475	     45.66071335	     79.01347066
      5.35000000	     -0.97379251	      1.15118939	      3.58045177	      0.75663636	      0.91623533	     -0.02317028	     -0.79447315	     -4.61228203	    -17.26150461	      0.00000000	      5.93652630	     -0.46103068	      0.00000000	      0.10827917	     -2.91292746	    -17.75746053	      0.00000000	      6.95681519	     12.67346349	      0.00000000	     -1.15828968	     -0.34504815	      2.27917096	     14.06135222	     -6.88342528	     66.39259321	     56.28999857	     82.61828146	     16.13085773	     -2.88595973	     55.65007845	     45.71250566	     79.04391543
      5.36666670	     -1.00944503	      1.16729760	      3.52315617	      0.75773118	      0.91702311	     -0.02273209	     -0.73189668	     -4.63530279	    -17.22716106	      0.00000000	      5.96209475	     -0.44799305	      0.00000000	      0.12657332	     -2.89790057	    -17.76325662	      0.00000000	      6.94440459	     12.67322735	      0.00000000	     -1.16252121	     -0.38534445	      2.09866473	     14.12239742	     -6.87089384	     66.41497819	     56.31794174	     82.61119696	     16.49062528	     -2.67291268	     55.61324405	     45.72620483	     79.07229250
      5.38333330	     -1.04616546	      1.19772649	      3.59911938	      0.75659968	      0.91578799	     -0.02278952	     -0.68919950	     -4.67830784	    -17.16425212	      0.00000000	      6.00140308	     -0.43486395	      0.00000000	      0.19456266	     -2.86251745	    -17.81151422	      0.00000000	      6.94273856	     12.64652301	      0.00000000	     -1.16343324	     -0.39797323	      1.89303528	     14.27897130	     -6.83503094	     66.42222278	     56.38542918	     82.60211973	     16.97104521	     -2.38800623	     55.56610538	     45.74457210	     79.10967722
      5.40000000	     -0.79444347	      1.28277370	      3.73838808	      0.75630447	      0.91583860	     -0.02335561	     -0.97765651	     -4.75565727	    -17.15772640	      0.00000000	      6.06358922	     -0.63911196	      0.00000000	     -0.00065040	     -2.77415269	    -17.58983099	      0.00000000	      6.73797178	     12.46079821	      0.00000000	     -1.62238577	     -0.52517162	      1.54116337	     14.78705399	     -7.09132377	     67.12269552	     57.22797437	     82.48661166	     17.82299105	     -1.80479098	     56.06526991	     44.38836400	     79.84208234
      5.41666670	     -0.84448866	      1.30162396	      3.70868833	      0.75397434	      0.91420895	     -0.02348877	     -0.87842306	     -4.79632014	    -17.12433132	      0.00000000	      6.06263112	     -0.62531639	      0.00000000	      0.08058780	     -2.73553974	    -17.63358812	      0.00000000	      6.78845518	     12.41801069	      0.00000000	     -1.56327921	     -0.48398869	      1.46569226	     14.98763681	     -7.05706301	     67.09071391	     57.28203761	     82.46914543	     18.28924751	     -1.55286050	     56.02990324	     44.52879549	     79.90164637
      5.43333330	     -0.83440312	      1.32551135	      3.61259646	      0.75312331	      0.91357800	     -0.02315706	     -0.80263734	     -4.81605617	    -17.12469144	      0.00000000	      6.07222083	     -0.63480879	      0.00000000	      0.10600483	     -2.71241445	    -17.63473078	      0.00000000	      6.79123637	     12.41011088	      0.00000000	     -1.53363538	     -0.47887857	      1.36479131	     15.06004547	     -7.04438954	     67.07640232	     57.31788175	     82.46392661	     18.51724120	     -1.37606373	     56.01956376	     44.62108506	     79.92213421
      5.45000000	     -0.88528513	      1.35021667	      3.61103851	      0.75349996	      0.91381183	     -0.02337508	     -0.70314011	     -4.87838755	    -17.07632143	      0.00000000	      6.07650636	     -0.63458701	      0.00000000	      0.20632706	     -2.65219914	    -17.68368429	      0.00000000	      6.79977574	     12.37555238	      0.00000000	     -1.49793958	     -0.45518913	      1.19458845	     15.24261209	     -6.99370400	     67.04144456	     57.41753241	     82.45603887	     19.00339760	     -1.04820731	     55.98717798	     44.81941393	     79.95555800
      5.46666670	     -1.04158900	      1.35522429	      3.63851489	      0.75257574	      0.91112204	     -0.02354772	     -0.44582092	     -4.90510330	    -16.75898310	      0.00000000	      5.85568611	     -1.28983754	      0.00000000	      0.54588052	     -2.64205708	    -17.49823947	      0.13618254	      6.84762066	     11.94887112	      0.00000000	     -1.62978314	     -0.46254046	      1.32719974	     15.48319963	     -7.58917461	     67.43441284	     59.12429949	     82.36359096	     19.57327989	     -1.25522132	     56.98172468	     46.05294011	     80.84457221
      5.48333330	     -1.01389643	      1.37072837	      3.58992152	      0.75371867	      0.91249194	     -0.02391385	     -0.44123443	     -4.93534117	    -16.73246575	      0.00000000	      5.84611653	     -1.28766243	      0.00000000	      0.56389329	     -2.61882886	    -17.50416879	      0.15042889	      6.83142986	     11.94960249	      0.00000000	     -1.58170526	     -0.43841510	      1.25453837	     15.48435405	     -7.56883209	     67.42980161	     59.14441333	     82.35919770	     19.69051638	     -1.12413708	     56.98849864	     46.13436800	     80.86964071
      5.50000000	     -1.00819934	      1.37829691	      3.59309948	      0.75470011	      0.91424546	     -0.02317541	     -0.43988909	     -4.93790604	    -16.72847975	      0.00083246	      5.84482801	     -1.28700515	      0.00000000	      0.57557133	     -2.62096858	    -17.50511209	      0.14684703	      6.83107828	     11.94891834	      0.00000000	     -1.57884124	     -0.43454961	      1.25128017	     15.48476692	     -7.56753541	     67.42992386	     59.14763454	     82.35895274	     19.69798274	     -1.11485193	     56.98975361	     46.14287745	     80.87167150
      5.51666670	     -0.99901657	      1.39437338	      3.57779143	      0.75423584	      0.91692542	     -0.02353304	     -0.44106775	     -4.97244314	    -16.66746627	      0.00000000	      5.80841957	     -1.27151800	      0.00000000	      0.59116826	     -2.59309316	    -17.52718973	      0.18032753	      6.79122148	     11.94564245	      0.00000000	     -1.49156850	     -0.38149905	      1.21023629	     15.44762926	     -7.53714230	     67.44757063	     59.21400299	     82.35629723	     19.79896002	     -0.97230360	     57.02292309	     46.32603850	     80.90741438
      5.53333330	     -0.99319611	      1.39475676	      3.57903796	      0.75508464	      0.91748559	     -0.02332430	     -0.43915476	     -4.97336503	    -16.66467177	      0.00000000	      5.80584814	     -1.27091072	      0.00000000	      0.60070150	     -2.59501855	    -17.52765809	      0.17725161	      6.78868400	     11.94556317	      0.00000000	     -1.49425517	     -0.38045607	      1.21578056	     15.44365020	     -7.53809417	     67.44952453	     59.21716272	     82.35619780	     19.79299485	     -0.97688384	     57.02647070	     46.33316415	     80.90957799
      5.55000000	     -1.26441021	      1.39939391	      3.37934438	      0.75607346	      0.91708947	     -0.02306359	     -0.13530207	     -4.98717715	    -16.20736278	      0.00000000	      5.63168972	     -1.55580429	      0.00000000	      0.78764231	     -2.57795197	    -17.73016607	      0.09005363	      6.58199098	     11.93984359	      0.00000000	     -1.24869654	     -0.34653770	      1.66929348	     14.97145766	     -7.92497589	     67.44419616	     60.31328182	     82.25145857	     19.39472871	     -2.07831217	     57.93814044	     49.21199354	     81.82477238
      5.56666670	     -1.22444276	      1.38256891	      3.29141820	      0.75507309	      0.91705085	     -0.02286383	     -0.14874705	     -4.96788289	    -16.25678714	      0.00000000	      5.58761454	     -1.56938013	      0.00000000	      0.74312551	     -2.60792959	    -17.74147333	      0.11527633	      6.56277306	     11.92550371	      0.00000000	     -1.29093271	     -0.32951515	      1.76338733	     14.83036203	     -7.90874772	     67.49536624	     60.31221578	     82.25025061	     19.21458303	     -2.21604537	     57.97214886	     49.19440968	     81.85804282
      5.58333330	     -1.15695506	      1.36878239	      3.18348873	      0.75610382	      0.91834431	     -0.02257993	     -0.21521417	     -4.94283805	    -16.25988233	      0.00000000	      5.49569862	     -1.53745145	      0.00000000	      0.60145849	     -2.63654786	    -17.80423518	      0.09822035	      6.52391670	     11.88128707	      0.00000000	     -1.24728172	     -0.30146816	      1.93891014	     14.61923847	     -7.88979800	     67.55973906	     60.32101494	     82.24536885	     18.84699463	     -2.42969593	     58.04515320	     49.23714772	     81.92222270
      5.60000000	     -1.09725701	      1.34689148	      3.06358319	      0.75782155	      0.91845922	     -0.02181277	     -0.29712648	     -4.90894025	    -16.21185293	      0.00000000	      5.42150425	     -1.46714984	      0.00000000	      0.40903493	     -2.66121778	    -17.91555309	      0.00000000	      6.50653688	     11.81070932	      0.00000000	     -1.18490491	     -0.26733926	      2.15079626	     14.29793592	     -7.83955933	     67.64817447	     60.32606145	     82.23611707	     18.38083538	     -2.68780845	     58.12250639	     49.35878943	     82.01229935
      5.61666670	     -1.06461539	      1.33560743	      2.97642372	      0.75816520	      0.91716592	     -0.02209080	     -0.33506815	     -4.88984260	    -16.21971983	      0.00000000	      5.41427795	     -1.45184125	      0.00000000	      0.31930715	     -2.68257162	    -17.92890891	      0.00140171	      6.51209120	     11.78732950	      0.00000000	     -1.21284219	     -0.24242609	      2.34603728	     14.13335600	     -7.78923118	     67.69675921	     60.33285853	     82.23274839	     18.01938874	     -2.95249772	     58.17286404	     49.34417802	     82.04860143
      5.63333330	     -0.99443146	      1.31902509	      2.80795497	      0.75868408	      0.91809582	     -0.02193834	     -0.41686123	     -4.86567567	    -16.21204567	      0.00000000	      5.39359949	     -1.41310623	      0.00000000	      0.15227912	     -2.71330758	    -17.97258411	      0.00000000	      6.54080145	     11.73889128	      0.00000000	     -1.14259608	     -0.21865449	      2.51227869	     13.91530031	     -7.75259084	     67.74163267	     60.32871453	     82.22769752	     17.58612707	     -3.19499811	     58.23120841	     49.34908562	     82.08824369
      5.65000000	     -0.93622030	      1.30223818	      2.68939064	      0.75838550	      0.91747487	     -0.02172303	     -0.49076822	     -4.84975339	    -16.18135233	      0.00000000	      5.37713357	     -1.35401053	      0.00000000	      0.00796547	     -2.73159219	    -18.06449890	      0.00000000	      6.60362027	     11.66343906	      0.00000000	     -1.06739671	     -0.16717570	      2.67669781	     13.75394851	     -7.70181497	     67.75185731	     60.31923240	     82.21934393	     17.21104553	     -3.41766945	     58.25556436	     49.36627906	     82.12660236
      5.66666670	     -0.88049333	      1.27245636	      2.51474439	      0.76051452	      0.91759660	     -0.02116409	     -0.57165702	     -4.79945022	    -16.14521415	      0.00000000	      5.36364606	     -1.28434082	      0.00000000	     -0.18855411	     -2.78182365	    -18.13257122	      0.00000000	      6.65069677	     11.60818395	      0.00000000	     -0.92871625	     -0.17394725	      2.79507569	     13.72067657	     -7.68808560	     67.68690077	     60.29343086	     82.20563546	     16.85166369	     -3.55871130	     58.26538036	     49.39503071	     82.16242384
      5.68333330	     -0.90455133	      1.27126090	      2.51556611	      0.75966673	      0.91678047	     -0.02116377	     -0.58011268	     -4.79825306	    -16.14495089	      0.00000000	      5.36357129	     -1.28345851	      0.00000000	     -0.20710605	     -2.78123723	    -18.13413810	      0.00452805	      6.65117706	     11.60728796	      0.00000000	     -0.92810377	     -0.17322037	      2.79707864	     13.71983780	     -7.68752586	     67.68610431	     60.29290808	     82.20545439	     16.84661332	     -3.56103111	     58.26531512	     49.39476907	     82.16282398
      5.70000000	     -0.82551436	      1.23990388	      2.33456712	      0.75968649	      0.91635040	     -0.02056766	     -0.66699408	     -4.73201081	    -16.13068491	      0.00000000	      5.39910906	     -1.23560461	      0.00000000	     -0.41877061	     -2.83884404	    -18.17275904	      0.00000000	      6.73113978	     11.55335237	      0.00000000	     -0.79974549	     -0.16266476	      3.00266522	     13.80135848	     -7.65423694	     67.55415923	     60.25471388	     82.18760651	     16.34606245	     -3.77340822	     58.27480906	     49.33560627	     82.19082455
      5.71666670	     -0.83532689	      1.24435290	      2.33652662	      0.75893304	      0.91609566	     -0.02027570	     -0.66207648	     -4.72483792	    -16.12831535	      0.00000000	      5.40134396	     -1.23317741	      0.00000000	     -0.43961285	     -2.83732791	    -18.17569347	      0.00000000	      6.73434944	     11.55115797	      0.00000000	     -0.79701601	     -0.16100699	      3.00363727	     13.80228791	     -7.65510074	     67.54971651	     60.25212549	     82.18696969	     16.33756352	     -3.77314333	     58.27313602	     49.33588030	     82.19159034
      5.73333330	     -0.70331592	      1.17595726	      2.06260433	      0.75924427	      0.91550897	     -0.01969851	     -0.76638022	     -4.62454019	    -16.14912795	      0.00000000	      5.86068551	     -0.41205036	      0.00000000	     -0.68400310	     -2.93237829	    -18.55527962	      0.00000000	      7.14924682	     11.69489513	      0.00000000	     -0.92289732	     -0.04108591	      2.94641951	     13.35090399	     -7.15422481	     65.31410532	     59.31863660	     81.76350736	     15.04932461	     -3.60196734	     55.20345497	     49.58740146	     82.96337056
      5.75000000	     -0.69507776	      1.18633902	      2.05696099	      0.75877816	      0.91543217	     -0.01945197	     -0.76129561	     -4.60973480	    -16.15105101	      0.00000000	      5.86578989	     -0.41428319	      0.00000000	     -0.68686287	     -2.93494408	    -18.55334755	      0.00000000	      7.15066894	     11.69460765	      0.00000000	     -0.91877090	     -0.04768850	      2.94934554	     13.35708437	     -7.15904949	     65.31246121	     59.31759002	     81.76317219	     15.03971044	     -3.59986027	     55.20335156	     49.58681804	     82.96576307
      5.76666670	     -0.68102797	      1.16008142	      1.95960330	      0.75877260	      0.91465497	     -0.01897021	     -0.74142189	     -4.55111416	    -16.17983406	      0.00000000	      5.93161119	     -0.44692673	      0.00000000	     -0.70483401	     -2.98248861	    -18.53362391	      0.00000000	      7.18431788	     11.68621199	      0.00000000	     -0.90800515	     -0.15144002	      2.97076480	     13.47467766	     -7.23516937	     65.26196128	     59.28744256	     81.75757118	     14.94587538	     -3.57967697	     55.19861045	     49.56605962	     82.98455469
      5.78333330	     -0.68336049	      1.16891968	      1.95748562	      0.75795657	      0.91589628	     -0.01867182	     -0.72118717	     -4.53530274	    -16.16273960	      0.00000000	      6.02357817	     -0.46362782	      0.00000000	     -0.65801448	     -2.98817815	    -18.54966948	      0.00000000	      7.24255084	     11.65156888	      0.00000000	     -0.94200232	     -0.20926359	      2.99329967	     13.62379133	     -7.34039216	     65.18430817	     59.22313841	     81.74778648	     14.87858702	     -3.55320902	     55.15563435	     49.51566819	     83.01195290
      5.80000000	     -0.67326304	      1.18496293	      1.94155951	      0.75809244	      0.91576747	     -0.01850117	     -0.73183389	     -4.52682434	    -16.16287933	      0.00000000	      6.02706238	     -0.46417542	      0.00000000	     -0.63619018	     -2.98966804	    -18.54937561	      0.00000000	      7.24442002	     11.65004085	      0.00000000	     -0.94227319	     -0.21157975	      2.98899035	     13.62853579	     -7.34571919	     65.18026552	     59.21903342	     81.74720201	     14.88203639	     -3.54798896	     55.15135054	     49.51352420	     83.01351924
      5.81666670	     -0.68638647	      1.20373515	      1.85919796	      0.75870086	      0.91584840	     -0.01811737	     -0.70685356	     -4.51991507	    -16.16142293	      0.00000000	      6.06265600	     -0.46683267	      0.00000000	     -0.62316277	     -2.98954207	    -18.56800879	      0.00000000	      7.24729824	     11.62554678	      0.00000000	     -0.96173800	     -0.29617703	      2.93294954	     13.71908246	     -7.43146375	     65.11641766	     59.16309175	     81.73972974	     14.92096838	     -3.49799558	     55.10732025	     49.48301873	     83.02825895
      5.83333330	     -0.69244665	      1.21456396	      1.85508273	      0.75941273	      0.91570827	     -0.01808805	     -0.72985989	     -4.51944580	    -16.15819704	      0.00000000	      6.06380511	     -0.46497384	      0.00000000	     -0.60193622	     -2.99199805	    -18.57310800	      0.00000000	      7.24670329	     11.62131085	      0.00000000	     -0.96449488	     -0.30204430	      2.93057367	     13.73042648	     -7.43679332	     65.10925970	     59.15798085	     81.73890106	     14.92559836	     -3.49532830	     55.10167370	     49.47795673	     83.02986316
      5.85000000	     -0.70337114	      1.25016488	      1.90945130	      0.75928306	      0.91606506	     -0.01827888	     -0.74879192	     -4.54951024	    -16.10404132	      0.00000000	      6.10039196	     -0.43152981	      0.00000000	     -0.55167837	     -2.96165279	    -18.68638783	      0.02784561	      7.22338925	     11.54276297	      0.00000000	     -0.97209780	     -0.46520245	      2.85570293	     13.93088354	     -7.55360827	     64.97690374	     59.06123416	     81.72426381	     15.01892766	     -3.44113332	     55.00885680	     49.39195990	     83.05629410
      5.86666670	     -0.72147166	      1.25704657	      1.89609476	      0.76005715	      0.91631483	     -0.01822070	     -0.76954551	     -4.55087802	    -16.10444580	      0.00000000	      6.10142436	     -0.43119445	      0.00000000	     -0.54428120	     -2.96036370	    -18.68697714	      0.03065513	      7.22027411	     11.54138425	      0.00000000	     -0.97656371	     -0.46676673	      2.85319260	     13.93396069	     -7.55133068	     64.97334297	     59.05833504	     81.72370302	     15.02322196	     -3.43952994	     55.00434156	     49.38646862	     83.05775325
      5.88333330	     -0.73718466	      1.26172796	      1.89269782	      0.76046947	      0.91601518	     -0.01809892	     -0.78049493	     -4.55910691	    -16.10450124	      0.00000000	      6.10361867	     -0.43046577	      0.00000000	     -0.55044110	     -2.96063895	    -18.69359511	      0.03943163	      7.21523706	     11.53677337	      0.00000000	     -0.97934943	     -0.47321692	      2.84944619	     13.93798980	     -7.54868342	     64.96788391	     59.05369307	     81.72287317	     15.02857073	     -3.43894961	     54.99782066	     49.37775635	     83.05982360
      5.90000000	     -0.75772051	      1.26380710	      1.89519655	      0.76121685	      0.91614464	     -0.01819032	     -0.78848079	     -4.56937276	    -16.10521997	      0.00000000	      6.10503179	     -0.43018470	      0.00000000	     -0.56585919	     -2.96484484	    -18.70227649	      0.05004790	      7.20993871	     11.53153845	      0.00000000	     -0.97910654	     -0.48150752	      2.84729377	     13.94420122	     -7.54543080	     64.96230822	     59.05018161	     81.72213032	     15.03466210	     -3.44024807	     54.99174279	     49.37017210	     83.06146167
      5.91666670	     -0.50184327	      1.40940764	      1.86878702	      0.76157751	      0.91651231	     -0.01810939	     -1.10339871	     -4.72028444	    -16.12964889	      0.00000000	      6.30095535	     -0.20005895	      0.00000000	     -0.90190739	     -2.81670020	    -18.88633997	      0.01234406	      6.79813075	     11.33300421	      0.00000000	     -1.15944210	     -0.77662749	      2.79489450	     13.95721696	     -7.07736165	     64.31957118	     58.12436594	     81.58576424	     15.05758344	     -3.10533432	     54.08355896	     48.07120773	     83.53695622
      5.93333330	     -0.52596390	      1.40187247	      1.87431805	      0.76163121	      0.91576723	     -0.01825434	     -1.10864885	     -4.72623688	    -16.13461100	      0.00000000	      6.30148638	     -0.20223804	      0.00000000	     -0.92195791	     -2.81938443	    -18.89162663	      0.01495656	      6.80146956	     11.32953506	      0.00000000	     -1.15571134	     -0.77844898	      2.79656973	     13.96030604	     -7.07374095	     64.31843918	     58.12593274	     81.58547456	     15.06065278	     -3.10381648	     54.08139153	     48.07202979	     83.53910297
      5.95000000	     -0.53368689	      1.38929684	      1.88145281	      0.76079519	      0.91542506	     -0.01874482	     -1.11187366	     -4.72774550	    -16.14090602	      0.00000000	      6.30325026	     -0.20532018	      0.00000000	     -0.93293196	     -2.81786926	    -18.89866817	      0.00929262	      6.80706649	     11.32522510	      0.00000000	     -1.14636518	     -0.78214117	      2.80140809	     13.96461099	     -7.06656752	     64.31734562	     58.12850501	     81.58519906	     15.06293203	     -3.10411987	     54.07894233	     48.07247800	     83.54131385
      5.96666670	     -0.53421487	      1.38316271	      1.88397674	      0.76058046	      0.91400078	     -0.01865210	     -1.11447984	     -4.72730545	    -16.14188148	      0.00000000	      6.30331568	     -0.20574772	      0.00000000	     -0.93640656	     -2.81366588	    -18.89989219	      0.00952827	      6.80789851	     11.32459806	      0.00000000	     -1.14561998	     -0.78263909	      2.80249082	     13.96530397	     -7.06541349	     64.31721500	     58.12874140	     81.58515995	     15.06284571	     -3.10439607	     54.07862438	     48.07229354	     83.54163331
      5.98333330	     -0.52959231	      1.35184863	      1.99795395	      0.76130999	      0.91490027	     -0.01850227	     -1.15041263	     -4.68950425	    -16.19070988	      0.00000000	      6.32106911	     -0.23724240	      0.00000000	     -0.92448852	     -2.84165048	    -18.95927763	      0.00000000	      6.87820477	     11.28474247	      0.00000000	     -1.07995483	     -0.80733457	      2.87914478	     14.03805000	     -6.98520643	     64.30196062	     58.15416092	     81.58266148	     15.08166355	     -3.12422264	     54.05297250	     48.06901751	     83.55863870
      6.00000000	     -0.52118879	      1.33842700	      1.99915707	      0.76059230	      0.91415947	     -0.01887974	     -1.14093007	     -4.68826213	    -16.19581951	      0.00000000	      6.32305976	     -0.24049527	      0.00000000	     -0.92868535	     -2.83867229	    -18.96127095	      0.00000000	      6.88397155	     11.28305947	      0.00000000	     -1.07796386	     -0.81046642	      2.88302686	     14.03698585	     -6.97936508	     64.30277260	     58.15468285	     81.58250442	     15.08170602	     -3.12641741	     54.05115209	     48.06816875	     83.56048217
      6.01666670	     -0.51110570	      1.33454321	      2.00126560	      0.76103854	      0.91419157	     -0.01884232	     -1.13562269	     -4.68843815	    -16.19603290	      0.00000000	      6.32319173	     -0.24083231	      0.00000000	     -0.92442368	     -2.83705919	    -18.96152542	      0.00040127	      6.88498341	     11.28274308	      0.00000000	     -1.07847569	     -0.81088726	      2.88416371	     14.03714803	     -6.97805632	     64.30293544	     58.15480881	     81.58248003	     15.08194603	     -3.12703076	     54.05072260	     48.06795126	     83.56078073
      6.03333330	     -0.52505715	      1.30077818	      2.11550150	      0.76140435	      0.91435676	     -0.01897573	     -1.16404517	     -4.64473276	    -16.20304308	      0.00000000	      6.32208698	     -0.25444294	      0.00000000	     -0.89434623	     -2.87336083	    -18.98679240	      0.00000000	      6.93950303	     11.25985907	      0.00000000	     -1.08872092	     -0.82816488	      2.96068607	     14.01088770	     -6.89166232	     64.32748448	     58.16302523	     81.58224075	     15.06224213	     -3.16539303	     54.03373583	     48.05376814	     83.57686768
      6.05000000	     -0.53127251	      1.29761171	      2.11603462	      0.76129183	      0.91533987	     -0.01899848	     -1.16378986	     -4.64624915	    -16.20325003	      0.00000000	      6.32237877	     -0.25487518	      0.00000000	     -0.89683402	     -2.87387183	    -18.98654723	      0.00000000	      6.94032483	     11.25975962	      0.00000000	     -1.08820844	     -0.82849697	      2.96139058	     14.01018840	     -6.89049212	     64.32793146	     58.16307305	     81.58223013	     15.06245942	     -3.16556425	     54.03337890	     48.05386054	     83.57719194
      6.06666670	     -0.54004821	      1.27288911	      2.19559479	      0.76234248	      0.91568987	     -0.01890888	     -1.18543650	     -4.61661261	    -16.18464028	      0.00000000	      6.31547527	     -0.25489064	      0.00000000	     -0.87911336	     -2.90005253	    -18.97671676	      0.00000000	      6.96639602	     11.25862001	      0.00000000	     -1.09407800	     -0.83795334	      3.01687621	     13.95808629	     -6.82859443	     64.35997774	     58.15533197	     81.58200666	     15.04389026	     -3.18182146	     54.01917197	     48.04828416	     83.59434659
      6.08333330	     -0.54916833	      1.26800046	      2.19324904	      0.76262659	      0.91568513	     -0.01884571	     -1.20114797	     -4.61079350	    -16.18332634	      0.00000000	      6.31441877	     -0.25484584	      0.00000000	     -0.87183350	     -2.89547246	    -18.97425948	      0.00000000	      6.96760018	     11.25955092	      0.00000000	     -1.09403594	     -0.83889782	      3.01990343	     13.95384126	     -6.82577735	     64.36232578	     58.15354674	     81.58192465	     15.04250880	     -3.18164278	     54.01811206	     48.04838670	     83.59597995
      6.10000000	     -0.54194398	      1.26293680	      2.20449845	      0.76134287	      0.91502854	     -0.01896588	     -1.20405997	     -4.60631697	    -16.17926865	      0.00000000	      6.31366187	     -0.25371265	      0.00000000	     -0.86679730	     -2.89511510	    -18.97360758	      0.00000000	      6.97019220	     11.25976188	      0.00000000	     -1.09107731	     -0.84080462	      3.02602355	     13.94472433	     -6.82040957	     64.36704963	     58.15114955	     81.58191467	     15.03796082	     -3.18226918	     54.01708207	     48.04836606	     83.59821885
      6.11666670	     -0.52517912	      1.25524852	      2.22191136	      0.76029467	      0.91450507	     -0.01904374	     -1.18707922	     -4.60709844	    -16.17328954	      0.00000000	      6.31431496	     -0.25224365	      0.00000000	     -0.86532733	     -2.89663865	    -18.97187291	      0.00000000	      6.97375363	     11.26069717	      0.00000000	     -1.09129173	     -0.84214591	      3.03101747	     13.93518224	     -6.81526562	     64.37235070	     58.14830750	     81.58193334	     15.03842819	     -3.18151736	     54.01508857	     48.04945161	     83.60042392
      6.13333330	     -0.51248977	      1.25501443	      2.22468745	      0.76079898	      0.91482101	     -0.01906012	     -1.17875536	     -4.60735258	    -16.17202415	      0.00000000	      6.31444683	     -0.25198324	      0.00000000	     -0.85913352	     -2.89733868	    -18.97118830	      0.00024886	      6.97437205	     11.26100580	      0.00000000	     -1.09228253	     -0.84220357	      3.03154805	     13.93441189	     -6.81459193	     64.37300505	     58.14785147	     81.58192777	     15.03985299	     -3.18105181	     54.01452422	     48.04986476	     83.60072883
      6.15000000	     -0.57442231	      1.21830808	      2.36910108	      0.76060690	      0.91464715	     -0.01931791	     -1.11807908	     -4.56257036	    -16.08135555	      0.00000000	      6.31043733	     -0.23341089	      0.00000000	     -0.74199266	     -2.93633874	    -18.91292628	      0.00000000	      7.02723580	     11.29541498	      0.00000000	     -1.18360201	     -0.84284432	      3.05946413	     13.79817721	     -6.75578727	     64.45890818	     58.09540200	     81.58287415	     15.18507223	     -3.11529266	     53.96142687	     48.09860384	     83.62971182
      6.16666670	     -0.57810002	      1.21896554	      2.36719730	      0.76044481	      0.91552848	     -0.01937210	     -1.11721249	     -4.56026784	    -16.08160880	      0.00000000	      6.31058896	     -0.23386636	      0.00000000	     -0.74276242	     -2.93551030	    -18.91164949	      0.00000000	      7.02755171	     11.29607688	      0.00000000	     -1.18231271	     -0.84304557	      3.05937019	     13.79758272	     -6.75578213	     64.45939224	     58.09488814	     81.58285909	     15.18637632	     -3.11445940	     53.96099377	     48.09926841	     83.63006705
      6.18333330	     -0.59886477	      1.20026664	      2.31275200	      0.76033029	      0.91532793	     -0.01912670	     -1.05392464	     -4.52861052	    -16.07501166	      0.00000000	      6.28686962	     -0.25359840	      0.00000000	     -0.72028698	     -2.94590226	    -18.81265533	      0.00000000	      7.03744010	     11.35183067	      0.00000000	     -1.16639502	     -0.84603861	      3.06633575	     13.77068156	     -6.76379545	     64.49984559	     58.03693796	     81.58149720	     15.30545814	     -3.04267441	     53.92284882	     48.14559675	     83.65983469
      6.20000000	     -0.58730378	      1.19689443	      2.31609086	      0.76099526	      0.91634502	     -0.01892902	     -1.04473781	     -4.53297060	    -16.07443808	      0.00000000	      6.28670248	     -0.25377538	      0.00000000	     -0.71444381	     -2.94657089	    -18.81195180	      0.00033154	      7.03770377	     11.35215713	      0.00000000	     -1.16657232	     -0.84548662	      3.06712664	     13.77188662	     -6.76389067	     64.49986881	     58.03650168	     81.58145955	     15.30638053	     -3.04220507	     53.92249166	     48.14592079	     83.66016524
      6.21666670	     -0.59281023	      1.19926296	      2.31932238	      0.76082344	      0.91568853	     -0.01902407	     -1.04206202	     -4.53296364	    -16.07434340	      0.00000000	      6.28615154	     -0.25394875	      0.00000000	     -0.72239061	     -2.94907152	    -18.81133649	      0.00155940	      7.03742101	     11.35268642	      0.00000000	     -1.16707412	     -0.84509530	      3.06826835	     13.77264975	     -6.76380435	     64.50009735	     58.03580893	     81.58142898	     15.30659546	     -3.04207384	     53.92223984	     48.14596933	     83.66054351
      6.23333330	     -0.60568346	      1.20035504	      2.33008315	      0.76143666	      0.91567050	     -0.01882526	     -1.02594599	     -4.53959413	    -16.07628344	      0.00000000	      6.28351763	     -0.25695704	      0.00000000	     -0.74034813	     -2.95705454	    -18.80483861	      0.00000000	      7.03630860	     11.35690493	      0.00000000	     -1.16906867	     -0.84158032	      3.07497586	     13.77923985	     -6.76324194	     64.50100368	     58.03179556	     81.58121881	     15.30909563	     -3.03963080	     53.92058544	     48.14705996	     83.66293764
      6.25000000	     -0.60771797	      1.20394311	      2.32848252	      0.76160070	      0.91634224	     -0.01891319	     -1.02700588	     -4.54117376	    -16.07703749	      0.00000000	      6.28327733	     -0.25767279	      0.00000000	     -0.73771657	     -2.96166148	    -18.80353352	      0.00000000	      7.03615004	     11.35761849	      0.00000000	     -1.16872864	     -0.84112125	      3.07619166	     13.78081766	     -6.76290445	     64.50094101	     58.03134205	     81.58117759	     15.30929529	     -3.03923689	     53.92038574	     48.14727999	     83.66331090
      6.26666670	     -0.62860417	      1.22701412	      2.28531972	      0.76116851	      0.91567925	     -0.01895409	     -1.01936485	     -4.56964854	    -16.16408654	      0.00000000	      6.26251416	     -0.32619384	      0.00000000	     -0.72483995	     -2.94760961	    -18.67875632	      0.00000000	      6.99716015	     11.43786742	      0.00000000	     -1.10938666	     -0.79487684	      3.20314245	     13.90624190	     -6.72507228	     64.50014623	     57.97892345	     81.57736235	     15.27548821	     -3.01738075	     53.91047975	     48.15763033	     83.70174697
      6.28333330	     -0.62754316	      1.22912212	      2.28624467	      0.76136775	      0.91620378	     -0.01886785	     -1.01790918	     -4.57299337	    -16.16432078	      0.00000000	      6.26219507	     -0.32657212	      0.00000000	     -0.72289598	     -2.95219435	    -18.67860037	      0.00000000	      6.99703410	     11.43795598	      0.00000000	     -1.10916037	     -0.79484398	      3.20324483	     13.90681068	     -6.72549750	     64.50017779	     57.97820233	     81.57732173	     15.27565070	     -3.01690878	     53.91035905	     48.15782736	     83.70213005
      6.30000000	     -0.62662665	      1.24006047	      2.28557877	      0.76065610	      0.91624548	     -0.01876435	     -1.02326079	     -4.57914661	    -16.16660971	      0.00000000	      6.26107737	     -0.32815743	      0.00000000	     -0.71579617	     -2.96451914	    -18.67826145	      0.00000000	      6.99565364	     11.43868301	      0.00000000	     -1.10562274	     -0.79492855	      3.20459751	     13.90881854	     -6.72603052	     64.50021409	     57.97539450	     81.57715173	     15.27361962	     -3.01613370	     53.91039587	     48.15815333	     83.70379176
      6.31666670	     -0.62401844	      1.24561436	      2.28558971	      0.76149233	      0.91636489	     -0.01888016	     -1.02163641	     -4.58251640	    -16.16830237	      0.00000000	      6.25991420	     -0.32940787	      0.00000000	     -0.71286224	     -2.96872786	    -18.67762373	      0.00000000	      6.99287440	     11.43960304	      0.00000000	     -1.10521370	     -0.79500783	      3.20599386	     13.91223148	     -6.72586859	     64.49963543	     57.97321335	     81.57697436	     15.27300383	     -3.01620864	     53.91015268	     48.15825637	     83.70510233
      6.33333330	     -0.62707968	      1.24969800	      2.28404236	      0.76128766	      0.91597598	     -0.01904478	     -1.02584560	     -4.58087069	    -16.16897685	      0.00000000	      6.25972354	     -0.32975882	      0.00000000	     -0.71312857	     -2.96937967	    -18.67752858	      0.00000000	      6.99202540	     11.43990149	      0.00000000	     -1.10441023	     -0.79495857	      3.20645293	     13.91205695	     -6.72552626	     64.49983185	     57.97263459	     81.57694959	     15.27209865	     -3.01642044	     53.91023817	     48.15821997	     83.70546288
      6.35000000	     -0.62622845	      1.24880620	      2.28268717	      0.76111203	      0.91546979	     -0.01895207	     -1.03074795	     -4.58210488	    -16.16976598	      0.00000000	      6.25974648	     -0.33024874	      0.00000000	     -0.71048630	     -2.96703505	    -18.67735226	      0.00000000	      6.99103507	     11.44031141	      0.00000000	     -1.10305550	     -0.79430719	      3.20675801	     13.91158273	     -6.72529497	     64.50012729	     57.97196651	     81.57692702	     15.27109124	     -3.01629688	     53.91037426	     48.15834816	     83.70587955
      6.36666670	     -0.59940851	      1.32567575	      2.28621166	      0.76112749	      0.91475743	     -0.01903123	     -1.09410434	     -4.67236119	    -16.21560963	      0.00000000	      6.30237053	     -0.37954957	      0.00000000	     -0.73922738	     -2.87219506	    -18.66006984	      0.00000000	      6.92039071	     11.46604516	      0.00000000	     -0.97568614	     -0.74212230	      3.23333648	     13.89018536	     -6.69417433	     64.52023025	     57.92738093	     81.57489464	     15.22258901	     -3.00430756	     53.91386106	     48.18330296	     83.74054673
      6.38333330	     -0.60163031	      1.32906625	      2.28492159	      0.76133629	      0.91621895	     -0.01910373	     -1.09391502	     -4.67120807	    -16.21580069	      0.00000000	      6.30308596	     -0.38004401	      0.00000000	     -0.73639592	     -2.87349101	    -18.65977530	      0.00000000	      6.92024257	     11.46615355	      0.00000000	     -0.97495060	     -0.74283362	      3.23320491	     13.88984799	     -6.69414488	     64.52049195	     57.92688250	     81.57487130	     15.22254058	     -3.00422070	     53.91380841	     48.18368879	     83.74093007
      6.40000000	     -0.59808112	      1.32803477	      2.27959168	      0.76022024	      0.91558733	     -0.01958317	     -1.09881203	     -4.66503014	    -16.21863317	      0.00000000	      6.30688839	     -0.38313608	      0.00000000	     -0.73430038	     -2.85905592	    -18.65965951	      0.00000000	      6.91844122	     11.46698780	      0.00000000	     -0.96936247	     -0.74530593	      3.23267947	     13.88145395	     -6.69373920	     64.52425995	     57.92272486	     81.57485765	     15.21981232	     -3.00467293	     53.91389094	     48.18540237	     83.74328767
      6.41666670	     -0.59269446	      1.33044947	      2.27853213	      0.76039895	      0.91485746	     -0.01970957	     -1.09965367	     -4.66289168	    -16.21892589	      0.00000000	      6.30724152	     -0.38356134	      0.00000000	     -0.73130290	     -2.85671660	    -18.65959945	      0.00052671	      6.91811046	     11.46709647	      0.00000000	     -0.96921116	     -0.74524119	      3.23244539	     13.88006397	     -6.69382207	     64.52492930	     57.92189409	     81.57485717	     15.22010723	     -3.00458101	     53.91375373	     48.18575597	     83.74366314
      6.43333330	     -0.59362227	      1.32377752	      2.27962452	      0.76053404	      0.91579964	     -0.01944275	     -1.09982632	     -4.66621022	    -16.21939226	      0.00000000	      6.30793431	     -0.38431805	      0.00000000	     -0.72951366	     -2.85048251	    -18.65969335	      0.00023092	      6.91822258	     11.46700539	      0.00000000	     -0.96809993	     -0.74435266	      3.23197257	     13.87866302	     -6.69404842	     64.52563826	     57.92122618	     81.57486243	     15.22105765	     -3.00385983	     53.91353074	     48.18653810	     83.74403926
      6.45000000	     -0.58719205	      1.40921382	      2.34915094	      0.76121724	      0.91525937	     -0.01958669	     -1.14170958	     -4.77144717	    -16.26116372	      0.00000000	      6.35806002	     -0.44809838	      0.00000000	     -0.74506561	     -2.72084757	    -18.67514139	      0.00000000	      6.93150412	     11.45524222	      0.00000000	     -0.87801921	     -0.67453602	      3.20750145	     13.71878616	     -6.69628572	     64.60611004	     57.85633864	     81.57635839	     15.28969563	     -2.95919081	     53.89359868	     48.24937349	     83.77868271
      6.46666670	     -0.59449323	      1.40911541	      2.34959733	      0.76178431	      0.91533975	     -0.01957594	     -1.14907114	     -4.76680150	    -16.26323754	      0.00000000	      6.35986237	     -0.45121893	      0.00000000	     -0.74252908	     -2.71688055	    -18.67339332	      0.00000000	      6.93258942	     11.45571587	      0.00000000	     -0.87782699	     -0.67918282	      3.20913357	     13.71579470	     -6.69546420	     64.60897548	     57.85354265	     81.57635335	     15.28864193	     -2.95941969	     53.89345914	     48.25115902	     83.78061861
      6.48333330	     -0.60146526	      1.40621547	      2.35146803	      0.76150168	      0.91552755	     -0.01942458	     -1.15144029	     -4.76828627	    -16.26363884	      0.00000000	      6.36038743	     -0.45187158	      0.00000000	     -0.74645164	     -2.71568212	    -18.67323575	      0.00072002	      6.93300553	     11.45573679	      0.00000000	     -0.87693326	     -0.67953174	      3.20945654	     13.71435050	     -6.69519814	     64.60983486	     57.85312299	     81.57637657	     15.28822978	     -2.95934562	     53.89346455	     48.25158324	     83.78095900
      6.50000000	     -0.58552305	      1.40758514	      2.35767834	      0.76054077	      0.91656979	     -0.01961173	     -1.14514119	     -4.76903969	    -16.26697913	      0.00000000	      6.36532538	     -0.45699941	      0.00000000	     -0.73888254	     -2.71403196	    -18.67025015	      0.00000000	      6.93609901	     11.45720557	      0.00000000	     -0.86878667	     -0.68131863	      3.21254500	     13.70468530	     -6.69248970	     64.61625842	     57.85034054	     81.57654713	     15.28871512	     -2.95895597	     53.89249331	     48.25556813	     83.78352144
      6.51666670	     -0.58309744	      1.40701106	      2.35992302	      0.76036763	      0.91524964	     -0.01956095	     -1.14521454	     -4.76701648	    -16.26731383	      0.00000000	      6.36543585	     -0.45740446	      0.00000000	     -0.74129659	     -2.71122951	    -18.67004373	      0.00027491	      6.93606416	     11.45747551	      0.00000000	     -0.86860607	     -0.68130145	      3.21287907	     13.70293546	     -6.69218773	     64.61729131	     57.84977587	     81.57658022	     15.28890782	     -2.95894706	     53.89232685	     48.25592692	     83.78383097
      6.53333330	     -0.56892851	      1.40792530	      2.37471110	      0.76019906	      0.91585254	     -0.01956582	     -1.12112299	     -4.76681548	    -16.26944404	      0.00000000	      6.36772951	     -0.46088319	      0.00000000	     -0.75170612	     -2.71037472	    -18.66751124	      0.00000000	      6.93718589	     11.45909637	      0.00000000	     -0.86463581	     -0.68056290	      3.21454437	     13.69093966	     -6.68852419	     64.62473206	     57.84750539	     81.57687661	     15.29467534	     -2.95779029	     53.89035904	     48.25975947	     83.78567287
      6.55000000	     -0.58182338	      1.40388534	      2.49146942	      0.75993046	      0.91609193	     -0.01988369	     -1.11711248	     -4.76151996	    -16.34218726	      0.00000000	      6.38512911	     -0.54447567	      0.00000000	     -0.71284393	     -2.71105280	    -18.57908184	      0.00000000	      6.95155707	     11.51663734	      0.00000000	     -0.82553271	     -0.64682609	      3.23819446	     13.39949054	     -6.61266998	     64.81487405	     57.78136723	     81.58471444	     15.50357720	     -2.91792896	     53.83038327	     48.35896365	     83.82963685
      6.56666670	     -0.57764191	      1.40272301	      2.49480558	      0.75944665	      0.91721689	     -0.01994103	     -1.09976246	     -4.76002302	    -16.34511335	      0.00000000	      6.38479314	     -0.54652910	      0.00000000	     -0.72110636	     -2.71196435	    -18.57370577	      0.00000000	      6.95036200	     11.52006134	      0.00000000	     -0.82217127	     -0.64975064	      3.24142211	     13.40079602	     -6.61399447	     64.81730829	     57.77878216	     81.58472061	     15.50032224	     -2.91765947	     53.83124540	     48.36077636	     83.83159721
      6.58333330	     -0.56724150	      1.40374317	      2.50222186	      0.76022701	      0.91594101	     -0.01949129	     -1.09054949	     -4.75329649	    -16.34759386	      0.00000000	      6.38077922	     -0.54758227	      0.00000000	     -0.72164645	     -2.70985662	    -18.56752204	      0.00000000	      6.94708677	     11.52424426	      0.00000000	     -0.82300463	     -0.65090503	      3.24570567	     13.40011565	     -6.61487457	     64.82177253	     57.77520131	     81.58483117	     15.49758367	     -2.91726333	     53.83208944	     48.36257345	     83.83396130
      6.60000000	     -0.56087166	      1.40304087	      2.50414156	      0.76047412	      0.91619116	     -0.01934988	     -1.08909746	     -4.75327819	    -16.34768544	      0.00000000	      6.37972318	     -0.54750557	      0.00000000	     -0.71652917	     -2.70986797	    -18.56645179	      0.00000000	      6.94658438	     11.52500146	      0.00000000	     -0.82267949	     -0.65104110	      3.24665592	     13.39968358	     -6.61478854	     64.82274782	     57.77468768	     81.58486867	     15.49704891	     -2.91726999	     53.83224346	     48.36291966	     83.83437215
      6.61666670	     -0.55639896	      1.38560891	      2.67589650	      0.75990882	      0.91700154	     -0.01954160	     -1.13740787	     -4.71096315	    -16.34505671	      0.00000000	      6.29534333	     -0.53183109	      0.00000000	     -0.66199624	     -2.75419967	    -18.51173799	      0.00000000	      6.89880692	     11.57307472	      0.00000000	     -0.80178695	     -0.67592952	      3.31672862	     13.34410171	     -6.59196850	     64.89787723	     57.74122705	     81.58822957	     15.45868566	     -2.94023275	     53.84198600	     48.37768590	     83.86045724
      6.63333330	     -0.55073556	      1.38870421	      2.67470414	      0.75996142	      0.91681257	     -0.01969869	     -1.13705765	     -4.70908245	    -16.34566425	      0.00000000	      6.29418901	     -0.53188376	      0.00000000	     -0.65795402	     -2.75607209	    -18.51053152	      0.00000000	      6.89801044	     11.57398975	      0.00000000	     -0.80126357	     -0.67620295	      3.31676475	     13.34282262	     -6.59192751	     64.89903282	     57.74056953	     81.58827895	     15.45877592	     -2.94018543	     53.84212344	     48.37807489	     83.86086632
      6.65000000	     -0.57022950	      1.31612548	      2.84705874	      0.75945177	      0.91662268	     -0.01998596	     -1.14070153	     -4.63521568	    -16.53449566	      0.00000000	      5.98945451	     -0.57191828	      0.00000000	     -0.58224940	     -2.84095283	    -18.24904529	      0.00000000	      6.68905680	     11.79046710	      0.00000000	     -0.69559826	     -0.65260107	      3.32261974	     13.08987469	     -6.59595579	     65.21294250	     57.55171668	     81.60186796	     15.53576520	     -2.90731688	     53.88680523	     48.50044632	     83.98652171
      6.66666670	     -0.57406408	      1.31616886	      2.93621978	      0.75918315	      0.91705857	     -0.01996851	     -1.14897332	     -4.64136036	    -16.54765959	      0.00000000	      5.97203476	     -0.57934728	      0.00000000	     -0.53314610	     -2.83845294	    -18.26863495	      0.00000000	      6.69564394	     11.78291822	      0.00000000	     -0.68907364	     -0.63802340	      3.34055291	     13.13538450	     -6.58654113	     65.23106427	     57.53490951	     81.60210460	     15.52516126	     -2.92403181	     53.89957203	     48.50389671	     84.00705644
      6.68333330	     -0.56237351	      1.31458245	      2.93656898	      0.75944954	      0.91647075	     -0.01997846	     -1.14613772	     -4.64263742	    -16.54816843	      0.00000000	      5.97144161	     -0.57958777	      0.00000000	     -0.52694021	     -2.83832953	    -18.26852643	      0.00000000	      6.69559327	     11.78307420	      0.00000000	     -0.68932857	     -0.63798963	      3.34045760	     13.13528497	     -6.58637536	     65.23182460	     57.53439093	     81.60213284	     15.52521883	     -2.92424762	     53.89982273	     48.50400514	     84.00749002
      6.70000000	     -0.57124192	      1.30305797	      3.05165474	      0.75938089	      0.91671325	     -0.02038504	     -1.15906280	     -4.64213025	    -16.60122464	      0.00000000	      5.91653729	     -0.60525788	      0.00000000	     -0.47180396	     -2.84539813	    -18.27610347	      0.00000000	      6.69536041	     11.78737299	      0.00000000	     -0.69290549	     -0.61312240	      3.34999416	     13.10013800	     -6.55994448	     65.30735773	     57.50121374	     81.60574475	     15.51963790	     -2.93706145	     53.92155455	     48.51852235	     84.04097223
      6.71666670	     -0.56537245	      1.29806518	      3.05158422	      0.75960257	      0.91701689	     -0.02024942	     -1.15656523	     -4.64533662	    -16.60230683	      0.00000000	      5.91595177	     -0.60585112	      0.00000000	     -0.46810460	     -2.84443948	    -18.27552973	      0.00000000	      6.69529419	     11.78773647	      0.00000000	     -0.69260323	     -0.61303391	      3.34973924	     13.09970359	     -6.55982281	     65.30828679	     57.50079664	     81.60579042	     15.51974861	     -2.93693945	     53.92184512	     48.51885899	     84.04140218
      6.73333330	     -0.58227894	      1.26048323	      3.11480489	      0.75927651	      0.91586401	     -0.02015896	     -1.13867479	     -4.60319877	    -16.88271160	      0.00000000	      5.74431389	     -0.73948074	      0.00000000	     -0.44777014	     -2.89096501	    -18.19371967	      0.00000000	      6.68348204	     11.85331578	      0.00000000	     -0.64199679	     -0.56935126	      3.37852323	     12.91879452	     -6.47660719	     65.57265647	     57.41371169	     81.62033669	     15.48564278	     -2.97366124	     53.99172390	     48.58111523	     84.14063308
      6.75000000	     -0.57858208	      1.26052544	      3.11651797	      0.75922781	      0.91597142	     -0.02029775	     -1.13655288	     -4.60283408	    -16.88278960	      0.00000000	      5.74375249	     -0.73955849	      0.00000000	     -0.44614604	     -2.89091775	    -18.19372419	      0.00000000	      6.68371597	     11.85342250	      0.00000000	     -0.64085987	     -0.56966894	      3.37885523	     12.91994560	     -6.47678747	     65.57323103	     57.41330119	     81.62036418	     15.48522890	     -2.97396364	     53.99213313	     48.58144423	     84.14117415
      6.76666670	     -0.55894670	      1.25129782	      3.13018080	      0.75799137	      0.91569417	     -0.02057632	     -1.12524466	     -4.60540826	    -16.88512366	      0.00000000	      5.74084434	     -0.74081451	      0.00000000	     -0.44046775	     -2.88555558	    -18.19384220	      0.00000000	      6.68606436	     11.85407279	      0.00000000	     -0.63375579	     -0.56954404	      3.38327125	     12.92525369	     -6.47713627	     65.57731056	     57.41154688	     81.62061022	     15.48076689	     -2.97659039	     53.99468941	     48.58319691	     84.14414898
      6.78333330	     -0.55023785	      1.24960157	      3.13515670	      0.75632842	      0.91775900	     -0.02084535	     -1.11437358	     -4.60945467	    -16.88964590	      0.00000000	      5.73901351	     -0.74297658	      0.00000000	     -0.42967865	     -2.88356936	    -18.19114976	      0.00000000	      6.68867306	     11.85612006	      0.00000000	     -0.62556987	     -0.56687653	      3.38770291	     12.93832526	     -6.47937325	     65.57907010	     57.41035596	     81.62073848	     15.47978023	     -2.97813766	     53.99691141	     48.58590978	     84.14727889
      6.80000000	     -0.53236121	      1.25168564	      3.13803085	      0.75682302	      0.91678879	     -0.02099039	     -1.10400626	     -4.60774469	    -16.88981128	      0.00000000	      5.73844409	     -0.74300101	      0.00000000	     -0.42505506	     -2.88198615	    -18.19052903	      0.00066911	      6.68867799	     11.85656528	      0.00000000	     -0.62622726	     -0.56624273	      3.38873732	     12.94093929	     -6.47968309	     65.57915960	     57.41005440	     81.62074738	     15.47993922	     -2.97868503	     53.99712949	     48.58607371	     84.14771277
      6.81666670	     -0.52336320	      1.24612929	      3.14235555	      0.75719350	      0.91685420	     -0.02081211	     -1.09675977	     -4.61098135	    -16.88993756	      0.00000000	      5.73807933	     -0.74314250	      0.00000000	     -0.42208646	     -2.87823766	    -18.18989937	      0.00000000	      6.68889997	     11.85693346	      0.00000000	     -0.62663330	     -0.56517111	      3.38992878	     12.94356094	     -6.47994647	     65.57922850	     57.40995626	     81.62076089	     15.47994200	     -2.97897672	     53.99738826	     48.58635993	     84.14811098
      6.83333330	     -0.59116205	      1.28963394	      3.26180032	      0.75645538	      0.91772350	     -0.02115009	     -1.03067375	     -4.67478819	    -16.93300727	      0.00000000	      5.70325447	     -0.76208014	      0.00000000	     -0.30863664	     -2.81632804	    -18.10326590	      0.00000000	      6.69302687	     11.90743978	      0.00000000	     -0.64320831	     -0.47246678	      3.49127739	     13.20820849	     -6.51190198	     65.57681158	     57.40543453	     81.62170833	     15.48228511	     -3.00086685	     54.02492219	     48.61618855	     84.18621476
      6.85000000	     -0.60973883	      1.28178227	      3.16956004	      0.75594691	      0.91697938	     -0.02099735	     -0.96448563	     -4.66993727	    -16.97203866	      0.00000000	      5.68777859	     -0.78098987	      0.00000000	     -0.28323545	     -2.82302544	    -18.01896188	      0.00000000	      6.68253622	     11.94905352	      0.00000000	     -0.63355714	     -0.49081046	      3.46536573	     13.28960207	     -6.54894647	     65.60471844	     57.39743937	     81.62416104	     15.51941638	     -2.97443222	     54.04812391	     48.65368715	     84.21593516
      6.86666670	     -0.60304830	      1.28322772	      3.16977352	      0.75591838	      0.91633863	     -0.02107599	     -0.96478320	     -4.66907040	    -16.97180010	      0.00000000	      5.68739194	     -0.78082158	      0.00000000	     -0.27734147	     -2.82266588	    -18.01804103	      0.00000000	      6.68253167	     11.94954227	      0.00000000	     -0.63346255	     -0.49046010	      3.46596321	     13.29138423	     -6.54906397	     65.60513448	     57.39747430	     81.62420460	     15.51930904	     -2.97482655	     54.04855737	     48.65394456	     84.21645126
      6.88333330	     -0.63608693	      1.30021190	      3.26462669	      0.75601867	      0.91659133	     -0.02097747	     -0.93170279	     -4.69400578	    -16.93432003	      0.00000000	      5.67324442	     -0.76511225	      0.00000000	     -0.16630005	     -2.80534753	    -17.91329487	      0.00000000	      6.68177819	     11.99918946	      0.00000000	     -0.62448935	     -0.44648627	      3.51087634	     13.51593960	     -6.57089181	     65.60294149	     57.40906339	     81.62571192	     15.54209694	     -2.99306903	     54.07758015	     48.68230289	     84.25586880
      6.90000000	     -0.62823542	      1.29853125	      3.24775845	      0.75582272	      0.91695882	     -0.02099652	     -0.93184193	     -4.69459322	    -16.93523352	      0.00000000	      5.67373232	     -0.76593148	      0.00000000	     -0.14984119	     -2.80606880	    -17.90296131	      0.00000000	      6.68189405	     12.00339262	      0.00000000	     -0.62298966	     -0.44777533	      3.50654473	     13.52122547	     -6.57419240	     65.60559151	     57.40895586	     81.62597454	     15.54359795	     -2.99200171	     54.08061732	     48.68502958	     84.25898826
      6.91666670	     -0.62356934	      1.29971104	      3.24613796	      0.75606591	      0.91702183	     -0.02098510	     -0.93008089	     -4.69474672	    -16.93501114	      0.00000000	      5.67368716	     -0.76588039	      0.00000000	     -0.14585801	     -2.80687642	    -17.90123483	      0.00000000	      6.68187913	     12.00407216	      0.00000000	     -0.62307157	     -0.44772481	      3.50620109	     13.52285054	     -6.57476962	     65.60562887	     57.40894406	     81.62599113	     15.54381967	     -2.99191224	     54.08102256	     48.68535870	     84.25941643
      6.93333330	     -0.86761441	      1.26951434	      3.37664539	      0.69889315	      0.91215022	     -0.02478412	     -0.54411914	     -4.66776818	    -16.84928834	      0.00000000	      5.39442056	     -1.04447371	      0.00000000	      0.43464341	     -2.93179059	    -17.25226628	      0.33123400	      6.55559497	     11.45529965	      0.00000000	     -0.04754345	     -0.51473499	      3.09614251	     13.30338758	     -6.55773671	     67.07193173	     57.51112505	     81.73327493	     15.10044947	     -3.48896916	     54.73625694	     49.31660409	     85.29068105
