Coordinates
version=1
nRows=917
nColumns=34
inDegrees=yes

Units are S.I. units (second, meters, Newtons, ...)
If the header above contains a line with 'inDegrees', this indicates whether rotational values are in degrees (yes) or radians (no).

endheader
time	pelvis_tilt	pelvis_list	pelvis_rotation	pelvis_tx	pelvis_ty	pelvis_tz	hip_flexion_r	hip_adduction_r	hip_rotation_r	knee_angle_r	ankle_angle_r	subtalar_angle_r	mtp_angle_r	hip_flexion_l	hip_adduction_l	hip_rotation_l	knee_angle_l	ankle_angle_l	subtalar_angle_l	mtp_angle_l	lumbar_extension	lumbar_bending	lumbar_rotation	arm_flex_r	arm_add_r	arm_rot_r	elbow_flex_r	pro_sup_r	arm_flex_l	arm_add_l	arm_rot_l	elbow_flex_l	pro_sup_l
      0.00000000	      5.17996863	     -1.77426759	      4.68834218	      0.93527661	      0.93736710	     -0.10162653	     -6.23139350	     -1.17980310	     -9.81082308	      1.39793992	      3.31314907	     -7.27827402	      0.00000000	     -5.86529444	     -4.65183613	     -7.34280132	      1.00344018	      8.65989645	     -4.18204356	      0.00000000	     -8.06836758	      3.66307613	     -3.27607589	      7.06556882	     -7.36388987	     18.34880080	     23.06207081	     78.68384711	      6.65239311	     -6.42807140	     14.46362119	     26.61038167	     73.12944767
      0.01666670	      4.77503241	     -0.92820230	      4.32189920	      0.93724689	      0.93620274	     -0.10131351	     -6.08988470	     -1.64463825	     -9.73560773	      0.68266367	      4.82201958	     -5.68390298	      0.00000000	     -6.05471878	     -3.39421363	     -9.57197978	      0.00000000	      8.70003291	     -3.62303660	      0.00000000	     -6.84246552	      2.72443675	     -3.21441175	      6.67667112	     -6.99561752	     17.14344523	     23.13359404	     78.45119057	      6.63892943	     -6.27525810	     13.52350515	     26.06637210	     72.97698144
      0.03333330	      3.63003895	     -0.38193534	      3.92275351	      0.93849819	      0.93431158	     -0.10031145	     -5.10762675	     -2.09856060	    -11.97810423	      0.00000000	      5.87168418	     -3.26178106	      0.00000000	     -4.96142598	     -2.69134213	    -12.09105665	      0.11239452	     10.14532554	     -0.42836574	      0.00000000	     -5.25515658	      1.98535677	     -2.41938157	      5.76665502	     -6.32989276	     13.34846127	     23.38425941	     77.90649834	      6.53093365	     -5.84783361	     11.34407636	     25.39884467	     72.51216928
      0.05000000	      4.24329787	      0.05412223	      3.83279177	      0.93879029	      0.93533984	     -0.09964119	     -5.73503078	     -2.59311673	    -12.73917822	      0.00000000	      6.59094507	     -1.64258744	      0.00000000	     -5.77852341	     -2.24933276	    -13.26414872	      0.00000000	     10.71129734	      1.15356539	      0.00000000	     -6.27080437	      1.48058568	     -1.86000263	      5.39493842	     -5.85768518	      9.73312570	     24.34660270	     77.73270669	      6.72158678	     -5.92047621	     10.14409286	     25.65198963	     72.29184779
      0.06666670	      4.19846046	      0.11631624	      3.89433870	      0.93743492	      0.93524353	     -0.09999859	     -5.69609546	     -2.64386678	    -12.77620155	      0.00000000	      6.66211011	     -1.66906324	      0.00000000	     -5.72044329	     -2.17930430	    -13.31414348	      0.00000000	     10.67171506	      1.17426408	      0.00000000	     -6.28798118	      1.54289717	     -1.77469870	      5.44070275	     -5.80981235	      9.72551863	     24.38344571	     77.73829168	      6.70258706	     -5.95327064	     10.13905207	     25.63792996	     72.29143036
      0.08333330	      4.18414571	      0.12761453	      3.90185885	      0.93832865	      0.93433400	     -0.09975190	     -5.70895162	     -2.63694467	    -12.77752235	      0.00000000	      6.67109542	     -1.66882879	      0.00000000	     -5.71195106	     -2.16487952	    -13.31860125	      0.00000000	     10.66263871	      1.18287242	      0.00000000	     -6.28802180	      1.54432797	     -1.76329148	      5.44925053	     -5.80919290	      9.72492446	     24.38943747	     77.73886006	      6.70208401	     -5.95699375	     10.13847258	     25.63613138	     72.29125509
      0.10000000	      4.16201144	      0.17758828	      4.04536432	      0.93665907	      0.93273679	     -0.09995959	     -5.72870800	     -2.69696089	    -12.77365256	      0.00000000	      6.74931841	     -1.66379654	      0.00000000	     -5.62251534	     -2.12054452	    -13.35420067	      0.00000000	     10.59778202	      1.25219858	      0.00000000	     -6.27288654	      1.57508854	     -1.64517703	      5.55950785	     -5.79225408	      9.73234741	     24.45479789	     77.74337844	      6.71663998	     -5.99139952	     10.13172596	     25.62740585	     72.28919582
      0.11666670	      4.04466566	      0.25996740	      4.04931746	      0.93462131	      0.93374081	     -0.09960882	     -5.55748144	     -2.79001596	    -12.77658654	      0.00000000	      6.98053584	     -1.62446302	      0.00000000	     -5.39260996	     -2.02204571	    -13.35661219	      0.00000000	     10.26303187	      1.59137168	      0.00000000	     -6.37756666	      1.48366252	     -1.53434000	      5.83841849	     -5.81255615	      9.77898478	     24.64939904	     77.76120082	      7.06227451	     -5.99229562	     10.12432076	     25.66987840	     72.28410622
      0.13333330	      4.03611911	      0.28879261	      4.16832559	      0.93464798	      0.93424381	     -0.09990028	     -5.56497908	     -2.80967515	    -12.75031946	      0.00000000	      7.00435865	     -1.58297216	      0.00000000	     -5.31342696	     -2.00334353	    -13.41915434	      0.00000000	     10.16879468	      1.66050066	      0.00000000	     -6.44405714	      1.45674845	     -1.47826253	      5.83517989	     -5.81188520	      9.80850606	     24.68943287	     77.76931964	      7.04510732	     -5.99802065	     10.12817638	     25.63370498	     72.28237063
      0.15000000	      4.21958716	      0.37460706	      3.99744442	      0.93497063	      0.93409166	     -0.09954868	     -5.73334670	     -2.90645122	    -13.13818109	      0.00000000	      7.39132755	     -0.47705712	      0.00000000	     -5.49310507	     -1.92728222	    -14.69029386	      0.00000000	      9.92136513	      3.46661155	      0.00000000	     -6.86097022	      1.29198864	     -0.81905953	      5.35809928	     -6.37451629	     11.11740800	     26.23875100	     78.13203898	      7.72962721	     -5.78276638	     10.45161355	     24.73332614	     72.24720177
      0.16666670	      4.21753099	      0.39164865	      4.06403044	      0.93474562	      0.93398972	     -0.09934293	     -5.74098007	     -2.90412972	    -13.14859379	      0.00000000	      7.37700237	     -0.47396201	      0.00000000	     -5.45280719	     -1.92316701	    -14.70723410	      0.00000000	      9.88090340	      3.47323346	      0.00000000	     -6.89312726	      1.28879156	     -0.76819032	      5.40189086	     -6.36647190	     11.12776175	     26.25603860	     78.13474394	      7.69494589	     -5.81018454	     10.45595893	     24.71131803	     72.24676426
      0.18333330	      4.23177235	      0.45723296	      4.06153079	      0.93502755	      0.93670034	     -0.09952818	     -5.75723808	     -2.97028806	    -13.37286780	      0.00000000	      7.06135764	     -0.39634833	      0.00000000	     -5.44162705	     -1.87599509	    -14.90330045	      0.00000000	      9.20349875	      3.60968161	      0.00000000	     -7.06723169	      1.21283678	     -0.74965119	      5.54907715	     -6.38818662	     11.27218451	     26.38078325	     78.17685705	      7.73050981	     -5.87692184	     10.53935134	     24.59877156	     72.25070907
      0.20000000	      4.24469382	      0.46039430	      4.06884986	      0.93348542	      0.93860896	     -0.09960991	     -5.74181000	     -2.96678241	    -13.37601296	      0.00000000	      7.05831631	     -0.39525371	      0.00000000	     -5.43677684	     -1.87598107	    -14.90623107	      0.00000000	      9.19875666	      3.61064053	      0.00000000	     -7.07129309	      1.21128805	     -0.74336455	      5.55090866	     -6.38806350	     11.27435243	     26.38241556	     78.17753449	      7.72067277	     -5.87988400	     10.54046059	     24.59305635	     72.25072929
      0.21666670	      4.28050231	      0.47555406	      4.07472429	      0.93270844	      0.93855784	     -0.09938897	     -5.70203476	     -2.97232505	    -13.62973409	      0.00000000	      6.62858391	     -0.25651861	      0.00000000	     -5.40004964	     -1.87112658	    -15.14529704	      0.00000000	      8.61965990	      3.73568505	      0.00000000	     -7.40768028	      1.22314358	     -0.72730900	      5.82042845	     -6.43993194	     11.43208961	     26.52803794	     78.23447579	      7.80991257	     -5.96631719	     10.61983296	     24.36793707	     72.25844047
      0.23333330	      4.30461872	      0.47731663	      4.07667712	      0.93329215	      0.93668298	     -0.09943363	     -5.69340346	     -2.97043237	    -13.62987204	      0.00000000	      6.62775488	     -0.25611587	      0.00000000	     -5.39282799	     -1.87000587	    -15.14549816	      0.00000000	      8.61882288	      3.73611154	      0.00000000	     -7.41003474	      1.22274721	     -0.72646242	      5.82051833	     -6.43994590	     11.43248118	     26.52801780	     78.23461224	      7.80825760	     -5.96647391	     10.62006180	     24.36669954	     72.25845147
      0.25000000	      4.78743005	      0.48977387	      4.17007583	      0.93313833	      0.93808659	     -0.09940278	     -6.20888034	     -2.93055647	    -14.08817335	      0.00000000	      6.40008921	      0.04254605	      0.00000000	     -5.89392656	     -1.91675777	    -15.39930392	      0.00000000	      8.37633121	      4.14386952	      0.00000000	     -8.12377484	      1.22329760	     -0.76311785	      5.99999801	     -6.63909138	     12.30189683	     26.70831224	     78.57696157	      8.12567990	     -5.93545046	     11.07131519	     23.25883686	     72.30807754
      0.26666670	      4.79864550	      0.49456853	      4.18025230	      0.93294932	      0.93773064	     -0.09929416	     -6.19371155	     -2.93233119	    -14.09082574	      0.00000000	      6.39822437	      0.04253957	      0.00000000	     -5.89661777	     -1.92066444	    -15.40238716	      0.00000000	      8.37336415	      4.14397766	      0.00000000	     -8.12814046	      1.22598963	     -0.75633630	      5.99893723	     -6.63813941	     12.30346464	     26.70763028	     78.57756323	      8.11648087	     -5.93791686	     11.07214320	     23.25468916	     72.30810595
      0.28333330	      4.79073199	      0.51396628	      4.22813410	      0.93193482	      0.94169654	     -0.09968045	     -6.17067936	     -2.95334526	    -14.14518504	      0.00000000	      6.35142064	      0.04427044	      0.00000000	     -5.85159868	     -1.90962252	    -15.43123602	      0.00000000	      8.29507211	      4.16153408	      0.00000000	     -8.22440450	      1.24405861	     -0.66383481	      5.99711517	     -6.62786138	     12.31880922	     26.70004374	     78.58394039	      7.97355643	     -5.96282631	     11.08238094	     23.18553050	     72.30851953
      0.30000000	      4.77358660	      0.51871471	      4.23323439	      0.93589617	      0.93803006	     -0.09902800	     -6.17838162	     -2.95954114	    -14.14931949	      0.00000000	      6.34468406	      0.04511435	      0.00000000	     -5.87651970	     -1.92232849	    -15.43309455	      0.00000000	      8.28360355	      4.16430967	      0.00000000	     -8.23485433	      1.24318252	     -0.66126826	      5.99758579	     -6.62861522	     12.31990863	     26.69892335	     78.58456900	      7.96650099	     -5.96064616	     11.08383673	     23.18066441	     72.30865071
      0.31666670	      4.95102911	      0.52682048	      4.27518300	      0.93263745	      0.93803797	     -0.10001211	     -6.40170636	     -2.96032204	    -14.56327684	      0.00000000	      6.04879820	      0.14095631	      0.00000000	     -6.06734036	     -1.92940549	    -15.76336832	      0.00000000	      7.77432184	      4.40525868	      0.00000000	     -8.37791522	      1.23692776	     -0.67526141	      5.96046458	     -6.62783839	     12.45911599	     26.59311176	     78.66476690	      7.88116508	     -5.91736305	     11.19498530	     22.80662899	     72.32026247
      0.33333330	      4.94169630	      0.52876849	      4.27882594	      0.93434961	      0.93971685	     -0.09958951	     -6.40563076	     -2.96549779	    -14.56500815	      0.00000000	      6.04950242	      0.14033934	      0.00000000	     -6.07334397	     -1.93187973	    -15.76366341	      0.00000000	      7.77438591	      4.40620397	      0.00000000	     -8.38133363	      1.23989057	     -0.67337091	      5.96030192	     -6.62712383	     12.46009000	     26.59196215	     78.66531480	      7.87793653	     -5.91625104	     11.19584403	     22.80323615	     72.32033690
      0.35000000	      4.93985293	      0.51832482	      4.27349817	      0.93372353	      0.93875708	     -0.10033166	     -6.42154120	     -2.97025958	    -14.57168889	      0.00000000	      6.04990700	      0.13801946	      0.00000000	     -6.07331416	     -1.92436632	    -15.76670653	      0.00000000	      7.77486645	      4.40740546	      0.00000000	     -8.38430315	      1.24236285	     -0.67275952	      5.95052464	     -6.62318349	     12.46207537	     26.58770703	     78.66599926	      7.86952555	     -5.91535048	     11.19690348	     22.79754751	     72.32041546
      0.36666670	      4.94417335	      0.51264999	      4.27425032	      0.93347529	      0.93606433	     -0.10013364	     -6.42483718	     -2.97106503	    -14.57329094	      0.00000000	      6.04962457	      0.13760552	      0.00000000	     -6.07628676	     -1.91876124	    -15.76765588	      0.00000000	      7.77489266	      4.40763684	      0.00000000	     -8.38569224	      1.24342214	     -0.67315285	      5.94821043	     -6.62278559	     12.46238104	     26.58657310	     78.66609372	      7.86802152	     -5.91442907	     11.19716233	     22.79660377	     72.32043682
      0.38333330	      4.99863547	      0.54040411	      4.26835525	      0.93248727	      0.93787952	     -0.09973740	     -6.46359682	     -3.00780687	    -14.74076838	      0.00000000	      6.06529096	      0.06709532	      0.00000000	     -6.11752458	     -1.87618539	    -15.87990567	      0.00000000	      7.82826390	      4.39930902	      0.00000000	     -8.47922809	      1.33846036	     -0.71672430	      5.78244995	     -6.57100245	     12.49136348	     26.49137968	     78.67594597	      7.81625036	     -5.82645876	     11.21833807	     22.73250387	     72.32263010
      0.40000000	      5.01080764	      0.53654884	      4.27106428	      0.93256795	      0.93690279	     -0.09947950	     -6.46036956	     -3.00834891	    -14.74157320	      0.00000000	      6.06509697	      0.06696832	      0.00000000	     -6.11479458	     -1.87324686	    -15.88076518	      0.00000000	      7.82870261	      4.39958012	      0.00000000	     -8.47921533	      1.33814680	     -0.71702053	      5.78252971	     -6.57115209	     12.49142957	     26.49084563	     78.67602040	      7.81673367	     -5.82570808	     11.21848004	     22.73221070	     72.32264595
      0.41666670	      5.04183106	      0.54720380	      4.27512512	      0.93174919	      0.93711098	     -0.09943892	     -6.45289432	     -2.99868700	    -14.74860962	      0.00000000	      6.06506908	      0.06458423	      0.00000000	     -6.10038068	     -1.87791836	    -15.88916963	      0.00000000	      7.83355625	      4.39977735	      0.00000000	     -8.47922616	      1.33545260	     -0.72185775	      5.77895087	     -6.56916548	     12.49247719	     26.48616944	     78.67654669	      7.82385428	     -5.82061141	     11.21928769	     22.73201856	     72.32276919
      0.43333330	      5.07731338	      0.51942239	      4.32164625	      0.93132530	      0.93668402	     -0.09963878	     -6.44852106	     -2.95880729	    -14.86864286	      0.00000000	      6.07232995	      0.01473736	      0.00000000	     -6.08314540	     -1.91706885	    -16.04095967	      0.00000000	      7.91909633	      4.39954112	      0.00000000	     -8.56872765	      1.31141122	     -0.82761648	      5.73269956	     -6.51523090	     12.51207943	     26.40497551	     78.68498871	      8.02313813	     -5.72735901	     11.22996008	     22.75821860	     72.32490538
      0.45000000	      5.08758786	      0.52105000	      4.32461290	      0.93131093	      0.93565135	     -0.09959262	     -6.44309012	     -2.95903613	    -14.86918409	      0.00000000	      6.07230068	      0.01460143	      0.00000000	     -6.08366829	     -1.91802465	    -16.04173489	      0.00000000	      7.91961098	      4.40012909	      0.00000000	     -8.56928040	      1.31201834	     -0.82689499	      5.73281421	     -6.51477897	     12.51223486	     26.40426945	     78.68507038	      8.02296662	     -5.72738639	     11.22997389	     22.75769535	     72.32490284
      0.46666670	      5.11679874	      0.52091908	      4.33242423	      0.93092630	      0.93449890	     -0.09996281	     -6.42223829	     -2.96704764	    -14.87285613	      0.00000000	      6.07575628	      0.01186494	      0.00000000	     -6.08841842	     -1.92776236	    -16.04702422	      0.00000000	      7.92443113	      4.40210082	      0.00000000	     -8.57193450	      1.31427878	     -0.82671087	      5.72935716	     -6.51104537	     12.51338600	     26.39911205	     78.68551857	      8.02533510	     -5.72606586	     11.23013052	     22.75663342	     72.32491753
      0.48333330	      5.13349099	      0.52553798	      4.34075356	      0.93044557	      0.93573935	     -0.09940935	     -6.40435267	     -2.97165171	    -14.87466050	      0.00000000	      6.08115564	      0.00935207	      0.00000000	     -6.09489401	     -1.93860965	    -16.05250258	      0.00000000	      7.92960111	      4.40366647	      0.00000000	     -8.57336748	      1.31810410	     -0.83109428	      5.72275001	     -6.50865069	     12.51441318	     26.39261475	     78.68592142	      8.03112922	     -5.72051872	     11.23072946	     22.75759580	     72.32501059
      0.50000000	      5.12470957	      0.52794325	      4.34389755	      0.93226550	      0.93625409	     -0.09924317	     -6.40836848	     -2.97272328	    -14.87482292	      0.00000000	      6.08831374	      0.00649506	      0.00000000	     -6.10769337	     -1.95107205	    -16.05909664	      0.00000000	      7.93403792	      4.40586378	      0.00000000	     -8.57841735	      1.32082478	     -0.84038183	      5.71438801	     -6.50386270	     12.51587704	     26.38408985	     78.68641821	      8.04563343	     -5.71131131	     11.23155062	     22.76162672	     72.32516366
      0.51666670	      5.19513521	      0.48508100	      4.37551279	      0.93306484	      0.93571144	     -0.09941126	     -6.52403278	     -2.91658604	    -14.87491842	      0.00000000	      6.20844452	     -0.03513316	      0.00000000	     -6.23146740	     -2.01959398	    -16.15735430	      0.00000000	      8.00220652	      4.43512647	      0.00000000	     -8.53669224	      1.33134324	     -0.96006923	      5.52771052	     -6.42539347	     12.53951737	     26.25362412	     78.69324615	      8.15729747	     -5.57286654	     11.24761422	     22.80404501	     72.32751839
      0.53333330	      5.38483293	      0.42663701	      4.42715039	      0.93328437	      0.93427405	     -0.09906276	     -6.82076607	     -2.81555768	    -14.95812866	      0.00000000	      6.53922999	     -0.17112846	      0.00000000	     -6.50428541	     -2.12638809	    -16.27699168	      0.00000000	      8.19457569	      4.60621384	      0.00000000	     -8.49753188	      1.38848641	     -0.85221302	      5.42020867	     -6.38385285	     12.55055817	     25.97373874	     78.70743569	      8.08281643	     -5.51294125	     11.25762541	     22.74894920	     72.32681497
      0.55000000	      5.37437241	      0.42348409	      4.41952104	      0.93198745	      0.93625253	     -0.09964931	     -6.82942325	     -2.82262985	    -14.95854872	      0.00000000	      6.54161465	     -0.17091833	      0.00000000	     -6.50362071	     -2.12894856	    -16.27888999	      0.00000000	      8.19713281	      4.61000853	      0.00000000	     -8.49699338	      1.38702834	     -0.85278736	      5.42169098	     -6.38418311	     12.55022080	     25.96987810	     78.70763055	      8.08531714	     -5.51026812	     11.25807946	     22.74943792	     72.32686724
      0.56666670	      5.37537759	      0.42241138	      4.41819249	      0.93209449	      0.93846173	     -0.09975089	     -6.82452831	     -2.82780232	    -14.95867293	      0.00000000	      6.54239094	     -0.17101809	      0.00000000	     -6.50274146	     -2.13188509	    -16.27936099	      0.00000000	      8.19771058	      4.61055664	      0.00000000	     -8.49590522	      1.38655361	     -0.85355810	      5.42213455	     -6.38461778	     12.55005286	     25.96912733	     78.70765665	      8.08654546	     -5.50887782	     11.25828810	     22.75001365	     72.32690120
      0.58333330	      5.41159288	      0.43224104	      4.32784691	      0.93144553	      0.94067903	     -0.09970848	     -6.80461167	     -2.86980068	    -14.96775110	      0.00000000	      6.53841062	     -0.15537337	      0.00000000	     -6.53194282	     -2.09711059	    -16.30165589	      0.00000000	      8.19503146	      4.64633910	      0.00000000	     -8.47870565	      1.37295010	     -0.90598979	      5.42098928	     -6.41176623	     12.54164817	     25.92579856	     78.70818919	      8.13500044	     -5.41914722	     11.27212750	     22.77605284	     72.32901603
      0.60000000	      5.44442593	      0.42812193	      4.33121490	      0.92950223	      0.93836407	     -0.09979080	     -6.78552929	     -2.87486553	    -14.96872978	      0.00000000	      6.53744059	     -0.15244485	      0.00000000	     -6.53306419	     -2.08434736	    -16.30822701	      0.00000000	      8.19579890	      4.64960933	      0.00000000	     -8.47506621	      1.37220821	     -0.90549915	      5.42286763	     -6.41311750	     12.54082363	     25.92092240	     78.70829618	      8.13484361	     -5.41210306	     11.27349073	     22.77721885	     72.32920598
      0.61666670	      5.46830915	      0.42507830	      4.33239837	      0.92992465	      0.93682647	     -0.09971981	     -6.77389512	     -2.87630009	    -14.96870793	      0.00000000	      6.53689931	     -0.15179556	      0.00000000	     -6.52845129	     -2.07949217	    -16.30892944	      0.00000000	      8.19557078	      4.65033641	      0.00000000	     -8.47552572	      1.37203829	     -0.90613131	      5.42346774	     -6.41373160	     12.54058994	     25.92012099	     78.70829232	      8.13585232	     -5.41039719	     11.27377104	     22.77780156	     72.32925044
      0.63333330	      5.68390161	      0.49634790	      4.11212824	      0.92996512	      0.93835409	     -0.09980591	     -6.93530747	     -3.00074514	    -15.11668124	      0.00000000	      6.53719137	      0.40770490	      0.00000000	     -6.77770947	     -1.97132635	    -17.18379773	      0.00000000	      8.40468528	      5.84752726	      0.00000000	     -8.70516814	      1.32625524	     -0.64250042	      5.84536840	     -6.33525134	     12.30508618	     24.70726037	     78.74500433	      8.28807565	     -5.21988502	     11.44544751	     22.99247216	     72.35866835
      0.65000000	      5.69368344	      0.49056699	      4.11213165	      0.93014212	      0.93881607	     -0.09965610	     -6.93243881	     -3.00207942	    -15.11706152	      0.00000000	      6.53692511	      0.40767640	      0.00000000	     -6.77097127	     -1.96687644	    -17.18430276	      0.00000000	      8.40489627	      5.84743239	      0.00000000	     -8.70456752	      1.32585431	     -0.64344545	      5.84549959	     -6.33572787	     12.30493068	     24.70734347	     78.74501760	      8.28869801	     -5.21953372	     11.44554291	     22.99277796	     72.35868710
      0.66666670	      5.71419730	      0.48103800	      4.05123824	      0.92913670	      0.93642282	     -0.09951322	     -6.91596097	     -2.99899891	    -15.16001149	      0.00000000	      6.50654721	      0.40259205	      0.00000000	     -6.76694626	     -1.95708233	    -17.24233037	      0.00000000	      8.42020711	      5.82732821	      0.00000000	     -8.68102874	      1.29152892	     -0.71826072	      5.85032450	     -6.37169350	     12.29284911	     24.70893050	     78.74537636	      8.33844325	     -5.18011345	     11.45474256	     23.02236773	     72.36045543
      0.68333330	      5.74268195	      0.48506072	      4.05696721	      0.92771365	      0.93491211	     -0.09939263	     -6.90585842	     -2.99779187	    -15.16180124	      0.00000000	      6.50542002	      0.40277078	      0.00000000	     -6.75346600	     -1.95466109	    -17.24972431	      0.00000000	      8.42289690	      5.82477279	      0.00000000	     -8.67879995	      1.29265360	     -0.72023951	      5.84981547	     -6.37302986	     12.29199038	     24.70914186	     78.74544877	      8.33688633	     -5.17939664	     11.45543997	     23.02354929	     72.36057221
      0.70000000	      5.76586956	      0.48764895	      4.05676340	      0.92839271	      0.93579492	     -0.09953775	     -6.89371526	     -2.99969730	    -15.16167357	      0.00000000	      6.50563667	      0.40272079	      0.00000000	     -6.74171782	     -1.95770945	    -17.25032653	      0.00000000	      8.42343734	      5.82441799	      0.00000000	     -8.67867901	      1.29251577	     -0.72120860	      5.85009345	     -6.37334952	     12.29180562	     24.70925833	     78.74544516	      8.33818365	     -5.17920262	     11.45551139	     23.02425158	     72.36059403
      0.71666670	      5.80022278	      0.48611838	      4.05448942	      0.92698610	      0.93680557	     -0.09933565	     -6.87041419	     -3.00087007	    -15.16228110	      0.00000000	      6.50743023	      0.40290477	      0.00000000	     -6.72547589	     -1.95929517	    -17.25627101	      0.00000000	      8.42638827	      5.82224051	      0.00000000	     -8.67557606	      1.29202564	     -0.73171262	      5.84524535	     -6.37769975	     12.29039287	     24.70792436	     78.74534597	      8.34512669	     -5.17582895	     11.45643236	     23.02931800	     72.36080670
      0.73333330	      5.80806889	      0.46204004	      3.99797710	      0.92633763	      0.93605699	     -0.09928438	     -6.81246214	     -2.97894856	    -15.16620098	      0.00000000	      6.51583912	      0.40465532	      0.00000000	     -6.69243499	     -1.97688946	    -17.29722197	      0.00000000	      8.44376205	      5.80667398	      0.00000000	     -8.68280664	      1.28977480	     -0.83003147	      5.84683744	     -6.41582813	     12.27570539	     24.70834095	     78.74397954	      8.46553098	     -5.14915080	     11.46195267	     23.09089961	     72.36258207
      0.75000000	      5.84029848	      0.46640867	      4.00296398	      0.92588064	      0.93586426	     -0.09914691	     -6.79556880	     -2.97439390	    -15.16539701	      0.00000000	      6.51634692	      0.40570705	      0.00000000	     -6.67292915	     -1.97764659	    -17.30176166	      0.00000000	      8.44572213	      5.80509857	      0.00000000	     -8.68218850	      1.29281653	     -0.83139662	      5.85060574	     -6.41687636	     12.27452212	     24.71017747	     78.74389076	      8.47005437	     -5.15030188	     11.46217639	     23.09472191	     72.36267648
      0.76666670	      5.87918299	      0.46284332	      4.00323534	      0.92381530	      0.93759217	     -0.09945552	     -6.76100464	     -2.97857462	    -15.16566322	      0.00000000	      6.51731739	      0.40673935	      0.00000000	     -6.65612812	     -1.98206521	    -17.30554720	      0.00000000	      8.44723297	      5.80423634	      0.00000000	     -8.67877886	      1.29543863	     -0.83521233	      5.85434828	     -6.41759455	     12.27323615	     24.71235965	     78.74376946	      8.47935374	     -5.15238487	     11.46220406	     23.10046073	     72.36277907
      0.78333330	      5.79325236	      0.40731787	      3.99307664	      0.92214711	      0.93909861	     -0.09903288	     -6.53377846	     -2.93145134	    -15.14230648	      0.00000000	      6.45961960	      0.46522825	      0.00000000	     -6.44428205	     -2.03136906	    -17.36365922	      0.00000000	      8.40640492	      5.81042795	      0.00000000	     -8.83034900	      1.38706950	     -0.90616791	      6.12737605	     -6.42987392	     12.23207550	     24.80489730	     78.73953628	      8.85352163	     -5.21647851	     11.45890759	     23.27686610	     72.36538472
      0.80000000	      5.81111109	      0.39502142	      3.91193192	      0.92255965	      0.94388962	     -0.09901406	     -6.47178020	     -2.92518652	    -15.14358847	      0.00000000	      6.40631453	      0.49246598	      0.00000000	     -6.39829768	     -2.03864591	    -17.34231672	      0.00000000	      8.33818491	      5.84261004	      0.00000000	     -8.87790029	      1.38977199	     -0.93763599	      6.13647476	     -6.43313495	     12.22108477	     24.80957025	     78.73831754	      8.88402214	     -5.22045870	     11.46454143	     23.30751642	     72.36679806
      0.81666670	      5.83251959	      0.39052538	      3.91188113	      0.92286401	      0.94113556	     -0.09881935	     -6.46986886	     -2.92562643	    -15.14333763	      0.00000000	      6.40410932	      0.49363327	      0.00000000	     -6.38807868	     -2.03412320	    -17.34220142	      0.00000000	      8.33613283	      5.84349618	      0.00000000	     -8.87966721	      1.39037650	     -0.93774285	      6.13739542	     -6.43292569	     12.22087121	     24.80978095	     78.73829609	      8.88495938	     -5.22085609	     11.46458307	     23.30813250	     72.36681490
      0.83333330	      5.83602967	      0.36428205	      3.84844839	      0.92180996	      0.93951252	     -0.09846107	     -6.39850784	     -2.90364357	    -15.18280254	      0.00000000	      5.92512447	      0.70271648	      0.00000000	     -6.31820322	     -2.07280137	    -17.45683312	      0.00000000	      7.84182569	      5.92491608	      0.00000000	     -9.13870098	      1.40094683	     -0.97721775	      6.34396863	     -6.39674947	     12.13806453	     24.87765296	     78.73149146	      9.03191467	     -5.32379585	     11.49176730	     23.51245124	     72.37380478
      0.85000000	      5.84367761	      0.36603236	      3.84470203	      0.92323283	      0.93933814	     -0.09858754	     -6.40822617	     -2.91145262	    -15.18279651	      0.00000000	      5.92319065	      0.70330576	      0.00000000	     -6.30678742	     -2.08197034	    -17.45760629	      0.00000000	      7.84084186	      5.92447938	      0.00000000	     -9.13916175	      1.40184072	     -0.97744553	      6.34558983	     -6.39530386	     12.13744809	     24.87836529	     78.73146920	      9.03476287	     -5.32622821	     11.49157577	     23.51445779	     72.37379049
      0.86666670	      5.85253160	      0.36411187	      3.84199781	      0.92261254	      0.93859634	     -0.09888051	     -6.41664801	     -2.92071143	    -15.18358813	      0.00000000	      5.92103235	      0.70388224	      0.00000000	     -6.30200336	     -2.08918303	    -17.46021060	      0.00000000	      7.84074239	      5.92337402	      0.00000000	     -9.13587140	      1.40216261	     -0.97752310	      6.34333623	     -6.39327790	     12.13692237	     24.87827633	     78.73145325	      9.03397252	     -5.33045684	     11.49120029	     23.51543299	     72.37371480
      0.88333330	      5.84601063	      0.37172404	      3.84228748	      0.92368515	      0.94080119	     -0.09857153	     -6.42995058	     -2.92437023	    -15.18453327	      0.00000000	      5.91444188	      0.70553385	      0.00000000	     -6.30836017	     -2.09773683	    -17.46497685	      0.00000000	      7.83809525	      5.92140338	      0.00000000	     -9.13211001	      1.40286025	     -0.97765367	      6.33980755	     -6.39083200	     12.13580134	     24.87807154	     78.73139535	      9.03073627	     -5.33740423	     11.49043235	     23.51592885	     72.37352304
      0.90000000	      5.97010800	      0.36620405	      3.82558242	      0.92409446	      0.94057540	     -0.09799588	     -6.60936814	     -2.89762028	    -15.21560414	      0.00000000	      5.79043354	      0.73299334	      0.00000000	     -6.48307477	     -2.12820949	    -17.55913893	      0.00000000	      7.79160276	      5.88969469	      0.00000000	     -9.02671276	      1.37030472	     -0.96616582	      6.19075613	     -6.31767576	     12.12594485	     24.85563904	     78.73127915	      8.86934824	     -5.48913649	     11.47347538	     23.48057672	     72.36873995
      0.91666670	      5.97435564	      0.36848706	      3.81685810	      0.92293828	      0.94151573	     -0.09803474	     -6.60888028	     -2.89463661	    -15.21904548	      0.00000000	      5.78681886	      0.73318651	      0.00000000	     -6.48437857	     -2.12866559	    -17.56144321	      0.00000000	      7.79025836	      5.88983448	      0.00000000	     -9.02768704	      1.36889919	     -0.96909473	      6.18623207	     -6.31622650	     12.12510425	     24.85454449	     78.73122444	      8.86514006	     -5.48894341	     11.47356102	     23.48030465	     72.36862595
      0.93333330	      5.98460808	      0.37719756	      3.81391013	      0.92107697	      0.94165589	     -0.09702298	     -6.60054497	     -2.88116792	    -15.22227377	      0.00000000	      5.78388049	      0.73360406	      0.00000000	     -6.48913993	     -2.12290180	    -17.56313946	      0.00000000	      7.78874029	      5.89024916	      0.00000000	     -9.02674331	      1.36960418	     -0.97079827	      6.18193196	     -6.31557478	     12.12452632	     24.85344897	     78.73118665	      8.86059533	     -5.48993767	     11.47337548	     23.47923245	     72.36849300
      0.95000000	      6.01882032	      0.38122582	      3.80208963	      0.91861817	      0.94340625	     -0.09692396	     -6.58991602	     -2.86214347	    -15.22797282	      0.00000000	      5.77960385	      0.73398270	      0.00000000	     -6.46373346	     -2.11149191	    -17.56570018	      0.00000000	      7.78522164	      5.89136043	      0.00000000	     -9.02981606	      1.36784519	     -0.96874753	      6.18080655	     -6.31127333	     12.12404511	     24.85380849	     78.73120064	      8.85467156	     -5.49726743	     11.47218815	     23.47620597	     72.36817190
      0.96666670	      6.00500632	      0.36652307	      3.74246664	      0.91879926	      0.94266835	     -0.09663380	     -6.49794996	     -2.81240395	    -15.32038276	      0.00000000	      5.66128385	      0.75276080	      0.00000000	     -6.36482705	     -2.13859759	    -17.63700661	      0.00000000	      7.65780641	      5.90886539	      0.00000000	     -9.30297139	      1.33846190	     -0.88336317	      6.31234573	     -6.20871092	     12.11177484	     24.89940484	     78.73173624	      8.83170642	     -5.67625204	     11.43877350	     23.42038587	     72.36048890
      0.98333330	      6.03654198	      0.36975586	      3.73901329	      0.91875793	      0.94278232	     -0.09757350	     -6.48109129	     -2.80545240	    -15.32223895	      0.00000000	      5.65663881	      0.75427713	      0.00000000	     -6.35475077	     -2.13207040	    -17.64099322	      0.00000000	      7.65227887	      5.90981361	      0.00000000	     -9.30550199	      1.33708955	     -0.88556965	      6.31438466	     -6.20653147	     12.11097597	     24.90038363	     78.73173087	      8.83495498	     -5.67814898	     11.43798027	     23.42086088	     72.36027131
      1.00000000	      6.05427814	      0.40785073	      3.76930022	      0.91968050	      0.94160142	     -0.09707245	     -6.46007079	     -2.83683305	    -15.41869431	      0.00000000	      5.49595722	      0.78843002	      0.00000000	     -6.32370289	     -2.10210720	    -17.78001220	      0.00000000	      7.46136257	      5.93760865	      0.00000000	     -9.53440502	      1.34887029	     -0.89730059	      6.36221839	     -6.14973597	     12.08534266	     24.92185161	     78.73181350	      8.80781276	     -5.73200414	     11.41414259	     23.38272369	     72.35212780
      1.01666670	      6.07375525	      0.41234205	      3.76039961	      0.91928179	      0.94043804	     -0.09698641	     -6.46316209	     -2.83966540	    -15.42333480	      0.00000000	      5.49340602	      0.78831651	      0.00000000	     -6.31584829	     -2.10870145	    -17.78148540	      0.00000000	      7.45737163	      5.93970742	      0.00000000	     -9.53235768	      1.34612596	     -0.89962911	      6.36329608	     -6.15011744	     12.08401936	     24.92274643	     78.73178971	      8.80751145	     -5.73143422	     11.41348873	     23.38268195	     72.35185288
      1.03333330	      6.07784288	      0.41811590	      3.75438054	      0.91949746	      0.93935727	     -0.09668364	     -6.47611894	     -2.84464132	    -15.43019596	      0.00000000	      5.49094789	      0.78730532	      0.00000000	     -6.31306004	     -2.11826201	    -17.78342005	      0.00000000	      7.45325812	      5.94201893	      0.00000000	     -9.53457309	      1.34352370	     -0.89671847	      6.36502178	     -6.14832066	     12.08274673	     24.92405960	     78.73182408	      8.79968136	     -5.73298640	     11.41235988	     23.37962890	     72.35138391
      1.05000000	      6.10153231	      0.41877631	      3.75272602	      0.91733671	      0.94132442	     -0.09698828	     -6.46742133	     -2.84684943	    -15.43779076	      0.00000000	      5.49127446	      0.78552558	      0.00000000	     -6.30312761	     -2.11834519	    -17.78645748	      0.00000000	      7.45155428	      5.94353268	      0.00000000	     -9.53403388	      1.34091743	     -0.88964841	      6.36276996	     -6.14437246	     12.08221731	     24.92474594	     78.73192742	      8.78370771	     -5.73728365	     11.41118770	     23.37382002	     72.35089399
      1.06666670	      6.12953400	      0.44406945	      3.77003077	      0.91698873	      0.94061127	     -0.09740631	     -6.46598523	     -2.86761580	    -15.51807195	      0.00000000	      5.48308880	      0.76783494	      0.00000000	     -6.30179446	     -2.09048612	    -17.82385908	      0.00000000	      7.42604800	      5.95653381	      0.00000000	     -9.62274850	      1.33602509	     -0.81868622	      6.37157482	     -6.10299176	     12.07401365	     24.93684755	     78.73280875	      8.65248458	     -5.77829222	     11.39605799	     23.31792599	     72.34505115
      1.08333330	      6.15416065	      0.45055691	      3.76891949	      0.91653588	      0.93997104	     -0.09659823	     -6.45167622	     -2.86127822	    -15.52408482	      0.00000000	      5.48219495	      0.76706971	      0.00000000	     -6.30057369	     -2.08361390	    -17.82650558	      0.00000000	      7.42453441	      5.95785805	      0.00000000	     -9.62575948	      1.33549380	     -0.82110145	      6.36821270	     -6.10275286	     12.07294108	     24.93650554	     78.73281980	      8.64882230	     -5.77668222	     11.39525646	     23.31675543	     72.34467034
      1.10000000	      6.18266784	      0.45381453	      3.76688770	      0.91559454	      0.93903651	     -0.09659230	     -6.43909631	     -2.86042055	    -15.53085155	      0.00000000	      5.48232662	      0.76582010	      0.00000000	     -6.29124332	     -2.07928499	    -17.83039150	      0.00000000	      7.42362099	      5.95853570	      0.00000000	     -9.63339976	      1.33378611	     -0.81972538	      6.36397277	     -6.09884850	     12.07241463	     24.93626095	     78.73292471	      8.64025750	     -5.77670505	     11.39424045	     23.31387598	     72.34419769
      1.11666670	      6.18852583	      0.48474616	      3.71949475	      0.91507955	      0.94135431	     -0.09628186	     -6.40290625	     -2.89180584	    -15.60815192	      0.00000000	      5.47168451	      0.75629224	      0.00000000	     -6.25267856	     -2.04440959	    -17.87083191	      0.00000000	      7.39406445	      5.96837720	      0.00000000	     -9.79652368	      1.31500508	     -0.79842339	      6.32478152	     -6.03453422	     12.06895630	     24.93413349	     78.73468783	      8.55335939	     -5.77696982	     11.38125310	     23.28265025	     72.33853862
      1.13333330	      6.21345857	      0.49092195	      3.71555027	      0.91444140	      0.94081788	     -0.09582337	     -6.40152582	     -2.88912414	    -15.61154325	      0.00000000	      5.47019103	      0.75707769	      0.00000000	     -6.23659279	     -2.04136649	    -17.87438462	      0.00000000	      7.39222915	      5.96863586	      0.00000000	     -9.79864456	      1.31377924	     -0.79937962	      6.32335898	     -6.03213397	     12.06827860	     24.93447288	     78.73479284	      8.55270279	     -5.77615569	     11.38017363	     23.28316003	     72.33815853
      1.15000000	      6.22736455	      0.49384203	      3.71415300	      0.91452853	      0.93876862	     -0.09579821	     -6.39830956	     -2.88531989	    -15.61214802	      0.00000000	      5.46949172	      0.75744156	      0.00000000	     -6.23334622	     -2.03871550	    -17.87484696	      0.00000000	      7.39147731	      5.96895687	      0.00000000	     -9.80084461	      1.31333865	     -0.79969232	      6.32270905	     -6.03129167	     12.06820607	     24.93435084	     78.73482175	      8.55226272	     -5.77567047	     11.38001825	     23.28311053	     72.33808513
      1.16666670	      6.24358373	      0.51572174	      3.60438064	      0.91529592	      0.94258980	     -0.09674854	     -6.38213135	     -2.92172459	    -15.63723610	      0.00000000	      5.43479714	      0.77510941	      0.00000000	     -6.24702876	     -2.01164830	    -17.88521125	      0.00000000	      7.33424751	      5.98240188	      0.00000000	     -9.90938324	      1.28793455	     -0.80330006	      6.28165964	     -5.97945630	     12.06524058	     24.93154983	     78.73681342	      8.47874047	     -5.73333238	     11.37628790	     23.26863745	     72.33465503
      1.18333330	      6.24739136	      0.50844340	      3.60681204	      0.91548460	      0.94227135	     -0.09645888	     -6.38184641	     -2.92710845	    -15.63698148	      0.00000000	      5.43400286	      0.77564132	      0.00000000	     -6.24706042	     -2.00883252	    -17.88574117	      0.00000000	      7.33336533	      5.98235930	      0.00000000	     -9.90986329	      1.28794824	     -0.80277019	      6.28208709	     -5.97921614	     12.06511508	     24.93180842	     78.73683607	      8.47753720	     -5.73263996	     11.37625674	     23.26844964	     72.33461336
      1.20000000	      6.39129526	      0.58558539	      3.49485885	      0.91586549	      0.94161150	     -0.09627431	     -6.57328612	     -3.02737622	    -15.57755421	      0.00000000	      5.24671262	      0.90868834	      0.00000000	     -6.48224641	     -1.92104301	    -17.98890354	      0.00000000	      7.11676938	      5.96143713	      0.00000000	     -9.92552549	      1.24078630	     -0.76133052	      6.23690886	     -5.92602065	     12.03787010	     24.96428397	     78.74276196	      8.17947356	     -5.57504325	     11.37080795	     23.23090931	     72.32539649
      1.21666670	      6.39953810	      0.58907807	      3.49978827	      0.91431966	      0.93964052	     -0.09576202	     -6.57561645	     -3.02921642	    -15.57554603	      0.00000000	      5.24621871	      0.91089202	      0.00000000	     -6.48461340	     -1.92318457	    -17.99209775	      0.00000000	      7.11517088	      5.95976353	      0.00000000	     -9.92612011	      1.24117914	     -0.75885964	      6.23614740	     -5.92625935	     12.03719067	     24.96481454	     78.74290321	      8.17404321	     -5.57553417	     11.37003057	     23.23003218	     72.32511604
      1.23333330	      6.41620566	      0.59377374	      3.50865522	      0.91339281	      0.93954901	     -0.09556666	     -6.57277909	     -3.03267667	    -15.56821849	      0.00000000	      5.24619299	      0.91511397	      0.00000000	     -6.48591814	     -1.92872740	    -17.99584809	      0.00000000	      7.11085295	      5.95612076	      0.00000000	     -9.92840343	      1.23855648	     -0.75258338	      6.23940312	     -5.92501276	     12.03607418	     24.96768275	     78.74316334	      8.16348095	     -5.57339465	     11.36936526	     23.22875608	     72.32474126
      1.25000000	      6.41447497	      0.59621837	      3.51179097	      0.91474081	      0.93960215	     -0.09562770	     -6.58049070	     -3.04079416	    -15.56255460	      0.00000000	      5.24566278	      0.91753575	      0.00000000	     -6.48801283	     -1.93926204	    -17.99682795	      0.00000000	      7.10698707	      5.95360133	      0.00000000	     -9.93315794	      1.23547961	     -0.74867872	      6.24379675	     -5.92399988	     12.03533162	     24.97019547	     78.74331301	      8.15754618	     -5.56981741	     11.36942858	     23.22840974	     72.32459601
      1.26666670	      6.46927237	      0.60842746	      3.55323097	      0.91543497	      0.94054559	     -0.09566782	     -6.67350628	     -3.04770484	    -15.46521955	      0.00000000	      5.24652979	      0.95863648	      0.00000000	     -6.55005763	     -1.94922427	    -18.00796384	      0.00000000	      7.03546961	      5.91024503	      0.00000000	     -9.95447193	      1.16847981	     -0.68822964	      6.26052982	     -5.90754636	     12.02544959	     25.00207395	     78.74595305	      7.98790031	     -5.47599570	     11.37988869	     23.21269993	     72.32351645
      1.28333330	      6.53475729	      0.63046072	      3.41530136	      0.91596300	      0.94094287	     -0.09572726	     -6.75367941	     -3.09858548	    -15.36453260	      0.00000000	      5.27397670	      0.99613627	      0.00000000	     -6.65501855	     -1.91904980	    -17.98886231	      0.00000000	      6.94365812	      5.86027798	      0.00000000	     -9.95785803	      1.18484552	     -0.71141563	      6.19183039	     -5.90300295	     12.01359506	     25.01378401	     78.74908669	      7.92443361	     -5.40507026	     11.38141347	     23.24061705	     72.32192484
      1.30000000	      6.54815065	      0.65230669	      3.48651978	      0.91546183	      0.94253667	     -0.09550381	     -6.80653722	     -3.11752781	    -15.29807435	      0.00000000	      5.28488032	      1.02627544	      0.00000000	     -6.66156221	     -1.92049882	    -18.00528654	      0.00000000	      6.90596907	      5.82094421	      0.00000000	     -9.97250096	      1.16313524	     -0.65942293	      6.21645139	     -5.89524345	     12.00675889	     25.03700216	     78.75102981	      7.85319768	     -5.38821943	     11.38088738	     23.23895878	     72.32081644
      1.31666670	      6.53800920	      0.65985755	      3.47932122	      0.91644135	      0.94131031	     -0.09527379	     -6.82720610	     -3.12434896	    -15.28888363	      0.00000000	      5.28663686	      1.03066020	      0.00000000	     -6.66752123	     -1.92980426	    -18.00408817	      0.00000000	      6.89819761	      5.81618459	      0.00000000	     -9.97458560	      1.15988252	     -0.66059948	      6.21466478	     -5.89545313	     12.00563826	     25.03849717	     78.75128360	      7.85058737	     -5.38108180	     11.38142724	     23.24211220	     72.32082157
      1.33333330	      6.61610411	      0.69435566	      3.50609421	      0.91616870	      0.93992102	     -0.09491585	     -6.96733108	     -3.15592034	    -15.09636814	      0.00000000	      5.35620640	      1.11693031	      0.00000000	     -6.77004690	     -1.90376762	    -17.99257603	      0.00000000	      6.78618684	      5.72466734	      0.00000000	     -9.92599662	      1.06712386	     -0.62733222	      6.19112209	     -5.86517912	     11.99249945	     25.07601721	     78.75667956	      7.73719795	     -5.25147219	     11.39723144	     23.28453041	     72.32208267
      1.35000000	      6.60759931	      0.69847364	      3.50350941	      0.91605196	      0.94071348	     -0.09489493	     -6.97336472	     -3.15620771	    -15.09568618	      0.00000000	      5.35696469	      1.11716397	      0.00000000	     -6.76997890	     -1.90700300	    -17.99240107	      0.00000000	      6.78571954	      5.72383238	      0.00000000	     -9.92620485	      1.06750708	     -0.62736770	      6.19054252	     -5.86528908	     11.99236497	     25.07608022	     78.75671763	      7.73720512	     -5.25152404	     11.39716826	     23.28494584	     72.32207647
      1.36666670	      6.64789068	      0.74998184	      3.56491091	      0.91677240	      0.94232248	     -0.09530811	     -7.07060989	     -3.19515157	    -14.94930027	      0.00000000	      5.42629827	      1.18208027	      0.00000000	     -6.81904002	     -1.87425863	    -17.98189356	      0.00000000	      6.71207173	      5.64824788	      0.00000000	     -9.92800675	      1.05702242	     -0.59481642	      6.12275279	     -5.83964841	     11.98314224	     25.08584836	     78.76199552	      7.67273007	     -5.22649850	     11.39856990	     23.31725503	     72.32246546
      1.38333330	      6.64253254	      0.75582530	      3.55551770	      0.91668405	      0.94179691	     -0.09436544	     -7.08623992	     -3.18654110	    -14.94697372	      0.00000000	      5.43010721	      1.18302212	      0.00000000	     -6.81732566	     -1.87315927	    -17.97828493	      0.00000000	      6.71007697	      5.64581953	      0.00000000	     -9.92759877	      1.05387480	     -0.59657213	      6.11994551	     -5.84105965	     11.98221837	     25.08596121	     78.76221676	      7.67263983	     -5.22218738	     11.39906168	     23.32030373	     72.32258360
      1.40000000	      6.64743964	      0.75100998	      3.54724027	      0.91618070	      0.94374059	     -0.09552135	     -7.09281965	     -3.17820317	    -14.94486276	      0.00000000	      5.43388157	      1.18327002	      0.00000000	     -6.81007061	     -1.86301653	    -17.97607588	      0.00000000	      6.70822070	      5.64395501	      0.00000000	     -9.92486213	      1.04769966	     -0.59501619	      6.11680954	     -5.83812702	     11.98214408	     25.08626232	     78.76250374	      7.66983521	     -5.22073213	     11.39933630	     23.32197768	     72.32266932
      1.41666670	      6.64521274	      0.75135813	      3.54490220	      0.91698420	      0.94450429	     -0.09548879	     -7.10456469	     -3.17380707	    -14.94071096	      0.00000000	      5.43739059	      1.18469594	      0.00000000	     -6.81289243	     -1.84784963	    -17.97200778	      0.00000000	      6.70300080	      5.64178845	      0.00000000	     -9.92416224	      1.04395965	     -0.59377454	      6.11182700	     -5.83504076	     11.98197166	     25.08583633	     78.76296188	      7.66604304	     -5.21275673	     11.40055750	     23.32538957	     72.32294472
      1.43333330	      6.65999749	      0.75239736	      3.54460236	      0.91565484	      0.94693888	     -0.09564460	     -7.10279350	     -3.17430654	    -14.93728537	      0.00000000	      5.44019379	      1.18677882	      0.00000000	     -6.81003246	     -1.82804199	    -17.96918949	      0.00000000	      6.69631536	      5.64036743	      0.00000000	     -9.91954129	      1.04198781	     -0.59188725	      6.10330636	     -5.83086273	     11.98227015	     25.08442389	     78.76347354	      7.65844114	     -5.20389403	     11.40208393	     23.32780397	     72.32327722
      1.45000000	      6.68272739	      0.75570251	      3.54412906	      0.91412614	      0.94837286	     -0.09561064	     -7.09467001	     -3.17773149	    -14.93360548	      0.00000000	      5.44078642	      1.19055572	      0.00000000	     -6.80268412	     -1.80138265	    -17.96615052	      0.00000000	      6.68627951	      5.64022286	      0.00000000	     -9.91875497	      1.04230527	     -0.59062636	      6.09517346	     -5.82572110	     11.98282270	     25.08279379	     78.76405503	      7.65266271	     -5.19360091	     11.40383827	     23.33060166	     72.32369230
      1.46666670	      6.70079459	      0.75441475	      3.54506044	      0.91441678	      0.94557418	     -0.09551089	     -7.09040843	     -3.17654370	    -14.93284595	      0.00000000	      5.43996795	      1.19173550	      0.00000000	     -6.79954342	     -1.79075633	    -17.96551159	      0.00000000	      6.68340312	      5.64063330	      0.00000000	     -9.92102985	      1.04275496	     -0.59038971	      6.09450094	     -5.82446161	     11.98295621	     25.08255514	     78.76417793	      7.65246291	     -5.19115124	     11.40422092	     23.33129518	     72.32378516
      1.48333330	      6.71329209	      0.91884530	      3.51500869	      0.91509819	      0.94303688	     -0.09555357	     -7.10673174	     -3.38616603	    -14.91759591	      0.00000000	      5.41223695	      1.24550491	      0.00000000	     -6.81415823	     -1.56804013	    -17.92480206	      0.00000000	      6.48815912	      5.64078826	      0.00000000	    -10.02674872	      1.06808507	     -0.54281338	      6.10740221	     -5.71615988	     11.99318101	     25.09361032	     78.77536968	      7.67633342	     -5.00065498	     11.43248421	     23.41094708	     72.33181058
      1.50000000	      6.71542591	      0.91778574	      3.51333320	      0.91513925	      0.94281546	     -0.09559224	     -7.11122808	     -3.38579262	    -14.91818062	      0.00000000	      5.41198370	      1.24573882	      0.00000000	     -6.80957975	     -1.56774203	    -17.92474226	      0.00000000	      6.48679711	      5.64040997	      0.00000000	    -10.02742561	      1.06490319	     -0.54203255	      6.10865598	     -5.71680271	     11.99291133	     25.09385806	     78.77547270	      7.67666955	     -5.00052168	     11.43251192	     23.41159709	     72.33186528
      1.51666670	      6.75015630	      0.92311957	      3.53261499	      0.91518397	      0.94031056	     -0.09538696	     -7.15862581	     -3.38149930	    -14.96870522	      0.00000000	      5.42159704	      1.24115522	      0.00000000	     -6.83123205	     -1.57626192	    -17.92265954	      0.00000000	      6.43184525	      5.60384088	      0.00000000	    -10.05852586	      0.91056513	     -0.45943775	      6.21854378	     -5.73262478	     11.98058127	     25.12495100	     78.78327621	      7.70858581	     -4.98903398	     11.43327141	     23.46420314	     72.33554831
      1.53333330	      6.74300502	      0.92257758	      3.53160048	      0.91488634	      0.94104920	     -0.09532095	     -7.16375419	     -3.38557894	    -14.96949083	      0.00000000	      5.42194103	      1.24083710	      0.00000000	     -6.83124982	     -1.57839224	    -17.92250195	      0.00000000	      6.43178315	      5.60334667	      0.00000000	    -10.05883355	      0.91123599	     -0.45879856	      6.21838576	     -5.73211791	     11.98064001	     25.12498825	     78.78338765	      7.70931395	     -4.98926922	     11.43319772	     23.46492056	     72.33558835
      1.55000000	      6.74951556	      0.93140658	      3.53208550	      0.91538530	      0.94064578	     -0.09519357	     -7.16997774	     -3.40247923	    -14.97466731	      0.00000000	      5.42416389	      1.23811504	      0.00000000	     -6.82733505	     -1.58973040	    -17.91970641	      0.00000000	      6.43258743	      5.60048480	      0.00000000	    -10.06415550	      0.91738436	     -0.45073193	      6.22308039	     -5.72546514	     11.98145167	     25.12722484	     78.78428507	      7.71755939	     -4.99130368	     11.43241358	     23.47106130	     72.33585975
      1.56666670	      6.74908535	      0.93698658	      3.53343616	      0.91566646	      0.94310958	     -0.09551623	     -7.16408385	     -3.40420728	    -14.97536149	      0.00000000	      5.42493873	      1.23735912	      0.00000000	     -6.82809784	     -1.59441050	    -17.91890379	      0.00000000	      6.43307879	      5.59986684	      0.00000000	    -10.06424243	      0.91822407	     -0.44847951	      6.22492774	     -5.72347193	     11.98169430	     25.12822252	     78.78448248	      7.71943949	     -4.99216026	     11.43217846	     23.47238811	     72.33590735
      1.58333330	      7.14286187	      1.03378809	      3.76253955	      0.91588400	      0.94487113	     -0.09626526	     -7.63384402	     -3.46809948	    -15.29981275	      0.00000000	      5.35101864	      1.04808086	      0.00000000	     -7.24705645	     -1.53478994	    -17.45513899	      0.00000000	      6.47460848	      5.45093845	      0.00000000	    -10.71439036	      0.85752281	     -0.14338210	      6.19315160	     -5.73672387	     11.95847910	     25.20778768	     78.88396962	      8.05687062	     -4.99921689	     11.41993401	     23.97206799	     72.38405849
      1.60000000	      7.13118588	      1.03781990	      3.77451093	      0.91629362	      0.94525732	     -0.09564304	     -7.63098635	     -3.46290231	    -15.29542836	      0.00000000	      5.35002615	      1.05047082	      0.00000000	     -7.26479097	     -1.53580366	    -17.45494620	      0.00000000	      6.47297347	      5.45012269	      0.00000000	    -10.71554673	      0.85794854	     -0.14177022	      6.19577855	     -5.73302071	     11.95847740	     25.21062465	     78.88460265	      8.05325899	     -4.99694026	     11.42058461	     23.97213320	     72.38446937
      1.61666670	      7.14151313	      1.03654492	      3.82676301	      0.91523261	      0.94515461	     -0.09564273	     -7.65763180	     -3.44163789	    -15.26703460	      0.00000000	      5.34372955	      1.06404015	      0.00000000	     -7.27656133	     -1.54637221	    -17.44488885	      0.00000000	      6.46185862	      5.45234678	      0.00000000	    -10.71717020	      0.85643842	     -0.12216079	      6.20020582	     -5.69506114	     11.96201935	     25.22602087	     78.88887362	      8.02095369	     -4.99722453	     11.42256614	     23.96671984	     72.38663735
      1.63333330	      7.12697050	      1.04024107	      3.82643525	      0.91513338	      0.94987944	     -0.09588524	     -7.65701245	     -3.44189600	    -15.26633596	      0.00000000	      5.34394446	      1.06406536	      0.00000000	     -7.27771626	     -1.55103285	    -17.44419712	      0.00000000	      6.46133101	      5.45227804	      0.00000000	    -10.71630127	      0.85650378	     -0.12159532	      6.20027231	     -5.69353258	     11.96218203	     25.22669042	     78.88904979	      8.02035072	     -4.99761042	     11.42256638	     23.96675210	     72.38672446
      1.65000000	      7.15286772	      1.03366571	      3.86107939	      0.91560448	      0.94731297	     -0.09549413	     -7.68447955	     -3.41956232	    -15.22083605	      0.00000000	      5.27490919	      1.10642890	      0.00000000	     -7.30325684	     -1.55557195	    -17.37751481	      0.00000000	      6.35475139	      5.49679840	      0.00000000	    -10.82171844	      0.88886240	     -0.09023615	      6.14157532	     -5.56397760	     11.98131821	     25.23904486	     78.90257403	      7.93181197	     -5.01045829	     11.42598667	     23.93903502	     72.39308171
      1.66666670	      7.14565053	      1.03836338	      3.85447669	      0.91631795	      0.94665051	     -0.09517519	     -7.69874681	     -3.40502730	    -15.22135216	      0.00000000	      5.26979039	      1.10784237	      0.00000000	     -7.30540890	     -1.55001903	    -17.37452446	      0.00000000	      6.34801629	      5.49884141	      0.00000000	    -10.82539519	      0.88811901	     -0.09334572	      6.14030372	     -5.56304816	     11.98115566	     25.23946269	     78.90330515	      7.93354518	     -5.01018362	     11.42604797	     23.93976760	     72.39352429
      1.68333330	      7.14837094	      1.03323354	      3.84352498	      0.91588706	      0.94550645	     -0.09565529	     -7.71856124	     -3.40165980	    -15.22346884	      0.00000000	      5.26500550	      1.10859764	      0.00000000	     -7.29589164	     -1.54933420	    -17.37164670	      0.00000000	      6.34261962	      5.50065633	      0.00000000	    -10.82894754	      0.88723766	     -0.09259847	      6.13631143	     -5.55791282	     11.98188570	     25.23967841	     78.90411986	      7.92966132	     -5.01309144	     11.42579297	     23.93839658	     72.39387681
      1.70000000	      7.21246195	      1.01185179	      3.78334021	      0.91617297	      0.94380780	     -0.09583186	     -7.78568909	     -3.37546134	    -15.27218458	      0.00000000	      5.18049134	      1.11574964	      0.00000000	     -7.37888579	     -1.56990946	    -17.32637747	      0.00000000	      6.27078535	      5.51315114	      0.00000000	    -10.91699787	      0.93554308	     -0.05598415	      6.06611042	     -5.44903560	     11.99905799	     25.24926686	     78.92127469	      7.84314721	     -5.07114462	     11.41941884	     23.90996872	     72.40105229
      1.71666670	      7.21751033	      1.00174241	      3.78539448	      0.91601643	      0.94292236	     -0.09647253	     -7.79656953	     -3.38227656	    -15.27412536	      0.00000000	      5.17778168	      1.11577467	      0.00000000	     -7.37776378	     -1.56969165	    -17.32761854	      0.00000000	      6.27032011	      5.51123930	      0.00000000	    -10.91988231	      0.93536373	     -0.05527807	      6.06749665	     -5.44860766	     11.99883017	     25.25072411	     78.92221331	      7.84209842	     -5.07181080	     11.41924604	     23.91032116	     72.40155567
      1.73333330	      7.22852964	      0.99935667	      3.78649384	      0.91518848	      0.94381119	     -0.09581477	     -7.79656999	     -3.38801556	    -15.27795983	      0.00000000	      5.17716382	      1.11486155	      0.00000000	     -7.37293509	     -1.56772472	    -17.32775458	      0.00000000	      6.27226492	      5.50906455	      0.00000000	    -10.92288030	      0.94112120	     -0.05433824	      6.06695735	     -5.44885226	     11.99875614	     25.25152727	     78.92305889	      7.83902610	     -5.07150559	     11.41923166	     23.91014900	     72.40202904
      1.75000000	      7.22803098	      0.99684512	      3.78738660	      0.91503838	      0.94435409	     -0.09575153	     -7.79438914	     -3.38929960	    -15.27878069	      0.00000000	      5.17730394	      1.11456335	      0.00000000	     -7.37472001	     -1.56577673	    -17.32771163	      0.00000000	      6.27279431	      5.50856782	      0.00000000	    -10.92400152	      0.94245610	     -0.05375842	      6.06699115	     -5.44841758	     11.99883688	     25.25175277	     78.92322759	      7.83842072	     -5.07183648	     11.41917223	     23.91003021	     72.40211135
      1.76666670	      7.24154640	      1.01505452	      3.78935308	      0.91488623	      0.94730755	     -0.09416929	     -7.77236371	     -3.38084451	    -15.28423222	      0.00000000	      5.17695785	      1.11367142	      0.00000000	     -7.37258796	     -1.56394845	    -17.32525416	      0.00000000	      6.27486054	      5.50640158	      0.00000000	    -10.93699709	      0.95353948	     -0.04913556	      6.06670104	     -5.44524059	     11.99965610	     25.25265036	     78.92430581	      7.83228890	     -5.07304359	     11.41896922	     23.90802250	     72.40263294
      1.78333330	      7.23557683	      1.00994262	      3.73463374	      0.91573612	      0.94667405	     -0.09504892	     -7.73280521	     -3.36857872	    -15.34402418	      0.00000000	      5.15348618	      1.11050014	      0.00000000	     -7.38425468	     -1.56710513	    -17.28973233	      0.00000000	      6.27160775	      5.48957570	      0.00000000	    -11.13130566	      1.02737850	      0.02808424	      6.05528632	     -5.35623869	     12.01866971	     25.26137899	     78.93828514	      7.75720415	     -5.13034974	     11.41037841	     23.87264197	     72.40787648
      1.80000000	      7.23518599	      1.01743298	      3.73317521	      0.91559739	      0.94362219	     -0.09537806	     -7.73684288	     -3.36159545	    -15.34444441	      0.00000000	      5.15216319	      1.11109792	      0.00000000	     -7.39066350	     -1.56886024	    -17.28972377	      0.00000000	      6.27097938	      5.48922494	      0.00000000	    -11.13347236	      1.02706286	      0.02827601	      6.05551936	     -5.35565582	     12.01882511	     25.26146137	     78.93852396	      7.75762966	     -5.13054089	     11.41028156	     23.87273552	     72.40799195
      1.81666670	      7.21642227	      1.01126288	      3.73490373	      0.91691084	      0.94317029	     -0.09586142	     -7.75449248	     -3.36465923	    -15.34692517	      0.00000000	      5.14753813	      1.11177985	      0.00000000	     -7.40349784	     -1.57364708	    -17.29056377	      0.00000000	      6.26905111	      5.48521276	      0.00000000	    -11.14079462	      1.02797382	      0.02884739	      6.05751751	     -5.35345854	     12.01948807	     25.26239105	     78.93962709	      7.76189291	     -5.13093371	     11.40975951	     23.87437297	     72.40854115
      1.83333330	      7.20197186	      1.00577691	      3.73787598	      0.91651116	      0.94466217	     -0.09559986	     -7.75820996	     -3.37055340	    -15.34768612	      0.00000000	      5.14710064	      1.11164452	      0.00000000	     -7.41145358	     -1.57497479	    -17.29126050	      0.00000000	      6.26878357	      5.48412707	      0.00000000	    -11.14058320	      1.02891421	      0.02894549	      6.05704917	     -5.35346142	     12.01959825	     25.26235536	     78.93981070	      7.76174429	     -5.13068367	     11.40974258	     23.87457190	     72.40864340
      1.85000000	      7.87742779	      1.03207987	      3.85017420	      0.91647857	      0.94913588	     -0.09576544	     -8.48159243	     -3.35828549	    -15.70871031	      0.00000000	      4.82264989	      1.39630811	      0.00000000	     -8.12444705	     -1.61179871	    -17.07906835	      0.00000000	      5.71649229	      4.75433289	      0.00000000	    -12.11602933	      1.10984499	      0.03647421	      6.22250180	     -5.38780986	     12.10692416	     25.29714544	     79.22974892	      8.02803206	     -5.05011271	     11.34709527	     24.06258837	     72.57800473
      1.86666670	      7.88382381	      1.03678243	      3.84836136	      0.91551560	      0.94860806	     -0.09561335	     -8.47492849	     -3.36628980	    -15.71185456	      0.00000000	      4.82352495	      1.39601745	      0.00000000	     -8.12808009	     -1.61724880	    -17.07952163	      0.00000000	      5.71518685	      4.75303240	      0.00000000	    -12.11423891	      1.11341860	      0.03769232	      6.21939162	     -5.38758064	     12.10732153	     25.29642430	     79.23073485	      8.02341799	     -5.05205073	     11.34679152	     24.06119703	     72.57859483
      1.88333330	      7.89244286	      1.03319802	      3.84339325	      0.91521325	      0.94824114	     -0.09601613	     -8.45960808	     -3.37755931	    -15.71739308	      0.00000000	      4.82420900	      1.39523998	      0.00000000	     -8.13545750	     -1.61116176	    -17.08080654	      0.00000000	      5.71151248	      4.75130522	      0.00000000	    -12.11653353	      1.11876336	      0.03861776	      6.21647078	     -5.38623569	     12.10799567	     25.29513778	     79.23198237	      8.02020985	     -5.05318776	     11.34659730	     24.06011961	     72.57938021
      1.90000000	      7.90655546	      1.02969855	      3.84169558	      0.91545085	      0.94513081	     -0.09593502	     -8.45569972	     -3.38059261	    -15.71899122	      0.00000000	      4.82392792	      1.39512620	      0.00000000	     -8.13474248	     -1.60655258	    -17.08093331	      0.00000000	      5.71040929	      4.75124063	      0.00000000	    -12.11894412	      1.12021473	      0.03817640	      6.21562531	     -5.38641447	     12.10807581	     25.29449488	     79.23221096	      8.02001096	     -5.05281888	     11.34663778	     24.05997799	     72.57954277
      1.91666670	      7.89729145	      1.05678169	      3.70621014	      0.91487039	      0.94560716	     -0.09553546	     -8.39434656	     -3.45515872	    -15.78600904	      0.00000000	      4.84431698	      1.37829716	      0.00000000	     -8.13877923	     -1.53908554	    -17.08714174	      0.00000000	      5.69121430	      4.73373297	      0.00000000	    -12.17469787	      1.17690664	      0.01656580	      6.20048063	     -5.40604955	     12.10845980	     25.27720452	     79.24076514	      8.03609783	     -5.03916022	     11.34766592	     24.06636584	     72.58601662
      1.93333330	      7.90647386	      1.05419448	      3.70717976	      0.91534638	      0.94476129	     -0.09597776	     -8.38205824	     -3.46760358	    -15.78990885	      0.00000000	      4.84761733	      1.37814573	      0.00000000	     -8.13783037	     -1.53507445	    -17.08986842	      0.00000000	      5.69031915	      4.73020582	      0.00000000	    -12.18162713	      1.17661135	      0.01912962	      6.20619855	     -5.40899831	     12.10818007	     25.27732920	     79.24198898	      8.03578970	     -5.03840410	     11.34771388	     24.06647719	     72.58688964
      1.95000000	      7.87661336	      1.10129978	      3.63950367	      0.91569796	      0.94666094	     -0.09526209	     -8.32112205	     -3.52475734	    -15.82723315	      0.00000000	      4.89080488	      1.38241244	      0.00000000	     -8.10933750	     -1.48617091	    -17.09337089	      0.00000000	      5.68386796	      4.70639745	      0.00000000	    -12.26283947	      1.18233721	      0.01827538	      6.24948926	     -5.46284530	     12.10225218	     25.27235974	     79.25409097	      8.04515045	     -5.01616415	     11.35042609	     24.07325004	     72.59631894
      1.96666670	      7.87817014	      1.09153050	      3.63830720	      0.91504159	      0.94433729	     -0.09581855	     -8.32620765	     -3.53521419	    -15.82934684	      0.00000000	      4.89569168	      1.38391798	      0.00000000	     -8.10338379	     -1.48058257	    -17.09587366	      0.00000000	      5.68599582	      4.70228547	      0.00000000	    -12.26587311	      1.18003304	      0.02114130	      6.25736434	     -5.46489067	     12.10224789	     25.27374718	     79.25560737	      8.04823951	     -5.01581446	     11.35033022	     24.07506797	     72.59737789
      1.98333330	      7.85473383	      1.10060120	      3.63493273	      0.91729458	      0.94373881	     -0.09587935	     -8.34388106	     -3.53532528	    -15.83028511	      0.00000000	      4.89835765	      1.38503353	      0.00000000	     -8.10305490	     -1.48095048	    -17.09744462	      0.00000000	      5.68833710	      4.69836052	      0.00000000	    -12.27161034	      1.18080389	      0.02169993	      6.26761828	     -5.46820273	     12.10182951	     25.27553119	     79.25668002	      8.05690124	     -5.01297318	     11.35040030	     24.07869502	     72.59821635
      2.00000000	      7.83124194	      1.10580904	      3.62996222	      0.91799953	      0.94644553	     -0.09564689	     -8.36553368	     -3.54231791	    -15.83218874	      0.00000000	      4.90118812	      1.38600296	      0.00000000	     -8.09439944	     -1.48353126	    -17.10012084	      0.00000000	      5.69237867	      4.69361982	      0.00000000	    -12.27186250	      1.18242443	      0.02230794	      6.27319609	     -5.47205975	     12.10152421	     25.27617142	     79.25774545	      8.06080842	     -5.00956948	     11.35072629	     24.08146883	     72.59906604
      2.01666670	      7.80286943	      1.11406339	      3.63324427	      0.91889578	      0.94478591	     -0.09512380	     -8.38467830	     -3.54743814	    -15.83285017	      0.00000000	      4.90255730	      1.38784078	      0.00000000	     -8.10923884	     -1.48789206	    -17.10435776	      0.00000000	      5.69655963	      4.68823208	      0.00000000	    -12.27166270	      1.18465830	      0.02292767	      6.27775876	     -5.47576738	     12.10126758	     25.27634388	     79.25873854	      8.06396548	     -5.00560693	     11.35113139	     24.08402921	     72.59986295
      2.03333330	      7.78257379	      1.12158996	      3.63052914	      0.91823214	      0.94351769	     -0.09543558	     -8.39828770	     -3.54288923	    -15.83328424	      0.00000000	      4.90273558	      1.38820395	      0.00000000	     -8.11829709	     -1.49036774	    -17.10556449	      0.00000000	      5.69758841	      4.68715159	      0.00000000	    -12.27079259	      1.18464019	      0.02319552	      6.27769790	     -5.47605709	     12.10131308	     25.27618042	     79.25893639	      8.06379653	     -5.00524486	     11.35118651	     24.08429148	     72.60000751
      2.05000000	      7.77219222	      1.11990775	      3.63003915	      0.91787377	      0.94296352	     -0.09545101	     -8.40740736	     -3.54426841	    -15.83366755	      0.00000000	      4.90334595	      1.38837827	      0.00000000	     -8.12194851	     -1.48997566	    -17.10681402	      0.00000000	      5.69924602	      4.68585870	      0.00000000	    -12.26933995	      1.18478863	      0.02317477	      6.27779208	     -5.47678240	     12.10128323	     25.27605493	     79.25912819	      8.06406821	     -5.00467678	     11.35125714	     24.08479377	     72.60016037
      2.06666670	      7.81903699	      1.15468014	      3.67320388	      0.91844417	      0.94352396	     -0.09613322	     -8.50996748	     -3.59516917	    -15.85582962	      0.00000000	      4.99200896	      1.40208028	      0.00000000	     -8.19391034	     -1.43809978	    -17.22564450	      0.00000000	      5.89747515	      4.54869131	      0.00000000	    -12.09065982	      1.22263158	     -0.00877364	      6.29729963	     -5.58317766	     12.09249553	     25.26530047	     79.27817158	      8.13708234	     -4.92911952	     11.35955223	     24.15672633	     72.61649842
      2.08333330	      7.80949189	      1.15122918	      3.67210077	      0.91818722	      0.94384445	     -0.09607531	     -8.51355424	     -3.59574530	    -15.85634318	      0.00000000	      4.99288628	      1.40209259	      0.00000000	     -8.19770073	     -1.43649226	    -17.22572019	      0.00000000	      5.89881664	      4.54807719	      0.00000000	    -12.09101329	      1.22246815	     -0.00888018	      6.29654572	     -5.58362241	     12.09253964	     25.26495903	     79.27835670	      8.13651489	     -4.92888344	     11.35962680	     24.15679981	     72.61664049
      2.10000000	      7.80361291	      1.14694380	      3.67105231	      0.91776711	      0.94258936	     -0.09594697	     -8.51664964	     -3.59352912	    -15.85693665	      0.00000000	      4.99379923	      1.40222732	      0.00000000	     -8.20318975	     -1.43110511	    -17.22584304	      0.00000000	      5.90030865	      4.54754370	      0.00000000	    -12.09143855	      1.22249088	     -0.00941505	      6.29557760	     -5.58448101	     12.09253130	     25.26449031	     79.27855376	      8.13610968	     -4.92838841	     11.35973976	     24.15697639	     72.61680479
      2.11666670	      7.80955125	      1.12713097	      3.55354283	      0.91899061	      0.93955363	     -0.09577550	     -8.49153046	     -3.58358752	    -15.87985102	      0.00000000	      5.10276699	      1.39641456	      0.00000000	     -8.23816607	     -1.42054859	    -17.22992071	      0.00000000	      6.05529684	      4.48537920	      0.00000000	    -12.07775736	      1.22896311	     -0.05000774	      6.27901346	     -5.65964213	     12.08750495	     25.25276718	     79.29318118	      8.16778433	     -4.90125959	     11.36408199	     24.19664165	     72.62917884
      2.13333330	      7.80340875	      1.14557697	      3.62565160	      0.91810726	      0.94260901	     -0.09522470	     -8.50304717	     -3.58197471	    -15.86402064	      0.00000000	      5.16078214	      1.41118914	      0.00000000	     -8.21170941	     -1.42109153	    -17.24631777	      0.00000000	      6.14448242	      4.44683932	      0.00000000	    -12.06789587	      1.24476039	     -0.00158477	      6.31600111	     -5.67356717	     12.08911284	     25.26610345	     79.30407106	      8.14204105	     -4.91234485	     11.36327136	     24.20553298	     72.63679496
      2.15000000	      7.78776560	      1.14408630	      3.61182536	      0.91893871	      0.94540873	     -0.09557442	     -8.50076372	     -3.57960388	    -15.86388484	      0.00000000	      5.16903713	      1.41299163	      0.00000000	     -8.21787281	     -1.42375382	    -17.24417313	      0.00000000	      6.15428756	      4.44359634	      0.00000000	    -12.06777662	      1.24324157	     -0.00566309	      6.31283432	     -5.67767028	     12.08923570	     25.26537135	     79.30581726	      8.14532731	     -4.91167003	     11.36346001	     24.20955127	     72.63816265
      2.16666670	      7.78846981	      1.15567015	      3.61204600	      0.91857545	      0.94506114	     -0.09483868	     -8.49379129	     -3.56310768	    -15.86270120	      0.00000000	      5.17354928	      1.41566356	      0.00000000	     -8.22324088	     -1.42058776	    -17.24456270	      0.00000000	      6.16066313	      4.44152685	      0.00000000	    -12.06544126	      1.24316730	     -0.00794625	      6.31151670	     -5.68204920	     12.08906833	     25.26508306	     79.30696971	      8.14622280	     -4.91036618	     11.36377742	     24.21203116	     72.63910845
      2.18333330	      7.78000385	      1.15876628	      3.61030557	      0.91827878	      0.94539465	     -0.09484165	     -8.49817371	     -3.55946480	    -15.86268889	      0.00000000	      5.17434710	      1.41605570	      0.00000000	     -8.22472482	     -1.42130500	    -17.24468799	      0.00000000	      6.16153687	      4.44126663	      0.00000000	    -12.06475427	      1.24259830	     -0.00822007	      6.31170484	     -5.68256169	     12.08904346	     25.26520607	     79.30715577	      8.14660511	     -4.91036882	     11.36379819	     24.21246741	     72.63925678
      2.20000000	      7.78835049	      1.16585975	      3.60997044	      0.91752326	      0.94700386	     -0.09549433	     -8.48935408	     -3.53795378	    -15.86037010	      0.00000000	      5.18000667	      1.42016208	      0.00000000	     -8.21517488	     -1.41502250	    -17.24601215	      0.00000000	      6.16490753	      4.44090118	      0.00000000	    -12.06107635	      1.23559500	     -0.00886228	      6.31571731	     -5.68404875	     12.08905188	     25.26697835	     79.30846716	      8.15053851	     -4.91161582	     11.36380128	     24.21532099	     72.64025341
      2.21666670	      7.77826184	      1.16557079	      3.61738056	      0.91837172	      0.94607995	     -0.09543044	     -8.49277308	     -3.52898923	    -15.85759338	      0.00000000	      5.18388354	      1.42515149	      0.00000000	     -8.21378325	     -1.41343699	    -17.24842975	      0.00000000	      6.16561670	      4.44103235	      0.00000000	    -12.06303540	      1.22910328	     -0.01001064	      6.32385584	     -5.68585737	     12.08887214	     25.26939060	     79.30983666	      8.15845507	     -4.91122158	     11.36393179	     24.21903603	     72.64132387
      2.23333330	      7.74745942	      1.16174492	      3.73122958	      0.91769711	      0.94621016	     -0.09566810	     -8.46967840	     -3.50354386	    -15.83152145	      0.00000000	      5.22446549	      1.48483135	      0.00000000	     -8.13917872	     -1.43304131	    -17.29152427	      0.00000000	      6.16336449	      4.44528629	      0.00000000	    -12.08153768	      1.16930694	     -0.02369762	      6.39783694	     -5.68985441	     12.09062095	     25.29143998	     79.32580521	      8.24655597	     -4.90996735	     11.36533764	     24.25818244	     72.65337733
      2.25000000	      7.74496973	      1.16255724	      3.73075661	      0.91754801	      0.94705793	     -0.09577554	     -8.46776490	     -3.50287542	    -15.83175559	      0.00000000	      5.22515023	      1.48540613	      0.00000000	     -8.13921296	     -1.43251049	    -17.29185204	      0.00000000	      6.16305473	      4.44554027	      0.00000000	    -12.08169380	      1.16934363	     -0.02430505	      6.39768722	     -5.68948735	     12.09076128	     25.29143567	     79.32604531	      8.24772890	     -4.91016819	     11.36534430	     24.25865802	     72.65355254
      2.26666670	      7.67890448	      1.20117990	      3.81025862	      0.91709640	      0.94677596	     -0.09543006	     -8.36593208	     -3.54537899	    -15.85419825	      0.00000000	      5.26265884	      1.57335441	      0.00000000	     -8.00939163	     -1.38032411	    -17.37102892	      0.00000000	      6.09409993	      4.47844208	      0.00000000	    -12.21212490	      1.18323936	     -0.09753333	      6.43342344	     -5.64274020	     12.10573818	     25.29491964	     79.35375672	      8.43281009	     -4.90388488	     11.36862051	     24.32096635	     72.67400041
      2.28333330	      7.68892148	      1.20406818	      3.81067602	      0.91706853	      0.94434938	     -0.09567498	     -8.36426534	     -3.54274616	    -15.85484891	      0.00000000	      5.26259749	      1.57435195	      0.00000000	     -8.00801865	     -1.38062649	    -17.37169717	      0.00000000	      6.09307397	      4.47914153	      0.00000000	    -12.21305066	      1.18172655	     -0.09717801	      6.43443136	     -5.64246401	     12.10580828	     25.29511517	     79.35406520	      8.43260412	     -4.90417957	     11.36870156	     24.32085419	     72.67422362
      2.30000000	      7.68258699	      1.20322371	      3.89204527	      0.91715865	      0.94605943	     -0.09650258	     -8.36795864	     -3.55695528	    -15.87815236	      0.00000000	      5.26827600	      1.60103620	      0.00000000	     -7.96767161	     -1.37277407	    -17.40101536	      0.00000000	      6.06310576	      4.49808976	      0.00000000	    -12.23131826	      1.15470702	     -0.09014795	      6.47754904	     -5.64071485	     12.10704277	     25.30571153	     79.36452735	      8.44221706	     -4.90211940	     11.37225348	     24.32626625	     72.68201963
      2.31666670	      7.69760057	      1.20366783	      3.89670728	      0.91659195	      0.94315641	     -0.09613257	     -8.36334436	     -3.55611981	    -15.88344228	      0.00000000	      5.27051795	      1.60279279	      0.00000000	     -7.96187414	     -1.36756692	    -17.40360544	      0.00000000	      6.06129778	      4.50098698	      0.00000000	    -12.23415148	      1.15468013	     -0.09295700	      6.47829466	     -5.64113445	     12.10732043	     25.30560625	     79.36581802	      8.44508688	     -4.90109981	     11.37276603	     24.32761588	     72.68300493
      2.33333330	      7.70294284	      1.20187644	      3.89953150	      0.91718016	      0.94590143	     -0.09610270	     -8.35795436	     -3.56078935	    -15.88435100	      0.00000000	      5.27135766	      1.60292447	      0.00000000	     -7.95390896	     -1.36904427	    -17.40433752	      0.00000000	      6.06122894	      4.50136544	      0.00000000	    -12.23432872	      1.15476289	     -0.09350401	      6.47962558	     -5.64102071	     12.10735578	     25.30606744	     79.36612539	      8.44688426	     -4.90087990	     11.37283233	     24.32834156	     72.68323691
      2.35000000	      7.68887846	      1.22158447	      4.04459310	      0.91724058	      0.94308163	     -0.09661502	     -8.38611886	     -3.57548878	    -15.93672792	      0.00000000	      5.29286329	      1.61219582	      0.00000000	     -7.91446420	     -1.35464897	    -17.44871907	      0.00000000	      6.05878892	      4.52977094	      0.00000000	    -12.26263322	      1.16876324	     -0.11808970	      6.49642030	     -5.63023274	     12.11234902	     25.31311927	     79.38063899	      8.48379796	     -4.88892852	     11.37790913	     24.34717920	     72.69390343
      2.36666670	      7.67486410	      1.22061420	      4.04589870	      0.91949420	      0.93920658	     -0.09592104	     -8.39999390	     -3.57875172	    -15.94379637	      0.00000000	      5.29466553	      1.61090051	      0.00000000	     -7.92774456	     -1.36068715	    -17.44838839	      0.00000000	      6.05921160	      4.53362737	      0.00000000	    -12.26611148	      1.16907507	     -0.12545685	      6.49728107	     -5.63156245	     12.11228445	     25.31330398	     79.38182601	      8.49192656	     -4.88555053	     11.37855072	     24.35061725	     72.69488469
      2.38333330	      7.73427598	      1.18345921	      4.08878705	      0.91856177	      0.94266107	     -0.09573668	     -8.50708159	     -3.52126385	    -16.13355084	      0.00000000	      5.38184673	      1.55576379	      0.00000000	     -8.00834112	     -1.43334342	    -17.44434822	      0.00000000	      6.12253955	      4.62979372	      0.00000000	    -12.14118939	      1.13956513	     -0.24657559	      6.39842631	     -5.60569369	     12.12436947	     25.30916765	     79.41237083	      8.51922431	     -4.85981782	     11.39127076	     24.39505787	     72.71774723
      2.40000000	      7.72253174	      1.18391262	      4.09031143	      0.91800557	      0.94106616	     -0.09571877	     -8.51470845	     -3.52009717	    -16.13452873	      0.00000000	      5.38206613	      1.55573190	      0.00000000	     -8.01606117	     -1.43347419	    -17.44437439	      0.00000000	      6.12310243	      4.63060991	      0.00000000	    -12.14166657	      1.14040773	     -0.24609305	      6.39783291	     -5.60519557	     12.12452757	     25.30912615	     79.41261099	      8.51766145	     -4.86045108	     11.39129228	     24.39463516	     72.71790179
      2.41666670	      7.72002190	      1.19022234	      4.09283836	      0.91845561	      0.94412885	     -0.09583933	     -8.51282938	     -3.51929084	    -16.13538539	      0.00000000	      5.38317400	      1.55530285	      0.00000000	     -8.01320408	     -1.43929250	    -17.44387056	      0.00000000	      6.12478742	      4.63152754	      0.00000000	    -12.14067762	      1.14152684	     -0.24555774	      6.39797662	     -5.60426879	     12.12474833	     25.30963137	     79.41299858	      8.51693698	     -4.86167617	     11.39123141	     24.39465578	     72.71815297
      2.43333330	      7.71438255	      1.19506728	      4.09455379	      0.91854194	      0.94482975	     -0.09601725	     -8.51493350	     -3.51666417	    -16.13579040	      0.00000000	      5.38347072	      1.55524908	      0.00000000	     -8.01556054	     -1.44277814	    -17.44368146	      0.00000000	      6.12577577	      4.63225682	      0.00000000	    -12.14017140	      1.14206388	     -0.24528798	      6.39738492	     -5.60329915	     12.12497910	     25.30978788	     79.41326704	      8.51607262	     -4.86266503	     11.39118703	     24.39450077	     72.71831926
      2.45000000	      7.73843335	      1.18812735	      4.24807898	      0.91769019	      0.94498586	     -0.09610995	     -8.58235668	     -3.46717807	    -16.15393455	      0.00000000	      5.38757482	      1.56079966	      0.00000000	     -8.03014715	     -1.48219211	    -17.43074422	      0.00000000	      6.17752213	      4.68362036	      0.00000000	    -12.11197494	      1.16933237	     -0.25373692	      6.31872786	     -5.55313268	     12.13923495	     25.30418571	     79.42857365	      8.45425820	     -4.91016328	     11.39093544	     24.38228011	     72.72812944
      2.46666670	      7.74550511	      1.18860819	      4.24874817	      0.91810108	      0.94600695	     -0.09606629	     -8.57472903	     -3.46626468	    -16.15458855	      0.00000000	      5.38778854	      1.56069939	      0.00000000	     -8.02975001	     -1.48236672	    -17.42978330	      0.00000000	      6.17803483	      4.68478471	      0.00000000	    -12.11158082	      1.16945351	     -0.25529572	      6.31751312	     -5.55303021	     12.13932045	     25.30404287	     79.42881092	      8.45479894	     -4.91027647	     11.39100156	     24.38264680	     72.72831643
      2.48333330	      7.76513049	      1.16018894	      4.20465930	      0.91822947	      0.94625354	     -0.09600983	     -8.57572627	     -3.42324836	    -16.20885907	      0.00000000	      5.37988507	      1.56407522	      0.00000000	     -8.07391201	     -1.51488069	    -17.36712721	      0.00000000	      6.19257394	      4.77788515	      0.00000000	    -12.10223787	      1.16518867	     -0.34691559	      6.20106189	     -5.53075792	     12.14917365	     25.28347090	     79.44549074	      8.44374456	     -4.93223297	     11.39523590	     24.38887142	     72.74080407
      2.50000000	      7.77759755	      1.16255855	      4.21923880	      0.91748697	      0.94654981	     -0.09605390	     -8.57033844	     -3.41438733	    -16.21162426	      0.00000000	      5.37806012	      1.56633637	      0.00000000	     -8.07121229	     -1.50745316	    -17.36602623	      0.00000000	      6.19395435	      4.78494737	      0.00000000	    -12.10021457	      1.16709895	     -0.34651004	      6.19854537	     -5.52761276	     12.15002169	     25.28407502	     79.44717107	      8.43740777	     -4.93645747	     11.39536995	     24.38755211	     72.74197080
      2.51666670	      7.78981748	      1.16250772	      4.22099057	      0.91767540	      0.94388902	     -0.09606076	     -8.56871133	     -3.41029652	    -16.21233034	      0.00000000	      5.37717210	      1.56695240	      0.00000000	     -8.06960591	     -1.50290535	    -17.36559098	      0.00000000	      6.19374597	      4.78664542	      0.00000000	    -12.10167111	      1.16742451	     -0.34688582	      6.19778976	     -5.52716987	     12.15016481	     25.28388669	     79.44748502	      8.43663052	     -4.93727407	     11.39538180	     24.38727194	     72.74219062
      2.53333330	      7.78698909	      1.15951705	      4.22295089	      0.91803985	      0.94259872	     -0.09622812	     -8.57846681	     -3.40699802	    -16.21658086	      0.00000000	      5.37560639	      1.56806533	      0.00000000	     -8.06795122	     -1.50051693	    -17.36349935	      0.00000000	      6.19479993	      4.79298912	      0.00000000	    -12.10469778	      1.16818909	     -0.35026974	      6.19337420	     -5.52569768	     12.15073305	     25.28301063	     79.44897898	      8.43581687	     -4.94232002	     11.39516329	     24.38713443	     72.74323426
      2.55000000	      7.78859534	      1.16036718	      4.22249470	      0.91803509	      0.94238675	     -0.09630479	     -8.57915336	     -3.40635105	    -16.21711745	      0.00000000	      5.37560742	      1.56814485	      0.00000000	     -8.06677573	     -1.50113871	    -17.36320701	      0.00000000	      6.19507761	      4.79372880	      0.00000000	    -12.10487643	      1.16826372	     -0.35083274	      6.19248570	     -5.52559631	     12.15079976	     25.28278510	     79.44915871	      8.43569057	     -4.94301474	     11.39512530	     24.38711916	     72.74335950
      2.56666670	      7.80266563	      1.15478988	      4.22743531	      0.91731200	      0.94325434	     -0.09619542	     -8.57029725	     -3.40775459	    -16.22122053	      0.00000000	      5.37733972	      1.56915306	      0.00000000	     -8.06574434	     -1.50223044	    -17.35989521	      0.00000000	      6.19934724	      4.80094382	      0.00000000	    -12.10451500	      1.17000872	     -0.35894508	      6.17998975	     -5.52644569	     12.15133698	     25.27928255	     79.45102050	      8.43479407	     -4.95002294	     11.39472979	     24.38742815	     72.74469396
      2.58333330	      7.81515530	      1.15320366	      4.23108715	      0.91651609	      0.94599595	     -0.09639246	     -8.56162893	     -3.41171080	    -16.22333491	      0.00000000	      5.37864808	      1.57151965	      0.00000000	     -8.05682916	     -1.50488733	    -17.35538365	      0.00000000	      6.20212454	      4.80888222	      0.00000000	    -12.10486760	      1.17231715	     -0.36682691	      6.16885736	     -5.52743161	     12.15180305	     25.27594813	     79.45288626	      8.43544305	     -4.95764599	     11.39421084	     24.38808435	     72.74604565
      2.60000000	      7.82472874	      1.15203632	      4.23283997	      0.91677431	      0.94559280	     -0.09637044	     -8.55598942	     -3.41261724	    -16.22321622	      0.00000000	      5.37852574	      1.57206258	      0.00000000	     -8.05478597	     -1.50381137	    -17.35474097	      0.00000000	      6.20216355	      4.80994522	      0.00000000	    -12.10580359	      1.17269655	     -0.36801204	      6.16766858	     -5.52762059	     12.15184080	     25.27548018	     79.45310377	      8.43607535	     -4.95845493	     11.39414706	     24.38828025	     72.74620948
      2.61666670	      7.83871343	      1.15172474	      4.23439734	      0.91733627	      0.94559331	     -0.09639557	     -8.54818907	     -3.41319903	    -16.22284129	      0.00000000	      5.37835627	      1.57265426	      0.00000000	     -8.04975016	     -1.50269685	    -17.35396716	      0.00000000	      6.20206366	      4.81096291	      0.00000000	    -12.10696595	      1.17304708	     -0.36924283	      6.16673564	     -5.52788906	     12.15184879	     25.27506074	     79.45329768	      8.43708544	     -4.95918090	     11.39407594	     24.38859053	     72.74636010
      2.63333330	      7.82067562	      1.14451636	      4.23865418	      0.91860847	      0.94460503	     -0.09678695	     -8.55612279	     -3.41815263	    -16.22125971	      0.00000000	      5.37586957	      1.57682991	      0.00000000	     -8.06016789	     -1.49996506	    -17.34844564	      0.00000000	      6.20060177	      4.81879821	      0.00000000	    -12.11574595	      1.17468384	     -0.37907935	      6.15624657	     -5.53061104	     12.15193572	     25.27067126	     79.45480675	      8.44120309	     -4.96396123	     11.39379426	     24.39010550	     72.74755361
      2.65000000	      7.81779314	      1.14003254	      4.23999603	      0.91822942	      0.94134357	     -0.09662889	     -8.56372256	     -3.41794527	    -16.22127262	      0.00000000	      5.37494106	      1.57775380	      0.00000000	     -8.06556616	     -1.49587298	    -17.34750072	      0.00000000	      6.20031117	      4.82058157	      0.00000000	    -12.11739634	      1.17507371	     -0.38138862	      6.15278828	     -5.53166247	     12.15193095	     25.26927204	     79.45510863	      8.44068755	     -4.96444333	     11.39385486	     24.39005467	     72.74780542
      2.66666670	      7.82476510	      1.14044031	      4.24350627	      0.91697231	      0.94187906	     -0.09613327	     -8.56847970	     -3.42224436	    -16.22116916	      0.00000000	      5.37551143	      1.57970244	      0.00000000	     -8.06190720	     -1.49999408	    -17.34210164	      0.00000000	      6.20335382	      4.82695362	      0.00000000	    -12.11651682	      1.17573043	     -0.39283143	      6.13776954	     -5.53872686	     12.15149072	     25.26379657	     79.45655229	      8.43884134	     -4.96673872	     11.39411976	     24.39078046	     72.74905281
      2.68333330	      7.86632241	      1.13327038	      4.33635061	      0.91744856	      0.94121740	     -0.09663697	     -8.65086779	     -3.40475026	    -16.20906132	      0.00000000	      5.41079306	      1.59256041	      0.00000000	     -8.10273150	     -1.51958199	    -17.22200193	      0.00000000	      6.27398877	      4.93729168	      0.00000000	    -12.12817131	      1.16126980	     -0.56042316	      5.95418968	     -5.64217929	     12.14384887	     25.19604539	     79.48206659	      8.43245439	     -5.02413683	     11.39503092	     24.40649500	     72.77038985
      2.70000000	      7.86948499	      1.13297186	      4.33612657	      0.91758934	      0.94142383	     -0.09671958	     -8.65365074	     -3.40598938	    -16.20967466	      0.00000000	      5.41139679	      1.59217989	      0.00000000	     -8.09788695	     -1.52041429	    -17.22096279	      0.00000000	      6.27482188	      4.93809913	      0.00000000	    -12.12774933	      1.16136534	     -0.55988146	      5.95527324	     -5.64144872	     12.14393559	     25.19661577	     79.48233147	      8.43186041	     -5.02455079	     11.39506259	     24.40649862	     72.77058588
      2.71666670	      7.87503785	      1.12939540	      4.33545137	      0.91700935	      0.94200393	     -0.09652738	     -8.67020633	     -3.41145936	    -16.21412539	      0.00000000	      5.41590737	      1.58913685	      0.00000000	     -8.08227503	     -1.52164454	    -17.21443091	      0.00000000	      6.28042982	      4.94270879	      0.00000000	    -12.12391590	      1.16220241	     -0.55871297	      5.95878744	     -5.63907263	     12.14430268	     25.19900131	     79.48382257	      8.42741345	     -5.02593657	     11.39543535	     24.40627831	     72.77172911
      2.73333330	      7.89182045	      1.13313969	      4.33761140	      0.91548480	      0.94167095	     -0.09601671	     -8.66614846	     -3.40756382	    -16.21935745	      0.00000000	      5.42139845	      1.58539302	      0.00000000	     -8.07589347	     -1.51948954	    -17.20755083	      0.00000000	      6.28634210	      4.94721518	      0.00000000	    -12.11971739	      1.16241925	     -0.55854040	      5.96186680	     -5.63780826	     12.14460521	     25.20126122	     79.48529545	      8.42403757	     -5.02735511	     11.39578510	     24.40642492	     72.77287452
      2.75000000	      7.90378615	      1.12588159	      4.33237138	      0.91604812	      0.94160649	     -0.09602841	     -8.64162267	     -3.38709548	    -16.30898948	      0.00000000	      5.51484050	      1.50747766	      0.00000000	     -8.06689285	     -1.54005620	    -17.06818249	      0.00000000	      6.36422596	      5.02814121	      0.00000000	    -12.13222795	      1.12497511	     -0.56462742	      6.06970807	     -5.60686758	     12.15004290	     25.25541299	     79.51103451	      8.44392522	     -5.06810873	     11.39773601	     24.42574445	     72.79253990
      2.76666670	      7.91042377	      1.14040756	      4.33277288	      0.91602415	      0.94188495	     -0.09543184	     -8.65023432	     -3.37347206	    -16.30986249	      0.00000000	      5.51750762	      1.50594095	      0.00000000	     -8.04703677	     -1.53714521	    -17.06410029	      0.00000000	      6.36743460	      5.03050350	      0.00000000	    -12.13591414	      1.12535689	     -0.56816340	      6.06742493	     -5.60718315	     12.15055380	     25.25534157	     79.51242288	      8.44373530	     -5.06900160	     11.39803927	     24.42663746	     72.79361580
      2.78333330	      7.89491651	      1.14245411	      4.33174356	      0.91871829	      0.94366785	     -0.09646842	     -8.65530450	     -3.37993110	    -16.30973291	      0.00000000	      5.51886032	      1.50456534	      0.00000000	     -8.04871256	     -1.54956553	    -17.05976958	      0.00000000	      6.36727129	      5.03290106	      0.00000000	    -12.14222151	      1.12079671	     -0.57115741	      6.06805791	     -5.60541557	     12.15112454	     25.25648571	     79.51377796	      8.44582169	     -5.07118459	     11.39808605	     24.42784411	     72.79461352
      2.80000000	      7.86748764	      1.15200696	      4.32878946	      0.91917537	      0.94529525	     -0.09589578	     -8.67980678	     -3.37399754	    -16.30904154	      0.00000000	      5.51901746	      1.50478797	      0.00000000	     -8.05132119	     -1.55701987	    -17.05242359	      0.00000000	      6.36577729	      5.03725943	      0.00000000	    -12.14139092	      1.11561941	     -0.57560316	      6.06017014	     -5.60545023	     12.15188422	     25.25577399	     79.51547372	      8.43730790	     -5.07055172	     11.39902313	     24.42685299	     72.79592107
      2.81666670	      7.84753170	      1.15622815	      4.32658266	      0.91852420	      0.94527797	     -0.09616904	     -8.68864842	     -3.37050787	    -16.30919229	      0.00000000	      5.51903497	      1.50480981	      0.00000000	     -8.06155899	     -1.55958226	    -17.05185049	      0.00000000	      6.36529174	      5.03774729	      0.00000000	    -12.14056123	      1.11435406	     -0.57591906	      6.05835572	     -5.60495602	     12.15208187	     25.25556232	     79.51569057	      8.43524277	     -5.07081522	     11.39913405	     24.42641501	     72.79607347
      2.83333330	      7.92513512	      1.17267083	      4.30399969	      0.91774695	      0.94386499	     -0.09599165	     -8.79453027	     -3.39303338	    -16.29755074	      0.00000000	      5.54862188	      1.52201666	      0.00000000	     -8.19474334	     -1.53545346	    -16.92177738	      0.00000000	      6.28599251	      5.12437262	      0.00000000	    -11.99030271	      1.00475737	     -0.62834040	      5.84320611	     -5.54531677	     12.18269546	     25.25271345	     79.56115934	      8.14105653	     -5.09120880	     11.42046197	     24.38178504	     72.82928582
      2.85000000	      7.92312946	      1.17179231	      4.30277002	      0.91786659	      0.94583523	     -0.09597556	     -8.79471753	     -3.39368882	    -16.29767571	      0.00000000	      5.54917775	      1.52190082	      0.00000000	     -8.19078130	     -1.53491800	    -16.92141448	      0.00000000	      6.28607682	      5.12441355	      0.00000000	    -11.98946477	      1.00458201	     -0.62890553	      5.84307298	     -5.54529622	     12.18275855	     25.25292333	     79.56136381	      8.14132828	     -5.09138079	     11.42047869	     24.38210116	     72.82943897
      2.86666670	      7.94966649	      1.16587073	      4.29398193	      0.91562573	      0.94289103	     -0.09603077	     -8.78228636	     -3.39047726	    -16.30019584	      0.00000000	      5.55267729	      1.52188874	      0.00000000	     -8.18302202	     -1.52073397	    -16.92025350	      0.00000000	      6.28636840	      5.12549218	      0.00000000	    -11.98745121	      1.00333103	     -0.63275524	      5.83694400	     -5.54451563	     12.18351348	     25.25226912	     79.56258549	      8.13847454	     -5.09259033	     11.42078484	     24.38230946	     72.83033608
      2.88333330	      7.93816570	      1.17562239	      4.18139111	      0.91605613	      0.94381530	     -0.09643430	     -8.70244048	     -3.43164507	    -16.32305856	      0.00000000	      5.59234643	      1.52085257	      0.00000000	     -8.14777971	     -1.47885861	    -16.90053929	      0.00000000	      6.27988049	      5.13209654	      0.00000000	    -12.02523497	      1.00514323	     -0.67105888	      5.83520113	     -5.54379846	     12.18790133	     25.25902173	     79.57462959	      8.16607081	     -5.09585346	     11.42302367	     24.40033239	     72.83955154
      2.90000000	      7.94917228	      1.16804398	      4.18429277	      0.91646366	      0.94508882	     -0.09609241	     -8.69464684	     -3.43870358	    -16.32283797	      0.00000000	      5.59318265	      1.52114435	      0.00000000	     -8.14051204	     -1.47610241	    -16.90074369	      0.00000000	      6.27999997	      5.13176889	      0.00000000	    -12.02535858	      1.00517905	     -0.67109890	      5.83625428	     -5.54399731	     12.18792473	     25.25951918	     79.57487106	      8.16640553	     -5.09578761	     11.42308305	     24.40073609	     72.83973930
      2.91666670	      7.95838782	      1.16988049	      4.18412011	      0.91671972	      0.94449830	     -0.09603037	     -8.68988627	     -3.43888693	    -16.32263187	      0.00000000	      5.59351065	      1.52182656	      0.00000000	     -8.13590945	     -1.47494533	    -16.90114560	      0.00000000	      6.27975889	      5.13148821	      0.00000000	    -12.02637617	      1.00505547	     -0.67129354	      5.83691972	     -5.54401624	     12.18798740	     25.25984090	     79.57511089	      8.16663248	     -5.09571099	     11.42315947	     24.40104358	     72.83992545
      2.93333330	      7.95553519	      1.17407830	      4.18304798	      0.91672864	      0.94568932	     -0.09605264	     -8.68646896	     -3.43839147	    -16.32224070	      0.00000000	      5.59410722	      1.52270879	      0.00000000	     -8.13506057	     -1.47493079	    -16.90167423	      0.00000000	      6.27936149	      5.13099065	      0.00000000	    -12.02681887	      1.00478028	     -0.67160115	      5.83742209	     -5.54388104	     12.18809425	     25.26025525	     79.57539209	      8.16694146	     -5.09573745	     11.42323985	     24.40150118	     72.84014250
      2.95000000	      7.74807999	      1.34354022	      3.98497064	      0.91668699	      0.94425147	     -0.09512445	     -8.41445607	     -3.65716111	    -16.12759882	      0.00000000	      5.81654035	      1.98423775	      0.00000000	     -7.92221904	     -1.25177558	    -17.10065851	      0.00000000	      5.98726627	      4.97171011	      0.00000000	    -11.92079781	      0.69274050	     -0.70216678	      5.93682514	     -5.47176699	     12.24827944	     25.40948522	     79.71596825	      8.11377641	     -5.22871955	     11.44498642	     24.56607161	     72.94334992
      2.96666670	      7.75691229	      1.35041074	      3.98507820	      0.91658587	      0.93998723	     -0.09538296	     -8.41497247	     -3.65117019	    -16.12754941	      0.00000000	      5.81645419	      1.98515697	      0.00000000	     -7.92492874	     -1.25171285	    -17.10089723	      0.00000000	      5.98664951	      4.97181815	      0.00000000	    -11.92241160	      0.69346715	     -0.70186051	      5.93531935	     -5.47129505	     12.24856370	     25.40904423	     79.71630200	      8.11219958	     -5.22890681	     11.44506505	     24.56583621	     72.94357784
      2.98333330	      7.75674980	      1.34900254	      3.98685873	      0.91551229	      0.94375014	     -0.09547409	     -8.41372463	     -3.65905843	    -16.12834420	      0.00000000	      5.82114718	      1.98696477	      0.00000000	     -7.91698949	     -1.25786245	    -17.10126540	      0.00000000	      5.98581874	      4.97027934	      0.00000000	    -11.91921637	      0.69646983	     -0.70265407	      5.92612582	     -5.47148809	     12.24963536	     25.40752238	     79.71807265	      8.10486399	     -5.22973169	     11.44553027	     24.56601968	     72.94486230
      3.00000000	      7.76633829	      1.35581756	      3.99219394	      0.91542746	      0.94335911	     -0.09490748	     -8.40437637	     -3.65009075	    -16.12788527	      0.00000000	      5.82481069	      1.98911175	      0.00000000	     -7.91791562	     -1.25731905	    -17.10080881	      0.00000000	      5.98471223	      4.96953146	      0.00000000	    -11.91956982	      0.69842728	     -0.70541404	      5.91814735	     -5.47328292	     12.25032511	     25.40593009	     79.71957224	      8.10023974	     -5.23006492	     11.44595026	     24.56631494	     72.94598282
      3.01666670	      7.77408062	      1.36151406	      3.99109624	      0.91583078	      0.94364078	     -0.09511160	     -8.40115832	     -3.64584272	    -16.12763510	      0.00000000	      5.82528247	      1.98942116	      0.00000000	     -7.91302481	     -1.25911927	    -17.10039258	      0.00000000	      5.98451006	      4.96956835	      0.00000000	    -11.91997789	      0.69811462	     -0.70586586	      5.91723543	     -5.47331913	     12.25044187	     25.40580526	     79.71979371	      8.10000869	     -5.23045637	     11.44594800	     24.56638917	     72.94613895
      3.03333330	      7.78268696	      1.35195453	      3.99443428	      0.91450215	      0.94010677	     -0.09528245	     -8.39650926	     -3.63621893	    -16.12737606	      0.00000000	      5.83101124	      1.99089043	      0.00000000	     -7.91815324	     -1.25808162	    -17.09908327	      0.00000000	      5.98548103	      4.96892067	      0.00000000	    -11.92113878	      0.69386343	     -0.71235375	      5.90460754	     -5.47612090	     12.25127391	     25.40331690	     79.72169105	      8.09587822	     -5.23415744	     11.44600169	     24.56638603	     72.94751026
      3.05000000	      7.79025113	      1.35243767	      3.99577283	      0.91489203	      0.94293182	     -0.09538872	     -8.38508044	     -3.63857645	    -16.12687173	      0.00000000	      5.83275927	      1.99087198	      0.00000000	     -7.91433525	     -1.26288964	    -17.09842066	      0.00000000	      5.98603173	      4.96863586	      0.00000000	    -11.92053619	      0.69315701	     -0.71383359	      5.90340967	     -5.47692854	     12.25131212	     25.40327559	     79.72200719	      8.09661132	     -5.23490237	     11.44594807	     24.56688039	     72.94774968
      3.06666670	      7.79609621	      1.34707847	      3.99735368	      0.91504587	      0.94360191	     -0.09534026	     -8.37820480	     -3.64286152	    -16.12653535	      0.00000000	      5.83379171	      1.99096785	      0.00000000	     -7.91370985	     -1.26419952	    -17.09771047	      0.00000000	      5.98623616	      4.96869509	      0.00000000	    -11.92061015	      0.69265179	     -0.71531061	      5.90210249	     -5.47772888	     12.25133011	     25.40304738	     79.72224541	      8.09717709	     -5.23541312	     11.44592451	     24.56719079	     72.94793525
      3.08333330	      7.80109703	      1.33984506	      4.00336061	      0.91552160	      0.94246270	     -0.09507306	     -8.35510240	     -3.64544366	    -16.12289235	      0.00000000	      5.83819324	      1.99311631	      0.00000000	     -7.93066203	     -1.27285132	    -17.09415106	      0.00000000	      5.98685799	      4.96887915	      0.00000000	    -11.92310023	      0.69033927	     -0.72578545	      5.89433065	     -5.48440706	     12.25111496	     25.40122779	     79.72361306	      8.10186083	     -5.23754374	     11.44584310	     24.56918732	     72.94904198
      3.10000000	      7.80035072	      1.31166855	      3.97218420	      0.91469684	      0.94507551	     -0.09482734	     -8.31632252	     -3.61455065	    -16.08981918	      0.00000000	      5.86891322	      2.01660816	      0.00000000	     -7.91440200	     -1.30981058	    -17.05010301	      0.00000000	      5.98268310	      4.97976762	      0.00000000	    -11.92939009	      0.67605270	     -0.80045218	      5.84099915	     -5.53149363	     12.24992681	     25.39077668	     79.73457665	      8.13630229	     -5.26267747	     11.44422009	     24.58240256	     72.95771564
      3.11666670	      7.79885721	      1.30908691	      3.97409526	      0.91474039	      0.94509969	     -0.09463549	     -8.31608714	     -3.61525985	    -16.08913236	      0.00000000	      5.86919212	      2.01710736	      0.00000000	     -7.91534604	     -1.30887662	    -17.04948150	      0.00000000	      5.98248308	      4.97985513	      0.00000000	    -11.92950239	      0.67651860	     -0.80071004	      5.84121588	     -5.53191928	     12.24994079	     25.39098827	     79.73478316	      8.13639503	     -5.26306482	     11.44420297	     24.58245822	     72.95787011
      3.13333330	      7.80136825	      1.31590474	      3.97338474	      0.91474606	      0.94181344	     -0.09467108	     -8.31874161	     -3.60865999	    -16.08812422	      0.00000000	      5.86883890	      2.01822798	      0.00000000	     -7.91804434	     -1.31058182	    -17.04846724	      0.00000000	      5.98178729	      4.98015658	      0.00000000	    -11.93084962	      0.67683615	     -0.80141141	      5.84132874	     -5.53272873	     12.24994547	     25.39107341	     79.73512130	      8.13668424	     -5.26394872	     11.44413656	     24.58239979	     72.95811837
      3.15000000	      7.78674515	      1.32139439	      3.96752902	      0.91516390	      0.94172808	     -0.09439294	     -8.33156022	     -3.60341220	    -16.08406456	      0.00000000	      5.86940393	      2.02148960	      0.00000000	     -7.91511719	     -1.32714854	    -17.04294174	      0.00000000	      5.98070362	      4.97926445	      0.00000000	    -11.93054550	      0.67533287	     -0.80525374	      5.84421423	     -5.53891074	     12.24942698	     25.39264053	     79.73674957	      8.13980074	     -5.26970894	     11.44352604	     24.58299915	     72.95932369
      3.16666670	      7.79972082	      1.31468936	      3.96002885	      0.91381553	      0.94012044	     -0.09488033	     -8.33206846	     -3.59751796	    -16.08303469	      0.00000000	      5.87154273	      2.02259556	      0.00000000	     -7.90559394	     -1.33147791	    -17.04020904	      0.00000000	      5.98266319	      4.97721547	      0.00000000	    -11.92715480	      0.67212025	     -0.80760924	      5.84554986	     -5.54440319	     12.24890701	     25.39372842	     79.73803147	      8.14023082	     -5.27648543	     11.44278766	     24.58273627	     72.96023194
      3.18333330	      7.77556965	      1.24849448	      3.93895200	      0.91282477	      0.94167232	     -0.09460508	     -8.27105967	     -3.52389435	    -16.05912572	      0.00000000	      5.90586498	      2.03587497	      0.00000000	     -7.84010102	     -1.40569883	    -17.01090311	      0.00000000	      6.04327256	      4.91623120	      0.00000000	    -11.92713752	      0.65647607	     -0.84204763	      5.97617418	     -5.67380397	     12.22986432	     25.43355692	     79.75889772	      8.22619767	     -5.37706041	     11.42891051	     24.59801392	     72.97589222
      3.20000000	      7.79418863	      1.25122148	      3.93904666	      0.91352123	      0.94177648	     -0.09474744	     -8.26321498	     -3.52435327	    -16.05857362	      0.00000000	      5.90611180	      2.03600007	      0.00000000	     -7.82981912	     -1.40699729	    -17.01066001	      0.00000000	      6.04382060	      4.91565948	      0.00000000	    -11.92785010	      0.65736865	     -0.84198753	      5.97712930	     -5.67370459	     12.22991753	     25.43393113	     79.75908794	      8.22689778	     -5.37738436	     11.42886490	     24.59817374	     72.97602479
      3.21666670	      7.79047220	      1.24994732	      3.93895820	      0.91335755	      0.94128500	     -0.09484660	     -8.26700110	     -3.52520211	    -16.05845940	      0.00000000	      5.90638207	      2.03597248	      0.00000000	     -7.82844320	     -1.40656363	    -17.01110224	      0.00000000	      6.04471930	      4.91466628	      0.00000000	    -11.92839532	      0.65829858	     -0.84207782	      5.97822853	     -5.67411960	     12.22989185	     25.43429697	     79.75931636	      8.22763330	     -5.37779077	     11.42881854	     24.59832623	     72.97619307
      3.23333330	      7.63176422	      1.17606905	      3.96313519	      0.91301895	      0.93974726	     -0.09522678	     -8.05244094	     -3.48365499	    -15.95248565	      0.00000000	      6.05526310	      1.96431101	      0.00000000	     -7.59866652	     -1.44645715	    -16.83838013	      0.00000000	      6.43508061	      4.41967285	      0.00000000	    -11.86230956	      0.88327811	     -1.01088341	      6.19469834	     -5.80644167	     12.26774835	     25.58236602	     79.94167272	      8.29064281	     -5.38667686	     11.45813355	     24.63906860	     73.11066274
      3.25000000	      7.63799556	      1.16983327	      3.96444455	      0.91316472	      0.94067536	     -0.09505142	     -8.05026226	     -3.48635511	    -15.95258045	      0.00000000	      6.05545082	      1.96403713	      0.00000000	     -7.59214787	     -1.44350702	    -16.83836279	      0.00000000	      6.43525039	      4.41930213	      0.00000000	    -11.86210469	      0.88265829	     -1.01118658	      6.19523856	     -5.80739331	     12.26763598	     25.58245874	     79.94186660	      8.29095142	     -5.38657274	     11.45815984	     24.63922437	     73.11081493
      3.26666670	      7.64303318	      1.16550679	      3.96484081	      0.91317085	      0.94127415	     -0.09485018	     -8.04943799	     -3.48775772	    -15.95283879	      0.00000000	      6.05568600	      1.96366606	      0.00000000	     -7.58573509	     -1.44124054	    -16.83833559	      0.00000000	      6.43571063	      4.41893044	      0.00000000	    -11.86169562	      0.88198403	     -1.01200625	      6.19588384	     -5.80896173	     12.26740742	     25.58251031	     79.94205479	      8.29179470	     -5.38643114	     11.45818638	     24.63954444	     73.11097731
      3.28333330	      7.62192586	      1.14927325	      3.99947640	      0.91374844	      0.94076496	     -0.09481099	     -8.01516985	     -3.45491965	    -15.96060841	      0.00000000	      6.07088037	      1.93740003	      0.00000000	     -7.53917012	     -1.46877322	    -16.84022293	      0.00000000	      6.46561823	      4.39371943	      0.00000000	    -11.84531485	      0.81324110	     -1.07184267	      6.27344685	     -5.93002850	     12.24717836	     25.59169553	     79.95515896	      8.38492531	     -5.39793803	     11.45636193	     24.66661906	     73.12226789
      3.30000000	      7.60783812	      1.15035200	      3.99968196	      0.91352881	      0.94359947	     -0.09469437	     -8.01656182	     -3.45639869	    -15.96081144	      0.00000000	      6.07149885	      1.93676317	      0.00000000	     -7.54081729	     -1.47098881	    -16.83967871	      0.00000000	      6.46614484	      4.39341323	      0.00000000	    -11.84400216	      0.81402826	     -1.07203029	      6.27430776	     -5.93075712	     12.24709186	     25.59202826	     79.95540758	      8.38568475	     -5.39838026	     11.45631477	     24.66686352	     73.12245389
      3.31666670	      7.60114897	      1.16071098	      4.00664896	      0.91357403	      0.93863127	     -0.09408589	     -8.01551263	     -3.44001990	    -15.96020081	      0.00000000	      6.07313831	      1.93462331	      0.00000000	     -7.55317782	     -1.47145592	    -16.83630544	      0.00000000	      6.46923145	      4.39317011	      0.00000000	    -11.84195886	      0.81448230	     -1.07413874	      6.28311747	     -5.93816234	     12.24585167	     25.59383155	     79.95677390	      8.39315018	     -5.40238557	     11.45575790	     24.66809531	     73.12348856
      3.33333330	      7.57181122	      1.11198818	      4.00599339	      0.91199580	      0.94004135	     -0.09405174	     -7.96787802	     -3.36784111	    -15.95742137	      0.00000000	      6.12389605	      1.89473983	      0.00000000	     -7.50884497	     -1.53558806	    -16.76689337	      0.00000000	      6.52824292	      4.40035339	      0.00000000	    -11.78246130	      0.76985297	     -1.09959370	      6.43357410	     -6.03183214	     12.22720727	     25.62902588	     79.97158845	      8.52867520	     -5.47542960	     11.44428975	     24.69355277	     73.13455114
      3.35000000	      7.58719305	      1.12114131	      4.00786826	      0.91075975	      0.93927325	     -0.09339943	     -7.95386280	     -3.35486522	    -15.95569387	      0.00000000	      6.12770076	      1.89266945	      0.00000000	     -7.49795139	     -1.53454208	    -16.76202626	      0.00000000	      6.53372152	      4.40070065	      0.00000000	    -11.78350923	      0.77437482	     -1.10079562	      6.43579531	     -6.03354247	     12.22727225	     25.62922290	     79.97267754	      8.53250946	     -5.47866366	     11.44398128	     24.69373334	     73.13530445
      3.36666670	      7.49508471	      1.04168836	      4.07145291	      0.91145140	      0.93721185	     -0.09375105	     -7.80480548	     -3.23632291	    -15.89426445	      0.00000000	      6.23820986	      1.82879722	      0.00000000	     -7.34332858	     -1.64053839	    -16.65142219	      0.00000000	      6.67992807	      4.39713570	      0.00000000	    -11.85073689	      0.78344361	     -1.13054183	      6.64265491	     -6.09858488	     12.21613578	     25.67640543	     79.99557075	      8.79092556	     -5.61651917	     11.42133626	     24.74173259	     73.15044673
      3.38333330	      7.50645045	      1.04937531	      4.07446441	      0.91070440	      0.93615001	     -0.09361201	     -7.79050186	     -3.22978261	    -15.89229553	      0.00000000	      6.24206532	      1.82582980	      0.00000000	     -7.34176258	     -1.64118146	    -16.64853922	      0.00000000	      6.68556948	      4.39588798	      0.00000000	    -11.84954155	      0.78714079	     -1.13218271	      6.64514668	     -6.09988025	     12.21622885	     25.67730955	     79.99657045	      8.79409915	     -5.61705309	     11.42154927	     24.74271152	     73.15119840
      3.40000000	      7.50936681	      1.05887755	      4.07332459	      0.91073691	      0.93711999	     -0.09399529	     -7.78507302	     -3.22625219	    -15.89184870	      0.00000000	      6.24315174	      1.82509506	      0.00000000	     -7.33928464	     -1.64691187	    -16.64810970	      0.00000000	      6.68682705	      4.39542375	      0.00000000	    -11.84850506	      0.78707518	     -1.13230209	      6.64723663	     -6.10041341	     12.21610788	     25.67802319	     79.99672842	      8.79625838	     -5.61791345	     11.42140299	     24.74336792	     73.15130974
      3.41666670	      7.33271115	      1.00165927	      4.19469771	      0.91044165	      0.93513032	     -0.09414710	     -7.54799759	     -3.16947342	    -15.78452641	      0.00000000	      6.45752914	      1.61524320	      0.00000000	     -7.08535978	     -1.70748067	    -16.47326080	      0.00000000	      6.94562942	      4.31903065	      0.00000000	    -11.86169330	      0.86009496	     -1.22056578	      6.96369599	     -6.26128161	     12.19823325	     25.79148120	     80.04214062	      9.15329942	     -5.72823238	     11.41332590	     24.86022492	     73.18558995
      3.43333330	      7.33890757	      1.00685507	      4.19716133	      0.90937742	      0.93431153	     -0.09334364	     -7.54880724	     -3.16900734	    -15.78394707	      0.00000000	      6.45964608	      1.60997657	      0.00000000	     -7.08208683	     -1.71759820	    -16.47072885	      0.00000000	      6.94912565	      4.31674585	      0.00000000	    -11.84652073	      0.85711629	     -1.22321841	      6.97284993	     -6.26777846	     12.19730244	     25.79588635	     80.04318619	      9.16148973	     -5.72903955	     11.41336954	     24.86435692	     73.18643493
      3.45000000	      7.32570819	      0.98030621	      4.24815136	      0.91055864	      0.93474438	     -0.09355993	     -7.55797285	     -3.12717370	    -15.77399431	      0.00000000	      6.48918279	      1.54706571	      0.00000000	     -7.06289404	     -1.76747248	    -16.44130566	      0.00000000	      6.97050360	      4.29792418	      0.00000000	    -11.67584022	      0.79531827	     -1.24243527	      7.14725350	     -6.35650360	     12.17978196	     25.86915394	     80.05222318	      9.32880333	     -5.79088736	     11.40161587	     24.92757162	     73.19301897
      3.46666670	      7.24447007	      0.96406221	      4.26418539	      0.91002233	      0.93406336	     -0.09395370	     -7.47439612	     -3.11907570	    -15.77856204	      0.00000000	      6.54648287	      1.43917453	      0.00000000	     -6.96395937	     -1.78160951	    -16.37788485	      0.00000000	      7.00453090	      4.27642090	      0.00000000	    -11.60038194	      0.81550703	     -1.28076779	      7.30332373	     -6.46084570	     12.16605389	     25.94785556	     80.06579954	      9.53514290	     -5.88904896	     11.38569174	     24.99942137	     73.20201833
      3.48333330	      7.14353642	      0.93507278	      4.33223916	      0.90858516	      0.93527661	     -0.09367935	     -7.35402945	     -3.08304961	    -15.75968246	      0.00000000	      6.57586531	      1.33146172	      0.00000000	     -6.81320075	     -1.81633970	    -16.29174910	      0.00000000	      7.02581773	      4.26009253	      0.00000000	    -11.55484800	      0.78465065	     -1.31141671	      7.48802643	     -6.54025135	     12.15785201	     26.05508347	     80.08163929	      9.72466265	     -5.95479411	     11.37896728	     25.07275893	     73.21285553
      3.50000000	      7.13093017	      0.93366912	      4.33513892	      0.91083887	      0.93355768	     -0.09386779	     -7.35064907	     -3.08179858	    -15.75731954	      0.00000000	      6.57576777	      1.32696430	      0.00000000	     -6.81945246	     -1.81619672	    -16.28649398	      0.00000000	      7.02590210	      4.25989083	      0.00000000	    -11.55297825	      0.78606943	     -1.31392921	      7.49849507	     -6.54352922	     12.15748335	     26.06087911	     80.08231048	      9.73902776	     -5.95861912	     11.37836007	     25.07800329	     73.21330838
      3.51666670	      6.89369616	      0.89021536	      4.42937792	      0.90747427	      0.93427449	     -0.09360837	     -7.03018019	     -3.04012688	    -15.67467388	      0.00000000	      6.60078111	      1.13935414	      0.00000000	     -6.46013297	     -1.85592469	    -16.07728103	      0.00000000	      7.10922719	      4.24993614	      0.00000000	    -11.48231214	      0.81263462	     -1.38693642	      7.84501253	     -6.71465859	     12.14467739	     26.29027691	     80.10807608	     10.17217977	     -6.12538115	     11.36267332	     25.25226550	     73.23093341
      3.53333330	      6.89008828	      0.87401207	      4.45609679	      0.90820364	      0.93483507	     -0.09355469	     -7.00616055	     -3.01379902	    -15.63926116	      0.00000000	      6.58331762	      1.09517340	      0.00000000	     -6.42343065	     -1.88854328	    -16.03851918	      0.00000000	      7.10850073	      4.24062875	      0.00000000	    -11.30048410	      0.76942199	     -1.42549022	      7.99014390	     -6.76791893	     12.13607747	     26.38427490	     80.11456522	     10.33054889	     -6.14573294	     11.36184673	     25.32733013	     73.23632443
      3.55000000	      6.80279268	      0.84991225	      4.44287507	      0.90517972	      0.93140239	     -0.09353126	     -6.82210698	     -3.00153654	    -15.62914144	      0.00000000	      6.58802593	      1.01586519	      0.00000000	     -6.25810051	     -1.90022602	    -16.00921064	      0.00000000	      7.14138845	      4.21877719	      0.00000000	    -11.19071025	      0.76919594	     -1.47618074	      8.31019348	     -6.87361952	     12.11529403	     26.53953302	     80.12117537	     10.70118401	     -6.24155155	     11.34404619	     25.46179633	     73.24133139
      3.56666670	      6.80813576	      0.84711034	      4.46506153	      0.90738133	      0.92720406	     -0.09383884	     -6.78172178	     -3.00165204	    -15.62197032	      0.00000000	      6.58783849	      1.01067946	      0.00000000	     -6.27141352	     -1.91030900	    -16.00644095	      0.00000000	      7.14557217	      4.21713829	      0.00000000	    -11.19114288	      0.76750787	     -1.47692055	      8.33640173	     -6.88268595	     12.11359317	     26.55161475	     80.12156217	     10.72462633	     -6.24967768	     11.34280251	     25.47045358	     73.24160320
      3.58333330	      5.92246445	      0.65833683	      4.62535385	      0.90619914	      0.92811178	     -0.09392491	     -5.71495117	     -2.84833780	    -14.72897613	      0.00000000	      6.01149093	     -0.92141048	      0.00000000	     -5.19601659	     -2.05722532	    -15.45670558	      0.00000000	      7.35300454	      3.78990896	      0.00000000	    -10.38036001	      0.91783201	     -1.81069508	      8.47886875	     -7.28021280	     12.37350363	     28.03047542	     80.27522774	     10.78762700	     -6.61978065	     11.54633028	     26.34032713	     73.33173915
      3.60000000	      5.88350694	      0.57485254	      4.67577173	      0.90534872	      0.92767089	     -0.09369984	     -5.59865613	     -2.75473294	    -14.57165059	      0.00000000	      6.07872059	     -0.99940173	      0.00000000	     -5.08239133	     -2.15005190	    -15.35886580	      0.00000000	      7.41279084	      3.80918174	      0.00000000	    -10.38279677	      0.97470006	     -1.82902171	      8.86803095	     -7.48519010	     12.33220090	     28.14253608	     80.27640938	     11.19749143	     -6.71338845	     11.51837212	     26.47755737	     73.33039296
      3.61666670	      5.91254724	      0.53708373	      4.71795518	      0.90630513	      0.92627721	     -0.09418705	     -5.61425595	     -2.71175938	    -14.50932085	      0.00000000	      6.11072839	     -1.02954540	      0.00000000	     -5.08228088	     -2.20612938	    -15.33994330	      0.00000000	      7.44318869	      3.81326043	      0.00000000	    -10.17549477	      0.94208003	     -1.84747856	      9.14674793	     -7.58883664	     12.30245269	     28.24613647	     80.27442563	     11.44823978	     -6.74493990	     11.50333744	     26.57694085	     73.32917134
      3.63333330	      5.73818373	      0.44826065	      4.71918767	      0.90358837	      0.92528184	     -0.09405907	     -5.33950381	     -2.65208455	    -14.28417354	      0.00000000	      6.26125410	     -1.17945044	      0.00000000	     -4.81619629	     -2.28753325	    -15.24427993	      0.00000000	      7.58803602	      3.83125056	      0.00000000	    -10.18915068	      1.06394793	     -1.89828447	      9.69928201	     -7.83305079	     12.25682760	     28.49624443	     80.26856881	     11.94002418	     -6.87424529	     11.47232290	     26.78114958	     73.32206281
      3.65000000	      5.75172585	      0.41677162	      4.69035327	      0.90189748	      0.92664893	     -0.09362383	     -5.30166577	     -2.61714690	    -14.21228876	      0.00000000	      6.30188909	     -1.22288088	      0.00000000	     -4.79252767	     -2.32460621	    -15.22353789	      0.00000000	      7.60811075	      3.83760233	      0.00000000	     -9.90177740	      1.03488750	     -1.92305975	     10.10043903	     -7.93833543	     12.22369433	     28.66882444	     80.26467569	     12.30303601	     -6.92925745	     11.45016659	     26.92591879	     73.31885484
      3.66666670	      5.03326433	      0.31975943	      4.58686370	      0.90052747	      0.92943914	     -0.09395909	     -4.39703478	     -2.57434132	    -13.06972676	      0.00000000	      6.18870340	     -2.45363423	      0.00000000	     -3.87881435	     -2.35548104	    -15.20531202	      0.00000000	      7.39938863	      3.65690099	      0.00000000	     -9.43834787	      1.18909097	     -2.16060186	     10.51562349	     -8.32965835	     12.51116603	     30.14927571	     80.23710281	     12.44852472	     -7.30050629	     11.50209272	     27.63009160	     73.22534348
      3.68333330	      4.90804648	      0.31406982	      4.60806675	      0.89874879	      0.93157942	     -0.09369214	     -4.13984279	     -2.58214511	    -13.01003641	      0.00000000	      6.03387836	     -2.46380078	      0.00000000	     -3.60536391	     -2.33761841	    -15.12831989	      0.00000000	      7.33556967	      3.70874162	      0.00000000	     -9.45315280	      1.13600362	     -2.12847138	     11.21454002	     -8.44037115	     12.48622483	     30.40212248	     80.22466661	     13.15554447	     -7.36166247	     11.45588395	     27.86907000	     73.20628355
      3.70000000	      4.75762969	      0.30081708	      4.61438106	      0.89612129	      0.93003163	     -0.09418405	     -3.84081356	     -2.59007373	    -12.93181490	      0.00000000	      5.89615265	     -2.49102895	      0.00000000	     -3.28740712	     -2.30978258	    -15.09984581	      0.00000000	      7.21748326	      3.73669892	      0.00000000	     -9.45057100	      1.10868864	     -2.16796245	     12.01439368	     -8.61550861	     12.44437336	     30.73010183	     80.21000067	     13.95724107	     -7.45405282	     11.40307979	     28.12990649	     73.18704913
      3.71666670	      4.55241270	      0.28838998	      4.67626778	      0.89267245	      0.93319605	     -0.09390113	     -3.44771681	     -2.59411064	    -12.80011411	      0.00000000	      5.67051687	     -2.54141587	      0.00000000	     -2.88221379	     -2.28266668	    -15.08048610	      0.00000000	      6.96527142	      3.75147680	      0.00000000	     -9.53059534	      1.08798194	     -2.19008839	     12.93013794	     -8.76105797	     12.42272693	     31.17607455	     80.19257574	     14.84547317	     -7.58827165	     11.33634561	     28.42063557	     73.15951680
      3.73333330	      4.35388446	      0.25491737	      4.69813366	      0.88817320	      0.93325052	     -0.09312431	     -3.00583483	     -2.56625333	    -12.67870657	      0.00000000	      5.48781125	     -2.60175855	      0.00000000	     -2.46797303	     -2.28058949	    -15.05526668	      0.00000000	      6.73570753	      3.74950539	      0.00000000	     -9.60850385	      1.06386848	     -2.22777099	     13.98553863	     -8.89348118	     12.39023741	     31.64757970	     80.17733679	     15.90047151	     -7.71343860	     11.25827578	     28.75601331	     73.13522784
      3.75000000	      4.12338215	      0.20779557	      4.67704142	      0.88714070	      0.92878978	     -0.09413336	     -2.51854946	     -2.53707270	    -11.56746967	      0.00000000	      4.28817789	     -4.81672385	      0.00000000	     -2.01869915	     -2.27760886	    -14.45941196	      0.00000000	      5.83883459	      2.40262290	      0.00000000	     -9.78370193	      1.09388596	     -2.31203974	     14.63974729	     -9.51353181	     13.13118583	     33.93811959	     80.00257484	     16.77686704	     -7.92074418	     10.99339572	     29.79465523	     72.77763648
      3.76666670	      3.94322386	      0.17818517	      4.73300089	      0.88882388	      0.92903823	     -0.09413817	     -2.20237064	     -2.53394641	    -11.58769343	      0.00000000	      4.13217421	     -4.81957159	      0.00000000	     -1.70560084	     -2.28576311	    -14.48357345	      0.00000000	      5.69685337	      2.42790799	      0.00000000	     -9.71735993	      1.07995469	     -2.29709458	     15.80338597	     -9.69121143	     13.03724237	     34.30271092	     79.97231044	     17.82172236	     -7.96184954	     10.90316142	     30.13323753	     72.74654593
      3.78333330	      3.79901373	      0.08982187	      4.72118041	      0.88405311	      0.92872104	     -0.09213951	     -1.73000893	     -2.46393754	    -11.56188495	      0.26407127	      3.72809359	     -4.99508795	      0.00000000	     -1.37426264	     -2.37932725	    -14.45030010	      0.00000000	      5.38773181	      2.33654856	      0.00000000	     -9.75857354	      1.13376190	     -2.24002105	     17.16422044	     -9.88648277	     13.00975148	     34.91633486	     79.92340553	     19.04059838	     -8.06413836	     10.72475002	     30.61709576	     72.66996929
      3.80000000	      3.49277117	      0.09691875	      4.64416760	      0.87585622	      0.93033876	     -0.09140461	     -0.94239971	     -2.50635889	    -11.18555137	      0.56593088	      3.43520318	     -6.03643300	      0.00000000	     -0.78078182	     -2.33769678	    -14.46827664	      0.00000000	      4.78336875	      1.51485382	      0.00000000	     -9.89966805	      1.07592719	     -2.05207356	     18.76471007	    -10.20681004	     13.31123682	     36.11798612	     79.81458140	     20.51962266	     -8.16103964	     10.26397459	     31.56505645	     72.43284069
      3.81666670	      3.20892786	      0.07209601	      4.70297219	      0.87272099	      0.93018009	     -0.09089043	     -0.23150950	     -2.49865625	    -10.96210440	      0.74573197	      3.10181827	     -6.06161602	      0.00000000	     -0.15881850	     -2.36575364	    -14.22203203	      0.00000000	      4.59311868	      1.48335572	      0.00000000	    -10.00297977	      1.05632657	     -1.94481348	     20.39484865	    -10.31282591	     13.28604252	     36.69798595	     79.78124070	     22.12697331	     -8.32126866	     10.06155556	     32.13103149	     72.37438639
      3.83333330	      2.61476304	      0.08040948	      4.66025637	      0.87303971	      0.92922069	     -0.09153454	      0.82397568	     -2.58254005	    -10.35858061	      1.08142256	      2.33883261	     -7.56026038	      0.00000000	      0.76493249	     -2.30137520	    -13.78292249	      0.00000000	      3.70320068	      0.02970493	      0.00000000	     -9.75794351	      0.99456864	     -1.77974792	     21.87899103	    -10.84708175	     14.16215801	     38.03244041	     79.60628597	     23.32168707	     -8.37773290	      9.39075972	     33.49071659	     71.98167536
      3.85000000	      2.32679096	      0.11314374	      4.77535864	      0.87194328	      0.93132683	     -0.09359438	      1.33713140	     -2.68538279	    -10.42735857	      1.18631917	      2.09911446	     -7.53820331	      0.00000000	      1.33748109	     -2.22080979	    -13.79005333	      0.00000000	      3.44608919	      0.10297038	      0.00000000	     -9.73642007	      0.96268582	     -1.74956545	     23.62467619	    -10.99980809	     14.05299537	     38.51151878	     79.58016117	     25.02113648	     -8.45432992	      9.23734706	     34.02600548	     71.95043225
      3.86666670	      2.06795953	      0.17771482	      4.79635691	      0.87016993	      0.93357575	     -0.09358572	      1.96959974	     -2.86830533	    -10.53091037	      1.56618738	      1.78865783	     -7.59511789	      0.00000000	      1.87460917	     -2.09710364	    -13.84752300	      0.11799986	      3.02205099	      0.07871435	      0.00000000	     -9.68529736	      0.90969181	     -1.67685404	     25.44385337	    -11.19321432	     14.02980502	     39.04180176	     79.56474995	     26.79863414	     -8.49911573	      9.07493731	     34.64138227	     71.90993410
      3.88333330	      1.73682700	      0.25537059	      4.85322886	      0.86549330	      0.93985686	     -0.09387990	      2.57647467	     -3.04796528	    -10.51005361	      1.68958722	      1.50390299	     -7.61520118	      0.00000000	      2.50173022	     -1.94809011	    -13.82720123	      0.23623230	      2.62738144	      0.05267154	      0.00000000	     -9.63238589	      0.84570104	     -1.55038744	     27.25780716	    -11.34209039	     14.09915298	     39.55522257	     79.56416231	     28.46454454	     -8.45515747	      8.95207918	     35.20208201	     71.86959228
      3.90000000	      1.09801257	      0.27909972	      4.80107273	      0.86243065	      0.93674441	     -0.09397541	      3.64551889	     -3.20688894	     -9.94516788	      1.93685456	      0.96525943	     -8.83498315	      0.00000000	      3.45909612	     -1.81970579	    -13.62653725	      0.33989792	      2.08243934	     -1.01110852	      0.00000000	     -9.12856371	      0.77198350	     -1.38338523	     29.32701824	    -12.02652672	     16.31439666	     39.98292243	     79.65314040	     30.20061985	     -8.42474584	      8.87586496	     35.72752217	     71.54507482
      3.91666670	      0.86968955	      0.26449036	      4.89895447	      0.85864044	      0.92925451	     -0.09304356	      4.22357383	     -3.28443825	    -10.10309135	      2.13144458	      0.71297284	     -8.87489913	      0.00000000	      4.04674094	     -1.80210375	    -13.58706775	      0.54289361	      2.05584597	     -0.97949595	      0.00000000	     -9.14186027	      0.83527520	     -1.33008434	     31.60980273	    -12.22705566	     16.22742137	     40.44859311	     79.62201704	     32.26207368	     -8.44605711	      8.77619931	     36.31112858	     71.50700329
      3.93333330	      0.61609161	      0.28024784	      5.05246124	      0.85488201	      0.93444601	     -0.09344326	      4.89867059	     -3.42940088	    -10.27626652	      2.48902936	      0.50951247	     -9.06420793	      0.00000000	      4.80767536	     -1.78602122	    -13.65839163	      0.97276698	      1.95727090	     -1.06676612	      0.00000000	     -9.25510455	      0.83979659	     -1.23335095	     33.95101856	    -12.41528127	     16.26040807	     40.85318221	     79.60889538	     34.34604785	     -8.36715617	      8.73903834	     36.83856988	     71.46842970
      3.95000000	      0.38115931	      0.25874870	      5.19393483	      0.85397923	      0.93117757	     -0.09333534	      5.51511130	     -3.52381893	    -10.41025180	      2.87446743	      0.42864709	     -9.41563797	      0.00000000	      5.54967039	     -1.84901776	    -13.68876885	      1.52304892	      1.97911739	     -1.25236139	      0.00000000	     -9.22734131	      0.84879409	     -1.11045633	     36.21111458	    -12.66375217	     16.41922852	     41.14195753	     79.61184149	     36.36407137	     -8.21029196	      8.79133849	     37.34472893	     71.43200734
      3.96666670	     -0.44176019	      0.14367531	      5.17894321	      0.85110348	      0.92714489	     -0.09321880	      6.89469728	     -3.54361234	     -9.69875365	      3.46340589	     -0.70211659	    -12.15007074	      0.00000000	      7.03943738	     -1.98145991	    -13.38012906	      2.29611434	      1.73566000	     -2.74057719	      0.00000000	     -8.25985243	      0.89416094	     -0.93402013	     39.22585049	    -13.47673361	     20.62054281	     39.85675690	     79.67743845	     38.46903674	     -8.33042128	     10.56285545	     36.77334440	     70.97759026
      3.98333330	     -0.56574298	      0.08170658	      5.20865784	      0.85020853	      0.92555391	     -0.09421868	      7.39263146	     -3.60487592	     -9.98650537	      3.98005906	     -0.60798164	    -12.50520999	      0.00000000	      7.75732482	     -2.12688622	    -13.34434441	      3.12389746	      1.96653780	     -2.94599134	      0.00000000	     -8.30203415	      0.99903587	     -0.67790605	     41.46982022	    -13.73188956	     20.66355663	     40.10901837	     79.58649155	     40.30709985	     -8.15776437	     10.67080729	     37.42303483	     70.88163053
      4.00000000	     -1.38500395	     -0.01612105	      5.19507476	      0.84712612	      0.92231966	     -0.09455056	      8.75211148	     -3.68161493	     -9.54512284	      4.61792941	     -1.13777626	    -14.01664562	      0.00000000	      9.28519100	     -2.22405636	    -12.86082033	      4.04023741	      2.04412720	     -4.00645927	      0.00000000	     -7.38306729	      1.03706363	     -0.39398590	     43.93083956	    -14.36484726	     22.67502233	     39.42404805	     79.26193969	     42.23627488	     -8.10460348	     12.06711921	     37.82701518	     70.38184175
      4.01666670	     -1.49454450	      0.01238036	      5.23777430	      0.84419433	      0.92019335	     -0.09368149	      9.31792726	     -3.83103113	     -9.63882957	      5.25398570	     -1.01815350	    -14.32930072	      0.00000000	     10.08506955	     -2.28088955	    -12.74760471	      4.98967481	      2.16041473	     -4.16414404	      0.00000000	     -7.48365522	      1.05555450	     -0.27459672	     46.04687257	    -14.63193452	     22.54017903	     39.72268812	     79.19460063	     43.96352553	     -7.99092349	     12.12079118	     38.33708173	     70.32652779
      4.03333330	     -2.55195139	     -0.11669503	      5.19758532	      0.84273879	      0.91626243	     -0.09297821	     11.16383551	     -3.85347031	     -8.96618587	      6.26185057	     -1.42083534	    -16.53005336	      0.00000000	     12.07342145	     -2.44053991	    -12.03276669	      6.25377803	      2.46175194	     -5.70057182	      0.00000000	     -6.22022095	      1.05918030	     -0.02569735	     47.94477289	    -15.07650286	     24.35419418	     39.29112555	     78.90579482	     45.69315501	     -8.13203530	     13.97332422	     38.50557003	     69.94980858
      4.05000000	     -3.16931388	     -0.16843373	      5.19274240	      0.83669754	      0.91277588	     -0.09295964	     12.59652669	     -3.91755707	     -8.34981027	      7.26253062	     -1.52261453	    -18.09840964	      0.00000000	     13.72361614	     -2.54124382	    -11.36599295	      7.63623079	      2.68274767	     -7.14121756	      0.00000000	     -5.79112226	      1.04668075	      0.19933597	     50.31988671	    -15.44849639	     25.70988698	     38.93296652	     78.51822722	     48.00510588	     -8.19421309	     15.59543913	     38.62910390	     69.48498452
      4.06666670	     -3.85954322	     -0.23495374	      5.20789016	      0.83365413	      0.91024747	     -0.09266813	     14.22823236	     -3.97781224	     -7.80804738	      8.48973079	     -1.49316837	    -19.49601586	      0.00000000	     15.54102448	     -2.68898144	    -10.84806977	      9.15250102	      2.94484126	     -8.38594288	      0.00000000	     -5.29297589	      1.05901311	      0.38610449	     52.41136536	    -15.80704010	     26.68661132	     38.67470830	     78.17052080	     50.02546416	     -8.19828375	     16.96942044	     38.81561104	     69.08412817
      4.08333330	     -4.65496907	     -0.32771299	      5.20871165	      0.82997871	      0.90678815	     -0.09214083	     16.13319803	     -4.02382573	     -7.14113387	     10.00185222	     -1.43323080	    -21.11541912	      0.00000000	     17.58680338	     -2.85907386	    -10.22612070	     10.96204955	      3.16795185	     -9.99765603	      0.00000000	     -4.73041104	      1.03786408	      0.57763669	     54.30590380	    -16.04564232	     27.52836256	     38.53954513	     77.93733410	     51.83964835	     -8.19022992	     18.15631427	     39.14777955	     68.81631072
      4.10000000	     -5.54663248	     -0.48804697	      5.20284782	      0.82452002	      0.90262957	     -0.09124784	     18.33745786	     -3.99786365	     -6.39854565	     11.75199153	     -1.35921510	    -22.97179640	      0.00000000	     19.97861900	     -3.12303499	     -9.48522609	     13.15936815	      3.31694190	    -11.99491746	      0.00000000	     -4.20587912	      1.07999386	      0.71056074	     56.25590503	    -16.26289249	     28.37896960	     38.41835872	     77.79305347	     53.72973247	     -8.18978384	     19.19149965	     39.45280773	     68.63613740
      4.11666670	     -6.43000845	     -0.65666346	      5.15259889	      0.82375948	      0.90071069	     -0.09089809	     20.54276915	     -3.96479340	     -5.70330655	     13.57799656	     -1.36068259	    -24.84831798	      0.00000000	     22.33487669	     -3.41141925	     -8.76725619	     15.44657873	      3.35084001	    -13.97111566	      0.00000000	     -3.67203647	      1.11860916	      0.77956954	     57.94256912	    -16.38793620	     29.23705213	     38.33778337	     77.70617206	     55.26171181	     -8.23386114	     20.13696582	     39.86226817	     68.54441211
      4.13333330	     -7.23263464	     -0.83395771	      5.14280332	      0.82120406	      0.90124120	     -0.09094790	     22.56503824	     -3.92596050	     -5.06380083	     15.38017550	     -1.35509949	    -26.50524916	      0.00000000	     24.57043069	     -3.67967371	     -8.07089438	     17.80179437	      3.36804437	    -15.78534804	      0.00000000	     -3.28429910	      1.21465238	      0.79726144	     59.37727845	    -16.43636179	     29.96443909	     38.25786238	     77.65926597	     56.53999038	     -8.33871137	     20.98563815	     40.29367083	     68.57329155
      4.15000000	     -7.82592345	     -0.96731715	      5.05201426	      0.81773539	      0.89503644	     -0.09074095	     24.55423950	     -3.89215746	     -4.37994334	     17.47732046	     -1.86611191	    -29.07208634	      0.00000000	     26.62291234	     -3.91353613	     -7.41485986	     20.18482234	      3.05982144	    -18.05149012	      0.00000000	     -3.15994912	      1.36550189	      0.68164898	     61.32457533	    -16.23669636	     31.60359621	     37.53847000	     77.53451307	     58.19101699	     -8.64056268	     22.55397685	     40.20490171	     68.71782659
      4.16666670	     -8.76590238	     -1.12182166	      4.81676168	      0.81273925	      0.88896457	     -0.09056805	     27.03827244	     -3.84638018	     -3.82553155	     19.69526199	     -1.49102358	    -30.22807636	      0.00000000	     29.20398367	     -4.21046549	     -6.97549887	     22.82714269	      3.56372902	    -19.35697441	      0.00000000	     -2.78852782	      1.40008120	      0.64891484	     62.96784379	    -16.02568103	     32.02501136	     37.34184723	     77.47645930	     59.93991710	     -8.71227736	     22.93423139	     40.08593400	     68.81228769
      4.18333330	     -9.74036695	     -1.15908692	      4.47120066	      0.80593810	      0.88478026	     -0.09119762	     29.86741634	     -3.90588338	     -3.11872099	     22.11578892	     -1.41884533	    -31.70429290	      0.00000000	     31.74948845	     -4.37229992	     -6.60634006	     25.15345544	      3.73080544	    -20.83346066	      0.00000000	     -2.44779290	      1.44323191	      0.71560716	     64.94240855	    -15.79318316	     32.89447550	     36.80121813	     77.47034049	     61.70397339	     -8.78491242	     23.77451484	     39.60217462	     69.05528754
      4.20000000	    -10.56661138	     -1.30048121	      4.34959450	      0.80496811	      0.87722992	     -0.09109463	     32.49809265	     -3.90216832	     -2.57389969	     24.80315125	     -1.45585052	    -33.30484287	      0.00000000	     34.29221461	     -4.55867845	     -5.96897391	     27.76812363	      3.96248205	    -22.29781705	      0.00000000	     -2.19682492	      1.58221695	      0.66255771	     66.95843626	    -15.65284928	     34.05765483	     36.31789840	     77.46515134	     63.63166521	     -8.77669107	     24.83342725	     38.97064261	     69.40112325
      4.21666670	    -11.24975542	     -1.32552933	      4.11004428	      0.80157595	      0.87424086	     -0.09084851	     35.00332532	     -3.91768865	     -1.98668071	     27.55255309	     -1.34788831	    -34.53214441	      0.00000000	     36.66465367	     -4.72725254	     -5.55672442	     30.40809107	      4.29940282	    -23.40211362	      0.00000000	     -2.17722762	      1.57140208	      0.59823607	     68.79787792	    -15.40658975	     35.17583597	     35.97899138	     77.41414618	     65.53342673	     -8.94017830	     25.98278163	     38.23977802	     69.80679903
      4.23333330	    -11.70590074	     -1.36563061	      3.95707659	      0.79860657	      0.86950270	     -0.09117154	     37.23676381	     -3.97095274	     -1.64755611	     30.28051555	     -0.74048163	    -35.00000000	      0.00000000	     38.80320547	     -4.85315275	     -5.04979843	     33.03934882	      4.45867475	    -24.44046661	      0.00000000	     -2.38495169	      1.61613236	      0.51758889	     70.55564331	    -15.12003756	     36.35593826	     35.51292385	     77.24219791	     67.45595189	     -9.08445768	     27.48626972	     37.39998100	     70.34307000
      4.25000000	    -12.27671110	     -1.31636872	      3.74713304	      0.79468273	      0.86140935	     -0.09084516	     39.65166667	     -4.08806024	     -1.38932023	     33.12737426	      0.00142356	    -35.00000000	      0.00000000	     41.05868861	     -4.98441041	     -4.89434300	     35.65937466	      4.94939460	    -25.17360985	      0.00000000	     -2.58976311	      1.53187460	      0.41109362	     72.40628664	    -14.78035189	     37.17517174	     35.36756728	     77.02988387	     69.52670958	     -9.22073147	     28.47959313	     36.61062066	     70.71987328
      4.26666670	    -12.78641291	     -1.30433959	      3.59585614	      0.79114869	      0.85504371	     -0.09151316	     42.00600235	     -4.19277948	     -1.08507779	     35.90931671	      0.92459776	    -35.00000000	      0.00000000	     43.20979361	     -5.13539457	     -4.74694798	     38.15599876	      5.72373973	    -25.45885831	      0.00000000	     -2.80064724	      1.50392668	      0.23897658	     74.30347802	    -14.32208186	     37.99382971	     34.83633265	     76.79478776	     71.67214093	     -9.23610980	     29.59282834	     35.43180705	     71.06181115
      4.28333330	    -12.80586404	     -1.27919330	      3.37779359	      0.78858937	      0.85119185	     -0.09131740	     43.54355887	     -4.21589454	     -0.85020877	     38.18339221	      1.18005813	    -35.00000000	      0.00000000	     44.55211343	     -5.32174739	     -4.68996410	     40.20665371	      6.28330562	    -25.88623567	      0.00000000	     -3.78244393	      1.50667669	      0.25130903	     76.01351304	    -14.05977990	     37.82657636	     35.08591466	     76.73789352	     73.43359032	     -9.26172723	     29.49943142	     35.56164263	     71.08312439
      4.30000000	    -13.53853566	     -1.13118880	      3.07610733	      0.78493560	      0.84286740	     -0.09078260	     46.14841476	     -4.24307909	     -0.33416669	     40.91491863	      2.30149277	    -35.00000000	      0.00000000	     46.70396135	     -5.50553497	     -4.80982408	     42.42899993	      7.73753860	    -25.43760295	      0.00000000	     -3.54339031	      1.30154733	      0.23219386	     78.05970579	    -13.24053047	     39.83395719	     33.20528986	     75.98127761	     75.65780363	     -9.46815369	     32.82093373	     33.26672235	     71.70906542
      4.31666670	    -13.91703253	     -0.90297159	      2.97459368	      0.78044127	      0.83674385	     -0.09075678	     48.27795523	     -4.44793031	      0.11661602	     43.44702739	      3.05645436	    -35.00000000	      0.00000000	     48.35688121	     -5.43985192	     -4.82716073	     44.28671196	      8.44055773	    -25.87113929	      0.00000000	     -4.02057157	      1.03930014	      0.04342108	     79.51900322	    -12.82627267	     39.80037433	     33.50765494	     75.81415412	     77.22911249	     -9.63768084	     32.79783024	     33.12958829	     71.67349710
      4.33333330	    -14.71676401	     -0.70128576	      2.97787157	      0.78110989	      0.82931760	     -0.09129516	     50.65413123	     -4.72104625	      0.49214728	     45.75280261	      3.68254714	    -35.00000000	      0.00000000	     50.27477533	     -5.40264085	     -5.00543008	     45.91597383	      9.11210633	    -25.64249153	      0.00000000	     -3.70575397	      0.75524863	     -0.16116214	     80.77265549	    -12.43454320	     40.06685427	     33.06194650	     75.42174770	     78.73876029	     -9.59611914	     33.41698461	     32.30097968	     71.63016360
      4.35000000	    -14.88528964	     -0.63810682	      3.05077225	      0.77854350	      0.82414715	     -0.09118588	     52.00727446	     -4.87623787	      0.65912213	     47.61814907	      4.13178072	    -35.00000000	      0.00000000	     51.50230282	     -5.44596768	     -5.02293876	     47.46180221	      9.58212992	    -25.96144173	      0.00000000	     -4.31368852	      0.68052091	     -0.28946545	     82.12867063	    -12.35520686	     39.90120680	     33.24296061	     75.33559066	     80.10213240	     -9.62724089	     33.33849305	     32.41698046	     71.59892706
      4.36666670	    -15.22140473	     -0.51803550	      3.11476820	      0.77288197	      0.81722537	     -0.09165961	     53.67385639	     -5.05591587	      1.00198567	     49.43601037	      4.84861573	    -35.00000000	      0.00000000	     53.04084939	     -5.41937960	     -5.05039858	     49.18058533	     10.06494344	    -26.30744483	      0.00000000	     -4.74333371	      0.58720769	     -0.34371543	     83.57494502	    -12.31417481	     39.74250994	     33.34569788	     75.24611818	     81.50289987	     -9.64825723	     33.28274477	     32.55122563	     71.56525918
      4.38333330	    -16.20330649	     -0.31056974	      3.17522035	      0.76870904	      0.81105553	     -0.09104877	     56.05368514	     -5.25019905	      1.48867852	     51.28534684	      5.91024070	    -35.00000000	      0.00000000	     55.24040807	     -5.31566063	     -5.14524347	     50.78563142	     10.49031979	    -26.53762859	      0.00000000	     -4.14830729	      0.26479629	     -0.32528273	     84.54104232	    -12.19830941	     39.95039624	     32.93841558	     75.01098962	     82.39906096	     -9.61089101	     33.69671693	     32.38727574	     71.48152316
      4.40000000	    -16.81135023	     -0.21244203	      3.27615656	      0.76581763	      0.80364267	     -0.09097938	     57.93493495	     -5.46380142	      1.66207242	     52.98391375	      6.38739441	    -34.99987973	      0.00000000	     57.07586836	     -5.29170948	     -5.17596365	     52.37394232	     10.97000401	    -26.48420612	      0.00000000	     -4.15187752	      0.15445137	     -0.42012518	     85.85291192	    -12.01743518	     40.15079263	     32.62741120	     74.68057148	     83.56200800	     -9.65367021	     34.10724154	     32.33087529	     71.30390418
      4.41666670	    -16.98516859	     -0.13661428	      3.26921818	      0.76493316	      0.79793030	     -0.09177878	     59.24709939	     -5.64292882	      1.76722684	     54.47711150	      6.63262352	    -35.00000000	      0.00000000	     58.23886498	     -5.30846418	     -5.15223482	     53.75781127	     11.22983740	    -26.53721350	      0.00000000	     -4.77297573	      0.13601977	     -0.46122095	     87.27392576	    -11.96038919	     39.97795888	     32.72364892	     74.59039099	     84.82542750	     -9.62122565	     34.01385109	     32.49662775	     71.24093819
      4.43333330	    -17.27317866	     -0.00903267	      3.38777062	      0.76329963	      0.79599622	     -0.09096131	     60.21197729	     -5.86569883	      1.86701435	     55.52116735	      7.04137252	    -35.00000000	      0.00000000	     59.26207011	     -5.27908017	     -5.26172784	     54.91980383	     11.44575028	    -26.52304017	      0.00000000	     -5.11535940	      0.01882656	     -0.58733324	     88.19903074	    -11.89631887	     39.89796945	     32.64356093	     74.48093862	     85.76610135	     -9.63213217	     33.97423020	     32.51714649	     71.15250113
      4.45000000	    -17.62120731	      0.32325115	      3.35313716	      0.75930629	      0.79039037	     -0.09108206	     61.58857447	     -6.18749117	      2.10770370	     56.89082561	      7.69733330	    -34.99804621	      0.00000000	     60.39751700	     -5.18451594	     -5.55921502	     56.06523579	     12.33300372	    -26.05987308	      0.00000000	     -5.28269216	     -0.34966787	     -0.74346283	     89.24873109	    -11.35416938	     40.07810679	     31.59070474	     74.05821803	     86.89249443	     -9.55192930	     34.22446762	     31.60860742	     70.77239889
      4.46666670	    -17.69290166	      0.36029899	      3.40437977	      0.75753552	      0.78218920	     -0.09035255	     62.74390945	     -6.39869693	      2.05914879	     58.35504126	      7.78100196	    -35.00000000	      0.00000000	     61.47994567	     -5.29079825	     -5.59003358	     57.43375487	     12.54489538	    -26.09237776	      0.00000000	     -5.97156007	     -0.36692076	     -0.89366035	     90.48334731	    -11.18876109	     39.93527857	     31.65521884	     73.95571780	     88.17671853	     -9.50758088	     34.12503399	     31.62831578	     70.67531622
      4.48333330	    -17.98680810	      0.70018260	      3.42444228	      0.75360769	      0.77906750	     -0.08982417	     64.09060686	     -6.71680493	      2.27764302	     59.68932999	      8.41438554	    -35.00000000	      0.00000000	     62.49907997	     -5.21293435	     -5.90195038	     58.45326531	     13.39724337	    -25.51811028	      0.00000000	     -6.40754320	     -0.79682154	     -0.90249142	     91.93934397	    -10.64120305	     40.19128174	     30.13604142	     73.36602675	     89.80815565	     -9.16652808	     34.64640708	     30.09565233	     70.08838609
      4.50000000	    -18.12810377	      0.76601504	      3.32798422	      0.75027578	      0.77308361	     -0.09038727	     65.20765091	     -6.83939682	      2.22482316	     60.79943082	      8.32423751	    -35.00000000	      0.00000000	     63.62521726	     -5.29777894	     -5.86193426	     59.57238539	     13.43939688	    -25.63567301	      0.00000000	     -7.17533028	     -0.73848680	     -0.66217071	     93.45450416	    -10.58607911	     40.05617515	     30.18660063	     73.23427252	     91.13626062	     -9.10922853	     34.64029790	     30.13908744	     69.96179454
      4.51666670	    -18.34214853	      0.87795295	      3.18922899	      0.74881520	      0.76710389	     -0.08957804	     66.32233593	     -6.94037495	      2.24799628	     61.87450499	      8.55595857	    -35.00000000	      0.00000000	     64.78628341	     -5.44055466	     -5.87412301	     60.84307613	     13.54885430	    -25.83122453	      0.00000000	     -7.82727771	     -0.81248071	     -0.57020848	     94.80517681	    -10.50891622	     39.97482601	     30.17883976	     73.11113910	     92.49780491	     -9.13939900	     34.62157799	     30.05545072	     69.82850093
      4.53333330	    -18.44392301	      1.02551652	      3.09924156	      0.74456741	      0.76243324	     -0.08956169	     67.44670669	     -7.01797189	      2.42920327	     62.96165920	      8.70858873	    -35.00000000	      0.00000000	     65.89093439	     -5.48504513	     -5.85257060	     62.09849049	     13.70912755	    -25.91177119	      0.00000000	     -8.55419458	     -0.97715626	     -0.46985779	     96.93769265	    -10.04299601	     42.02184217	     27.80023602	     71.65181190	     95.15509729	     -8.32721494	     37.68837821	     26.42422330	     68.13082171
      4.55000000	    -18.65023818	      1.06355874	      2.89408538	      0.74193446	      0.75446160	     -0.08869455	     68.80984504	     -6.92894926	      2.48137429	     64.31654156	      9.21298931	    -35.00000000	      0.00000000	     67.27223016	     -5.75411343	     -5.80139452	     63.74154814	     13.98373703	    -26.17374315	      0.00000000	     -9.21858633	     -1.05105152	     -0.62260655	     98.21344915	    -10.03225604	     41.94913677	     28.15931976	     71.53472623	     96.71974358	     -8.51188983	     37.64073091	     26.64381344	     67.98106699
      4.56666670	    -18.87211163	      1.09245062	      2.78987279	      0.74200416	      0.74989273	     -0.08816916	     69.82599677	     -6.90178676	      2.52317871	     65.32333107	      9.62311377	    -35.00000000	      0.00000000	     68.34340324	     -5.93994276	     -5.76646431	     64.96437768	     14.26205599	    -26.24508269	      0.00000000	     -9.68769182	     -1.07055645	     -0.81437340	     99.30160917	     -9.92248220	     41.93193667	     28.40523611	     71.41765140	     98.06465881	     -8.60080354	     37.67704751	     26.59701100	     67.82811241
      4.58333330	    -19.07733793	      1.14535958	      2.71170294	      0.73844270	      0.74419130	     -0.08885775	     70.85644083	     -6.96269559	      2.57718027	     66.37462433	     10.13576586	    -35.00000000	      0.00000000	     69.38404546	     -6.02530482	     -5.68395582	     66.15097237	     14.71055851	    -26.21216179	      0.00000000	    -10.19561390	     -1.06032490	     -0.96739981	    100.37601795	     -9.76538096	     41.91974590	     28.59633747	     71.30031486	     99.33863381	     -8.72014438	     37.75061503	     26.36830661	     67.67575766
      4.60000000	    -18.93101722	      1.20913013	      2.36951090	      0.73659297	      0.73988154	     -0.08855181	     71.55309826	     -6.80457439	      2.64489815	     67.28680130	     10.54402345	    -35.00000000	      0.00000000	     70.05298400	     -6.43919536	     -5.85790632	     67.32151907	     15.60677896	    -25.63555208	      0.00000000	    -11.08599156	     -1.40048531	     -0.60373562	    102.31662993	    -10.08795513	     46.25537458	     27.13342997	     67.38658209	    102.90151336	     -7.64703764	     47.56594928	     21.11668540	     62.49152369
      4.61666670	    -19.25726545	      1.36542085	      2.36286225	      0.73616492	      0.73353811	     -0.08784089	     72.67619363	     -7.04384657	      2.64950149	     68.30767053	     10.65214698	    -35.00000000	      0.00000000	     71.18339819	     -6.38891973	     -5.84202354	     68.32779721	     15.82619288	    -25.66995079	      0.00000000	    -11.50496789	     -1.44496568	     -0.65828338	    103.41879428	    -10.09128788	     46.05098980	     27.33047023	     67.25455106	    103.95014151	     -7.86348765	     47.42920448	     21.24455337	     62.26358801
      4.63333330	    -19.55902114	      1.48308496	      2.23362070	      0.73080802	      0.72903060	     -0.08740433	     73.77463327	     -7.06890205	      2.72180092	     69.19082412	     10.62435960	    -35.00000000	      0.00000000	     72.30179036	     -6.49208294	     -5.88234676	     69.24954349	     15.92144574	    -25.67273160	      0.00000000	    -12.03258371	     -1.54616074	     -0.55544148	    104.54360919	    -10.07481666	     45.86809113	     27.44380166	     67.13687974	    105.04923482	     -7.97307438	     47.30199460	     21.33225722	     62.05702247
      4.65000000	    -19.79097255	      1.57388547	      1.99547131	      0.73079409	      0.72216090	     -0.08637630	     74.89836551	     -6.96168537	      2.83037272	     70.29961231	     10.81066972	    -34.99910350	      0.00000000	     73.37906557	     -6.78610920	     -5.87262904	     70.33492176	     16.17246770	    -25.75622927	      0.00000000	    -12.58210194	     -1.66444901	     -0.41937764	    105.66642699	    -10.02518387	     45.72190504	     27.51580981	     67.01849566	    106.16823021	     -8.07695249	     47.18254439	     21.34998671	     61.83306287
      4.66666670	    -19.97918401	      1.66180354	      1.83231816	      0.73198110	      0.71839031	     -0.08612973	     75.82944248	     -6.98460270	      2.80693205	     71.39676768	     10.96992097	    -35.00000000	      0.00000000	     74.12043205	     -7.06415418	     -5.97740007	     71.33627911	     16.41573894	    -25.83098822	      0.00000000	    -13.00283673	     -1.78578750	     -0.35287955	    106.50958405	    -10.08005962	     45.62913995	     27.50634394	     66.91286564	    106.94997750	     -8.14630790	     47.10426653	     21.35770676	     61.61818822
      4.68333330	    -20.22457063	      1.79393049	      1.63949021	      0.72921430	      0.71016518	     -0.08566434	     77.00580179	     -7.04616783	      2.80164051	     72.51745087	     11.11498332	    -34.99710342	      0.00000000	     75.14162408	     -7.27792971	     -6.00365405	     72.49417379	     16.92827975	    -25.92949265	      0.00000000	    -13.44427817	     -1.93722980	     -0.23659469	    107.60032495	    -10.06809154	     45.53566522	     27.50690160	     66.80291007	    107.96634953	     -8.18601356	     46.99770752	     21.38855816	     61.38286524
      4.70000000	    -20.44164015	      1.85129878	      1.49453020	      0.73110040	      0.70459004	     -0.08585560	     78.14431982	     -7.10884754	      2.78905585	     73.74563239	     11.30768208	    -34.94677626	      0.00000000	     76.02335326	     -7.51627138	     -5.99993657	     73.69017038	     17.38553778	    -25.94204222	      0.00000000	    -13.80746063	     -2.00336339	     -0.21459537	    108.56649569	    -10.03158222	     45.49376877	     27.48433157	     66.70601076	    108.81396608	     -8.23734668	     46.90727686	     21.38744538	     61.15071381
      4.71666670	    -20.62783117	      1.84470263	      1.44369849	      0.72779838	      0.70059226	     -0.08504062	     79.00908088	     -7.16569138	      2.72560892	     74.62048744	     11.46014634	    -34.81472105	      0.00000000	     76.89276684	     -7.69790170	     -5.94286070	     74.67013555	     17.75892164	    -25.86845021	      0.00000000	    -14.22532956	     -2.06473158	     -0.23110202	    109.38309461	    -10.02917062	     45.47919350	     27.41041546	     66.62071249	    109.62636011	     -8.23596569	     46.81616897	     21.42154719	     60.93224576
      4.73333330	    -20.49694942	      1.72893223	      1.24790184	      0.72855207	      0.69565006	     -0.08489430	     79.68470944	     -7.23334394	      2.37792520	     75.70496854	     13.36487152	    -32.77671071	      0.00000000	     77.51440796	     -8.09282144	     -5.79182103	     75.85043630	     18.22118466	    -25.70439584	      0.00000000	    -14.91039370	     -1.78006125	      0.03777147	    111.53748044	     -9.65952262	     51.55572850	     24.89646046	     62.11994005	    110.44056903	     -8.26208082	     49.20501932	     21.19996113	     49.85169854
      4.75000000	    -20.59338908	      1.71304684	      1.25094762	      0.72512094	      0.68776588	     -0.08319698	     80.73888767	     -7.33367385	      2.24027527	     76.86773935	     13.42231202	    -32.93734655	      0.00000000	     78.57349479	     -8.35506161	     -5.66690380	     77.13756252	     18.58898356	    -25.60522784	      0.00000000	    -15.44879388	     -1.87711574	     -0.07539531	    112.37562998	     -9.62047031	     51.32240067	     25.04769101	     61.99156239	    111.49585185	     -8.31027913	     49.16430712	     21.26331440	     49.76244266
      4.76666670	    -20.64203794	      1.55520933	      1.35848933	      0.72206743	      0.68084836	     -0.08152041	     81.78635106	     -7.44036029	      1.98175434	     77.99865214	     13.56639525	    -32.85079806	      0.00000000	     79.79293568	     -8.60097710	     -5.46152325	     78.50938199	     19.67959662	    -24.39238958	      0.00000000	    -16.24637983	     -1.72181794	     -0.14188994	    113.63651232	     -9.55185935	     50.89138704	     24.89961476	     61.51786423	    112.98575132	     -8.16073880	     49.52967658	     20.55736124	     49.39390670
      4.78333330	    -20.77210867	      1.52142835	      1.29799414	      0.72375299	      0.67648729	     -0.08145744	     82.67643194	     -7.39830866	      1.82160550	     79.02032879	     13.87845112	    -32.94985806	      0.00000000	     80.70458497	     -8.96086781	     -5.36963063	     79.53511753	     19.83912239	    -24.39759881	      0.00000000	    -16.67773510	     -1.83106910	     -0.22546998	    114.42205238	     -9.56732687	     50.76554381	     24.92206304	     61.42545946	    113.99437926	     -8.16385599	     49.54861403	     20.53597573	     49.30389752
      4.80000000	    -20.97761013	      1.48771226	      1.21626428	      0.72188343	      0.66909429	     -0.08116951	     83.72104590	     -7.40315371	      1.73817599	     80.14075817	     14.07971200	    -32.92435443	      0.00000000	     81.90841422	     -9.22261092	     -5.19164012	     80.81509444	     20.15112915	    -24.38423692	      0.00000000	    -17.16441846	     -1.85073469	     -0.33196961	    115.44299888	     -9.54716742	     50.62840109	     24.98594151	     61.35080513	    115.20175111	     -8.22378824	     49.52886030	     20.48814804	     49.22417420
      4.81666670	    -20.92116730	      1.44440799	      1.36017389	      0.72048859	      0.66263277	     -0.08091768	     84.60556272	     -7.74820190	      1.49278188	     81.36507395	     14.99377901	    -31.98292052	      0.00000000	     82.79631248	     -9.33372902	     -5.12618078	     81.93751546	     20.91276256	    -23.70325831	      0.00000000	    -17.94177358	     -1.99469694	     -0.71701528	    116.89555090	     -9.60649152	     53.17979924	     24.18843738	     58.88431244	    117.98097641	     -7.31309089	     57.53279971	     16.18214219	     45.76688649
      4.83333330	    -21.16232735	      1.34980910	      1.34134918	      0.71945131	      0.65738296	     -0.08014101	     85.58655559	     -7.75324501	      1.39790591	     82.29050559	     15.13389364	    -32.07554496	      0.00000000	     83.88509451	     -9.55314240	     -4.96177020	     83.02702419	     21.08724534	    -23.66235342	      0.00000000	    -18.34560382	     -1.94813881	     -0.76572424	    117.75436419	     -9.63022506	     53.01779542	     24.33558455	     58.81505998	    118.98206453	     -7.39250287	     57.43787729	     16.31824334	     45.61360173
      4.85000000	    -21.43953565	      1.23166178	      1.43129936	      0.71942748	      0.64982054	     -0.07956987	     86.73146249	     -7.92401625	      1.21246270	     83.22538411	     15.30647126	    -32.13462072	      0.00000000	     85.08905586	     -9.66319359	     -4.72738861	     84.16464511	     21.45365646	    -23.64514447	      0.00000000	    -18.73633112	     -1.85243781	     -0.93669656	    118.63743696	     -9.62581690	     52.87121541	     24.51379604	     58.75318035	    119.99418357	     -7.49486957	     57.33161139	     16.38347491	     45.45508101
      4.86666670	    -21.78623613	      0.83112836	      1.75556610	      0.72010693	      0.64412036	     -0.07825839	     87.74253576	     -8.17589514	      0.75413744	     84.17329097	     15.83850046	    -31.71542954	      0.00000000	     86.44246478	     -9.70359195	     -4.26902422	     85.24445393	     21.67906197	    -23.23169339	      0.00000000	    -18.93354835	     -1.36291303	     -1.12403178	    119.44455266	     -9.73543420	     52.79653988	     24.80935957	     58.59550324	    120.80076184	     -7.53020036	     57.31179682	     16.29171284	     44.94134006
      4.88333330	    -22.06430302	      0.75288140	      1.95753773	      0.71998650	      0.63933218	     -0.07946391	     88.69254769	     -8.42785494	      0.71938624	     85.15413442	     16.02837724	    -31.71337762	      0.00000000	     87.48676368	     -9.62488643	     -4.09377421	     86.21670162	     21.95040995	    -23.26021557	      0.00000000	    -19.25610659	     -1.26400047	     -1.26879915	    120.17851658	     -9.89551035	     52.67704472	     24.92900557	     58.54955853	    121.61698977	     -7.53314582	     57.23293346	     16.33609201	     44.79245814
      4.90000000	    -22.30278036	      0.59737668	      2.22553170	      0.72149970	      0.63261099	     -0.07925996	     89.58666613	     -8.76274024	      0.63032928	     86.25548081	     16.15372362	    -31.57660084	      0.00000000	     88.41040719	     -9.53470086	     -3.81776107	     87.13952581	     22.20950126	    -23.13270464	      0.00000000	    -19.49097520	     -1.06365364	     -1.47075482	    120.81725189	     -9.95823640	     52.57607677	     25.09124899	     58.51312045	    122.39989924	     -7.48763739	     57.14564137	     16.33241526	     44.64405099
      4.91666670	    -22.55290525	      0.43561472	      2.55625020	      0.72155572	      0.62459833	     -0.07977660	     90.70457913	     -9.28669211	      0.46733818	     87.43927534	     16.56582322	    -31.49105939	      0.00000000	     89.58035942	     -9.35204802	     -3.54565611	     88.33527306	     22.63753731	    -22.97893660	      0.00000000	    -19.70741686	     -0.78161844	     -1.67719897	    121.60581190	    -10.07670737	     52.44126209	     25.28131215	     58.47600701	    123.26703945	     -7.55677716	     57.03953225	     16.22524453	     44.46696269
      4.93333330	    -22.98654718	      0.15116401	      2.92131618	      0.72071100	      0.61742972	     -0.08059815	     91.88721459	     -9.87859871	      0.19334661	     88.64714003	     17.56425307	    -30.24545771	      0.00000000	     90.89405651	     -9.08274319	     -3.12896115	     89.35472966	     23.35815767	    -21.96764644	      0.00000000	    -19.57046627	     -0.33109510	     -2.03133482	    122.05462904	    -10.15015770	     52.43607683	     25.76081941	     58.43649537	    123.96632616	     -7.60557560	     56.99562034	     15.76209179	     43.91260928
      4.95000000	    -23.07444133	      0.11975118	      3.23883565	      0.72323221	      0.61204593	     -0.07863855	     92.70410215	    -10.29382862	      0.18748215	     89.91729641	     18.19468466	    -30.34233960	      0.00000000	     91.69775069	     -9.04796593	     -3.07709061	     90.37994539	     23.62319152	    -21.97966441	      0.00000000	    -19.76359124	     -0.25663606	     -1.89696175	    122.66855609	    -10.44322531	     52.28035201	     25.76473394	     58.40911198	    124.33309384	     -7.40505728	     56.97607247	     15.86849117	     43.75118441
      4.96666670	    -23.32157457	      0.01448530	      3.56965743	      0.72214508	      0.60536740	     -0.07919847	     93.71896291	    -10.73589385	      0.15973045	     91.12769833	     19.14943097	    -29.53316385	      0.00000000	     92.85220860	     -8.89132563	     -2.87425386	     91.52540791	     24.32612501	    -21.27880325	      0.00000000	    -19.64200240	     -0.10003136	     -1.36152746	    123.19805192	    -11.15189032	     52.22401840	     25.88338180	     58.40950641	    124.30447842	     -6.81328270	     56.71294573	     15.83217798	     42.89638199
      4.98333330	    -23.36351516	      0.02246610	      3.79080202	      0.72366881	      0.59757770	     -0.07851494	     94.66076304	    -11.03439918	      0.27678709	     92.55083873	     19.44911099	    -29.62524505	      0.00000000	     93.75580313	     -8.88281655	     -2.72314701	     92.78529838	     24.43589769	    -21.35143316	      0.00000000	    -19.83207597	     -0.09509261	     -1.17185992	    123.85193861	    -11.49151042	     52.08507035	     25.89529772	     58.40105727	    124.60008050	     -6.80874328	     56.60688305	     16.00122944	     42.74315403
      5.00000000	    -23.56233758	     -0.00211393	      3.86041930	      0.72425157	      0.59143301	     -0.07880924	     95.75534030	    -11.20264570	      0.37629358	     93.79812949	     19.88401963	    -29.20875820	      0.00000000	     94.73963881	     -8.97307116	     -2.59664352	     93.91457329	     24.94489791	    -20.81795411	      0.00000000	    -19.65312217	     -0.13680554	     -0.53739693	    124.21896059	    -12.09774680	     52.09459000	     25.84922836	     58.45411579	    124.40580213	     -6.48939028	     56.20475100	     16.57087334	     42.21233197
      5.01666670	    -23.51248918	     -0.01983830	      3.96540780	      0.72266689	      0.58469207	     -0.07862298	     96.76204957	    -11.31274478	      0.56367584	     95.03421430	     20.29145199	    -29.28505408	      0.00000000	     95.56094175	     -8.97157220	     -2.44477568	     95.07947859	     25.20209804	    -20.85816173	      0.00000000	    -20.03365211	     -0.11471516	     -0.46564652	    125.00603849	    -12.08010066	     51.98917559	     25.89600131	     58.45776518	    124.98181433	     -6.52453412	     55.99825465	     16.69836777	     42.06579411
      5.03333330	    -23.36036799	     -0.03132128	      4.19525441	      0.72538834	      0.57972557	     -0.07907512	     97.52420533	    -11.67380587	      0.66251158	     96.43747933	     21.33203738	    -28.38677207	      0.00000000	     96.13787295	     -8.90859219	     -2.32478470	     96.20874246	     25.46426168	    -20.48496250	      0.00000000	    -20.44000054	      0.31504657	     -0.15783351	    126.37898424	    -11.34127257	     53.93658786	     23.84226564	     59.08722199	    124.51007373	     -7.17031974	     52.33119965	     18.96596780	     38.73487807
      5.05000000	    -23.32333345	      0.06670674	      4.21801061	      0.72709093	      0.57341257	     -0.07829354	     98.29004453	    -11.76938392	      0.87151778	     97.55848314	     21.43883954	    -28.50948660	      0.00000000	     96.76711619	     -9.00301084	     -2.22078282	     97.31905961	     25.82011789	    -20.56650137	      0.00000000	    -20.72551504	      0.22570673	      0.09080861	    126.95540916	    -11.27668587	     53.85001035	     23.85108474	     59.06363616	    124.88653079	     -7.07353982	     52.27618061	     19.10874823	     38.72310430
      5.06666670	    -23.14516519	      0.21961512	      4.17356438	      0.72438898	      0.56555215	     -0.07772252	     99.16215823	    -11.86188447	      1.05251632	     98.80813564	     21.45321827	    -28.39098722	      0.00000000	     97.51508717	     -9.23239955	     -2.20526387	     98.53155023	     26.03369535	    -20.33194272	      0.00000000	    -21.23974373	     -0.02798713	      0.58344607	    127.98882974	    -11.30860067	     53.85865212	     23.06862456	     59.01176065	    125.44219731	     -6.52727056	     52.14675155	     19.24468136	     38.67313784
      5.08333330	    -23.09040310	      0.26492710	      4.11010910	      0.72218335	      0.55739632	     -0.07715473	    100.28547964	    -11.92254675	      1.16139527	     99.96006689	     21.67157626	    -28.38787596	      0.00000000	     98.56115217	     -9.37503894	     -2.02976044	     99.84290918	     26.10108902	    -20.46662076	      0.00000000	    -21.68849168	     -0.10380330	      0.70472019	    129.05495742	    -11.11576701	     53.85655056	     22.81972570	     58.99279195	    126.21192133	     -6.41886255	     52.05264025	     19.21958272	     38.65167701
      5.10000000	    -22.72289218	      0.27592459	      4.10175993	      0.72005629	      0.55208615	     -0.07791405	    100.85230418	    -12.03326667	      1.25014074	    100.89404546	     22.04201627	    -27.83027553	      0.00000000	     99.29043679	     -9.37730810	     -1.83898068	    100.82149574	     26.09202854	    -20.37195164	      0.00000000	    -22.62065342	      0.06249480	      0.89270863	    131.06852886	     -9.93910028	     56.53186327	     19.79355773	     59.05016719	    127.36264466	     -6.03189593	     52.47935555	     17.73742713	     38.56380178
      5.11666670	    -22.83406649	      0.34583594	      3.97200086	      0.72360972	      0.54650973	     -0.07754118	    101.77911325	    -12.03624341	      1.39648052	    101.83215725	     22.30195681	    -27.96278336	      0.00000000	    100.25402898	     -9.58711163	     -1.71715606	    101.87797457	     26.07035516	    -20.44611590	      0.00000000	    -22.84082285	     -0.05395245	      1.14198506	    131.84045723	     -9.94766502	     56.58804654	     19.76988698	     59.00902264	    127.92239121	     -5.85668762	     52.53355630	     17.94734113	     38.56745084
      5.13333330	    -22.79435335	      0.46437496	      3.73341709	      0.71636567	      0.53925308	     -0.07831055	    102.68514912	    -11.86332476	      1.64349744	    102.41678642	     22.17553554	    -27.78507573	      0.00000000	    101.21590508	     -9.67458408	     -1.57524005	    102.77926183	     26.01071133	    -20.39809926	      0.00000000	    -23.25802176	     -0.20575658	      1.36391123	    132.76472733	     -9.72951784	     56.66802884	     19.73104343	     58.97901474	    128.66213257	     -5.69419995	     52.57856998	     18.04949215	     38.57367124
      5.15000000	    -22.60973827	      0.59443653	      3.56381027	      0.71868103	      0.53606618	     -0.07710201	    103.30013819	    -11.70722050	      1.86984034	    103.18268029	     22.11726672	    -27.95356217	      0.00000000	    101.77873037	     -9.89058531	     -1.50194310	    103.55393161	     25.69614484	    -20.48899112	      0.00000000	    -23.98422564	     -0.31628314	      2.06581037	    135.22522126	     -8.87760676	     62.99276993	     16.00366653	     58.38386057	    129.76083431	     -5.22810558	     55.28102221	     16.76735323	     38.44470283
      5.16666670	    -22.61695905	      0.70395443	      3.32861963	      0.71189426	      0.52927700	     -0.07822123	    104.10017877	    -11.48580470	      2.04583479	    103.57880042	     22.06765672	    -27.95875366	      0.00000000	    102.63549861	     -9.94419120	     -1.39964500	    104.26716755	     25.54974685	    -20.47543272	      0.00000000	    -24.43241857	     -0.53220523	      2.40462355	    136.26014516	     -8.82137226	     62.93556192	     15.98232401	     58.25780438	    130.48090712	     -5.05712908	     55.27091680	     16.93610551	     38.40564869
      5.18333330	    -22.42814811	      0.75933602	      3.18395211	      0.71676353	      0.52658602	     -0.07714558	    104.56279885	    -11.30794879	      2.15907363	    104.30596749	     21.84444177	    -28.03510784	      0.00000000	    103.02072134	    -10.12974430	     -1.21970527	    104.92703858	     25.13788838	    -20.74634626	      0.00000000	    -24.93757662	     -0.75567158	      3.27017056	    137.24583101	     -9.25847847	     63.18745318	     15.42482900	     57.94855280	    130.61996088	     -4.49688284	     55.33934280	     17.40546943	     38.29125277
      5.20000000	    -22.43336874	      0.81968231	      3.13137821	      0.71522433	      0.52390272	     -0.07687468	    104.96095624	    -11.19093676	      2.27290662	    104.70189775	     21.85989961	    -28.14036284	      0.00000000	    103.44079604	    -10.26385472	     -1.20586079	    105.37559237	     24.94951975	    -20.64097767	      0.00000000	    -25.11283485	     -0.89064543	      3.44339497	    137.69241694	     -9.20940224	     63.31146890	     15.32391195	     57.84189173	    130.75708944	     -4.36527915	     55.31384589	     17.58544001	     38.24209355
      5.21666670	    -22.22144246	      0.77369470	      3.16332441	      0.71474180	      0.52093516	     -0.07709280	    105.19118823	    -11.20178000	      2.33088357	    105.18187248	     21.81191798	    -28.14070242	      0.00000000	    103.66835490	    -10.34934748	     -1.16115020	    105.81610086	     24.91770790	    -20.65367110	      0.00000000	    -25.33357845	     -0.89044281	      3.42156469	    137.72980833	     -9.18044938	     63.33705274	     15.30748917	     57.82474690	    130.70240685	     -4.25270753	     55.32560257	     17.63738052	     38.23716799
      5.23333330	    -22.29859915	      0.67706852	      3.37275702	      0.71240525	      0.51905357	     -0.07694055	    105.55488067	    -11.36668970	      2.40740676	    105.44814720	     21.74840911	    -28.23878631	      0.00000000	    104.13459366	    -10.18576813	     -1.12087243	    106.05163385	     24.74764651	    -20.50939570	      0.00000000	    -25.56842231	     -0.83095453	      3.49054033	    138.35795512	     -9.19904107	     63.42709313	     15.14997185	     57.72135348	    131.11391453	     -3.94709234	     55.32169816	     17.82116048	     38.20403331
      5.25000000	    -22.31436036	      0.62572932	      3.49290609	      0.71534147	      0.51931972	     -0.07655427	    105.58309232	    -11.40311010	      2.39803425	    105.68110123	     21.73052429	    -28.24880554	      0.00000000	    104.17286758	    -10.29119196	     -1.10629447	    105.98954327	     24.72373631	    -20.49244497	      0.00000000	    -25.65474986	     -0.81716568	      3.50119805	    138.35901469	     -9.18019334	     63.44315643	     15.14833833	     57.71393270	    131.08610619	     -3.90899359	     55.32901021	     17.83241710	     38.20205896
      5.26666670	    -22.29359208	      0.48417599	      3.86875833	      0.71393128	      0.51814527	     -0.07754042	    105.66439574	    -11.84667403	      2.42384881	    105.84503344	     21.56687953	    -28.31338310	      0.00000000	    104.26548833	     -9.90812456	     -1.05938813	    105.97840796	     24.57492346	    -20.21453993	      0.00000000	    -25.71803943	     -0.55999598	      3.58422779	    138.59170303	     -9.22703310	     63.56368741	     15.02603488	     57.63392442	    131.00940654	     -3.64403765	     55.38655129	     17.96992422	     38.18428992
      5.28333330	    -22.33015450	      0.27248605	      4.27908120	      0.71669449	      0.52008200	     -0.07788381	    105.49901693	    -12.28093515	      2.32123718	    105.94192973	     21.42760719	    -28.39173560	      0.00000000	    104.19592160	     -9.64726976	     -1.04987745	    105.79370524	     24.62076186	    -20.11690544	      0.00000000	    -25.62273318	     -0.28379571	      3.74748225	    138.54837499	     -9.42142053	     63.73036360	     14.80321956	     57.55674734	    130.75974908	     -3.31030101	     55.46055037	     18.09519362	     38.16465574
      5.30000000	    -22.47406339	      0.06765770	      4.63001488	      0.71562270	      0.52056544	     -0.07835902	    105.41280624	    -12.68252966	      2.16350589	    105.83094555	     21.26962433	    -28.47924756	      0.00000000	    104.21020465	     -9.33782121	     -1.03763795	    105.55848492	     24.66989065	    -20.00406171	      0.00000000	    -25.43246111	     -0.00379684	      3.80904026	    138.58023859	     -9.51599288	     63.92172872	     14.64051769	     57.48273234	    130.70120996	     -2.93384711	     55.50787245	     18.12377520	     38.13509077
      5.31666670	    -22.57993165	     -0.14242050	      4.92627052	      0.71972428	      0.52488524	     -0.07998056	    104.99305133	    -13.06424142	      1.98051356	    105.62168622	     21.06309846	    -28.55625135	      0.00000000	    103.87723349	     -9.07610606	     -1.10752376	    105.15289100	     24.80091092	    -20.03055503	      0.00000000	    -25.10524030	      0.32886634	      3.78660411	    138.20740681	     -9.62236786	     64.16434063	     14.58872829	     57.43068392	    130.32396050	     -2.73187118	     55.58000454	     18.01128421	     38.10762545
      5.33333330	    -22.86716525	     -0.22533964	      5.00358055	      0.72080118	      0.52792444	     -0.08063001	    104.71329179	    -13.16264372	      1.87639969	    105.17608466	     21.04941831	    -28.58666662	      0.00000000	    103.56502237	     -9.02769999	     -1.29092361	    104.60386344	     24.88154559	    -20.03861351	      0.00000000	    -24.78563858	      0.45774819	      3.81682451	    138.12205337	     -9.55520076	     64.21420813	     14.62071171	     57.42380930	    130.43294953	     -2.63904767	     55.58234487	     18.02234317	     38.10343097
      5.35000000	    -23.42893439	     -0.52931522	      5.35555120	      0.72182195	      0.53151429	     -0.08346987	    104.57667013	    -13.69852093	      1.67128296	    104.56730147	     20.67653910	    -29.08268243	      0.00000000	    103.46309234	     -8.45230658	     -1.32047219	    103.95689065	     25.08202812	    -20.13610459	      0.00000000	    -23.68137240	      0.90092090	      3.44674855	    137.11250246	     -9.59444876	     65.02285330	     14.96186286	     57.22704144	    129.64700283	     -2.19141449	     55.66787971	     17.35309268	     37.97111202
      5.36666670	    -23.83065846	     -0.58350094	      5.36367394	      0.72143990	      0.53514804	     -0.08223220	    104.27258696	    -13.64207974	      1.58822459	    103.84501026	     20.67194304	    -29.06622489	      0.00000000	    103.08583072	     -8.33674235	     -1.39238335	    103.13286027	     25.15044477	    -20.15249253	      0.00000000	    -23.32345116	      0.95319962	      3.42080006	    137.12616853	     -9.47116259	     65.05198612	     15.01231008	     57.21655264	    129.82865672	     -2.07989400	     55.66623440	     17.37637720	     37.96623525
      5.38333330	    -24.08097462	     -0.69818600	      5.51773770	      0.72730423	      0.54348959	     -0.08473741	    103.54697126	    -13.88353554	      1.41322233	    103.06815592	     20.46268128	    -29.12714386	      0.00000000	    102.43966268	     -8.13739077	     -1.59932726	    102.14499973	     25.22537330	    -20.40672744	      0.00000000	    -22.69333238	      1.18833168	      3.01974681	    136.37173303	     -9.37462268	     65.25138330	     15.17108197	     57.15345024	    129.28261501	     -2.00477821	     55.74026539	     17.16124242	     37.93091544
      5.40000000	    -24.85186461	     -0.74094703	      5.77324712	      0.73076894	      0.54954679	     -0.08480213	    103.21631911	    -14.07957290	      1.39631704	    102.13122900	     20.08245393	    -29.70021960	      0.00000000	    102.04242960	     -7.86750681	     -1.86852585	    101.01193382	     25.21962282	    -20.64773189	      0.00000000	    -21.31635812	      1.22176200	      2.39744946	    135.11725421	     -9.24103650	     65.45766472	     15.63677866	     56.82820708	    128.57797281	     -2.00977350	     55.76979553	     16.81852093	     37.77928829
      5.41666670	    -25.08516934	     -0.72754123	      5.77270844	      0.72790354	      0.55452415	     -0.08790704	    102.51663678	    -14.09473271	      1.35653779	    101.13294188	     19.86321818	    -29.55926061	      0.00000000	    101.27641732	     -7.64299381	     -2.17951024	    100.01913116	     25.31241960	    -20.80889967	      0.00000000	    -20.81796623	      1.30969827	      2.31022125	    134.83487525	     -9.12805515	     65.45745247	     15.67839730	     56.72472950	    128.38142989	     -1.90691101	     55.82108881	     16.73111192	     37.74161794
      5.43333330	    -25.29478890	     -0.77073588	      5.89047883	      0.73177538	      0.56219777	     -0.08730321	    101.78844528	    -14.16183469	      1.19171606	    100.15614260	     19.76424490	    -29.59436279	      0.00000000	    100.38166962	     -7.37002419	     -2.33864392	     98.90835652	     25.16743561	    -21.06264139	      0.00000000	    -20.27960788	      1.41624523	      1.91448409	    134.30431913	     -8.97948793	     65.45179823	     15.76440987	     56.59215104	    128.21155678	     -1.94286544	     55.88375514	     16.55802648	     37.68630266
      5.45000000	    -25.43258895	     -0.74165719	      6.18992921	      0.73258669	      0.56968246	     -0.08777980	    100.93807695	    -14.37367066	      1.12533519	     99.12342689	     19.44810951	    -29.91817363	      0.00000000	     99.39985792	     -6.97017115	     -2.61531481	     97.67598312	     24.69702115	    -21.74473163	      0.00000000	    -19.77966365	      1.51749657	      1.28297119	    133.73846138	     -8.69147820	     65.14814337	     15.88914640	     56.17158548	    128.12045657	     -2.22718900	     56.07056420	     16.29899774	     37.53626769
      5.46666670	    -25.54662957	     -0.71911062	      6.38142050	      0.73854107	      0.58000090	     -0.08898143	     99.67887782	    -14.46317739	      0.98972802	     97.83471671	     19.20973682	    -29.77827484	      0.00000000	     98.10812211	     -6.71137775	     -2.89330731	     96.27143379	     24.57331685	    -21.72709269	      0.00000000	    -19.13661479	      1.61562985	      1.31827754	    133.08284838	     -8.77153952	     65.05909449	     15.91955172	     56.04737896	    127.38869161	     -2.19209592	     56.17390144	     16.26800692	     37.49355161
      5.48333330	    -25.87573353	     -0.73826214	      6.71761524	      0.74048593	      0.58723747	     -0.08822562	     98.67175089	    -14.62124639	      0.81786080	     96.60628313	     18.91032013	    -30.45533456	      0.00000000	     97.20757416	     -6.31969988	     -3.05974475	     94.83487485	     24.44612964	    -22.07235634	      0.00000000	    -18.14255146	      1.62944504	      0.77507317	    131.45615622	     -9.51141303	     61.79009950	     18.50921602	     54.08860290	    126.34492770	     -2.86345318	     55.71468180	     17.94421450	     36.69113774
      5.50000000	    -25.91816006	     -0.74692109	      6.67586026	      0.74133837	      0.59715945	     -0.08883583	     97.33856373	    -14.48286980	      0.49451059	     95.16252709	     18.92436403	    -30.29606650	      0.00000000	     95.93622834	     -6.17167454	     -3.15771717	     93.43024579	     24.19738601	    -22.05799351	      0.00000000	    -17.53443266	      1.63489999	      0.63273729	    130.63124704	     -9.38941618	     61.74794935	     18.68222272	     54.05702703	    125.84252643	     -2.93917114	     55.68558629	     17.81993268	     36.65480393
      5.51666670	    -26.18307382	     -0.78689747	      6.68355562	      0.74501395	      0.60683066	     -0.08958608	     95.99889468	    -14.49995499	      0.09198096	     93.60441331	     19.83107053	    -29.30420862	      0.00000000	     94.78148583	     -5.94020028	     -3.19881914	     91.78163945	     23.22342695	    -23.29857107	      0.00000000	    -16.55807710	      1.56311862	      0.24511358	    128.75104189	    -10.04938110	     58.47258268	     21.41247419	     53.36883253	    124.91827616	     -3.24183505	     55.16944270	     18.79656982	     36.37768794
      5.53333330	    -26.10997743	     -0.77190154	      6.46857067	      0.74780403	      0.61731241	     -0.09082107	     94.36751488	    -14.29852767	     -0.27886468	     91.88280246	     19.62921827	    -29.35541674	      0.00000000	     93.30161449	     -5.95504635	     -3.35937073	     90.25075236	     22.93106620	    -23.22800153	      0.00000000	    -15.90923295	      1.55297414	      0.13524798	    127.64884446	     -9.91616109	     58.45587887	     21.44177679	     53.39983090	    124.30695326	     -3.40051948	     55.22081208	     18.61406487	     36.37372813
      5.55000000	    -25.98508975	     -0.69552589	      6.13842465	      0.74759235	      0.62599031	     -0.09301648	     92.97528999	    -14.01673166	     -0.42615036	     90.25900081	     19.20526231	    -29.28692451	      0.00000000	     91.74211122	     -5.84608617	     -3.49582368	     88.61521231	     22.91607873	    -23.36259896	      0.00000000	    -15.28617126	      1.58761556	      0.09225133	    126.65557957	     -9.69229393	     58.35997331	     21.64827569	     53.42018055	    123.68834662	     -3.61880389	     55.31768820	     18.46576128	     36.38213657
      5.56666670	    -25.76170481	     -0.62686603	      5.85856868	      0.75261192	      0.63787638	     -0.09275354	     91.18308996	    -13.71741372	     -0.62215587	     88.46765042	     18.97654415	    -29.30420050	      0.00000000	     89.88376871	     -5.78952809	     -3.57324267	     86.82929176	     22.69064084	    -23.44092184	      0.00000000	    -14.65113915	      1.59378751	     -0.11506298	    125.19034619	     -9.54955358	     58.25944144	     21.95695496	     53.44192652	    122.75077166	     -3.95960664	     55.43854374	     18.37390128	     36.39441414
      5.58333330	    -25.50343310	     -0.42037370	      5.59939774	      0.75298139	      0.64547730	     -0.09265313	     89.61077444	    -13.41809422	     -0.62565809	     86.87614561	     18.28497610	    -30.10644613	      0.00000000	     88.23389816	     -5.67217749	     -3.70535273	     85.26638025	     21.85304960	    -24.40883075	      0.00000000	    -14.11624716	      1.25399960	     -0.45361123	    123.02188917	    -10.09340464	     52.74269840	     25.12291028	     53.42172931	    122.14463099	     -4.53631865	     55.81024802	     19.75206059	     36.54690296
      5.60000000	    -25.27627842	     -0.35220149	      5.42266947	      0.75761698	      0.65619467	     -0.09203844	     87.93589772	    -13.13213436	     -0.76654179	     85.18722826	     18.09137735	    -29.86533473	      0.00000000	     86.45036256	     -5.61228579	     -3.76320475	     83.45695777	     21.76408411	    -24.15043200	      0.00000000	    -13.29070356	      1.22451772	     -0.58920436	    121.76125314	     -9.92080971	     52.83678920	     25.07688524	     53.54216779	    121.02824401	     -4.74445227	     55.86197933	     19.36945567	     36.53735218
      5.61666670	    -25.06052635	     -0.27605526	      5.33416965	      0.75781670	      0.66438028	     -0.09226732	     86.41970351	    -12.87782633	     -0.88032197	     83.66767331	     18.05092160	    -29.85839455	      0.00000000	     84.89643676	     -5.49643009	     -3.82176434	     81.78690653	     21.70627118	    -24.03286936	      0.00000000	    -12.53345525	      1.15629585	     -0.71771693	    120.81311112	     -9.89432235	     52.90358638	     24.92927789	     53.63915362	    120.01171728	     -4.77414274	     55.92561583	     19.14738505	     36.53204731
      5.63333330	    -24.79421081	     -0.17317757	      5.19916900	      0.75996335	      0.67528917	     -0.09276435	     84.70350365	    -12.59038131	     -1.00788184	     81.93444273	     17.86052572	    -29.81702496	      0.00000000	     83.28888040	     -5.36825150	     -3.88739127	     80.06578701	     21.39214253	    -24.09100211	      0.00000000	    -11.80246383	      1.06621309	     -0.73094077	    119.83513032	     -9.96587545	     52.99358545	     24.77271211	     53.73878259	    118.81109829	     -4.66210322	     55.96780616	     19.01809742	     36.52322906
      5.65000000	    -24.56596254	     -0.13319398	      5.10170399	      0.76092702	      0.68293093	     -0.09296416	     83.19764062	    -12.39892651	     -1.18855751	     80.32797915	     17.64198692	    -29.88991201	      0.00000000	     81.88281802	     -5.23749415	     -3.92683069	     78.55642427	     21.01938660	    -24.27363314	      0.00000000	    -11.08908971	      1.00304826	     -0.83934847	    118.95816049	     -9.99093311	     53.09892761	     24.66554269	     53.83462325	    118.03251767	     -4.62864033	     55.95555391	     18.89018871	     36.50590918
      5.66666670	    -24.19012377	     -0.04253916	      5.12831570	      0.76075704	      0.69239070	     -0.09216954	     81.63420206	    -12.26998363	     -1.33644917	     78.56684803	     16.56684246	    -30.60752336	      0.00000000	     80.26721931	     -4.96848616	     -3.93670104	     76.71833710	     19.69095229	    -25.46210629	      0.00000000	    -10.66079141	      0.97310240	     -0.46539732	    118.27567481	    -10.60347224	     53.06512591	     24.84289862	     54.29744787	    117.04127174	     -4.29194533	     55.57111400	     19.07126757	     36.44124858
      5.68333330	    -23.99783934	     -0.00357799	      5.08385891	      0.76616149	      0.70416948	     -0.09324388	     79.80710919	    -12.10152707	     -1.54953309	     76.52537270	     16.21762483	    -30.40336386	      0.00000000	     78.61402984	     -4.84104932	     -4.08106342	     74.80730064	     19.28602534	    -25.28090554	      0.00000000	     -9.71422351	      0.94859862	     -0.61746092	    116.78970544	    -10.77237357	     53.27475189	     24.81293529	     54.38696796	    115.74498009	     -4.36374228	     55.67261480	     18.98703388	     36.45199733
      5.70000000	    -23.70740192	      0.05004582	      5.20076139	      0.76816885	      0.71393457	     -0.09240313	     78.06940759	    -12.04970733	     -1.75888277	     74.69074137	     15.72383010	    -30.30919482	      0.00000000	     76.87030705	     -4.59665283	     -4.17595198	     72.88305265	     18.78617773	    -25.09760096	      0.00000000	     -8.88593455	      0.94069364	     -0.78450022	    115.39255335	    -10.99483273	     53.43009649	     24.88707931	     54.46803604	    114.46540641	     -4.43028631	     55.80886416	     19.01159457	     36.47566967
      5.71666670	    -23.41386451	      0.08021936	      5.29877390	      0.77292281	      0.72192283	     -0.09212277	     76.33937190	    -11.96564494	     -1.95482224	     72.86746263	     14.39376460	    -31.49622069	      0.00000000	     75.10791537	     -4.28502239	     -4.03616941	     71.05167976	     17.66252801	    -25.92061609	      0.00000000	     -8.13739517	      0.85411725	     -1.11742307	    113.54936746	    -11.66624127	     52.58040886	     27.04486883	     54.83973632	    113.30770021	     -4.94051654	     55.97907769	     20.22804920	     36.64744961
      5.73333330	    -23.06612852	      0.12977414	      5.41562435	      0.77568059	      0.73008853	     -0.09243282	     74.64500110	    -12.01647589	     -2.25629330	     71.35734163	     13.94901333	    -31.34633915	      0.00000000	     73.40068037	     -4.07872940	     -4.09936879	     69.35753254	     17.38009002	    -25.57341091	      0.00000000	     -7.14271364	      0.80827974	     -1.15410560	    111.82201967	    -11.93950694	     52.69619725	     26.89328399	     54.90168959	    111.69487887	     -4.89943514	     56.18602943	     20.18683179	     36.68343191
      5.75000000	    -22.69749200	      0.21207961	      5.45132051	      0.78162825	      0.74190193	     -0.09182091	     72.69713421	    -11.92916758	     -2.49408373	     69.53112606	     13.59359722	    -31.42333255	      0.00000000	     71.33146943	     -3.89430935	     -4.15411187	     67.39345180	     16.98249282	    -25.28593533	      0.00000000	     -6.05526832	      0.67763019	     -0.91468733	    109.85430392	    -12.30691388	     52.83006779	     26.78789861	     54.95871235	    109.47672172	     -4.89572955	     56.45997146	     20.31160517	     36.73347711
      5.76666670	    -22.34911919	      0.29931093	      5.35034137	      0.78313286	      0.75037237	     -0.09316226	     70.91096842	    -11.76914230	     -2.69375725	     67.76991194	     13.15348758	    -31.45324722	      0.00000000	     69.55892948	     -3.74703627	     -4.22800014	     65.48004760	     16.63469022	    -25.20520532	      0.00000000	     -5.12583246	      0.57619867	     -0.78427700	    108.03709871	    -12.52748865	     52.93785432	     26.84232702	     55.01440257	    107.60561752	     -4.91529268	     56.64969060	     20.58171442	     36.77921666
      5.78333330	    -21.99759840	      0.37352725	      5.29876375	      0.78632526	      0.76178007	     -0.09168546	     69.03197883	    -11.45059613	     -2.75448370	     65.67800471	     11.12492372	    -33.06968586	      0.00000000	     67.53257341	     -3.55291756	     -4.24372937	     63.11976721	     14.99553503	    -26.27578599	      0.00000000	     -4.36606402	      0.40986983	     -0.65698016	    105.32307583	    -13.49052429	     50.44599186	     29.71058691	     55.43939170	    104.93087962	     -5.96022030	     54.60925731	     24.43675027	     37.06073252
      5.80000000	    -21.58740207	      0.49197959	      5.39127509	      0.78828444	      0.77329551	     -0.09062004	     67.00675220	    -11.34106431	     -2.91460354	     63.58701323	     10.62152312	    -32.67384398	      0.00000000	     65.40964863	     -3.25408864	     -4.25434138	     60.50878218	     14.41329729	    -25.75167129	      0.00000000	     -3.49288239	      0.26966299	     -0.32749020	    103.35820157	    -13.93419983	     50.61009442	     29.27132772	     55.50677128	    102.52398294	     -5.66088131	     54.77099780	     24.60150215	     37.13122829
      5.81666670	    -20.64774773	      0.58861108	      5.48239362	      0.79621759	      0.78463264	     -0.09010410	     64.16006930	    -11.08254410	     -3.03227979	     61.26237507	      9.14158007	    -33.50733550	      0.00000000	     62.54994389	     -3.05887716	     -4.27972969	     57.74934038	     12.89440502	    -26.74707536	      0.00000000	     -3.13669574	      0.07516461	     -0.18179026	    100.11723693	    -14.95647629	     47.98666692	     31.51665805	     56.25475621	     98.95012732	     -6.08626760	     50.38753230	     28.16335597	     37.90063161
      5.83333330	    -20.33776884	      0.68784300	      5.70990475	      0.79802132	      0.79321787	     -0.09034988	     62.14978034	    -11.15680873	     -3.35835529	     59.05395860	      8.67774280	    -33.20489840	      0.00000000	     60.57103604	     -2.65846361	     -4.25856525	     55.22934569	     12.56131655	    -26.30563700	      0.00000000	     -2.09260717	     -0.02993126	     -0.15131207	     98.00996491	    -15.18626063	     48.20892062	     31.07448419	     56.34255235	     96.51208413	     -5.74563270	     50.62155730	     28.14582647	     38.03236620
      5.85000000	    -19.82618952	      0.77318886	      5.74165239	      0.80011908	      0.80075446	     -0.09056480	     60.12968486	    -11.08025581	     -3.68662541	     56.88386075	      7.01319964	    -34.31085637	      0.00000000	     58.46032478	     -2.36502607	     -4.08108340	     52.77798437	     11.27027280	    -26.83763731	      0.00000000	     -1.61641523	     -0.18560707	     -0.35658759	     95.56154266	    -15.04443220	     45.09327218	     31.70968881	     57.61928691	     94.22970938	     -5.58575466	     47.66108273	     28.98743310	     40.31815376
      5.86666670	    -19.63154948	      0.82083708	      5.82292317	      0.80524354	      0.81017410	     -0.08995680	     58.30427923	    -10.98081624	     -4.03613888	     54.58691536	      6.71659665	    -33.98210003	      0.00000000	     56.56087111	     -2.11996321	     -3.99939211	     50.31266860	     10.94113868	    -26.53837436	      0.00000000	     -0.66751313	     -0.28638497	     -0.67086398	     93.56310261	    -14.92473952	     45.47772208	     31.67514060	     57.75041490	     92.30533957	     -5.68015239	     47.94490107	     28.72216063	     40.46252766
      5.88333330	    -19.36510216	      0.91165983	      5.76336589	      0.80805782	      0.82056733	     -0.09020472	     56.34715444	    -10.89569149	     -4.47256569	     51.99209386	      6.22262916	    -33.64471838	      0.00000000	     54.44792125	     -1.83620451	     -3.84071411	     47.55544073	     10.25568150	    -26.09432933	      0.00000000	      0.19339523	     -0.38297256	     -0.77231941	     91.56362944	    -14.83031176	     45.81873506	     31.67166404	     57.86308144	     90.37641847	     -5.90481362	     48.23660664	     28.51293585	     40.60298958
      5.90000000	    -18.47127226	      0.99941262	      5.81177566	      0.81126365	      0.83265374	     -0.09133820	     53.54100038	    -10.80651894	     -4.90164626	     49.15676645	      4.90976488	    -34.11459464	      0.00000000	     51.53283186	     -1.45229033	     -3.57758390	     44.48025252	      8.34697807	    -27.07789527	      0.00000000	      0.18247860	     -0.33429656	     -0.94896478	     89.40714436	    -14.89964882	     44.82493639	     32.61358242	     58.74558083	     88.09471526	     -6.59324000	     47.95892391	     30.04488198	     42.23395746
      5.91666670	    -17.68624516	      1.09882293	      5.55486351	      0.81554642	      0.84076457	     -0.08999964	     50.95716524	    -10.51353352	     -5.29895173	     46.44009034	      4.22645654	    -33.83570036	      0.00000000	     48.90233494	     -1.39942671	     -3.53877374	     41.83011202	      7.47236298	    -26.67836864	      0.00000000	      0.51534652	     -0.45864614	     -0.95981550	     87.37785997	    -14.74199677	     44.89285265	     32.28396090	     59.00892902	     86.04077846	     -6.94588759	     48.04426842	     30.10449110	     42.68611867
      5.93333330	    -16.98590220	      1.28135587	      5.26460378	      0.81997514	      0.84941851	     -0.08962131	     48.53279469	    -10.24945776	     -5.62384778	     43.80626414	      3.30971037	    -33.84001686	      0.00000000	     46.31915539	     -1.33447335	     -3.75957525	     39.04835709	      6.21974613	    -27.05867070	      0.00000000	      0.87101048	     -0.56384140	     -1.19646701	     85.39254507	    -14.12920956	     44.68587317	     31.93343907	     59.34847563	     83.97553903	     -7.74971814	     48.14241730	     30.55414817	     43.39603002
      5.95000000	    -16.64134816	      1.19377668	      5.22505190	      0.81609968	      0.85765640	     -0.08866413	     46.59903820	     -9.88870537	     -6.16030150	     41.10276203	      2.49246243	    -33.34340651	      0.00000000	     44.59381662	     -1.36449510	     -3.77344459	     36.55577542	      5.22162140	    -26.58305738	      0.00000000	      1.41229020	     -0.50744995	     -1.07556196	     83.82143045	    -14.22096661	     44.81661232	     31.54195592	     59.45382732	     82.23456050	     -7.80657938	     48.43735124	     30.54468138	     43.64061827
      5.96666670	    -15.83796465	      1.10676360	      5.23565695	      0.82138060	      0.86402316	     -0.08964232	     44.10193727	     -9.60071283	     -6.72154437	     38.48310098	      1.60830130	    -33.08400561	      0.00000000	     42.41320430	     -1.30666994	     -3.49343086	     34.23181232	      4.27238657	    -26.28505843	      0.00000000	      1.47659015	     -0.31872282	     -0.86795098	     82.16260506	    -14.62360272	     44.82150373	     31.40785732	     59.60295707	     80.34346160	     -8.05212004	     48.65203785	     31.12140897	     44.05911477
      5.98333330	    -14.87634092	      1.00093182	      5.27164445	      0.82613116	      0.87451663	     -0.08872380	     41.17835913	     -9.20344830	     -7.36746420	     35.54706017	      0.57032132	    -32.98431166	      0.00000000	     39.85236287	     -1.38155656	     -3.42674680	     31.78109833	      3.25348094	    -25.95444353	      0.00000000	      1.47255769	     -0.18873063	     -0.92189059	     79.94363553	    -15.01543531	     44.54949784	     32.08810762	     59.79190676	     77.88553893	     -8.62338862	     48.54801015	     32.41951158	     44.68627680
      6.00000000	    -13.94579011	      0.90903702	      5.16917118	      0.83033133	      0.88209116	     -0.08732305	     38.34570884	     -8.73912115	     -8.05435394	     32.65069665	     -0.25569367	    -32.53419636	      0.00000000	     37.34948656	     -1.54925954	     -3.49717932	     29.46209503	      2.23205189	    -25.62158905	      0.00000000	      1.50205386	     -0.08231405	     -0.94614743	     77.44112559	    -15.34624353	     43.62029792	     33.19969229	     59.93155225	     75.20652769	     -9.56534776	     47.96597727	     34.16056514	     45.42338847
      6.01666670	    -13.20752946	      0.90079244	      4.96012479	      0.82946410	      0.88839409	     -0.08718539	     35.98248642	     -8.34888799	     -8.63676107	     29.87449751	     -0.79564437	    -31.80478539	      0.00000000	     35.20852951	     -1.63851270	     -3.72565599	     27.21857974	      1.26851065	    -25.34415222	      0.00000000	      1.45753179	     -0.01340868	     -1.30630998	     74.94804191	    -15.23654703	     42.18731699	     34.66401534	     60.14565645	     72.87803740	    -10.70674376	     47.03768945	     35.62833839	     46.28989732
      6.03333330	    -12.48588368	      0.78943544	      4.81657145	      0.83470472	      0.89261493	     -0.08741992	     33.62490368	     -7.97733564	     -9.45654063	     27.32552926	     -1.31725442	    -31.04037480	      0.00000000	     33.11268264	     -1.76098390	     -3.82098884	     25.01442413	      0.78422434	    -24.73027078	      0.00000000	      1.51893751	      0.13253872	     -1.51756450	     72.65456456	    -15.29738135	     41.27130215	     35.51866616	     60.45278036	     70.70632387	    -11.21795743	     46.37587349	     36.34150023	     47.03286309
      6.05000000	    -12.11123901	      0.74547462	      4.67546888	      0.84015733	      0.89855883	     -0.08623222	     31.68127532	     -7.63857341	    -10.01306813	     24.99004798	     -1.96554796	    -30.15851417	      0.00000000	     31.34207528	     -1.87208632	     -4.22756875	     22.92461188	      0.04403308	    -24.08278004	      0.00000000	      2.27248195	      0.12997362	     -1.67767096	     69.99326427	    -15.43724384	     41.25520449	     35.85071219	     60.59790313	     68.20995447	    -11.62393970	     46.39704142	     36.43716184	     47.29648098
      6.06666670	    -11.25430696	      0.79296115	      4.50754318	      0.84287748	      0.90177874	     -0.08540805	     29.35739812	     -7.38400910	    -10.81292367	     22.81440285	     -0.93000969	    -27.95607539	      0.00000000	     29.27377082	     -1.95633114	     -4.66949805	     21.17663228	      0.07488649	    -23.36477763	      0.00000000	      2.02499470	     -0.03311007	     -1.58016222	     66.40714015	    -16.29198526	     37.90660308	     39.73352845	     61.62819287	     65.34594916	    -12.11498889	     43.39274142	     39.25947640	     49.25107427
      6.08333330	    -10.49371014	      0.69025758	      4.39971386	      0.84373142	      0.90430448	     -0.08585017	     27.30232974	     -7.05815920	    -11.73423904	     20.67125444	     -1.54558036	    -27.44144363	      0.00000000	     27.39495492	     -2.13307867	     -5.04568013	     19.55669460	     -0.29445453	    -22.81590071	      0.00000000	      1.98822003	      0.19913075	     -1.80082261	     64.33290767	    -16.36249264	     37.63808558	     40.54384464	     62.23568358	     63.55264444	    -12.48061101	     43.09109165	     39.13500449	     50.07745282
      6.10000000	     -9.92379488	      0.81330030	      4.15237189	      0.84630109	      0.90661658	     -0.08649246	     25.54694899	     -6.92263375	    -12.34584803	     18.68861338	     -1.37021283	    -25.88662380	      0.00000000	     25.68539930	     -2.09926195	     -5.68735612	     17.84841822	     -0.75416905	    -22.44884542	      0.00000000	      2.01316165	      0.03905378	     -1.46393560	     61.93801901	    -17.40374338	     37.10215063	     42.44568981	     63.31306774	     61.50695688	    -12.80552135	     42.39574323	     40.16977004	     51.52949997
      6.11666670	     -9.85479218	      0.83296407	      3.97157913	      0.85367482	      0.91056337	     -0.08444533	     24.05037197	     -6.61248092	    -12.91882677	     16.45591020	     -2.07061961	    -24.99718755	      0.00000000	     24.27405094	     -2.17769351	     -6.29279613	     15.98261973	     -1.42819119	    -21.79346247	      0.00000000	      3.04248974	     -0.00757177	     -1.36302776	     59.44727652	    -17.65183073	     37.34333079	     42.60994668	     63.55755290	     59.08847390	    -13.15473940	     42.54074917	     40.13583213	     51.84576112
      6.13333330	     -8.76133389	      0.88273303	      3.79685979	      0.86320522	      0.91247166	     -0.08410318	     21.18788671	     -6.31214323	    -14.06387646	     14.25529859	     -1.07250668	    -22.41751921	      0.00000000	     21.50770971	     -2.33164948	     -7.46168341	     13.99084082	     -0.74843897	    -19.67576864	      0.00000000	      2.77821921	     -0.14740995	     -1.10598151	     56.28320765	    -18.77393070	     36.31152712	     45.43485089	     64.59201396	     56.15584957	    -13.64925586	     40.93251696	     42.25029448	     53.27530516
      6.15000000	     -8.34293019	      0.85990089	      3.47435051	      0.86480213	      0.91554023	     -0.08359188	     19.23527964	     -5.90315388	    -15.11905757	     11.97439668	     -0.59104254	    -20.08150617	      0.00000000	     19.80080432	     -2.50973230	     -8.56473327	     12.27453470	     -0.46170691	    -18.00784509	      0.00000000	      3.26467122	     -0.16264648	     -0.68069976	     52.94957214	    -19.41942052	     34.54403393	     47.58161232	     65.98066852	     53.14571898	    -13.73730823	     38.78713616	     43.49141447	     55.30720069
      6.16666670	     -7.59632986	      0.95047791	      3.16276815	      0.87086863	      0.91980421	     -0.08294553	     16.85073174	     -5.52523782	    -15.98497075	      9.58736556	     -0.49007845	    -18.20826666	      0.00000000	     17.50609873	     -2.53061427	     -9.65652873	     10.23927898	     -0.33198479	    -16.35589454	      0.00000000	      3.49716055	     -0.29549053	     -0.08189676	     49.95450092	    -19.83303344	     33.58371520	     48.38599342	     67.16332234	     50.21921094	    -13.83165766	     37.87574120	     44.35078530	     57.10550284
      6.18333330	     -7.11498624	      1.02843912	      2.97245684	      0.87501869	      0.91920791	     -0.08293233	     14.94324268	     -5.25204789	    -16.96515990	      7.49105800	      0.02945126	    -15.88194633	      0.00000000	     15.74084885	     -2.46115773	    -10.86261137	      8.53055809	      0.10738176	    -14.44205951	      0.00000000	      3.86316319	     -0.37575055	      0.44642970	     46.93158195	    -20.43605881	     32.46217958	     49.73715572	     68.45953358	     47.25699710	    -14.02165154	     36.70387816	     45.76638296	     59.07649504
      6.20000000	     -6.39455863	      1.12584064	      2.74544074	      0.87841338	      0.92466288	     -0.08288568	     12.92955230	     -5.01061034	    -17.59626385	      5.55112583	      0.31008334	    -13.85679488	      0.00000000	     13.77083168	     -2.34992632	    -11.89990750	      6.81627032	      0.23768497	    -12.76243122	      0.00000000	      3.75807791	     -0.42785857	      0.58585357	     44.02050866	    -20.52079230	     31.05735192	     50.84002695	     69.73807134	     44.49102114	    -14.17101736	     35.36668948	     46.59875731	     61.05423473
      6.21666670	     -6.26635185	      1.18416142	      2.52963686	      0.88082376	      0.92669644	     -0.08263244	     11.78722695	     -4.77001705	    -17.74606767	      3.86848180	     -0.22956995	    -13.08482826	      0.00000000	     12.64832184	     -2.19388129	    -12.40551435	      5.35218192	     -0.24907308	    -12.17409063	      0.00000000	      4.36103880	     -0.41117749	      0.61649702	     41.71192700	    -20.49958640	     31.24264828	     50.74072733	     69.98900287	     42.08118684	    -14.37556250	     35.50232647	     46.33678678	     61.41745158
      6.23333330	     -5.15508770	      1.26206725	      2.29437075	      0.88067040	      0.92624766	     -0.08206589	      9.84515201	     -4.57794185	    -18.62804724	      2.60320261	      0.39983487	    -10.94546997	      0.00000000	     10.58145933	     -2.09553914	    -13.95139214	      3.97717766	      0.36244198	     -9.75541220	      0.00000000	      3.22034282	     -0.51160351	      0.58558114	     39.66520756	    -20.41866312	     30.04506866	     51.48442722	     71.00499414	     40.03550797	    -14.43346462	     34.05846225	     46.91202854	     62.95187955
      6.25000000	     -4.53380756	      1.33964732	      2.09978679	      0.88723226	      0.93252094	     -0.08031713	      8.28050164	     -4.37668673	    -19.19822321	      1.37648815	      0.55566019	     -9.11407957	      0.00000000	      9.02480450	     -1.96117259	    -15.05526959	      2.67669051	      0.39496621	     -7.91839017	      0.00000000	      2.82916432	     -0.58550003	      0.56252237	     37.18718939	    -19.95113331	     28.53166602	     51.71898050	     72.38496173	     37.27900640	    -14.51497333	     32.40792691	     47.64074381	     65.08013041
      6.26666670	     -4.31540769	      1.30585385	      1.94052978	      0.89039743	      0.93349378	     -0.08008619	      7.41208971	     -4.12855242	    -19.15857905	      0.50885708	      0.22752093	     -8.58346694	      0.00000000	      8.09619844	     -1.95497616	    -15.36376261	      1.82382767	      0.07567454	     -7.46063321	      0.00000000	      2.95281332	     -0.51940035	      0.61328740	     35.11939220	    -19.77306814	     28.69898897	     51.37148950	     72.64735830	     35.01636504	    -14.57595852	     32.49061133	     47.35376944	     65.46611380
      6.28333330	     -3.99956058	      1.27515665	      1.74198755	      0.89002892	      0.93176964	     -0.08035163	      6.73315033	     -3.97002728	    -19.27573180	      0.00000000	      0.27507301	     -8.37201902	      0.00000000	      7.21766370	     -1.94052637	    -15.78012967	      1.14078598	      0.19550463	     -7.28738270	      0.00000000	      2.86335433	     -0.43337519	      0.77896974	     33.57102575	    -19.70372685	     28.82500637	     50.99064789	     72.76163847	     33.12107877	    -14.50951532	     32.63608611	     47.16139093	     65.64624510
      6.30000000	     -3.26369924	      1.35652119	      1.57758346	      0.89365033	      0.92975423	     -0.08101102	      5.74896717	     -4.04171895	    -20.19364533	      0.00000000	      1.35250713	     -5.94621010	      0.00000000	      5.82647622	     -1.80670807	    -17.39038130	      0.38603169	      1.12922505	     -4.09569909	      0.00000000	      2.00693210	     -0.42282366	      0.57476002	     31.67559082	    -18.98188810	     26.73599175	     51.16216773	     74.88312029	     30.05197303	    -14.42171080	     29.24950349	     48.59659881	     68.91293721
      6.31666670	     -2.94189820	      1.31489918	      1.54095541	      0.89584105	      0.93091656	     -0.08185900	      5.22796169	     -4.02092807	    -20.11626795	      0.00000000	      1.36655088	     -5.95545687	      0.00000000	      5.16270384	     -1.76609232	    -17.46413006	      0.00000000	      1.27281251	     -4.13439012	      0.00000000	      1.84577172	     -0.30018837	      0.60860031	     30.05434457	    -18.98555122	     27.02265882	     50.76658454	     74.97050834	     28.17389671	    -14.24720985	     29.54835952	     48.33305542	     69.04212874
      6.33333330	     -2.47555658	      1.32990257	      1.49870141	      0.89655729	      0.92651125	     -0.08249960	      4.56031483	     -4.06158204	    -20.48041938	      0.00000000	      1.81481296	     -5.35246836	      0.00000000	      4.56080546	     -1.72948759	    -18.80277276	      0.00000000	      2.27266054	     -2.15666745	      0.00000000	      1.32690796	     -0.23306593	      0.63728868	     28.44626580	    -18.86359455	     26.18182238	     51.01090744	     76.10437152	     25.89438941	    -13.95423928	     27.68644464	     49.31476617	     70.86921342
      6.35000000	     -2.14156524	      1.29408805	      1.61760999	      0.90160639	      0.92570044	     -0.08179394	      3.94899818	     -4.02357828	    -20.56101836	      0.00000000	      1.89864027	     -5.47181276	      0.00000000	      4.08306267	     -1.76516569	    -18.86387752	      0.00000000	      2.36500111	     -2.20981021	      0.00000000	      1.34411737	     -0.18509581	      0.54951327	     26.85257599	    -18.84605350	     26.44374041	     50.71032148	     76.16892402	     23.95510328	    -13.84545574	     27.99761851	     48.95742969	     70.96921256
      6.36666670	     -1.87051760	      1.24181806	      1.77086469	      0.90540481	      0.92658804	     -0.08128821	      3.35938391	     -3.95593773	    -21.09424623	      0.00000000	      2.69815644	     -4.68675609	      0.00000000	      3.61374098	     -1.86008401	    -19.67652018	      0.00000000	      3.18222049	     -0.57547938	      0.00000000	      1.20022683	     -0.08695348	      0.22047463	     24.70841086	    -18.21796364	     24.89421381	     50.77811958	     77.87783795	     20.86740855	    -13.47492334	     24.90519290	     50.03059488	     73.83889743
      6.38333330	     -1.59051247	      1.28376158	      1.88810742	      0.90875756	      0.93084763	     -0.08186282	      2.78113548	     -4.00754388	    -21.19909956	      0.00000000	      2.66687822	     -4.70987159	      0.00000000	      3.11986106	     -1.84719213	    -19.81325902	      0.00000000	      3.14800856	     -0.58980813	      0.00000000	      1.18692046	     -0.13051537	      0.29040696	     22.90344931	    -18.18330518	     25.21315493	     50.25301338	     77.94401989	     18.81767562	    -13.33866482	     25.20925035	     49.59846048	     73.93706575
      6.40000000	     -1.56751608	      1.36049447	      1.88758764	      0.91178175	      0.93657870	     -0.08277598	      2.45479021	     -4.10512056	    -21.95489590	      0.00000000	      2.94375110	     -3.53666329	      0.00000000	      2.78999960	     -1.78760385	    -20.81557383	      0.00000000	      3.38846257	      0.84795355	      0.00000000	      1.56630345	     -0.27530219	      0.57105964	     21.01181415	    -17.52557863	     24.64259755	     47.99499516	     78.36938795	     16.56169116	    -12.53887079	     24.06906831	     48.47510107	     74.77963722
      6.41666670	     -1.27734068	      1.41619782	      1.95190464	      0.91246753	      0.93549276	     -0.08190222	      1.95388112	     -4.16196124	    -22.02741148	      0.00000000	      2.94958820	     -3.52399015	      0.00000000	      2.27369371	     -1.74190186	    -20.89010670	      0.00000000	      3.28231206	      0.87518904	      0.00000000	      1.28301309	     -0.32527901	      0.70497720	     19.42016303	    -17.41113941	     24.90566526	     47.45662298	     78.41419766	     14.58658310	    -12.40923513	     24.31945562	     47.94715085	     74.85055167
      6.43333330	     -0.83364012	      1.49036134	      1.96588971	      0.91299423	      0.93561824	     -0.08137722	      1.31808046	     -4.21949359	    -22.83614578	      0.00000000	      3.39927732	     -2.18807071	      0.00000000	      1.60702474	     -1.68851764	    -21.84601064	      0.00000000	      3.43242688	      2.17447458	      0.00000000	      1.03758503	     -0.45008529	      0.87964639	     18.36719970	    -16.36330570	     24.42979773	     44.44077979	     78.67054569	     13.28179667	    -11.62706150	     23.08218852	     46.07208691	     75.52377155
      6.45000000	     -0.60591809	      1.53327411	      2.01936401	      0.91476561	      0.93606752	     -0.08239667	      0.95149390	     -4.28012569	    -22.98135891	      0.00000000	      3.39367157	     -2.19283157	      0.00000000	      1.20751578	     -1.62522705	    -21.95234276	      0.00000000	      3.31958494	      2.20693170	      0.00000000	      0.75475393	     -0.49509475	      0.93159679	     16.90576671	    -16.13772473	     24.70170293	     43.93759526	     78.70874294	     11.69222727	    -11.50051027	     23.26087789	     45.57918305	     75.59148498
      6.46666670	     -0.32004477	      1.59639771	      2.05229912	      0.91236122	      0.93318371	     -0.08140604	      0.67239859	     -4.34353971	    -23.62574289	      0.00000000	      3.98544823	     -1.21585695	      0.00000000	      0.85114306	     -1.55590740	    -22.62873800	      0.00000000	      3.50067219	      3.18347291	      0.00000000	      0.50673859	     -0.60947521	      1.01819586	     16.14421789	    -15.26455142	     24.63154675	     41.27648566	     78.81273311	     10.96431640	    -10.79007405	     22.38751939	     43.56436161	     76.11278351
      6.48333330	     -0.13690481	      1.56339792	      2.10720913	      0.91331159	      0.93603876	     -0.08088133	      0.48623050	     -4.27317238	    -23.69970907	      0.00000000	      4.01341911	     -1.21313315	      0.00000000	      0.63866507	     -1.61360869	    -22.72994281	      0.00000000	      3.48456575	      3.19526029	      0.00000000	      0.12834764	     -0.62388817	      0.91487349	     14.91108652	    -14.98284685	     24.86434982	     40.86063145	     78.83249897	      9.84089774	    -10.78246361	     22.50226002	     43.08056690	     76.16864352
      6.50000000	      0.20855990	      1.59156541	      2.27330618	      0.91236031	      0.93983416	     -0.08206922	      0.08587881	     -4.30883435	    -24.40849955	      0.00000000	      4.28173965	     -0.25267651	      0.00000000	      0.29009631	     -1.59348938	    -23.22315045	      0.00000000	      3.51546826	      4.19266914	      0.00000000	     -0.23497231	     -0.56626071	      0.49808492	     14.48358854	    -13.96058714	     24.84897539	     38.24451391	     78.77621055	      9.39647895	    -10.16083903	     21.93482956	     40.17803390	     76.71298332
      6.51666670	      0.34096393	      1.56304103	      2.33581650	      0.91226522	      0.93644609	     -0.08179737	     -0.02340989	     -4.26567968	    -24.46828290	      0.00000000	      4.30378598	     -0.26474929	      0.00000000	      0.17306813	     -1.62888142	    -23.36651773	      0.00000000	      3.47719639	      4.15563824	      0.00000000	     -0.64719981	     -0.57979018	      0.40673780	     13.44585412	    -13.71203810	     25.03917573	     37.87298778	     78.78190728	      8.62896500	    -10.17430416	     21.99830421	     39.79424356	     76.75707901
      6.53333330	      0.79034553	      1.62853518	      2.49920915	      0.91207600	      0.93845158	     -0.08211806	     -0.51049638	     -4.32775516	    -25.00466911	      0.00000000	      4.56654657	      0.40775934	      0.00000000	     -0.26567956	     -1.57048005	    -23.64436349	      0.00000000	      3.43639689	      4.87145631	      0.00000000	     -1.19626976	     -0.53328628	      0.16965847	     13.14078529	    -12.83695756	     24.96313088	     35.52388318	     78.58185085	      8.59620568	     -9.70124532	     21.63628521	     37.20290774	     77.21039632
      6.55000000	      0.87149702	      1.61706155	      2.56718684	      0.91194701	      0.93918225	     -0.08255226	     -0.57726227	     -4.33456911	    -25.01259854	      0.00000000	      4.56325310	      0.42293769	      0.00000000	     -0.36464394	     -1.59647680	    -23.65152895	      0.00000000	      3.37706359	      4.92446650	      0.00000000	     -1.57860349	     -0.53448081	      0.09043749	     12.23452300	    -12.61949475	     25.11162553	     35.18006003	     78.57672303	      7.97084045	     -9.74890463	     21.68411896	     36.84763784	     77.24373830
      6.56666670	      1.35804899	      1.66422819	      2.82443761	      0.91268731	      0.93669816	     -0.08230464	     -1.13893635	     -4.35758917	    -25.52753117	      0.00000000	      4.93492350	      0.54715416	      0.00000000	     -0.90395705	     -1.57708913	    -23.67862090	      0.00000000	      3.52088571	      5.57789524	      0.00000000	     -2.16863609	     -0.50039000	     -0.20021786	     11.90003861	    -11.88630864	     24.99289838	     33.34225553	     78.35797027	      7.95347206	     -9.43078192	     21.43968960	     34.59578529	     77.47240676
      6.58333330	      1.45898519	      1.61660181	      2.81176227	      0.91496461	      0.93796371	     -0.08140917	     -1.27438681	     -4.27279895	    -25.42184914	      0.00000000	      4.84864831	      0.66648718	      0.00000000	     -1.06735028	     -1.67779157	    -23.68766483	      0.00000000	      3.51077741	      5.62066034	      0.00000000	     -2.42773928	     -0.46756291	     -0.21367105	     11.00770919	    -11.60193845	     25.12223266	     33.01379983	     78.34500931	      7.35217333	     -9.62131589	     21.44347007	     34.19408796	     77.49369135
      6.60000000	      1.84209500	      1.64250710	      2.88484331	      0.91285185	      0.93845526	     -0.08167534	     -1.70502154	     -4.27419371	    -25.82169190	      0.00000000	      5.02843710	      0.94097606	      0.00000000	     -1.50461035	     -1.69024032	    -23.81516816	      0.00000000	      4.08387747	      6.34621554	      0.00000000	     -2.87062805	     -0.40721181	     -0.53402595	     10.86150455	    -10.82836973	     24.80296550	     31.15386210	     78.04836735	      7.56220568	     -9.26350489	     21.15503957	     31.68658510	     77.63566235
      6.61666670	      1.80451817	      1.64269691	      2.84969998	      0.91219327	      0.93961678	     -0.08076925	     -1.62498134	     -4.26263034	    -25.76278118	      0.00000000	      5.01789653	      0.98183142	      0.00000000	     -1.42423053	     -1.69407819	    -23.80872374	      0.00000000	      4.05908304	      6.36891577	      0.00000000	     -3.27048875	     -0.30258543	     -0.57259544	     10.32781752	    -10.66225025	     24.88126217	     30.98434037	     78.04620326	      7.32751559	     -9.41558709	     21.14757991	     31.50955811	     77.63850497
      6.63333330	      1.81858184	      1.62079972	      2.82509982	      0.91303436	      0.93993743	     -0.08141539	     -1.64379091	     -4.21515853	    -25.67612429	      0.00000000	      5.00260873	      1.03384004	      0.00000000	     -1.42634527	     -1.73737780	    -23.80737704	      0.00000000	      4.04058774	      6.39885960	      0.00000000	     -3.60159770	     -0.26617343	     -0.66454600	      9.68933995	    -10.42046558	     24.96493895	     30.78100041	     78.04104426	      7.06537348	     -9.60149424	     21.12951315	     31.25664021	     77.63857163
      6.65000000	      2.39147406	      1.59549931	      2.94001543	      0.91262969	      0.93757411	     -0.08040341	     -2.31730644	     -4.11746929	    -25.81552180	      0.00000000	      5.22428825	      1.40604023	      0.00000000	     -2.05484459	     -1.83339414	    -24.08342430	      0.00000000	      4.27627659	      7.16091599	      0.00000000	     -3.95660178	     -0.29900673	     -1.04764638	      9.75345798	     -9.38016507	     24.19944604	     28.74963624	     77.56809388	      7.76214911	     -9.25751007	     20.77359473	     28.00180148	     77.66042710
      6.66666670	      2.35765769	      1.59913403	      2.98002775	      0.91339775	      0.93656399	     -0.08107810	     -2.30187488	     -4.12721969	    -25.75618606	      0.00000000	      5.24733261	      1.42374990	      0.00000000	     -1.99403274	     -1.83177175	    -24.09991406	      0.00000000	      4.31012630	      7.15527620	      0.00000000	     -4.20290945	     -0.21826207	     -1.12026669	      9.36825856	     -9.28266117	     24.23896157	     28.63814942	     77.56332606	      7.66385387	     -9.39848056	     20.75928674	     27.88764437	     77.65874170
      6.68333330	      2.61154788	      1.55791297	      3.15448430	      0.91349531	      0.93552014	     -0.08091226	     -2.65242885	     -4.03736533	    -25.75582593	      0.00000000	      5.47350170	      1.35132532	      0.00000000	     -2.25793662	     -1.92551260	    -24.03366519	      0.00000000	      4.67608592	      7.51340740	      0.00000000	     -4.44882712	     -0.25846307	     -1.54997002	      9.13644211	     -8.75183968	     23.70992003	     28.12215490	     77.24174268	      7.98025184	     -9.42507475	     20.59544627	     26.25621465	     77.58254695
      6.70000000	      2.57217588	      1.55978759	      3.21694320	      0.91502519	      0.93887373	     -0.08071030	     -2.67597192	     -4.04833768	    -25.71464301	      0.00000000	      5.47720441	      1.36115882	      0.00000000	     -2.23471782	     -1.92584827	    -24.04183906	      0.00000000	      4.66399982	      7.51917844	      0.00000000	     -4.62589409	     -0.18553214	     -1.59310414	      8.78861880	     -8.68831159	     23.73996983	     28.01931780	     77.23778001	      7.87973450	     -9.55348801	     20.57798725	     26.15636075	     77.57618326
      6.71666670	      2.56752756	      1.52790986	      3.29234687	      0.91210540	      0.93656218	     -0.08160031	     -2.68168922	     -4.02658567	    -25.70958175	      0.00000000	      5.51378682	      1.33511011	      0.00000000	     -2.21075948	     -1.95112979	    -24.05978477	      0.00000000	      4.68990527	      7.51433760	      0.00000000	     -4.77366022	     -0.15842281	     -1.66579123	      8.49769463	     -8.59699880	     23.76050956	     27.93840792	     77.23147698	      7.87747571	     -9.71990586	     20.53989874	     26.03905279	     77.56383723
      6.73333330	      2.56274124	      1.51434036	      3.29536030	      0.91313582	      0.93482840	     -0.08168547	     -2.69463160	     -4.03721012	    -25.70871930	      0.00000000	      5.51664450	      1.33252595	      0.00000000	     -2.20944104	     -1.95690951	    -24.05797018	      0.00000000	      4.69174097	      7.51541646	      0.00000000	     -4.78360856	     -0.15959485	     -1.67280348	      8.48287294	     -8.59167063	     23.76082266	     27.93457934	     77.23090917	      7.88016094	     -9.73031766	     20.53682178	     26.03014752	     77.56272725
      6.75000000	      2.71864240	      1.55005281	      3.66513349	      0.91320253	      0.93484572	     -0.08221248	     -2.96969047	     -4.04093461	    -25.87521153	      0.00000000	      5.88399361	      0.88785176	      0.00000000	     -2.34803066	     -1.95502804	    -23.64036228	      0.00000000	      5.01610760	      7.76153995	      0.00000000	     -5.01479760	     -0.20971436	     -2.28154404	      8.16159198	     -8.25100485	     23.54550422	     27.95747081	     77.13028089	      8.05006740	     -9.92335229	     20.26894420	     24.96198295	     77.40296275
      6.76666670	      2.74051186	      1.53229868	      3.68204989	      0.91109419	      0.93291654	     -0.08258608	     -2.94186428	     -4.04658428	    -25.87056269	      0.00000000	      5.88501115	      0.88896008	      0.00000000	     -2.35212614	     -1.94846576	    -23.64336985	      0.00000000	      5.01936653	      7.75987953	      0.00000000	     -5.02603113	     -0.21047860	     -2.28145946	      8.15368007	     -8.25353174	     23.54407187	     27.95428481	     77.12961328	      8.04471873	     -9.92893181	     20.26665367	     24.95283938	     77.40150200
      6.78333330	      2.68823858	      1.52167803	      3.81044079	      0.91003845	      0.93358800	     -0.08309127	     -2.88532644	     -4.05165063	    -25.83690399	      0.00000000	      5.89904571	      0.87667822	      0.00000000	     -2.22004042	     -1.92449758	    -23.63295724	      0.00000000	      5.03678933	      7.75903238	      0.00000000	     -5.25774441	     -0.16006162	     -2.28717868	      8.09539593	     -8.29657971	     23.52803329	     27.92361094	     77.12291180	      8.02373611	     -9.99780327	     20.23663161	     24.85087346	     77.38433164
      6.80000000	      2.77745108	      1.48232724	      4.03967288	      0.90928407	      0.93826027	     -0.08352501	     -2.93748610	     -4.00680244	    -25.86825794	      0.00000000	      5.71963831	      0.27908724	      0.00000000	     -2.20427361	     -1.94426777	    -23.19879815	      0.00000000	      5.02040675	      7.67356373	      0.00000000	     -5.62914367	     -0.08231488	     -2.66305307	      8.10531037	     -8.32232217	     23.04711140	     28.27579107	     76.95096124	      8.56033194	     -9.66501637	     19.59082627	     23.22391519	     76.86347057
      6.81666670	      2.77981735	      1.48169295	      4.09506981	      0.90939786	      0.93841985	     -0.08301153	     -2.89842771	     -4.00960370	    -25.85273011	      0.00000000	      5.71645125	      0.28515770	      0.00000000	     -2.14073416	     -1.92842769	    -23.18295135	      0.00000000	      5.00179553	      7.68317583	      0.00000000	     -5.71969137	     -0.06187952	     -2.60207258	      8.09680651	     -8.29453742	     23.04846766	     28.27652362	     76.94966738	      8.50057458	     -9.65528526	     19.58780235	     23.19645687	     76.85479503
      6.83333330	      2.74168842	      1.48546940	      4.12053968	      0.91110517	      0.93642540	     -0.08296141	     -2.85968585	     -4.01126708	    -25.88919567	      0.00000000	      5.69963027	      0.26562080	      0.00000000	     -2.08240552	     -1.91057598	    -23.13986941	      0.00000000	      4.93949710	      7.71292441	      0.00000000	     -5.86591593	     -0.07162488	     -2.52792097	      8.08799342	     -8.29656482	     23.04065910	     28.27653681	     76.94646481	      8.39157030	     -9.62541603	     19.58253146	     23.14589612	     76.83910400
      6.85000000	      2.75288117	      1.48901547	      4.12171259	      0.90999205	      0.93753457	     -0.08250005	     -2.85551503	     -4.00488024	    -25.89875889	      0.00000000	      5.69617087	      0.26150000	      0.00000000	     -2.06432445	     -1.90627453	    -23.13769034	      0.00000000	      4.93229565	      7.71550842	      0.00000000	     -5.87454535	     -0.07518896	     -2.52013090	      8.08784760	     -8.29845200	     23.03937336	     28.27768095	     76.94609453	      8.37674516	     -9.61910347	     19.58211872	     23.14011783	     76.83722779
      6.86666670	      2.73354833	      1.53524326	      4.23457162	      0.91062838	      0.93582377	     -0.08313619	     -2.82864333	     -4.06051591	    -26.41170924	      0.00000000	      5.44934431	      0.01978727	      0.00000000	     -2.02161463	     -1.85718651	    -23.11757332	      0.00000000	      4.53977725	      7.79206005	      0.00000000	     -6.00544341	     -0.10364939	     -2.39640369	      8.13075977	     -8.39894196	     22.95861668	     28.41826163	     76.92453561	      8.24628632	     -9.41342809	     19.46883985	     23.02316828	     76.71346922
      6.88333330	      2.71093906	      1.53633567	      4.23790461	      0.91172682	      0.93649189	     -0.08310202	     -2.84982294	     -4.04961065	    -26.41823867	      0.00000000	      5.44428009	      0.01697014	      0.00000000	     -2.01232314	     -1.85882830	    -23.11585325	      0.00000000	      4.53631347	      7.79262157	      0.00000000	     -6.01635209	     -0.11583731	     -2.38764697	      8.13459584	     -8.40107675	     22.95693807	     28.42185555	     76.92414463	      8.23159906	     -9.40890859	     19.46748304	     23.01766312	     76.71111669
      6.90000000	      2.70818746	      1.53187975	      4.24697528	      0.91238412	      0.93617790	     -0.08256561	     -2.86153327	     -4.02326419	    -26.61824505	      0.00000000	      5.38915054	     -0.07040082	      0.00000000	     -2.03096559	     -1.88958990	    -23.09520465	      0.00000000	      4.47361023	      7.80591882	      0.00000000	     -6.07162084	     -0.24486064	     -2.25722229	      8.12955952	     -8.44341705	     22.93544030	     28.48046060	     76.91830516	      7.95212845	     -9.28201039	     19.44768447	     22.95038264	     76.67191865
      6.91666670	      2.70181065	      1.54889334	      4.35075461	      0.91457810	      0.93514041	     -0.08361692	     -2.93540745	     -4.03168717	    -26.68116162	      0.00000000	      5.36603402	     -0.09708583	      0.00000000	     -2.05205034	     -1.89013001	    -23.10904851	      0.00000000	      4.46080065	      7.80255706	      0.00000000	     -6.02782444	     -0.25766140	     -2.17462659	      8.16205351	     -8.45669211	     22.92601419	     28.51889543	     76.91612946	      7.84375108	     -9.22114057	     19.43787944	     22.93781751	     76.65585024
      6.93333330	      2.72758453	      1.54857662	      4.32095460	      0.91530604	      0.93459348	     -0.08330380	     -3.03555563	     -4.03077753	    -26.87267943	      0.00000000	      5.34260805	     -0.18092898	      0.00000000	     -2.16462974	     -1.90577237	    -23.09919867	      0.00000000	      4.46115072	      7.81064144	      0.00000000	     -5.90265539	     -0.34963831	     -2.07664591	      8.16731383	     -8.52807957	     22.90497902	     28.57484179	     76.91126860	      7.59506715	     -9.01469547	     19.43292242	     22.93316412	     76.62679222
      6.95000000	      2.71372345	      1.55783415	      4.32129279	      0.91518028	      0.93564556	     -0.08365732	     -3.03777255	     -4.02970990	    -26.87367588	      0.00000000	      5.34282404	     -0.18146106	      0.00000000	     -2.17214832	     -1.91288443	    -23.09950445	      0.00000000	      4.46192171	      7.81030210	      0.00000000	     -5.90150316	     -0.34926236	     -2.07520210	      8.16772029	     -8.52817262	     22.90488537	     28.57565364	     76.91123267	      7.59351593	     -9.01367396	     19.43263813	     22.93332787	     76.62646899
      6.96666670	      2.57873699	      1.56034692	      4.30841226	      0.91569644	      0.93218701	     -0.08391076	     -2.97142352	     -4.07424247	    -27.19887795	      0.00000000	      5.48528423	      0.06076777	      0.00000000	     -2.14800187	     -1.88050115	    -23.26588766	      0.00000000	      4.87009314	      8.07004853	      0.00000000	     -5.56437290	     -0.34115132	     -1.56454786	      7.42285309	     -9.07722207	     22.63214828	     30.13809295	     76.73489769	      7.03068869	     -8.55654002	     17.88947689	     23.85854923	     75.43468691
      6.98333330	      2.56091578	      1.56330915	      4.35309382	      0.91555785	      0.93552136	     -0.08335808	     -2.99046007	     -4.05885985	    -27.20518151	      0.00000000	      5.49045644	      0.05843924	      0.00000000	     -2.17770195	     -1.89533751	    -23.26004781	      0.00000000	      4.88856148	      8.06717235	      0.00000000	     -5.53807093	     -0.38458166	     -1.50725137	      7.52111108	     -9.07286995	     22.61833589	     30.15625065	     76.73133739	      6.95890267	     -8.47016297	     17.89623946	     23.85814042	     75.42422390
      7.00000000	      2.56082777	      1.56548143	      4.35342786	      0.91318549	      0.93752868	     -0.08362082	     -2.97196394	     -4.05728364	    -27.20731470	      0.00000000	      5.49274302	      0.05848265	      0.00000000	     -2.18713315	     -1.89115495	    -23.25975364	      0.00000000	      4.89202948	      8.06651183	      0.00000000	     -5.53305976	     -0.38785460	     -1.50200717	      7.53199905	     -9.07366501	     22.61683453	     30.15804828	     76.73093442	      6.95264661	     -8.45824988	     17.89740624	     23.85993160	     75.42318770
      7.01666670	      2.53023539	      1.58306259	      4.34546484	      0.91443891	      0.93592562	     -0.08261953	     -2.91679936	     -4.05530866	    -27.21654934	      0.00000000	      5.51875223	      0.07591622	      0.00000000	     -2.16089690	     -1.87899718	    -23.23406989	      0.00000000	      4.91077078	      8.07135019	      0.00000000	     -5.53940172	     -0.47974474	     -1.38928734	      7.81673032	     -9.08471413	     22.58775173	     30.21375385	     76.72530535	      6.89746674	     -8.22695559	     17.92434421	     23.90473969	     75.41272239
      7.03333330	      2.47545575	      1.61911050	      4.24675426	      0.91353010	      0.93699837	     -0.08290440	     -2.80333393	     -4.09482804	    -27.20161992	      0.00000000	      5.53683092	      0.13015818	      0.00000000	     -2.12406661	     -1.82966074	    -23.22462649	      0.00000000	      4.92841814	      8.07336765	      0.00000000	     -5.57611997	     -0.48007200	     -1.35143623	      8.01248712	     -9.11599609	     22.56472839	     30.23130195	     76.71816539	      6.93630926	     -8.04298954	     17.93690335	     23.97611941	     75.39649234
      7.05000000	      2.46873355	      1.62819632	      4.25914373	      0.91462562	      0.93369287	     -0.08260042	     -2.80459974	     -4.08476997	    -27.19802063	      0.00000000	      5.53749434	      0.13565556	      0.00000000	     -2.12851423	     -1.83000067	    -23.22660331	      0.00000000	      4.92959417	      8.07213814	      0.00000000	     -5.58115994	     -0.48282024	     -1.33967411	      8.03136204	     -9.11731739	     22.56330031	     30.23352528	     76.71765465	      6.93188944	     -8.03233463	     17.93768773	     23.97888341	     75.39510021
      7.06666670	      2.45169837	      1.61295697	      4.29691737	      0.91477170	      0.93305535	     -0.08269324	     -2.78309294	     -4.05258970	    -27.19456902	      0.00000000	      5.55799975	      0.16549883	      0.00000000	     -2.08397749	     -1.85330428	    -23.23145786	      0.00000000	      4.94943814	      8.06900818	      0.00000000	     -5.59123176	     -0.54646185	     -1.24528744	      8.21236706	     -9.12773238	     22.54914406	     30.26515041	     76.71359729	      6.87977723	     -7.88157843	     17.95685231	     24.01038796	     75.38698059
      7.08333330	      2.42174991	      1.60537306	      4.17544480	      0.91393550	      0.93427128	     -0.08222218	     -2.69911856	     -4.04990851	    -27.21117223	      0.00000000	      5.59219521	      0.19247112	      0.00000000	     -2.05401829	     -1.85705640	    -23.21659862	      0.00000000	      4.96785967	      8.07646391	      0.00000000	     -5.62707959	     -0.53844296	     -1.23212558	      8.30991656	     -9.13710515	     22.54449177	     30.26847678	     76.70923061	      6.90964163	     -7.73060779	     17.97218156	     24.06576377	     75.37759696
      7.10000000	      2.43829359	      1.61112022	      4.18739293	      0.91282460	      0.93402810	     -0.08202674	     -2.67752550	     -4.04808477	    -27.20891867	      0.00000000	      5.59618560	      0.19776482	      0.00000000	     -2.04376744	     -1.86162137	    -23.21997075	      0.00000000	      4.97100395	      8.07546448	      0.00000000	     -5.62974802	     -0.53673248	     -1.22339526	      8.32560209	     -9.13566506	     22.54424604	     30.27061606	     76.70879387	      6.90938864	     -7.71672192	     17.97370160	     24.07017126	     75.37654125
      7.11666670	      2.31701694	      1.56580596	      4.13893464	      0.91306595	      0.93356934	     -0.08159672	     -2.47859351	     -4.00754077	    -27.19041423	      0.00000000	      5.68859922	      0.31681060	      0.00000000	     -1.87418895	     -1.90758792	    -23.23394196	      0.00000000	      4.99619436	      8.08693768	      0.00000000	     -5.75714890	     -0.47435164	     -1.10542905	      8.65751392	     -9.10838270	     22.54644437	     30.29395061	     76.69742281	      7.05871924	     -7.42162085	     17.99900639	     24.20682857	     75.34919677
      7.13333330	      2.32882541	      1.56535269	      4.14247791	      0.91261405	      0.93154806	     -0.08177764	     -2.47021639	     -4.00541687	    -27.18847190	      0.00000000	      5.69134749	      0.32068002	      0.00000000	     -1.87261945	     -1.91594782	    -23.23485167	      0.00000000	      4.99754103	      8.08697343	      0.00000000	     -5.75618989	     -0.47720273	     -1.10266684	      8.66386047	     -9.10786338	     22.54685650	     30.29400120	     76.69710021	      7.06122616	     -7.41580574	     17.99953320	     24.20988040	     75.34834353
      7.15000000	      2.27625855	      1.50191710	      4.16713721	      0.91224343	      0.93221164	     -0.08149091	     -2.38050478	     -3.92207497	    -27.16304886	      0.00000000	      5.75168402	      0.38012197	      0.00000000	     -1.77258116	     -2.00483155	    -23.23431276	      0.00000000	      5.01733754	      8.09431551	      0.00000000	     -5.79589558	     -0.51522043	     -1.06110119	      8.84693065	     -9.05641941	     22.55686407	     30.31940928	     76.69193368	      7.18495055	     -7.24015685	     18.01803169	     24.29649909	     75.33575884
      7.16666670	      2.26552773	      1.50169848	      4.16198701	      0.91306278	      0.93009594	     -0.08209301	     -2.38833414	     -3.92779503	    -27.16135191	      0.00000000	      5.75485423	      0.38318492	      0.00000000	     -1.77120098	     -2.01548307	    -23.23369165	      0.00000000	      5.01867610	      8.09471867	      0.00000000	     -5.79735972	     -0.51009481	     -1.06267057	      8.85316540	     -9.05424265	     22.55769765	     30.31960108	     76.69156685	      7.19803389	     -7.23505112	     18.01815867	     24.30233448	     75.33488570
      7.18333330	      2.23037688	      1.48193013	      4.16460343	      0.91345921	      0.93045642	     -0.08216544	     -2.36203999	     -3.91371478	    -27.12778917	      0.00000000	      5.80040619	      0.42421905	      0.00000000	     -1.73310274	     -2.04209841	    -23.23816913	      0.00000000	      5.04374479	      8.09198286	      0.00000000	     -5.74972982	     -0.46943369	     -1.11846408	      8.94697994	     -9.02093959	     22.56653646	     30.33622272	     76.68692150	      7.39626017	     -7.09806840	     18.03094753	     24.40434746	     75.32618452
      7.20000000	      2.21889095	      1.47798367	      4.16346279	      0.91371002	      0.93211668	     -0.08235379	     -2.37637318	     -3.92928216	    -27.12594521	      0.00000000	      5.80273375	      0.42681605	      0.00000000	     -1.71466372	     -2.05570059	    -23.23773937	      0.00000000	      5.04388933	      8.09173861	      0.00000000	     -5.75289446	     -0.46604106	     -1.11534131	      8.95133530	     -9.01790633	     22.56772300	     30.33638091	     76.68662568	      7.39773943	     -7.09281091	     18.03204022	     24.40639207	     75.32551704
      7.21666670	      2.21391285	      1.47171779	      4.15790301	      0.91301082	      0.93282570	     -0.08253274	     -2.38504901	     -3.94401916	    -27.12531133	      0.00000000	      5.80411986	      0.42988932	      0.00000000	     -1.69828183	     -2.06066080	    -23.23773523	      0.00000000	      5.04203162	      8.09173056	      0.00000000	     -5.75321934	     -0.46119832	     -1.11566275	      8.95444309	     -9.01206049	     22.56956518	     30.33659367	     76.68635277	      7.40368864	     -7.08200455	     18.03385750	     24.41089841	     75.32493084
      7.23333330	      2.16531696	      1.48560165	      4.10682062	      0.91306738	      0.93258212	     -0.08257172	     -2.33937492	     -3.98301272	    -27.10942717	      0.00000000	      5.80167623	      0.47988947	      0.00000000	     -1.66751588	     -2.03276951	    -23.24645161	      0.00000000	      5.00279949	      8.08960200	      0.00000000	     -5.73126122	     -0.39877721	     -1.17079640	      9.01215556	     -8.92837764	     22.59056404	     30.34905078	     76.68294923	      7.56537069	     -6.90388672	     18.05929585	     24.50032459	     75.31916820
      7.25000000	      2.10125927	      1.48493224	      4.09478311	      0.91217156	      0.93093055	     -0.08286203	     -2.26850221	     -4.00405890	    -27.09952571	      0.00000000	      5.80242313	      0.54497998	      0.00000000	     -1.59197386	     -2.01857464	    -23.27830778	      0.00000000	      4.97328636	      8.06627062	      0.00000000	     -5.73343480	     -0.36797273	     -1.17296285	      9.12245010	     -8.88466671	     22.60511233	     30.35854815	     76.67619863	      7.68423546	     -6.78444623	     18.08427499	     24.56560756	     75.30845059
      7.26666670	      2.09723393	      1.47646861	      4.09421371	      0.91223505	      0.93217718	     -0.08246320	     -2.26901342	     -4.01069955	    -27.09969512	      0.00000000	      5.80257743	      0.54528828	      0.00000000	     -1.59019968	     -2.01738010	    -23.27834914	      0.00000000	      4.97317327	      8.06600778	      0.00000000	     -5.73299720	     -0.36747237	     -1.17375900	      9.12255819	     -8.88490768	     22.60520297	     30.35838267	     76.67613114	      7.68538798	     -6.78370126	     18.08446554	     24.56616256	     75.30835720
      7.28333330	      2.06549889	      1.47977727	      3.95821601	      0.90965613	      0.93228113	     -0.08242969	     -2.17714883	     -4.02701326	    -27.10981569	      0.00000000	      5.79746881	      0.57372294	      0.00000000	     -1.55525172	     -2.00812229	    -23.28085673	      0.00000000	      4.96283928	      8.05678597	      0.00000000	     -5.74307445	     -0.33960946	     -1.22334842	      9.14406239	     -8.85476509	     22.61604010	     30.35848400	     76.67313669	      7.80157864	     -6.73721964	     18.09404306	     24.61043516	     75.30370004
      7.30000000	      1.97355981	      1.49721017	      3.97198511	      0.91073258	      0.93288428	     -0.08254520	     -2.04162199	     -4.06273777	    -27.05954988	      0.00000000	      5.75627715	      0.67472052	      0.00000000	     -1.40921332	     -1.97370420	    -23.33821236	      0.00000000	      4.91832354	      8.01785174	      0.00000000	     -5.80973656	     -0.27686180	     -1.20965155	      9.25359617	     -8.75120163	     22.64368708	     30.37764906	     76.66749927	      7.95653295	     -6.66863471	     18.11640675	     24.66958026	     75.29329083
      7.31666670	      1.95897236	      1.49161078	      3.89811529	      0.91131686	      0.93193677	     -0.08158670	     -2.00070357	     -4.05029918	    -27.05704707	      0.00000000	      5.74962010	      0.69569529	      0.00000000	     -1.40517917	     -1.98539267	    -23.33905801	      0.00000000	      4.90324364	      8.01237857	      0.00000000	     -5.80848456	     -0.29962060	     -1.23818665	      9.25029168	     -8.75231324	     22.64808719	     30.37023224	     76.66538770	      7.98820630	     -6.65625679	     18.12361199	     24.68173511	     75.29043875
      7.33333330	      1.97164065	      1.48787450	      3.88636605	      0.90982376	      0.93071616	     -0.08213604	     -1.98807967	     -4.05058682	    -27.05541527	      0.00000000	      5.74931339	      0.70021769	      0.00000000	     -1.39641459	     -1.98480862	    -23.34075933	      0.00000000	      4.90220914	      8.01090404	      0.00000000	     -5.80749533	     -0.30049484	     -1.23956214	      9.25043786	     -8.74728639	     22.64979001	     30.37023634	     76.66510421	      7.99220858	     -6.65453393	     18.12500082	     24.68350497	     75.28992538
      7.35000000	      1.80242263	      1.46593404	      3.73525448	      0.90749499	      0.93011064	     -0.08226055	     -1.68533112	     -4.05030569	    -26.94765497	      0.00000000	      5.74345637	      0.85159872	      0.00000000	     -1.16405110	     -1.98426010	    -23.41569047	      0.00000000	      4.90697237	      7.93747985	      0.00000000	     -5.91261872	     -0.24739472	     -1.21168985	      9.48985223	     -8.63018154	     22.68162706	     30.41622823	     76.65364373	      8.19440353	     -6.57613482	     18.17198306	     24.75493654	     75.27307246
      7.36666670	      1.83030232	      1.45652430	      3.71848491	      0.90740269	      0.92894490	     -0.08283687	     -1.67934324	     -4.05122564	    -26.94683119	      0.00000000	      5.74430929	      0.85361406	      0.00000000	     -1.13805117	     -1.97737100	    -23.41569457	      0.00000000	      4.90758418	      7.93652530	      0.00000000	     -5.91290725	     -0.24674022	     -1.21509138	      9.48823029	     -8.63062301	     22.68252839	     30.41450915	     76.65329308	      8.19789574	     -6.57554438	     18.17323817	     24.75612990	     75.27261441
      7.38333330	      1.85027871	      1.45689229	      3.71548209	      0.90799684	      0.92967523	     -0.08292375	     -1.66934242	     -4.05249162	    -26.94624752	      0.00000000	      5.74462310	      0.85405687	      0.00000000	     -1.12455571	     -1.97733830	    -23.41545719	      0.00000000	      4.90798897	      7.93632311	      0.00000000	     -5.91359287	     -0.24607234	     -1.21602675	      9.48853153	     -8.63067831	     22.68263682	     30.41436675	     76.65322711	      8.19936233	     -6.57474871	     18.17352697	     24.75667688	     75.27255066
      7.40000000	      1.48209866	      1.39033699	      3.41982916	      0.90686505	      0.93121845	     -0.08285189	     -1.14160264	     -4.04648359	    -26.58467110	      0.00000000	      5.72934856	      1.21168875	      0.00000000	     -0.69370097	     -1.99425033	    -23.59517558	      0.00000000	      4.91733392	      7.69980155	      0.00000000	     -5.69292065	     -0.04707998	     -1.12582620	      9.62766890	     -8.65248625	     22.81441577	     30.28647526	     76.59857733	      8.19082162	     -6.48799670	     18.40384538	     24.76927530	     75.19810234
      7.41666670	      1.48946242	      1.38301530	      3.41302347	      0.90782750	      0.92978530	     -0.08315960	     -1.13920824	     -4.06028368	    -26.58469233	      0.00000000	      5.72989141	      1.21173784	      0.00000000	     -0.68520378	     -1.99910418	    -23.59485108	      0.00000000	      4.91567723	      7.69956893	      0.00000000	     -5.69739667	     -0.04858073	     -1.13108612	      9.62460236	     -8.65040526	     22.81602481	     30.28461833	     76.59821900	      8.19555228	     -6.48051701	     18.40623503	     24.77156671	     75.19766094
      7.43333330	      1.48886970	      1.38153396	      3.41125068	      0.90786569	      0.93055359	     -0.08309890	     -1.13832034	     -4.06554205	    -26.58448831	      0.00000000	      5.72995878	      1.21190456	      0.00000000	     -0.68210115	     -2.00148125	    -23.59489028	      0.00000000	      4.91545188	      7.69938602	      0.00000000	     -5.69804220	     -0.04825415	     -1.13266481	      9.62320628	     -8.65011116	     22.81638203	     30.28404482	     76.59815121	      8.19627751	     -6.47826760	     18.40684369	     24.77212956	     75.19760158
      7.45000000	      1.45279456	      1.39721732	      3.33289444	      0.90831342	      0.93270516	     -0.08259109	     -1.08761345	     -4.10637653	    -26.55294241	      0.00000000	      5.71024749	      1.24328178	      0.00000000	     -0.65663737	     -1.98404506	    -23.60107515	      0.00000000	      4.88077757	      7.69698645	      0.00000000	     -5.75442339	     -0.03225282	     -1.21124220	      9.52343457	     -8.61701894	     22.83912801	     30.24782312	     76.59529254	      8.20323598	     -6.35501163	     18.44090479	     24.79064954	     75.19535906
      7.46666670	      1.45578789	      1.40044145	      3.33575930	      0.90703714	      0.93114153	     -0.08253170	     -1.08890923	     -4.11039194	    -26.54670413	      0.00000000	      5.70788645	      1.24854383	      0.00000000	     -0.65067925	     -1.98556689	    -23.60388033	      0.00000000	      4.87705174	      7.69593923	      0.00000000	     -5.75460921	     -0.03077603	     -1.21072049	      9.51942365	     -8.61189018	     22.84132163	     30.24612434	     76.59495859	      8.19887818	     -6.34756500	     18.44408078	     24.79029425	     75.19497612
      7.48333330	      1.40596140	      1.41424355	      3.28230439	      0.90650963	      0.93196124	     -0.08228619	     -0.99121792	     -4.12830718	    -26.43766507	      0.00000000	      5.68560244	      1.33411265	      0.00000000	     -0.58827724	     -1.96503722	    -23.62006683	      0.00000000	      4.80703015	      7.69150161	      0.00000000	     -5.83415148	     -0.01726449	     -1.24094505	      9.45652502	     -8.51294562	     22.87708800	     30.21755557	     76.59029789	      8.19532551	     -6.21969698	     18.49228340	     24.80142243	     75.19039421
      7.50000000	      1.42132222	      1.41247779	      3.27771412	      0.90622512	      0.93191510	     -0.08296966	     -0.98178174	     -4.12112751	    -26.43350312	      0.00000000	      5.68537821	      1.33800587	      0.00000000	     -0.57681469	     -1.95777421	    -23.62169559	      0.00000000	      4.80314538	      7.69106403	      0.00000000	     -5.83318490	     -0.01813150	     -1.23819374	      9.45777862	     -8.50945357	     22.87836719	     30.21645463	     76.58990958	      8.19443202	     -6.21936687	     18.49424064	     24.80089644	     75.18996436
      7.51666670	      1.43878366	      1.40673101	      3.26714018	      0.90587920	      0.93158045	     -0.08313525	     -0.96489710	     -4.11697810	    -26.43062963	      0.00000000	      5.68531858	      1.34162022	      0.00000000	     -0.56667557	     -1.94700068	    -23.62310229	      0.00000000	      4.79931242	      7.69086733	      0.00000000	     -5.83698433	     -0.01673388	     -1.24013840	      9.45392072	     -8.50613515	     22.88007399	     30.21345595	     76.58952531	      8.19513531	     -6.21490089	     18.49691348	     24.80156863	     75.18968451
      7.53333330	      1.40753028	      1.40462200	      3.15625216	      0.90666943	      0.93114376	     -0.08268826	     -0.88746628	     -4.12129157	    -26.41386805	      0.00000000	      5.67550802	      1.37219272	      0.00000000	     -0.54610197	     -1.93725973	    -23.64914849	      0.00000000	      4.75736692	      7.68236779	      0.00000000	     -5.89804734	      0.00515271	     -1.27320073	      9.39390571	     -8.46719113	     22.89953282	     30.17747302	     76.58623720	      8.20963992	     -6.15894882	     18.52420499	     24.81415529	     75.18784307
      7.55000000	      1.41362390	      1.39861046	      3.15331209	      0.90556666	      0.93345878	     -0.08335979	     -0.87626563	     -4.12230550	    -26.41268889	      0.00000000	      5.67410450	      1.37519588	      0.00000000	     -0.53827723	     -1.93200365	    -23.65437541	      0.00000000	      4.75399495	      7.68044148	      0.00000000	     -5.89814933	      0.00566560	     -1.27057336	      9.38994648	     -8.46225965	     22.90140183	     30.17509408	     76.58597610	      8.20573298	     -6.15755112	     18.52643945	     24.81371758	     75.18764745
      7.56666670	      1.42445339	      1.39279680	      3.15270103	      0.90573358	      0.93289269	     -0.08313548	     -0.87193484	     -4.12301237	    -26.41264815	      0.00000000	      5.67345066	      1.37589974	      0.00000000	     -0.53298892	     -1.92614630	    -23.65534773	      0.00000000	      4.75306291	      7.68020004	      0.00000000	     -5.89967145	      0.00650393	     -1.27065382	      9.38863531	     -8.46149969	     22.90180553	     30.17425858	     76.58591900	      8.20514619	     -6.15643173	     18.52702350	     24.81375548	     75.18763131
      7.58333330	      1.32052924	      1.37029958	      2.91101545	      0.90457179	      0.93088227	     -0.08240775	     -0.64378547	     -4.10263289	    -26.39845169	      0.00000000	      5.42986410	      1.65026210	      0.00000000	     -0.39537631	     -1.93779223	    -24.16784681	      0.00000000	      4.37818459	      7.47325680	      0.00000000	     -5.93472277	      0.04811046	     -1.06747614	      9.38737099	     -8.32601854	     22.99954126	     29.92373076	     76.54916896	      8.20879132	     -6.02906142	     18.74164189	     24.89733748	     75.17199093
      7.60000000	      1.34724377	      1.36579933	      2.90664891	      0.90420974	      0.93049615	     -0.08298701	     -0.64062548	     -4.10490741	    -26.39636279	      0.00000000	      5.43181758	      1.65199476	      0.00000000	     -0.37001655	     -1.93395380	    -24.16619439	      0.00000000	      4.37804453	      7.47424087	      0.00000000	     -5.93897703	      0.05030728	     -1.06475134	      9.38170775	     -8.32631232	     23.00095922	     29.91902654	     76.54871729	      8.20425006	     -6.03207497	     18.74379719	     24.89587857	     75.17172526
      7.61666670	      1.36210690	      1.36297846	      2.91237953	      0.90531761	      0.92817862	     -0.08302980	     -0.63385077	     -4.11067953	    -26.39137271	      0.00000000	      5.43464571	      1.65452699	      0.00000000	     -0.35631291	     -1.93466737	    -24.16578526	      0.00000000	      4.37872829	      7.47416523	      0.00000000	     -5.95409218	      0.05574432	     -1.06290435	      9.37189247	     -8.32761517	     23.00299866	     29.91143096	     76.54815335	      8.19924368	     -6.03238641	     18.74704411	     24.89479597	     75.17148963
      7.63333330	      1.33990536	      1.35119220	      2.97565483	      0.90527227	      0.92691105	     -0.08291900	     -0.60372787	     -4.10998501	    -26.33550992	      0.00000000	      5.48470527	      1.67286173	      0.00000000	     -0.29193837	     -1.94554103	    -24.16323081	      0.00000000	      4.40844023	      7.46703599	      0.00000000	     -6.07179216	      0.10470569	     -1.05617702	      9.23258215	     -8.34404777	     23.02689187	     29.82687221	     76.54275135	      8.13983683	     -6.02600147	     18.78207483	     24.89110989	     75.16968391
      7.65000000	      1.35104207	      1.34491482	      2.96989622	      0.90479715	      0.92419557	     -0.08278105	     -0.60852946	     -4.11573602	    -26.33395029	      0.00000000	      5.49201244	      1.67160263	      0.00000000	     -0.28659516	     -1.95518393	    -24.15986613	      0.00000000	      4.41339931	      7.46721906	      0.00000000	     -6.06875647	      0.10547166	     -1.05602579	      9.22728316	     -8.34587436	     23.02820986	     29.82232778	     76.54218638	      8.14126245	     -6.02520572	     18.78496903	     24.89401149	     75.16951827
      7.66666670	      1.36454295	      1.34191173	      2.96835921	      0.90323893	      0.92660911	     -0.08275951	     -0.60041654	     -4.11731159	    -26.33127129	      0.00000000	      5.50043350	      1.67017405	      0.00000000	     -0.27472350	     -1.96328398	    -24.15761259	      0.00000000	      4.41965630	      7.46666710	      0.00000000	     -6.06288217	      0.10580476	     -1.05584080	      9.22116432	     -8.34736217	     23.02945112	     29.81887566	     76.54177895	      8.14157623	     -6.02594914	     18.78709665	     24.89638711	     75.16939551
      7.68333330	      1.30031035	      1.21456311	      3.05248778	      0.90389217	      0.92562771	     -0.08289004	     -0.53234273	     -3.96762280	    -26.11954549	      0.00000000	      5.89248918	      1.60895279	      0.00000000	     -0.16506506	     -2.11697903	    -24.01046053	      0.00000000	      4.70910999	      7.44363081	      0.00000000	     -6.01947893	      0.14821553	     -1.00479662	      9.09672217	     -8.40148054	     23.08020178	     29.70606510	     76.52337809	      8.29558477	     -6.10509124	     18.87112842	     25.03705132	     75.16326236
      7.70000000	      1.30780171	      1.21327255	      3.04171380	      0.90365275	      0.92636013	     -0.08321088	     -0.53518763	     -3.97779792	    -26.11955355	      0.00000000	      5.89780726	      1.60623382	      0.00000000	     -0.15130271	     -2.11655591	    -24.00616348	      0.00000000	      4.71280083	      7.44349544	      0.00000000	     -6.01421488	      0.15280288	     -0.99868856	      9.09946143	     -8.39934155	     23.08157081	     29.70675768	     76.52285219	      8.29234563	     -6.10424004	     18.87462849	     25.03918862	     75.16321804
      7.71666670	      1.31172330	      1.21133574	      3.03085550	      0.90278469	      0.92878056	     -0.08355538	     -0.52783298	     -3.98897679	    -26.11739951	      0.00000000	      5.90428067	      1.60327911	      0.00000000	     -0.13938328	     -2.10770726	    -23.99949018	      0.00000000	      4.71664550	      7.44356177	      0.00000000	     -6.00532616	      0.16026915	     -0.99056202	      9.10619014	     -8.39731933	     23.08336422	     29.70864610	     76.52206350	      8.29327184	     -6.10511824	     18.87931963	     25.04407143	     75.16314317
      7.73333330	      1.31282792	      1.20718104	      3.02912959	      0.90325687	      0.93175896	     -0.08330528	     -0.52146638	     -3.99355238	    -26.11719067	      0.00000000	      5.90513156	      1.60270696	      0.00000000	     -0.13296316	     -2.10479479	    -23.99818679	      0.00000000	      4.71698694	      7.44350962	      0.00000000	     -6.00372482	      0.16146026	     -0.98983404	      9.10862061	     -8.39750686	     23.08344420	     29.70926409	     76.52194117	      8.29556638	     -6.10536294	     18.87984524	     25.04545270	     75.16313282
      7.75000000	      1.26734138	      1.25396864	      2.88185972	      0.90210110	      0.92824709	     -0.08395637	     -0.41141881	     -4.06160409	    -26.13299422	      0.00000000	      5.90845849	      1.58081811	      0.00000000	     -0.10272674	     -2.00833067	    -23.95913344	      0.00000000	      4.71412757	      7.44157871	      0.00000000	     -5.96488101	      0.20769876	     -0.96227047	      9.24689369	     -8.39985730	     23.08877984	     29.73769980	     76.51547023	      8.47064191	     -6.14312346	     18.90202115	     25.12781574	     75.16228033
      7.76666670	      1.25319295	      1.24515743	      2.89071447	      0.90434165	      0.92649992	     -0.08356536	     -0.40906607	     -4.05703299	    -26.12880927	      0.00000000	      5.90639469	      1.58101275	      0.00000000	     -0.10509392	     -1.99301101	    -23.95959729	      0.00000000	      4.71395070	      7.43929670	      0.00000000	     -5.96940687	      0.20077871	     -0.95749702	      9.26134426	     -8.40201985	     23.08888318	     29.73998091	     76.51488976	      8.48188250	     -6.14728268	     18.90413623	     25.13356053	     75.16218154
      7.78333330	      0.70350263	      1.26504068	      2.78442768	      0.90413354	      0.92764251	     -0.08281135	      0.22559428	     -4.09370354	    -25.54678514	      0.00000000	      5.62019435	      0.77139787	      0.00000000	      0.48931570	     -1.93721128	    -23.80882446	      0.00000000	      4.60945783	      6.85369571	      0.00000000	     -5.44472387	      0.00318198	     -0.60543587	      9.27921765	     -8.57085599	     23.72006697	     29.68170064	     76.27229093	      8.47775775	     -6.64716803	     20.27888827	     26.30649979	     75.13737879
      7.80000000	      0.69728489	      1.25893240	      2.77348268	      0.90229161	      0.92728425	     -0.08274390	      0.24513298	     -4.08493887	    -25.54808721	      0.00000000	      5.60433619	      0.76203490	      0.00000000	      0.47259349	     -1.93502790	    -23.80107355	      0.00000000	      4.63745056	      6.84456410	      0.00000000	     -5.39586304	     -0.02384365	     -0.61594204	      9.42457442	     -8.59775503	     23.71307747	     29.72555556	     76.26110423	      8.63238759	     -6.74311496	     20.28039410	     26.32563858	     75.12855118
      7.81666670	      0.67753673	      1.23383563	      2.79638008	      0.90312176	      0.92854515	     -0.08297474	      0.28492796	     -4.04561418	    -25.47186042	      0.00000000	      5.59038893	      0.77597397	      0.00000000	      0.50492211	     -1.96466405	    -23.77077371	      0.00000000	      4.68633584	      6.83789476	      0.00000000	     -5.40424747	     -0.07261929	     -0.63213319	      9.58380383	     -8.62530862	     23.70902770	     29.77376966	     76.24874107	      8.80922835	     -6.83179180	     20.28553564	     26.35630696	     75.11862776
      7.83333330	      0.68576629	      1.23227355	      2.79537595	      0.90339115	      0.92810387	     -0.08295334	      0.28799186	     -4.04576756	    -25.47113962	      0.00000000	      5.59028544	      0.77594728	      0.00000000	      0.50877791	     -1.96391696	    -23.77027925	      0.00000000	      4.68698013	      6.83783577	      0.00000000	     -5.40441635	     -0.07261313	     -0.63267732	      9.58545935	     -8.62562532	     23.70898193	     29.77428353	     76.24862446	      8.81212458	     -6.83289435	     20.28544947	     26.35696541	     75.11852433
      7.85000000	      0.58202597	      1.16520804	      2.73148482	      0.90098011	      0.92759042	     -0.08207311	      0.49939897	     -3.95347070	    -25.26975042	      0.00000000	      5.61753402	      0.73420104	      0.00000000	      0.71335344	     -2.04267941	    -23.66683597	      0.00000000	      4.91263367	      6.78711922	      0.00000000	     -5.53848203	     -0.06416027	     -0.61723157	     10.08207779	     -8.69392992	     23.70037898	     29.93036488	     76.22381124	      9.43357982	     -7.12137367	     20.26040816	     26.51600987	     75.09473387
      7.86666670	      0.50162023	      1.11773227	      2.66301683	      0.89849706	      0.92546176	     -0.08120644	      0.68572163	     -3.87578658	    -25.08165435	      0.00000000	      5.63109632	      0.52963159	      0.00000000	      0.84897793	     -2.09894039	    -23.54229288	      0.00000000	      5.07820552	      6.70221296	      0.00000000	     -5.74387192	     -0.05178721	     -0.59659593	     10.44833183	     -8.77892085	     23.74083612	     30.08196592	     76.18994852	      9.89469710	     -7.28402214	     20.30622557	     26.71161227	     75.06722196
      7.88333330	      0.51605687	      1.08597758	      2.66260219	      0.89687403	      0.92754387	     -0.08166542	      0.76625201	     -3.81884322	    -25.00705813	      0.00000000	      5.63763401	      0.47693100	      0.00000000	      0.92968332	     -2.13898069	    -23.52437289	      0.00000000	      5.11655571	      6.66867884	      0.00000000	     -5.63979866	     -0.10562967	     -0.60561015	     10.82091370	     -8.85154170	     23.71807810	     30.20743248	     76.17782353	     10.31299633	     -7.38704861	     20.28900727	     26.85063332	     75.05675931
      7.90000000	      0.50896249	      1.04677151	      2.61416918	      0.89751717	      0.92542120	     -0.08071734	      0.92893687	     -3.72931479	    -23.81838106	      0.00000000	      5.03295917	     -1.56253579	      0.00000000	      1.06764213	     -2.19280747	    -23.02775465	      0.00000000	      5.02820502	      5.72928166	      0.00000000	     -6.25658285	     -0.09623671	     -0.45663576	     11.24114541	     -9.28328462	     24.44719943	     31.30474272	     75.89781057	     10.85062835	     -7.85627904	     21.06871553	     27.94129932	     74.81865839
      7.91666670	      0.38941877	      1.00575854	      2.65377966	      0.89518414	      0.92531141	     -0.07979519	      1.15316467	     -3.65087547	    -23.79043160	      0.00000000	      5.03737269	     -1.56681113	      0.00000000	      1.30921476	     -2.26281884	    -23.01794302	      0.00000000	      5.05346624	      5.74276716	      0.00000000	     -6.26373623	     -0.13663476	     -0.48214499	     11.75724379	     -9.35421796	     24.40932271	     31.44322935	     75.87185202	     11.51714516	     -8.07945734	     21.00932731	     28.08661709	     74.79115128
      7.93333330	      0.21189183	      0.94495108	      2.65295489	      0.89269767	      0.92514289	     -0.07943531	      1.49019500	     -3.55037733	    -23.75966493	      0.00000000	      5.02486820	     -1.60738940	      0.00000000	      1.63526166	     -2.35307508	    -22.96605923	      0.00000000	      5.07230414	      5.75059683	      0.00000000	     -6.36978023	     -0.15634736	     -0.52457177	     12.39788581	     -9.42669412	     24.37441605	     31.64906575	     75.84335399	     12.31980910	     -8.27941113	     20.95481057	     28.29540374	     74.76041984
      7.95000000	      0.02541761	      0.90359377	      2.74243319	      0.89039765	      0.92603555	     -0.08008408	      1.81128687	     -3.48818713	    -23.70500067	      0.00000000	      4.99253697	     -1.66577272	      0.00000000	      2.00050778	     -2.39877810	    -22.92140705	      0.00000000	      5.04815208	      5.73304868	      0.00000000	     -6.47747557	     -0.17470281	     -0.59939804	     13.11549910	     -9.53763423	     24.33167189	     31.88918748	     75.81649305	     13.21947893	     -8.46961763	     20.89613630	     28.54135995	     74.73047008
      7.96666670	     -0.16330293	      0.86714529	      2.84710612	      0.88939360	      0.92335147	     -0.08058519	      2.12285647	     -3.45278343	    -23.62747809	      0.00000000	      4.96644776	     -1.76934474	      0.00000000	      2.35549194	     -2.42125901	    -22.85377823	      0.00000000	      5.01266792	      5.68271020	      0.00000000	     -6.57274319	     -0.20360340	     -0.71133901	     13.90023851	     -9.66977510	     24.28915663	     32.18027566	     75.79071669	     14.18448007	     -8.64606990	     20.83913800	     28.81682940	     74.69903867
      7.98333330	     -0.37181831	      0.82411895	      2.96221839	      0.88704456	      0.92405946	     -0.08006529	      2.48393142	     -3.40508229	    -23.53829043	      0.00000000	      4.94962912	     -1.89208335	      0.00000000	      2.77288160	     -2.46327038	    -22.75145511	      0.00000000	      4.94988254	      5.62923169	      0.00000000	     -6.69791446	     -0.22664280	     -0.81141946	     14.79559926	     -9.78384288	     24.24775846	     32.51206510	     75.76894584	     15.28553602	     -8.83914395	     20.76255333	     29.12074412	     74.66585166
      8.00000000	     -0.58413931	      0.77740109	      3.10236652	      0.88582582	      0.92740602	     -0.07992240	      2.84360318	     -3.35233797	    -23.41029085	      0.00000000	      4.86678418	     -2.01403418	      0.00000000	      3.19224342	     -2.50620203	    -22.62561456	      0.00000000	      4.77557702	      5.57754152	      0.00000000	     -6.82752370	     -0.25997724	     -0.96615482	     15.74676750	     -9.90080631	     24.21044079	     32.87952865	     75.75005405	     16.47702524	     -9.03282729	     20.67600159	     29.43015391	     74.62924143
      8.01666670	     -0.60324131	      0.73672152	      3.35325779	      0.88272267	      0.92803736	     -0.07925061	      3.00890213	     -3.29144100	    -22.87437673	      0.00000000	      3.83968893	     -3.80404067	      0.00000000	      3.44614872	     -2.53597689	    -21.80092565	      0.00000000	      3.64262668	      4.10464112	      0.00000000	     -7.36669758	     -0.27815768	     -1.46128739	     16.77449620	    -10.24569584	     24.92448440	     34.27011933	     75.67449464	     17.84052082	     -9.41402379	     20.83698138	     29.82628596	     74.33518333
      8.03333330	     -0.88796423	      0.70809478	      3.35762993	      0.87885636	      0.92693649	     -0.07900166	      3.49468617	     -3.24443118	    -22.78409700	      0.00000000	      3.80075957	     -3.81596403	      0.00000000	      3.92714543	     -2.54400090	    -21.70926806	      0.00000000	      3.65046452	      4.06355052	      0.00000000	     -7.49323051	     -0.34469440	     -1.40434162	     18.06808818	    -10.35315158	     24.82541791	     34.55814826	     75.65466353	     19.21893704	     -9.57238827	     20.70139069	     30.15759988	     74.29363456
      8.05000000	     -1.18253283	      0.70286469	      3.40893048	      0.87465026	      0.92500378	     -0.07999112	      4.02279387	     -3.25855552	    -22.77588694	      0.00000000	      3.63216772	     -3.88881020	      0.00000000	      4.47366169	     -2.49576416	    -21.71100283	      0.00000000	      3.50230483	      3.94309901	      0.00000000	     -7.68678656	     -0.42024612	     -1.41558641	     19.51708967	    -10.50026739	     24.71703942	     34.88317559	     75.63967517	     20.80427286	     -9.73300445	     20.53812919	     30.51916635	     74.24860404
      8.06666670	     -1.17505334	      0.72121545	      3.48819528	      0.87522261	      0.92638948	     -0.08009816	      4.21389751	     -3.27699905	    -21.98397853	      0.00000000	      2.25818735	     -5.99577850	      0.00000000	      4.71567521	     -2.41895351	    -20.63968853	      0.00000000	      2.24499762	      1.64247900	      0.00000000	     -8.31155329	     -0.50822780	     -1.45596598	     21.24431050	    -10.95593165	     25.66915445	     35.47734239	     75.64239671	     22.63139567	     -9.84431346	     20.37643306	     30.61065999	     73.75732992
      8.08333330	     -1.55170410	      0.71717241	      3.52928346	      0.87244603	      0.92329552	     -0.07970348	      4.79935254	     -3.30180739	    -22.02768192	      0.00000000	      2.20053921	     -6.02366531	      0.00000000	      5.33157339	     -2.36801062	    -20.71861812	      0.00000000	      2.21397901	      1.58037564	      0.00000000	     -8.39838895	     -0.58142020	     -1.48266579	     22.85865733	    -11.10218824	     25.50206950	     35.83581281	     75.62642152	     24.34361217	    -10.05743894	     20.17865395	     31.02664577	     73.71180110
      8.10000000	     -1.92614362	      0.74090689	      3.55494220	      0.86836765	      0.92458865	     -0.08004997	      5.42989551	     -3.37652807	    -21.99482566	      0.00000000	      2.06457789	     -6.06868007	      0.00000000	      5.97387776	     -2.27707285	    -20.70547108	      0.00000000	      2.04107735	      1.48964708	      0.00000000	     -8.58048505	     -0.66997854	     -1.51250155	     24.62279478	    -11.29992519	     25.32700454	     36.23034222	     75.61636852	     26.09503267	    -10.25126689	     19.97210525	     31.43395908	     73.66426670
      8.11666670	     -1.98355431	      0.76043645	      3.57440847	      0.86724804	      0.92611812	     -0.07845560	      5.71302177	     -3.38138546	    -20.89572207	      0.00000000	      0.72234454	     -8.23483221	      0.00000000	      6.28711810	     -2.23372868	    -19.53016984	      0.00000000	      0.64301411	     -1.05359773	      0.00000000	     -9.13546012	     -0.73998040	     -1.48456084	     26.66604291	    -11.75788879	     26.41041478	     36.70828989	     75.77477177	     28.00398820	    -10.44800830	     19.52413191	     31.84298841	     73.12140140
      8.13333330	     -2.32589471	      0.74262072	      3.62352944	      0.86703229	      0.92316371	     -0.07932175	      6.26253389	     -3.39185723	    -20.81795488	      0.00000000	      0.50570208	     -8.30880121	      0.00000000	      7.04437929	     -2.29774416	    -19.51926184	      0.44978829	      0.53899208	     -1.17191937	      0.00000000	     -9.18416764	     -0.80719008	     -1.48397953	     28.52102111	    -12.04708014	     26.27537830	     37.04384009	     75.77325344	     29.83599683	    -10.66493586	     19.27794405	     32.33450444	     73.03324970
      8.15000000	     -2.99501052	      0.62484453	      3.84507866	      0.86278023	      0.91814797	     -0.07960988	      7.23716401	     -3.31963735	    -20.01904422	      0.00000000	     -0.62010003	    -10.49818933	      0.00000000	      8.46379108	     -2.49510082	    -18.92768275	      1.42909735	      0.42260795	     -2.77101557	      0.00000000	     -8.89760400	     -0.71860169	     -1.67505279	     30.70811215	    -12.54523767	     27.41684119	     37.47552718	     75.98184290	     31.66352383	    -10.96702692	     18.83738586	     32.89339151	     72.40237153
      8.16666670	     -3.24709555	      0.62565242	      3.93660331	      0.86268097	      0.91847082	     -0.07956143	      7.90733372	     -3.44625834	    -19.89773047	      0.52093746	     -0.66870882	    -10.56276554	      0.00000000	      9.32345398	     -2.61843183	    -18.96168605	      2.35789400	      0.41043868	     -2.95599124	      0.00000000	     -9.12334249	     -0.72422628	     -1.68286131	     32.88495907	    -12.86866441	     27.16662880	     37.83874734	     75.97395677	     33.83309193	    -11.22213763	     18.56908230	     33.39392686	     72.32961871
      8.18333330	     -4.11700816	      0.47631195	      4.13970674	      0.86360669	      0.91706128	     -0.07961414	      9.37294551	     -3.53750644	    -19.44588328	      1.41152004	     -0.92967681	    -12.21580857	      0.00000000	     11.07735408	     -2.91824555	    -18.43512544	      3.82305261	      0.50700622	     -4.63734979	      0.00000000	     -8.45514940	     -0.62303251	     -1.79143354	     34.87390526	    -13.34579393	     27.99657690	     38.10532331	     76.19026939	     35.76315552	    -11.36059183	     18.38595009	     33.46760036	     71.82963682
      8.20000000	     -4.32496179	      0.39231854	      4.21886240	      0.86048723	      0.91682862	     -0.07747722	     10.14272001	     -3.60547621	    -19.30088520	      2.37320316	     -0.61618008	    -12.69751157	      0.00000000	     12.07251600	     -3.24623679	    -18.36075023	      5.20246375	      0.73326547	     -5.18388536	      0.00000000	     -8.75955476	     -0.61798109	     -1.72911334	     37.06008583	    -13.59800429	     27.85261321	     38.44114349	     76.21346133	     37.84546737	    -11.54541344	     18.21973542	     33.82480489	     71.72226778
      8.21666670	     -5.38493684	      0.23257972	      4.39608851	      0.85725386	      0.91251433	     -0.07734645	     11.94875584	     -3.70902040	    -18.59169759	      3.48402642	     -0.98381799	    -14.59075462	      0.00000000	     14.21962261	     -3.53329050	    -17.42531587	      6.88549475	      0.57021710	     -7.14250689	      0.00000000	     -7.91481812	     -0.52884805	     -1.67366321	     39.18827606	    -14.08169236	     28.81438568	     38.44593871	     76.50297619	     40.01087188	    -11.55510197	     18.69833674	     33.41937929	     71.35399763
      8.23333330	     -6.10418472	      0.05725486	      4.60674879	      0.85244029	      0.91089895	     -0.07678437	     13.47701387	     -3.76337498	    -17.98389161	      4.64128617	     -1.20342087	    -16.32826167	      0.00000000	     16.12904188	     -3.85421706	    -16.61905579	      8.63489269	      0.60369049	     -8.62759715	      0.00000000	     -7.66341907	     -0.44169406	     -1.70712546	     41.47408389	    -14.55626927	     29.47758486	     38.65289387	     76.75385266	     42.45278807	    -11.72251401	     19.37989849	     33.34402308	     71.02426787
      8.25000000	     -6.83307741	     -0.16443520	      4.86622997	      0.85182206	      0.90820127	     -0.07691333	     15.06485292	     -3.81102714	    -17.40259747	      5.94943211	     -1.33083512	    -18.02971797	      0.00000000	     18.11755223	     -4.20174449	    -15.79128331	     10.46925207	      0.79992599	     -9.89203916	      0.00000000	     -7.34272959	     -0.29518337	     -1.68819456	     43.71602688	    -15.09298561	     29.89461984	     38.86643865	     76.96457337	     44.86559495	    -11.81908655	     20.12017553	     33.51656579	     70.75657173
      8.26666670	     -7.64519065	     -0.42877665	      4.99594347	      0.85028334	      0.90353391	     -0.07632194	     16.87384003	     -3.81148013	    -16.80537413	      7.50438329	     -1.36025535	    -19.89115786	      0.00000000	     20.35640248	     -4.62965001	    -14.84145132	     12.64737763	      1.05491392	    -11.42176022	      0.00000000	     -6.86332203	     -0.15074098	     -1.56554436	     45.94018702	    -15.63378253	     30.21659974	     39.21537874	     77.16487781	     47.03239064	    -11.87535480	     20.92064263	     33.77524003	     70.54420882
      8.28333330	     -8.49467566	     -0.76353066	      5.16410283	      0.84672102	      0.90037617	     -0.07685095	     18.83893651	     -3.78347386	    -16.04506175	      9.25826415	     -1.48268895	    -21.95255074	      0.00000000	     22.77953512	     -5.07089798	    -13.69898207	     15.05046631	      1.38029918	    -13.13986966	      0.00000000	     -6.36192576	      0.12540188	     -1.36832580	     48.22820138	    -16.30646831	     30.55019299	     39.38526128	     77.37278685	     49.22056896	    -11.82382460	     21.86646735	     33.90253608	     70.38721909
      8.30000000	     -9.39660209	     -1.02782525	      5.23553641	      0.84289634	      0.89809171	     -0.07631698	     20.99939989	     -3.83301495	    -15.23172163	     11.14678590	     -1.56554942	    -23.98106461	      0.00000000	     25.27437232	     -5.41390152	    -12.60691171	     17.44047087	      1.72588787	    -14.79360820	      0.00000000	     -5.88503489	      0.33307527	     -1.06952444	     50.51395478	    -16.93236641	     30.81726028	     39.59120426	     77.56120569	     51.52615614	    -11.71309374	     22.91128465	     34.17375276	     70.31419741
      8.31666670	     -9.57508695	     -1.20032219	      5.21547721	      0.84172928	      0.89411274	     -0.07632843	     22.45657286	     -3.93284393	    -14.67953051	     13.28242905	     -0.77289562	    -25.21317672	      0.00000000	     26.85088693	     -5.77345934	    -11.81845938	     19.71518977	      2.73613231	    -15.70397177	      0.00000000	     -6.23418328	      0.50807282	     -0.74938710	     53.02897559	    -17.34811236	     30.55929716	     39.83438258	     77.59050995	     53.64641751	    -11.50953825	     23.17425345	     34.73104636	     70.31787624
      8.33333330	    -11.14809105	     -1.49098546	      5.09911714	      0.83712389	      0.88784222	     -0.07773432	     25.85744480	     -4.06660283	    -13.62623069	     16.04400102	     -1.44285294	    -27.90202888	      0.00000000	     30.22948021	     -6.03906835	    -10.65400855	     22.41406265	      3.06489884	    -17.65552585	      0.00000000	     -4.79117806	      0.66010979	     -0.36480358	     55.14422273	    -17.98379689	     31.20630774	     39.66009270	     77.82426395	     55.85939280	    -11.38940619	     24.92820701	     34.78987430	     70.47014944
      8.35000000	    -11.88419984	     -1.60322160	      4.94717816	      0.83105326	      0.88020976	     -0.07765844	     28.63806713	     -4.26320234	    -12.35225222	     19.18547980	     -1.75281623	    -31.06446741	      0.00000000	     32.81072724	     -6.20900257	     -9.57036153	     25.27523007	      3.59421938	    -19.51460181	      0.00000000	     -4.56732653	      0.72489411	      0.02071837	     58.10003743	    -18.59168554	     32.14473187	     39.51435023	     78.04343053	     58.83241053	    -11.38744204	     27.66398945	     34.29004259	     70.65379709
      8.36666670	    -12.81554732	     -1.73577110	      4.61549516	      0.82773390	      0.87541342	     -0.07780891	     31.77106764	     -4.49161503	    -11.50004900	     22.56147599	     -1.22145385	    -32.28081388	      0.00000000	     35.69718066	     -6.47737719	     -8.79386176	     28.33813802	      4.73881633	    -20.71536215	      0.00000000	     -4.13863669	      0.82597490	      0.72939861	     60.65729671	    -19.24447413	     32.08699282	     39.34974462	     78.03744002	     61.12310357	    -11.05147308	     28.50305957	     34.86675910	     70.72086440
      8.38333330	    -13.88202132	     -1.79712894	      4.34367720	      0.82408991	      0.86653387	     -0.07831080	     35.14308801	     -4.84106726	    -10.78764880	     26.08605306	     -0.85960337	    -33.84941905	      0.00000000	     38.77459944	     -6.66007344	     -8.12571985	     31.48689521	      5.53858344	    -22.02790475	      0.00000000	     -3.42469858	      0.88694749	      1.32410931	     63.34491672	    -19.81571840	     32.40172738	     39.23946742	     78.03718166	     63.34299266	    -10.83066049	     29.90061521	     35.28297893	     70.90181692
      8.40000000	    -14.27621852	     -1.84667529	      4.18493056	      0.82234733	      0.86272983	     -0.07740005	     37.48494193	     -5.07770147	    -10.11346758	     29.25059022	     -0.15041528	    -35.00000000	      0.00000000	     40.89794845	     -6.82142545	     -7.35729388	     34.31019949	      6.56911822	    -22.93084801	      0.00000000	     -3.63944776	      0.91160397	      1.73162861	     65.87360701	    -20.19987964	     32.30926782	     39.30212962	     77.99795915	     65.40192223	    -10.53758830	     30.49648026	     35.94173984	     71.00743848
      8.41666670	    -15.50829677	     -1.85094028	      3.96429889	      0.81846071	      0.85406340	     -0.07734826	     40.87023632	     -5.46550998	     -9.69497066	     32.67343811	      0.60242286	    -35.00000000	      0.00000000	     43.86853938	     -7.00203286	     -7.03608452	     37.05751916	      6.91614948	    -23.96997834	      0.00000000	     -2.58524146	      0.89867500	      2.10063770	     68.73563833	    -20.56716332	     34.31101264	     38.60307795	     77.74432411	     67.80202712	    -11.07262944	     34.71351472	     36.11482973	     71.54707550
      8.43333330	    -16.17309458	     -1.73292390	      3.63036384	      0.81441489	      0.84821229	     -0.07847720	     43.66605218	     -5.83426194	     -9.15307496	     36.10901270	      1.72513846	    -35.00000000	      0.00000000	     46.00123029	     -7.13860343	     -6.72829624	     39.58709863	      7.63205459	    -24.32843987	      0.00000000	     -2.38303323	      0.70255504	      2.56228730	     70.88130954	    -20.83865388	     34.41058804	     38.35472815	     77.53285929	     69.78267360	    -10.80513771	     35.14086738	     36.64422752	     71.53889594
      8.45000000	    -16.76440434	     -1.66338600	      3.41066725	      0.81315162	      0.84262556	     -0.07808674	     46.05296903	     -6.07274073	     -8.61042397	     38.96178594	      2.67278106	    -35.00000000	      0.00000000	     48.04951427	     -7.30405442	     -6.50303461	     42.00489504	      8.26107156	    -24.77329191	      0.00000000	     -2.10779841	      0.56775851	      2.56970995	     72.74332191	    -20.75213217	     34.73813465	     38.37297304	     77.27767167	     71.52732935	    -10.87940847	     35.75290364	     36.99748212	     71.55616292
      8.46666670	    -17.04266557	     -1.57823699	      3.23622230	      0.80780219	      0.83649199	     -0.07912835	     48.12407286	     -6.31856531	     -8.10438845	     41.66758331	      3.69219156	    -35.00000000	      0.00000000	     49.71990854	     -7.37229965	     -6.22291271	     44.20838990	      9.24646368	    -25.12610663	      0.00000000	     -2.39168112	      0.46277926	      2.69158838	     74.88757084	    -20.65468463	     34.71441949	     38.57317666	     77.11669063	     73.43836556	    -10.73548673	     35.89139684	     37.36791203	     71.55202377
      8.48333330	    -17.25929632	     -1.52687402	      3.24409002	      0.80510220	      0.83128394	     -0.07889367	     49.88535972	     -6.62375226	     -7.74355839	     44.00795813	      4.01644941	    -35.00000000	      0.00000000	     51.14310506	     -7.39761149	     -6.01683186	     45.95580490	      9.67709318	    -25.16183702	      0.00000000	     -2.80901032	      0.46758212	      2.72572419	     76.81414123	    -20.53967679	     34.53140879	     38.85768035	     77.03162746	     75.38036499	    -10.50079567	     35.77889756	     37.77179262	     71.53967731
      8.50000000	    -17.97221461	     -1.23059617	      3.10966497	      0.80144604	      0.82533494	     -0.07940666	     52.21574512	     -7.00722370	     -7.15718724	     46.29070645	      5.07301093	    -35.00000000	      0.00000000	     52.96481526	     -7.31095194	     -6.04305212	     47.65614763	     10.92566833	    -24.75761634	      0.00000000	     -2.43631530	      0.04938035	      2.78525289	     78.37181442	    -20.40234222	     34.88620565	     38.95501471	     76.85148842	     77.06635554	    -10.32157331	     36.20081376	     37.94302446	     71.55172938
      8.51666670	    -18.16186417	     -1.20043899	      2.98674961	      0.80014864	      0.81832462	     -0.07907320	     53.66848927	     -7.15892616	     -6.94102988	     48.09872878	      5.22827368	    -35.00000000	      0.00000000	     54.29226853	     -7.49574249	     -5.93355683	     49.34044862	     11.28544598	    -24.77593918	      0.00000000	     -2.96993914	      0.01515872	      2.76268870	     80.27015466	    -20.19414995	     34.66071182	     39.26449489	     76.77480050	     79.11436326	    -10.14837340	     36.02472339	     38.19933444	     71.52976283
      8.53333330	    -19.03518693	     -0.88355848	      2.81222919	      0.79843138	      0.80990879	     -0.07915639	     55.96938759	     -7.46594002	     -6.43608331	     50.04006867	      6.31243665	    -34.89421569	      0.00000000	     56.34944981	     -7.57658796	     -6.27820859	     51.18926936	     12.70529435	    -23.87032513	      0.00000000	     -2.49520228	     -0.34211805	      2.95070185	     81.97787774	    -19.94705375	     35.31429151	     39.04515860	     76.39628854	     81.14069338	     -9.96952257	     36.96185979	     37.72712872	     71.47742419
      8.55000000	    -19.20351193	     -0.79072684	      2.65788349	      0.79165000	      0.80254553	     -0.07949253	     57.57826279	     -7.61665629	     -6.12588276	     51.83688794	      6.75977793	    -35.00000000	      0.00000000	     57.94735448	     -7.72497656	     -6.25750113	     53.19006203	     13.25093908	    -24.26270718	      0.00000000	     -3.25069530	     -0.34135292	      3.11918773	     84.38204645	    -19.69255301	     34.98503295	     39.32513704	     76.28974774	     83.41596417	     -9.74967929	     36.74539606	     37.89434385	     71.42449808
      8.56666670	    -19.48025621	     -0.65928377	      2.39637418	      0.79094966	      0.79475788	     -0.07880552	     59.23832299	     -7.70661605	     -5.77260760	     53.66170110	      7.54594796	    -34.99660801	      0.00000000	     59.60002223	     -7.92894440	     -6.12224363	     55.27485221	     13.88135699	    -24.53495711	      0.00000000	     -3.82253690	     -0.46749429	      3.27403820	     86.61921910	    -19.26786414	     34.77325836	     39.47585751	     76.19278162	     85.73307121	     -9.60689418	     36.55887913	     37.80243524	     71.36110379
      8.58333330	    -19.50900364	     -0.38290533	      2.24678721	      0.78298509	      0.78736671	     -0.07701673	     60.89973506	     -8.01012977	     -5.57276303	     55.92579400	      9.75792903	    -33.29891448	      0.00000000	     61.14829744	     -8.12194991	     -6.29156679	     57.42560078	     15.19656437	    -23.99198393	      0.00000000	     -4.55688405	     -0.78256483	      3.37894641	     89.89493830	    -18.54230610	     37.98825631	     36.83546792	     74.69455939	     89.71385631	     -9.07508983	     41.18058101	     33.40046049	     70.24451579
      8.60000000	    -19.81051220	     -0.22829540	      2.29461562	      0.77959788	      0.77720046	     -0.07818682	     62.87906053	     -8.32563888	     -5.25900457	     58.08465034	     10.19671322	    -33.52730055	      0.00000000	     63.08923010	     -8.11421836	     -6.14157824	     59.56837090	     15.82914363	    -24.23362194	      0.00000000	     -5.29890840	     -0.86693246	      3.37562782	     92.23643053	    -18.25799991	     37.61637819	     37.16824677	     74.57479227	     92.04036824	     -8.90309030	     40.82701705	     33.55132344	     70.11084699
      8.61666670	    -20.15735415	     -0.05897979	      2.18496057	      0.77873146	      0.77051161	     -0.07839175	     64.62695153	     -8.56084038	     -5.00260713	     60.01942965	     10.67815365	    -33.54933344	      0.00000000	     64.76101533	     -8.20718432	     -6.06719374	     61.47798572	     16.38412571	    -24.28490606	      0.00000000	     -5.84815471	     -1.03890702	      3.45719722	     94.27935984	    -18.04806936	     37.36197389	     37.35778966	     74.47588792	     93.99005976	     -8.76490763	     40.54948819	     33.59645729	     69.98409208
      8.63333330	    -20.40334322	      0.17947851	      2.16504640	      0.77775482	      0.76056118	     -0.07808535	     66.43097622	     -8.98434745	     -4.80905804	     62.37550426	     13.38364142	    -31.24012882	      0.00000000	     66.40320632	     -8.43084105	     -6.32188484	     63.69418718	     17.81340017	    -23.12979052	      0.00000000	     -6.15030777	     -1.34118994	      3.57666861	     96.58340043	    -17.63193690	     38.81381869	     35.50024116	     73.92579849	     96.11571723	     -7.94957779	     41.15686296	     31.61441910	     69.01638068
      8.65000000	    -20.53840605	      0.24548448	      2.10510607	      0.77347331	      0.75216455	     -0.07744933	     67.93578885	     -9.07314738	     -4.47567722	     64.34188504	     13.91582847	    -31.42275669	      0.00000000	     67.94347448	     -8.61516586	     -6.15555726	     65.82758154	     18.22172221	    -23.50406580	      0.00000000	     -6.85797767	     -1.35156913	      3.64003358	     98.39016151	    -17.44162754	     38.62928161	     35.74383467	     73.84305282	     97.85160148	     -7.86942429	     40.95353248	     31.74166889	     68.89660079
      8.66666670	    -20.67591442	      0.63809578	      1.90081326	      0.76993246	      0.74528703	     -0.07657100	     69.57266317	     -9.25621446	     -3.96145780	     66.34943755	     15.47173754	    -29.96465870	      0.00000000	     69.19276567	     -8.79132788	     -6.45953752	     67.43816150	     19.00899255	    -23.15927741	      0.00000000	     -7.55706349	     -1.78270274	      3.77594538	    100.56248714	    -16.92484139	     39.83623860	     34.61294900	     73.53186549	     99.80900767	     -7.49627830	     41.33411613	     30.31145890	     68.17220550
      8.68333330	    -20.95776547	      0.61063561	      1.80381796	      0.76716081	      0.73931506	     -0.07703372	     71.10861365	     -9.28272455	     -3.86666674	     67.82607556	     15.73378492	    -30.08426395	      0.00000000	     70.57391125	     -8.96629674	     -6.20860858	     68.82305995	     19.35151871	    -23.30852561	      0.00000000	     -8.34956857	     -1.78880907	      3.65715946	    102.17179960	    -16.64510047	     39.72990836	     34.91353170	     73.45960446	    101.57504183	     -7.48035783	     41.14247540	     30.46071390	     68.04598617
      8.70000000	    -21.04989699	      0.93524471	      1.82922476	      0.76564566	      0.72989573	     -0.07751304	     72.70078377	     -9.65782780	     -3.43452164	     69.74909778	     16.39211638	    -29.45327833	      0.00000000	     71.69980838	     -8.95814512	     -6.38473991	     70.36612079	     20.49395949	    -22.55270621	      0.00000000	     -9.11130336	     -2.05216733	      3.41512922	    104.05748096	    -16.25421298	     40.90872701	     34.41581868	     73.21130664	    103.22589374	     -7.32027409	     41.30086339	     29.85123625	     67.33737410
      8.71666670	    -21.38501332	      0.93912374	      1.76277246	      0.76314778	      0.72398855	     -0.07687760	     74.07241211	     -9.66010271	     -3.26887484	     71.05151922	     16.56999397	    -29.52248186	      0.00000000	     72.98515835	     -9.11661514	     -6.23340539	     71.67493023	     20.81809071	    -22.72036531	      0.00000000	     -9.75394942	     -2.03299361	      3.41340428	    105.58247683	    -16.00450206	     40.78579094	     34.68882509	     73.14789509	    104.66117813	     -7.10132326	     41.10415578	     30.10611828	     67.22136330
      8.73333330	    -21.58846643	      0.98437405	      1.75316493	      0.76107585	      0.71626181	     -0.07540704	     75.53482859	     -9.72094350	     -3.15592511	     72.58463253	     16.80764074	    -29.55341528	      0.00000000	     74.23029699	     -9.28920252	     -6.10844178	     73.05029687	     20.95671572	    -22.78206162	      0.00000000	    -10.45149755	     -2.15414500	      3.34318349	    106.85255741	    -15.91537333	     40.72035579	     35.00536867	     73.09681503	    105.89288928	     -6.98080059	     40.84794770	     30.38552352	     67.08765703
      8.75000000	    -21.95712316	      1.05644140	      1.75844783	      0.75954299	      0.70750913	     -0.07575798	     77.10170547	     -9.85789802	     -2.96739097	     74.09909653	     16.92703540	    -29.56034001	      0.00000000	     75.62185829	     -9.39356547	     -5.99415174	     74.44912931	     21.22770845	    -22.84890074	      0.00000000	    -11.08343771	     -2.30770954	      3.23299185	    108.34581275	    -15.86865210	     40.63991651	     35.36093756	     73.05098673	    107.32711617	     -6.81577237	     40.48919701	     30.71559607	     66.93223497
      8.76666670	    -22.24998184	      1.07877355	      1.73468201	      0.75674047	      0.69631339	     -0.07506776	     78.83405151	     -9.91750389	     -2.79444428	     75.90570279	     17.21152021	    -29.62161847	      0.00000000	     77.15282022	     -9.62791784	     -5.81208781	     76.14369369	     21.54353974	    -22.93951941	      0.00000000	    -11.76999931	     -2.44209647	      2.88555691	    109.70863439	    -15.55915424	     40.59336283	     35.79558878	     73.02115267	    109.06756944	     -6.70276110	     40.05284703	     30.89454873	     66.76921865
      8.78333330	    -22.55834033	      1.12156224	      1.99553892	      0.75088264	      0.68786824	     -0.07490253	     80.74382217	    -10.19544170	     -2.59291065	     77.69523485	     17.88142021	    -29.15027844	      0.00000000	     78.94872705	     -9.56504530	     -5.70185607	     77.86871538	     22.16138170	    -22.53767567	      0.00000000	    -12.64662449	     -2.58537904	      2.46109756	    111.84399760	    -15.71777934	     41.97939588	     35.94621566	     72.79896319	    111.43709663	     -5.82405220	     39.17633462	     29.24705317	     65.35083879
      8.80000000	    -22.98561876	      1.03251004	      2.12233282	      0.75202106	      0.67848061	     -0.07522256	     82.45832925	    -10.30955415	     -2.46403105	     79.27576635	     18.15570319	    -29.24216961	      0.00000000	     80.68774634	     -9.69034917	     -5.51415227	     79.51835070	     22.28599520	    -22.85147767	      0.00000000	    -13.25250290	     -2.53656204	      2.10689770	    113.46152432	    -15.49274174	     41.71670533	     36.20526300	     72.74158994	    113.26891750	     -5.72639413	     38.89939645	     29.49041792	     65.22052857
      8.81666670	    -23.56646607	      1.04192219	      2.29009472	      0.74726081	      0.66731527	     -0.07389759	     84.46089785	    -10.54954136	     -2.31463421	     80.97739033	     18.74734974	    -28.89776328	      0.00000000	     82.73396167	     -9.62606803	     -5.24259922	     81.23990746	     22.22376098	    -23.59167198	      0.00000000	    -13.81214831	     -2.60846945	      1.46911438	    115.55132925	    -14.80839394	     42.06289142	     35.48365642	     72.59949735	    115.51180146	     -5.50867515	     38.63408095	     28.58687993	     64.46161496
      8.83333330	    -24.12070463	      0.95689801	      2.49668935	      0.74825918	      0.65970685	     -0.07360103	     86.29287468	    -10.62116016	     -2.10008734	     82.58552903	     19.04291674	    -28.96626520	      0.00000000	     84.42443065	     -9.70300533	     -5.06178896	     82.56376762	     22.47486022	    -23.57855180	      0.00000000	    -14.37159921	     -2.50531079	      1.32215446	    117.29419860	    -14.55235553	     41.79349439	     35.68111523	     72.55810226	    117.09618484	     -5.23796808	     38.38527322	     28.90461414	     64.34575370
      8.85000000	    -24.85540096	      0.77383585	      2.84517995	      0.74886019	      0.65152023	     -0.07543639	     88.00657967	    -11.01813968	     -2.04165895	     84.08766697	     19.92834593	    -28.30192823	      0.00000000	     86.15647853	     -9.64256367	     -4.92695075	     83.87361789	     23.28122553	    -22.86835845	      0.00000000	    -14.61680371	     -2.12119846	      0.67212402	    119.15755487	    -13.56556994	     42.23594290	     34.48141897	     72.51352527	    118.57926298	     -4.92945885	     37.56169186	     28.05757337	     63.51995775
      8.86666670	    -25.43971281	      0.66007142	      3.07313141	      0.74577722	      0.64162004	     -0.07534784	     89.80504617	    -11.28459757	     -1.86476143	     85.55194091	     20.17226906	    -28.42404880	      0.00000000	     87.95417251	     -9.58480131	     -4.78085597	     85.36655498	     23.58763778	    -23.00161533	      0.00000000	    -15.28438303	     -2.00360584	      0.52450278	    121.15422672	    -13.22767698	     41.92501825	     34.42017760	     72.46129980	    120.17231820	     -4.45666307	     37.23108331	     28.47507840	     63.36476404
      8.88333330	    -25.71857351	      0.49317936	      3.22727879	      0.74438587	      0.63459096	     -0.07487555	     91.04443829	    -11.46665648	     -1.82984952	     86.84720241	     20.34329669	    -28.71054822	      0.00000000	     89.30871468	     -9.56631431	     -4.44844556	     86.62234818	     23.72914573	    -23.05634736	      0.00000000	    -16.18487836	     -1.63885391	      0.39472453	    123.55090813	    -11.74166543	     41.99403173	     31.66182285	     72.29393328	    121.53865023	     -3.89927593	     35.44512044	     28.16077194	     62.22941332
      8.90000000	    -26.31927570	      0.48669945	      3.29409089	      0.74260975	      0.62712072	     -0.07549307	     92.61914121	    -11.56818968	     -1.59174409	     87.89690188	     20.54114021	    -28.82408554	      0.00000000	     90.88111090	     -9.50632566	     -4.24622682	     87.81444959	     23.99054917	    -23.07777549	      0.00000000	    -16.75243291	     -1.63125477	      0.40138324	    125.12254164	    -11.50722865	     41.74096308	     31.78749989	     72.24378386	    122.82633761	     -3.55571247	     35.16315043	     28.69055390	     62.12290891
      8.91666670	    -26.81195769	      0.46289949	      3.32221588	      0.74345895	      0.61841853	     -0.07619386	     94.04211445	    -11.71401814	     -1.44966500	     89.11995811	     20.69849645	    -28.72381347	      0.00000000	     92.35428097	     -9.56272712	     -4.05719068	     89.00060640	     24.43296204	    -23.03145663	      0.00000000	    -17.27772280	     -1.61966796	      0.42967773	    126.53445254	    -11.47934000	     41.43971583	     31.74368601	     72.17547048	    123.82325389	     -3.24045418	     34.75915626	     29.20764303	     61.97463388
      8.93333330	    -27.09525206	      0.32481836	      3.29110433	      0.74454262	      0.61115641	     -0.07548641	     95.18499169	    -11.74644750	     -1.42601945	     90.40555321	     21.31640658	    -28.26813679	      0.00000000	     93.58899938	     -9.75569315	     -3.74787100	     90.39928937	     25.51134128	    -21.75857459	      0.00000000	    -17.91515947	     -1.20079736	      0.53053588	    128.14247638	    -10.36730596	     41.24210550	     30.31775402	     71.66518485	    123.77604552	     -2.90908288	     29.94787084	     30.91337505	     60.09645029
      8.95000000	    -27.35627668	      0.35384040	      3.32868765	      0.74330790	      0.60258908	     -0.07480550	     96.67089997	    -11.77633882	     -1.15376698	     91.87359907	     21.58718435	    -28.46764973	      0.00000000	     94.86648787	     -9.86294345	     -3.60173249	     91.64374684	     25.81648961	    -21.88263591	      0.00000000	    -18.58365760	     -1.27700344	      0.75398111	    129.43698186	    -10.33544375	     40.90207114	     30.31358421	     71.58921774	    124.68982965	     -2.49063641	     29.73868101	     31.39846005	     60.05437946
      8.96666670	    -27.27564383	      0.30355135	      3.32907691	      0.74118685	      0.59195674	     -0.07630030	     97.87057908	    -11.86620337	     -1.00803706	     93.41801879	     22.17725951	    -28.29910678	      0.00000000	     96.11920374	     -9.98300171	     -3.36045311	     93.31942800	     26.39241923	    -21.55162862	      0.00000000	    -19.70897571	     -1.17529371	      1.42070313	    131.54815226	     -9.93049583	     40.16047296	     28.75030887	     71.28445961	    125.70868836	     -1.65597685	     28.28046152	     31.64486397	     59.61355997
      8.98333330	    -27.39272349	      0.27226884	      3.32570755	      0.73990060	      0.58079547	     -0.07746357	     99.45736402	    -11.94253817	     -0.66742417	     95.11495685	     22.54190920	    -28.35312257	      0.00000000	     97.81572600	    -10.06089705	     -3.11829281	     95.16647798	     26.67001780	    -21.63753235	      0.00000000	    -20.31402490	     -1.10059068	      1.50760117	    132.75857559	     -9.82675957	     39.96762485	     28.80568099	     71.23363853	    126.66705082	     -1.45050049	     28.00042432	     31.95200718	     59.54961313
      9.00000000	    -27.32822167	      0.24261843	      3.07318459	      0.73746102	      0.57263967	     -0.07700871	    100.72701502	    -11.79136848	     -0.45510115	     96.60572646	     23.09181820	    -27.77059485	      0.00000000	     99.19387204	    -10.31456968	     -2.75304504	     97.04143882	     26.69930963	    -21.47712122	      0.00000000	    -21.10324000	     -1.00879937	      2.08628731	    134.15177563	     -9.72050188	     39.75504036	     28.41215975	     71.12339811	    127.42712953	     -1.22800493	     27.38879693	     32.18021480	     59.34937838
      9.01666670	    -27.37769484	      0.24468438	      2.94281340	      0.73642025	      0.56456912	     -0.07766360	    102.04950987	    -11.73839200	     -0.19299598	     97.95747368	     23.44377411	    -27.75241850	      0.00000000	    100.52287781	    -10.48789827	     -2.52137795	     98.55347016	     26.92334527	    -21.55739607	      0.00000000	    -21.72675852	     -0.96237655	      2.11048010	    134.90721007	     -9.42810366	     39.69453451	     28.46896210	     71.09022990	    128.29055242	     -1.27181163	     27.08613061	     32.29695911	     59.26725401
      9.03333330	    -27.35400421	      0.24814654	      2.84064742	      0.73278456	      0.55458627	     -0.07690362	    103.35205588	    -11.63151647	      0.07988552	     99.27233181	     23.71802272	    -27.54535035	      0.00000000	    101.94377074	    -10.67467888	     -2.24791148	     99.99808572	     26.90130169	    -21.44939947	      0.00000000	    -22.38788871	     -0.93581510	      2.23275876	    135.76723807	     -9.22456331	     39.59064837	     28.37404176	     71.04364300	    129.12926747	     -1.19357864	     26.81539270	     32.30299753	     59.17907976
      9.05000000	    -26.88156176	      0.10777599	      2.83634207	      0.72908354	      0.54537372	     -0.07846858	    104.20090687	    -11.71337210	      0.25353309	    100.64741919	     24.53188483	    -26.32007592	      0.00000000	    103.06066165	    -10.70837273	     -1.82473842	    101.62866944	     26.88277127	    -21.03755504	      0.00000000	    -23.51733701	     -0.54916321	      2.49247500	    137.15576770	     -8.52133195	     39.67435699	     27.02938501	     70.87937165	    130.13124488	     -0.98942847	     26.16495141	     31.16887029	     58.76696106
      9.06666670	    -26.59707313	      0.11986702	      2.86714193	      0.72767605	      0.53732829	     -0.07811668	    105.19425760	    -11.67344410	      0.61494191	    102.00008091	     24.68668912	    -26.53471047	      0.00000000	    104.12439091	    -10.79985612	     -1.58953683	    102.95554887	     26.74589112	    -20.93678898	      0.00000000	    -24.20667118	     -0.52538163	      2.36499121	    137.57831657	     -8.37851924	     39.73783387	     27.02892373	     70.85492940	    130.59301945	     -0.92681612	     26.07631038	     31.18015431	     58.69427508
      9.08333330	    -26.03633802	      0.14034431	      2.86308446	      0.72494527	      0.52922020	     -0.07882202	    105.98053366	    -11.63886360	      0.95032031	    103.17968364	     24.62832115	    -26.53663581	      0.00000000	    104.93052431	    -10.79614345	     -1.35787790	    104.23684120	     26.67873131	    -20.90734230	      0.00000000	    -24.95954283	     -0.46749311	      2.37668972	    137.55997628	     -8.29205454	     39.75278020	     27.02272206	     70.84941245	    130.59344920	     -0.92726523	     26.06417213	     31.12816138	     58.67962303
      9.10000000	    -25.62711125	      0.02190365	      3.02558953	      0.72210727	      0.52060025	     -0.07753027	    106.85695139	    -11.63047581	      1.21086766	    104.38409632	     24.08415272	    -27.17470640	      0.00000000	    105.97844748	    -10.75665682	     -0.94884946	    105.43566389	     26.62110828	    -20.35836865	      0.00000000	    -26.35120244	     -0.14748221	      2.31894256	    139.74225398	     -7.31100187	     39.91778180	     25.14729707	     70.52236222	    132.92323141	     -0.72445808	     26.24812549	     28.81316205	     58.09670383
      9.11666670	    -25.30469278	     -0.01979506	      3.06280674	      0.72425671	      0.51772875	     -0.07972311	    107.30353633	    -11.64675676	      1.47152421	    105.26530187	     24.02163301	    -27.18801226	      0.00000000	    106.52227330	    -10.81289949	     -0.82217809	    106.31442607	     26.53818817	    -20.30729697	      0.00000000	    -26.87215251	     -0.03707476	      2.28340517	    139.68266998	     -7.35109981	     39.93281696	     25.16547223	     70.51654785	    132.79115161	     -0.71045807	     26.27735522	     28.80266966	     58.08689140
      9.13333330	    -25.31366586	     -0.13831651	      3.30619858	      0.72064895	      0.51048685	     -0.07933531	    108.17067107	    -11.79081231	      1.71697835	    106.08167255	     23.74585719	    -27.20844146	      0.00000000	    107.39564039	    -10.57187509	     -0.59793866	    106.94427593	     26.38353914	    -19.85674737	      0.00000000	    -27.27256647	      0.20218905	      2.30080273	    140.24372866	     -7.33698882	     39.91057994	     25.38352902	     70.46906373	    133.22337489	     -0.72834460	     26.32325216	     28.85952580	     58.02090415
      9.15000000	    -25.32837994	     -0.35940229	      3.50526413	      0.72380552	      0.50529999	     -0.07978741	    108.76570021	    -11.94890262	      1.82199057	    106.95267169	     23.78919215	    -27.31046405	      0.00000000	    108.20752368	    -10.49851315	     -0.30161545	    107.83136466	     26.34096008	    -19.66182868	      0.00000000	    -27.52290318	      0.49956134	      2.26486939	    140.49264408	     -7.29173498	     39.93179644	     25.53003712	     70.42193759	    133.45784436	     -0.75747621	     26.40135411	     28.78717429	     57.94010686
      9.16666670	    -25.25252626	     -0.55732844	      3.62567371	      0.71742683	      0.50192999	     -0.08132400	    109.13054930	    -12.11718998	      1.86176150	    107.42062004	     23.49385107	    -27.29691395	      0.00000000	    108.79235582	    -10.32660955	     -0.12219583	    108.25427011	     26.13656885	    -19.45161082	      0.00000000	    -27.85221153	      0.76486102	      2.19806210	    140.61603386	     -7.28827738	     39.94090848	     25.61131375	     70.37229303	    133.67900764	     -0.76741636	     26.47733629	     28.66582679	     57.85634201
      9.18333330	    -25.15897601	     -0.83112396	      3.86169771	      0.72175169	      0.49901568	     -0.08195592	    109.45995391	    -12.50874155	      1.81821553	    108.07001673	     23.51101453	    -27.45645359	      0.00000000	    109.24846741	    -10.13581173	      0.16608855	    108.83618244	     26.06199641	    -19.29598263	      0.00000000	    -28.01529623	      1.10373006	      2.18270407	    140.58210277	     -7.39725483	     39.98050749	     25.62313788	     70.31509952	    133.58052486	     -0.74151603	     26.62267100	     28.58053510	     57.75615143
      9.20000000	    -25.12889010	     -1.08502512	      4.13284642	      0.71925364	      0.49546143	     -0.08195536	    109.71658091	    -12.83366862	      1.76689796	    108.45617969	     23.31893752	    -27.52631023	      0.00000000	    109.73695801	     -9.96271098	      0.32187272	    109.14260718	     25.94763718	    -19.02445334	      0.00000000	    -28.06157431	      1.39517959	      2.14907855	    140.53394629	     -7.45900632	     40.03984723	     25.54178445	     70.25070337	    133.48856767	     -0.68927544	     26.78145473	     28.50602644	     57.63831794
      9.21666670	    -25.13317748	     -1.35885137	      4.39416467	      0.71853090	      0.49381839	     -0.08281780	    109.99158794	    -13.12157527	      1.72584333	    108.76767840	     23.18880504	    -27.76867504	      0.00000000	    110.15640983	     -9.79855301	      0.42479698	    109.27917628	     25.71558671	    -18.87279044	      0.00000000	    -28.09233739	      1.70110574	      2.05896920	    140.55749586	     -7.58575504	     40.10199507	     25.38092821	     70.18998497	    133.53792212	     -0.68272135	     26.92121506	     28.40455181	     57.52224968
      9.23333330	    -25.19710540	     -1.56035345	      4.73228491	      0.71650820	      0.49362420	     -0.08350761	    110.13052251	    -13.43339244	      1.69475620	    108.75710841	     23.01052785	    -27.91699153	      0.00000000	    110.42121072	     -9.54559395	      0.41389287	    109.17933679	     25.50068011	    -18.70320541	      0.00000000	    -28.07502136	      1.92682410	      2.00575425	    140.72273908	     -7.81274247	     40.16946660	     25.06051798	     70.12612222	    133.63265923	     -0.52148538	     27.10800896	     28.29206274	     57.40476904
      9.25000000	    -24.90711281	     -1.77501836	      4.99368755	      0.71421992	      0.49146333	     -0.08462913	    110.05273605	    -13.71443647	      1.60785960	    108.71330534	     22.71829835	    -28.15601448	      0.00000000	    110.39151628	     -9.23439756	      0.51600045	    109.08728362	     25.55497604	    -18.55986992	      0.00000000	    -28.76063448	      2.20126184	      1.84069127	    142.13921290	     -7.79194978	     43.64068933	     23.61918143	     68.59927674	    135.82306195	     -0.33064711	     31.38202968	     25.30830704	     54.34970253
      9.26666670	    -25.16603883	     -1.98131729	      5.31491044	      0.71364049	      0.49174039	     -0.08561635	    110.40553470	    -13.96609092	      1.62813677	    108.68982392	     22.76666232	    -28.17514979	      0.00000000	    110.85068041	     -8.85824379	      0.54420682	    109.02752229	     25.27789812	    -18.30077464	      0.00000000	    -28.51984525	      2.48574021	      1.71888863	    142.36274734	     -7.95396704	     43.63255572	     23.51893123	     68.50784234	    136.16815643	     -0.24665442	     31.36903762	     25.24486913	     54.20750912
      9.28333330	    -25.33389809	     -2.17335394	      5.64232117	      0.71628665	      0.49281029	     -0.08809680	    110.48660701	    -14.33819943	      1.66678054	    108.64546373	     22.68162546	    -28.18933285	      0.00000000	    110.99905483	     -8.34457354	      0.56764725	    108.96114273	     25.20610108	    -18.25205182	      0.00000000	    -28.19794900	      2.89070538	      1.65819225	    142.38142992	     -8.21989601	     43.72619510	     23.46058232	     68.43056162	    136.24740830	     -0.17852003	     31.39009637	     25.00132105	     54.05099748
      9.30000000	    -25.41323032	     -2.31564175	      6.03244945	      0.71801448	      0.49589175	     -0.08880860	    110.18882487	    -14.66851548	      1.75894022	    108.48851436	     22.54324588	    -28.28149399	      0.00000000	    110.85221746	     -7.88484462	      0.44266674	    108.60626294	     25.08724458	    -18.19832214	      0.00000000	    -27.84164290	      3.22091973	      1.60046003	    142.30418180	     -8.40404405	     43.94552569	     23.42072840	     68.37693815	    136.14493978	     -0.01938962	     31.44850828	     24.65217065	     53.88791640
      9.31666670	    -25.80005375	     -2.41308534	      6.23225023	      0.72188746	      0.50056783	     -0.08851675	    109.90660912	    -14.82224371	      1.72965271	    108.19620442	     21.95401223	    -29.04307256	      0.00000000	    110.60427568	     -7.60900393	      0.35596226	    108.11115552	     24.79903593	    -18.61848407	      0.00000000	    -26.98739443	      3.32787426	      1.27650056	    141.68347988	     -8.71419842	     45.10290549	     23.60511093	     68.19450454	    136.05449756	      0.24149046	     31.58126245	     23.45743951	     53.14177439
      9.33333330	    -25.87724370	     -2.36423705	      6.44799724	      0.72231099	      0.50840663	     -0.09080602	    109.06097888	    -15.05479976	      1.73140330	    107.42003136	     21.73386493	    -29.06844755	      0.00000000	    109.61713507	     -7.29665458	     -0.00474216	    107.19079660	     24.96232705	    -18.78771604	      0.00000000	    -26.65500520	      3.41094021	      1.39286584	    141.39072844	     -9.01950050	     45.25598719	     23.58861750	     68.14730532	    135.52737348	      0.40193282	     31.70077275	     23.44792410	     53.03567277
      9.35000000	    -26.30297846	     -2.30279480	      6.64659964	      0.72465687	      0.51212250	     -0.09066868	    108.64738827	    -15.31679730	      1.70286752	    106.65633603	     21.53681928	    -29.01970793	      0.00000000	    108.96360758	     -7.03807347	     -0.29962542	    106.25164285	     24.80415644	    -19.40889942	      0.00000000	    -25.75753919	      3.25576781	      1.51643457	    140.69831141	    -10.13352816	     46.42312403	     24.81717831	     67.80978851	    134.36347872	      0.51209553	     31.49199293	     24.64967494	     52.09348033
      9.36666670	    -26.54127931	     -2.35778337	      6.66557913	      0.72493931	      0.51823856	     -0.09096990	    107.91544160	    -15.36742148	      1.46138000	    105.77436545	     21.55922390	    -29.00676016	      0.00000000	    108.16892639	     -6.96527128	     -0.46761996	    105.23940667	     25.06012241	    -19.43275829	      0.00000000	    -25.23367475	      3.26651752	      1.26315163	    140.46282968	    -10.22180398	     46.55761202	     24.74283559	     67.75266699	    134.12545130	      0.47052846	     31.43771658	     24.53895872	     51.97159822
      9.38333330	    -27.01077017	     -2.40424317	      6.89013609	      0.73622972	      0.52984408	     -0.09416065	    106.89846858	    -15.77433213	      1.21018250	    104.78909482	     21.50640197	    -28.98976786	      0.00000000	    107.09819622	     -6.82396437	     -0.90284656	    104.00044311	     25.19818998	    -19.51247778	      0.00000000	    -24.27971998	      3.41633966	      1.09873512	    139.94733065	    -10.43086714	     46.72682296	     24.68476039	     67.70849464	    133.44081811	      0.46680411	     31.42628024	     24.46755964	     51.86275537
      9.40000000	    -28.17329380	     -2.48965041	      7.03597306	      0.73833277	      0.53787377	     -0.09414141	    106.29006383	    -16.11117338	      0.87163518	    103.30206179	     21.60953145	    -28.81496115	      0.00000000	    106.55847469	     -6.68232689	     -1.32259308	    102.43165360	     25.78848764	    -19.18613492	      0.00000000	    -22.32745701	      3.42942838	      0.91219986	    138.39629943	    -11.27818616	     47.00228910	     26.28120766	     66.94951465	    131.29905188	      0.15238298	     29.84021642	     26.90815385	     50.65387013
      9.41666670	    -28.63688479	     -2.49099433	      7.21795443	      0.74224603	      0.54847711	     -0.09551649	    105.00045692	    -16.50075826	      0.48208132	    101.77708865	     21.48612440	    -28.71692852	      0.00000000	    105.29446990	     -6.48756659	     -1.74766113	    100.92222679	     25.88486256	    -19.21813347	      0.00000000	    -21.41832466	      3.42209091	      0.70683689	    137.73221317	    -11.57724984	     47.07575839	     26.19926614	     66.91203793	    130.48640316	      0.31742292	     29.78030439	     26.95516080	     50.60126126
      9.43333330	    -29.75702715	     -2.56157295	      7.36364438	      0.74961364	      0.55793433	     -0.09682873	    104.27399138	    -16.74828204	      0.14303704	    100.27949836	     21.84539201	    -28.47622352	      0.00000000	    104.53857888	     -6.27567613	     -2.08359421	     99.39963778	     26.08814660	    -19.40993157	      0.00000000	    -19.19254362	      3.36829511	      0.47234781	    135.07311290	    -12.69087793	     45.70694466	     29.26563708	     66.19666538	    127.48848008	      0.49345248	     26.70333624	     29.99488706	     49.97835816
      9.45000000	    -29.78053889	     -2.54133249	      7.48099402	      0.74883338	      0.56947986	     -0.09555233	    102.64802639	    -16.76545566	     -0.27031901	     98.64493803	     21.75820635	    -28.41139591	      0.00000000	    102.89267865	     -6.13942472	     -2.35787333	     97.79805638	     25.99354079	    -19.42985275	      0.00000000	    -18.49139591	      3.39452479	      0.17337070	    133.94223698	    -12.73752680	     45.83098027	     29.23056997	     66.19775027	    126.48443788	      0.44454254	     26.60870580	     29.70383287	     49.97711784
      9.46666670	    -30.52562943	     -2.53553387	      7.56712647	      0.76060753	      0.58358511	     -0.09880471	    101.28684518	    -16.87139331	     -0.67292620	     96.79519809	     21.79217665	    -28.26000990	      0.00000000	    101.50865750	     -5.97493726	     -2.80251440	     95.73002276	     25.71802837	    -19.94988423	      0.00000000	    -16.37613807	      3.31291571	     -0.05213364	    130.48703137	    -13.94424072	     43.30719875	     32.78234091	     65.95393852	    122.33864973	      0.11101296	     23.79638263	     33.82151574	     50.33112902
      9.48333330	    -30.91444488	     -2.50069757	      7.66121519	      0.76743862	      0.59685039	     -0.10045901	     99.42105475	    -16.95488009	     -1.11035711	     94.78886135	     21.65370243	    -28.29851646	      0.00000000	     99.60489527	     -5.79752586	     -3.21222155	     93.64564544	     25.65625923	    -19.96884636	      0.00000000	    -14.49976043	      3.26359822	     -0.36107058	    127.08466258	    -14.41004328	     40.71603988	     34.89936794	     66.27789164	    118.46293984	      0.10010588	     20.88547344	     36.74576683	     51.27122601
      9.50000000	    -30.99280499	     -2.44205811	      7.74331630	      0.77248731	      0.61113617	     -0.10184490	     97.24665231	    -17.04087760	     -1.54481966	     92.63174187	     21.66115765	    -28.14225227	      0.00000000	     97.40521475	     -5.42683037	     -3.51306539	     91.39895918	     25.50694522	    -19.95427140	      0.00000000	    -13.18830140	      3.27302320	     -1.06244146	    123.81355969	    -14.13394936	     36.99269854	     36.60025373	     67.60081219	    115.28916299	     -0.23162884	     18.65881640	     38.55578008	     53.62095506
      9.51666670	    -31.25733636	     -2.22676550	      7.69248150	      0.77403765	      0.62364479	     -0.10079965	     95.62498463	    -16.90325929	     -1.79290767	     90.51376431	     21.41298820	    -27.95448083	      0.00000000	     95.52640506	     -5.22371579	     -3.89438316	     88.97781830	     25.33675166	    -20.39769517	      0.00000000	    -11.68442185	      2.94065851	     -1.43172239	    120.92632360	    -14.56670735	     36.09781123	     38.56912061	     68.40107633	    113.00426905	     -0.80830065	     19.23335981	     39.23660778	     54.79771253
      9.53333330	    -30.91842041	     -2.14571424	      7.67238937	      0.77757320	      0.63544772	     -0.10555568	     93.57758552	    -16.89014930	     -2.09274412	     88.52111053	     21.44272538	    -27.73855125	      0.00000000	     93.40715990	     -4.86883970	     -4.09101194	     86.99871385	     25.18318485	    -20.70969641	      0.00000000	    -10.89386747	      3.11009347	     -2.00893798	    119.16948573	    -14.21703062	     36.06975494	     38.91320838	     68.59117116	    111.83884566	     -1.33100618	     19.47269050	     38.35139812	     55.02541462
      9.55000000	    -30.94511782	     -1.69225665	      7.65586586	      0.78177311	      0.64966688	     -0.10485897	     91.89651515	    -16.90546641	     -2.07396803	     86.29443197	     21.16556890	    -27.27725310	      0.00000000	     90.99804308	     -4.46232560	     -4.60733887	     84.20044947	     24.47658066	    -21.21239135	      0.00000000	     -9.68514673	      2.59675318	     -2.47310686	    116.55812739	    -14.25779726	     34.11554413	     40.28733527	     69.09691771	    110.53078304	     -1.95266165	     21.09684996	     38.01608859	     56.03351925
      9.56666670	    -30.71451291	     -1.52142065	      7.44508878	      0.78514517	      0.66314159	     -0.10387106	     89.85529911	    -16.59098782	     -2.38599980	     84.10863445	     20.69403568	    -26.90992686	      0.00000000	     88.66047527	     -4.45049762	     -4.82103129	     81.68914830	     24.02319637	    -21.03834328	      0.00000000	     -8.72619668	      2.48725904	     -2.34892640	    114.82417326	    -14.44400657	     34.26114717	     40.12314349	     69.19062047	    108.95787935	     -2.14339623	     21.39046447	     37.63522338	     56.12220665
      9.58333330	    -30.39402144	     -1.07910899	      7.26259204	      0.78854702	      0.67589300	     -0.10501642	     87.85907014	    -16.39174513	     -2.43694174	     81.93628998	     19.66084774	    -27.41883538	      0.00000000	     86.21470168	     -4.15648491	     -5.17458290	     79.13811189	     23.14735078	    -21.78834152	      0.00000000	     -8.01161494	      1.93439608	     -2.34471450	    113.02037168	    -14.88892326	     32.94812995	     40.84427753	     69.68789865	    108.09514051	     -2.62363168	     23.15790269	     37.18565329	     56.86765834
      9.60000000	    -30.10862615	     -0.91756817	      7.20233131	      0.79175587	      0.68942694	     -0.10481548	     85.74922607	    -16.18046186	     -2.73999158	     79.62756201	     19.20563793	    -27.18655077	      0.00000000	     83.88568416	     -3.95595383	     -5.37845401	     76.47553745	     22.83159065	    -21.46978658	      0.00000000	     -7.03438271	      1.76483723	     -2.39320052	    111.26090075	    -15.12205821	     33.14675800	     40.57045822	     69.77802255	    106.48024032	     -2.92145728	     23.51181484	     36.72674353	     56.93977614
      9.61666670	    -29.59853273	     -0.61482892	      7.40704810	      0.79603041	      0.70306240	     -0.10494137	     83.41092907	    -16.19114712	     -2.89058392	     77.41183439	     18.14718135	    -27.87903763	      0.00000000	     81.31178353	     -3.45796650	     -5.64772117	     73.86066758	     22.14269306	    -21.68766819	      0.00000000	     -6.52221705	      1.37318171	     -2.91568368	    109.39300627	    -15.29050144	     32.67013657	     41.01742085	     70.00412618	    104.95180721	     -3.74748459	     24.57162469	     37.23676964	     57.26461222
      9.63333330	    -29.00511743	     -0.30781687	      7.47490486	      0.79328361	      0.71512272	     -0.10475444	     81.12442534	    -16.05681422	     -3.03858181	     75.00098266	     16.90112594	    -28.40263742	      0.00000000	     78.96279065	     -3.05110095	     -5.87295419	     71.25271375	     21.05256201	    -22.23341380	      0.00000000	     -6.06021964	      1.08155489	     -2.91450439	    108.24217762	    -15.31580060	     32.48829762	     40.48037823	     70.21802063	    103.76706426	     -4.07232177	     25.81554292	     37.07329082	     57.51443584
      9.65000000	    -28.35777503	     -0.08006150	      7.58123538	      0.79683352	      0.72807559	     -0.10413917	     78.69668820	    -15.87590858	     -3.17919983	     72.62962904	     15.72442083	    -28.98275780	      0.00000000	     76.55309433	     -2.65891030	     -6.00982040	     68.54154820	     19.53389679	    -22.98120693	      0.00000000	     -5.53586707	      0.85247527	     -3.22341205	    106.83963467	    -15.22559135	     32.89492880	     39.69184195	     70.44141693	    102.36238827	     -4.91001997	     27.22791555	     36.77423718	     57.67810850
      9.66666670	    -27.95279605	      0.13842657	      7.46968560	      0.79812224	      0.73860678	     -0.10453842	     76.77678667	    -15.67364240	     -3.41398471	     70.44448260	     15.04543902	    -28.70950483	      0.00000000	     74.53377355	     -2.39654490	     -6.18527372	     66.06587552	     18.94686442	    -22.71330622	      0.00000000	     -4.62057018	      0.72669661	     -2.98788083	    105.25130154	    -15.46898714	     33.24906224	     39.27958493	     70.48514186	    100.63792025	     -5.28765572	     27.68890479	     36.37980427	     57.70569613
      9.68333330	    -27.25803480	      0.40849802	      7.33562466	      0.80196388	      0.75169490	     -0.10409065	     74.35716444	    -15.26064640	     -3.40300615	     67.88744038	     13.08320784	    -30.13954701	      0.00000000	     72.06583764	     -1.99800746	     -6.10835026	     63.38893345	     16.69242305	    -24.34411896	      0.00000000	     -4.13912515	      0.50993839	     -3.14971269	    103.40851674	    -15.51994189	     33.89647895	     39.17730650	     70.59100668	     98.98584283	     -6.72657075	     31.01322784	     37.20194609	     57.88310797
      9.70000000	    -26.66911197	      0.67759910	      7.13958628	      0.80672548	      0.76267903	     -0.10388757	     72.04988690	    -15.04052845	     -3.69873200	     65.46458538	     12.37303320	    -29.79126484	      0.00000000	     69.48420084	     -1.73705824	     -6.14916407	     60.52874940	     16.03624781	    -23.90626179	      0.00000000	     -3.09718601	      0.29924996	     -2.94487355	    101.23673881	    -15.77001557	     34.36598357	     38.77632513	     70.62283984	     96.63522398	     -6.95371934	     31.57756472	     36.89464050	     57.88486797
      9.71666670	    -25.76005536	      0.91775578	      6.83424785	      0.80994578	      0.77788280	     -0.10478553	     69.05914905	    -14.57978822	     -3.83905679	     62.49800911	     10.52869121	    -30.80495805	      0.00000000	     66.40600877	     -1.40744440	     -6.00597191	     57.35069873	     14.86425146	    -24.44932235	      0.00000000	     -2.53684601	      0.07658785	     -2.77625592	     98.32457461	    -16.46876094	     34.36801681	     40.04110254	     70.50239939	     93.73208536	     -8.20789841	     33.17216820	     39.21309158	     57.74638513
      9.73333330	    -25.04816560	      1.10057408	      6.72836520	      0.81821981	      0.79278427	     -0.10408257	     66.06568414	    -14.31491034	     -4.19187401	     59.52936325	      9.92372435	    -30.50557980	      0.00000000	     63.20509449	     -1.06682274	     -5.96905528	     53.90944609	     14.15898633	    -23.95147297	      0.00000000	     -1.13693152	      0.01455543	     -2.31669359	     95.11182842	    -17.00040030	     34.83403757	     39.59079514	     70.51694756	     90.11319118	     -8.44312863	     33.85009360	     39.00711173	     57.76059207
      9.75000000	    -23.72497842	      1.18307152	      6.54884101	      0.81624817	      0.80214824	     -0.10154937	     62.79609348	    -13.76142922	     -4.56108555	     56.58025710	      8.65537694	    -31.43251699	      0.00000000	     60.08478558	     -0.92293105	     -5.61491896	     51.20768870	     12.80047185	    -24.75280555	      0.00000000	     -1.35393293	     -0.19061796	     -2.30001447	     92.05962519	    -17.68287610	     33.19808668	     42.13199420	     70.16526515	     87.64719757	     -9.52833843	     34.28064064	     41.93446207	     57.57106051
      9.76666670	    -22.95808887	      1.24828171	      6.41381345	      0.81791945	      0.81481123	     -0.10279169	     60.17479472	    -13.36066524	     -4.88724322	     53.78955360	      7.70448430	    -31.67713984	      0.00000000	     57.49485538	     -0.66706189	     -5.31386188	     48.30506398	     11.42888497	    -24.93866804	      0.00000000	     -0.77998641	     -0.40250495	     -2.24590725	     89.01282858	    -18.52393638	     31.64781802	     43.54897144	     69.97918184	     84.86242643	    -10.29698042	     34.46589483	     43.32002723	     57.34507534
      9.78333330	    -21.91113729	      1.29503684	      6.29096464	      0.82178335	      0.82641814	     -0.10078028	     57.06646815	    -12.90429554	     -5.33851131	     50.74191521	      7.10113251	    -31.18745211	      0.00000000	     54.52525276	     -0.58747685	     -5.18296480	     45.16353012	      9.82094451	    -25.32437438	      0.00000000	     -0.52752637	     -0.47097763	     -2.27726044	     86.26643959	    -19.00223568	     30.79994687	     44.70654950	     69.96008938	     82.25709160	    -11.36035260	     34.77595708	     44.60309436	     57.30989116
      9.80000000	    -20.93319094	      1.30434260	      6.03216725	      0.82352723	      0.83498024	     -0.10124178	     54.43423830	    -12.42697436	     -5.69389204	     48.11133659	      6.35255132	    -31.06635687	      0.00000000	     52.01457670	     -0.56248536	     -4.98503412	     42.55565184	      8.52605801	    -25.60548516	      0.00000000	     -0.19662192	     -0.49099887	     -2.46874451	     83.80703240	    -19.39233449	     30.11456035	     45.74539077	     70.01508805	     79.89668911	    -12.48634439	     34.92189190	     45.56475331	     57.30557054
      9.81666670	    -19.89404700	      1.37464679	      5.79450743	      0.82673710	      0.84485646	     -0.10117140	     51.66430749	    -12.07608696	     -6.09824244	     45.41019686	      5.34332337	    -31.11374056	      0.00000000	     49.24480974	     -0.47623885	     -4.87743435	     39.72029393	      7.59031396	    -25.56095401	      0.00000000	      0.18859402	     -0.54452965	     -2.55643697	     81.13116389	    -19.96248595	     29.60991152	     46.96298113	     70.15669141	     77.36693722	    -13.50804486	     34.93002253	     46.78989685	     57.36986085
      9.83333330	    -19.00597419	      1.34999399	      5.55442530	      0.82763039	      0.85323897	     -0.10079249	     49.09082054	    -11.61801416	     -6.48151224	     42.61630736	      4.79665045	    -30.64002415	      0.00000000	     46.77995067	     -0.50101431	     -4.64280886	     37.23585999	      6.91818406	    -25.28485140	      0.00000000	      0.53810890	     -0.50616312	     -2.60229051	     79.03053657	    -20.53660032	     29.29153553	     47.68614862	     70.33972405	     75.22269358	    -14.36824836	     34.71188806	     47.66010197	     57.47131550
      9.85000000	    -18.18532120	      1.31256422	      5.32275804	      0.82984053	      0.85945996	     -0.10078228	     46.73469640	    -11.24003311	     -6.95161388	     40.11090212	      4.02909313	    -30.25366481	      0.00000000	     44.59946399	     -0.51263884	     -4.52179764	     34.96676794	      5.98279237	    -25.35123570	      0.00000000	      0.86126459	     -0.45852127	     -2.85928191	     76.97185848	    -21.10146314	     29.26808499	     48.63305520	     70.58688907	     73.25308232	    -15.48454865	     34.58761802	     48.46239162	     57.65723658
      9.86666670	    -17.31849814	      1.27948686	      5.07625306	      0.83255920	      0.86874451	     -0.10045356	     44.33849337	    -10.81904542	     -7.40307029	     37.48175693	      3.10390330	    -29.82573840	      0.00000000	     42.32726997	     -0.56731377	     -4.50342581	     32.68483024	      4.86762719	    -25.35913505	      0.00000000	      1.03999954	     -0.42370772	     -3.19470675	     74.92947777	    -21.52833899	     29.35826512	     49.64839431	     70.84795751	     71.40061610	    -16.72322731	     34.50243620	     49.07914957	     57.90080581
      9.88333330	    -16.55042280	      1.23538294	      4.86718555	      0.83358489	      0.87472595	     -0.09944266	     42.07150828	    -10.37416213	     -7.81830181	     34.79571640	      2.36716229	    -29.17275988	      0.00000000	     40.25174138	     -0.63905986	     -4.49875841	     30.48595966	      3.68874573	    -25.36755115	      0.00000000	      1.23572546	     -0.40006679	     -3.34672254	     73.04055885	    -22.11313857	     29.58593295	     50.24608099	     71.09585132	     69.71902861	    -17.62806071	     34.49448453	     49.36034686	     58.15891993
      9.90000000	    -15.72596893	      1.17755090	      4.53413967	      0.83935839	      0.88032763	     -0.09796557	     39.51376020	     -9.86163242	     -8.45812691	     32.07267146	      1.55135794	    -28.72695584	      0.00000000	     37.92689492	     -0.85682981	     -4.64154344	     28.26145955	      2.68442104	    -25.33505167	      0.00000000	      1.50986449	     -0.38684953	     -3.32590323	     70.89264426	    -22.90415425	     29.82353612	     51.14604034	     71.37517111	     67.70521606	    -18.45264833	     34.33265240	     49.91070440	     58.50046546
      9.91666670	    -14.77337919	      1.00749559	      4.18260212	      0.84129543	      0.88831290	     -0.09686426	     36.88323544	     -9.17784189	     -9.05201217	     29.33445670	      0.77574901	    -28.03019107	      0.00000000	     35.46544341	     -1.15111080	     -4.58708456	     26.02765386	      1.88295824	    -24.92513948	      0.00000000	      1.59733101	     -0.17760617	     -2.98757846	     68.48790720	    -23.93611007	     29.76391541	     52.27432269	     71.59921919	     65.15417812	    -19.37619209	     34.25540184	     51.26702088	     58.91557951
      9.93333330	    -14.04535062	      0.98256374	      3.84149750	      0.84718181	      0.89152722	     -0.09600249	     34.46323560	     -8.70414022	     -9.66376416	     26.81351372	      0.47515910	    -27.23280210	      0.00000000	     33.37487113	     -1.35574014	     -4.87848963	     24.12184923	      1.45155602	    -24.71676212	      0.00000000	      1.99164891	     -0.17341118	     -2.58191713	     65.21396142	    -25.09943784	     28.78180793	     54.67558977	     71.99764301	     61.76388895	    -20.33492212	     33.16055799	     53.96187621	     59.85056479
      9.95000000	    -13.24788766	      0.86465078	      3.53895556	      0.84846206	      0.89302839	     -0.09518994	     32.28773983	     -8.18850437	    -10.18358033	     24.72119319	      0.21394692	    -26.76086506	      0.00000000	     31.46724286	     -1.62239470	     -5.03846853	     22.59184497	      1.22214944	    -24.53063177	      0.00000000	      2.14433309	     -0.09823972	     -2.03469960	     62.49879871	    -26.24839826	     28.06347878	     55.94805599	     72.32199253	     58.67977680	    -20.91667225	     32.38160519	     56.38431291	     60.64271584
      9.96666670	    -12.72808306	      0.86183835	      3.23997567	      0.85678989	      0.89555658	     -0.09450403	     30.27446702	     -7.85676494	    -10.84224387	     22.61519981	      0.25276552	    -25.71963945	      0.00000000	     29.68014060	     -1.79139926	     -5.55244796	     20.98579457	      0.97971998	    -24.16009519	      0.00000000	      2.79459607	     -0.08598984	     -1.71433130	     59.50383938	    -26.97264435	     26.93996598	     57.59422818	     72.81814767	     55.21933991	    -21.56794224	     31.09653521	     58.62621542	     61.78703563
      9.98333330	    -12.15667584	      0.87524879	      3.06362203	      0.86255938	      0.90112401	     -0.09423247	     27.99511424	     -7.56230678	    -11.59076869	     20.27249543	      0.41784460	    -24.27501102	      0.00000000	     27.71240840	     -1.88206077	     -6.20966931	     19.14644000	      0.56720814	    -23.72865734	      0.00000000	      3.27526448	     -0.14491104	     -1.41842634	     56.08660357	    -27.84411154	     25.66848366	     59.09395221	     73.43808457	     51.84586853	    -21.85875491	     29.82884185	     60.50609474	     63.05447561
     10.00000000	    -11.37594066	      0.82193934	      2.71932710	      0.86656601	      0.90175458	     -0.09378931	     25.72199529	     -7.13602663	    -12.21964062	     18.11042291	      0.40499404	    -23.15821024	      0.00000000	     25.57571939	     -2.08793236	     -6.95991022	     17.36358594	      0.31307552	    -23.25029302	      0.00000000	      3.62883206	     -0.20510684	     -0.71390032	     53.50969132	    -28.63385529	     25.33284381	     58.77367918	     73.87307555	     48.95294959	    -21.69443915	     29.28133796	     61.59484300	     63.83934563
     10.01666670	    -10.75481810	      0.80190671	      2.34948917	      0.87159475	      0.90598966	     -0.09315241	     23.58867125	     -6.75848069	    -13.21050841	     15.87003405	      0.20392335	    -21.79127607	      0.00000000	     23.49496477	     -2.23681067	     -7.99046988	     15.39042148	     -0.02630034	    -22.44118840	      0.00000000	      3.97547445	     -0.14733911	     -0.20779207	     51.03423287	    -28.76433000	     24.80738078	     58.27873481	     74.37115417	     46.02044549	    -21.53300744	     28.26795201	     61.91079793	     64.67000612
     10.03333330	    -10.04694177	      0.71745763	      2.09417566	      0.87705041	      0.91094372	     -0.09259010	     21.30034363	     -6.31365057	    -14.19009521	     13.52191329	      0.08750281	    -20.22407712	      0.00000000	     21.40152655	     -2.40943454	     -8.85172536	     13.63603541	     -0.27718498	    -21.59880584	      0.00000000	      4.09836754	     -0.02348356	      0.19524291	     48.79400914	    -28.60471318	     24.43737721	     57.26573528	     74.86373462	     43.35588231	    -21.09605932	     27.32187499	     61.64139579	     65.45197580
     10.05000000	     -9.20353998	      0.61915626	      1.98357603	      0.88336778	      0.91667604	     -0.09114595	     18.75671124	     -5.80925339	    -15.21390155	     11.04528603	      0.04150515	    -18.38530052	      0.00000000	     19.03045412	     -2.54149645	     -9.82588693	     11.55609793	     -0.29980126	    -20.12654507	      0.00000000	      4.01634682	      0.03077466	      0.54777896	     46.44507124	    -28.33741034	     24.00036881	     55.99376102	     75.31005846	     40.58623595	    -20.53604200	     26.21373334	     61.31778092	     66.17539842
     10.06666670	     -8.44730899	      0.62938222	      1.88469398	      0.88623303	      0.92076899	     -0.09150823	     16.42615109	     -5.45388447	    -16.12668731	      8.72828154	      0.13157614	    -16.37850886	      0.00000000	     16.98515523	     -2.50781189	    -10.80058406	      9.73733704	     -0.20934697	    -18.48885758	      0.00000000	      3.80951828	      0.02393871	      0.89292584	     44.55117439	    -27.82305804	     23.47720667	     54.49247853	     75.78226362	     38.04756701	    -19.94340249	     25.00358226	     61.05168128	     66.99157480
     10.08333330	     -7.88272605	      0.63243055	      1.83648369	      0.89188269	      0.92199416	     -0.09081881	     14.47844144	     -5.15206873	    -17.27269993	      6.78242755	      0.44588139	    -14.05962026	      0.00000000	     15.33473014	     -2.49105264	    -11.92934190	      8.36701818	      0.11640269	    -16.39203463	      0.00000000	      3.76844087	      0.14901223	      0.83726865	     43.35231512	    -26.68799538	     23.52008152	     52.18043536	     77.11025144	     35.19843485	    -19.64112655	     23.24564245	     61.05350214	     69.15119363
     10.10000000	     -7.00264651	      0.71050559	      1.70264832	      0.89274673	      0.92852119	     -0.09020490	     12.39837673	     -4.85279922	    -17.77891942	      4.90394097	     -0.01635026	    -13.13899512	      0.00000000	     13.32950272	     -2.35087320	    -12.71610130	      6.79740773	     -0.26368702	    -15.34497242	      0.00000000	      3.03533164	     -0.02792800	      1.28013808	     41.73754935	    -26.27807880	     23.57496120	     50.62536616	     77.34550577	     33.44473233	    -18.79586074	     22.62950421	     60.47477316	     69.57225848
     10.11666670	     -6.20159037	      0.79760647	      1.47585174	      0.89227577	      0.93001202	     -0.08818198	     10.67597437	     -4.57394819	    -18.29142402	      3.39851746	     -0.26422183	    -11.93023031	      0.00000000	     11.76273232	     -2.28715343	    -13.71400598	      5.70389201	     -0.45482721	    -14.13896996	      0.00000000	      2.28209712	     -0.12596885	      1.59361989	     40.47963734	    -25.42481397	     23.32449243	     49.07742721	     77.49617105	     31.80746953	    -18.07106005	     21.79817989	     59.60387214	     69.95484560
     10.13333330	     -5.51228723	      0.81853721	      1.31256256	      0.89280606	      0.92560451	     -0.08776812	      9.38565650	     -4.31601296	    -18.57299958	      2.34036631	      0.01304650	    -10.80045171	      0.00000000	     10.53296316	     -2.25629819	    -14.52494949	      4.85510154	      0.05133227	    -12.85277607	      0.00000000	      1.61205635	     -0.15283280	      1.78131058	     39.67814610	    -24.63208403	     23.13932822	     47.48584617	     77.73643348	     30.45831006	    -17.40168742	     20.68704475	     58.94094920	     70.55802830
     10.15000000	     -4.91260389	      0.89602927	      1.22273082	      0.89582167	      0.93208716	     -0.08767518	      8.23563133	     -4.20015855	    -18.95451756	      1.42695739	     -0.38305569	     -9.99702847	      0.00000000	      9.35771623	     -2.15771368	    -15.17587767	      4.00830919	     -0.22741032	    -11.79053229	      0.00000000	      1.08897344	     -0.24832428	      1.66125431	     38.06917851	    -23.81758881	     22.98639754	     46.66974842	     77.82025153	     28.77584127	    -16.86836388	     19.97819105	     58.22429710	     70.85790109
     10.16666670	     -4.19688253	      0.90797686	      1.12304740	      0.89872648	      0.92673453	     -0.08785689	      7.02623832	     -4.05688022	    -19.12994686	      0.71739655	     -0.18991788	     -9.33321480	      0.00000000	      8.05970351	     -2.08782133	    -15.84592065	      3.19615189	      0.25196950	    -10.60180401	      0.00000000	      0.52301554	     -0.20241260	      1.74510127	     36.69512870	    -23.15822713	     22.59737835	     45.98215949	     77.86717122	     27.06347503	    -16.37468437	     19.04258228	     58.04843430	     71.20840825
     10.18333330	     -3.87591324	      0.95959229	      1.17927945	      0.90239565	      0.92767054	     -0.08757052	      6.18219329	     -4.01936486	    -19.13926996	      0.12083716	     -0.14982620	     -8.99147097	      0.00000000	      7.23795876	     -1.95405128	    -15.85933140	      2.50975848	      0.41679941	     -9.95682255	      0.00000000	      0.43617834	     -0.17981756	      1.67454595	     34.85186385	    -22.58668469	     22.63590188	     45.53014487	     77.88926785	     25.11699190	    -16.08750370	     18.88335603	     57.59838970	     71.36144855
     10.20000000	     -3.19670023	      0.98030642	      1.19284670	      0.90093159	      0.92909819	     -0.08688896	      5.26294834	     -4.00543463	    -19.69664428	      0.00000000	      0.52340379	     -8.19411052	      0.00000000	      6.11242498	     -1.91485794	    -16.74930260	      1.89737507	      1.12269315	     -8.31464214	      0.00000000	     -0.29984501	     -0.09746807	      1.54161363	     33.36745986	    -21.53191782	     21.56958482	     44.93326979	     77.81880547	     23.33661788	    -15.38768149	     17.56538147	     56.85617059	     71.77012778
     10.21666670	     -2.89896963	      0.95918906	      1.29426795	      0.90431303	      0.92727270	     -0.08597250	      4.76698659	     -3.96566486	    -19.73735955	      0.00000000	      0.74454181	     -8.23062215	      0.00000000	      5.47392451	     -1.93213577	    -16.71045448	      1.52293616	      1.27886132	     -8.16539867	      0.00000000	     -0.42098870	     -0.07662654	      1.38236137	     31.39131988	    -20.94292339	     21.85439223	     44.58268168	     77.84257912	     21.63299411	    -15.15233897	     17.75349769	     56.37129381	     71.84079798
     10.23333330	     -2.31708588	      1.00779139	      1.28987883	      0.90560393	      0.92878763	     -0.08552318	      3.95515983	     -3.96506470	    -20.32574865	      0.00000000	      1.45812003	     -7.20229645	      0.00000000	      4.46266977	     -1.89669375	    -17.32643227	      1.04825236	      1.66886052	     -6.45478172	      0.00000000	     -0.84859831	     -0.14762611	      1.18964679	     29.45235118	    -19.79103862	     20.78402482	     43.89105853	     77.75660114	     20.05293786	    -14.40251643	     16.57922489	     54.83049073	     72.26140213
     10.25000000	     -1.86006006	      1.03804147	      1.30702103	      0.90828624	      0.93174887	     -0.08576613	      3.27918390	     -3.97524672	    -20.70066451	      0.00000000	      1.93352193	     -6.46308988	      0.00000000	      3.56020005	     -1.84708236	    -17.72889704	      0.55281091	      1.84072932	     -5.44877900	      0.00000000	     -1.08146621	     -0.23298072	      1.24342781	     27.35307701	    -18.89354536	     20.27069007	     42.88848658	     77.78582200	     18.41805188	    -13.72698190	     16.31818530	     53.58650584	     72.80893232
     10.26666670	     -1.30649501	      1.05451171	      1.48935530	      0.91448378	      0.93633587	     -0.08650586	      2.31387602	     -3.97070738	    -21.02941284	      0.00000000	      2.30691876	     -5.61609180	      0.00000000	      2.49166450	     -1.80281425	    -17.98870811	      0.10269837	      1.87926927	     -4.40257246	      0.00000000	     -1.30417040	     -0.22539987	      1.01255321	     25.08086595	    -17.95506222	     19.66316829	     41.76905186	     77.78827422	     16.64124574	    -12.98851439	     16.12406962	     51.81979307	     73.35788710
     10.28333330	     -0.96811042	      1.01345019	      1.62819527	      0.91526933	      0.93952317	     -0.08752537	      1.72050737	     -3.94331916	    -20.98159135	      0.00000000	      2.28796116	     -5.52785862	      0.00000000	      1.85606129	     -1.83240286	    -18.00636702	      0.00000000	      1.88123096	     -4.24399470	      0.00000000	     -1.50704804	     -0.13103670	      0.81787815	     22.91952175	    -17.38352651	     19.93949432	     41.14806925	     77.80538370	     14.77036862	    -12.53783250	     16.43123180	     51.13132915	     73.42795683
     10.30000000	     -0.44686861	      1.03097750	      1.87304092	      0.91390700	      0.93878016	     -0.08688147	      0.97728292	     -3.94589501	    -21.77866043	      0.00000000	      2.65296721	     -4.45222864	      0.00000000	      1.16374338	     -1.83331464	    -18.56319957	      0.00000000	      2.38003240	     -2.38428664	      0.00000000	     -1.73862118	     -0.16180688	      0.63943688	     21.47195124	    -16.04932149	     19.09970712	     38.61372539	     77.67407423	     14.00863392	    -11.46157352	     16.14333784	     47.62468455	     73.90427158
     10.31666670	     -0.12314300	      1.04642341	      2.03579515	      0.91467182	      0.93758060	     -0.08798115	      0.48813474	     -3.97043650	    -22.29177548	      0.00000000	      2.89759897	     -3.83653517	      0.00000000	      0.72519583	     -1.79766234	    -19.17792210	      0.00000000	      2.72243047	     -1.26955465	      0.00000000	     -1.85469136	     -0.17781794	      0.54108712	     19.94301771	    -15.20592758	     18.83581238	     36.91955312	     77.62684063	     13.06692442	    -10.84276839	     16.69597970	     45.32055814	     74.56036257
     10.33333330	      0.28673421	      1.08696596	      2.18390567	      0.91250376	      0.93701167	     -0.08820584	     -0.03980323	     -4.00551944	    -22.67902589	      0.00000000	      2.93993831	     -3.65459697	      0.00000000	      0.27723594	     -1.73239373	    -19.48300860	      0.00000000	      2.98049620	     -0.61363457	      0.00000000	     -2.19607566	     -0.20810335	      0.39159160	     18.74751474	    -14.41498437	     18.84410402	     35.48255761	     77.57955716	     12.30205360	    -10.34360342	     17.32035764	     43.17366627	     75.10956015
     10.35000000	      0.52207421	      1.07260192	      2.22471918	      0.91446127	      0.93787130	     -0.08722054	     -0.31676433	     -3.94841601	    -22.74754006	      0.00000000	      2.92608202	     -3.68162049	      0.00000000	      0.03056427	     -1.75284063	    -19.64459197	      0.00000000	      2.92324594	     -0.61272370	      0.00000000	     -2.54068376	     -0.27955276	      0.30340965	     17.35693961	    -13.89859334	     19.07851964	     35.05723568	     77.59038440	     11.06190270	    -10.03632698	     17.58272613	     42.67982221	     75.15658751
     10.36666670	      0.92913982	      1.15440825	      2.31572730	      0.91502713	      0.94001848	     -0.08831671	     -0.80193562	     -4.02567108	    -23.27342205	      0.00000000	      3.17407732	     -2.99214601	      0.00000000	     -0.45471165	     -1.66730323	    -20.55023437	      0.00000000	      3.34278978	      0.82320067	      0.00000000	     -2.60425731	     -0.21109269	      0.24538830	     16.63023683	    -12.79841070	     19.15088469	     31.99846696	     77.40975913	     10.97044472	     -9.30342963	     18.51579761	     38.87925797	     75.76488972
     10.38333330	      1.12157415	      1.18668881	      2.43525521	      0.91311161	      0.94405219	     -0.08961551	     -0.95655919	     -4.07839060	    -23.21181056	      0.00000000	      3.10576962	     -2.92225878	      0.00000000	     -0.62999927	     -1.61372544	    -20.59492475	      0.00000000	      3.23634281	      0.90676548	      0.00000000	     -3.02645897	     -0.22063366	      0.06406253	     15.37684749	    -12.27527079	     19.36081473	     31.59629229	     77.41280420	      9.99307834	     -8.96010012	     18.76223268	     38.42461268	     75.80978604
     10.40000000	      1.65419518	      1.31868976	      2.72135721	      0.91194588	      0.94350714	     -0.08857483	     -1.50911747	     -4.20805181	    -23.78713420	      0.00000000	      3.21085441	     -2.48004520	      0.00000000	     -1.12419520	     -1.48214685	    -21.11721062	      0.00000000	      3.29799811	      2.17449138	      0.00000000	     -3.53817620	     -0.25224731	     -0.48521254	     14.99245963	    -11.12163135	     19.46931452	     29.30562011	     77.23818940	     10.17059912	     -8.39483083	     19.49262833	     35.26382687	     76.12776742
     10.41666670	      1.83494005	      1.27603699	      2.83344339	      0.91299942	      0.94162045	     -0.08828742	     -1.67472144	     -4.13778086	    -23.71087980	      0.00000000	      3.20397459	     -2.40671529	      0.00000000	     -1.29026522	     -1.53895269	    -21.24744294	      0.00000000	      3.31227038	      2.19175250	      0.00000000	     -3.80730060	     -0.21720067	     -0.57287737	     13.86232764	    -10.71310201	     19.64520093	     28.89544975	     77.23844364	      9.43687285	     -8.19040803	     19.67759334	     34.93422953	     76.16068875
     10.43333330	      2.19389503	      1.39838500	      3.03569915	      0.91078818	      0.94282649	     -0.08906921	     -2.04570998	     -4.27536747	    -24.27570888	      0.00000000	      3.62225202	     -1.70488737	      0.00000000	     -1.61082252	     -1.42867050	    -21.89149194	      0.00000000	      3.59799401	      3.55903766	      0.00000000	     -4.10765090	     -0.25194625	     -0.77005863	     13.46270471	     -9.82190403	     19.79731351	     26.49371792	     77.03280608	      9.84792989	     -7.70499000	     20.67023825	     32.27938319	     76.44362562
     10.45000000	      2.34598954	      1.35816671	      3.17120680	      0.91192964	      0.93953791	     -0.08955742	     -2.20007764	     -4.24475972	    -24.21248151	      0.00000000	      3.62120021	     -1.66619195	      0.00000000	     -1.73943443	     -1.48330209	    -21.98490640	      0.00000000	      3.62005424	      3.55069869	      0.00000000	     -4.34499471	     -0.18437584	     -0.89747402	     12.51732541	     -9.47783915	     19.93057806	     26.21085034	     77.03056757	      9.31646682	     -7.59584615	     20.81021886	     32.05491617	     76.46357327
     10.46666670	      2.55737347	      1.35591520	      3.26601411	      0.91352308	      0.93912568	     -0.08834277	     -2.45324140	     -4.22441460	    -24.25503717	      0.00000000	      3.70102006	     -1.67578292	      0.00000000	     -1.98382999	     -1.51521321	    -22.05826835	      0.00000000	      3.61902255	      3.64634775	      0.00000000	     -4.49215512	     -0.14605799	     -1.07002417	     11.51570854	     -9.06560410	     20.05331652	     25.84557331	     77.02072978	      8.85005271	     -7.53877978	     20.93788197	     31.72284649	     76.47976666
     10.48333330	      3.12518634	      1.42600543	      3.41732327	      0.91346629	      0.94240128	     -0.08840030	     -3.12292564	     -4.26633746	    -24.70439005	      0.00000000	      4.06085311	     -0.94878350	      0.00000000	     -2.62627722	     -1.51830349	    -22.57491972	      0.00000000	      3.93986745	      5.02549677	      0.00000000	     -4.97383940	     -0.13654231	     -1.26999387	     11.24036936	     -8.34504518	     19.86068369	     24.13371142	     76.74224117	      9.22483141	     -7.25239049	     21.65475020	     29.50310302	     76.55079710
     10.50000000	      3.12125780	      1.45155007	      3.43933602	      0.91212942	      0.94322739	     -0.08901742	     -3.10411803	     -4.31996811	    -24.65691889	      0.00000000	      4.06962761	     -0.92696352	      0.00000000	     -2.62946296	     -1.49325959	    -22.60827314	      0.00000000	      3.92139303	      5.02972245	      0.00000000	     -5.23229562	     -0.02128052	     -1.39903633	     10.65349823	     -8.17160621	     19.92254822	     23.96248014	     76.74304846	      9.04857122	     -7.23201299	     21.68644407	     29.41974184	     76.55138173
     10.51666670	      3.33965344	      1.43991559	      3.63036628	      0.91470378	      0.94117592	     -0.08901703	     -3.47035745	     -4.27638859	    -24.60624895	      0.00000000	      4.10291933	     -0.90357872	      0.00000000	     -2.94451097	     -1.57583776	    -22.62948652	      0.00000000	      3.85484252	      5.11877826	      0.00000000	     -5.15190601	     -0.10574845	     -1.53723280	      9.73698274	     -7.79188446	     20.00718015	     23.68047940	     76.73572171	      8.68509474	     -7.22616821	     21.73169389	     29.17907796	     76.54401523
     10.53333330	      3.79417510	      1.51407607	      3.74361862	      0.91499581	      0.94126968	     -0.08900803	     -4.05537516	     -4.32107065	    -25.03598786	      0.00000000	      4.34732179	     -0.43341400	      0.00000000	     -3.50650275	     -1.54763864	    -22.90776989	      0.00000000	      4.18397962	      6.19628464	      0.00000000	     -5.50646675	     -0.16325015	     -1.71564732	      9.39195606	     -7.29139926	     19.60787561	     22.54856964	     76.47658049	      9.07230831	     -6.94930988	     21.82354766	     27.38457500	     76.36758170
     10.55000000	      3.86583100	      1.51505222	      3.78781257	      0.91417056	      0.93895302	     -0.08931570	     -4.17782413	     -4.33380422	    -24.96714659	      0.00000000	      4.41599596	     -0.42839617	      0.00000000	     -3.61363921	     -1.55753526	    -22.92871730	      0.00000000	      4.23931912	      6.19398764	      0.00000000	     -5.53498014	     -0.14658564	     -1.83091071	      8.81193938	     -7.11864029	     19.64415202	     22.39490355	     76.46960215	      8.94568364	     -7.01162057	     21.82391864	     27.28612121	     76.35083278
     10.56666670	      3.91914088	      1.53843560	      3.81376209	      0.91373912	      0.94324150	     -0.08864434	     -4.26317071	     -4.34948049	    -24.96898600	      0.00000000	      4.45358598	     -0.43272832	      0.00000000	     -3.67607935	     -1.54644859	    -22.92575978	      0.00000000	      4.27451597	      6.23706302	      0.00000000	     -5.60040436	     -0.13621235	     -1.91540093	      8.36864728	     -6.93145255	     19.67085232	     22.26792384	     76.46282543	      8.93580665	     -7.13548502	     21.78592517	     27.16678152	     76.32675106
     10.58333330	      3.94392474	      1.53396131	      3.73592857	      0.91104540	      0.94114476	     -0.08823909	     -4.22405237	     -4.36239248	    -24.99185687	      0.00000000	      4.48158462	     -0.44707052	      0.00000000	     -3.67736204	     -1.53345111	    -22.92385485	      0.00000000	      4.30862262	      6.25170031	      0.00000000	     -5.65558929	     -0.10953745	     -2.00981927	      8.20764823	     -6.86827853	     19.67999859	     22.22017286	     76.46070449	      9.06779865	     -7.20972982	     21.75374604	     27.14791939	     76.31594767
     10.60000000	      3.96787410	      1.54417883	      3.94360439	      0.91067494	      0.93830279	     -0.08934427	     -4.25010712	     -4.36289027	    -24.98887265	      0.00000000	      4.52859262	     -0.46439456	      0.00000000	     -3.60251933	     -1.52237012	    -22.98571362	      0.00000000	      4.39375108	      6.24219860	      0.00000000	     -5.75614239	     -0.05562876	     -2.06557756	      8.02048090	     -6.75047432	     19.69630973	     22.17138777	     76.45889695	      9.29151705	     -7.42504439	     21.67522183	     27.09942224	     76.29386437
     10.61666670	      4.40528882	      1.58857469	      4.19603406	      0.90984253	      0.94363593	     -0.08928878	     -4.73884586	     -4.34678244	    -25.45626928	      0.00000000	      4.56212707	     -0.42417125	      0.00000000	     -3.96756996	     -1.52627265	    -22.93588278	      0.00000000	      4.69560376	      6.89188598	      0.00000000	     -6.44047004	     -0.23368629	     -2.25365608	      7.93004543	     -6.57555085	     19.35571973	     22.27553912	     76.32417706	     10.11314208	     -7.32490472	     20.92444046	     25.93223849	     75.82185788
     10.63333330	      4.40755253	      1.59367790	      4.20910783	      0.91291428	      0.94282706	     -0.08832860	     -4.75146765	     -4.33823992	    -25.45302839	      0.00000000	      4.56177157	     -0.42273895	      0.00000000	     -3.95290224	     -1.52055912	    -22.94046755	      0.00000000	      4.69295504	      6.89100948	      0.00000000	     -6.44810002	     -0.22729421	     -2.25573558	      7.91825412	     -6.57338675	     19.35617744	     22.27284603	     76.32410091	     10.12699389	     -7.34011077	     20.91889617	     25.93249159	     75.82010093
     10.65000000	      4.45708390	      1.59715265	      4.43774193	      0.91126716	      0.94061774	     -0.08777661	     -4.85918267	     -4.27016497	    -25.72259637	      0.00000000	      4.66151719	     -0.51204902	      0.00000000	     -3.94729601	     -1.56990834	    -22.99362886	      0.00000000	      4.50837931	      7.01726024	      0.00000000	     -6.56901572	     -0.34652557	     -2.19673120	      7.52675649	     -6.45525576	     19.33426767	     22.35293182	     76.31376972	     10.58421931	     -7.72215969	     20.54959522	     25.97540829	     75.65758825
     10.66666670	      4.46871247	      1.60171437	      4.43944243	      0.91141156	      0.93741358	     -0.08781666	     -4.86116099	     -4.26340655	    -25.72226180	      0.00000000	      4.66138334	     -0.51158539	      0.00000000	     -3.94420829	     -1.56793291	    -22.99448125	      0.00000000	      4.50855625	      7.01717915	      0.00000000	     -6.57053918	     -0.34600895	     -2.19603090	      7.52600707	     -6.45601528	     19.33409256	     22.35285900	     76.31373314	     10.58564648	     -7.72614969	     20.54816424	     25.97485939	     75.65715144
     10.68333330	      4.45014912	      1.55390139	      4.52044204	      0.90893758	      0.93789941	     -0.08784706	     -4.82871522	     -4.16954761	    -25.78433901	      0.00000000	      4.79274996	     -0.56306898	      0.00000000	     -3.84554257	     -1.65572707	    -23.05618075	      0.00000000	      4.60190183	      6.97835455	      0.00000000	     -6.65491916	     -0.35507665	     -2.15118942	      7.52566925	     -6.55539508	     19.30971389	     22.39610860	     76.31036546	     10.95883882	     -8.25802742	     20.33656809	     25.96313385	     75.59794927
     10.70000000	      4.44879680	      1.55858396	      4.53371293	      0.91211554	      0.94103523	     -0.08796997	     -4.83033198	     -4.17338167	    -25.78310411	      0.00000000	      4.79619770	     -0.56366131	      0.00000000	     -3.83565375	     -1.66497765	    -23.05470591	      0.00000000	      4.60263559	      6.97883967	      0.00000000	     -6.66199132	     -0.35242795	     -2.14048678	      7.53182859	     -6.55431441	     19.30920016	     22.40118496	     76.31035238	     10.96353839	     -8.27434728	     20.32846226	     25.96022508	     75.59535796
     10.71666670	      4.48276462	      1.52189290	      4.61050177	      0.91118868	      0.93925382	     -0.08725727	     -4.88365764	     -4.09271524	    -25.84514080	      0.00000000	      4.89303709	     -0.60601210	      0.00000000	     -3.84767828	     -1.74520276	    -23.00702796	      0.00000000	      4.65512660	      7.00889884	      0.00000000	     -6.69751567	     -0.36183632	     -1.99369146	      7.53440479	     -6.60233234	     19.29243883	     22.48123960	     76.30900940	     11.09287042	     -8.73001246	     20.11298010	     25.87362171	     75.53006984
     10.73333330	      4.48909262	      1.53788112	      4.70018987	      0.91076893	      0.94328346	     -0.08695755	     -4.91552887	     -4.08443180	    -25.84710366	      0.00000000	      4.90860854	     -0.60063692	      0.00000000	     -3.82028175	     -1.75491441	    -22.99909496	      0.00000000	      4.65980853	      7.02171431	      0.00000000	     -6.73205407	     -0.36596679	     -1.91181574	      7.57472244	     -6.60701595	     19.28580072	     22.52389237	     76.30855745	     11.07985502	     -8.83292697	     20.04274755	     25.82668536	     75.50583848
     10.75000000	      4.48839061	      1.54059722	      4.70068300	      0.91065952	      0.94356726	     -0.08706634	     -4.91626281	     -4.08427590	    -25.84717810	      0.00000000	      4.90879668	     -0.60040699	      0.00000000	     -3.81982248	     -1.75777217	    -22.99874946	      0.00000000	      4.65968381	      7.02205891	      0.00000000	     -6.73238696	     -0.36639031	     -1.90980385	      7.57590413	     -6.60746975	     19.28556787	     22.52485104	     76.30853547	     11.07969543	     -8.83662119	     20.04095833	     25.82522447	     75.50527983
     10.76666670	      4.93211545	      1.60775973	      4.66594714	      0.90891396	      0.94101578	     -0.08698218	     -5.35139916	     -4.12272352	    -26.11811909	      0.00000000	      5.18706195	      0.15002750	      0.00000000	     -4.27141753	     -1.73852017	    -23.11248610	      0.00000000	      4.75273180	      7.30842641	      0.00000000	     -7.48247116	     -0.52183344	     -1.61419487	      7.41380882	     -6.88217872	     18.58610062	     24.03547382	     76.22932597	     11.37722071	     -8.29846262	     14.99575622	     24.93759014	     73.36763750
     10.78333330	      4.90977406	      1.58352515	      4.66921485	      0.90798141	      0.93976762	     -0.08699949	     -5.28010827	     -4.09177037	    -26.11098143	      0.00000000	      5.24477066	      0.11739173	      0.00000000	     -4.21151127	     -1.76293060	    -23.12691012	      0.00000000	      4.74365375	      7.30136553	      0.00000000	     -7.57720924	     -0.48282641	     -1.62397883	      7.60814371	     -6.95630611	     18.54571108	     24.06455655	     76.22602670	     11.41731521	     -8.49577499	     14.92971630	     24.91070073	     73.34054605
     10.80000000	      4.90593060	      1.59065867	      4.75721555	      0.90924573	      0.94263811	     -0.08702223	     -5.29610877	     -4.10281782	    -26.09085134	      0.00000000	      5.25002900	      0.12031590	      0.00000000	     -4.18074731	     -1.76417366	    -23.13993375	      0.00000000	      4.73806068	      7.29468027	      0.00000000	     -7.59661295	     -0.46320323	     -1.56962076	      7.68980412	     -6.94693635	     18.53837448	     24.08860852	     76.22582536	     11.38988073	     -8.56241607	     14.90731982	     24.88159670	     73.33184604
     10.81666670	      4.92102620	      1.57791422	      4.75534783	      0.90825090	      0.94127639	     -0.08762296	     -5.29285107	     -4.11194438	    -26.09249410	      0.00000000	      5.25181750	      0.11898278	      0.00000000	     -4.17157406	     -1.76185569	    -23.14082244	      0.00000000	      4.73693510	      7.29423577	      0.00000000	     -7.59945206	     -0.46276794	     -1.56400204	      7.69960084	     -6.94814205	     18.53697222	     24.09134402	     76.22571360	     11.38757113	     -8.57466115	     14.90337201	     24.87679189	     73.33050010
     10.83333330	      4.89486638	      1.57859516	      4.66681340	      0.90630097	      0.94206256	     -0.08621106	     -5.18882451	     -4.10804911	    -26.10305581	      0.00000000	      5.29938495	      0.09908419	      0.00000000	     -4.08736010	     -1.75923902	    -23.16705724	      0.00000000	      4.67172797	      7.25610974	      0.00000000	     -7.80236101	     -0.44596423	     -1.50937959	      8.06176971	     -7.00976889	     18.48489191	     24.18301397	     76.22117556	     11.48474872	     -8.84974738	     14.76478092	     24.76279242	     73.28124316
     10.85000000	      4.91803934	      1.58637656	      4.72343259	      0.90651028	      0.93966794	     -0.08719797	     -5.18415453	     -4.12118477	    -26.07617336	      0.00000000	      5.30942555	      0.10306251	      0.00000000	     -4.05497190	     -1.74406992	    -23.18338775	      0.00000000	      4.66416076	      7.23523482	      0.00000000	     -7.85702225	     -0.42845841	     -1.47956819	      8.13221564	     -6.99740343	     18.47809041	     24.20253104	     76.22093820	     11.47936301	     -8.88126497	     14.73092874	     24.73072915	     73.26737241
     10.86666670	      4.93563989	      1.59288809	      4.71888942	      0.90685340	      0.94109694	     -0.08639318	     -5.17869781	     -4.11737172	    -26.07447560	      0.00000000	      5.31114546	      0.10288161	      0.00000000	     -4.03502961	     -1.74452755	    -23.18210840	      0.00000000	      4.66324291	      7.23354706	      0.00000000	     -7.86580594	     -0.42791343	     -1.47872030	      8.13919063	     -6.99870873	     18.47686796	     24.20398153	     76.22084366	     11.47827507	     -8.88310078	     14.72689755	     24.72646369	     73.26565667
     10.88333330	      4.93299437	      1.58008811	      4.68506707	      0.90758510	      0.93948445	     -0.08705070	     -5.15093831	     -4.10392089	    -26.06952917	      0.00000000	      5.32766990	      0.08871497	      0.00000000	     -4.00757594	     -1.75792217	    -23.16707616	      0.00000000	      4.64460543	      7.20612614	      0.00000000	     -8.00843146	     -0.42610507	     -1.39530435	      8.26043198	     -6.99141139	     18.46308369	     24.23528267	     76.21994980	     11.39967111	     -8.92924844	     14.67026690	     24.64449681	     73.24187122
     10.90000000	      4.94048943	      1.58447797	      4.67767095	      0.90744926	      0.93824088	     -0.08648307	     -5.15528111	     -4.10336338	    -26.06732250	      0.00000000	      5.32843997	      0.08795505	      0.00000000	     -4.00639359	     -1.76285109	    -23.16490486	      0.00000000	      4.64309586	      7.20332621	      0.00000000	     -8.01309144	     -0.42407913	     -1.39611899	      8.26360515	     -6.99171583	     18.46215478	     24.23616357	     76.21987563	     11.39684388	     -8.92589358	     14.66611728	     24.64063731	     73.23993667
     10.91666670	      4.93421599	      1.58101027	      4.66959601	      0.90874577	      0.93553601	     -0.08691135	     -5.17408740	     -4.10471591	    -26.06515896	      0.00000000	      5.33033254	      0.08510603	      0.00000000	     -4.01327149	     -1.77019753	    -23.16149438	      0.00000000	      4.64241758	      7.19916112	      0.00000000	     -8.02057560	     -0.42455667	     -1.39044007	      8.27183752	     -6.98868562	     18.46129582	     24.23928359	     76.21982040	     11.38673070	     -8.92066845	     14.66166127	     24.63427753	     73.23767647
     10.93333330	      5.50626991	      1.58101845	      4.54931830	      0.90927114	      0.93715266	     -0.08708963	     -5.81886176	     -4.06711366	    -25.56244825	      0.00000000	      5.25392390	     -0.58441542	      0.00000000	     -4.65894002	     -1.80897962	    -22.64800636	      0.00000000	      4.40839896	      5.98864480	      0.00000000	     -8.69204930	     -0.32636145	     -1.45905163	      8.54170854	     -6.93516720	     18.24067422	     24.43582779	     76.21749464	     11.35195965	     -8.35735897	     12.69485584	     23.97007187	     72.40806230
     10.95000000	      5.48163433	      1.57970051	      4.54448362	      0.91002398	      0.93661656	     -0.08706252	     -5.84213684	     -4.07269869	    -25.56459983	      0.00000000	      5.25520689	     -0.58677906	      0.00000000	     -4.66070450	     -1.81610965	    -22.64831525	      0.00000000	      4.41046107	      5.98694668	      0.00000000	     -8.69231632	     -0.32388582	     -1.45615095	      8.53628959	     -6.93227983	     18.24119445	     24.43525678	     76.21763572	     11.34195022	     -8.35549895	     12.69282869	     23.96847147	     72.40687138
     10.96666670	      5.49913497	      1.56897197	      4.47796578	      0.91022351	      0.93514904	     -0.08655552	     -5.91310052	     -4.06097166	    -25.61185244	      0.00000000	      5.31347268	     -0.65961499	      0.00000000	     -4.75395629	     -1.83252053	    -22.64835282	      0.00000000	      4.48523855	      5.93258351	      0.00000000	     -8.61273887	     -0.30426432	     -1.42109896	      8.31896164	     -6.82836166	     18.26487220	     24.41273009	     76.22140691	     11.03181785	     -8.23501016	     12.67344301	     23.92018692	     72.38677132
     10.98333330	      5.47212120	      1.57163122	      4.48012219	      0.91100942	      0.93811618	     -0.08691876	     -5.93241708	     -4.06375139	    -25.60874758	      0.00000000	      5.31585074	     -0.66274829	      0.00000000	     -4.76188529	     -1.83983978	    -22.64970251	      0.00000000	      4.49031931	      5.92713281	      0.00000000	     -8.60015772	     -0.30392830	     -1.42236595	      8.31317305	     -6.82472321	     18.26527740	     24.41389219	     76.22154813	     11.02328709	     -8.22733533	     12.67053525	     23.92127824	     72.38499113
     11.00000000	      5.49653487	      1.58132426	      4.45882686	      0.91131413	      0.94159593	     -0.08709954	     -6.00624813	     -4.07537707	    -25.58262602	      0.00000000	      5.31666721	     -0.69923074	      0.00000000	     -4.84488875	     -1.82933487	    -22.65908008	      0.00000000	      4.53012058	      5.86114503	      0.00000000	     -8.45841179	     -0.30940549	     -1.47690793	      8.10690486	     -6.70877256	     18.28930988	     24.40565559	     76.22517780	     10.79473502	     -8.01415433	     12.65796342	     23.91018740	     72.36573762
     11.01666670	      5.47432832	      1.58303549	      4.46079123	      0.91163867	      0.94162128	     -0.08659474	     -6.00297135	     -4.06671799	    -25.58109758	      0.00000000	      5.31580712	     -0.70055433	      0.00000000	     -4.86716341	     -1.82128820	    -22.65887224	      0.00000000	      4.52987786	      5.85846920	      0.00000000	     -8.45536054	     -0.30761036	     -1.47967708	      8.10250963	     -6.70548932	     18.28984812	     24.40616051	     76.22529499	     10.79044908	     -8.00889668	     12.65594247	     23.91041228	     72.36457524
     11.03333330	      5.46550819	      1.58089239	      4.38595585	      0.91159815	      0.93977031	     -0.08735679	     -6.00092870	     -4.07518545	    -25.56558853	      0.00000000	      5.31262192	     -0.72480805	      0.00000000	     -4.90330221	     -1.79790454	    -22.66096522	      0.00000000	      4.53394689	      5.81493700	      0.00000000	     -8.40794759	     -0.30138146	     -1.54356581	      7.98439417	     -6.61269952	     18.30813516	     24.40546051	     76.22807264	     10.69753075	     -7.86450093	     12.64425588	     23.91384719	     72.35182168
     11.05000000	      5.43853285	      1.58409696	      4.38471059	      0.91222999	      0.94259213	     -0.08664403	     -6.00314260	     -4.06708982	    -25.56498255	      0.00000000	      5.31002931	     -0.72621010	      0.00000000	     -4.91517749	     -1.79027011	    -22.66226928	      0.00000000	      4.53198880	      5.81121485	      0.00000000	     -8.40385803	     -0.30111725	     -1.54678599	      7.97985963	     -6.60615964	     18.30930185	     24.40661852	     76.22831183	     10.69145089	     -7.85334691	     12.64280796	     23.91436814	     72.35068351
     11.06666670	      5.42486397	      1.57113135	      4.28309803	      0.91144411	      0.94163618	     -0.08627708	     -5.96726824	     -4.05569133	    -25.58418861	      0.00000000	      5.29157921	     -0.74103338	      0.00000000	     -4.94327812	     -1.78268369	    -22.67301944	      0.00000000	      4.51695713	      5.78875524	      0.00000000	     -8.36963799	     -0.31528399	     -1.59715871	      7.92651173	     -6.52587537	     18.32445280	     24.41343206	     76.23090556	     10.67387035	     -7.73981807	     12.63812980	     23.93136426	     72.34401490
     11.08333330	      5.40955946	      1.56943644	      4.28647307	      0.91217817	      0.94097419	     -0.08684140	     -5.96058983	     -4.04985633	    -25.58346799	      0.00000000	      5.28907500	     -0.74115294	      0.00000000	     -4.96067380	     -1.77454158	    -22.67691042	      0.00000000	      4.51552496	      5.78536310	      0.00000000	     -8.36826922	     -0.31586785	     -1.59891957	      7.92499654	     -6.51662836	     18.32608436	     24.41485778	     76.23122709	     10.67385774	     -7.73021316	     12.63695875	     23.93322677	     72.34320661
     11.10000000	      5.38195585	      1.57906469	      4.22851736	      0.91253756	      0.94171463	     -0.08735485	     -5.91881752	     -4.08807785	    -25.59374261	      0.00000000	      5.26089862	     -0.74185170	      0.00000000	     -4.95971180	     -1.73948333	    -22.73202435	      0.00000000	      4.51289916	      5.74040673	      0.00000000	     -8.32275204	     -0.30302552	     -1.67724210	      7.85687682	     -6.40492719	     18.34928024	     24.41645526	     76.23565261	     10.70161727	     -7.55087782	     12.62933267	     23.97601977	     72.33443794
     11.11666670	      5.36548919	      1.57686729	      4.23496633	      0.91368959	      0.94147573	     -0.08730862	     -5.91152193	     -4.09145527	    -25.59226393	      0.00000000	      5.25880962	     -0.74057615	      0.00000000	     -4.97739514	     -1.73671867	    -22.73613814	      0.00000000	      4.51247273	      5.73724274	      0.00000000	     -8.32158320	     -0.30302307	     -1.68000310	      7.85654807	     -6.40059435	     18.35018533	     24.41648439	     76.23591381	     10.70472782	     -7.54263539	     12.62782288	     23.97825062	     72.33366297
     11.13333330	      5.34257737	      1.59418408	      4.21225064	      0.91206668	      0.94066730	     -0.08745922	     -5.88881447	     -4.13211896	    -25.57830436	      0.00000000	      5.23682005	     -0.71760976	      0.00000000	     -4.97010898	     -1.69621672	    -22.79642114	      0.00000000	      4.52012074	      5.69769479	      0.00000000	     -8.25436078	     -0.29852498	     -1.77383563	      7.81601426	     -6.33987750	     18.36374149	     24.40830493	     76.23938969	     10.80332882	     -7.39898270	     12.61338560	     24.03326171	     72.32538389
     11.15000000	      5.34204311	      1.59441897	      4.22528411	      0.91225368	      0.93822514	     -0.08750360	     -5.86737959	     -4.13952121	    -25.57439675	      0.00000000	      5.23720854	     -0.71487769	      0.00000000	     -4.99230182	     -1.69822560	    -22.79993739	      0.00000000	      4.52125932	      5.69560243	      0.00000000	     -8.25221184	     -0.29946691	     -1.77651377	      7.81697880	     -6.33638140	     18.36446361	     24.40810207	     76.23966234	     10.80948636	     -7.39291126	     12.61128898	     24.03587083	     72.32455951
     11.16666670	      5.31537326	      1.60879538	      4.25424700	      0.91196924	      0.93926757	     -0.08837593	     -5.81012785	     -4.18168197	    -25.51901392	      0.00000000	      5.26001579	     -0.67937120	      0.00000000	     -4.94924489	     -1.66101191	    -22.84600520	      0.00000000	      4.56138403	      5.67316581	      0.00000000	     -8.19973479	     -0.29024529	     -1.87943641	      7.82001104	     -6.29001884	     18.37447678	     24.40085723	     76.24334808	     10.98547528	     -7.26500522	     12.58636029	     24.10721951	     72.31469939
     11.18333330	      5.30241275	      1.60541181	      4.25880853	      0.91245579	      0.93890317	     -0.08787886	     -5.80223771	     -4.18858479	    -25.51665363	      0.00000000	      5.26208977	     -0.67773958	      0.00000000	     -4.95780058	     -1.66212042	    -22.84667721	      0.00000000	      4.56421572	      5.67272333	      0.00000000	     -8.20098000	     -0.29019163	     -1.88289735	      7.82110835	     -6.28805245	     18.37507171	     24.39965698	     76.24364367	     10.99452771	     -7.26102609	     12.58344350	     24.10981335	     72.31373861
     11.20000000	      5.27234098	      1.58001214	      4.18109023	      0.90993810	      0.93416042	     -0.08640061	     -5.71053081	     -4.15825019	    -25.52407963	      0.00000000	      5.32062381	     -0.68963153	      0.00000000	     -4.90712072	     -1.67616802	    -22.86664431	      0.00000000	      4.63777546	      5.65398179	      0.00000000	     -8.20838554	     -0.28557679	     -1.95184051	      7.83520885	     -6.25192466	     18.38413389	     24.39147147	     76.24728621	     11.17915204	     -7.23213936	     12.54539644	     24.16679070	     72.30294567
     11.21666670	      5.18964275	      1.53587496	      4.22061636	      0.91025289	      0.93469916	     -0.08687303	     -5.59113462	     -4.08168911	    -25.54707401	      0.00000000	      5.43657204	     -0.73470632	      0.00000000	     -4.75545782	     -1.74522133	    -22.90832982	      0.00000000	      4.78379885	      5.62216590	      0.00000000	     -8.23857949	     -0.24722079	     -1.91363652	      7.97066187	     -6.17452852	     18.40029309	     24.41085256	     76.25536840	     11.41055382	     -7.26500203	     12.45529010	     24.22719963	     72.27799249
     11.23333330	      5.19316666	      1.54435896	      4.21584552	      0.91031046	      0.93517819	     -0.08716428	     -5.58920162	     -4.07830681	    -25.54745303	      0.00000000	      5.43741081	     -0.73515299	      0.00000000	     -4.75062074	     -1.75084276	    -22.90780785	      0.00000000	      4.78460747	      5.62233142	      0.00000000	     -8.23844571	     -0.24735142	     -1.91450424	      7.97032172	     -6.17473754	     18.40035219	     24.41059647	     76.25541166	     11.41180839	     -7.26481775	     12.45476008	     24.22760704	     72.27783194
     11.25000000	      5.09182728	      1.42095111	      4.16621409	      0.91058069	      0.93345558	     -0.08771458	     -5.41132406	     -3.96446811	    -25.50395794	      0.00000000	      5.66910602	     -0.80355436	      0.00000000	     -4.60153978	     -1.88309756	    -22.89234217	      0.00000000	      5.02342655	      5.62893038	      0.00000000	     -8.24899602	     -0.13503024	     -1.94973393	      8.05227233	     -6.16770484	     18.42085121	     24.40904204	     76.26738640	     11.66067036	     -7.26278500	     12.31473183	     24.29891587	     72.23599207
     11.26666670	      5.09560658	      1.42068205	      4.16333656	      0.91074573	      0.93464778	     -0.08775179	     -5.41153090	     -3.97025482	    -25.50362582	      0.00000000	      5.66996038	     -0.80382998	      0.00000000	     -4.59398194	     -1.88873575	    -22.89158594	      0.00000000	      5.02420542	      5.62921767	      0.00000000	     -8.24819299	     -0.13487756	     -1.95024886	      8.05181504	     -6.16804402	     18.42093480	     24.40886283	     76.26743919	     11.66083119	     -7.26247869	     12.31414455	     24.29902700	     72.23579537
     11.28333330	      5.10584821	      1.41929006	      4.14459519	      0.91038101	      0.93667764	     -0.08705329	     -5.40298664	     -3.98355301	    -25.49961949	      0.00000000	      5.67687325	     -0.80417143	      0.00000000	     -4.57629590	     -1.90442917	    -22.88615267	      0.00000000	      5.02978336	      5.63309289	      0.00000000	     -8.24371205	     -0.13104675	     -1.95846988	      8.04312295	     -6.16923633	     18.42238210	     24.40617573	     76.26799276	     11.66588690	     -7.26124804	     12.30804866	     24.30031731	     72.23384355
     11.30000000	      5.10179384	      1.41606914	      4.14352928	      0.91017151	      0.93646038	     -0.08693643	     -5.40222821	     -3.98366930	    -25.49929948	      0.00000000	      5.67746905	     -0.80414549	      0.00000000	     -4.57976602	     -1.90256644	    -22.88577435	      0.00000000	      5.03002597	      5.63354256	      0.00000000	     -8.24347956	     -0.13063105	     -1.95936559	      8.04226404	     -6.16913122	     18.42256166	     24.40593348	     76.26804930	     11.66694674	     -7.26165811	     12.30735636	     24.30048874	     72.23364311
     11.31666670	      4.96808299	      1.37190054	      4.04357759	      0.90911217	      0.93483859	     -0.08697888	     -5.19802925	     -3.93602988	    -25.34872998	      0.00000000	      5.81400608	     -0.77111978	      0.00000000	     -4.40113462	     -1.94329287	    -22.86432534	      0.00000000	      5.11356413	      5.67527173	      0.00000000	     -8.26768754	     -0.08038880	     -1.95454323	      8.05998005	     -6.10496343	     18.45927426	     24.42090791	     76.28151940	     11.82118777	     -7.43241792	     12.13827073	     24.29912175	     72.18531619
     11.33333330	      4.97078287	      1.37301226	      4.04445658	      0.91007211	      0.93463629	     -0.08731805	     -5.18653435	     -3.93836041	    -25.34564853	      0.00000000	      5.81634569	     -0.77058556	      0.00000000	     -4.40450342	     -1.94826925	    -22.86513632	      0.00000000	      5.11398029	      5.67573552	      0.00000000	     -8.26718261	     -0.08337233	     -1.95619723	      8.06054565	     -6.10656504	     18.45961701	     24.42077622	     76.28176821	     11.82111884	     -7.43030972	     12.13532729	     24.29898116	     72.18426162
     11.35000000	      4.96364198	      1.37564114	      4.03387587	      0.90968746	      0.93635350	     -0.08681825	     -5.19869093	     -3.93521620	    -25.34559386	      0.00000000	      5.81834456	     -0.77087021	      0.00000000	     -4.38231856	     -1.94727626	    -22.86559459	      0.00000000	      5.11420109	      5.67646606	      0.00000000	     -8.26647860	     -0.08488046	     -1.95731843	      8.05756182	     -6.10945199	     18.46014306	     24.41954870	     76.28206760	     11.81779878	     -7.43016658	     12.13141755	     24.29740801	     72.18291005
     11.36666670	      4.96015608	      1.37244708	      4.03231628	      0.90926857	      0.93364634	     -0.08673015	     -5.19846832	     -3.93306949	    -25.34665410	      0.00000000	      5.81827913	     -0.77107314	      0.00000000	     -4.38965023	     -1.94318810	    -22.86601311	      0.00000000	      5.11365559	      5.67693451	      0.00000000	     -8.26819752	     -0.08558340	     -1.95745862	      8.05624915	     -6.11013768	     18.46030896	     24.41889699	     76.28213558	     11.81643301	     -7.43090000	     12.13036752	     24.29653048	     72.18255678
     11.38333330	      4.25238358	      1.37422449	      3.77566962	      0.90916492	      0.93213603	     -0.08649595	     -4.35436219	     -4.00678399	    -25.22427957	      0.00000000	      5.80171469	     -0.82995780	      0.00000000	     -3.65887509	     -1.87671545	    -23.21830393	      0.00000000	      4.99716672	      5.81990104	      0.00000000	     -7.38901324	     -0.20653048	     -1.82316023	      7.88117843	     -6.14772009	     18.73137698	     24.31358322	     76.38461157	     11.47111214	     -7.34115941	     10.84193174	     24.08550001	     71.74221489
     11.40000000	      4.25282140	      1.36892182	      3.76654081	      0.90993511	      0.93227094	     -0.08676636	     -4.35208277	     -4.01160370	    -25.22831663	      0.00000000	      5.80184070	     -0.83284880	      0.00000000	     -3.65198756	     -1.88012697	    -23.21682379	      0.00000000	      4.99881330	      5.81996236	      0.00000000	     -7.39769766	     -0.20762456	     -1.82521275	      7.88139006	     -6.14958367	     18.73175128	     24.31215918	     76.38478327	     11.47302086	     -7.34278027	     10.83856248	     24.08540435	     71.74111432
     11.41666670	      4.21301062	      1.36151100	      3.67383270	      0.91005426	      0.93479093	     -0.08576657	     -4.29919097	     -3.99674546	    -25.29662070	      0.00000000	      5.78558275	     -0.86758977	      0.00000000	     -3.60316791	     -1.88772948	    -23.20545214	      0.00000000	      5.00593305	      5.81964603	      0.00000000	     -7.51236403	     -0.22130410	     -1.81549684	      7.85969224	     -6.17243118	     18.73711094	     24.28746902	     76.38670125	     11.43215168	     -7.38797229	     10.79899604	     24.05868724	     71.72821041
     11.43333330	      4.20820251	      1.36793230	      3.67345494	      0.90945768	      0.93198961	     -0.08606603	     -4.30165356	     -3.99090635	    -25.29772976	      0.00000000	      5.78470831	     -0.86788935	      0.00000000	     -3.61128154	     -1.88850710	    -23.20608445	      0.00000000	      5.00585035	      5.81952086	      0.00000000	     -7.51399325	     -0.22147582	     -1.81418282	      7.85959381	     -6.17224083	     18.73731731	     24.28713605	     76.38675456	     11.43054826	     -7.38936658	     10.79805454	     24.05787086	     71.72790623
     11.45000000	      4.21435011	      1.37137690	      3.67355804	      0.90950298	      0.93131563	     -0.08625898	     -4.29553858	     -3.98905248	    -25.29858604	      0.00000000	      5.78450663	     -0.86842028	      0.00000000	     -3.61131471	     -1.88976181	    -23.20623930	      0.00000000	      5.00602046	      5.81934184	      0.00000000	     -7.51564288	     -0.22164256	     -1.81297949	      7.85998725	     -6.17244921	     18.73740185	     24.28693287	     76.38678561	     11.42954866	     -7.39084913	     10.79723349	     24.05723174	     71.72765482
     11.46666670	      4.14693142	      1.36171428	      3.65679148	      0.91069247	      0.93473831	     -0.08645522	     -4.19086365	     -3.98496244	    -25.37051110	      0.00000000	      5.76321328	     -0.91754407	      0.00000000	     -3.54298878	     -1.90140196	    -23.20940614	      0.00000000	      5.00587714	      5.80645108	      0.00000000	     -7.63269922	     -0.22358090	     -1.72035032	      7.89045176	     -6.22190666	     18.74064667	     24.26914339	     76.38900200	     11.33506358	     -7.49310563	     10.72653481	     24.00604598	     71.70526354
     11.48333330	      4.14022575	      1.36156142	      3.65986377	      0.91031618	      0.93314247	     -0.08639059	     -4.18971082	     -3.98410143	    -25.37085311	      0.00000000	      5.76264620	     -0.91785290	      0.00000000	     -3.55359252	     -1.90116629	    -23.20997315	      0.00000000	      5.00557060	      5.80617469	      0.00000000	     -7.63269286	     -0.22331046	     -1.71984158	      7.89056396	     -6.22249148	     18.74075227	     24.26896102	     76.38904299	     11.33436904	     -7.49329189	     10.72555441	     24.00587108	     71.70492438
     11.50000000	      4.12883783	      1.36845052	      3.66910518	      0.91063828	      0.93484345	     -0.08565553	     -4.18483666	     -3.98191265	    -25.37200898	      0.00000000	      5.76057436	     -0.91968921	      0.00000000	     -3.55594960	     -1.90797018	    -23.21123973	      0.00000000	      5.00436995	      5.80495845	      0.00000000	     -7.63094354	     -0.22178563	     -1.71619566	      7.89380096	     -6.22631903	     18.74091209	     24.26922681	     76.38919953	     11.33234279	     -7.49599355	     10.72079107	     24.00528448	     71.70336346
     11.51666670	      4.11813180	      1.36218229	      3.66363551	      0.91037435	      0.93351512	     -0.08631232	     -4.20295250	     -3.97833504	    -25.37701358	      0.00000000	      5.75779456	     -0.92283646	      0.00000000	     -3.54318109	     -1.90660072	    -23.21316885	      0.00000000	      5.00331600	      5.80404211	      0.00000000	     -7.63032346	     -0.22282517	     -1.71047352	      7.89746236	     -6.22823627	     18.74116435	     24.26978851	     76.38934068	     11.32983614	     -7.50223159	     10.71620593	     24.00385816	     71.70195269
     11.53333330	      4.11954669	      1.36163144	      3.66437611	      0.91028595	      0.93054594	     -0.08636669	     -4.20378276	     -3.97492560	    -25.37840489	      0.00000000	      5.75674839	     -0.92343537	      0.00000000	     -3.54775688	     -1.90392059	    -23.21389082	      0.00000000	      5.00298228	      5.80394995	      0.00000000	     -7.63119325	     -0.22263344	     -1.70947510	      7.89828477	     -6.22910937	     18.74114487	     24.26968595	     76.38935200	     11.32957872	     -7.50346579	     10.71522309	     24.00355476	     71.70164711
     11.55000000	      4.02498345	      1.34193256	      3.68919790	      0.90869555	      0.93388424	     -0.08631713	     -4.10191805	     -3.95881971	    -25.53453277	      0.00000000	      5.70721497	     -1.02113251	      0.00000000	     -3.41431478	     -1.91413172	    -23.27513360	      0.00000000	      5.01836075	      5.76467620	      0.00000000	     -7.59949638	     -0.16634722	     -1.60692961	      8.07488235	     -6.36311870	     18.72664004	     24.28849883	     76.38914160	     11.41201262	     -7.65009791	     10.60940006	     24.01425270	     71.67105905
     11.56666670	      3.96016373	      1.32579574	      3.62325234	      0.90945225	      0.93735270	     -0.08603683	     -4.00144787	     -3.94931388	    -25.59323699	      0.00000000	      5.64188851	     -1.05609939	      0.00000000	     -3.32449074	     -1.90926376	    -23.27678974	      0.00000000	      4.98999809	      5.76249717	      0.00000000	     -7.62454500	     -0.16128190	     -1.63887565	      8.05694528	     -6.38482653	     18.73654737	     24.27397266	     76.39107028	     11.45807167	     -7.60504966	     10.55435253	     24.03959585	     71.65086555
     11.58333330	      3.91126454	      1.33559711	      3.73202160	      0.90868658	      0.93570699	     -0.08588899	     -3.94890122	     -3.95409461	    -25.61828725	      0.00000000	      5.57616186	     -1.06722387	      0.00000000	     -3.22772787	     -1.88689861	    -23.31423296	      0.00000000	      4.96607877	      5.74680859	      0.00000000	     -7.61139458	     -0.12919684	     -1.58858443	      8.13614478	     -6.38616101	     18.74205319	     24.29153296	     76.39266798	     11.51971271	     -7.63451612	     10.49909631	     24.05951804	     71.63347398
     11.60000000	      3.72258311	      1.35021735	      3.73460801	      0.90860855	      0.93354920	     -0.08652777	     -3.66363401	     -3.99197926	    -25.71281957	      0.00000000	      5.38815569	     -1.11785045	      0.00000000	     -2.97804015	     -1.84240111	    -23.33452582	      0.00000000	      4.84779384	      5.74541628	      0.00000000	     -7.60447709	     -0.14845306	     -1.59140160	      8.29262715	     -6.46066513	     18.75440539	     24.29432062	     76.39562155	     11.77273330	     -7.63869900	     10.32552773	     24.14780444	     71.57536351
     11.61666670	      3.73186796	      1.35531270	      3.73698349	      0.90940371	      0.93217521	     -0.08611124	     -3.64616735	     -3.99077882	    -25.71291323	      0.00000000	      5.38620406	     -1.11918093	      0.00000000	     -2.98340504	     -1.84361956	    -23.33241254	      0.00000000	      4.84538297	      5.74614915	      0.00000000	     -7.60219037	     -0.14870186	     -1.59278670	      8.29304310	     -6.46179839	     18.75491594	     24.29352119	     76.39567713	     11.77624745	     -7.63741733	     10.32179165	     24.14932523	     71.57402405
     11.63333330	      3.71978137	      1.36448961	      3.73081456	      0.90999641	      0.93334941	     -0.08528255	     -3.65704135	     -3.98635518	    -25.71467882	      0.00000000	      5.38369401	     -1.12115352	      0.00000000	     -2.96781699	     -1.84711137	    -23.33072646	      0.00000000	      4.84280743	      5.74689468	      0.00000000	     -7.59765396	     -0.14859565	     -1.59399112	      8.29883309	     -6.46502059	     18.75479477	     24.29384081	     76.39565562	     11.78615387	     -7.63883823	     10.31730900	     24.15270977	     71.57259641
     11.65000000	      3.65411798	      1.36202868	      3.73157257	      0.90965627	      0.93355282	     -0.08606199	     -3.55451548	     -3.98563443	    -25.73775206	      0.00000000	      5.35654430	     -1.15312340	      0.00000000	     -2.89388315	     -1.85673038	    -23.32444637	      0.00000000	      4.79695531	      5.76356554	      0.00000000	     -7.48672135	     -0.16600590	     -1.57703664	      8.45764792	     -6.51245442	     18.74995013	     24.31627334	     76.39485963	     12.00583894	     -7.72994838	     10.22738249	     24.22090583	     71.54616779
     11.66666670	      3.52322144	      1.36167028	      3.80074934	      0.90857377	      0.93101938	     -0.08582731	     -3.38103065	     -3.98655868	    -25.75238430	      0.00000000	      5.35495596	     -1.21565504	      0.00000000	     -2.71683811	     -1.85704038	    -23.32729797	      0.00000000	      4.77406648	      5.76941896	      0.00000000	     -7.52473628	     -0.20052086	     -1.54017270	      8.59836651	     -6.55862801	     18.75332439	     24.31674065	     76.39379567	     12.16759673	     -7.78234128	     10.11836360	     24.26990441	     71.50943274
     11.68333330	      3.49780810	      1.36709800	      3.78757722	      0.91007184	      0.93517734	     -0.08589955	     -3.39589462	     -3.98809847	    -25.75366288	      0.00000000	      5.35273943	     -1.21895001	      0.00000000	     -2.70290954	     -1.86125758	    -23.32473962	      0.00000000	      4.77097596	      5.77071485	      0.00000000	     -7.51680457	     -0.19949719	     -1.54328858	      8.60554892	     -6.56068492	     18.75333293	     24.31747449	     76.39368237	     12.18316182	     -7.78354969	     10.11315565	     24.27546208	     71.50772591
     11.70000000	      3.46395656	      1.37265812	      3.77546643	      0.90879873	      0.93190505	     -0.08629271	     -3.33009102	     -4.01069561	    -25.75173976	      0.00000000	      5.35099076	     -1.25032700	      0.00000000	     -2.66813834	     -1.84049634	    -23.32672517	      0.00000000	      4.77011987	      5.77460717	      0.00000000	     -7.36625277	     -0.16552757	     -1.57639135	      8.78551744	     -6.62467398	     18.74083221	     24.34929599	     76.39073957	     12.48861864	     -7.85709021	     10.04306339	     24.37773383	     71.48828656
     11.71666670	      3.35664325	      1.36543078	      3.87794399	      0.90899352	      0.93377709	     -0.08674941	     -3.20429178	     -4.00775353	    -25.69659511	      0.00000000	      5.34562106	     -1.27614820	      0.00000000	     -2.50837463	     -1.83902310	    -23.29291273	      0.00000000	      4.77509807	      5.80773400	      0.00000000	     -7.34015874	     -0.18479430	     -1.57658999	      9.02992930	     -6.72034873	     18.72423222	     24.38088007	     76.38581024	     12.81290625	     -7.94928224	      9.94854782	     24.48261886	     71.45962970
     11.73333330	      2.79448433	      1.30019252	      3.80644832	      0.90898477	      0.93073333	     -0.08661257	     -2.54108629	     -3.99329425	    -24.82144035	      0.00000000	      4.79162782	     -2.70875990	      0.00000000	     -1.89762183	     -1.84225940	    -23.18717886	      0.00000000	      4.82065598	      5.82859366	      0.00000000	     -6.79763663	     -0.16452291	     -1.69184096	      9.18520770	     -6.81787666	     19.06617706	     24.33780342	     76.23691846	     12.73839546	     -7.76243170	      7.81643326	     25.02507339	     70.55828442
     11.75000000	      2.80688925	      1.27535513	      3.81296122	      0.90958397	      0.92987016	     -0.08679176	     -2.56281831	     -3.96887613	    -24.80799209	      0.00000000	      4.81708106	     -2.71375471	      0.00000000	     -1.94747415	     -1.85546038	    -23.17808917	      0.00000000	      4.85467079	      5.82831563	      0.00000000	     -6.63678972	     -0.14022005	     -1.75369937	      9.37340738	     -6.90326625	     19.04493713	     24.38305574	     76.23130745	     13.04455801	     -7.84244645	      7.77747034	     25.13249110	     70.54945671
     11.76666670	      2.76241193	      1.24009810	      3.84432611	      0.90718733	      0.93223989	     -0.08640227	     -2.51176738	     -3.92457212	    -24.76121371	      0.00000000	      4.83473776	     -2.71384806	      0.00000000	     -1.86989777	     -1.88486688	    -23.14676861	      0.00000000	      4.90940137	      5.83136277	      0.00000000	     -6.55854445	     -0.10905628	     -1.80543559	      9.71947966	     -7.04497492	     19.00858607	     24.47072527	     76.22257840	     13.51722139	     -8.00318132	      7.71260293	     25.28901426	     70.53551799
     11.78333330	      2.63192786	      1.17731554	      3.92279519	      0.90650221	      0.93012301	     -0.08709842	     -2.32401343	     -3.84457187	    -24.63382698	      0.00000000	      4.85058613	     -2.76064199	      0.00000000	     -1.65358252	     -1.93519629	    -23.04079459	      0.00000000	      4.97513787	      5.82154871	      0.00000000	     -6.77080149	     -0.04623982	     -1.85812144	     10.19992119	     -7.22149474	     18.97129149	     24.62855582	     76.20607369	     14.12652260	     -8.17551937	      7.61148785	     25.52306552	     70.50553514
     11.80000000	      2.54663266	      1.12646057	      3.92286238	      0.90416647	      0.92789596	     -0.08817086	     -2.11325114	     -3.79988384	    -24.44342510	      0.00000000	      4.88349260	     -2.90245637	      0.00000000	     -1.50610802	     -1.95614037	    -22.86865276	      0.00000000	      5.06377662	      5.77185793	      0.00000000	     -6.89205655	      0.03612815	     -1.96036387	     10.71142433	     -7.44552915	     18.92896205	     24.87495474	     76.18163315	     14.77931858	     -8.28618674	      7.49683873	     25.84383299	     70.46483787
     11.81666670	      2.64451923	      1.07123874	      3.99792679	      0.90429817	      0.92454630	     -0.08829069	     -2.11427852	     -3.72650793	    -23.54059620	      0.00000000	      4.29359365	     -4.81181951	      0.00000000	     -1.52823751	     -1.99449278	    -22.18246994	      0.00000000	      4.97609733	      4.69189888	      0.00000000	     -7.31653952	      0.13165074	     -2.09442531	     10.98963886	     -7.96013667	     18.97488381	     26.62830993	     75.92925849	     15.20700943	     -8.48228349	      6.64331599	     27.38822582	     70.03337116
     11.83333330	      2.51743070	      1.01383618	      4.07729342	      0.90586958	      0.92716893	     -0.08917120	     -1.96852616	     -3.68993324	    -23.46597598	      0.00000000	      4.27088584	     -4.83859007	      0.00000000	     -1.36231558	     -2.03128130	    -22.11560707	      0.00000000	      4.98365893	      4.73281630	      0.00000000	     -7.17936182	      0.17232363	     -2.19141335	     11.56649656	     -8.18790005	     18.89404966	     26.80738812	     75.90074274	     15.88938900	     -8.60421796	      6.54775084	     27.64077383	     70.00465391
     11.85000000	      2.32229794	      0.93904054	      4.09136321	      0.90052361	      0.92807181	     -0.08812801	     -1.62959548	     -3.63599005	    -23.40266809	      0.00000000	      4.24342917	     -4.95242712	      0.00000000	     -1.06989673	     -2.07463540	    -22.01685906	      0.00000000	      5.03864459	      4.71641161	      0.00000000	     -7.15063004	      0.22590384	     -2.30813259	     12.42428654	     -8.39754168	     18.79770770	     27.15019933	     75.86554361	     16.89656087	     -8.79606257	      6.41383495	     28.00862404	     69.96624998
     11.86666670	      2.07780509	      0.89372264	      4.22273500	      0.89408512	      0.93024003	     -0.08730006	     -1.15664676	     -3.59850252	    -22.67790450	      0.00000000	      3.36113214	     -6.77622424	      0.00000000	     -0.59342016	     -2.07441909	    -21.25163299	      0.00000000	      4.56626297	      3.57399062	      0.00000000	     -7.35002436	      0.28690708	     -2.59356689	     13.10703257	     -8.82365955	     18.72590197	     29.06352837	     75.54057047	     17.84469066	     -9.05811712	      5.60993666	     29.06372010	     69.53457402
     11.88333330	      1.83375274	      0.84112181	      4.26352763	      0.89225452	      0.93093754	     -0.08746227	     -0.64080186	     -3.55948592	    -22.53616481	      0.00000000	      3.33073487	     -6.73749778	      0.00000000	     -0.12646581	     -2.10075093	    -21.20938224	      0.00000000	      4.56799838	      3.57406593	      0.00000000	     -7.44496472	      0.24856856	     -2.60971838	     14.32914920	     -8.95910472	     18.60920075	     29.41390285	     75.50904678	     19.15004402	     -9.26127130	      5.48032725	     29.46205481	     69.50433603
     11.90000000	      1.58830182	      0.79879393	      4.26270307	      0.89270622	      0.93005510	     -0.08723082	     -0.16168435	     -3.52416934	    -22.37325388	      0.00000000	      3.23217189	     -6.75413521	      0.00000000	      0.34610225	     -2.11683124	    -21.09470864	      0.00000000	      4.47778139	      3.55255679	      0.00000000	     -7.55465964	      0.22695798	     -2.68700988	     15.61713544	     -9.10161594	     18.48685165	     29.86025231	     75.47520220	     20.58726598	     -9.48345961	      5.31810370	     29.89486065	     69.46512437
     11.91666670	      1.60457478	      0.77800490	      4.27300146	      0.88901752	      0.92673631	     -0.08871289	      0.06161553	     -3.52028743	    -21.36018472	      0.00000000	      2.25969529	     -8.63067194	      0.00000000	      0.58167218	     -2.07855772	    -20.26812952	      0.00000000	      3.75441668	      1.79578470	      0.00000000	     -8.19840711	      0.32010616	     -2.84945681	     16.84839297	     -9.63419389	     18.36623212	     32.04677510	     75.18749268	     22.19659600	     -9.57570448	      4.20435290	     30.60758917	     68.97184421
     11.93333330	      1.25713018	      0.73740433	      4.25579421	      0.88425284	      0.92857073	     -0.08733742	      0.70143998	     -3.49407385	    -21.23408251	      0.00000000	      2.26930389	     -8.63161110	      0.00000000	      1.22720307	     -2.07393841	    -20.17423675	      0.00000000	      3.80473247	      1.77835385	      0.00000000	     -8.28718303	      0.23935277	     -2.84369108	     18.58348183	     -9.82545190	     18.17281508	     32.55152548	     75.15452857	     23.92482177	     -9.81245132	      4.03063578	     31.12208205	     68.93759354
     11.95000000	      0.91509006	      0.69284192	      4.14068915	      0.87922072	      0.92370362	     -0.08407205	      1.40509442	     -3.43021816	    -21.00347859	      0.00000000	      2.27525987	     -8.67957785	      0.00000000	      1.87884681	     -2.10974245	    -20.08351622	      0.00000000	      3.76196291	      1.64956401	      0.00000000	     -8.43980936	      0.15520110	     -2.78807690	     20.56291052	    -10.02189835	     17.96615704	     33.19783177	     75.12561887	     25.83802564	    -10.16949925	      3.80500279	     31.66131661	     68.89515288
     11.96666670	      0.64999276	      0.70161294	      3.91697045	      0.87504586	      0.92546687	     -0.08434843	      2.20137597	     -3.45285065	    -19.21436778	      0.23806034	      1.06679620	    -11.39589059	      0.00000000	      2.62026427	     -2.12313019	    -18.80433562	      0.26563938	      2.32737925	     -1.56688228	      0.00000000	     -9.01359725	      0.13252326	     -2.43034719	     22.15944998	    -10.77385127	     17.92097550	     35.93303958	     74.92155131	     28.00732298	    -10.16251605	      2.24425728	     32.43535797	     68.22331146
     11.98333330	      0.00258579	      0.61152732	      3.92101295	      0.87313457	      0.92303338	     -0.08458137	      3.61035002	     -3.52026727	    -18.78539969	      1.08968677	      1.02680710	    -12.20051812	      0.00000000	      4.21497642	     -2.39552188	    -18.65363682	      1.48349450	      2.50400519	     -2.32216942	      0.00000000	     -8.93308063	      0.09554499	     -2.42073890	     24.20504622	    -11.15426905	     17.67870788	     36.99272150	     74.80190879	     30.16657719	    -10.52835203	      1.72058548	     33.10461635	     67.92781598
     12.00000000	     -0.35219584	      0.58098688	      3.92965458	      0.87238725	      0.92239299	     -0.08430808	      4.66760396	     -3.64945694	    -18.65710015	      1.99024404	      1.04612497	    -12.73638070	      0.00000000	      5.44502488	     -2.63727842	    -18.78992647	      2.71836003	      2.48220172	     -2.98195193	      0.00000000	     -9.17131006	      0.03840084	     -2.39812130	     26.34721319	    -11.49192523	     17.49578884	     37.78529698	     74.77164670	     32.33721683	    -10.89591368	      1.46409628	     33.73458875	     67.79409389
     12.01666670	     -1.28654549	      0.48743703	      3.94468424	      0.86979519	      0.92045583	     -0.08519608	      6.41015348	     -3.79644947	    -17.70663200	      3.07231616	      1.05620482	    -13.95807565	      0.00000000	      7.39976102	     -2.86782042	    -18.05843241	      4.14297000	      2.68100859	     -4.44233724	      0.00000000	     -8.59591824	      0.00182518	     -2.42110412	     28.30811857	    -12.17182680	     17.60161621	     39.13218768	     74.78042226	     34.44162206	    -11.29329225	      1.15251776	     34.41244228	     67.45935690
     12.03333330	     -2.21448260	      0.41117148	      3.99428393	      0.86789130	      0.91749909	     -0.08612805	      8.18535288	     -3.99542484	    -16.98148422	      4.33055146	      0.35264737	    -15.78881733	      0.00000000	      9.41648941	     -3.09275389	    -17.38123901	      5.76955343	      2.16991786	     -6.49599711	      0.00000000	     -7.99331585	     -0.08507945	     -2.36323222	     30.33831146	    -12.84254168	     18.01937475	     40.51456736	     74.80948357	     36.74411125	    -11.53199810	      1.07204343	     35.07692618	     66.86194095
     12.05000000	     -2.90083873	      0.35580608	      4.07263173	      0.86236955	      0.91548062	     -0.08628075	      9.82465963	     -4.21750306	    -16.27042202	      5.76612393	      0.45942322	    -17.10644566	      0.00000000	     11.36383049	     -3.31348672	    -16.60726227	      7.74140963	      2.47056558	     -7.98279976	      0.00000000	     -7.81168018	     -0.08597539	     -2.33582393	     32.96334506	    -13.45390796	     18.16827703	     41.49607887	     74.81477146	     39.21291107	    -11.90527282	      1.17185625	     35.56424167	     66.43748578
     12.06666670	     -3.98047918	      0.22464896	      4.23620073	      0.85964183	      0.91232420	     -0.08645764	     11.98927572	     -4.42731265	    -15.57477564	      7.33776373	     -0.21425578	    -19.25001992	      0.00000000	     13.82182297	     -3.52707337	    -15.77401908	      9.73264888	      2.07494857	    -10.27441888	      0.00000000	     -7.09220675	     -0.06864314	     -2.36786855	     35.44058777	    -14.29044302	     18.88065546	     42.39258524	     74.85430842	     41.68096887	    -12.19705883	      1.73281750	     35.79919181	     65.72750064
     12.08333330	     -4.90429897	      0.09807600	      4.39387540	      0.85809996	      0.91381961	     -0.08669987	     13.99697176	     -4.63094416	    -14.83848631	      8.99318804	     -0.68994723	    -21.14840021	      0.00000000	     16.09420814	     -3.70649952	    -14.84936386	     11.76640625	      2.01800346	    -12.01567526	      0.00000000	     -6.61243954	     -0.00654854	     -2.37886702	     37.94294861	    -15.03731001	     19.44670344	     43.02942089	     74.82886691	     44.13194807	    -12.49960335	      2.41843611	     36.08978558	     64.94347629
     12.10000000	     -5.76326995	     -0.07518142	      4.59018724	      0.85502735	      0.90813366	     -0.08685527	     15.97828751	     -4.79263686	    -14.19905287	     10.68310389	     -1.05740362	    -23.06866382	      0.00000000	     18.36812875	     -3.92627556	    -13.90057517	     13.91412421	      2.12395039	    -13.64980741	      0.00000000	     -6.13679153	      0.10729169	     -2.36638950	     40.59561521	    -15.85107293	     20.01517364	     43.50703931	     74.77363040	     46.64744364	    -12.78848461	      3.25035565	     36.27152409	     64.11163850
     12.11666670	     -6.65342036	     -0.25166706	      4.75516886	      0.85178351	      0.90603122	     -0.08628088	     18.03184076	     -4.94412477	    -13.55517633	     12.41096571	     -1.51162422	    -24.92060816	      0.00000000	     20.71178564	     -4.14145265	    -12.96427293	     16.16408230	      2.13332510	    -15.23551718	      0.00000000	     -5.60210470	      0.17554005	     -2.24121876	     43.16052893	    -16.68823181	     20.49781613	     43.73497386	     74.69171049	     49.13593627	    -13.00060676	      4.20039541	     36.47409881	     63.27236735
     12.13333330	     -7.52198232	     -0.45816772	      4.81501019	      0.84828062	      0.90226777	     -0.08472568	     20.15073797	     -5.00662153	    -12.91503105	     14.25726753	     -1.81128409	    -26.69497032	      0.00000000	     23.06903176	     -4.43104085	    -12.06466091	     18.44369553	      2.30168614	    -16.78121431	      0.00000000	     -5.07047003	      0.26047475	     -1.96242745	     45.93234902	    -17.44070228	     21.07457882	     43.77554157	     74.61546699	     51.57948006	    -13.12464381	      5.28998178	     36.48389212	     62.48326705
     12.15000000	     -8.34304922	     -0.63483564	      4.80819708	      0.84832538	      0.89826544	     -0.08489717	     22.19140954	     -5.08484571	    -12.38319074	     16.09797693	     -2.15216301	    -28.55049369	      0.00000000	     25.28927142	     -4.72359557	    -11.28214036	     20.71271577	      2.53845631	    -18.19240272	      0.00000000	     -4.50287363	      0.33082571	     -1.69224281	     48.45814968	    -18.23027462	     21.74773890	     43.75374217	     74.56357193	     53.90989019	    -13.31164065	      6.57288402	     36.52445323	     61.72651667
     12.16666670	     -9.10840560	     -0.84007758	      4.73833349	      0.84638227	      0.89337013	     -0.08330651	     24.21154615	     -5.07655810	    -11.93644148	     18.02464192	     -2.23686562	    -30.16706743	      0.00000000	     27.52349262	     -5.09272580	    -10.51907380	     23.07942303	      2.90837246	    -19.47654851	      0.00000000	     -3.93501992	      0.40682392	     -1.29051903	     50.86530489	    -19.05835404	     22.37273460	     43.81023216	     74.53055382	     56.05691883	    -13.50863747	      8.04914112	     36.87132234	     61.08468468
     12.18333330	     -9.87702857	     -0.99755382	      4.54611369	      0.84429500	      0.88784254	     -0.08284704	     26.29662957	     -5.07244561	    -11.42504248	     20.07717902	     -1.99684566	    -31.55360363	      0.00000000	     29.68928613	     -5.45626478	     -9.78658500	     25.45270829	      3.63061218	    -20.44922444	      0.00000000	     -3.41743836	      0.43648890	     -0.71680165	     53.50704184	    -19.89484317	     22.73384267	     43.50164428	     74.52444341	     58.40238429	    -13.59316218	      9.42839543	     37.12165197	     60.68910324
     12.20000000	    -10.68749984	     -1.06737400	      4.35656119	      0.83997563	      0.88313255	     -0.08367270	     28.55078905	     -5.22557419	    -10.95374679	     22.32069310	     -1.75768723	    -33.22496523	      0.00000000	     31.93116027	     -5.73080042	     -9.27363658	     27.81465655	      4.27786938	    -21.40935350	      0.00000000	     -2.92749298	      0.44000586	     -0.21567346	     56.71944811	    -20.57606577	     24.17787413	     42.44161036	     74.61884626	     61.45500064	    -13.87405472	     12.46554652	     36.08404347	     60.05004734
     12.21666670	    -11.49488880	     -1.13530283	      4.14197548	      0.83826201	      0.88024830	     -0.08382006	     30.67727689	     -5.38700509	    -10.57175598	     24.41812724	     -1.32346309	    -33.86669578	      0.00000000	     34.09320897	     -5.96559923	     -8.75572827	     30.02258522	      5.07097115	    -21.89838476	      0.00000000	     -2.48532934	      0.44188446	      0.34367001	     59.52933262	    -21.42573401	     25.20035975	     41.66343087	     74.65125627	     64.08006907	    -13.79640493	     15.21916274	     35.33418966	     59.58252847
     12.23333330	    -12.41241178	     -1.28779552	      3.86137116	      0.83375440	      0.87326929	     -0.08333135	     33.19490461	     -5.47111886	    -10.30221142	     26.84275183	     -0.73700746	    -34.36996693	      0.00000000	     36.50077134	     -6.30439365	     -8.29884807	     32.36061783	      5.98821832	    -22.41516744	      0.00000000	     -2.11850262	      0.47490216	      1.02531273	     62.05958580	    -22.21679784	     25.30661731	     41.01172536	     74.67135820	     66.56041425	    -13.37835450	     16.44380320	     35.50602617	     59.58699341
     12.25000000	    -12.79957179	     -1.34047242	      3.70714445	      0.82916358	      0.86795918	     -0.08354049	     35.30103781	     -5.67535037	     -9.85726482	     29.41895173	      0.11641741	    -35.00000000	      0.00000000	     38.28904942	     -6.50636699	     -7.88371358	     34.43287218	      6.91636977	    -22.90336563	      0.00000000	     -2.60266042	      0.47590835	      1.21296112	     64.75631412	    -22.74211343	     25.13656113	     41.04815365	     74.69119927	     69.04130566	    -13.26796205	     16.95088456	     35.89216208	     59.68157864
     12.26666670	    -13.99306813	     -1.31629156	      3.51205135	      0.82472465	      0.86171655	     -0.08313019	     38.38933233	     -6.02759947	     -9.50641197	     32.18602121	      1.22503416	    -34.71299129	      0.00000000	     41.03683866	     -6.67294429	     -7.69200143	     36.70294841	      7.98272866	    -22.74670833	      0.00000000	     -1.75761637	      0.33656407	      1.66229752	     67.70703399	    -23.57215197	     28.41043341	     39.63454576	     75.22614591	     72.41974071	    -13.67687790	     23.87197487	     33.61570126	     60.97550155
     12.28333330	    -14.68713756	     -1.22145569	      3.22393598	      0.82400115	      0.85572152	     -0.08267030	     40.85348645	     -6.28148048	     -8.99433272	     34.82987052	      2.02921528	    -34.89231906	      0.00000000	     42.91754988	     -6.88990422	     -7.71350021	     38.56732626	      8.91489071	    -22.90294070	      0.00000000	     -1.67445212	      0.01473186	      2.51610412	     69.92307538	    -24.42525717	     28.24195360	     39.20129070	     75.16491059	     74.10849226	    -13.11699830	     24.85691141	     34.92374074	     61.20576643
     12.30000000	    -15.51807926	     -1.22142372	      3.04958199	      0.82018137	      0.84916047	     -0.08068659	     43.35346327	     -6.42007232	     -8.56580679	     37.33004404	      3.34587682	    -34.41972709	      0.00000000	     45.14564945	     -7.17585836	     -7.53339687	     40.69283138	     10.02076853	    -22.75407717	      0.00000000	     -1.51462236	     -0.03985261	      2.51459296	     72.58243602	    -24.27427431	     29.39897778	     38.65571362	     75.14397274	     76.12197950	    -14.15289765	     28.63718352	     35.95516784	     62.20617071
     12.31666670	    -15.77345644	     -1.27206245	      2.78384896	      0.82024731	      0.84375373	     -0.07956698	     44.89144528	     -6.37748791	     -8.32658294	     39.37679947	      3.84261039	    -34.68216002	      0.00000000	     46.60485668	     -7.64211658	     -7.36719170	     42.69179813	     10.48923518	    -23.08419307	      0.00000000	     -2.06513421	     -0.22414057	      2.95310769	     74.69912141	    -24.51928960	     29.02335244	     38.75288545	     75.09538949	     77.78630110	    -13.98813417	     28.66294048	     36.77394433	     62.27454108
     12.33333330	    -16.96860359	     -1.19153695	      2.45527319	      0.81801684	      0.83356938	     -0.07957580	     47.61172760	     -6.55854761	     -8.10849003	     41.87229720	      5.62858855	    -33.82479236	      0.00000000	     49.27225243	     -8.03426316	     -7.47519957	     45.19522570	     11.74972553	    -22.90310602	      0.00000000	     -1.26093622	     -0.35261939	      3.06222317	     76.96728834	    -24.23894109	     30.02456110	     38.06725454	     75.02983793	     78.84543437	    -15.15734895	     31.10765559	     39.25651430	     63.21164333
     12.35000000	    -17.23582416	     -1.25920096	      2.34763111	      0.81431874	      0.82711873	     -0.07829537	     49.28507602	     -6.61731316	     -7.96352793	     44.19624999	      6.19496523	    -34.14761359	      0.00000000	     50.95600172	     -8.45635425	     -7.39782743	     47.43683839	     12.22527257	    -23.22254925	      0.00000000	     -1.91590203	     -0.49313760	      3.27998567	     79.27495539	    -24.26880735	     29.64970683	     38.23197780	     74.97725507	     80.76163871	    -14.87119672	     30.95824806	     39.88087899	     63.26330485
     12.36666670	    -18.41047908	     -1.24914867	      2.20136269	      0.81186945	      0.81748354	     -0.07810413	     52.20869740	     -6.84636332	     -7.75117876	     46.85222972	      8.13558503	    -33.24091926	      0.00000000	     53.72346093	     -8.81354448	     -7.43818459	     49.88710525	     13.66673936	    -22.61272142	      0.00000000	     -1.29097676	     -0.60759102	      3.29752845	     81.67293614	    -23.87981037	     30.67157384	     37.20399905	     74.85075695	     82.10866486	    -15.56903333	     32.50830525	     41.25248295	     64.04700130
     12.38333330	    -19.12317460	     -1.30901122	      1.95706230	      0.80699409	      0.81146754	     -0.07729882	     54.50883112	     -6.85465465	     -7.57526609	     48.98240581	      9.25009107	    -32.74333476	      0.00000000	     55.93312152	     -9.22179210	     -7.23622800	     52.04259664	     14.42654154	    -22.51261365	      0.00000000	     -1.52142614	     -0.69597132	      3.49757946	     84.08415604	    -23.92023597	     31.74299918	     36.99803141	     74.56642081	     83.76033433	    -15.97538473	     32.89776145	     42.79725192	     64.71279639
     12.40000000	    -19.53705995	     -1.33031823	      1.89723594	      0.80203327	      0.80326800	     -0.07750515	     56.63252233	     -7.03312449	     -7.46821089	     51.32403735	      9.58625649	    -32.89666423	      0.00000000	     57.99626932	     -9.45759579	     -7.00513268	     54.37080654	     14.77888637	    -22.75623798	      0.00000000	     -2.44638434	     -0.83687967	      3.50822573	     86.58943062	    -23.79117283	     31.37236460	     37.33803756	     74.49855458	     86.17372313	    -15.65109640	     32.49957044	     43.26148375	     64.73579189
     12.41666670	    -20.15323806	     -1.31499372	      1.88923399	      0.80302690	      0.79681520	     -0.07688790	     58.58308757	     -7.26997739	     -7.38591995	     53.26336118	     10.09872297	    -33.00744538	      0.00000000	     59.91633341	     -9.62666205	     -6.77707020	     56.35984164	     15.15439726	    -22.85197140	      0.00000000	     -3.03460520	     -1.01990959	      3.52452387	     88.87057967	    -23.70366405	     31.09495081	     37.51780748	     74.44404164	     88.31363195	    -15.23795709	     32.22269801	     43.65769023	     64.77117830
     12.43333330	    -20.83111377	     -1.27747441	      1.75578679	      0.79893428	      0.78690731	     -0.07596162	     60.74363844	     -7.42724951	     -7.25516710	     55.36165514	     10.69410296	    -32.99004886	      0.00000000	     61.90805198	     -9.82233088	     -6.50279066	     58.27689603	     15.82804537	    -22.90280908	      0.00000000	     -3.56035230	     -1.23181873	      3.69131232	     91.32092600	    -23.52423835	     30.87132845	     37.60778128	     74.39635671	     90.48875152	    -14.72740224	     31.95363963	     44.01456421	     64.80540339
     12.45000000	    -21.87164052	     -1.15547513	      1.61404056	      0.79708910	      0.77613572	     -0.07534352	     63.44141344	     -7.77928650	     -7.16832085	     57.84928438	     13.24635911	    -30.62420068	      0.00000000	     64.30711091	    -10.10644877	     -6.52754388	     60.35210794	     17.79932752	    -21.43051709	      0.00000000	     -3.22693130	     -1.50201776	      3.70602418	     93.96880727	    -23.20050392	     33.31221269	     35.68361049	     74.21288425	     92.55535183	    -14.18097736	     32.79019057	     42.50342460	     65.30982373
     12.46666670	    -22.41943571	     -1.05261674	      1.45507328	      0.79276547	      0.76739144	     -0.07485946	     65.66845355	     -7.89686177	     -6.84312949	     60.14075335	     13.70127301	    -30.78133249	      0.00000000	     66.24060463	    -10.30065754	     -6.26800702	     62.34974390	     18.50956565	    -21.63419763	      0.00000000	     -4.00148298	     -1.80346340	      3.71770106	     96.42305008	    -22.75137346	     33.13398657	     36.10983772	     74.14476816	     94.89496152	    -13.90494187	     32.39931578	     42.83842631	     65.30854506
     12.48333330	    -23.44411358	     -0.62974541	      1.44331974	      0.79473776	      0.75914806	     -0.07439447	     68.19673730	     -8.32831886	     -6.34271272	     62.45509270	     14.96909978	    -29.92191823	      0.00000000	     68.22401923	    -10.30888157	     -6.53890373	     64.03740191	     19.94135015	    -20.57505937	      0.00000000	     -3.90846388	     -2.44549910	      3.64925312	     98.52022867	    -22.45057681	     34.35918621	     35.55550318	     74.00450338	     96.51864064	    -13.54094366	     32.36352613	     42.65578407	     65.39465456
     12.50000000	    -23.84885801	     -0.62215133	      1.32043647	      0.79321005	      0.74826004	     -0.07342443	     70.09860101	     -8.44549079	     -6.24391620	     64.62822065	     15.54777943	    -30.08612209	      0.00000000	     69.98677789	    -10.65579299	     -6.31274399	     66.09483719	     20.56683715	    -20.81750640	      0.00000000	     -4.73298972	     -2.51662767	      3.52417935	    100.58120818	    -21.96764133	     34.31508628	     35.99271452	     73.94210954	     98.43940911	    -13.25512483	     32.01572448	     42.94510391	     65.38150072
     12.51666670	    -24.17992843	     -0.47634239	      1.39590676	      0.78922929	      0.74002029	     -0.07298961	     71.93269785	     -8.83291797	     -6.09209089	     66.88942944	     17.19249286	    -28.66694664	      0.00000000	     71.72149726	    -10.74269428	     -6.29112304	     68.08024433	     21.26445412	    -20.54364299	      0.00000000	     -5.57304716	     -2.51288443	      3.47668581	    104.47711312	    -21.18643259	     39.76774593	     32.98908347	     72.45689742	    100.25281014	    -12.97744515	     32.24923612	     42.55390064	     65.23460745
     12.53333330	    -24.68423111	     -0.38254772	      1.28574461	      0.78520049	      0.73040615	     -0.07174237	     73.97497652	     -8.91071991	     -5.83019817	     68.82275819	     17.56480302	    -28.73662093	      0.00000000	     73.49409137	    -11.00838320	     -6.15794074	     69.84266640	     21.64946236	    -20.68056370	      0.00000000	     -6.32989096	     -2.64418733	      3.58743344	    106.49665640	    -20.59486827	     39.47720006	     33.35514491	     72.32841650	    102.02703405	    -12.45305510	     31.93579534	     42.95403036	     65.19509072
     12.55000000	    -25.11968457	     -0.14576946	      1.16342453	      0.78425266	      0.72091999	     -0.07045762	     76.01207499	     -9.08382859	     -5.54783724	     70.96773611	     18.78839711	    -27.54123443	      0.00000000	     75.24170675	    -11.33861339	     -6.21606175	     71.80310682	     22.58981449	    -19.94520815	      0.00000000	     -6.92807124	     -2.95228575	      3.71324426	    108.45016133	    -19.85761631	     39.53801949	     32.18057986	     71.69803858	    103.63108371	    -11.86948852	     31.61627452	     42.49985935	     64.94440729
     12.56666670	    -25.48394513	     -0.14210439	      1.21104176	      0.78749769	      0.71451757	     -0.07149244	     77.46046312	     -9.19334324	     -5.32671017	     72.71039448	     19.12515014	    -27.66498662	      0.00000000	     76.60918284	    -11.51856636	     -6.08303345	     73.37049415	     22.84501693	    -20.11385179	      0.00000000	     -7.62296175	     -2.95432011	      3.52880333	    109.77694847	    -19.51216128	     39.33416399	     32.48763580	     71.57342205	    104.81953924	    -11.64584878	     31.30877709	     42.92920987	     64.88129465
     12.58333330	    -25.76109179	     -0.10519044	      1.24757526	      0.78052968	      0.70287372	     -0.07032342	     79.22696900	     -9.36450659	     -5.19194412	     74.52343006	     19.57892167	    -27.65955301	      0.00000000	     78.31576626	    -11.64413633	     -5.83003396	     75.19099581	     23.46432871	    -20.12756174	      0.00000000	     -8.44521337	     -3.07343099	      3.21678942	    111.09975164	    -19.13240695	     39.08106250	     32.85963262	     71.43599192	    106.13484701	    -11.35705567	     30.87513123	     43.49165319	     64.79094422
     12.60000000	    -26.16788704	     -0.06575479	      1.35245824	      0.78064068	      0.69422441	     -0.07058191	     80.95146112	     -9.59586590	     -5.02333715	     76.27861124	     20.08008201	    -27.53303726	      0.00000000	     79.94108301	    -11.67801266	     -5.66481520	     76.84226199	     23.97390947	    -20.05496515	      0.00000000	     -9.11460561	     -3.09956725	      2.97945170	    112.46729234	    -18.70367336	     38.78521724	     33.18882986	     71.29851218	    107.36087239	    -11.06346309	     30.38474544	     44.00614364	     64.68085847
     12.61666670	    -26.72706126	      0.03323157	      1.51706255	      0.77803981	      0.68448506	     -0.06953167	     82.70866830	     -9.99289375	     -4.94971614	     77.92797353	     21.23556888	    -26.53563285	      0.00000000	     81.72476294	    -11.63060778	     -5.48056042	     78.50036160	     25.38149892	    -18.82576877	      0.00000000	     -9.38302346	     -3.10594553	      2.63289833	    113.30271532	    -18.11603289	     38.24448171	     33.74456531	     70.83528352	    107.95624695	    -10.79474925	     29.07318223	     44.95234392	     64.23394126
     12.63333330	    -27.08081101	      0.00266658	      1.51470861	      0.77947799	      0.67472168	     -0.06994426	     84.32631399	    -10.14385203	     -4.81422240	     79.74537719	     21.92647255	    -26.44914500	      0.00000000	     83.28738385	    -11.68469743	     -5.00467757	     80.28000965	     26.21942097	    -18.58890265	      0.00000000	     -9.95928922	     -2.99149840	      2.52647321	    114.51429187	    -17.69688038	     37.88814515	     34.00245341	     70.61168066	    109.04963994	    -10.54215684	     28.37213656	     45.13580417	     63.97928127
     12.65000000	    -27.40232269	     -0.12267294	      1.64891846	      0.77719709	      0.66563612	     -0.06971693	     85.87713923	    -10.42906683	     -4.85339272	     81.51570591	     22.94967969	    -25.94417584	      0.00000000	     84.81701790	    -11.73552030	     -4.61016402	     81.95697864	     27.05695102	    -18.34180826	      0.00000000	    -10.52439485	     -2.89300447	      2.09231542	    115.83011343	    -16.89802174	     37.95017365	     33.58579955	     70.37066521	    110.55165286	     -9.79674995	     27.60491792	     44.20092808	     63.50801577
     12.66666670	    -27.79113731	     -0.16861944	      1.70256376	      0.77257858	      0.65720278	     -0.06881773	     87.44996318	    -10.58211067	     -4.79102654	     83.00728183	     23.37128103	    -25.99072415	      0.00000000	     86.44611267	    -11.73495766	     -4.21878220	     83.47342074	     27.33537639	    -18.45784740	      0.00000000	    -11.29342413	     -2.89017724	      1.68973306	    117.23585075	    -16.56616107	     37.83534909	     33.90479621	     70.32987646	    112.07527294	     -9.49888686	     27.27828005	     44.24270502	     63.40212945
     12.68333330	    -28.18971228	     -0.22986967	      1.72764488	      0.77030039	      0.64790077	     -0.06844021	     89.07106139	    -10.77138313	     -4.81684455	     84.48214418	     23.74585150	    -26.03525653	      0.00000000	     88.10170521	    -11.82505669	     -3.86444401	     84.87637279	     27.61985976	    -18.65463805	      0.00000000	    -12.11622586	     -2.86338817	      1.21899025	    118.67601590	    -16.03271106	     37.76432736	     34.24688318	     70.31916942	    113.75913520	     -9.13544101	     26.90988750	     44.16782789	     63.30677908
     12.70000000	    -28.19192065	     -0.20849097	      1.72739794	      0.77145017	      0.63945164	     -0.06910514	     90.11904166	    -11.16155785	     -4.94331316	     86.00613053	     24.87768904	    -24.81797286	      0.00000000	     89.24957274	    -11.86956925	     -3.56296203	     86.38902601	     27.73036829	    -19.10662953	      0.00000000	    -13.27651734	     -2.84884296	      1.05648474	    120.73664580	    -15.46449402	     38.73143618	     33.05102781	     70.43587340	    115.90967577	     -8.05651160	     26.40973947	     41.62388028	     62.84615219
     12.71666670	    -28.49403157	     -0.16486957	      1.73357547	      0.76979901	      0.63178103	     -0.06864624	     91.44597260	    -11.42432665	     -4.90765334	     87.26285584	     25.14251578	    -24.70569694	      0.00000000	     90.59324323	    -11.96951189	     -3.41353037	     87.69227053	     28.09396005	    -19.17510962	      0.00000000	    -13.95425580	     -2.86530773	      0.87799896	    121.78757728	    -15.08655030	     38.75368492	     33.26162046	     70.44651430	    116.88764177	     -7.74496981	     26.27031665	     41.61193351	     62.78697997
     12.73333330	    -28.40746257	     -0.07152551	      1.66947153	      0.76568601	      0.62166053	     -0.06711551	     92.69041420	    -11.78885058	     -4.97418536	     88.83855055	     26.45487032	    -23.42524378	      0.00000000	     91.72190046	    -12.09797431	     -3.20659498	     89.24173653	     28.58560769	    -19.01951696	      0.00000000	    -15.26579835	     -3.00064758	      1.03344185	    124.23343891	    -14.47402144	     39.89604636	     31.20628816	     70.61104082	    118.90082775	     -6.68633660	     26.02745752	     39.55833478	     62.37049030
     12.75000000	    -28.44624061	     -0.01450194	      1.58557369	      0.76583320	      0.61453761	     -0.06663995	     93.84110783	    -11.98303656	     -4.98474410	     90.22894538	     26.76292604	    -23.19439840	      0.00000000	     92.81903686	    -12.27214061	     -3.00440325	     90.58898258	     28.72491752	    -19.17712647	      0.00000000	    -16.47552390	     -3.02600471	      1.27182775	    126.66515053	    -13.46354939	     40.91207045	     28.90779062	     70.66211996	    120.52559615	     -6.04242858	     25.95299248	     38.70561818	     61.91768328
     12.76666670	    -28.76130259	     -0.00130263	      1.55849977	      0.76299726	      0.60535355	     -0.06564485	     95.27783366	    -12.16301755	     -4.97747271	     91.61567447	     26.97177111	    -23.20812144	      0.00000000	     94.33871843	    -12.39354390	     -2.69500819	     91.98389990	     28.97604742	    -19.25784189	      0.00000000	    -17.30420154	     -3.10526017	      1.19235202	    127.95587887	    -12.94565893	     40.82401838	     28.86468090	     70.62352686	    121.68093975	     -5.73356993	     25.79272171	     38.81142180	     61.83772298
     12.78333330	    -28.28224471	     -0.01132459	      1.47064259	      0.75813833	      0.59591616	     -0.06484435	     96.27340694	    -12.23345427	     -4.92729071	     93.26718665	     27.50648025	    -22.84050717	      0.00000000	     95.43420343	    -12.50549983	     -2.16903433	     93.66390346	     29.13771498	    -19.44811174	      0.00000000	    -19.19125995	     -3.07803890	      1.68220701	    130.82242329	    -11.72090395	     41.01705896	     25.38942628	     70.41876793	    123.76656543	     -4.56816011	     25.31658589	     36.94686504	     61.28181875
     12.80000000	    -28.50412864	      0.03358290	      1.45558860	      0.75964113	      0.58593026	     -0.06562150	     98.00342751	    -12.36305580	     -4.60955887	     95.00212664	     27.57798703	    -23.00849276	      0.00000000	     96.98301171	    -12.54202719	     -1.83687792	     95.30831757	     29.24381427	    -19.56699449	      0.00000000	    -19.95133881	     -3.05387633	      1.72235261	    132.12993477	    -11.37113334	     40.99413734	     25.41699635	     70.37478082	    124.69749272	     -4.40342026	     25.17050952	     37.15282411	     61.19693266
     12.81666670	    -28.47548983	      0.11325094	      1.39634499	      0.75572797	      0.57729471	     -0.06530348	     99.39304192	    -12.29024110	     -4.24222037	     96.39930605	     27.35125917	    -23.38537323	      0.00000000	     98.36025849	    -12.54515055	     -1.51308012	     96.82985773	     29.25611806	    -19.85742542	      0.00000000	    -21.16095275	     -2.81449718	      2.26478816	    135.24776872	    -10.25224978	     44.45384249	     21.57774754	     69.61613585	    125.71993084	     -4.22454832	     24.50423908	     37.14802070	     59.33467664
     12.83333330	    -28.66191882	      0.09217970	      1.25549247	      0.75708318	      0.56952493	     -0.06499273	    100.83693650	    -12.07559228	     -3.93129875	     97.78980038	     27.49767214	    -23.68087221	      0.00000000	     99.54998323	    -12.59621339	     -1.01966930	     98.19108931	     29.45388597	    -20.08503674	      0.00000000	    -21.82080550	     -2.75943146	      2.30911728	    136.03693568	    -10.12261186	     44.36214133	     21.94700910	     69.53357371	    126.50761393	     -4.17003145	     24.36867785	     37.40505754	     59.28714369
     12.85000000	    -28.72773551	     -0.03841093	      1.10967262	      0.74892415	      0.55715978	     -0.06419518	    102.44101284	    -11.77427346	     -3.72285646	     99.17252492	     26.96538674	    -24.64529323	      0.00000000	    101.19395988	    -12.61999275	     -0.32809373	     99.70787054	     29.86556752	    -19.71991507	      0.00000000	    -22.92960749	     -2.71449291	      2.55710648	    138.12064155	    -10.07630665	     44.16047294	     21.78777754	     69.03606058	    128.30796728	     -3.61918032	     24.19923779	     36.74527507	     58.94082112
     12.86666670	    -28.85616244	     -0.12436101	      1.10041121	      0.74692339	      0.54933770	     -0.06364459	    104.05669230	    -11.56442055	     -3.42483609	    100.58425826	     27.05986316	    -24.89439926	      0.00000000	    102.72658107	    -12.56460079	      0.26601976	    101.05671559	     29.83605834	    -19.67591492	      0.00000000	    -23.60516391	     -2.74958815	      2.39440881	    139.05214194	    -10.05531784	     44.07255859	     21.90320734	     68.95150374	    129.26786615	     -3.56488750	     24.08064529	     36.87647904	     58.88109037
     12.88333330	    -28.99899879	     -0.25542709	      1.25048646	      0.74952813	      0.54177001	     -0.06448696	    105.30357797	    -11.62938290	     -3.19893644	    101.86564401	     27.07379373	    -25.23604227	      0.00000000	    104.05844909	    -12.53002829	      0.69684417	    102.30726825	     29.75034769	    -19.53262910	      0.00000000	    -24.12419895	     -2.61580289	      2.38144788	    139.85446954	    -10.04171514	     43.96399638	     21.88995259	     68.84806533	    129.89854158	     -3.43259428	     24.04053520	     36.78982141	     58.80806663
     12.90000000	    -28.73279215	     -0.49526853	      1.25497730	      0.74484934	      0.53477857	     -0.06423341	    106.09887207	    -11.55901643	     -3.23859591	    102.77308314	     26.39658840	    -25.92776977	      0.00000000	    105.07852127	    -12.50419677	      1.20827882	    103.50116375	     29.46758384	    -19.49147401	      0.00000000	    -24.96461220	     -2.39641368	      2.57302994	    140.77830836	     -9.81228753	     43.95542145	     20.98744780	     68.40421447	    130.78665323	     -2.96002511	     24.21039063	     35.15747164	     58.40976319
     12.91666670	    -28.62130400	     -0.59625066	      1.28375346	      0.74380360	      0.52806014	     -0.06265802	    106.92669913	    -11.57417980	     -3.25627449	    103.93267707	     26.36683427	    -26.06347975	      0.00000000	    106.16053412	    -12.54878612	      1.66403751	    104.62556893	     29.05025794	    -19.44521439	      0.00000000	    -25.55275746	     -2.47575364	      2.27579923	    140.95144194	     -9.76738019	     44.00954370	     21.05170823	     68.32757753	    131.19445601	     -2.85997903	     24.19557839	     35.13836778	     58.32843567
     12.93333330	    -28.17882745	     -0.59228201	      1.31232876	      0.74425615	      0.52228676	     -0.06344794	    107.36927069	    -11.63589033	     -3.06658077	    104.91818618	     26.33091351	    -26.08360955	      0.00000000	    106.81244735	    -12.63081802	      1.85996360	    105.76989637	     28.97267209	    -19.43597188	      0.00000000	    -26.15594656	     -2.49325906	      2.24850766	    140.78530483	     -9.81339703	     44.04058828	     21.06036553	     68.31437109	    130.98271547	     -2.91578933	     24.21129547	     35.08170310	     58.31082719
     12.95000000	    -27.94535641	     -0.72600163	      1.40243031	      0.73620546	      0.51721983	     -0.06189336	    107.95632446	    -11.69121496	     -3.06194747	    105.35010922	     26.05028275	    -25.87780123	      0.00000000	    107.72062195	    -12.51914999	      2.21693846	    106.43810144	     28.51130655	    -18.99579004	      0.00000000	    -26.74976627	     -2.41343714	      1.95700120	    140.81833903	     -9.64520085	     44.15674812	     21.25416692	     68.25857069	    131.30086196	     -3.04919748	     24.17940204	     34.91500431	     58.22274855
     12.96666670	    -27.50097124	     -0.90398516	      1.51441613	      0.74473515	      0.51491580	     -0.06252420	    107.97564188	    -11.85966602	     -3.13570331	    106.29666521	     26.09156203	    -26.10362948	      0.00000000	    108.01346514	    -12.61727446	      2.55807790	    107.29014942	     28.21950053	    -18.76574002	      0.00000000	    -27.13985295	     -2.12043226	      1.58181476	    140.20197205	     -9.50385040	     44.41827867	     21.55058438	     68.20038849	    130.82039894	     -3.38480525	     24.26719892	     34.52706013	     58.10306770
     12.98333330	    -27.32008532	     -0.98425558	      1.62255426	      0.74548588	      0.51010509	     -0.06345157	    108.17859089	    -11.96526481	     -3.06227755	    106.98339045	     25.88924148	    -26.42379652	      0.00000000	    108.40860855	    -12.63548039	      2.71592849	    108.04020145	     28.56287326	    -18.38254101	      0.00000000	    -27.10226427	     -1.90859083	      0.95878348	    139.26612897	     -9.28564831	     44.90996070	     22.39056453	     67.98906809	    130.29237858	     -4.01044455	     24.61169843	     34.47604030	     57.78196398
     13.00000000	    -26.95288397	     -1.02864720	      1.63572656	      0.73523069	      0.50573586	     -0.06313308	    108.44823743	    -11.85048774	     -2.94540344	    107.35755347	     25.85417194	    -26.40234669	      0.00000000	    108.78421165	    -12.54174415	      2.81596578	    108.54469751	     28.47497622	    -18.38628747	      0.00000000	    -27.51816509	     -1.88234657	      0.84098986	    139.17138491	     -9.30506580	     44.93481766	     22.39665869	     67.97888033	    130.17645225	     -4.04294123	     24.63991660	     34.41766688	     57.76467344
     13.01666670	    -26.71373178	     -1.31838534	      1.98122267	      0.73264778	      0.50326955	     -0.06371783	    108.69360450	    -12.10288474	     -2.98866813	    107.73011814	     25.83092682	    -26.45256972	      0.00000000	    109.31835954	    -11.94570946	      3.21925396	    108.77384461	     27.73464410	    -18.78262660	      0.00000000	    -28.23918636	     -1.25937542	     -0.18106710	    139.56547872	     -8.75591489	     45.34981119	     22.83810206	     67.78687967	    131.57673025	     -4.64280611	     25.13157032	     33.10335698	     57.43576887
     13.03333330	    -26.44734094	     -1.36112861	      2.35568236	      0.73223574	      0.50181154	     -0.06445584	    108.84353395	    -12.22258218	     -2.69414258	    107.91032932	     25.72792444	    -26.71361741	      0.00000000	    109.69601865	    -11.52518476	      3.30699900	    108.95129615	     27.18443522	    -18.73268278	      0.00000000	    -28.97001977	     -1.25192958	     -0.58104522	    140.56705940	     -9.29206280	     47.98872727	     22.52701705	     65.99757323	    134.00139455	     -4.50666997	     30.45524929	     29.83829291	     54.71818886
     13.05000000	    -26.61976286	     -1.51757950	      2.70931186	      0.73381152	      0.50230491	     -0.06605866	    108.99332475	    -12.40519307	     -2.45250358	    107.84405119	     25.42006200	    -27.02017518	      0.00000000	    110.11668899	    -11.01159298	      3.35195719	    108.92277259	     26.47602677	    -19.30969228	      0.00000000	    -28.98290960	     -0.72877377	     -1.02311245	    140.83713043	     -9.03487534	     48.08969566	     22.58090872	     65.74853485	    134.41490669	     -4.92242606	     30.28512430	     29.35413934	     54.20633102
     13.06666670	    -26.85966187	     -1.63164966	      3.19578075	      0.73651824	      0.50361821	     -0.06664925	    109.02074232	    -12.70366068	     -2.21272388	    107.75355003	     25.34221000	    -27.22949092	      0.00000000	    110.09198750	    -10.53017545	      3.23782989	    108.59623637	     26.38847386	    -19.12224936	      0.00000000	    -28.72477863	     -0.22034504	     -1.10057142	    140.99822988	     -9.01620771	     48.13899015	     22.61678304	     65.66713147	    134.33260017	     -5.17705567	     30.26351705	     29.02486947	     54.01195883
     13.08333330	    -27.09536838	     -1.77396785	      3.63568042	      0.73693414	      0.50558501	     -0.06816015	    108.91961140	    -12.97183510	     -2.01535389	    107.52506733	     25.24173276	    -27.38729870	      0.00000000	    109.91085630	    -10.06175610	      3.05619526	    108.14154311	     26.40119601	    -19.09023461	      0.00000000	    -28.39095094	      0.27213794	     -1.21103242	    140.98946745	     -9.15139170	     48.23348417	     22.61145037	     65.60860848	    134.10740200	     -5.39587682	     30.23112131	     28.74288014	     53.82290714
     13.10000000	    -27.38415412	     -1.89360300	      4.02181169	      0.73836352	      0.50923766	     -0.06971358	    108.55905772	    -13.36241078	     -1.91865090	    107.19442156	     25.13459439	    -27.58709767	      0.00000000	    109.52731759	     -9.71632811	      2.74898617	    107.47913307	     26.46339339	    -19.18196021	      0.00000000	    -27.86221856	      0.75341981	     -1.40312079	    140.69901740	     -9.43746179	     48.39981779	     22.66645925	     65.58563739	    133.59854515	     -5.61571168	     30.21902507	     28.52699787	     53.66379809
     13.11666670	    -28.12744055	     -1.94357397	      4.26563570	      0.74240278	      0.51210629	     -0.07072392	    108.55900112	    -13.64732307	     -1.80603367	    106.79851320	     24.83445118	    -27.89881940	      0.00000000	    109.38338416	     -9.48650086	      2.43107380	    106.68910183	     26.72882765	    -19.09275798	      0.00000000	    -26.35023288	      0.97772251	     -1.72233487	    139.63256486	     -9.93916878	     49.15544331	     23.47861966	     65.53861705	    132.34214326	     -5.93163817	     29.92565614	     29.17943766	     53.02891059
     13.13333330	    -28.27241245	     -2.02029302	      4.70157220	      0.74126368	      0.51709925	     -0.07147165	    108.00521920	    -14.12588540	     -1.79779515	    106.25381037	     24.69457575	    -27.92138497	      0.00000000	    108.78113392	     -9.11383507	      2.03537650	    105.89472829	     27.02899779	    -19.14865091	      0.00000000	    -25.94803250	      1.32397030	     -1.72899450	    139.81849394	    -10.29930296	     49.17362327	     23.39689436	     65.50643860	    131.90216973	     -5.94115323	     29.86769178	     29.17836403	     52.91614361
     13.15000000	    -28.83186995	     -2.10910714	      5.08923794	      0.74437855	      0.52295396	     -0.07217604	    107.68630688	    -14.48867153	     -1.83040768	    105.54345306	     24.74425205	    -27.87586435	      0.00000000	    108.26111562	     -8.78632505	      1.64845474	    104.77887795	     27.42892452	    -18.79331449	      0.00000000	    -24.88943721	      1.60519523	     -2.14595897	    139.33100297	    -10.65430110	     50.07528326	     23.80289248	     65.45232879	    130.91002689	     -6.28012377	     28.78144111	     30.19715006	     52.07807432
     13.16666670	    -29.07006348	     -2.22445652	      5.60158828	      0.74874031	      0.53189511	     -0.07332846	    106.80686596	    -14.94911952	     -1.99213023	    104.77967257	     24.58532923	    -27.93939490	      0.00000000	    107.27565414	     -8.46181137	      1.24875652	    103.63485618	     27.46482030	    -18.79754001	      0.00000000	    -24.25986683	      2.06189722	     -2.16994756	    139.20302968	    -10.98921510	     50.12683278	     23.76065778	     65.42970315	    130.37635026	     -6.43231728	     28.66265925	     30.17389489	     51.98060517
     13.18333330	    -29.60048289	     -2.28259354	      5.92042303	      0.75370974	      0.54273474	     -0.07588697	    105.88295566	    -15.29958746	     -2.18422246	    103.49784764	     24.12657808	    -28.33517396	      0.00000000	    106.15915460	     -8.14937182	      0.72571162	    102.15750077	     27.27544610	    -19.33388066	      0.00000000	    -23.01845410	      2.43599729	     -1.96799837	    138.30378709	    -11.66097744	     50.38538204	     25.10809940	     65.19233070	    128.30510597	     -6.61372175	     25.76429266	     32.66553069	     50.86103014
     13.20000000	    -30.08235516	     -2.20746731	      6.27144747	      0.76118775	      0.55410933	     -0.07581632	    104.53692674	    -15.62872938	     -2.34602171	    102.01605577	     24.08619592	    -28.24833234	      0.00000000	    104.63573481	     -7.93341224	      0.07743440	    100.37549428	     27.30457432	    -19.37220283	      0.00000000	    -21.98491233	      2.50904097	     -2.00874697	    137.81193150	    -11.95832150	     50.46392369	     24.99240516	     65.19321986	    127.55206844	     -6.55954744	     25.63580387	     32.74902371	     50.82398651
     13.21666670	    -30.88239511	     -2.17492239	      6.58243365	      0.76578577	      0.56733537	     -0.07760512	    103.33022257	    -15.94185986	     -2.64856464	    100.14637376	     24.33482412	    -27.62440986	      0.00000000	    103.27623988	     -7.56553040	     -0.54590458	     98.37180260	     27.07442318	    -19.78269330	      0.00000000	    -20.48415286	      2.54123169	     -2.34005524	    136.53532130	    -12.83394114	     49.59199992	     26.55996998	     65.20772170	    125.43409255	     -6.63695211	     22.16828349	     35.44052256	     50.71002447
     13.23333330	    -31.20400250	     -1.99633140	      6.71622389	      0.77207098	      0.57773453	     -0.07766071	    101.77413340	    -16.09524942	     -2.90335441	     98.40099770	     24.29892882	    -27.44427838	      0.00000000	    101.56239279	     -7.33044888	     -1.07686208	     96.40804103	     27.19639526	    -19.99914320	      0.00000000	    -19.43092918	      2.48444762	     -2.37517658	    135.69114252	    -13.11750814	     49.71641066	     26.70506781	     65.25482687	    124.48752300	     -6.79999997	     22.13640525	     35.66044007	     50.75886028
     13.25000000	    -31.91550807	     -1.80347797	      6.82338868	      0.77233917	      0.58619812	     -0.07587452	    100.89727137	    -16.11000915	     -3.06635318	     96.66433499	     24.54530978	    -27.24187287	      0.00000000	    100.48272568	     -7.04311934	     -1.48517356	     94.47112102	     26.81042118	    -20.83700292	      0.00000000	    -17.94268052	      2.06969514	     -2.93358173	    134.49306836	    -13.99052646	     49.36240625	     28.83804728	     65.41994220	    123.00908927	     -7.39364848	     20.99186254	     38.53617305	     51.04347960
     13.26666670	    -32.00834129	     -1.72535234	      6.78367552	      0.77775283	      0.59891845	     -0.07790716	     99.28206610	    -15.93798575	     -3.35097700	     94.90372086	     24.30168808	    -27.01877778	      0.00000000	     98.77990805	     -6.89807113	     -1.72705577	     92.67848806	     26.61188803	    -20.86310722	      0.00000000	    -16.96763285	      2.07907743	     -2.76614371	    133.64077184	    -14.11519590	     49.35607460	     28.96201924	     65.46104295	    121.98707588	     -7.31176480	     20.92093828	     38.50829000	     51.09606461
     13.28333330	    -32.26967102	     -1.56160333	      6.56285655	      0.77981316	      0.60928555	     -0.07688543	     97.93706681	    -15.59338511	     -3.59639922	     93.12060069	     24.01990462	    -26.90904574	      0.00000000	     97.23343240	     -6.87365369	     -1.94477775	     90.87116667	     26.54502287	    -21.06495449	      0.00000000	    -15.91655871	      1.79340891	     -2.76246095	    133.01382916	    -14.23369530	     49.34324565	     29.00944124	     65.51740265	    121.63120357	     -7.27143387	     20.80973252	     38.64731059	     51.16721806
     13.30000000	    -32.65950696	     -1.34235050	      6.48142211	      0.78547506	      0.62568663	     -0.07696835	     96.41240019	    -15.26572919	     -3.74171690	     90.74869917	     23.15259229	    -27.37239816	      0.00000000	     95.39320290	     -6.67163122	     -2.36600084	     88.39243246	     25.93844923	    -21.60535842	      0.00000000	    -14.67499954	      1.41619876	     -2.87877827	    130.95065510	    -14.85311367	     47.19078153	     30.99654067	     66.06676530	    120.16324378	     -7.24579877	     19.68829822	     39.88872447	     52.17387464
     13.31666670	    -32.77842446	     -1.03302792	      6.19577881	      0.78861274	      0.63449124	     -0.07858951	     94.84448448	    -15.01785856	     -3.87455192	     88.80199115	     22.87832980	    -27.03644014	      0.00000000	     93.66209767	     -6.59526428	     -2.75351794	     86.36683499	     25.77837057	    -21.58351026	      0.00000000	    -13.68525107	      1.09628919	     -2.78588001	    130.15336283	    -14.77316432	     47.30932839	     30.94646147	     66.14799112	    119.53342668	     -7.28938735	     19.85284053	     39.69538646	     52.26709786
     13.33333330	    -32.84848109	     -0.62923810	      5.99821255	      0.79136996	      0.64662571	     -0.07907947	     93.34351082	    -14.75895126	     -3.75440922	     86.80905908	     22.37966732	    -27.01199030	      0.00000000	     91.79915656	     -6.43848200	     -3.31494429	     84.05207051	     24.87063999	    -22.58054421	      0.00000000	    -12.75770903	      0.58377949	     -3.27601648	    128.82931910	    -14.58553554	     45.90874792	     31.15813980	     66.94423417	    119.53278476	     -7.99053149	     22.00128587	     39.27562989	     53.60527604
     13.35000000	    -32.87030252	     -0.39104271	      5.76665845	      0.79597276	      0.65822285	     -0.07889478	     91.65152355	    -14.49505821	     -3.88436645	     84.67888479	     22.04792693	    -26.71183795	      0.00000000	     89.97552780	     -6.39582451	     -3.68795754	     81.94102081	     24.52833190	    -22.41341400	      0.00000000	    -11.67319830	      0.28920020	     -3.21227672	    127.93785061	    -14.72183494	     46.05726637	     30.98024828	     67.02860705	    118.84268307	     -7.96756369	     22.17832150	     39.14049189	     53.66563732
     13.36666670	    -32.77154210	      0.05113859	      5.42500605	      0.79646516	      0.67249489	     -0.07902003	     89.92082529	    -14.06711486	     -3.76356068	     82.27518803	     21.31195048	    -26.64319769	      0.00000000	     87.75112156	     -6.32634942	     -4.26182293	     79.28847015	     23.69148364	    -22.92133247	      0.00000000	    -10.77700438	     -0.43855480	     -3.12108832	    126.79745547	    -15.28886636	     45.76717602	     31.29668152	     67.35458008	    117.80493441	     -7.97414395	     23.03807817	     39.65280508	     54.09086305
     13.38333330	    -32.52367946	      0.22880788	      5.12076055	      0.80290187	      0.68436531	     -0.07947546	     87.89117266	    -13.78667971	     -4.06378887	     79.91477439	     20.77251683	    -26.41908203	      0.00000000	     85.53818030	     -6.34478679	     -4.62309882	     76.86941343	     22.95378458	    -22.81120731	      0.00000000	     -9.67223908	     -0.65165087	     -2.88203328	    125.35738823	    -15.48275426	     46.00358454	     31.04717889	     67.44454030	    116.31180166	     -8.06166447	     23.44741590	     39.38027685	     54.17470631
     13.40000000	    -32.39697979	      0.50010378	      4.91648743	      0.80641435	      0.69836170	     -0.07794635	     85.87641661	    -13.38379840	     -4.11392489	     77.42950052	     19.46861406	    -27.38208056	      0.00000000	     83.34109766	     -6.16866578	     -4.98102666	     74.12765314	     21.73770492	    -23.54454775	      0.00000000	     -8.27217729	     -1.19906513	     -2.56616882	    122.70507832	    -16.49101815	     45.31230425	     32.25953640	     67.70941986	    113.88594191	     -8.18857117	     24.50288996	     40.50461664	     54.66397949
     13.41666670	    -31.85330596	      0.58983503	      4.86182002	      0.80698480	      0.71204757	     -0.07818017	     83.60698334	    -13.15272859	     -4.41614896	     75.02321552	     18.92594092	    -27.27483602	      0.00000000	     80.94736391	     -5.93249678	     -5.17353064	     71.51884170	     20.99711853	    -23.21258474	      0.00000000	     -7.45634277	     -1.27603794	     -2.35927026	    120.96123554	    -16.70858882	     45.46089450	     32.04248137	     67.77653482	    112.32016793	     -8.25207574	     24.89099234	     40.21331893	     54.74031674
     13.43333330	    -30.98628414	      0.73135860	      4.79074007	      0.80781902	      0.72403914	     -0.07711637	     81.04951703	    -12.77350431	     -4.60991578	     72.61927592	     17.70978755	    -28.26992635	      0.00000000	     78.38106085	     -5.69017116	     -5.25435276	     69.03620121	     19.42302969	    -24.22944860	      0.00000000	     -7.26893456	     -1.47720277	     -2.25211916	    119.46551911	    -16.98879280	     44.63344391	     32.31644611	     67.89048536	    110.98520784	     -8.60961608	     25.78746471	     40.80310796	     55.07077148
     13.45000000	    -30.64164403	      0.84507397	      4.88414062	      0.81019181	      0.73631629	     -0.07929134	     78.98702294	    -12.69923931	     -4.86876116	     70.03985139	     17.04230711	    -28.03102207	      0.00000000	     76.35066820	     -5.26327077	     -5.48400474	     66.49584332	     18.73443917	    -23.86641720	      0.00000000	     -6.34696411	     -1.47087347	     -2.16168938	    117.99075037	    -17.06794002	     44.77817676	     32.20807350	     67.93668654	    109.39571098	     -8.62954888	     26.18993740	     40.63338770	     55.12954676
     13.46666670	    -30.16438279	      0.90516345	      4.98625221	      0.81204306	      0.74697682	     -0.07769444	     76.83726005	    -12.53041255	     -5.05997678	     67.57458888	     16.36989254	    -27.97220301	      0.00000000	     74.25221866	     -4.94323588	     -5.58279046	     63.94509705	     17.80810249	    -23.62958167	      0.00000000	     -5.60260737	     -1.55687542	     -2.07369546	    116.61282507	    -17.24341458	     44.90164841	     32.09685888	     67.96983432	    107.81929206	     -8.62993812	     26.59175860	     40.70109360	     55.19259239
     13.48333330	    -29.34272201	      0.92156236	      5.21304647	      0.81767619	      0.75935767	     -0.07742114	     74.23174304	    -12.40952342	     -5.33135499	     65.17533549	     14.37231306	    -29.71359201	      0.00000000	     71.73892179	     -4.41984414	     -5.36067249	     61.33164799	     16.09097944	    -24.72262518	      0.00000000	     -5.26612059	     -1.51999318	     -2.20297952	    114.59045487	    -17.71097642	     44.03532807	     33.94937145	     67.99501344	    105.45017072	     -9.40695809	     27.01260705	     43.07559160	     55.46622851
     13.50000000	    -28.92220859	      1.02428328	      5.31807885	      0.81792044	      0.76766489	     -0.08006326	     72.29082699	    -12.40024722	     -5.46954760	     62.92255611	     13.88556536	    -29.41854466	      0.00000000	     69.71364914	     -3.97735004	     -5.45272646	     58.92060862	     15.59179298	    -24.24404804	      0.00000000	     -4.21461926	     -1.51510273	     -1.69287062	    113.21879245	    -18.03319774	     44.16150334	     33.71253406	     68.01794216	    103.36552658	     -9.20740678	     27.42387864	     43.02327719	     55.51287486
     13.51666670	    -28.37319545	      1.03365316	      5.43983942	      0.82242527	      0.77916994	     -0.07932159	     70.02764062	    -12.26147110	     -5.69527580	     60.49680221	     13.38099045	    -29.21579832	      0.00000000	     67.49578364	     -3.65789881	     -5.44004976	     56.40992229	     14.76409715	    -23.78989721	      0.00000000	     -3.21326322	     -1.53707523	     -1.28035898	    111.42962206	    -18.60551656	     44.35604737	     33.43452832	     68.04187558	    101.05397492	     -9.00117321	     27.84732212	     43.13696145	     55.55670883
     13.53333330	    -27.65982360	      0.94521793	      5.55033296	      0.82716627	      0.79074990	     -0.07936341	     67.45826470	    -12.04453124	     -6.08054502	     58.01338713	     11.71431436	    -30.39549891	      0.00000000	     64.95970026	     -3.31018408	     -5.17943357	     53.70920484	     13.35397485	    -24.30035062	      0.00000000	     -2.54569162	     -1.54980361	     -1.08250227	    108.97567689	    -19.64376279	     43.50294413	     35.26495238	     68.00728418	     98.04680476	     -8.96975482	     26.98147258	     45.86796996	     55.60838899
     13.55000000	    -27.01299926	      1.02717370	      5.58237060	      0.83111794	      0.80225691	     -0.07910092	     64.95536851	    -11.88304713	     -6.45929758	     55.52405898	     10.94895635	    -29.94898515	      0.00000000	     62.43739182	     -3.06076066	     -5.23015849	     50.84595631	     12.54235185	    -23.69305090	      0.00000000	     -1.35809175	     -1.66366324	     -0.88103642	    106.44505639	    -19.73468863	     43.89328327	     34.94003218	     68.04400823	     95.24439954	     -8.91788707	     27.34566503	     45.51519128	     55.62353146
     13.56666670	    -26.01478361	      0.92357780	      5.55962470	      0.83311059	      0.81322361	     -0.07836456	     62.00223581	    -11.40878935	     -6.87529922	     52.68535685	      9.25672435	    -30.99656928	      0.00000000	     59.72952229	     -2.96427078	     -5.00804497	     48.07611556	     11.17720442	    -24.15296780	      0.00000000	     -0.96409660	     -1.62874519	     -0.96364809	    103.50597534	    -19.50416370	     41.51129892	     35.69681367	     67.78946131	     92.20732065	     -8.79236204	     25.40429332	     47.03034769	     55.59245211
     13.58333330	    -25.44996051	      0.90946052	      5.51545652	      0.83387541	      0.82341116	     -0.07709505	     59.76927348	    -10.97960303	     -7.03532949	     50.13756449	      8.68281217	    -30.60585797	      0.00000000	     57.49069870	     -2.77022321	     -4.77672818	     45.23676305	     10.44976709	    -23.53020398	      0.00000000	     -0.08624180	     -1.65475296	     -0.71781209	    101.14095001	    -19.53563432	     41.84871007	     35.33521875	     67.82049056	     89.81849613	     -8.75027858	     25.88474915	     46.67867674	     55.62653146
     13.60000000	    -24.04311956	      0.76061950	      5.44220114	      0.83772465	      0.83472867	     -0.07755147	     56.46838457	    -10.41836299	     -7.53301590	     47.21326739	      7.41708538	    -30.85721524	      0.00000000	     54.37694999	     -2.80210579	     -4.50633930	     42.41126249	      9.30890396	    -23.11746851	      0.00000000	     -0.41470432	     -1.44672785	     -0.86978862	     98.81983284	    -19.17148887	     41.23979805	     35.32999609	     67.70619703	     87.82648189	     -9.05854469	     26.08739225	     46.64431646	     55.66212129
     13.61666670	    -23.12872229	      0.75761728	      5.33733211	      0.84312721	      0.84103012	     -0.07752774	     53.76300696	    -10.02153489	     -7.92728635	     44.62971756	      6.21660845	    -31.21050616	      0.00000000	     51.76253065	     -2.77535355	     -4.46235182	     39.81568608	      8.23725487	    -23.03846917	      0.00000000	      0.04277745	     -1.42285287	     -0.69849066	     96.43224394	    -19.03594600	     40.60435369	     34.99003688	     67.55919598	     85.65386319	     -9.16115046	     26.59733226	     46.47556976	     55.69465847
     13.63333330	    -22.21310888	      0.88213819	      5.04144054	      0.84115633	      0.84847628	     -0.07723854	     51.54822058	     -9.58987748	     -7.94657651	     42.41908791	      5.09396356	    -31.69243432	      0.00000000	     49.37637170	     -2.74609837	     -4.66100624	     37.32846223	      7.34372467	    -23.30599797	      0.00000000	      0.24061060	     -1.48478841	     -0.09372021	     94.52442957	    -18.99497809	     39.92368550	     34.75633463	     67.37818174	     83.62541581	     -9.09348844	     27.19713210	     46.43636712	     55.70992302
     13.65000000	    -21.43524655	      0.78213831	      5.02773880	      0.84202892	      0.85729779	     -0.07808971	     49.24566356	     -9.25360778	     -8.27565606	     39.91323217	      4.03950286	    -31.49860170	      0.00000000	     47.04744063	     -2.70088456	     -4.71603764	     34.60539117	      6.11588246	    -23.17073281	      0.00000000	      0.58900490	     -1.35503702	      0.29443850	     92.38293963	    -19.16170699	     39.71871711	     34.61954748	     67.27080699	     81.50886948	     -8.92293871	     27.72062540	     46.42164899	     55.70603309
     13.66666670	    -20.61370372	      0.80321612	      5.06945624	      0.84498758	      0.86299171	     -0.07825880	     46.96328016	     -9.05959012	     -8.62459905	     37.43925801	      3.01529220	    -31.78288331	      0.00000000	     44.96311439	     -2.51986071	     -4.76685809	     32.37253290	      4.92964062	    -23.65521177	      0.00000000	      0.78228917	     -1.33046693	      0.88873498	     90.07288245	    -19.78883523	     38.74565340	     35.67408919	     66.93613575	     79.04382773	     -8.51023657	     27.64625807	     47.26307688	     55.58672223
     13.68333330	    -19.92403877	      0.75592730	      5.06604319	      0.84614512	      0.87229264	     -0.07924704	     44.58850891	     -8.76989856	     -9.08203385	     34.56610195	      2.21162617	    -31.17175124	      0.00000000	     42.79988379	     -2.42689604	     -5.01489896	     29.75223581	      3.50300746	    -23.66658110	      0.00000000	      0.93774510	     -1.21038620	      1.29636466	     88.13673594	    -20.11164587	     38.54249854	     35.71343467	     66.81257606	     76.94290423	     -8.00830108	     27.78390193	     47.32596359	     55.53121180
     13.70000000	    -19.05152901	      0.82365682	      5.00164684	      0.85070524	      0.88014333	     -0.07868105	     41.80528023	     -8.50912010	     -9.72176205	     31.34763640	      1.45365708	    -30.26561734	      0.00000000	     40.24762741	     -2.35644482	     -5.44157617	     26.93037801	      1.96725415	    -23.46565067	      0.00000000	      1.01757793	     -1.29960856	      1.37708951	     85.69366292	    -20.20043163	     38.34996642	     36.11520967	     66.68025207	     74.72402053	     -7.85471565	     27.69447033	     47.30532220	     55.45541449
     13.71666670	    -18.60627856	      0.83017389	      4.75501888	      0.85252348	      0.88313392	     -0.07899305	     39.79784146	     -8.15042060	    -10.22574542	     28.70916763	      0.73878257	    -29.52575875	      0.00000000	     38.25861064	     -2.41380358	     -5.94408995	     24.46367276	      1.10685816	    -22.85116540	      0.00000000	      1.74778210	     -1.36084925	      1.73714303	     83.41182490	    -19.98853477	     38.62314560	     35.85414047	     66.65264861	     72.54469678	     -7.48486217	     27.93263449	     47.09822048	     55.43498086
     13.73333330	    -17.73702975	      0.86611968	      4.41347526	      0.85200920	      0.88525954	     -0.08038467	     37.57511328	     -7.86948957	    -10.94888767	     26.25564526	      0.17629850	    -28.84097844	      0.00000000	     36.06515209	     -2.44616847	     -6.50376834	     22.29006066	      0.48859665	    -22.45482486	      0.00000000	      1.43018980	     -1.26509218	      2.33332456	     82.05737898	    -19.95196632	     38.44620472	     35.50469701	     66.48778408	     70.66529260	     -6.73548223	     27.52185553	     46.96195535	     55.31803942
     13.75000000	    -17.00088326	      0.76659847	      4.22004715	      0.85680697	      0.89271084	     -0.07981859	     35.25445834	     -7.42281100	    -11.50290368	     23.64423816	     -0.12456679	    -27.78813550	      0.00000000	     34.02137392	     -2.57258501	     -6.84090051	     20.26753049	      0.21992554	    -21.77830871	      0.00000000	      1.44345190	     -1.10794569	      2.88739131	     79.91900906	    -20.20136196	     38.18733796	     35.45583039	     66.24886216	     68.27040584	     -5.90549740	     26.89106465	     47.07038598	     55.21677100
     13.76666670	    -16.24462419	      0.68036729	      4.14772946	      0.86133018	      0.89884091	     -0.08052666	     32.71093073	     -7.06165312	    -12.47175229	     20.80350831	     -0.31782396	    -26.42179983	      0.00000000	     31.89080601	     -2.63115947	     -7.30315208	     18.20242357	      0.13467978	    -20.59177248	      0.00000000	      1.40607314	     -0.93309585	      3.31627192	     77.36124006	    -20.24253694	     37.47498753	     35.84013958	     65.90043497	     65.63718633	     -5.26725707	     26.23691270	     47.41367814	     55.19276178
     13.78333330	    -15.45805712	      0.53837136	      4.14584488	      0.86524560	      0.89993059	     -0.08195416	     30.22237805	     -6.68793674	    -13.47346619	     18.21635687	     -0.27299046	    -24.91438856	      0.00000000	     29.86516109	     -2.70602465	     -7.74907806	     16.42868148	      0.22822696	    -19.57594828	      0.00000000	      1.49806628	     -0.69439342	      3.62343570	     74.71701614	    -20.38028820	     36.63646017	     36.20078844	     65.57737773	     62.91450029	     -4.73888916	     25.94611504	     47.69789370	     55.26666694
     13.80000000	    -14.69461053	      0.58011510	      3.89773365	      0.86982264	      0.90394846	     -0.08207584	     27.82631977	     -6.37995819	    -14.47315664	     15.78039600	     -0.13743245	    -23.07337237	      0.00000000	     27.76867616	     -2.70125428	     -8.46045528	     14.63333620	      0.19296910	    -18.35569225	      0.00000000	      1.40308736	     -0.63258854	      3.82353017	     71.89306217	    -20.01590555	     35.44666006	     36.69565482	     65.26826680	     60.58867480	     -4.49498231	     25.60859596	     47.74546879	     55.40695816
     13.81666670	    -13.93385479	      0.55568543	      3.78783374	      0.87312390	      0.90501170	     -0.08253598	     25.40103512	     -6.04796964	    -15.60537171	     13.27703080	      0.18817504	    -21.02967097	      0.00000000	     25.84826348	     -2.72335145	     -9.21016619	     13.06489965	      0.06347638	    -17.44750591	      0.00000000	      1.35698139	     -0.49385434	      3.95084633	     68.83070152	    -19.74769024	     34.10344635	     37.38381288	     65.04895736	     58.15309029	     -4.45399140	     25.47018420	     47.95271271	     55.65311595
     13.83333330	    -13.42348649	      0.59572958	      3.62905784	      0.87826694	      0.90673953	     -0.08201279	     23.26974074	     -5.73977198	    -16.64914806	     10.92120366	      0.79686845	    -18.51025176	      0.00000000	     24.12927436	     -2.71531134	    -10.18504671	     11.44852598	      0.07204909	    -16.17176154	      0.00000000	      1.61256170	     -0.56865984	      3.98233693	     65.49972447	    -19.33427234	     32.08194381	     38.33290760	     65.01823592	     55.85721536	     -4.44145448	     25.36349939	     47.86845051	     56.18835637
     13.85000000	    -12.48580503	      0.68637712	      3.46559833	      0.88575956	      0.90995071	     -0.08254438	     20.66535748	     -5.42296542	    -17.41959405	      8.67024833	      0.98524026	    -16.84099273	      0.00000000	     21.84952314	     -2.63394829	    -10.98956964	      9.79081481	      0.06926191	    -14.90457261	      0.00000000	      1.39470639	     -0.61839941	      3.75673278	     62.50163573	    -18.70129967	     31.42864113	     38.65622405	     65.13881018	     53.45984568	     -4.82143405	     25.56738338	     47.76345526	     56.51368903
     13.86666670	    -11.67771796	      0.71369229	      3.36192564	      0.88783613	      0.91616795	     -0.08240963	     18.34207012	     -5.04865527	    -18.36714993	      6.40575387	      1.13147439	    -14.58107119	      0.00000000	     19.80783382	     -2.58859511	    -11.92850534	      8.19480462	      0.33058203	    -13.15707759	      0.00000000	      1.13733260	     -0.67870506	      3.47671432	     59.46060105	    -18.00781988	     30.34597109	     38.86822772	     65.28366018	     50.96835460	     -5.07664983	     25.52562840	     47.74869120	     56.89514914
     13.88333330	    -10.59094650	      0.83001465	      3.06425400	      0.89398810	      0.92162770	     -0.08179312	     15.79007391	     -4.67098844	    -19.26799095	      4.30981486	      0.82755282	    -12.63418227	      0.00000000	     17.39721925	     -2.51110495	    -12.95539389	      6.58751356	      0.30290085	    -11.40551589	      0.00000000	      0.64147444	     -0.80358031	      3.35863441	     56.28923977	    -16.88537351	     29.26015034	     38.65546145	     65.47374357	     48.33641127	     -5.29383349	     25.40477174	     47.53077438	     57.29909598
     13.90000000	     -9.53688736	      0.97503973	      2.75613384	      0.89754296	      0.93124551	     -0.08272947	     13.46783201	     -4.39103344	    -20.12102808	      2.49085850	      0.48612972	    -10.52325294	      0.00000000	     15.13337681	     -2.32426180	    -14.08018524	      5.13483757	      0.22852321	     -9.65549487	      0.00000000	     -0.04510806	     -0.95297649	      3.33827058	     53.38489607	    -15.78691129	     28.14936126	     37.93006987	     65.68247223	     45.62028193	     -5.23849345	     25.18969779	     46.90951527	     57.73068126
     13.91666670	     -8.46318378	      1.09577018	      2.34360799	      0.89919000	      0.93220630	     -0.08240962	     11.48326028	     -4.12361835	    -20.71703467	      1.03582593	      0.15931121	     -8.88128741	      0.00000000	     12.99096975	     -2.17591483	    -15.20376915	      3.83782684	      0.15127554	     -8.24787581	      0.00000000	     -0.87622547	     -1.03634875	      3.52638639	     50.89095633	    -14.77028658	     27.36447054	     37.10254975	     65.94913041	     43.25168457	     -5.05669587	     25.02458587	     46.31761221	     58.20210894
     13.93333330	     -8.02214529	      1.14702871	      2.02398913	      0.90353138	      0.93200276	     -0.08206784	     10.33863522	     -3.87908324	    -20.94986993	      0.00000000	     -0.35008943	     -8.34997754	      0.00000000	     11.64270517	     -2.06241283	    -15.74836859	      2.69349846	     -0.09492710	     -7.93143226	      0.00000000	     -0.88670070	     -1.19662957	      3.42528401	     48.10459611	    -13.98577141	     27.65881028	     36.59467293	     66.02143246	     40.69902389	     -5.12158175	     25.31626518	     45.57058558	     58.29381325
     13.95000000	     -6.65813637	      1.28767744	      1.63813180	      0.91000373	      0.92938401	     -0.08276869	      8.64967321	     -3.95724565	    -21.91514441	      0.00000000	      0.24895029	     -6.42365219	      0.00000000	      9.20875750	     -1.83806472	    -17.30306383	      1.50113626	      0.31964446	     -5.72434126	      0.00000000	     -1.96519213	     -1.13456817	      3.56510083	     45.70272027	    -12.98967088	     26.62560520	     35.73858623	     66.24096831	     38.34956253	     -4.98007912	     24.90781560	     45.13435249	     58.86596921
     13.96666670	     -6.25631007	      1.20241042	      1.60530546	      0.91083126	      0.92899764	     -0.08344559	      8.00562858	     -3.87474871	    -22.28327488	      0.00000000	      0.23904257	     -6.41983776	      0.00000000	      8.10652684	     -1.75498724	    -17.51112720	      0.55786665	      0.45754636	     -5.58984813	      0.00000000	     -1.90933733	     -0.96559163	      3.45519554	     43.12147193	    -12.44379999	     26.89886956	     35.32140914	     66.29362219	     35.98751280	     -4.91111792	     25.23936999	     44.58886111	     58.94996098
     13.98333330	     -5.45147277	      1.15786685	      1.61887799	      0.91400097	      0.92699057	     -0.08241121	      6.86985000	     -3.81747308	    -23.43410917	      0.00000000	      1.19762700	     -4.54242397	      0.00000000	      6.72991102	     -1.74304263	    -18.63543666	      0.00000000	      1.40360436	     -3.14863812	      0.00000000	     -2.36282131	     -0.86257763	      3.21628929	     40.42803903	    -11.39345593	     25.63160366	     35.20736635	     66.49143504	     33.79932820	     -4.92136469	     25.10368486	     43.81490580	     59.64277816
     14.00000000	     -5.00699681	      1.09366833	      1.77559762	      0.91373997	      0.92424098	     -0.08315359	      6.21340520	     -3.76918128	    -23.53560098	      0.00000000	      1.41266979	     -4.68605075	      0.00000000	      6.10424314	     -1.79257327	    -18.76947068	      0.00000000	      1.64383648	     -3.20558026	      0.00000000	     -2.45760620	     -0.75129944	      3.16582591	     38.15394672	    -10.98275384	     25.89472810	     34.80453152	     66.53026962	     31.69558181	     -4.81522863	     25.44416401	     43.36309007	     59.70220505
     14.01666670	     -4.67944816	      0.99136482	      2.03377656	      0.92085398	      0.92381869	     -0.08413371	      5.55680710	     -3.68618116	    -24.56768013	      0.00000000	      2.65402794	     -3.36118206	      0.00000000	      5.48001364	     -1.92244936	    -19.89275351	      0.00000000	      3.26426877	     -0.41509030	      0.00000000	     -2.20456351	     -0.60073384	      3.08662589	     34.77886945	    -10.42259160	     24.08567889	     35.05648989	     67.02157391	     29.05937520	     -4.83687595	     25.79983164	     42.97311325	     60.93031201
     14.03333330	     -4.20410663	      0.92854794	      2.12922524	      0.92228436	      0.92550117	     -0.08368616	      4.81868111	     -3.61549619	    -24.61531031	      0.00000000	      2.73667439	     -3.45752604	      0.00000000	      4.73436527	     -2.02562952	    -19.86111828	      0.00000000	      3.38924786	     -0.39810826	      0.00000000	     -2.32270569	     -0.57610545	      2.96026919	     32.08805707	     -9.99815857	     24.41154796	     34.53749705	     67.06979370	     26.72979751	     -4.91583517	     26.12288355	     42.38983325	     60.98160608
     14.05000000	     -3.99813223	      0.84591545	      2.49700395	      0.92450164	      0.92624049	     -0.08581735	      4.30298841	     -3.59596863	    -25.68382074	      0.00000000	      3.51271763	     -2.36347113	      0.00000000	      4.31828979	     -2.08258530	    -20.67449877	      0.00000000	      4.51707107	      1.82427228	      0.00000000	     -1.96170031	     -0.37966541	      2.56162004	     28.91828459	     -9.41366222	     23.65585008	     34.46605719	     67.64075792	     24.20942754	     -4.90454814	     26.49256964	     41.31207487	     61.85622984
     14.06666670	     -3.45649703	      0.80656207	      2.67009912	      0.92569724	      0.92411742	     -0.08717378	      3.51195910	     -3.58414178	    -25.69336061	      0.00000000	      3.59712538	     -2.47250474	      0.00000000	      3.59731587	     -2.09355478	    -20.66752860	      0.00000000	      4.57493750	      1.83928397	      0.00000000	     -2.07945779	     -0.28328335	      2.34544621	     26.21254454	     -9.16616192	     23.96984578	     33.88919814	     67.69989113	     21.73111814	     -4.89705862	     26.87526459	     40.68040161	     61.91598859
     14.08333330	     -3.23681162	      0.81606844	      2.95664511	      0.92543165	      0.92512667	     -0.08893549	      3.06496337	     -3.67947991	    -26.61033919	      0.00000000	      4.35368755	     -1.59760502	      0.00000000	      3.29265345	     -1.99881272	    -21.38132894	      0.00000000	      5.39153785	      3.64672720	      0.00000000	     -1.71523613	     -0.18981681	      2.27181625	     23.20859051	     -9.25229530	     23.97160743	     33.51668370	     68.92722484	     19.72274314	     -4.66784872	     28.57279385	     38.83526221	     63.22949558
     14.10000000	     -2.83725674	      0.88089050	      3.27953596	      0.93048169	      0.92652131	     -0.09054588	      2.38418778	     -3.82265265	    -26.99512665	      0.00000000	      4.27528903	     -1.62424540	      0.00000000	      2.77115346	     -1.86272328	    -21.38643575	      0.00000000	      5.44994707	      3.90640692	      0.00000000	     -1.56471746	     -0.10263705	      1.59279601	     20.52662945	     -8.92708300	     24.30492517	     32.84045595	     69.34548839	     17.38919671	     -4.90186901	     29.43072848	     37.60647961	     63.59073440
     14.11666670	     -2.40669137	      0.88050454	      3.38083193	      0.92960715	      0.92633722	     -0.09016216	      1.77337442	     -3.83455084	    -26.96089566	      0.00000000	      4.32245754	     -1.64835726	      0.00000000	      2.23206194	     -1.82799250	    -21.57319188	      0.00000000	      5.44236659	      3.81728573	      0.00000000	     -1.67736639	     -0.02537743	      1.35041837	     18.18950425	     -8.69499480	     24.61503825	     32.23725544	     69.41856585	     15.42684083	     -5.07335835	     29.77424861	     36.94577336	     63.64326828
     14.13333330	     -2.28801958	      0.88659060	      3.54909111	      0.92795120	      0.92464920	     -0.09137964	      1.58181437	     -3.89447922	    -27.62923287	      0.00000000	      4.79955003	     -0.89890540	      0.00000000	      2.10858253	     -1.76039539	    -22.11767111	      0.00000000	      5.76091393	      4.59215037	      0.00000000	     -1.17008908	      0.09799321	      1.08893904	     16.44445286	     -8.30555430	     25.57159481	     30.28148800	     70.64089028	     14.69950861	     -4.98751412	     32.38469302	     33.48868429	     64.58008042
     14.15000000	     -1.90857210	      0.90861272	      3.58804404	      0.92827788	      0.92484020	     -0.09192733	      1.15671309	     -3.94081882	    -27.49012268	      0.00000000	      4.93981199	     -0.96539781	      0.00000000	      1.72169896	     -1.70001874	    -22.17914156	      0.00000000	      5.72804003	      4.52880227	      0.00000000	     -1.38161759	      0.14272305	      0.74157077	     14.58336768	     -8.05906590	     25.81324002	     29.86172120	     70.71719788	     13.21468405	     -5.21544357	     32.68576981	     32.89328092	     64.62966848
     14.16666670	     -1.65710071	      0.92257089	      3.78199900	      0.92991144	      0.92346164	     -0.09245484	      0.81699785	     -3.97160605	    -27.61798640	      0.00000000	      5.10716089	     -1.14786015	      0.00000000	      1.48768552	     -1.63996109	    -22.27710824	      0.00000000	      5.88138525	      4.84736504	      0.00000000	     -1.27762358	      0.25623441	      0.15787294	     13.23042681	     -7.65974969	     26.40990572	     28.67330556	     71.74700972	     12.56669083	     -5.21520597	     35.00581012	     29.88084789	     65.28450750
     14.18333330	     -1.36749496	      0.93609427	      3.77391338	      0.93234513	      0.92512259	     -0.09205599	      0.46518374	     -3.96712264	    -27.40969194	      0.00000000	      5.29831425	     -1.17020179	      0.00000000	      1.12066469	     -1.63344232	    -22.30427425	      0.00000000	      5.86735533	      4.81917076	      0.00000000	     -1.40072576	      0.27113762	     -0.06750136	     11.55150312	     -7.45727715	     26.59205906	     28.29741281	     71.80319375	     11.38953775	     -5.51439719	     35.19551417	     29.45602298	     65.30843394
     14.20000000	     -1.10299429	      0.98548298	      3.80265730	      0.93477762	      0.92714885	     -0.09196157	      0.08010101	     -4.00000092	    -27.27211556	      0.00000000	      5.49766056	     -1.20634666	      0.00000000	      0.72948220	     -1.60925154	    -22.36599938	      0.00000000	      5.82476431	      4.83496124	      0.00000000	     -1.40805408	      0.26567030	     -0.37699517	      9.99421999	     -7.20913704	     26.74836213	     27.93652293	     71.85766691	     10.35954097	     -5.76352514	     35.39110198	     28.98540951	     65.33414519
     14.21666670	     -0.86458992	      1.04300529	      3.86891277	      0.93667061	      0.92880202	     -0.09250463	     -0.31895580	     -4.05205338	    -27.14976524	      0.00000000	      5.68739290	     -1.20679449	      0.00000000	      0.33775065	     -1.57806335	    -22.39195872	      0.00000000	      5.80581968	      4.93208333	      0.00000000	     -1.31643022	      0.25068077	     -0.70757415	      8.56626350	     -6.97812664	     26.86905092	     27.55380253	     71.91093205	      9.54935585	     -5.99254929	     35.56905681	     28.52730479	     65.36005763
     14.23333330	     -0.69753024	      1.08668080	      3.91868254	      0.93436620	      0.92990496	     -0.09309886	     -0.56129988	     -4.12211838	    -27.13480660	      0.00000000	      5.80059418	     -1.19769340	      0.00000000	      0.08788627	     -1.52934738	    -22.38709070	      0.00000000	      5.83387738	      5.07236531	      0.00000000	     -1.29997733	      0.26215646	     -0.90135489	      7.41321261	     -6.86040713	     26.95984543	     27.15188453	     71.95805701	      9.00119798	     -6.23046851	     35.69913556	     28.17321418	     65.38188860
     14.25000000	     -0.56232221	      1.19569417	      4.07708018	      0.93615272	      0.92742590	     -0.09371386	     -0.79368591	     -4.25709675	    -27.34761095	      0.00000000	      6.20177510	     -1.09411167	      0.00000000	     -0.13379941	     -1.39984654	    -22.37988778	      0.00000000	      6.10876392	      5.67864615	      0.00000000	     -1.17535575	      0.11998997	     -0.87893966	      6.33605238	     -6.69804290	     26.99344486	     26.35608126	     72.12061073	      8.68989329	     -6.34508268	     36.08824007	     27.71119151	     65.47295717
     14.26666670	     -0.49810958	      1.21030846	      3.99578703	      0.93384423	      0.92537526	     -0.09287513	     -0.82396806	     -4.29543132	    -27.30327214	      0.00000000	      6.18402738	     -1.06019417	      0.00000000	     -0.21947449	     -1.35849951	    -22.40827640	      0.00000000	      6.11637157	      5.68370756	      0.00000000	     -1.25331721	      0.25251610	     -1.02051501	      5.75285862	     -6.73425672	     27.04007056	     26.16465864	     72.13213526	      8.59278393	     -6.54292981	     36.09150511	     27.64192319	     65.47522594
     14.28333330	     -0.34300326	      1.20333964	      4.04282287	      0.93311061	      0.92632813	     -0.09260763	     -0.99203134	     -4.27459010	    -27.24909196	      0.00000000	      6.18411061	     -1.03315658	      0.00000000	     -0.38173137	     -1.39757309	    -22.43656973	      0.00000000	      6.14933929	      5.69670982	      0.00000000	     -1.19202824	      0.25866817	     -1.05285890	      5.04817571	     -6.82154373	     27.10082571	     25.90437028	     72.14995433	      8.38683480	     -6.85263490	     36.09116098	     27.57383409	     65.47765026
     14.30000000	     -0.18695414	      1.23346903	      4.06386823	      0.93448329	      0.92822176	     -0.09386256	     -1.15554451	     -4.30746673	    -27.24993968	      0.00000000	      6.18473784	     -1.03112438	      0.00000000	     -0.53803402	     -1.36077192	    -22.45370931	      0.00000000	      6.15316855	      5.72218039	      0.00000000	     -1.10438782	      0.27520524	     -1.03248257	      4.46293355	     -6.94158063	     27.15433600	     25.65284042	     72.16642142	      8.22904471	     -7.04007344	     36.09165263	     27.59084692	     65.48102082
     14.31666670	     -0.06359728	      1.27468754	      4.17563945	      0.93326439	      0.92952588	     -0.09458017	     -1.29631057	     -4.36062528	    -27.26820357	      0.00000000	      6.16988812	     -1.01770082	      0.00000000	     -0.62892583	     -1.31074240	    -22.49396349	      0.00000000	      6.15872663	      5.74926959	      0.00000000	     -1.02607618	      0.21588549	     -0.89403807	      4.08494198	     -7.18348366	     27.18131967	     25.39820808	     72.18193202	      8.12881393	     -7.22123914	     36.07701294	     27.67178150	     65.48366117
     14.33333330	      0.15008476	      1.38992822	      4.08491945	      0.93394089	      0.93266684	     -0.09304945	     -1.49321725	     -4.46202345	    -27.43690523	      0.00000000	      6.05813816	     -0.81932833	      0.00000000	     -0.88440341	     -1.22444139	    -22.67580643	      0.00000000	      6.02509301	      6.07100799	      0.00000000	     -1.15357050	     -0.03208520	      0.10625245	      3.50964268	     -7.27938492	     27.38023917	     24.53838368	     72.29324035	      8.28914892	     -7.38290165	     36.02713442	     28.75010180	     65.52283782
     14.35000000	      0.21926650	      1.38418806	      4.08452527	      0.92984323	      0.93450918	     -0.09269927	     -1.48458701	     -4.44334267	    -27.37710648	      0.00000000	      6.03191019	     -0.76532497	      0.00000000	     -0.89811009	     -1.23696213	    -22.71948993	      0.00000000	      6.01100442	      6.08267600	      0.00000000	     -1.14497020	     -0.03883114	      0.04618643	      3.44411970	     -7.52992695	     27.35398224	     24.41408174	     72.29532762	      8.39078438	     -7.61677319	     35.98137055	     28.77819536	     65.52209969
     14.36666670	      0.28770026	      1.39941790	      4.14906460	      0.92829741	      0.93686570	     -0.09249735	     -1.45518032	     -4.44408781	    -27.29640683	      0.00000000	      5.95640209	     -0.68154211	      0.00000000	     -0.87339477	     -1.23329395	    -22.75698012	      0.00000000	      5.92645884	      6.11672855	      0.00000000	     -1.23555681	     -0.03624836	      0.06466217	      3.41892306	     -7.78154857	     27.32343347	     24.26542442	     72.29616413	      8.49172934	     -7.87860953	     35.91696360	     28.81522544	     65.51878931
     14.38333330	      0.36043971	      1.41659709	      4.12248915	      0.92595639	      0.93554571	     -0.09343506	     -1.38265800	     -4.47052901	    -27.21828167	      0.00000000	      5.87686047	     -0.58663467	      0.00000000	     -0.84136580	     -1.19711729	    -22.77178713	      0.00000000	      5.81395877	      6.17009963	      0.00000000	     -1.36338677	     -0.02929789	      0.08393693	      3.51714319	     -8.08893836	     27.26985623	     24.10060762	     72.29344795	      8.75549545	     -8.08180331	     35.82505638	     28.93634107	     65.51407968
     14.40000000	      1.14307657	      1.50114787	      3.95463056	      0.92563057	      0.93735471	     -0.09293797	     -2.08474682	     -4.51277579	    -27.11129457	      0.00000000	      5.79931166	     -0.23615266	      0.00000000	     -1.59168797	     -1.16181799	    -23.19088630	      0.00000000	      5.49130404	      6.40863694	      0.00000000	     -2.65191025	     -0.09035183	      0.53416125	      4.21511962	     -8.04387971	     26.96530855	     22.86461576	     72.30675337	      8.95504474	     -8.40075866	     35.08232103	     30.36540815	     65.50724528
     14.41666670	      1.17960227	      1.51053780	      4.00616535	      0.92598765	      0.93717898	     -0.09227507	     -2.09987993	     -4.51944182	    -27.06128476	      0.00000000	      5.73452688	     -0.17947722	      0.00000000	     -1.59014673	     -1.15158246	    -23.19480307	      0.00000000	      5.41315437	      6.44129055	      0.00000000	     -2.63305405	     -0.09213541	      0.48827183	      4.23981791	     -8.30223397	     26.91342386	     22.78565369	     72.30102458	      9.06986075	     -8.62932137	     34.99542916	     30.35250436	     65.50059761
     14.43333330	      1.23974926	      1.51485451	      3.92484082	      0.92445164	      0.93815217	     -0.09278965	     -2.06424985	     -4.54298379	    -27.00888014	      0.00000000	      5.68761729	     -0.11550172	      0.00000000	     -1.57155162	     -1.14366485	    -23.18369010	      0.00000000	      5.33966816	      6.47730579	      0.00000000	     -2.67323425	     -0.08687975	      0.45544358	      4.37015368	     -8.56280338	     26.84158837	     22.71336893	     72.29070270	      9.23196151	     -8.78860680	     34.89809443	     30.37181545	     65.49278831
     14.45000000	      1.29659680	      1.53436345	      4.02918073	      0.92377743	      0.93761339	     -0.09356941	     -2.09145209	     -4.57206190	    -26.92058273	      0.00000000	      5.62666420	     -0.04111772	      0.00000000	     -1.53965635	     -1.12369746	    -23.20144691	      0.00000000	      5.26124775	      6.49742419	      0.00000000	     -2.73313548	     -0.06542695	      0.49881371	      4.57865988	     -8.76557546	     26.76619139	     22.66893084	     72.27841942	      9.34624874	     -8.90579697	     34.80884118	     30.38954757	     65.48474921
     14.46666670	      2.13309938	      1.57747535	      3.72150144	      0.92150038	      0.93704076	     -0.09349834	     -2.85131890	     -4.60385252	    -26.64126605	      0.00000000	      5.44268808	      0.17691729	      0.00000000	     -2.38068100	     -1.11964365	    -23.56484859	      0.00000000	      4.82871276	      6.39448369	      0.00000000	     -4.09114276	     -0.01006401	      0.49068368	      5.42983887	     -8.82806429	     25.95768734	     22.02618908	     72.10238584	      9.64907320	     -9.00725813	     33.62040481	     30.84263402	     65.38371818
     14.48333330	      2.15471762	      1.60058068	      3.66321659	      0.92244548	      0.94063500	     -0.09445309	     -2.82336916	     -4.68053299	    -26.66267559	      0.00000000	      5.43375200	      0.17586007	      0.00000000	     -2.35957699	     -1.06287056	    -23.50924370	      0.00000000	      4.83783058	      6.43170072	      0.00000000	     -4.03441213	      0.03296844	      0.44352627	      5.62921012	     -8.98291278	     25.88325013	     22.02455671	     72.08942533	      9.84944896	     -9.02637674	     33.53425093	     30.90008623	     65.37896350
     14.50000000	      2.12259813	      1.62911290	      3.56911125	      0.91691170	      0.94014320	     -0.09403193	     -2.62821410	     -4.77220335	    -26.71059087	      0.00000000	      5.39681881	      0.18783353	      0.00000000	     -2.19272555	     -0.97034293	    -23.50670315	      0.00000000	      4.87637762	      6.43769877	      0.00000000	     -4.21345320	      0.06021054	      0.39107955	      6.08889827	     -9.28089662	     25.73525364	     22.02811641	     72.06179714	     10.24079131	     -9.13390827	     33.37251503	     30.95621416	     65.36755077
     14.51666670	      2.14182938	      1.66559152	      3.50686024	      0.91883434	      0.93822893	     -0.09549860	     -2.55857100	     -4.87039981	    -26.74434710	      0.00000000	      5.30171158	      0.21164420	      0.00000000	     -2.10516632	     -0.87201601	    -23.54219898	      0.00000000	      4.91432015	      6.41184552	      0.00000000	     -4.38963653	      0.12835966	      0.35837313	      6.49684454	     -9.47938972	     25.58172610	     22.03662780	     72.02959068	     10.52889731	     -9.19003941	     33.20879092	     30.99437776	     65.35485443
     14.53333330	      2.76401468	      1.68646395	      3.39572058	      0.91922381	      0.93913879	     -0.09536360	     -3.14463601	     -4.88982694	    -26.81562159	      0.00000000	      5.04262334	      0.32504641	      0.00000000	     -2.72964547	     -0.85776243	    -23.77764546	      0.00000000	      5.07689000	      6.58305977	      0.00000000	     -5.55405011	      0.20974546	     -0.18653749	      7.26014332	     -8.81074914	     21.54054187	     21.49835607	     71.16804075	      9.96037503	     -8.73618161	     27.98342929	     31.82128659	     65.24191495
     14.55000000	      2.76124638	      1.66514384	      3.39303883	      0.91800558	      0.93496417	     -0.09572456	     -3.07850587	     -4.91845426	    -26.81207116	      0.00000000	      5.05571584	      0.29939759	      0.00000000	     -2.67930943	     -0.84757342	    -23.74525147	      0.00000000	      5.21597966	      6.55214012	      0.00000000	     -5.62335979	      0.26943688	     -0.26197673	      7.62200999	     -9.01011432	     21.46070403	     21.59824935	     71.17225642	     10.32000421	     -8.82034811	     27.89478280	     31.85932763	     65.26935094
     14.56666670	      2.78827611	      1.66887130	      3.34069691	      0.91845676	      0.93606795	     -0.09536936	     -3.08077163	     -4.95571269	    -26.80604110	      0.00000000	      5.05583434	      0.29092116	      0.00000000	     -2.72864412	     -0.83966393	    -23.69918007	      0.00000000	      5.26544486	      6.56256078	      0.00000000	     -5.53914704	      0.29893825	     -0.29146413	      7.85510259	     -9.10307009	     21.41201449	     21.66279085	     71.16923634	     10.54910054	     -8.87464021	     27.83625392	     31.87942646	     65.27532892
     14.58333330	      3.12931352	      1.61003553	      3.31487761	      0.91853355	      0.93439592	     -0.09509177	     -3.42766165	     -4.89846915	    -26.49867412	      0.00000000	      5.16691334	      0.13146042	      0.00000000	     -3.11373249	     -0.91955656	    -23.46363004	      0.00000000	      5.83441952	      6.49888511	      0.00000000	     -6.13921595	      0.45677724	     -0.57877305	      8.49530311	     -9.12865521	     21.03347015	     21.95409437	     71.13800097	     10.93415509	     -8.85221272	     27.40570460	     31.46445073	     65.33456143
     14.60000000	      3.14058535	      1.60331290	      3.36078854	      0.91969765	      0.92943626	     -0.09542937	     -3.50133306	     -4.90183348	    -26.51615146	      0.00000000	      5.19423835	      0.09479587	      0.00000000	     -3.17793214	     -0.94032603	    -23.47398745	      0.00000000	      5.85534081	      6.48788193	      0.00000000	     -6.02554419	      0.46703084	     -0.52436414	      8.69161444	     -9.20193732	     20.98465528	     22.00757734	     71.13313990	     11.07650020	     -8.94820601	     27.33629585	     31.45300747	     65.33467355
     14.61666670	      3.14952942	      1.58026382	      3.29342941	      0.92034945	      0.93106618	     -0.09622867	     -3.56015792	     -4.90320922	    -26.52295601	      0.00000000	      5.25031222	      0.03529097	      0.00000000	     -3.25570939	     -0.96809844	    -23.43740578	      0.00000000	      5.94267623	      6.47982772	      0.00000000	     -5.94692057	      0.49609497	     -0.51971786	      8.95063042	     -9.27867600	     20.90879372	     22.09178979	     71.12327155	     11.26598088	     -9.01811873	     27.23989802	     31.40624055	     65.33235788
     14.63333330	      3.55057984	      1.50470423	      3.24624024	      0.91991053	      0.93187500	     -0.09633454	     -4.04255281	     -4.80143013	    -26.09275342	      0.00000000	      5.47682777	     -0.34885421	      0.00000000	     -3.75623790	     -1.06908668	    -23.28382894	      0.00000000	      6.62074147	      6.31285419	      0.00000000	     -6.48747491	      0.73965974	     -0.86946827	      9.46132427	     -9.20678704	     20.32530400	     22.50555874	     71.03255895	     11.51537829	     -8.80638987	     26.47082934	     30.45522406	     65.29587815
     14.65000000	      3.51535795	      1.51897297	      3.18194177	      0.91830832	      0.93310173	     -0.09556473	     -3.98935814	     -4.81265469	    -26.14740333	      0.00000000	      5.47573978	     -0.40615917	      0.00000000	     -3.74042446	     -1.04885051	    -23.26633569	      0.00000000	      6.55691080	      6.34045499	      0.00000000	     -6.48473089	      0.70808947	     -0.74183248	      9.77515740	     -9.22948170	     20.22777421	     22.62403227	     71.02086117	     11.68202251	     -8.91447670	     26.32095126	     30.35468325	     65.28652452
     14.66666670	      3.49718051	      1.53435909	      3.26649594	      0.91819759	      0.93316435	     -0.09521963	     -4.00424482	     -4.81552860	    -26.11873711	      0.00000000	      5.49029539	     -0.40978202	      0.00000000	     -3.72006454	     -1.03990611	    -23.27545501	      0.00000000	      6.55870856	      6.33365049	      0.00000000	     -6.46740438	      0.71347161	     -0.63908059	      9.96252479	     -9.18577443	     20.19595054	     22.70605348	     71.01716992	     11.71719456	     -8.96886028	     26.26579407	     30.29392366	     65.28113012
     14.68333330	      3.69147770	      1.51597190	      3.08634878	      0.91812411	      0.93154953	     -0.09466210	     -4.14975363	     -4.77445353	    -25.64428491	      0.00000000	      5.58992843	     -0.99477540	      0.00000000	     -3.92827075	     -1.07139376	    -23.38816955	      0.00000000	      6.43696746	      6.09115814	      0.00000000	     -6.87076082	      0.78953258	     -0.62640002	     10.25256331	     -9.01624867	     18.74030711	     23.56280357	     70.82784170	     12.32729372	     -8.28124317	     23.90879131	     27.99441822	     65.04244797
     14.70000000	      3.67485265	      1.52912826	      3.11205988	      0.91926954	      0.93034767	     -0.09518460	     -4.17833225	     -4.78758815	    -25.64294394	      0.00000000	      5.59432253	     -0.99024657	      0.00000000	     -3.90441525	     -1.06647872	    -23.38928078	      0.00000000	      6.44845580	      6.08168236	      0.00000000	     -6.83630041	      0.76015155	     -0.48715489	     10.39900866	     -8.96418792	     18.72215309	     23.62932787	     70.82806860	     12.27233691	     -8.34665971	     23.88306569	     27.96164661	     65.04198178
     14.71666670	      3.57805578	      1.58337350	      2.81118635	      0.91867617	      0.93198837	     -0.09392184	     -4.01703951	     -4.84239088	    -25.42269438	      0.00000000	      5.66525436	     -0.89229407	      0.00000000	     -3.82240486	     -1.00806739	    -23.66177640	      0.00000000	      6.43735656	      5.89667247	      0.00000000	     -6.81901901	      0.60846517	     -0.37545103	     10.71736540	     -8.77446230	     18.52033292	     23.93342226	     70.82135987	     12.19170407	     -8.51011123	     23.58455189	     27.70383256	     65.02534751
     14.73333330	      3.57584427	      1.57492575	      2.80629953	      0.92047700	      0.93027544	     -0.09397805	     -4.02703140	     -4.81646771	    -25.45358282	      0.00000000	      5.68736323	     -0.91752382	      0.00000000	     -3.85299670	     -1.03273868	    -23.64321739	      0.00000000	      6.41311469	      5.90606674	      0.00000000	     -6.78586473	      0.63131299	     -0.21742239	     10.81710030	     -8.68724611	     18.50755064	     24.00172631	     70.82265145	     12.09140826	     -8.58557455	     23.54323499	     27.63277128	     65.02011875
     14.75000000	      3.56198977	      1.55603600	      2.73651036	      0.91907959	      0.93176340	     -0.09417053	     -4.01831419	     -4.77936045	    -25.49867438	      0.00000000	      5.71228183	     -0.94252060	      0.00000000	     -3.84012224	     -1.06387259	    -23.64283761	      0.00000000	      6.38092103	      5.90703502	      0.00000000	     -6.77197194	      0.63171557	     -0.04860029	     10.96321950	     -8.58424105	     18.49014644	     24.09837830	     70.82384968	     11.97812007	     -8.66335215	     23.48993690	     27.53163117	     65.01133867
     14.76666670	      3.56521382	      1.55468563	      2.73533690	      0.91915462	      0.93216834	     -0.09426636	     -4.01615583	     -4.77944357	    -25.49909894	      0.00000000	      5.71280115	     -0.94278045	      0.00000000	     -3.83738862	     -1.06343033	    -23.64350165	      0.00000000	      6.38057117	      5.90664586	      0.00000000	     -6.77185444	      0.63198896	     -0.04567046	     10.96551400	     -8.58193906	     18.48995388	     24.10012489	     70.82388059	     11.97617582	     -8.66505059	     23.48889083	     27.52960081	     65.01114265
     14.78333330	      3.45935499	      1.54280358	      2.36020546	      0.91841632	      0.93466555	     -0.09425521	     -3.78797922	     -4.78319031	    -25.32128227	      0.00000000	      5.69488965	     -0.78136974	      0.00000000	     -3.74316580	     -1.04839553	    -24.26033439	      0.00000000	      6.10777391	      5.64556182	      0.00000000	     -6.75307515	      0.64112727	      0.08006560	     11.34581913	     -8.24891732	     18.32751912	     24.57228350	     70.82576069	     11.73423657	     -8.74640196	     23.00071392	     26.82339203	     64.91322528
     14.80000000	      3.45785434	      1.55529647	      2.40592605	      0.91957050	      0.93600256	     -0.09508182	     -3.78420470	     -4.82149074	    -25.33175132	      0.00000000	      5.69385683	     -0.78474545	      0.00000000	     -3.73529096	     -1.01008075	    -24.22502221	      0.00000000	      6.08144486	      5.67164709	      0.00000000	     -6.77095668	      0.70351970	      0.20791808	     11.36801616	     -8.18209397	     18.32583121	     24.60586930	     70.82824512	     11.61935517	     -8.76881678	     22.96023861	     26.74354915	     64.90380902
     14.81666670	      3.45730538	      1.56519449	      2.38933504	      0.91985001	      0.93571860	     -0.09525132	     -3.75838014	     -4.85209089	    -25.37903871	      0.00000000	      5.67684826	     -0.79022106	      0.00000000	     -3.74067821	     -0.96401763	    -24.19383697	      0.00000000	      6.03819974	      5.70597296	      0.00000000	     -6.79673985	      0.73139399	      0.34956711	     11.38828942	     -8.07945861	     18.32338064	     24.65948967	     70.83219241	     11.44782740	     -8.76124074	     22.90001779	     26.61622287	     64.88818119
     14.83333330	      3.31032132	      1.60850842	      2.25265287	      0.92098228	      0.93252277	     -0.09376667	     -3.61111926	     -4.92266971	    -25.44756828	      0.00000000	      5.56273510	     -0.54864646	      0.00000000	     -3.63500197	     -0.88054457	    -24.57649304	      0.00000000	      5.83826778	      5.99956603	      0.00000000	     -6.49779985	      0.68600477	      0.35213934	     11.16329621	     -7.93179569	     17.86923084	     25.36356638	     70.90322024	     11.49233041	     -8.11874300	     20.75891867	     24.64211346	     64.41229663
     14.85000000	      3.30834436	      1.59357706	      2.32982231	      0.92019114	      0.93662870	     -0.09415854	     -3.64731401	     -4.88978745	    -25.43861526	      0.00000000	      5.56328307	     -0.54467331	      0.00000000	     -3.64049483	     -0.89830239	    -24.54057691	      0.00000000	      5.84060981	      6.01974995	      0.00000000	     -6.52154255	      0.67715039	      0.46746160	     11.12855962	     -7.85289734	     17.87770377	     25.36380936	     70.90793111	     11.36523727	     -8.11863489	     20.73451066	     24.60848110	     64.40703711
     14.86666670	      3.33371693	      1.56773944	      2.31420547	      0.91901558	      0.93710909	     -0.09388174	     -3.64464707	     -4.85326829	    -25.44449617	      0.00000000	      5.55517447	     -0.53630569	      0.00000000	     -3.68988839	     -0.92802113	    -24.47487743	      0.00000000	      5.81075655	      6.05707309	      0.00000000	     -6.57265245	      0.68002592	      0.61896809	     11.04838047	     -7.69451091	     17.89802721	     25.36839358	     70.91613073	     11.18347570	     -8.12844046	     20.69027115	     24.54109845	     64.39708737
     14.88333330	      3.39356718	      1.54046137	      2.27253349	      0.92028790	      0.93921981	     -0.09290731	     -3.67410786	     -4.79047037	    -25.42707110	      0.00000000	      5.48832446	     -0.47520196	      0.00000000	     -3.77834064	     -0.97925350	    -24.42831457	      0.00000000	      5.69341162	      6.11727251	      0.00000000	     -6.60318240	      0.64397388	      0.73789433	     10.87738953	     -7.50945121	     17.92035689	     25.35796916	     70.92913037	     10.97368352	     -8.12393517	     20.60424060	     24.43801880	     64.37808499
     14.90000000	      3.43342831	      1.51931026	      2.27156106	      0.91922739	      0.93787795	     -0.09297812	     -3.69170634	     -4.76153776	    -25.41002311	      0.00000000	      5.40768903	     -0.38885831	      0.00000000	     -3.82279959	     -1.01295930	    -24.43376488	      0.00000000	      5.57922818	      6.15951666	      0.00000000	     -6.65682748	      0.63372419	      0.83189167	     10.74742903	     -7.33730486	     17.93637140	     25.36217911	     70.94538369	     10.83313630	     -8.11518029	     20.48271584	     24.31799487	     64.35208018
     14.91666670	      3.45206874	      1.51817105	      2.34654993	      0.91912281	      0.93300199	     -0.09339902	     -3.70517689	     -4.76130925	    -25.40728238	      0.00000000	      5.40057711	     -0.37467348	      0.00000000	     -3.81109298	     -1.01904485	    -24.45077635	      0.00000000	      5.56694540	      6.15827398	      0.00000000	     -6.69586167	      0.63409116	      0.88441139	     10.73015458	     -7.29023843	     17.94129987	     25.36852673	     70.94978510	     10.76388627	     -8.11322572	     20.45362517	     24.27369608	     64.34518490
     14.93333330	      3.45329479	      1.51513168	      2.35782230	      0.92117656	      0.93490884	     -0.09327829	     -3.75624726	     -4.74783461	    -25.45416569	      0.00000000	      5.36721708	     -0.36477703	      0.00000000	     -3.81141682	     -1.04780179	    -24.45478163	      0.00000000	      5.52495801	      6.17168819	      0.00000000	     -6.79920055	      0.61181693	      0.95157518	     10.55440071	     -7.15224090	     17.96739280	     25.35120474	     70.95969413	     10.54011680	     -8.07556561	     20.40864528	     24.16187532	     64.33228121
     14.95000000	      3.44098202	      1.51170191	      2.35711898	      0.92083151	      0.93546124	     -0.09310051	     -3.76329591	     -4.75180696	    -25.45514218	      0.00000000	      5.36711892	     -0.36492758	      0.00000000	     -3.81523266	     -1.04920944	    -24.45501954	      0.00000000	      5.52467901	      6.17164697	      0.00000000	     -6.79921209	      0.61196540	      0.95184993	     10.55199460	     -7.15086306	     17.96769294	     25.35095732	     70.95981355	     10.53787840	     -8.07493688	     20.40809338	     24.16072813	     64.33212939
     14.96666670	      3.46135709	      1.50834563	      2.38064509	      0.91973142	      0.93341046	     -0.09287193	     -3.83044565	     -4.71880348	    -25.51937794	      0.00000000	      5.36967082	     -0.36472030	      0.00000000	     -3.86258854	     -1.09354196	    -24.45901038	      0.00000000	      5.50326358	      6.17538255	      0.00000000	     -6.89707272	      0.58864477	      1.02078393	     10.26287402	     -6.92250384	     18.01793466	     25.32042996	     70.97405212	     10.24518944	     -8.00365685	     20.35886404	     24.01643392	     64.31679281
     14.98333330	      3.51787730	      1.49158112	      2.40009378	      0.92043390	      0.93659645	     -0.09233575	     -3.93771406	     -4.66483330	    -25.56211676	      0.00000000	      5.36814894	     -0.33011661	      0.00000000	     -3.95480836	     -1.14507444	    -24.45321440	      0.00000000	      5.47839305	      6.19374766	      0.00000000	     -6.83552413	      0.51875701	      0.99262629	     10.01711796	     -6.75841744	     18.05398313	     25.29753246	     70.99112379	     10.12542283	     -7.91982298	     20.26781966	     23.89598715	     64.29499542
     15.00000000	      3.51954632	      1.50847310	      2.49680511	      0.92118016	      0.93746224	     -0.09288929	     -3.96848213	     -4.66017086	    -25.56833532	      0.00000000	      5.37647461	     -0.30941256	      0.00000000	     -3.93191817	     -1.14379754	    -24.45982125	      0.00000000	      5.48087377	      6.19350464	      0.00000000	     -6.88213930	      0.52973259	      1.01795057	      9.93740395	     -6.71247274	     18.06629618	     25.28263650	     70.99838568	     10.04826044	     -7.89589425	     20.22813782	     23.82936833	     64.28551251
     15.01666670	      3.55451212	      1.48370683	      2.56036551	      0.92311540	      0.93503488	     -0.09270113	     -4.06494393	     -4.59910053	    -25.59001009	      0.00000000	      5.40815872	     -0.27835640	      0.00000000	     -3.99087858	     -1.19289783	    -24.41904622	      0.00000000	      5.48427542	      6.21073220	      0.00000000	     -6.92868973	      0.47777458	      0.97654527	      9.64266697	     -6.61715672	     18.09932311	     25.21558383	     71.01364325	      9.86725214	     -7.76535215	     20.16402977	     23.70788854	     64.26896996
     15.03333330	      3.77190348	      1.47069329	      2.78846238	      0.92331670	      0.93347227	     -0.09278774	     -4.41830032	     -4.55144260	    -26.36176085	      0.00000000	      5.88919308	      0.81784716	      0.00000000	     -4.23970477	     -1.23885303	    -24.08124097	      0.00000000	      5.68246561	      6.21907898	      0.00000000	     -6.92793957	      0.49650125	      0.88709746	      9.37987624	     -6.56445293	     18.07496464	     25.19940841	     71.37759967	     10.18190995	     -7.01261874	     17.80625493	     21.93258702	     63.84116562
     15.05000000	      3.76890017	      1.45927986	      2.88446936	      0.92301349	      0.93586411	     -0.09223518	     -4.46777491	     -4.51314848	    -26.36217301	      0.00000000	      5.90192683	      0.80488526	      0.00000000	     -4.23557902	     -1.27638904	    -24.12854669	      0.00000000	      5.66482963	      6.19768991	      0.00000000	     -6.94914188	      0.45769110	      0.88510542	      9.26013984	     -6.53162555	     18.08722682	     25.16330934	     71.38623766	     10.08062832	     -6.94225976	     17.79660983	     21.93870470	     63.84281027
     15.06666670	      3.75950871	      1.46244176	      2.88441977	      0.92284697	      0.93678262	     -0.09220694	     -4.47147632	     -4.51004696	    -26.36265158	      0.00000000	      5.90207731	      0.80451039	      0.00000000	     -4.23877664	     -1.27700137	    -24.12895323	      0.00000000	      5.66445843	      6.19740287	      0.00000000	     -6.94865319	      0.45766050	      0.88467946	      9.25783632	     -6.53116655	     18.08744872	     25.16262993	     71.38636576	     10.07958430	     -6.94123880	     17.79645135	     21.93891365	     63.84283873
     15.08333330	      3.80493557	      1.44469622	      3.03994688	      0.92357678	      0.93546235	     -0.09299920	     -4.61098610	     -4.45393642	    -26.40056080	      0.00000000	      5.89416534	      0.77616337	      0.00000000	     -4.30503404	     -1.31732166	    -24.18597798	      0.00000000	      5.59730660	      6.17057586	      0.00000000	     -6.92721432	      0.39480702	      0.82707551	      8.92380491	     -6.46554284	     18.12019568	     25.05560373	     71.40095914	      9.91763647	     -6.78844617	     17.78708426	     21.95066232	     63.84671095
     15.10000000	      3.78971360	      1.44557897	      3.03811599	      0.92455699	      0.93432868	     -0.09299180	     -4.63095828	     -4.45513372	    -26.40879254	      0.00000000	      5.89400275	      0.77177858	      0.00000000	     -4.32022985	     -1.31656981	    -24.18475480	      0.00000000	      5.59233340	      6.17052136	      0.00000000	     -6.92040614	      0.39667727	      0.82484473	      8.91292256	     -6.46604223	     18.12086093	     25.05054566	     71.40193384	      9.91677810	     -6.78361858	     17.78469055	     21.95357224	     63.84690352
     15.11666670	      3.79039960	      1.45244179	      3.04236295	      0.92398189	      0.93657742	     -0.09193855	     -4.63730937	     -4.44954792	    -26.41636850	      0.00000000	      5.89453211	      0.76789401	      0.00000000	     -4.32620341	     -1.31570410	    -24.18500851	      0.00000000	      5.58886550	      6.16973401	      0.00000000	     -6.91170441	      0.39562773	      0.81930867	      8.89385249	     -6.46866886	     18.12172683	     25.04288502	     71.40273243	      9.90997315	     -6.77411006	     17.78376706	     21.95553563	     63.84718196
     15.13333330	      3.78228122	      1.45290425	      3.04186949	      0.92363046	      0.93573923	     -0.09192616	     -4.64495008	     -4.44696124	    -26.41765743	      0.00000000	      5.89447305	      0.76731603	      0.00000000	     -4.33127311	     -1.31490336	    -24.18522659	      0.00000000	      5.58809870	      6.16964868	      0.00000000	     -6.91101928	      0.39454097	      0.81804675	      8.89011777	     -6.46906126	     18.12190331	     25.04134776	     71.40285214	      9.90885691	     -6.77239937	     17.78367555	     21.95585080	     63.84722927
     15.15000000	      3.83829678	      1.43340790	      3.06549537	      0.92285559	      0.93716171	     -0.09180839	     -4.72422351	     -4.40629839	    -26.51035345	      0.00000000	      5.89960503	      0.72030370	      0.00000000	     -4.39986724	     -1.34855672	    -24.19503167	      0.00000000	      5.52764400	      6.16100211	      0.00000000	     -6.86129780	      0.27530635	      0.69273697	      8.61609776	     -6.51945802	     18.13123350	     24.91840488	     71.41179683	      9.87800522	     -6.62337597	     17.77593636	     22.00198683	     63.85148748
     15.16666670	      3.85487135	      1.43392035	      3.06973315	      0.92306606	      0.93435669	     -0.09150061	     -4.72379282	     -4.40206531	    -26.51178278	      0.00000000	      5.89936247	      0.71990242	      0.00000000	     -4.39482937	     -1.34266435	    -24.19448917	      0.00000000	      5.52681256	      6.16142914	      0.00000000	     -6.86223878	      0.27644136	      0.69395778	      8.61499415	     -6.51981267	     18.13130863	     24.91724172	     71.41195876	      9.87710507	     -6.62273357	     17.77548337	     22.00221102	     63.85151308
     15.18333330	      3.87955826	      1.45428831	      3.07283973	      0.92056354	      0.93191700	     -0.09031648	     -4.72295035	     -4.38651211	    -26.52485469	      0.00000000	      5.90327841	      0.71355619	      0.00000000	     -4.37445979	     -1.34580080	    -24.19105162	      0.00000000	      5.52912768	      6.16247199	      0.00000000	     -6.86131936	      0.27707029	      0.69393265	      8.60922788	     -6.52656073	     18.13085522	     24.91114735	     71.41259254	      9.88056581	     -6.62008969	     17.77306174	     22.00642876	     63.85166454
     15.20000000	      3.78941515	      1.42329269	      3.34521781	      0.92145149	      0.93633477	     -0.09110411	     -4.60067155	     -4.31310486	    -27.13539103	      0.00000000	      6.02477442	      0.42698702	      0.00000000	     -4.15507943	     -1.41052043	    -23.76838044	      0.00000000	      5.61923076	      6.29223119	      0.00000000	     -6.96441707	      0.24590496	      0.82957084	      8.56026298	     -6.68717615	     18.10779845	     24.65260660	     71.46257205	     10.27000066	     -6.54612259	     17.57372895	     22.33593584	     63.86432305
     15.21666670	      3.80968767	      1.42848133	      3.34302890	      0.92192395	      0.93468154	     -0.09125837	     -4.59586791	     -4.30826131	    -27.13576754	      0.00000000	      6.02419748	      0.42723141	      0.00000000	     -4.14534366	     -1.41083448	    -23.76775265	      0.00000000	      5.61944343	      6.29246691	      0.00000000	     -6.96573777	      0.24460974	      0.82868717	      8.56009667	     -6.68833459	     18.10754929	     24.65201926	     71.46263865	     10.27054609	     -6.54585328	     17.57339953	     22.33640244	     63.86436606
     15.23333330	      3.79262553	      1.40308216	      3.26539002	      0.92076947	      0.93187149	     -0.09019318	     -4.54563498	     -4.26359451	    -27.18636186	      0.00000000	      6.02191633	      0.41227620	      0.00000000	     -4.12108024	     -1.45053229	    -23.74427481	      0.00000000	      5.65957996	      6.29252979	      0.00000000	     -6.98481655	      0.15797590	      0.75463631	      8.58008164	     -6.79158652	     18.08571168	     24.62636836	     71.46475246	     10.36772840	     -6.53813777	     17.55253032	     22.38922059	     63.86658303
     15.25000000	      3.72967415	      1.37983019	      3.29423657	      0.91964334	      0.93197544	     -0.08980012	     -4.44894109	     -4.20973109	    -27.28401142	      0.00000000	      6.02015315	      0.37476305	      0.00000000	     -3.99678812	     -1.50509151	    -23.69955661	      0.00000000	      5.78055545	      6.28939934	      0.00000000	     -7.02933322	      0.08570828	      0.72106564	      8.73830688	     -6.96808851	     18.03831386	     24.61126011	     71.47034924	     10.59812723	     -6.60784677	     17.48777909	     22.50924901	     63.86960373
     15.26666670	      3.51226703	      1.43027230	      3.37232772	      0.87379975	      0.92879949	     -0.07355891	     -4.03388463	     -4.24012928	    -27.75684707	      0.00000000	      5.56206783	      0.48743382	      0.00000000	     -3.58229468	     -1.52938412	    -23.59083260	      0.00000000	      5.44760630	      6.36411981	      0.00000000	     -6.86459076	     -0.01681472	      0.83889136	      8.68630861	     -7.08823628	     17.92481285	     24.51341870	     71.53278560	     10.55283939	     -6.60919649	     17.16227223	     22.98025640	     63.90361304
