Coordinates
version=1
nRows=439
nColumns=34
inDegrees=yes

Units are S.I. units (second, meters, Newtons, ...)
If the header above contains a line with 'inDegrees', this indicates whether rotational values are in degrees (yes) or radians (no).

endheader
time	pelvis_tilt	pelvis_list	pelvis_rotation	pelvis_tx	pelvis_ty	pelvis_tz	hip_flexion_r	hip_adduction_r	hip_rotation_r	knee_angle_r	ankle_angle_r	subtalar_angle_r	mtp_angle_r	hip_flexion_l	hip_adduction_l	hip_rotation_l	knee_angle_l	ankle_angle_l	subtalar_angle_l	mtp_angle_l	lumbar_extension	lumbar_bending	lumbar_rotation	arm_flex_r	arm_add_r	arm_rot_r	elbow_flex_r	pro_sup_r	arm_flex_l	arm_add_l	arm_rot_l	elbow_flex_l	pro_sup_l
      0.00000000	      4.59535745	     -0.59869679	      3.10164389	     -0.65039892	      0.91298564	      0.00953360	     -9.87129205	      2.70827269	    -10.01190958	      2.21666494	      0.97093206	    -15.18456614	      0.00000000	     -9.28744513	      0.40987935	     -9.03351985	      0.00000000	     13.59710447	      0.47601560	      0.00000000	     -4.34690501	      2.54462297	     -4.98293418	      4.78076760	     -4.30859203	     16.76440615	     21.42314791	     81.02238898	      0.52319577	     -4.82067848	      4.83458538	     28.77923598	     79.51634215
      0.01666670	      2.98020337	      0.24141866	      3.20537659	     -0.64854909	      0.91157578	      0.00821765	     -7.88335671	      1.98471860	    -11.24146600	      2.30194117	      4.89327295	    -11.34409211	      0.00000000	     -7.33376925	      2.06665391	    -12.32861284	      0.00000000	     15.04822868	      4.64700134	      0.00000000	     -1.52644154	      1.60716189	     -4.39643806	      3.09924722	     -4.00484921	     12.42463877	     22.70187187	     80.62821431	      0.94897492	     -4.07550094	      2.21701641	     27.15329634	     79.29272758
      0.03333330	      2.00507714	      1.43942407	      2.97959078	     -0.64782709	      0.91079029	      0.00919706	     -7.30281757	      0.82306277	    -12.28059653	      1.21563258	      5.86009660	     -9.13120799	      0.00000000	     -6.40987526	      3.51170156	    -14.49544388	      0.00000000	     15.18233637	      7.21841128	      0.00000000	      0.18010095	      0.00553457	     -4.05091992	      2.45052674	     -3.34098092	     10.01535827	     23.05633355	     80.75582303	      0.71161005	     -4.60529493	      2.84435289	     26.81888779	     79.35470299
      0.05000000	      2.29304623	      2.01968619	      3.26293742	     -0.64840374	      0.91255939	      0.00930596	     -8.05891046	      0.36734724	    -13.21424543	      0.36639402	      6.11369349	     -7.63497406	      0.00000000	     -6.83960644	      4.10914483	    -15.40716395	      0.00000000	     15.21549104	      8.68361302	      0.00000000	      0.01200216	     -0.77081757	     -4.09542924	      2.18574734	     -3.11155285	      9.53308859	     23.42735268	     80.88232570	      0.83525799	     -5.06013211	      3.73244043	     26.49056077	     79.34513947
      0.06666670	      2.22795387	      2.22032396	      3.32467577	     -0.64858681	      0.91259638	      0.00950795	     -8.17197564	      0.24567407	    -13.15593024	      0.00000000	      6.16049900	     -7.49819422	      0.00000000	     -6.80274777	      4.35815948	    -15.52252650	      0.00000000	     15.00543483	      8.76171620	      0.00000000	      0.06140052	     -0.89967822	     -4.00839966	      2.25494908	     -3.00009773	      9.56538190	     23.50164321	     80.89340791	      0.91756552	     -5.11721752	      3.78206647	     26.49058088	     79.33686292
      0.08333330	      2.81748269	      2.42826108	      3.33183140	     -0.64800715	      0.91285910	      0.00995576	     -8.89342948	      0.11976377	    -13.68878965	      0.00000000	      6.79333645	     -5.93326438	      0.00000000	     -7.46401359	      4.53338823	    -16.51143433	      0.00000000	     14.84008188	     10.11268705	      0.00000000	     -0.67424601	     -1.30291209	     -3.29089975	      2.01593844	     -3.11634313	     10.38712327	     23.90429183	     81.00673449	      1.70643051	     -5.22475112	      4.84482095	     25.99765757	     79.13754237
      0.10000000	      2.79874357	      2.45724582	      3.43863294	     -0.64757959	      0.91228632	      0.01000313	     -8.95805875	      0.11991520	    -13.67565727	      0.00000000	      6.77246144	     -5.91360262	      0.00000000	     -7.46042758	      4.54848993	    -16.52693946	      0.00000000	     14.80173035	     10.12630129	      0.00000000	     -0.63500260	     -1.29799422	     -3.27318329	      2.07340390	     -3.07566909	     10.40515072	     23.93397181	     81.00752228	      1.75760943	     -5.22982300	      4.85496618	     26.00497297	     79.13235259
      0.11666670	      3.38487271	      2.55944380	      3.62281118	     -0.64798654	      0.91262781	      0.00996890	     -9.66172970	      0.09841150	    -14.01844824	      0.00000000	      6.75045909	     -5.56050420	      0.00000000	     -8.08472633	      4.57106984	    -16.63987700	      0.00000000	     14.53771696	     10.76517859	      0.00000000	     -1.44034168	     -1.46409517	     -3.26540312	      2.26589876	     -3.18884727	     11.81536795	     24.12971669	     81.01842867	      2.63175101	     -5.32348609	      5.74731575	     25.23211201	     78.66381642
      0.13333330	      3.36123338	      2.56189739	      3.63031821	     -0.64781982	      0.91232751	      0.00997040	     -9.67656856	      0.10127217	    -14.01635053	      0.00000000	      6.74930467	     -5.55966995	      0.00000000	     -8.09433602	      4.56415410	    -16.64223277	      0.00000000	     14.53390727	     10.76540337	      0.00000000	     -1.43973544	     -1.46750441	     -3.26617485	      2.26647996	     -3.18673987	     11.81728447	     24.13005208	     81.01838564	      2.63659906	     -5.32256035	      5.74813569	     25.23341625	     78.66313627
      0.15000000	      3.39937858	      2.52308960	      3.84458340	     -0.64780129	      0.91272227	      0.00988861	     -9.78002172	      0.19793288	    -13.94644568	      0.00000000	      6.72251604	     -5.54053975	      0.00000000	     -8.16020316	      4.45206308	    -16.65264855	      0.00000000	     14.39079779	     10.82556157	      0.00000000	     -1.39083740	     -1.57800984	     -3.34353891	      2.19592261	     -3.12480390	     11.88277411	     24.11725623	     81.02132359	      2.80679741	     -5.32935440	      5.76380030	     25.26643768	     78.64503470
      0.16666670	      3.64286786	      2.55000889	      4.04048357	     -0.64805210	      0.91385351	      0.00972688	    -10.08854339	      0.24858730	    -14.17376859	      0.00000000	      6.68965088	     -5.75959679	      0.00000000	     -8.44186082	      4.39506206	    -16.47898886	      0.00000000	     13.89360613	     11.24356912	      0.00000000	     -1.80309093	     -1.63522811	     -3.47463848	      2.25041036	     -3.13001853	     12.29707117	     24.11812358	     81.04442066	      3.12183060	     -5.38327598	      5.92364869	     25.06647439	     78.52505837
      0.18333330	      3.63719586	      2.55869269	      4.05057914	     -0.64820526	      0.91470454	      0.00975217	    -10.08022371	      0.24384770	    -14.16616246	      0.00000000	      6.68747561	     -5.75624991	      0.00000000	     -8.45897532	      4.37517587	    -16.48189736	      0.00000000	     13.89602173	     11.24300784	      0.00000000	     -1.80779553	     -1.63870401	     -3.48118699	      2.24535576	     -3.13300151	     12.30125083	     24.11606965	     81.04466546	      3.12781263	     -5.38729476	      5.92498072	     25.06448131	     78.52381767
      0.20000000	      3.66574831	      2.53300061	      4.16034477	     -0.64846447	      0.91544329	      0.00978609	    -10.09930951	      0.30330762	    -14.05090778	      0.00000000	      6.65481848	     -5.70091425	      0.00000000	     -8.46411433	      4.30055817	    -16.48977322	      0.00000000	     13.86235792	     11.27646273	      0.00000000	     -1.93248017	     -1.72233420	     -3.59761769	      2.17184017	     -3.18169577	     12.35644149	     24.08311430	     81.04946030	      3.23629950	     -5.45750717	      5.94140614	     25.02984037	     78.50908064
      0.21666670	      4.21381063	      2.63372416	      4.22328086	     -0.64950946	      0.91684745	      0.00971628	    -10.64190415	      0.24513526	    -14.17901463	      0.00000000	      6.62711027	     -5.72066723	      0.00000000	     -9.00621041	      4.32321171	    -16.61822407	      0.00000000	     13.43806032	     11.59523201	      0.00000000	     -2.75466992	     -1.71659646	     -3.99184849	      2.55256195	     -3.21617734	     13.22101263	     24.19732530	     81.13714146	      3.62975435	     -5.57033498	      6.38174121	     24.28946866	     78.32431886
      0.23333330	      4.23784062	      2.64065097	      4.22902434	     -0.64990899	      0.91681438	      0.00980532	    -10.60580202	      0.22639716	    -14.17620693	      0.00000000	      6.62700555	     -5.71811701	      0.00000000	     -9.01188159	      4.29838645	    -16.61839029	      0.00000000	     13.43853897	     11.59570899	      0.00000000	     -2.76121027	     -1.71914304	     -3.99414937	      2.54945463	     -3.21994051	     13.22343789	     24.19518488	     81.13728882	      3.63206110	     -5.57114325	      6.38313859	     24.28830205	     78.32362224
      0.25000000	      4.20031510	      2.63910512	      4.22270166	     -0.65034746	      0.91623032	      0.00985883	    -10.48772376	      0.21108817	    -14.14556200	      0.00000000	      6.59811928	     -5.66512215	      0.00000000	     -8.91226898	      4.28255722	    -16.63541578	      0.00000000	     13.37345832	     11.61555618	      0.00000000	     -2.98456397	     -1.76081213	     -4.06212217	      2.52642394	     -3.29347839	     13.26291482	     24.16212330	     81.13989021	      3.73017608	     -5.59748695	      6.40588330	     24.26685821	     78.31219781
      0.26666670	      4.22608775	      2.64600573	      4.23128971	     -0.65068156	      0.91539006	      0.00993115	    -10.47798653	      0.19806382	    -14.14663311	      0.00000000	      6.59557716	     -5.66241373	      0.00000000	     -8.89851338	      4.27260681	    -16.63974393	      0.00000000	     13.36567563	     11.61614845	      0.00000000	     -2.98996633	     -1.75786711	     -4.06106777	      2.53305298	     -3.29486928	     13.26624149	     24.16355212	     81.14016213	      3.73502633	     -5.59932286	      6.40767623	     24.26458000	     78.31135621
      0.28333330	      4.79092607	      2.74240536	      4.28343118	     -0.65177194	      0.91545416	      0.00990785	    -11.04664336	      0.14402282	    -14.56858431	      0.00000000	      6.60084196	     -5.18125724	      0.00000000	     -9.42098253	      4.31513776	    -16.85480942	      0.00000000	     12.96196366	     11.74354925	      0.00000000	     -3.97857443	     -1.74846576	     -4.15445845	      3.01662007	     -3.50205179	     14.52766456	     24.19892528	     81.21169178	      4.44742393	     -5.65571709	      7.21501494	     23.37438956	     78.01227508
      0.30000000	      4.79863370	      2.74261538	      4.28403844	     -0.65157925	      0.91536124	      0.00991726	    -11.04688398	      0.14210732	    -14.56874118	      0.00000000	      6.60070612	     -5.18117540	      0.00000000	     -9.41330422	      4.31362885	    -16.85524335	      0.00000000	     12.96143190	     11.74354550	      0.00000000	     -3.97911564	     -1.74848853	     -4.15430321	      3.01674982	     -3.50242127	     14.52788729	     24.19883302	     81.21165415	      4.44736344	     -5.65551407	      7.21527005	     23.37435322	     78.01216627
      0.31666670	      4.78523680	      2.76297569	      4.36116338	     -0.65084707	      0.91567087	      0.00990348	    -11.06655388	      0.12815639	    -14.58357891	      0.00000000	      6.58948717	     -5.17806196	      0.00000000	     -9.36739093	      4.31149868	    -16.90124857	      0.00000000	     12.91542066	     11.73705728	      0.00000000	     -4.01205805	     -1.74410491	     -4.14183022	      3.03061733	     -3.52261253	     14.53584753	     24.19547232	     81.20984437	      4.44042902	     -5.64273195	      7.22615646	     23.37123480	     78.00774970
      0.33333330	      4.77394708	      2.76609352	      4.37119793	     -0.64978881	      0.91618842	      0.01002625	    -11.08587084	      0.12246780	    -14.58980303	      0.00000000	      6.58577494	     -5.17819912	      0.00000000	     -9.35578280	      4.31012021	    -16.91064990	      0.00000000	     12.90156332	     11.73712506	      0.00000000	     -4.01756724	     -1.74349594	     -4.14084509	      3.03461762	     -3.52737800	     14.53733225	     24.19486368	     81.20937190	      4.44184177	     -5.63845345	      7.22857945	     23.37172130	     78.00680677
      0.35000000	      4.77746019	      2.80585900	      4.51570317	     -0.64859559	      0.91631689	      0.00998432	    -11.16600160	      0.10359161	    -14.63993732	      0.00000000	      6.55389110	     -5.17838506	      0.00000000	     -9.35802502	      4.33024539	    -17.00097736	      0.00000000	     12.78908034	     11.73882238	      0.00000000	     -4.01514511	     -1.74800690	     -4.11243785	      3.05049257	     -3.55860312	     14.54846782	     24.18684659	     81.20572471	      4.40612055	     -5.60474775	      7.24639938	     23.36521352	     77.99981909
      0.36666670	      4.76587764	      2.80591646	      4.51430636	     -0.64872444	      0.91692569	      0.01007019	    -11.17460095	      0.10355253	    -14.64160893	      0.00000000	      6.55351429	     -5.17876315	      0.00000000	     -9.35941089	      4.33005226	    -17.00192151	      0.00000000	     12.78741087	     11.73916965	      0.00000000	     -4.01484909	     -1.74833880	     -4.11276084	      3.05022725	     -3.55919664	     14.54864147	     24.18655363	     81.20564986	      4.40621430	     -5.60407850	      7.24669150	     23.36534623	     77.99970003
      0.38333330	      4.76770497	      2.81769537	      4.51441317	     -0.64990280	      0.91754989	      0.01029651	    -11.19231418	      0.10668290	    -14.65398951	      0.00000000	      6.55016262	     -5.18117423	      0.00000000	     -9.35352367	      4.32927090	    -17.01156732	      0.00000000	     12.77571565	     11.74182059	      0.00000000	     -4.00971311	     -1.75148452	     -4.11269866	      3.04777350	     -3.56279519	     14.54987273	     24.18426553	     81.20508113	      4.40298231	     -5.60021841	      7.24858460	     23.36519797	     77.99881520
      0.40000000	      4.87493943	      2.86360984	      4.62015674	     -0.64972878	      0.91775003	      0.01035365	    -11.34527162	      0.10091445	    -14.99231642	      0.00000000	      6.42270086	     -5.24481342	      0.00000000	     -9.47367735	      4.34462629	    -17.28145779	      0.00000000	     12.45179954	     11.83465493	      0.00000000	     -3.95822407	     -1.86656538	     -4.10143430	      3.06489288	     -3.61838763	     14.57957860	     24.14401844	     81.18883309	      4.40562445	     -5.55346873	      7.28485464	     23.37751667	     77.97415876
      0.41666670	      4.85661032	      2.87169028	      4.61113745	     -0.64842009	      0.91667874	      0.01069069	    -11.36201369	      0.11683058	    -14.99724914	      0.00000000	      6.41745809	     -5.24386506	      0.00000000	     -9.47658055	      4.35234808	    -17.28057340	      0.00000000	     12.44660356	     11.84193099	      0.00000000	     -3.96780510	     -1.86232610	     -4.10339272	      3.06254129	     -3.61595816	     14.58122427	     24.14188660	     81.18829746	      4.41034414	     -5.55595668	      7.28522249	     23.37809246	     77.97325336
      0.43333330	      4.83418046	      2.87587929	      4.60466832	     -0.64796185	      0.91608834	      0.01090164	    -11.39447429	      0.13430424	    -15.00381980	      0.00000000	      6.41168708	     -5.24389401	      0.00000000	     -9.47756897	      4.35697227	    -17.28145608	      0.00000000	     12.44194568	     11.84881647	      0.00000000	     -3.96940838	     -1.86082444	     -4.10236491	      3.06066581	     -3.61347268	     14.58268982	     24.14030714	     81.18777403	      4.41102334	     -5.55905088	      7.28538871	     23.37803253	     77.97237278
      0.45000000	      4.96841175	      2.82904125	      4.66137846	     -0.64779367	      0.91606363	      0.01107593	    -11.62530397	      0.25416507	    -15.17415722	      0.00000000	      6.30185065	     -5.26822703	      0.00000000	     -9.67227642	      4.25834719	    -17.34730416	      0.00000000	     12.34521768	     12.00291304	      0.00000000	     -3.83337700	     -1.88063782	     -4.02664686	      2.99803708	     -3.54883077	     14.61727708	     24.10515883	     81.17499606	      4.34483570	     -5.64924966	      7.28563378	     23.36431218	     77.95082176
      0.46666670	      4.94554628	      2.83007089	      4.65930816	     -0.64836932	      0.91594002	      0.01109307	    -11.63736742	      0.25840114	    -15.17542335	      0.00000000	      6.30140024	     -5.26847366	      0.00000000	     -9.68176397	      4.26002854	    -17.34816748	      0.00000000	     12.34496216	     12.00375143	      0.00000000	     -3.83385328	     -1.88037284	     -4.02704122	      2.99725036	     -3.54906790	     14.61741998	     24.10461509	     81.17488534	      4.34505463	     -5.64899184	      7.28574286	     23.36445417	     77.95069032
      0.48333330	      5.05678237	      2.82735308	      4.65679796	     -0.64882496	      0.91550375	      0.01120554	    -11.80526214	      0.29415554	    -15.36952243	      0.00000000	      6.29852459	     -5.34735172	      0.00000000	     -9.85409040	      4.25129189	    -17.51140618	      0.00000000	     12.35804569	     12.13460583	      0.00000000	     -3.77851339	     -1.87500412	     -4.05341453	      2.94924784	     -3.57492754	     14.63936884	     24.04172756	     81.15442091	      4.43299171	     -5.65037758	      7.29361647	     23.41273309	     77.92590775
      0.50000000	      5.05461490	      2.82886618	      4.66897790	     -0.64959308	      0.91502750	      0.01127425	    -11.79649798	      0.30228747	    -15.37275828	      0.00000000	      6.29977464	     -5.34881785	      0.00000000	     -9.87171417	      4.25727527	    -17.51826125	      0.00000000	     12.36121060	     12.14073020	      0.00000000	     -3.78568095	     -1.87510629	     -4.04732251	      2.95282283	     -3.57390514	     14.64047153	     24.04053173	     81.15343899	      4.42949690	     -5.65200796	      7.29390893	     23.41191388	     77.92469165
      0.51666670	      5.06936408	      2.82468000	      4.67604329	     -0.65017732	      0.91486986	      0.01124071	    -11.77462537	      0.30239011	    -15.37883044	      0.00000000	      6.30356905	     -5.35273581	      0.00000000	     -9.88607514	      4.25900031	    -17.52649165	      0.00000000	     12.36579193	     12.14550444	      0.00000000	     -3.79067956	     -1.87559375	     -4.04420923	      2.95720513	     -3.57360654	     14.64131555	     24.03962802	     81.15243765	      4.43249253	     -5.65462171	      7.29381871	     23.41328289	     77.92350371
      0.53333330	      5.74033681	      2.81787588	      4.61409920	     -0.65074827	      0.91586954	      0.01139847	    -12.42292504	      0.36617179	    -15.59790443	      0.00000000	      6.39933877	     -5.51009245	      0.00000000	    -10.59917088	      4.18598986	    -18.51316875	      0.00000000	     12.85683292	     13.71318411	      0.00000000	     -4.77634632	     -1.79368140	     -3.79334643	      3.31007085	     -3.59950614	     14.84895734	     23.69932364	     80.89549277	      4.84439128	     -5.66171409	      7.37935947	     23.72109374	     77.64831204
      0.55000000	      5.75551572	      2.81427814	      4.61934978	     -0.64931285	      0.91566943	      0.01153140	    -12.38688311	      0.36071366	    -15.59608670	      0.00000000	      6.39857451	     -5.50858624	      0.00000000	    -10.61712314	      4.18359363	    -18.51786232	      0.00000000	     12.85617424	     13.71298173	      0.00000000	     -4.78036522	     -1.79661843	     -3.79601644	      3.31224452	     -3.60018964	     14.84918906	     23.70005824	     80.89451937	      4.84690541	     -5.66344191	      7.37948083	     23.72136741	     77.64738813
      0.56666670	      5.75488758	      2.81487519	      4.61969122	     -0.64832298	      0.91588150	      0.01153542	    -12.36170100	      0.35464785	    -15.59623090	      0.00000000	      6.39695619	     -5.50747504	      0.00000000	    -10.64138615	      4.17196714	    -18.52490769	      0.00000000	     12.85436008	     13.71220370	      0.00000000	     -4.78192067	     -1.80052102	     -3.79931122	      3.31237439	     -3.60100957	     14.84947921	     23.70053158	     80.89341171	      4.84819771	     -5.66530655	      7.37960438	     23.72151404	     77.64634462
      0.58333330	      5.75007042	      2.81478402	      4.61758140	     -0.64813521	      0.91639928	      0.01144556	    -12.34327975	      0.34402783	    -15.59745214	      0.00000000	      6.39494383	     -5.50656820	      0.00000000	    -10.66824722	      4.15428575	    -18.53187215	      0.00000000	     12.85179436	     13.71151336	      0.00000000	     -4.77930755	     -1.80500533	     -3.80212611	      3.30964909	     -3.60159594	     14.84982585	     23.70057688	     80.89241317	      4.84647425	     -5.66695933	      7.37974537	     23.72106694	     77.64540280
      0.60000000	      5.75224029	      2.81340388	      4.61140469	     -0.64854352	      0.91685993	      0.01133237	    -12.32177659	      0.33062208	    -15.59953178	      0.00000000	      6.39172700	     -5.50503171	      0.00000000	    -10.69893586	      4.13284641	    -18.53983184	      0.00000000	     12.84787862	     13.71140657	      0.00000000	     -4.77240739	     -1.81114234	     -3.80586146	      3.30312975	     -3.60233902	     14.85031675	     23.70016683	     80.89117594	      4.84164286	     -5.66870901	      7.37998963	     23.71994677	     77.64425049
      0.61666670	      5.79485934	      2.78316137	      4.49405107	     -0.64868733	      0.91685928	      0.01147853	    -12.34050285	      0.34080881	    -15.61686840	      0.00000000	      6.34446232	     -5.47963184	      0.00000000	    -10.77780477	      4.09494611	    -18.60645490	      0.00000000	     12.80617903	     13.72089095	      0.00000000	     -4.70622826	     -1.85830402	     -3.84112303	      3.23921126	     -3.60794007	     14.85506330	     23.69851212	     80.87843708	      4.79050257	     -5.68202521	      7.38254978	     23.70804455	     77.63257263
      0.63333330	      5.80180156	      2.78571956	      4.50148042	     -0.64914444	      0.91648322	      0.01152120	    -12.33048627	      0.32465516	    -15.61485864	      0.00000000	      6.33923402	     -5.47503582	      0.00000000	    -10.79359651	      4.08126720	    -18.61635374	      0.00000000	     12.80353218	     13.72104212	      0.00000000	     -4.70122137	     -1.85620702	     -3.83892428	      3.23664152	     -3.60596851	     14.85591019	     23.70003554	     80.87698507	      4.78151590	     -5.68419798	      7.38263938	     23.70569970	     77.63115366
      0.65000000	      5.80112887	      2.78549078	      4.50094205	     -0.64940279	      0.91602130	      0.01153367	    -12.33030390	      0.32195034	    -15.61479854	      0.00000000	      6.33835872	     -5.47437956	      0.00000000	    -10.79762069	      4.07881312	    -18.61762535	      0.00000000	     12.80314753	     13.72119103	      0.00000000	     -4.70032843	     -1.85622944	     -3.83915673	      3.23563292	     -3.60577218	     14.85603075	     23.70011374	     80.87676388	      4.78023937	     -5.68423004	      7.38270391	     23.70540281	     77.63095179
      0.66666670	      5.82751434	      2.78177013	      4.48800978	     -0.65007586	      0.91581203	      0.01154969	    -12.30849573	      0.30757354	    -15.61485598	      0.00000000	      6.33388111	     -5.47054261	      0.00000000	    -10.80930880	      4.06757964	    -18.62381665	      0.00000000	     12.80247346	     13.72297042	      0.00000000	     -4.69412586	     -1.85781225	     -3.84424075	      3.22717319	     -3.60484317	     14.85674954	     23.70054925	     80.87520939	      4.77397702	     -5.68287599	      7.38338071	     23.70439653	     77.62962341
      0.68333330	      5.86664279	      2.75966823	      4.37916044	     -0.65095875	      0.91573589	      0.01174555	    -12.26979427	      0.30348417	    -15.61215754	      0.00000000	      6.31816571	     -5.45240763	      0.00000000	    -10.83466546	      4.06025679	    -18.63912320	      0.00000000	     12.80826469	     13.73662206	      0.00000000	     -4.69040888	     -1.86384104	     -3.87665288	      3.19552560	     -3.60194014	     14.85931760	     23.70453990	     80.86775578	      4.75944185	     -5.67137104	      7.38706601	     23.70362374	     77.62357103
      0.70000000	      5.89924005	      2.75241885	      4.37054014	     -0.65117754	      0.91574004	      0.01172296	    -12.23102676	      0.29660616	    -15.60634904	      0.00000000	      6.31664791	     -5.44658824	      0.00000000	    -10.84407119	      4.05642603	    -18.64222178	      0.00000000	     12.81282382	     13.73995082	      0.00000000	     -4.69237579	     -1.86271834	     -3.88002034	      3.19181915	     -3.60020247	     14.85998278	     23.70670846	     80.86602489	      4.75350540	     -5.66990880	      7.38773147	     23.70264853	     77.62212113
      0.71666670	      5.91851201	      2.71283951	      4.23289527	     -0.65100540	      0.91572416	      0.01182046	    -12.16726788	      0.30671024	    -15.55523571	      0.00000000	      6.31172330	     -5.40322543	      0.00000000	    -10.84385845	      4.03820200	    -18.63346156	      0.00000000	     12.85879164	     13.77312670	      0.00000000	     -4.73644688	     -1.85170585	     -3.91707727	      3.16729991	     -3.58977257	     14.86395154	     23.72060971	     80.85452972	      4.73170927	     -5.64935831	      7.39344016	     23.70226065	     77.61297018
      0.73333330	      5.94837662	      2.70601135	      4.23420985	     -0.65095986	      0.91608745	      0.01166154	    -12.14522082	      0.30179426	    -15.54233242	      0.00000000	      6.31202818	     -5.39496877	      0.00000000	    -10.83705511	      4.03668855	    -18.63409547	      0.00000000	     12.86780430	     13.77678742	      0.00000000	     -4.73872270	     -1.84757627	     -3.91669018	      3.16700743	     -3.58705114	     14.86465685	     23.72404529	     80.85286501	      4.72424227	     -5.64792378	      7.39400561	     23.70133567	     77.61156271
      0.75000000	      5.95628802	      2.70493749	      4.23293142	     -0.65081402	      0.91629829	      0.01165555	    -12.14310298	      0.30065586	    -15.54026587	      0.00000000	      6.31208894	     -5.39367569	      0.00000000	    -10.83155957	      4.03632331	    -18.63360927	      0.00000000	     12.86918772	     13.77747327	      0.00000000	     -4.73914258	     -1.84714617	     -3.91715280	      3.16633131	     -3.58665387	     14.86477540	     23.72435738	     80.85263581	      4.72328602	     -5.64732581	      7.39415170	     23.70127947	     77.61138123
      0.76666670	      5.97313892	      2.67303769	      4.08957870	     -0.65124829	      0.91610399	      0.01186119	    -12.13767233	      0.28817588	    -15.26168836	      0.00000000	      6.30055094	     -5.21530076	      0.00000000	    -10.83228630	      4.03112973	    -18.59093988	      0.00000000	     13.00680517	     13.84439735	      0.00000000	     -4.80750008	     -1.79978671	     -3.99212269	      3.05072237	     -3.53232086	     14.88087007	     23.75184516	     80.82541881	      4.60311045	     -5.55362065	      7.41564212	     23.69345846	     77.59049545
      0.78333330	      6.04292184	      2.65314924	      3.97526093	     -0.65188200	      0.91547630	      0.01218461	    -12.21551029	      0.28245640	    -14.92260422	      0.00000000	      6.41345952	     -4.97672839	      0.00000000	    -10.89069890	      4.02778771	    -18.78463246	      0.00000000	     13.22036365	     13.87771632	      0.00000000	     -4.74006565	     -1.75945203	     -4.01516598	      3.13335049	     -3.55427353	     14.88517018	     23.92301809	     80.74008834	      4.49254874	     -5.59646112	      7.41541736	     23.73219679	     77.51924258
      0.80000000	      6.04446862	      2.65710520	      3.97181372	     -0.65190352	      0.91484696	      0.01234296	    -12.23819310	      0.28107470	    -14.92262584	      0.00000000	      6.41469597	     -4.97586390	      0.00000000	    -10.86646477	      4.02447575	    -18.78788864	      0.00000000	     13.21962867	     13.87835243	      0.00000000	     -4.74575693	     -1.75805246	     -4.01534096	      3.12933449	     -3.55297966	     14.88592081	     23.92341294	     80.73890178	      4.48934983	     -5.59501035	      7.41568354	     23.73235742	     77.51818962
      0.81666670	      6.03977624	      2.66253619	      3.97153639	     -0.65153056	      0.91494492	      0.01232318	    -12.26677252	      0.28367870	    -14.91884179	      0.00000000	      6.41601696	     -4.97337477	      0.00000000	    -10.84442453	      4.02310217	    -18.79385160	      0.00000000	     13.21687887	     13.87761675	      0.00000000	     -4.75214125	     -1.75825891	     -4.01636612	      3.12301631	     -3.54930914	     14.88714925	     23.92418489	     80.73745455	      4.48523898	     -5.59254725	      7.41618098	     23.73270438	     77.51690727
      0.83333330	      6.04787268	      2.68153657	      4.05527908	     -0.65113163	      0.91583409	      0.01219176	    -12.34385987	      0.29350605	    -14.84507245	      0.00000000	      6.43068885	     -4.93604030	      0.00000000	    -10.85720702	      4.01711892	    -18.85593166	      0.00000000	     13.17097894	     13.86588176	      0.00000000	     -4.77309617	     -1.77447348	     -4.02770554	      3.05075207	     -3.50163682	     14.90045567	     23.93420485	     80.72471067	      4.43107136	     -5.56381097	      7.42246857	     23.73397575	     77.50564013
      0.85000000	      6.03399041	      2.68312031	      4.04392472	     -0.65076779	      0.91685964	      0.01211991	    -12.37950197	      0.29878273	    -14.83860174	      0.00000000	      6.43273419	     -4.93286193	      0.00000000	    -10.84478383	      4.01625522	    -18.85673414	      0.00000000	     13.16468870	     13.86724293	      0.00000000	     -4.77121226	     -1.77690995	     -4.03124112	      3.04607326	     -3.49806148	     14.90134359	     23.93635613	     80.72333864	      4.43013710	     -5.56164531	      7.42291477	     23.73558932	     77.50448984
      0.86666670	      6.12743780	      2.68832101	      4.09545036	     -0.65044807	      0.91731207	      0.01212814	    -12.55932642	      0.32278014	    -14.61313652	      0.00000000	      6.48228104	     -4.83181980	      0.00000000	    -10.97112329	      3.99308778	    -18.87848237	      0.00000000	     13.02098265	     13.89223227	      0.00000000	     -4.67238455	     -1.81596675	     -4.06952560	      2.94471768	     -3.39720422	     14.92335800	     23.98631452	     80.69790675	      4.34708160	     -5.51533409	      7.43387468	     23.75074542	     77.48276622
      0.88333330	      6.10817504	      2.68878945	      4.08771489	     -0.65003661	      0.91701826	      0.01216883	    -12.58125289	      0.32496477	    -14.60721072	      0.00000000	      6.48595991	     -4.82945228	      0.00000000	    -10.97385811	      3.99412943	    -18.87800969	      0.00000000	     13.01607722	     13.89351327	      0.00000000	     -4.67579596	     -1.81517464	     -4.07090461	      2.94410974	     -3.39614146	     14.92364608	     23.98874291	     80.69657968	      4.34561967	     -5.51620776	      7.43384358	     23.75125957	     77.48165420
      0.90000000	      6.30562537	      2.70403715	      3.95071608	     -0.64973792	      0.91672794	      0.01245411	    -12.83024591	      0.30371712	    -14.14996077	      0.00000000	      6.91996988	     -4.64861891	      0.00000000	    -11.22345723	      4.01098144	    -19.03442158	      0.00000000	     12.77820154	     13.87837398	      0.00000000	     -4.89873507	     -1.80439476	     -4.14130366	      2.96370245	     -3.36724798	     14.93932641	     24.24841192	     80.55107983	      4.15677414	     -5.58679153	      7.42903881	     23.81747588	     77.35951996
      0.91666670	      6.29527804	      2.70242710	      3.95910386	     -0.64952829	      0.91650388	      0.01251066	    -12.83721863	      0.30374351	    -14.14799244	      0.00000000	      6.91866595	     -4.64644423	      0.00000000	    -11.23946089	      4.01059993	    -19.03619453	      0.00000000	     12.77901366	     13.87759062	      0.00000000	     -4.89476945	     -1.80289427	     -4.14077215	      2.96493447	     -3.36405357	     14.94003045	     24.25123057	     80.54967466	      4.15840063	     -5.58493125	      7.42904266	     23.82012580	     77.35824979
      0.93333330	      6.34007227	      2.69789344	      4.03811422	     -0.64999754	      0.91665968	      0.01258388	    -12.89185851	      0.32229907	    -14.11763682	      0.00000000	      6.91458793	     -4.62306836	      0.00000000	    -11.30354626	      3.98985950	    -19.05085450	      0.00000000	     12.79089019	     13.86851331	      0.00000000	     -4.84322563	     -1.79205361	     -4.13015911	      2.96026099	     -3.32602976	     14.94811758	     24.27593562	     80.53681600	      4.14238037	     -5.56487969	      7.43016688	     23.83531006	     77.34650550
      0.95000000	      6.34784577	      2.69532528	      4.04422920	     -0.65052145	      0.91694118	      0.01277655	    -12.86247184	      0.32121898	    -14.11549889	      0.00000000	      6.91591624	     -4.62132602	      0.00000000	    -11.33665698	      3.98389274	    -19.05085236	      0.00000000	     12.79147831	     13.86828381	      0.00000000	     -4.84204986	     -1.79220892	     -4.13179572	      2.95606612	     -3.32446973	     14.94869415	     24.27690936	     80.53544113	      4.13980004	     -5.56313549	      7.43030845	     23.83603947	     77.34530369
      0.96666670	      6.36537388	      2.69268811	      4.05108464	     -0.65101230	      0.91734717	      0.01287498	    -12.83205497	      0.32238940	    -14.11158180	      0.00000000	      6.91727516	     -4.61851196	      0.00000000	    -11.36202241	      3.97571613	    -19.05084930	      0.00000000	     12.79213214	     13.86789289	      0.00000000	     -4.84152366	     -1.79301018	     -4.13281219	      2.95274334	     -3.32137470	     14.94942428	     24.27860383	     80.53397230	      4.13633947	     -5.56156225	      7.43042084	     23.83632243	     77.34399718
      0.98333330	      6.38971278	      2.69003982	      4.05668060	     -0.65133311	      0.91781954	      0.01293386	    -12.79931278	      0.32748584	    -14.10591148	      0.00000000	      6.91858508	     -4.61429619	      0.00000000	    -11.38069857	      3.96609541	    -19.05057721	      0.00000000	     12.79278272	     13.86748646	      0.00000000	     -4.84372848	     -1.79446707	     -4.13463542	      2.95058674	     -3.31644171	     14.95031967	     24.28127092	     80.53226688	      4.13430521	     -5.55994299	      7.43047769	     23.83677142	     77.34247661
      1.00000000	      6.41139575	      2.68783993	      4.05988589	     -0.65199585	      0.91844926	      0.01302501	    -12.76965063	      0.33428338	    -14.10116661	      0.00000000	      6.91954665	     -4.61017886	      0.00000000	    -11.39170072	      3.95809429	    -19.05035797	      0.00000000	     12.79353965	     13.86718086	      0.00000000	     -4.84774597	     -1.79582867	     -4.13724755	      2.94978609	     -3.31103171	     14.95115978	     24.28422572	     80.53073033	      4.13477987	     -5.55868445	      7.43045824	     23.83748807	     77.34111047
      1.01666670	      6.42817699	      2.60337947	      4.02434556	     -0.65134329	      0.91792994	      0.01341799	    -12.74597987	      0.44438304	    -14.04798153	      0.00000000	      6.91045783	     -4.55208050	      0.00000000	    -11.39039254	      3.84952888	    -19.03715305	      0.00000000	     12.79901005	     13.86750694	      0.00000000	     -4.96339731	     -1.81309790	     -4.17727607	      2.98061681	     -3.21608531	     14.96322056	     24.34061208	     80.50787451	      4.18453301	     -5.54968805	      7.42746114	     23.85331891	     77.32061770
      1.03333330	      6.42383072	      2.61275370	      4.02819623	     -0.65087939	      0.91725067	      0.01366233	    -12.75928760	      0.45404838	    -14.04677024	      0.00000000	      6.90847554	     -4.54933529	      0.00000000	    -11.38984380	      3.85040809	    -19.03817904	      0.00000000	     12.79990833	     13.86650604	      0.00000000	     -4.96772024	     -1.80383682	     -4.17626256	      2.98544186	     -3.21419803	     14.96337086	     24.34470888	     80.50605664	      4.18537907	     -5.55167680	      7.42668327	     23.85350096	     77.31898780
      1.05000000	      6.41566304	      2.61877688	      4.02716113	     -0.65063519	      0.91666525	      0.01389408	    -12.78397009	      0.46392437	    -14.04806310	      0.00000000	      6.90617820	     -4.54815466	      0.00000000	    -11.38410361	      3.84829593	    -19.03859364	      0.00000000	     12.80148643	     13.86579366	      0.00000000	     -4.97008194	     -1.79841245	     -4.17529380	      2.98869496	     -3.21156559	     14.96365758	     24.34830009	     80.50449395	      4.18483831	     -5.55278034	      7.42611828	     23.85328245	     77.31757103
      1.06666670	      6.41327889	      2.62680039	      4.02455805	     -0.65100141	      0.91653790	      0.01423874	    -12.81237600	      0.47693013	    -14.05229500	      0.00000000	      6.90406495	     -4.54835302	      0.00000000	    -11.37359562	      3.84326977	    -19.03973863	      0.00000000	     12.80479135	     13.86455751	      0.00000000	     -4.96964092	     -1.79442399	     -4.17410247	      2.99023851	     -3.20779198	     14.96417842	     24.35205928	     80.50273538	      4.18227618	     -5.55357447	      7.42556433	     23.85254762	     77.31595321
      1.08333330	      6.42595643	      2.63536737	      4.02105980	     -0.65204223	      0.91699333	      0.01457861	    -12.82889971	      0.48847387	    -14.05904071	      0.00000000	      6.90352757	     -4.55011837	      0.00000000	    -11.35616241	      3.83733223	    -19.04236961	      0.00000000	     12.80889328	     13.86264785	      0.00000000	     -4.96791287	     -1.79265063	     -4.17358818	      2.99011665	     -3.20429389	     14.96471603	     24.35486884	     80.50127959	      4.17995627	     -5.55414173	      7.42511342	     23.85186158	     77.31460268
      1.10000000	      6.45661765	      2.64155289	      4.01652271	     -0.65310843	      0.91790151	      0.01481046	    -12.82864341	      0.49901673	    -14.07235726	      0.00000000	      6.90373094	     -4.55432589	      0.00000000	    -11.33125318	      3.83100852	    -19.04931813	      0.00000000	     12.81339719	     13.85862065	      0.00000000	     -4.96970404	     -1.79267530	     -4.17476974	      2.99150017	     -3.19944109	     14.96533709	     24.35844180	     80.49952644	      4.18219859	     -5.55526705	      7.42440583	     23.85212378	     77.31297871
      1.11666670	      6.45954608	      2.59629085	      3.95656071	     -0.65423020	      0.91875575	      0.01508278	    -12.71673399	      0.56096876	    -14.36615436	      0.00000000	      6.89012760	     -4.64177696	      0.00000000	    -11.24216428	      3.77199208	    -19.23568387	      0.00000000	     12.83279469	     13.76244478	      0.00000000	     -5.16366369	     -1.80940919	     -4.23086512	      3.10796713	     -3.12094623	     14.97002630	     24.43069151	     80.47083484	      4.37284158	     -5.57915714	      7.40893585	     23.89003661	     77.28706936
      1.13333330	      6.49291312	      2.59966064	      3.95938871	     -0.65348977	      0.91855620	      0.01509243	    -12.70091519	      0.55944857	    -14.36703765	      0.00000000	      6.88966143	     -4.64167460	      0.00000000	    -11.22879377	      3.77098494	    -19.23652603	      0.00000000	     12.83251226	     13.76211057	      0.00000000	     -5.16473765	     -1.80863247	     -4.23087027	      3.10889615	     -3.12106055	     14.96996751	     24.43112050	     80.47060088	      4.37356277	     -5.57923958	      7.40884077	     23.89014686	     77.28687155
      1.15000000	      6.47161461	      2.62580677	      3.95047800	     -0.65291906	      0.91751615	      0.01541789	    -12.55462310	      0.52409587	    -14.71937774	      0.00000000	      6.79479007	     -4.68139347	      0.00000000	    -11.10930398	      3.79343893	    -19.45482836	      0.00000000	     12.72985166	     13.68373327	      0.00000000	     -5.43042721	     -1.76566629	     -4.28542895	      3.23228946	     -3.13066036	     14.96099420	     24.49231398	     80.43235378	      4.53546289	     -5.57606988	      7.39648204	     23.92185504	     77.25535150
      1.16666670	      6.54313088	      2.60144744	      3.90105523	     -0.65212499	      0.91675485	      0.01588253	    -12.58170303	      0.56201283	    -14.86186107	      0.00000000	      6.72636147	     -4.65826570	      0.00000000	    -11.15531100	      3.74574640	    -19.48038522	      0.00000000	     12.65637168	     13.69416713	      0.00000000	     -5.42245165	     -1.81986479	     -4.29666097	      3.25821812	     -3.14156109	     14.95571334	     24.52882466	     80.40529022	      4.52681740	     -5.55613627	      7.39353021	     23.92417782	     77.23320952
      1.18333330	      6.55321323	      2.61315092	      3.89528215	     -0.65164188	      0.91598491	      0.01630051	    -12.59147834	      0.56164094	    -14.87071645	      0.00000000	      6.72334743	     -4.65669875	      0.00000000	    -11.14483517	      3.73851593	    -19.48207464	      0.00000000	     12.65440546	     13.69445968	      0.00000000	     -5.42556167	     -1.81522707	     -4.29772516	      3.25559995	     -3.14230966	     14.95568338	     24.52961989	     80.40354203	      4.52467280	     -5.55467377	      7.39325245	     23.92391136	     77.23174430
      1.20000000	      6.58550700	      2.60115497	      3.78279494	     -0.65103215	      0.91536967	      0.01674234	    -12.64158476	      0.57328659	    -14.96665787	      0.00000000	      6.71190186	     -4.65128643	      0.00000000	    -11.20181631	      3.72415977	    -19.48867843	      0.00000000	     12.64051285	     13.70138820	      0.00000000	     -5.40977341	     -1.81900145	     -4.31481654	      3.20595618	     -3.14767441	     14.95572516	     24.53284177	     80.38789798	      4.48216211	     -5.53595856	      7.39229213	     23.91931919	     77.21872763
      1.21666670	      6.57152417	      2.61309844	      3.77232509	     -0.65084393	      0.91491753	      0.01704152	    -12.67479506	      0.58062244	    -14.97271712	      0.00000000	      6.71105781	     -4.64908691	      0.00000000	    -11.19894174	      3.71779062	    -19.48976871	      0.00000000	     12.64062422	     13.70146026	      0.00000000	     -5.40607022	     -1.81849732	     -4.31492992	      3.20353181	     -3.14941361	     14.95544444	     24.53376778	     80.38628431	      4.47704282	     -5.53316482	      7.39223982	     23.91896165	     77.21739956
      1.23333330	      6.71479996	      2.60948078	      3.67257699	     -0.65032380	      0.91503951	      0.01729051	    -12.89345532	      0.60014787	    -15.06435832	      0.00000000	      6.74554481	     -4.55809054	      0.00000000	    -11.42523741	      3.69763321	    -19.52322222	      0.00000000	     12.66500149	     13.70269901	      0.00000000	     -5.24035081	     -1.83936990	     -4.29685413	      3.08928121	     -3.17139939	     14.95295074	     24.55302307	     80.34052343	      4.28199714	     -5.48510966	      7.38690676	     23.89657943	     77.17850643
      1.25000000	      6.69910808	      2.62322424	      3.64926580	     -0.65024495	      0.91577225	      0.01741269	    -12.91187760	      0.60708216	    -15.06678535	      0.00000000	      6.74908018	     -4.55271244	      0.00000000	    -11.42446928	      3.69141546	    -19.52117508	      0.00000000	     12.66682738	     13.70466712	      0.00000000	     -5.24162952	     -1.84079088	     -4.30417786	      3.08283392	     -3.17477896	     14.95249528	     24.55247079	     80.33832388	      4.28568699	     -5.48128072	      7.38661029	     23.89910458	     77.17673813
      1.26666670	      6.70650419	      2.63061188	      3.54174671	     -0.65074714	      0.91666032	      0.01785975	    -12.93156918	      0.60652294	    -15.07203553	      0.00000000	      6.77023991	     -4.52268329	      0.00000000	    -11.44755287	      3.69040320	    -19.50970041	      0.00000000	     12.67401770	     13.71432891	      0.00000000	     -5.22422016	     -1.86369750	     -4.34351493	      3.04420101	     -3.19239003	     14.95010462	     24.54771293	     80.32803553	      4.30137883	     -5.45734148	      7.38661791	     23.91231998	     77.16875969
      1.28333330	      6.70110763	      2.64310634	      3.52891415	     -0.65130384	      0.91687321	      0.01830592	    -12.95772276	      0.60951663	    -15.07162446	      0.00000000	      6.77331268	     -4.51646550	      0.00000000	    -11.43197846	      3.69033815	    -19.51063470	      0.00000000	     12.67597186	     13.71420159	      0.00000000	     -5.22002569	     -1.86552568	     -4.34659174	      3.04049699	     -3.19524647	     14.94966617	     24.54757562	     80.32635171	      4.30176219	     -5.45308376	      7.38671035	     23.91395962	     77.16746034
      1.30000000	      6.77368364	      2.74582668	      3.33762112	     -0.65136150	      0.91635154	      0.01881585	    -13.07770353	      0.47082189	    -15.73272780	      0.00000000	      7.85469476	     -2.35168689	      0.00000000	    -11.53759344	      3.81355683	    -19.89262516	      0.00000000	     12.70820249	     13.96591681	      0.00000000	     -5.26539175	     -1.99060347	     -4.01206873	      2.78684910	     -3.29078728	     14.88418575	     24.79708212	     79.56342521	      4.34314803	     -5.31062738	      7.20960887	     24.23192213	     76.54146854
      1.31666670	      6.77767166	      2.76230336	      3.31315922	     -0.65183270	      0.91587129	      0.01924638	    -13.08349970	      0.48188092	    -15.74182219	      0.00000000	      7.84893591	     -2.35134500	      0.00000000	    -11.52648996	      3.80754867	    -19.89516516	      0.00000000	     12.71214378	     13.96338859	      0.00000000	     -5.26013176	     -2.00533163	     -4.02931119	      2.78616694	     -3.29365418	     14.88297176	     24.79804546	     79.55955556	      4.35916772	     -5.30690376	      7.21032865	     24.23610533	     76.53890077
      1.33333330	      6.77586703	      2.76388734	      3.24129706	     -0.65134422	      0.91570418	      0.01970923	    -13.06341662	      0.49093125	    -15.76625980	      0.00000000	      7.83481385	     -2.34897225	      0.00000000	    -11.52389995	      3.80115038	    -19.90916027	      0.00000000	     12.71586424	     13.95537052	      0.00000000	     -5.25605709	     -2.05006833	     -4.08878437	      2.77959687	     -3.29839079	     14.88032010	     24.79770531	     79.55003640	      4.42377080	     -5.28603963	      7.21404136	     24.25557987	     76.53306712
      1.35000000	      6.77034987	      2.76444461	      3.20040326	     -0.65065192	      0.91590358	      0.01987393	    -13.04150311	      0.49742139	    -15.79154506	      0.00000000	      7.80559745	     -2.33511837	      0.00000000	    -11.51163203	      3.79616476	    -19.94639350	      0.00000000	     12.71694364	     13.94133482	      0.00000000	     -5.25695864	     -2.09703159	     -4.15294741	      2.77411289	     -3.29135880	     14.87888781	     24.79839276	     79.53542667	      4.49398334	     -5.24867019	      7.22182392	     24.27888382	     76.52414276
      1.36666670	      6.75869120	      2.77352396	      3.19648178	     -0.64957506	      0.91588547	      0.01996297	    -13.04907166	      0.50216261	    -15.79307463	      0.00000000	      7.80188466	     -2.33326507	      0.00000000	    -11.51204154	      3.79160662	    -19.94950148	      0.00000000	     12.71635244	     13.94048537	      0.00000000	     -5.25849321	     -2.09891966	     -4.15780344	      2.77454394	     -3.29060267	     14.87876988	     24.79849853	     79.53407387	      4.49955841	     -5.24361757	      7.22285081	     24.28105025	     76.52336495
      1.38333330	      6.73307593	      2.77779877	      3.18303832	     -0.64865487	      0.91597685	      0.02003098	    -13.06440148	      0.50493208	    -15.79751484	      0.00000000	      7.79473596	     -2.33034280	      0.00000000	    -11.52361827	      3.78104374	    -19.95625251	      0.00000000	     12.71556444	     13.93900096	      0.00000000	     -5.25483530	     -2.10675726	     -4.17209389	      2.76796199	     -3.28921390	     14.87882565	     24.79683063	     79.53187876	      4.50972448	     -5.22758211	      7.22592418	     24.28657107	     76.52232135
      1.40000000	      6.73106163	      2.75034635	      3.09567693	     -0.64865815	      0.91666865	      0.02025904	    -13.08274696	      0.52293981	    -15.83795329	      0.00000000	      7.74423203	     -2.31263020	      0.00000000	    -11.57527720	      3.75519430	    -20.01079235	      0.00000000	     12.71601506	     13.92898825	      0.00000000	     -5.19281543	     -2.16355093	     -4.26902796	      2.69899108	     -3.27642231	     14.88107521	     24.77958214	     79.51909694	      4.55374502	     -5.10310599	      7.25015069	     24.32161450	     76.51709606
      1.41666670	      6.72989929	      2.72640838	      3.03997617	     -0.64860500	      0.91738190	      0.02041431	    -13.10582263	      0.53951753	    -15.95064241	      0.00000000	      7.61740708	     -2.27646326	      0.00000000	    -11.65399955	      3.73351427	    -20.14374110	      0.00000000	     12.72699616	     13.91442303	      0.00000000	     -5.09156481	     -2.17011979	     -4.32366851	      2.64141774	     -3.23410080	     14.88706649	     24.76038363	     79.49269253	      4.53009033	     -4.93957688	      7.28851694	     24.34574872	     76.50414775
      1.43333330	      6.69039355	      2.72817039	      3.03446566	     -0.64851093	      0.91710532	      0.02062806	    -13.09169405	      0.55107925	    -15.96009951	      0.00000000	      7.60959581	     -2.27489548	      0.00000000	    -11.70202927	      3.73619056	    -20.15063341	      0.00000000	     12.72731442	     13.91513709	      0.00000000	     -5.09063428	     -2.16813742	     -4.32519443	      2.64096075	     -3.23462034	     14.88692219	     24.75862661	     79.49096517	      4.53035303	     -4.93535675	      7.28999587	     24.34656971	     76.50322419
      1.45000000	      6.66676601	      2.61284605	      2.85032789	     -0.64806114	      0.91608949	      0.02103551	    -13.07550769	      0.65584129	    -16.35102204	      0.00000000	      7.25691679	     -2.17699381	      0.00000000	    -11.78704437	      3.64819005	    -20.53184178	      0.00000000	     12.86191669	     13.92985527	      0.00000000	     -4.90801469	     -2.04726824	     -4.26567911	      2.61985204	     -3.21092795	     14.89410739	     24.67160577	     79.41759013	      4.41878024	     -4.77512677	      7.35614381	     24.35509239	     76.46284838
      1.46666670	      6.63696153	      2.61745811	      2.83566966	     -0.64841178	      0.91502587	      0.02130782	    -13.06785685	      0.67063282	    -16.35548550	      0.00000000	      7.25405256	     -2.17464002	      0.00000000	    -11.82014527	      3.64952162	    -20.53330729	      0.00000000	     12.86325689	     13.93431181	      0.00000000	     -4.90682647	     -2.04939829	     -4.27229884	      2.61568919	     -3.21436670	     14.89385468	     24.66773190	     79.41590936	      4.42543474	     -4.77073073	      7.35761797	     24.35793773	     76.46200016
      1.48333330	      6.63271101	      2.59031485	      2.73279236	     -0.64951744	      0.91463580	      0.02173147	    -13.05186017	      0.69587073	    -16.39314638	      0.00000000	      7.24169823	     -2.16396987	      0.00000000	    -11.83237569	      3.62443890	    -20.56026736	      0.00000000	     12.88902970	     13.95073890	      0.00000000	     -4.87562365	     -2.08037542	     -4.31209580	      2.59191266	     -3.21761812	     14.89507583	     24.64741331	     79.40555658	      4.46858982	     -4.72605118	      7.37051310	     24.38221712	     76.45711036
      1.50000000	      6.64059211	      2.60520587	      2.73784741	     -0.65006487	      0.91468294	      0.02185443	    -13.06607355	      0.69817526	    -16.39398880	      0.00000000	      7.23906691	     -2.15883827	      0.00000000	    -11.80906614	      3.61289179	    -20.57208631	      0.00000000	     12.89538603	     13.95077892	      0.00000000	     -4.86821973	     -2.08089407	     -4.31106203	      2.59258861	     -3.21386040	     14.89598490	     24.64555946	     79.40357950	      4.47023169	     -4.71724700	      7.37328399	     24.38562518	     76.45612167
      1.51666670	      6.65144397	      2.61829256	      2.74783034	     -0.65028384	      0.91467758	      0.02188617	    -13.08899379	      0.69524497	    -16.39004714	      0.00000000	      7.23797504	     -2.15302077	      0.00000000	    -11.77387711	      3.60125211	    -20.58345397	      0.00000000	     12.89976586	     13.95004062	      0.00000000	     -4.86196860	     -2.08356604	     -4.31164421	      2.59310821	     -3.20850920	     14.89707465	     24.64451543	     79.40203330	      4.47398844	     -4.70698460	      7.37613030	     24.39001390	     76.45542960
      1.53333330	      6.64606401	      2.66425650	      2.92527979	     -0.65053120	      0.91446900	      0.02165609	    -13.12717117	      0.68387400	    -16.30905376	      0.00000000	      7.25156172	     -2.09294602	      0.00000000	    -11.70654299	      3.60348644	    -20.67150250	      0.00000000	     12.91265323	     13.94925595	      0.00000000	     -4.82330814	     -2.12269652	     -4.32939193	      2.59357717	     -3.15429064	     14.90739767	     24.63797250	     79.39023575	      4.52410241	     -4.61897025	      7.40064491	     24.43412063	     76.45055897
      1.55000000	      6.61709889	      2.71737072	      3.01966517	     -0.65031039	      0.91448023	      0.02152944	    -13.14446115	      0.64320222	    -16.15901063	      0.00000000	      7.35052168	     -1.99892553	      0.00000000	    -11.62098197	      3.62707038	    -20.72507137	      0.00000000	     12.87930552	     14.02134973	      0.00000000	     -4.77341494	     -2.21416018	     -4.41383070	      2.51932563	     -3.08411809	     14.92415659	     24.59971648	     79.36474052	      4.62285507	     -4.50061523	      7.44594338	     24.51512045	     76.44013355
      1.56666670	      6.61838985	      2.72019571	      3.01498986	     -0.65023996	      0.91527644	      0.02156570	    -13.17651326	      0.63646103	    -16.15527159	      0.00000000	      7.35738034	     -1.99676904	      0.00000000	    -11.58104239	      3.62399092	    -20.72446960	      0.00000000	     12.87705530	     14.02643825	      0.00000000	     -4.77151516	     -2.21554429	     -4.41141986	      2.51903108	     -3.08225657	     14.92459777	     24.59876112	     79.36341659	      4.61996481	     -4.50207999	      7.44735917	     24.51577431	     76.43947030
      1.58333330	      6.59860465	      2.77674560	      3.12441903	     -0.65020361	      0.91623698	      0.02139212	    -13.20952932	      0.59524561	    -16.07696926	      0.00000000	      7.45251198	     -1.96341810	      0.00000000	    -11.52222054	      3.66798044	    -20.74949114	      0.00000000	     12.81982889	     14.07965415	      0.00000000	     -4.75192111	     -2.23550003	     -4.38482582	      2.50495457	     -3.04865291	     14.93244144	     24.58579830	     79.34745949	      4.57626291	     -4.50555231	      7.46825263	     24.52356132	     76.43171343
      1.60000000	      6.51878290	      2.91323222	      3.08241106	     -0.65002635	      0.91640821	      0.02143906	    -13.17149323	      0.43952722	    -15.98203745	      0.00000000	      7.89416545	     -1.89942873	      0.00000000	    -11.42267367	      3.83229585	    -20.94741799	      0.00000000	     12.49837270	     14.32983281	      0.00000000	     -4.60949448	     -2.45986425	     -4.40821962	      2.38596561	     -2.94890750	     14.96022445	     24.49491328	     79.25051600	      4.45631564	     -4.52577832	      7.59443074	     24.59819560	     76.38668311
      1.61666670	      6.52450780	      2.90942093	      3.07868077	     -0.65033295	      0.91598636	      0.02135281	    -13.18061097	      0.44677520	    -15.98554369	      0.00000000	      7.89386877	     -1.89832316	      0.00000000	    -11.40621616	      3.84180757	    -20.95185176	      0.00000000	     12.49906054	     14.33120454	      0.00000000	     -4.60780020	     -2.45938817	     -4.40592035	      2.38790859	     -2.94837953	     14.96036813	     24.49450274	     79.24894057	      4.45356379	     -4.52964819	      7.59581329	     24.59826339	     76.38584667
      1.63333330	      6.53710851	      2.90613801	      3.07971477	     -0.65073721	      0.91557099	      0.02124236	    -13.17764414	      0.45082623	    -15.99068714	      0.00000000	      7.89423267	     -1.89796486	      0.00000000	    -11.39394780	      3.85341923	    -20.95983452	      0.00000000	     12.49887527	     14.33141735	      0.00000000	     -4.60850080	     -2.45688513	     -4.40101420	      2.39017674	     -2.94686305	     14.96071894	     24.49416679	     79.24716359	      4.44532851	     -4.53422573	      7.59750978	     24.59632163	     76.38486657
      1.65000000	      6.55401825	      2.90325408	      3.08315354	     -0.65108113	      0.91579690	      0.02113341	    -13.16746598	      0.44885945	    -15.99722737	      0.00000000	      7.89572493	     -1.89845039	      0.00000000	    -11.38023071	      3.86376689	    -20.96952711	      0.00000000	     12.49805520	     14.33116482	      0.00000000	     -4.61270187	     -2.45226538	     -4.39272538	      2.39389078	     -2.94469540	     14.96116215	     24.49426257	     79.24525939	      4.43073312	     -4.54001080	      7.59932078	     24.59173072	     76.38375600
      1.66666670	      6.53560663	      2.92256488	      3.05748058	     -0.65139220	      0.91629103	      0.02111126	    -13.10931712	      0.41117797	    -16.07535475	      0.00000000	      7.90971664	     -1.91154374	      0.00000000	    -11.32994774	      3.90275145	    -21.04672298	      0.00000000	     12.48294945	     14.33377007	      0.00000000	     -4.69659928	     -2.39713690	     -4.30809306	      2.44988380	     -2.93135797	     14.96344321	     24.49979452	     79.22813223	      4.28248494	     -4.59681640	      7.61436180	     24.53650440	     76.37332815
      1.68333330	      6.56337791	      2.90996184	      3.05248600	     -0.65178752	      0.91641315	      0.02093355	    -13.07070391	      0.40505955	    -16.08068523	      0.00000000	      7.91065463	     -1.91231907	      0.00000000	    -11.34084718	      3.90753386	    -21.04961879	      0.00000000	     12.48193329	     14.33507821	      0.00000000	     -4.69650851	     -2.39838725	     -4.30826942	      2.44994383	     -2.93161017	     14.96350901	     24.49938758	     79.22709502	      4.27840590	     -4.59903185	      7.61529418	     24.53490440	     76.37271148
      1.70000000	      6.50966929	      2.78129203	      2.71587744	     -0.65254954	      0.91592862	      0.02126755	    -12.85745193	      0.44580995	    -16.28938374	      0.00000000	      7.69306390	     -1.62404948	      0.00000000	    -11.28478976	      3.85573688	    -21.58785454	      0.00000000	     12.49700433	     14.64292349	      0.00000000	     -4.72759837	     -2.18191742	     -4.32600717	      2.67549681	     -2.94447851	     15.03481906	     24.42443787	     78.99890290	      4.05548320	     -4.68523541	      7.81392287	     24.42344934	     76.21820111
      1.71666670	      6.51729267	      2.73983270	      2.58348784	     -0.65266973	      0.91580125	      0.02130073	    -12.76092003	      0.45397227	    -16.37569079	      0.00000000	      7.70970105	     -1.65576664	      0.00000000	    -11.31644511	      3.85596334	    -21.55628563	      0.00000000	     12.51803820	     14.67519707	      0.00000000	     -4.76140086	     -2.17997442	     -4.29255345	      2.72443731	     -2.96402462	     15.03608239	     24.42774760	     78.98721453	      4.03811356	     -4.72606049	      7.81547524	     24.40695020	     76.20834802
      1.73333330	      6.53256067	      2.72945335	      2.58563990	     -0.65285277	      0.91604760	      0.02118710	    -12.72079870	      0.45728932	    -16.38474251	      0.00000000	      7.70906673	     -1.65774827	      0.00000000	    -11.33442766	      3.86725505	    -21.55590937	      0.00000000	     12.52194896	     14.67681410	      0.00000000	     -4.76777148	     -2.17618503	     -4.28274204	      2.73187309	     -2.96483797	     15.03656638	     24.42877918	     78.98594501	      4.02991174	     -4.73441657	      7.81501500	     24.40228332	     76.20707153
      1.75000000	      6.50240055	      2.70110920	      2.44298026	     -0.65250704	      0.91621317	      0.02124648	    -12.63649067	      0.45881002	    -16.53776931	      0.00000000	      7.67468466	     -1.68817477	      0.00000000	    -11.30282333	      3.86599786	    -21.50937648	      0.00000000	     12.57711924	     14.70588197	      0.00000000	     -4.90440636	     -2.10347012	     -4.12527030	      2.85156072	     -2.99527329	     15.03951121	     24.44477345	     78.96982645	      3.88818006	     -4.87159502	      7.80271426	     24.31956429	     76.18963233
      1.76666670	      6.51588744	      2.70407269	      2.44190982	     -0.65207399	      0.91603411	      0.02107311	    -12.63296413	      0.45982893	    -16.53808148	      0.00000000	      7.67402421	     -1.68784369	      0.00000000	    -11.29499052	      3.86451606	    -21.50900237	      0.00000000	     12.57779411	     14.70598281	      0.00000000	     -4.90522664	     -2.10323809	     -4.12427988	      2.85251682	     -2.99553167	     15.03957942	     24.44490405	     78.96964133	      3.88766945	     -4.87250284	      7.80261258	     24.31909549	     76.18943060
      1.78333330	      6.52033631	      2.69325804	      2.43999844	     -0.65152280	      0.91565103	      0.02087166	    -12.66148179	      0.45085842	    -16.55129406	      0.00000000	      7.64515805	     -1.66571113	      0.00000000	    -11.28552256	      3.85701601	    -21.45063879	      0.00000000	     12.61749226	     14.72080093	      0.00000000	     -4.95544605	     -2.06830754	     -4.02805236	      2.89616169	     -3.03359199	     15.04137179	     24.44951827	     78.95834932	      3.77734005	     -4.95313090	      7.79233696	     24.26323898	     76.17620693
      1.80000000	      6.57465067	      2.66160037	      2.32778384	     -0.65152525	      0.91595776	      0.02108766	    -12.69001196	      0.46546692	    -16.53213387	      0.00000000	      7.62873896	     -1.61757108	      0.00000000	    -11.33680406	      3.82727297	    -21.28803080	      0.00000000	     12.68300544	     14.75196829	      0.00000000	     -4.99498416	     -2.03390229	     -3.93359683	      2.91203216	     -3.10781206	     15.04557768	     24.44802283	     78.93779568	      3.64462106	     -5.04945827	      7.77619046	     24.19500667	     76.15233545
      1.81666670	      6.59483582	      2.65933876	      2.33185506	     -0.65169565	      0.91697209	      0.02103978	    -12.69142326	      0.45549550	    -16.52629301	      0.00000000	      7.62950179	     -1.61291718	      0.00000000	    -11.32795386	      3.81747080	    -21.27928966	      0.00000000	     12.68768400	     14.75055435	      0.00000000	     -4.99468258	     -2.02998794	     -3.92510358	      2.91395282	     -3.11032040	     15.04630530	     24.44899225	     78.93642274	      3.63519189	     -5.05461557	      7.77496552	     24.19104370	     76.15060454
      1.83333330	      6.96885497	      2.55673454	      2.15951111	     -0.65165941	      0.91846029	      0.02084190	    -13.08086486	      0.52007108	    -16.25302121	      0.00000000	      7.84453726	     -1.18279887	      0.00000000	    -11.74001269	      3.73339344	    -20.63042849	      0.00000000	     12.90051814	     13.87516402	      0.00000000	     -5.50878691	     -1.83415089	     -3.57205963	      3.00659938	     -3.28775754	     15.19953709	     24.56921225	     78.70842101	      3.63003801	     -5.03079056	      7.63751625	     24.14151127	     75.87291639
      1.85000000	      7.00635387	      2.58246761	      2.16186133	     -0.65159637	      0.91906739	      0.02038786	    -13.13704855	      0.47498943	    -16.25473401	      0.00000000	      7.82368547	     -1.15691007	      0.00000000	    -11.76484770	      3.76216124	    -20.54527175	      0.00000000	     12.79844073	     13.85069787	      0.00000000	     -5.49827789	     -1.81399972	     -3.48065022	      3.02100069	     -3.34952404	     15.20119193	     24.57656658	     78.68907655	      3.52069218	     -5.13892674	      7.61311948	     24.09583283	     75.84952080
      1.86666670	      7.05126290	      2.57872248	      2.08451461	     -0.65228095	      0.91873809	      0.01977358	    -13.15695517	      0.42080577	    -16.20707645	      0.00000000	      7.82126334	     -1.11427100	      0.00000000	    -11.79081290	      3.80168594	    -20.43113247	      0.00000000	     12.70919506	     13.79248355	      0.00000000	     -5.54445297	     -1.80994310	     -3.40852762	      3.01157381	     -3.41169970	     15.20248744	     24.57149009	     78.67173704	      3.41465726	     -5.19924621	      7.59577313	     24.05776698	     75.82905788
      1.88333330	      7.49230341	      2.61151273	      2.02930963	     -0.65422453	      0.91851824	      0.01928023	    -13.58522168	      0.33842254	    -16.00346178	      0.00000000	      8.02812836	     -0.80482758	      0.00000000	    -12.20724666	      3.89382387	    -18.83616607	      0.00000000	     11.82947748	     10.90059441	      0.00000000	     -6.25548113	     -1.78296771	     -2.97652887	      3.05908179	     -3.67974354	     15.42367931	     24.78189075	     78.17599348	      3.63541674	     -5.10555585	      7.28615722	     24.27136381	     75.27147076
      1.90000000	      7.50531570	      2.61912172	      2.04071792	     -0.65497914	      0.91813279	      0.01845117	    -13.55565643	      0.27516315	    -15.91686340	      0.00000000	      8.06795615	     -0.77473444	      0.00000000	    -12.17656031	      3.95093509	    -18.75778230	      0.00000000	     11.80094963	     10.87469944	      0.00000000	     -6.33704223	     -1.74060811	     -2.88603807	      3.11460863	     -3.71734938	     15.41909423	     24.79457973	     78.16055021	      3.50251565	     -5.19266376	      7.27155556	     24.21122105	     75.25569079
      1.91666670	      7.84980452	      2.63970152	      1.82520347	     -0.65545643	      0.91876892	      0.01752286	    -13.85441033	      0.13187967	    -15.24802958	      0.00000000	      8.53832905	     -0.74255610	      0.00000000	    -12.50339492	      4.10020589	    -17.70889481	      0.00000000	     11.13627492	      8.70784167	      0.00000000	     -6.86859780	     -1.67511708	     -2.63041667	      3.33881528	     -3.97723761	     15.49552715	     24.87347663	     77.75897328	      3.53192552	     -5.20381208	      7.08140200	     24.19934338	     74.85250889
      1.93333330	      7.90017828	      2.70491687	      1.85355690	     -0.65435877	      0.91945801	      0.01640903	    -13.93345279	     -0.02276077	    -14.80254469	      0.00000000	      8.70597013	     -0.62452773	      0.00000000	    -12.54592891	      4.23339886	    -17.24609903	      0.00000000	     11.06192112	      8.49646140	      0.00000000	     -7.00035749	     -1.74628498	     -2.57361842	      3.36302326	     -4.02399085	     15.49971202	     24.89765727	     77.67955334	      3.35139742	     -5.22862365	      7.05347847	     24.09330731	     74.77629048
      1.95000000	      8.26554803	      2.75650054	      1.90130881	     -0.65354452	      0.91990864	      0.01526768	    -14.39523043	     -0.16387980	    -14.35807064	      0.00000000	      9.04004396	     -0.77472380	      0.00000000	    -12.93836011	      4.36663399	    -15.97762217	      0.00000000	     10.40558766	      6.19811743	      0.00000000	     -7.63891171	     -1.69481151	     -2.39718119	      3.46159068	     -4.18718653	     15.53039152	     25.00178380	     77.24690809	      3.37440037	     -5.21224416	      6.82465939	     23.78312153	     74.33856693
      1.96666670	      8.31165498	      2.83155538	      1.95301340	     -0.65234009	      0.91969675	      0.01429909	    -14.60795338	     -0.34078944	    -13.88640588	      0.00000000	      9.40015087	     -0.74896572	      0.00000000	    -13.06444351	      4.51518774	    -15.54308482	      0.00000000	     10.46921262	      5.97752638	      0.00000000	     -7.66241508	     -1.78802064	     -2.30394154	      3.44374843	     -4.27439170	     15.51672790	     25.02508210	     77.16313278	      3.04251141	     -5.27669388	      6.78454621	     23.57638874	     74.25539225
      1.98333330	      8.60505440	      2.85320623	      2.02697967	     -0.65225049	      0.92008051	      0.01304390	    -15.06551058	     -0.43648009	    -13.48067782	      0.00000000	      9.66256252	     -1.12316319	      0.00000000	    -13.42923913	      4.60607875	    -14.51431525	      0.00000000	     10.02451326	      4.18827248	      0.00000000	     -8.25464674	     -1.78668474	     -2.13073575	      3.62647415	     -4.43266815	     15.49305815	     25.16137847	     76.78360756	      3.03973500	     -5.28134730	      6.48625787	     22.95010741	     73.83666822
      2.00000000	      8.57222839	      2.86625039	      2.07268497	     -0.65153486	      0.92011237	      0.01144645	    -15.16011647	     -0.55371476	    -13.37926134	      0.00000000	      9.78653441	     -1.15606343	      0.00000000	    -13.45169107	      4.71086744	    -14.31662985	      0.00000000	     10.07943048	      4.14762159	      0.00000000	     -8.34788800	     -1.78029825	     -1.92188562	      3.67383426	     -4.53903856	     15.47452915	     25.16151287	     76.75883581	      2.65063638	     -5.39030244	      6.45918344	     22.76003387	     73.80779085
      2.01666670	      8.74237678	      2.90789534	      2.10276695	     -0.65066416	      0.91971369	      0.00959630	    -15.45945285	     -0.70021494	    -12.90153449	      0.00000000	     10.27685842	     -1.51145772	      0.00000000	    -13.65582350	      4.86355612	    -13.60832439	      0.00000000	     10.29082627	      3.16539799	      0.00000000	     -8.72500034	     -1.84695391	     -1.80124841	      3.89629082	     -4.57179913	     15.45852510	     25.23068076	     76.59007524	      2.49258528	     -5.45802001	      6.20940134	     22.10453288	     73.57821676
      2.03333330	      8.69637311	      2.88911263	      2.29046821	     -0.64941398	      0.91811873	      0.00741083	    -15.53851352	     -0.76260096	    -12.89379088	      0.00000000	     10.27168333	     -1.52567992	      0.00000000	    -13.60127879	      4.91655748	    -13.56832043	      0.06155435	     10.29868612	      3.13784384	      0.00000000	     -8.82330008	     -1.80988526	     -1.59323309	      4.01933662	     -4.63687813	     15.44458511	     25.24883005	     76.58315533	      2.23975211	     -5.55934554	      6.18735727	     21.98318493	     73.56635515
      2.05000000	      8.79846152	      2.91730176	      2.27250577	     -0.64799464	      0.91627060	      0.00511952	    -15.75854219	     -0.93646571	    -12.69813561	      0.00000000	     10.46527278	     -1.76194431	      0.00000000	    -13.42026600	      5.00793845	    -13.10965054	      0.81736858	     10.99206987	      2.52462824	      0.00000000	     -9.17477189	     -1.85561609	     -1.39917311	      4.33227921	     -5.01977726	     15.36955233	     25.26221073	     76.51458093	      1.93503736	     -5.75216987	      5.99853105	     21.47898916	     73.45043005
      2.06666670	      8.75885876	      2.84035447	      2.50578684	     -0.64684068	      0.91430508	      0.00270022	    -15.86706310	     -0.92430388	    -12.38771815	      0.00000000	     10.22340398	     -2.84748416	      0.00000000	    -13.14607086	      4.98655711	    -11.92389803	      1.34949049	     11.10777961	      0.81025019	      0.00000000	     -9.48608012	     -1.74409129	     -1.32564239	      4.55766367	     -5.10167975	     15.35815470	     25.36187406	     76.18512553	      2.09981260	     -5.65893896	      4.96713199	     19.88841096	     72.79001355
      2.08333330	      8.70459612	      2.85211417	      2.49563728	     -0.64386601	      0.91229719	      0.00052784	    -16.03121733	     -1.07290749	    -12.33430192	      0.00000000	     10.37007812	     -2.90214045	      0.00000000	    -13.06590101	      5.11867730	    -11.79490942	      1.63479935	     11.26001492	      0.74121120	      0.00000000	     -9.59170754	     -1.76475139	     -0.99412515	      4.75775496	     -5.25249185	     15.32442527	     25.39826376	     76.16771043	      1.69576111	     -5.92854518	      4.89620526	     19.69389981	     72.75613263
      2.10000000	      8.70632498	      2.97706670	      2.54105562	     -0.64083832	      0.91031751	     -0.00203846	    -16.30273738	     -1.33121073	    -12.04593738	      0.00000000	     10.83978521	     -3.09551094	      0.00000000	    -12.88360831	      5.34869359	    -11.63175071	      2.34311931	     12.16716118	      0.18751268	      0.00000000	     -9.78272772	     -2.00294460	     -0.77729074	      4.96249783	     -5.47246686	     15.26500278	     25.47835165	     76.11553009	      1.45043653	     -6.21668723	      4.68208385	     19.41322427	     72.64253619
      2.11666670	      8.62535366	      2.94994012	      2.56559373	     -0.63705696	      0.90916142	     -0.00482389	    -16.48869933	     -1.43757297	    -12.08425408	      0.00000000	     10.92864666	     -3.21325550	      0.00000000	    -12.86407412	      5.46470665	    -11.45554799	      2.61402348	     12.33024437	      0.12733966	      0.00000000	     -9.85162578	     -1.94595601	     -0.46714399	      5.14053227	     -5.63286332	     15.22458266	     25.52662609	     76.09873021	      1.06735341	     -6.51947497	      4.58405374	     19.19278420	     72.60097854
      2.13333330	      8.56104010	      2.96732759	      2.65757466	     -0.63251941	      0.90940533	     -0.00804178	    -16.72229423	     -1.58113770	    -12.09153478	      0.00769996	     11.06784778	     -3.41368028	      0.00000000	    -12.95420089	      5.64391539	    -11.27242580	      2.86211205	     12.75770646	     -0.05056659	      0.00000000	     -9.85636184	     -1.99091791	     -0.25665217	      5.24025234	     -5.94485770	     15.15403055	     25.55084218	     76.07386241	      0.70351054	     -6.88365899	      4.44334957	     18.92980825	     72.54150216
      2.15000000	      8.38395009	      2.97984814	      2.92168736	     -0.62916178	      0.91034263	     -0.01142062	    -16.48169372	     -1.75374795	    -11.35541475	      0.69906799	     10.70465973	     -5.59044666	      0.00000000	    -12.95682896	      5.84450121	    -10.36080672	      3.03843797	     13.45335617	     -1.07364494	      0.00000000	     -9.82549042	     -2.05307316	     -0.21231967	      5.04158229	     -6.15325134	     14.61046833	     26.28208138	     75.57512021	      1.06558701	     -6.65344182	      2.02337365	     17.31952407	     71.24738724
      2.16666670	      8.38647083	      2.92007626	      3.03531568	     -0.62554185	      0.91041572	     -0.01440858	    -16.03803847	     -1.96451911	    -11.50163890	      2.06377274	     10.99441764	     -6.07143288	      0.00000000	    -13.41627428	      5.99114813	    -10.11012428	      2.75313649	     13.79636012	     -1.03297859	      0.00000000	    -10.02717217	     -2.00258099	     -0.08666629	      5.14679099	     -6.39440675	     14.51296098	     26.26089938	     75.52778723	      0.88256753	     -6.96715933	      1.86484986	     17.23725996	     71.16351399
      2.18333330	      8.11096961	      2.87579653	      3.15457148	     -0.62066419	      0.90863979	     -0.01761000	    -14.81239459	     -2.28437685	    -10.76585632	      4.36894453	     11.30010567	     -7.89675506	      0.00000000	    -13.58103163	      6.16297748	     -9.85869230	      2.47206445	     13.87297842	     -1.07639004	      0.00000000	     -9.95539126	     -2.00561466	     -0.05931814	      5.15601435	     -6.61283388	     14.01406610	     26.32373889	     75.21713655	      0.77536925	     -7.13505315	      0.85013602	     17.04341547	     70.56410177
      2.20000000	      8.22436894	      2.92266630	      3.54754006	     -0.61477688	      0.90688640	     -0.02144672	    -13.68187723	     -2.68540477	    -10.59339114	      7.59514004	     11.89664187	     -9.47785556	      0.00000000	    -14.35391091	      6.33402743	     -9.28857069	      2.00749304	     14.01181737	     -0.74366712	      0.00000000	    -10.39206344	     -2.07889319	     -0.29229039	      5.21790199	     -6.81324703	     13.81915526	     26.32417779	     75.12487953	      0.87042700	     -7.50138591	      0.56395624	     16.92167943	     70.40516234
      2.21666670	      7.77231946	      2.88119415	      3.80623871	     -0.60780944	      0.90514126	     -0.02573142	    -11.38717798	     -3.05696964	     -8.98623009	     11.96583028	     11.33072283	    -13.83971052	      0.00000000	    -14.59848601	      6.48879643	     -8.96550114	      1.60007358	     14.21219247	     -0.52320813	      0.00000000	    -10.02364999	     -2.02362494	     -0.48932175	      5.10403771	     -6.98293320	     13.23312376	     26.20728419	     74.86875198	      0.83042615	     -7.64090597	     -0.17782575	     16.72226951	     69.96920571
      2.23333330	      7.53527892	      3.02679171	      4.20666946	     -0.60084780	      0.90380210	     -0.02952686	     -8.89677240	     -3.50996418	     -7.55922192	     17.26978459	     10.71950347	    -18.51301004	      0.00000000	    -15.09625723	      6.73767200	     -8.60343426	      1.19623027	     14.44850311	     -0.14384615	      0.00000000	    -10.04935964	     -2.23421146	     -0.90354754	      4.94570501	     -7.02154250	     12.67628108	     26.01532270	     74.66672005	      0.99543771	     -7.94312690	     -0.68896893	     16.61547144	     69.66449726
      2.25000000	      7.14586232	      3.29276528	      4.66543234	     -0.59377056	      0.90233313	     -0.03315899	     -5.86261218	     -3.99537121	     -6.14664544	     23.13398195	      9.84472175	    -23.25310501	      0.00000000	    -15.43664802	      7.10639767	     -8.24545554	      0.87162576	     14.68819481	      0.22041943	      0.00000000	     -9.91757402	     -2.60737561	     -1.42632119	      4.66195379	     -7.02449634	     12.11664125	     25.71492243	     74.50785025	      1.27975546	     -8.25853353	     -1.01318287	     16.56919191	     69.46990595
      2.26666670	      6.69789794	      3.65530831	      5.16381313	     -0.58690876	      0.90141445	     -0.03641951	     -2.55252247	     -4.39878924	     -4.66187661	     28.80533805	      8.76157627	    -27.83754924	      0.00000000	    -15.65696894	      7.54475048	     -7.77637354	      0.54789994	     14.91120132	      0.55365038	      0.00000000	     -9.65245997	     -3.09349286	     -2.02387851	      4.32530288	     -6.91656451	     11.47695150	     25.30460402	     74.36687384	      1.73041222	     -8.60943723	     -1.19811372	     16.55251368	     69.35364654
      2.28333330	      6.24456915	      4.02839323	      5.73582341	     -0.57993096	      0.90144724	     -0.03980372	      0.81575978	     -4.68886750	     -3.36159193	     33.59317299	      8.14640208	    -31.12103874	      0.00000000	    -15.85246515	      8.00036385	     -7.46593479	      0.00000000	     14.94930945	      0.89821123	      0.00000000	     -9.61141179	     -3.57788311	     -2.88475640	      3.98415828	     -6.78194013	     10.89223110	     24.88953335	     74.26408016	      2.34600105	     -8.94241173	     -1.20555967	     16.53328212	     69.33685826
      2.30000000	      5.70872683	      4.27058543	      6.47339416	     -0.57121197	      0.90196937	     -0.04325285	      4.22705329	     -4.69910508	     -2.24262009	     37.11724934	      7.52164706	    -33.96693793	      0.00000000	    -15.59824160	      8.23583187	     -7.33727111	      0.00000000	     15.21086043	      1.34416924	      0.00000000	     -9.30758618	     -3.86232544	     -3.87572047	      3.57490355	     -6.64616112	     10.19841232	     24.29445749	     74.16375033	      3.05803759	     -9.14646450	     -1.05361756	     16.54011419	     69.39658365
      2.31666670	      5.76625220	      4.34550541	      7.34669980	     -0.56206036	      0.90438745	     -0.04695287	      6.82649461	     -4.51576683	     -1.73759638	     39.15067819	      7.54060832	    -35.00000000	      0.00000000	    -15.89990989	      8.18526249	     -7.35971999	      0.00000000	     15.13960672	      1.67969534	      0.00000000	     -9.84480055	     -3.88413222	     -5.04331269	      3.20953076	     -6.59062825	      9.94127817	     23.96440080	     74.12322142	      4.09495022	     -9.29283413	     -0.96054869	     16.70876599	     69.44496951
      2.33333330	      5.02320367	      4.22849476	      8.23666890	     -0.55304013	      0.90662619	     -0.05025730	     10.23203281	     -4.29198549	     -1.47278134	     40.12933687	      7.53174841	    -35.00000000	      0.00000000	    -15.27593786	      8.05934005	     -7.94387499	      0.00000000	     14.47151982	      2.06873433	      0.00000000	     -9.23192735	     -3.74478692	     -6.40379140	      2.80429955	     -6.42172886	      9.22995954	     23.16520713	     74.01039449	      4.85658485	     -9.30774363	     -0.61463239	     16.75358041	     69.61370072
      2.35000000	      4.96903345	      3.93744858	      9.19644054	     -0.54491608	      0.91077306	     -0.05301647	     12.43070538	     -3.79620158	     -1.50485800	     39.61993085	      7.12520508	    -35.00000000	      0.00000000	    -15.35158498	      7.59793197	     -8.63335490	      0.00000000	     13.18512443	      2.24601648	      0.00000000	     -9.45982302	     -3.23579750	     -7.58206829	      2.29368371	     -6.49781535	      8.98713728	     22.71590172	     73.97247353	      5.97475320	     -9.11779161	     -0.44439206	     17.08089858	     69.69694333
      2.36666670	      4.12015805	      3.45830128	     10.22826576	     -0.53490710	      0.91444386	     -0.05483930	     15.08433379	     -3.17067560	     -1.41095613	     38.10013328	      6.56867851	    -35.00000000	      0.00000000	    -14.53582646	      7.00729000	     -9.32261799	      0.00000000	     12.06916319	      2.50020720	      0.00000000	     -8.54170269	     -2.81275745	     -9.17457889	      1.87776313	     -6.15299833	      7.84577387	     21.54774176	     73.82810947	      6.67310084	     -9.09074534	      0.40693953	     17.25932825	     70.14144965
      2.38333330	      3.77925666	      2.67478117	     11.24351761	     -0.52311174	      0.91925006	     -0.05639193	     16.64544689	     -2.10578255	     -1.26696173	     35.51382516	      5.93639109	    -35.00000000	      0.00000000	    -14.46296006	      5.93229629	     -9.86762355	      0.00000000	     11.32008737	      3.08865765	      0.00000000	     -8.20477779	     -1.91416425	    -10.46109969	      1.10323157	     -6.17096303	      7.55879524	     21.12644790	     73.80419152	      7.62093517	     -8.80296031	      0.71333174	     17.68560877	     70.29980898
      2.40000000	      3.44430598	      1.61971745	     12.15094037	     -0.51060487	      0.92275059	     -0.05783110	     18.04556486	     -0.70575022	     -0.87673011	     32.73455591	      5.36911081	    -35.00000000	      0.00000000	    -14.92600823	      4.48266460	    -11.06074579	      0.00000000	     11.69577579	      5.80211839	      0.00000000	     -7.61626825	     -0.74135516	    -12.13919548	      0.58821491	     -5.91324365	      6.39213609	     20.28927543	     73.75838913	      8.13719639	     -8.78276725	      1.90928078	     18.48488717	     70.98744333
      2.41666670	      3.34043822	      0.09093596	     13.03166468	     -0.49831408	      0.92451457	     -0.05981097	     19.00237588	      1.15567272	     -0.55779162	     29.40451812	      4.47934738	    -34.74360089	      0.00000000	    -16.27363200	      2.40465832	    -11.64847931	      0.00000000	     12.33798576	      8.33074091	      0.00000000	     -7.14532958	      1.03986052	    -13.57042084	     -0.11884138	     -6.00753672	      5.68764718	     19.89605473	     73.83035968	      8.82416534	     -8.41787268	      2.73218142	     19.27983548	     71.52622321
      2.43333330	      3.36660954	     -1.66577601	     13.83955007	     -0.48609188	      0.92447440	     -0.06227758	     19.69801151	      3.05543309	     -0.75277314	     26.02616515	      3.93838985	    -33.06707132	      0.00000000	    -17.90280359	      0.10442573	    -12.39966153	      0.00000000	     12.83543425	     10.42369151	      0.00000000	     -6.66802761	      3.11600782	    -14.84831159	     -0.79798742	     -6.21762689	      4.99083038	     19.43788936	     73.93534360	      9.60580635	     -7.94177636	      3.53404339	     20.36412484	     72.12163384
      2.45000000	      3.11659522	     -3.39840857	     14.57135968	     -0.47473966	      0.92302382	     -0.06448550	     20.64878320	      4.68635431	     -1.21143221	     22.46966000	      2.98181059	    -30.98081948	      0.00000000	    -18.93060052	     -2.00905679	    -12.83620483	      0.00000000	     13.79995937	     12.34112396	      0.00000000	     -5.97621549	      5.13505746	    -16.14237216	     -1.42709019	     -6.50891378	      4.39872161	     19.02924367	     74.00547679	     10.36943657	     -7.41733477	      4.21084756	     21.52006177	     72.65591980
      2.46666670	      2.68882747	     -4.94578809	     15.11166001	     -0.46225563	      0.92071543	     -0.06655692	     21.83131160	      6.01851993	     -1.56825135	     18.92637107	      1.61764738	    -29.16088448	      0.00000000	    -19.48872853	     -3.71679880	    -13.05986206	      0.00000000	     14.98819188	     13.03176221	      0.00000000	     -5.11508426	      6.74670587	    -16.95088676	     -2.13633174	     -6.76797463	      4.12845994	     18.51877100	     74.01501448	     11.41154489	     -6.75520818	      4.57997910	     22.56898342	     72.91122320
      2.48333330	      2.52970318	     -6.03340950	     15.66765631	     -0.45235024	      0.91837258	     -0.06882480	     22.69198080	      6.81871970	     -2.23683111	     15.42800495	      1.11549657	    -25.62803180	      0.00000000	    -20.16630097	     -4.94883562	    -14.10467866	      0.00000000	     16.75701865	     15.52063208	      0.00000000	     -4.82610559	      8.01497034	    -18.20160813	     -2.38032032	     -6.74624103	      3.16018645	     17.94319405	     73.96955953	     12.09290848	     -6.65239618	      5.75796095	     24.71182907	     73.78655664
      2.50000000	      2.07563845	     -6.94858912	     16.08980393	     -0.44122946	      0.91449199	     -0.07047357	     23.96609924	      7.42199476	     -2.59447802	     12.33075072	     -0.38710961	    -23.56245833	      0.00000000	    -20.39478194	     -5.85341578	    -14.17936646	      0.00000000	     18.26750565	     15.68831629	      0.00000000	     -4.26694008	      8.96102549	    -18.74400253	     -2.96636321	     -6.78959505	      2.90128669	     17.42002587	     73.95682381	     13.39213281	     -6.08825234	      6.14070172	     25.92920692	     74.05881527
      2.51666670	      1.86712238	     -7.47517853	     16.51803802	     -0.43052146	      0.91098568	     -0.07219528	     24.98190206	      7.63688290	     -3.79706937	     10.05145946	     -0.42452589	    -19.33017585	      0.00000000	    -20.89474766	     -6.45581674	    -14.79788307	      0.00000000	     19.87165301	     17.33796694	      0.00000000	     -4.21641938	      9.63503271	    -19.61445560	     -3.02350993	     -6.52089106	      1.77292455	     16.61085257	     73.76450117	     14.29271344	     -6.18135031	      7.69645852	     28.60679283	     75.07858672
      2.53333330	      1.44187428	     -7.94614201	     17.01635146	     -0.41873006	      0.90650514	     -0.07376596	     26.20230646	      7.78430774	     -4.54684256	      8.19007121	     -1.80192878	    -17.68798082	      0.00000000	    -21.10832288	     -7.03906882	    -14.52743445	      0.00000000	     21.43744282	     17.78760031	      0.00000000	     -3.80822374	     10.07691666	    -20.15223013	     -3.46955874	     -6.31577901	      1.50666063	     16.10264391	     73.71294579	     15.79575092	     -5.70390237	      8.12558196	     29.89227470	     75.35955078
      2.55000000	      1.04339930	     -8.19753865	     17.41976138	     -0.40509978	      0.90113090	     -0.07498307	     27.51358205	      7.66577137	     -5.99658884	      7.07387107	     -1.88965322	    -14.16656208	      0.00000000	    -21.41658025	     -7.45611064	    -14.84259183	      0.00000000	     23.05758551	     19.48266874	      0.00000000	     -3.59097749	     10.32245711	    -20.95011676	     -3.36935885	     -5.88320344	      0.41611018	     15.15994177	     73.39092931	     16.75823749	     -5.91213666	      9.76458171	     32.44064802	     76.25365464
      2.56666670	      0.74762771	     -8.54724877	     17.83903777	     -0.39004137	      0.89548160	     -0.07586175	     28.65949542	      7.76088180	     -6.57473666	      6.56568892	     -3.15251943	    -13.48992245	      0.00000000	    -21.80427617	     -8.08014069	    -14.29624664	      0.00000000	     24.28904510	     19.93699875	      0.00000000	     -3.42140720	     10.73448052	    -21.37145925	     -3.57052373	     -5.65665269	      0.29611921	     14.80850759	     73.34867090	     18.13606084	     -5.41354657	      9.98171507	     33.41580534	     76.37314697
      2.58333330	      0.49082175	     -9.16858455	     18.13229640	     -0.37310603	      0.88905880	     -0.07592826	     29.72327936	      8.21841972	     -7.34110665	      6.72747657	     -3.60468721	    -12.54772048	      0.00000000	    -22.24920797	     -9.05448639	    -14.83111459	      0.00000000	     25.04431303	     21.35704622	      0.00000000	     -3.20739787	     11.57908524	    -21.79995070	     -3.43807973	     -5.38699285	     -0.61196867	     13.67103911	     72.98616414	     18.71332146	     -5.36162483	     11.30585886	     35.85918785	     76.97160216
      2.60000000	      0.36594310	     -9.87286919	     18.43636240	     -0.35470918	      0.88341757	     -0.07594028	     30.66097183	      8.85817912	     -7.88980725	      7.83005671	     -3.97715873	    -13.10349724	      0.00000000	    -22.86473780	    -10.20455807	    -14.73408098	      0.00000000	     25.53154044	     21.73719474	      0.00000000	     -2.95671937	     12.46778889	    -22.13976755	     -3.55996975	     -5.20616338	     -0.81466866	     13.25841030	     72.89190453	     19.43152361	     -4.82319805	     11.60383034	     36.76626869	     77.11662025
      2.61666670	      0.29547348	    -10.64332272	     18.45250597	     -0.33491474	      0.87938694	     -0.07604740	     31.57228546	      9.74239766	     -8.34954512	      9.90422027	     -3.80518717	    -14.09193243	      0.00000000	    -23.70824265	    -11.35924939	    -14.81255523	      0.00000000	     25.48503234	     21.96006239	      0.00000000	     -2.73809429	     13.48708627	    -22.36491429	     -3.43308229	     -5.17493494	     -0.93486662	     13.00185950	     72.83226392	     19.93093215	     -4.40375940	     11.80356588	     37.39217652	     77.19895138
      2.63333330	     -0.01239094	    -11.61102455	     18.29961617	     -0.31302434	      0.87639012	     -0.07614946	     32.58423671	     11.03066380	     -7.66410345	     12.41160988	     -4.74068213	    -17.79093593	      0.00000000	    -24.46776815	    -12.64295588	    -15.66099684	      0.00000000	     25.30049681	     23.04054371	      0.00000000	     -2.05138915	     14.64747437	    -22.58565051	     -3.11579396	     -5.05292805	     -1.62232744	     11.69328224	     72.45898493	     19.44078277	     -4.29100296	     12.60849623	     39.39754821	     77.63641557
      2.65000000	     -0.09513049	    -12.51595390	     18.38011396	     -0.29114606	      0.87488002	     -0.07714569	     33.23850925	     12.22745042	     -7.66428511	     15.26174057	     -4.82998196	    -20.71877083	      0.00000000	    -25.52486780	    -14.00479665	    -15.59900443	      0.00000000	     24.59645008	     22.99111112	      0.00000000	     -1.41600926	     15.72872194	    -23.15623850	     -2.81431429	     -5.05678552	     -1.88275943	     11.24354347	     72.22782525	     19.01274116	     -3.95456644	     12.73708641	     39.90125105	     77.93834452
      2.66666670	     -0.07349067	    -13.27230490	     18.47310424	     -0.27013321	      0.87400313	     -0.07813560	     33.72452423	     13.23059143	     -8.29218262	     18.29965970	     -4.04809228	    -22.06956984	      0.00000000	    -26.81740607	    -15.22219478	    -15.50375394	      0.00000000	     23.56887590	     22.97021535	      0.00000000	     -0.97209887	     16.66985269	    -23.28991457	     -2.63953795	     -5.13109552	     -1.89310271	     11.22343536	     72.20253773	     18.64146760	     -3.38958632	     12.90025798	     39.93365180	     77.99608472
      2.68333330	     -0.39027576	    -14.04573397	     18.63811683	     -0.24850579	      0.87359688	     -0.07867553	     34.33733736	     14.24486441	     -8.31205740	     20.84936170	     -5.22003375	    -25.59889120	      0.00000000	    -27.71831825	    -16.40117064	    -14.63569035	      0.00000000	     22.06529628	     22.12629376	      0.00000000	      0.10298748	     17.46341593	    -23.94942804	     -2.26295490	     -5.19323128	     -1.83352538	     10.95280836	     72.02520484	     17.63011260	     -3.07217395	     13.09665422	     39.94712571	     78.39657362
      2.70000000	     -0.43825493	    -14.70268070	     18.84034267	     -0.22431240	      0.87383408	     -0.07875672	     34.44180735	     15.16872857	     -8.94461145	     23.07919374	     -5.77402179	    -27.31327690	      0.00000000	    -28.63677411	    -17.56663989	    -13.93228551	      0.45093196	     20.41474822	     21.47219797	      0.00000000	      0.83136803	     18.22486184	    -24.29092550	     -1.95695069	     -5.35977685	     -1.64799487	     10.99954949	     71.94914389	     16.62595174	     -2.61476044	     13.29914585	     39.59006054	     78.68025678
      2.71666670	     -0.60271005	    -15.18223930	     19.05898795	     -0.19676811	      0.87470284	     -0.07844511	     34.32383559	     15.96204118	     -9.57206037	     24.88036068	     -6.27834788	    -28.96231786	      0.00000000	    -28.46700221	    -18.78034542	    -12.75400957	      2.68817760	     19.10725323	     20.50617980	      0.00000000	      1.70409476	     18.62288467	    -24.57841559	     -1.76826802	     -5.40617970	     -1.42309465	     11.10930132	     71.91298562	     15.28342258	     -2.18466392	     13.59560654	     38.92218309	     78.92703599
      2.73333330	     -0.55281885	    -15.37237088	     18.85303732	     -0.16657001	      0.87645204	     -0.07784769	     33.53028950	     16.92454088	     -9.55842639	     26.37310492	     -6.85919895	    -30.81732521	      0.00000000	    -28.14771787	    -19.60763332	    -10.92015573	      5.87245385	     17.14330707	     18.07413471	      0.00000000	      2.27757465	     18.75747279	    -24.39654988	     -1.59788760	     -5.45689163	     -0.97518878	     11.14204371	     71.91418153	     13.85561450	     -1.86274691	     13.82844272	     37.76197948	     79.23545836
      2.75000000	     -0.19550186	    -15.43391381	     18.26526410	     -0.13573025	      0.87914771	     -0.07725599	     31.67807455	     18.17556647	     -9.13137162	     27.02136292	     -7.06978486	    -31.94504651	      0.00000000	    -27.44506604	    -20.22689243	     -8.93935323	     10.51705921	     14.27673313	     14.70624925	      0.00000000	      2.53825194	     18.83473457	    -23.70375237	     -1.48774971	     -5.56168493	     -0.56566253	     11.22186070	     71.95224069	     12.21320952	     -1.42758601	     14.05345832	     36.33657550	     79.42107110
      2.76666670	      0.30843168	    -15.18629962	     17.18095945	     -0.10791390	      0.88230225	     -0.07652882	     28.93321291	     19.44164332	     -8.02975347	     27.00026563	     -6.68676397	    -32.81192354	      0.00000000	    -25.98224187	    -20.30168438	     -6.80269166	     16.82936297	     10.62358567	     10.22581351	      0.00000000	      2.43458370	     18.67687374	    -22.35841662	     -1.33729347	     -5.70658320	     -0.10583165	     11.36382878	     72.02633816	     10.49176442	     -1.00775719	     14.23358776	     34.64110467	     79.52545537
      2.78333330	      0.92121195	    -14.72214986	     15.72745591	     -0.08108032	      0.88492785	     -0.07559114	     25.45014231	     20.60956819	     -6.35996234	     26.31528653	     -5.72881067	    -33.31285229	      0.00000000	    -23.76395003	    -19.88282922	     -4.94837436	     24.27827913	      6.55044405	      5.24959888	      0.00000000	      2.09476847	     18.35307604	    -20.62740098	     -1.13580222	     -5.83987890	      0.39469961	     11.57464606	     72.12552663	      8.73879032	     -0.65506638	     14.36146690	     32.76469528	     79.54935975
      2.80000000	      1.54829302	    -14.02101501	     14.10687109	     -0.05404647	      0.88708766	     -0.07381476	     21.53340255	     21.44766654	     -4.44025915	     25.19818429	     -4.24411878	    -33.50020468	      0.00000000	    -21.02368319	    -19.06146707	     -3.52340384	     31.80722973	      2.03646996	      0.54936657	      0.00000000	      1.69379129	     17.72465477	    -18.71007746	     -0.88579471	     -5.92548655	      0.95047373	     11.83444364	     72.24451694	      7.00767006	     -0.42513544	     14.42117274	     30.72328149	     79.49242874
      2.81666670	      2.16332587	    -13.15064471	     12.52935295	     -0.02803134	      0.88901532	     -0.07202483	     17.49449573	     21.85220977	     -2.70626480	     23.93670644	     -1.85937333	    -32.81353248	      0.00000000	    -17.95858322	    -18.05032054	     -2.35915858	     38.86859815	     -2.38963209	     -3.72368535	      0.00000000	      1.39236900	     16.80725712	    -16.55457368	     -0.83829162	     -6.01160750	      2.11891869	     12.30153081	     72.43835796	      5.80702437	     -0.09660819	     14.54726716	     27.49111057	     79.23520800
      2.83333330	      2.65221816	    -12.03546287	     10.98434842	     -0.00429934	      0.89156825	     -0.06952172	     13.55988949	     21.78083778	     -0.73403104	     22.53686595	     -0.08088454	    -32.44508668	      0.00000000	    -14.76742847	    -16.74111654	     -1.20499140	     44.98466465	     -5.39994414	     -7.43004351	      0.00000000	      1.07393314	     15.55766562	    -14.66780952	     -0.43164366	     -5.91044068	      2.51240127	     12.54456800	     72.49057560	      4.01650547	     -0.35577082	     14.53823770	     26.11807026	     79.05324713
      2.85000000	      3.01013367	    -10.83972921	      9.84047648	      0.01674719	      0.89606030	     -0.06724950	      9.88718484	     21.18035114	      0.57393024	     20.90924954	      2.31896636	    -30.58291052	      0.00000000	    -11.45513588	    -15.25506351	      0.29003047	     50.11109148	     -5.14530936	    -10.57884042	      0.00000000	      0.99118604	     14.13819832	    -12.73823779	     -0.36749397	     -5.91558087	      3.25590109	     13.24086843	     72.57064052	      2.81172068	     -0.51342804	     14.37785511	     23.77553902	     78.56232127
      2.86666670	      3.25821455	     -9.44785431	      8.88273500	      0.03519410	      0.90355845	     -0.06497592	      6.51406313	     20.07737069	      1.63190655	     19.11619968	      4.21900026	    -28.44882352	      0.00000000	     -7.76367233	    -13.40611179	      1.92478296	     54.41917576	     -0.94502520	    -13.08668282	      0.00000000	      0.60149199	     12.48849556	    -10.75453190	     -0.19315621	     -5.88730625	      3.86095081	     14.29662592	     72.57651268	      1.85921649	     -0.97459685	     14.18301128	     21.92053960	     77.93803355
      2.88333330	      3.33859001	     -7.94091491	      7.94554841	      0.05340297	      0.91271340	     -0.06254590	      3.27000748	     18.65039499	      2.68050653	     16.94392432	      5.23075124	    -26.43498514	      0.00000000	     -3.38900494	    -11.19402490	      3.53328238	     57.96173996	      4.43174144	    -15.39970862	      0.00000000	      0.06875721	     10.78277229	     -8.88341209	      0.15734581	     -5.88318646	      4.20924796	     15.51532773	     72.51821238	      0.90007673	     -1.64498657	     13.95439665	     20.69916245	     77.29566396
      2.90000000	      3.23628095	     -6.53462260	      7.00433955	      0.07209453	      0.92178955	     -0.05927384	      0.32288568	     17.24351329	      3.84216203	     14.55181147	      4.97788744	    -25.22299141	      0.00000000	      1.18924404	     -9.09286122	      4.70347179	     60.32220847	      8.12246159	    -17.89631619	      0.00000000	     -0.52786475	      9.14359119	     -7.26405997	      0.96372250	     -5.73822245	      4.31850605	     16.10161688	     72.53225985	     -0.14592175	     -2.56671391	     13.76901459	     20.10534785	     77.13006443
      2.91666670	      2.51898607	     -5.13251354	      6.02526528	      0.09149348	      0.92955442	     -0.05629089	     -1.68235029	     15.50317904	      3.52075078	     12.28706890	      5.47503478	    -20.98207634	      0.00000000	      6.35739432	     -6.54952109	      6.19080257	     60.79558095	     14.69363475	    -18.34906267	      0.00000000	     -0.37846866	      7.33495942	     -5.02673943	      0.66281541	     -6.05025330	      4.69853120	     18.68909590	     72.47285203	     -0.66307181	     -3.14022264	     12.80831983	     18.78989587	     75.83985509
      2.93333330	      1.98437587	     -3.77391681	      4.72426284	      0.11061974	      0.93644130	     -0.05320325	     -3.63594125	     13.85916981	      3.64038965	     10.06893518	      4.41246169	    -18.69745281	      0.00000000	     11.19554980	     -3.95413071	      7.64379377	     59.32563616	     24.88254421	    -15.68394475	      0.00000000	     -0.60893742	      5.71647947	     -3.14101627	      1.37185966	     -6.09520926	      4.94914346	     19.69778113	     72.51265883	     -1.46327718	     -4.01839198	     12.22753463	     18.35769702	     75.27027440
      2.95000000	      1.41045625	     -2.91722782	      3.37916982	      0.13041293	      0.94054253	     -0.05010188	     -5.16050550	     12.77437092	      3.78507513	      8.23737479	      3.82590511	    -16.22139234	      0.00000000	     15.51877438	     -2.44179757	      8.53093743	     57.20959164	     31.32427091	    -11.75934088	      0.00000000	     -0.66931907	      4.54191927	     -1.30705302	      1.97540978	     -6.27997684	      5.33593505	     21.01403285	     72.61191551	     -2.25562335	     -4.79752819	     11.35811982	     17.96011805	     74.59442005
      2.96666670	      1.77872669	     -2.02019402	      1.91858156	      0.14995068	      0.94418838	     -0.04716048	     -7.89933943	     11.61562702	      3.19945920	      5.88914871	      4.04981298	    -12.40963732	      0.00000000	     20.96980535	     -1.12253799	      8.42054737	     54.48619442	     29.20006921	    -11.66254154	      0.00000000	     -2.20361544	      3.37673732	      0.53040712	      2.71293222	     -6.67230445	      6.10280418	     23.11940616	     72.80644459	     -2.79620184	     -5.39174150	      9.25210721	     17.95859314	     73.07712811
      2.98333330	      1.78225337	     -0.59622830	      0.73484190	      0.16889333	      0.94588730	     -0.04390732	    -10.48302209	      9.87561450	      1.90142691	      3.41894404	      2.94445771	     -8.56705207	      0.00000000	     25.87100932	      0.39569951	      7.14743020	     50.45008324	     23.30365252	    -12.69797233	      0.00000000	     -2.73788211	      1.43296277	      2.03239044	      3.66449379	     -6.51320877	      6.51240546	     23.95266942	     72.89224637	     -3.22878281	     -6.38596922	      7.74308165	     17.76867430	     71.96827307
      3.00000000	      1.28416060	      1.20855432	     -0.15008894	      0.18825494	      0.94624753	     -0.04051735	    -12.67955656	      7.75390101	      0.37954623	      1.43839189	      2.24935416	     -5.17125870	      0.00000000	     28.83800721	      1.91285592	      5.28455449	     44.22167084	     16.27646369	    -14.23109841	      0.00000000	     -2.28165317	     -0.91549235	      3.61529066	      4.04571544	     -6.30115630	      6.74002394	     24.85560302	     72.96096753	     -3.59343210	     -7.55941387	      6.65241617	     17.55782016	     71.16355296
      3.01666670	      0.82574118	      3.12872883	     -0.95772171	      0.20740528	      0.94615699	     -0.03728972	    -14.67319805	      5.60098760	     -1.01053901	      0.00000000	      3.13211706	     -1.98313121	      0.00000000	     30.54050228	      3.50149635	      3.14026649	     37.20485491	      9.45132156	    -16.01562276	      0.00000000	     -1.68665474	     -3.33778084	      5.16993025	      4.47376671	     -5.99206199	      6.89106860	     25.70469690	     73.03374094	     -3.69248109	     -8.78055936	      5.68175419	     17.36481431	     70.46270404
      3.03333330	      0.09073655	      4.84033841	     -1.80566242	      0.22706161	      0.94435546	     -0.03479658	    -15.69320231	      3.59522559	     -3.39939673	      0.00000000	      4.92703334	      2.19935384	      0.00000000	     31.43120160	      4.99073199	      0.86973202	     28.94420589	      3.64321845	    -16.69420425	      0.00000000	     -0.71615169	     -5.41903732	      6.35115961	      4.95038374	     -5.83552345	      6.79889112	     26.87339640	     73.10400308	     -4.08560730	     -9.86393208	      4.49393347	     16.98410472	     69.48377976
      3.05000000	     -0.53193166	      6.12674427	     -2.87202123	      0.24764295	      0.94033405	     -0.03228781	    -16.54038633	      2.03844741	     -4.31731993	      0.00000000	      7.25108638	      4.11963084	      0.00000000	     31.52887759	      5.92390461	     -1.87242173	     20.12405196	     -0.16872978	    -14.81204996	      0.00000000	      0.14772027	     -7.00635283	      7.99260301	      5.42510986	     -5.82092460	      6.90224765	     27.70392940	     73.23251908	     -4.33718121	    -10.84728336	      3.59197655	     17.08061974	     68.80868172
      3.06666670	     -0.92851233	      6.91247958	     -3.96709608	      0.26898980	      0.93393822	     -0.03027418	    -17.41277208	      1.04880672	     -4.66454266	      0.00000000	      9.93605507	      5.40526254	      0.00000000	     31.21073072	      6.56982870	     -4.35597748	     11.87148895	     -2.23216312	    -10.81189102	      0.00000000	      0.77944142	     -7.92609279	      9.27767406	      5.93916502	     -5.89130121	      7.09693886	     28.77213751	     73.38926558	     -4.83209746	    -11.68243143	      2.61069035	     17.18424995	     68.17202075
      3.08333330	     -1.02569849	      7.34686127	     -5.00924114	      0.29009309	      0.92629714	     -0.02835383	    -18.49982353	      0.51019968	     -4.73863211	      0.00000000	     12.51203473	      5.95087514	      0.00000000	     30.77761320	      6.98810771	     -6.79085577	      5.14221869	     -3.48713558	     -5.86630098	      0.00000000	      0.97316862	     -8.48133092	     10.31512885	      6.58906816	     -6.06816505	      7.40932605	     29.86108238	     73.57191145	     -5.30716552	    -12.35002708	      1.44090737	     17.43083893	     67.51892610
      3.10000000	     -0.96080457	      7.82965663	     -5.79722818	      0.31190828	      0.91921332	     -0.02662848	    -19.86285913	     -0.01962533	     -4.77992278	      0.00000000	     14.57615812	      6.04763983	      0.00000000	     30.47823119	      7.60240648	     -8.47081320	      0.59497750	     -4.48277023	     -1.76845192	      0.00000000	      0.92645046	     -9.15053411	     11.01527958	      7.38797371	     -6.16429522	      7.79490886	     30.73550861	     73.74125901	     -5.64941825	    -12.97419793	      0.15264213	     17.69359103	     66.90036768
      3.11666670	     -1.32625012	      8.16994835	     -5.91467778	      0.33261687	      0.91152651	     -0.02597857	    -20.89231660	     -0.19341984	     -4.87638134	      0.00000000	     16.38266868	      5.53614590	      0.00000000	     31.94257904	      8.09957699	     -8.53382674	      0.00000000	     -4.93696559	     -0.99118413	      0.00000000	      1.11325285	     -9.70769631	     11.25717442	      8.25512320	     -6.24370456	      7.82025850	     31.13535249	     73.76464156	     -5.57363422	    -13.63511427	     -0.12161392	     17.65977891	     66.80407308
      3.13333330	     -1.59993519	      9.18492428	     -6.21397631	      0.35435144	      0.90535972	     -0.02481854	    -22.10141251	     -1.24346755	     -4.85670015	      0.00000000	     17.87690103	      5.19320177	      0.00000000	     32.99101478	      9.09251488	     -8.90254010	      0.00000000	     -5.17149987	     -0.48967295	      0.00000000	      1.51642885	    -11.10456933	     11.58771474	      8.97954230	     -5.99352110	      7.96143563	     31.56914081	     73.80382459	     -5.54840464	    -14.40644294	     -0.49540368	     17.55181991	     66.67560319
      3.15000000	     -0.96774164	     10.73275888	     -7.12115006	      0.37760285	      0.90249657	     -0.02334674	    -24.23223334	     -3.26857303	     -5.17210145	      0.00000000	     18.61087627	      5.64036432	      0.00000000	     32.63566945	     10.45870241	    -10.49945647	      0.00000000	     -5.33660127	      0.43466915	      0.00000000	      1.18604399	    -13.07989219	     12.42955324	      9.77414079	     -5.75473795	      8.56026163	     31.88123230	     73.92767465	     -5.12351405	    -15.00665928	     -2.08390384	     17.53401791	     66.09151375
      3.16666670	     -0.68378957	     12.39338178	     -7.67622466	      0.40347061	      0.90068279	     -0.02295040	    -25.96191065	     -5.39740510	     -5.87423003	      0.29575244	     18.77543169	      6.11819650	      0.00000000	     32.36018880	     12.12604156	    -10.57490721	      0.34311662	     -6.50787558	     -0.92374433	      0.00000000	      1.43237295	    -15.15013633	     12.56908545	     10.57088888	     -5.19856031	      9.35118152	     31.65069513	     73.92873065	     -5.04673533	    -15.38695924	     -5.57002421	     17.08125042	     65.00634933
      3.18333330	     -0.65269887	     13.77771476	     -8.17815335	      0.43021987	      0.89938219	     -0.02254897	    -26.82591547	     -7.38493069	     -6.31240498	      1.74324797	     18.19009769	      6.07725993	      0.00000000	     32.95376373	     13.37732070	    -11.32448776	      2.90783238	     -6.75023501	     -2.30477354	      0.00000000	      2.04644169	    -16.76986169	     13.23177957	     10.85290764	     -4.78609031	      9.47114530	     31.50733596	     73.92546055	     -4.81305518	    -15.94709892	     -5.83913276	     16.96978260	     64.96364635
      3.20000000	     -0.59907633	     15.01725851	     -8.52263378	      0.45800091	      0.89823889	     -0.02217263	    -27.44511849	     -9.29506150	     -7.00673079	      3.79579706	     16.61200660	      6.34119404	      0.00000000	     33.16733254	     14.69400848	    -11.74951739	      5.52625023	     -7.95735193	     -4.81886349	      0.00000000	      2.84526181	    -18.21442538	     14.19477138	     10.90034561	     -4.45704442	      9.46255027	     30.66364155	     73.83410905	     -4.03005279	    -16.20041569	     -6.52954530	     16.09526138	     64.85953902
      3.21666670	     -0.51367072	     16.13392471	     -8.65139412	      0.48639764	      0.89738109	     -0.02173481	    -27.85518918	    -11.05191486	     -7.29174403	      6.28848405	     13.94564173	      5.57897381	      0.00000000	     33.11067559	     16.06464217	    -12.40330619	      8.49877781	     -8.72515614	     -7.14941109	      0.00000000	      3.66665221	    -19.42791867	     14.81365295	     10.67082754	     -4.02824840	      9.27238064	     29.96102141	     73.68359261	     -3.33146906	    -16.31679470	     -7.15333558	     14.90366515	     64.83132706
      3.23333330	      0.14001172	     16.82456036	     -8.47510624	      0.51553518	      0.89985585	     -0.02183933	    -28.00823084	    -12.25075046	     -7.05828482	      9.85168028	      9.74294601	      3.49682243	      0.00000000	     31.72692547	     17.47613617	    -12.52254644	     10.96638112	     -8.44829285	     -8.61931416	      0.00000000	      3.61028670	    -20.36765002	     14.89494133	     10.22788966	     -3.57086850	      9.06973485	     29.42632668	     73.56220932	     -2.67509470	    -16.41345031	     -7.48829787	     14.15472001	     64.86831522
      3.25000000	     -2.17201444	     19.58844352	     -8.36628299	      0.54128936	      0.89364102	     -0.01962191	    -25.31393600	    -15.75913394	     -3.40848867	     13.86841313	     12.07980533	      1.62445198	      0.00000000	     35.19659507	     19.57133277	    -15.62478868	     15.63324890	     -7.17185210	    -11.22410413	      0.00000000	      8.11213794	    -22.39498035	     16.79926982	      9.36697299	     -2.56397479	      8.56898372	     28.53825809	     73.46453404	     -2.18690169	    -16.98588529	     -7.63633804	     13.16708022	     65.01820911
      3.26666670	      9.42883113	     12.24779647	     -6.68980825	      0.57753865	      0.94291278	     -0.02514544	    -29.33424145	     -7.82464867	     -5.11738904	     17.79212255	    -23.39673021	    -20.33751020	      0.00000000	     15.01971835	     16.87472718	     -6.68867905	     11.28634275	     -8.12783256	     -4.35642189	      0.00000000	     -8.33886998	    -16.98499731	     12.43095063	      8.68274185	     -4.53995302	      7.13831890	     28.37715023	     72.89365731	      1.07913430	    -13.92322250	     -7.27065472	     11.83131146	     65.54889387
      3.28333330	     15.85307195	      6.95821411	     -5.63566045	      0.60588463	      0.97110516	     -0.03119243	    -29.98455443	     -3.68156238	    -16.89283782	     21.97780471	    -50.00000000	    -15.87394280	      0.00000000	      2.74937026	     13.75296623	     -1.84510118	      5.88410495	     -8.69976155	     -3.89334707	      0.00000000	    -17.31127731	    -11.24402504	      9.48410003	      9.36257967	     -5.71198629	      7.27246081	     28.20253324	     72.78680761	      1.23860799	    -11.42651692	     -7.52625647	     11.72316428	     65.62805733
      3.30000000	     16.64780740	      5.90655157	     -3.79019825	      0.63174843	      0.97578984	     -0.03866372	    -21.94784401	     -6.44120952	    -21.71641985	     38.45524727	    -50.00000000	     -9.48718211	      0.00000000	     -1.23656248	     13.35822134	     -1.37684429	      5.11831410	     -7.05277490	     -2.24629348	      0.00000000	    -20.33779924	     -9.22517121	      6.53248696	      9.56626239	     -6.28259700	      7.67965864	     29.07946925	     72.88909215	      1.16722006	    -10.11860809	     -8.01549372	     13.11253439	     65.59408145
      3.31666670	     15.24230490	      3.93457496	     -3.53886577	      0.65553105	      0.97091551	     -0.04133522	    -14.56394825	     -4.86765473	    -13.48923791	     47.11970638	    -50.00000000	     -5.90341681	      0.00000000	     -1.57881535	     11.43119956	     -2.33344145	      5.48690219	     -3.75718262	     -0.66837683	      0.00000000	    -19.41163371	     -6.77461534	      6.36112397	      9.67520126	     -6.88961621	      8.54060875	     28.55076197	     73.08997832	      1.27160656	     -8.69095486	     -9.07049342	     14.15748732	     65.47818367
      3.33333330	     12.19197526	      4.79265551	     -1.89187614	      0.68238766	      0.96267519	     -0.04019055	    -11.29834885	     -3.71617674	     -5.53194248	     49.28903600	    -50.00000000	     -7.94947214	      0.00000000	      0.49259275	     12.21062048	     -2.96449800	      7.30682106	      0.20001948	      0.28540547	      0.00000000	    -15.38290783	     -7.79794112	      5.70323880	      8.18086165	     -6.23469079	      8.50731644	     27.44355339	     72.99030409	      1.91491260	     -8.68392856	     -9.68677239	     13.98049327	     65.66068933
      3.35000000	     10.21763787	      6.32759937	     -0.91352842	      0.70860921	      0.95674788	     -0.03870029	    -10.37464352	     -4.66024235	     -1.48722217	     50.72395273	    -45.53974099	    -21.03285472	      0.00000000	      0.76232635	     13.23020169	     -4.58603520	      7.99117398	      3.90962432	      2.48785376	      0.00000000	    -12.33669712	     -9.62290954	      5.11402786	      6.79742879	     -5.38311395	      8.05665573	     26.85151426	     72.81642682	      2.31729708	     -8.85417127	     -9.57539386	     13.85290719	     66.11587545
      3.36666670	      8.18502265	      8.07791368	      0.04735187	      0.73387630	      0.95308574	     -0.03918142	     -8.21624666	     -6.53421854	      0.83108366	     53.48311253	    -22.34964555	    -19.91137802	      0.00000000	      1.14755226	     14.82297987	     -5.45733806	      8.09332736	      6.65308029	      4.54102834	      0.00000000	     -9.29029812	    -11.74697794	      4.79365439	      5.31760512	     -4.78918256	      7.32794304	     26.48728242	     72.60785783	      2.79366251	     -8.85360891	     -8.77614705	     13.97501706	     66.94941258
      3.38333330	      7.06512470	      8.69869218	      0.74766584	      0.75926183	      0.95486401	     -0.04146439	     -5.12492865	     -7.39667173	      2.55307245	     56.31318353	     -9.72576347	    -21.07735463	      0.00000000	     -0.25265076	     15.46103129	     -5.38331030	      6.42727503	      8.34279903	      6.20912870	      0.00000000	     -7.62217095	    -12.31340356	      3.83228755	      4.33457575	     -4.53354902	      7.01292677	     26.34711079	     72.55124076	      2.93915444	     -8.47562613	     -7.79796778	     14.28972085	     67.69805842
      3.40000000	      6.74601388	      8.31998554	      1.56939376	      0.78236437	      0.96098926	     -0.04484786	     -1.03898002	     -7.05158135	      4.26698712	     59.38694548	     -3.68660308	    -24.16801917	      0.00000000	     -2.64420537	     15.17388980	     -4.40637753	      4.20200251	      9.04153156	      7.24316798	      0.00000000	     -7.32999397	    -11.66710289	      2.29746259	      3.86622009	     -4.70533605	      6.93604651	     26.24989327	     72.55813506	      3.29942628	     -7.68484367	     -6.95836434	     14.71546465	     68.20651082
      3.41666670	      6.01661026	      7.25000691	      2.36229703	      0.80514166	      0.96694592	     -0.04861883	      4.94374513	     -5.98217031	      6.16580572	     61.74327606	      2.47927265	    -28.06259345	      0.00000000	     -4.57397719	     14.26819294	     -3.43038318	      1.61769406	      9.30951484	      8.16006713	      0.00000000	     -6.39933574	    -10.04751856	      0.72196873	      3.39871396	     -5.08092557	      7.18078462	     25.87275668	     72.67696536	      3.34497345	     -6.77008910	     -5.46045656	     15.62770883	     69.00138080
      3.43333330	      5.14983637	      6.15273080	      3.36238925	      0.82576614	      0.97363331	     -0.05105232	     10.67954445	     -4.87927861	      7.54781562	     62.25127966	      5.82002715	    -31.36298562	      0.00000000	     -5.87043258	     13.18515450	     -3.17962719	      0.00000000	      9.17000584	      9.49441959	      0.00000000	     -5.40910030	     -8.45048641	     -1.29175868	      3.07254020	     -5.38768367	      7.47451820	     25.52001118	     72.78990399	      3.58091269	     -5.96433512	     -4.03291697	     16.25552193	     69.64082642
      3.45000000	      3.97501771	      5.14440405	      4.63765250	      0.84705466	      0.97957073	     -0.05284744	     15.43289009	     -3.98702296	      8.19441530	     60.60069957	      5.72662105	    -33.88033029	      0.00000000	     -6.02675790	     12.04174418	     -3.90862693	      0.00000000	      9.40523254	     11.38989199	      0.00000000	     -4.08690882	     -7.09725342	     -3.48677444	      2.67891350	     -5.62959717	      7.68090176	     25.12661844	     72.85992585	      3.84806572	     -5.34066543	     -2.44932827	     16.98394614	     70.22967965
      3.46666670	      3.11132929	      4.15975205	      5.95803677	      0.86855784	      0.98506565	     -0.05435810	     18.49452300	     -3.34929842	      8.09903479	     56.98530420	      4.07632684	    -35.00000000	      0.00000000	     -6.45759951	     10.82433078	     -4.65927266	      0.00000000	      9.04059559	     12.84998320	      0.00000000	     -3.11602305	     -5.84512038	     -5.44689377	      2.05068494	     -5.86438409	      7.68127520	     24.79281368	     72.85483547	      4.37722945	     -4.69645363	     -1.33056819	     17.66416151	     70.58351650
      3.48333330	      2.46565847	      3.62897459	      7.15539522	      0.88955385	      0.98971612	     -0.05638151	     20.71302109	     -3.41700051	      7.75567860	     52.41060205	      1.93786998	    -35.00000000	      0.00000000	     -6.94593359	     10.07299964	     -5.61812412	      0.00000000	      7.33112433	     13.87566949	      0.00000000	     -2.60195389	     -5.11707628	     -6.93801264	      1.36565224	     -6.24895906	      7.59970703	     24.37671378	     72.82729557	      5.37548409	     -4.01280795	     -0.59973921	     18.49323257	     70.79372852
      3.50000000	      1.76261595	      3.20809305	      8.12638125	      0.90972368	      0.99271548	     -0.05809112	     22.74451782	     -3.53234639	      7.56669387	     47.16938425	     -0.50406009	    -35.00000000	      0.00000000	     -7.20203485	      9.44066510	     -7.73032774	      0.00000000	      6.39843542	     16.36998822	      0.00000000	     -2.02334713	     -4.54707967	     -9.08029958	      1.27450047	     -6.07889518	      7.22123995	     23.40548916	     72.65619449	      5.60942735	     -4.30740928	      3.37791241	     20.78230749	     71.79361731
      3.51666670	      1.68059784	      2.76538027	      9.04314657	      0.92775638	      0.99638600	     -0.06062436	     23.87823387	     -3.70806159	      7.24367769	     41.20250657	     -3.04531962	    -35.00000000	      0.00000000	     -7.95043242	      8.77101387	     -8.30430493	      0.00000000	      5.46920287	     16.29366534	      0.00000000	     -2.44624167	     -3.79226628	    -10.59276543	      0.99879356	     -6.27650300	      6.67924873	     23.00263651	     72.42688252	      6.82071881	     -4.25858548	      6.73798664	     22.26458931	     72.25554260
      3.53333330	      1.59672782	      2.42178549	      9.83667284	      0.94781907	      0.99717706	     -0.06294180	     24.91529341	     -3.88700020	      7.32793554	     35.32129594	     -5.34854838	    -35.00000000	      0.00000000	     -8.80599189	      8.23319592	     -8.75439904	      0.00000000	      5.52819010	     16.58970620	      0.00000000	     -2.83428796	     -3.11848639	    -11.94516733	      0.73155023	     -6.39688149	      5.89992141	     22.58707293	     72.12529307	      8.14984766	     -4.21989741	      9.23017263	     24.10810463	     72.30968075
      3.55000000	      1.57171495	      2.06549358	     10.59724493	      0.97041028	      0.99394365	     -0.06378218	     25.75975547	     -3.95863166	      7.52560117	     29.83127674	     -7.46254052	    -35.00000000	      0.00000000	    -10.22044968	      7.65347721	     -8.96801455	      0.00000000	      6.22571243	     16.71798923	      0.00000000	     -3.24533405	     -2.44335409	    -13.27140841	      0.47903356	     -6.50688071	      5.24938089	     22.17802676	     71.88916173	      9.50129645	     -4.12684575	     10.67237933	     25.75335291	     72.26785690
      3.56666670	      1.67846778	      1.34297315	     11.51209455	      0.99549296	      0.98850829	     -0.06478511	     26.28154483	     -3.65276978	      7.22841546	     24.33765468	     -8.10589862	    -34.05532762	      0.00000000	    -12.16576691	      6.55360233	     -9.12125333	      0.00000000	      8.37104426	     17.47571306	      0.00000000	     -3.57312703	     -1.32254475	    -14.79894445	      0.24543110	     -6.64336709	      4.20665302	     21.55372971	     71.52237674	     10.55239511	     -4.22885002	     12.51735174	     28.08249014	     72.16965876
      3.58333330	      1.65334264	      0.42064072	     12.29895319	      1.02087954	      0.98196070	     -0.06481520	     26.97065019	     -3.08765177	      6.32452892	     18.96693667	     -6.73425065	    -30.02439617	      0.00000000	    -14.23010001	      5.21623429	     -9.47311472	      0.00000000	     11.88487741	     18.56578228	      0.00000000	     -3.53415166	     -0.05890152	    -16.21438621	     -0.10121125	     -6.69668298	      2.86828420	     20.83465618	     71.06603123	     11.46325793	     -4.46547693	     14.25994682	     30.47505230	     71.78541062
      3.60000000	      1.58176819	     -0.60449784	     13.05235863	      1.04601383	      0.97529998	     -0.06546342	     27.49985418	     -2.43304885	      4.70230618	     13.59010188	     -4.88024755	    -24.47930826	      0.00000000	    -16.23152636	      3.70702348	     -9.76486367	      0.00000000	     16.05649483	     19.90295797	      0.00000000	     -3.20593597	      1.23473667	    -17.58558861	     -0.48014131	     -6.90138451	      1.54116587	     20.09862834	     70.63404937	     12.30841032	     -4.52321742	     15.35345881	     32.60886212	     71.15842022
      3.61666670	      1.66454261	     -1.60986997	     13.73986140	      1.07118528	      0.96873414	     -0.06674780	     27.62776280	     -1.63316014	      2.55550204	      8.72930596	     -3.56256228	    -18.30427031	      0.00000000	    -18.30212646	      2.16128054	    -10.09008189	      0.00000000	     20.31496647	     21.43876022	      0.00000000	     -2.97489598	      2.59167787	    -19.15230287	     -0.63217299	     -7.12020227	      0.40554146	     19.32351685	     70.25900274	     13.08735437	     -4.64721042	     16.02549125	     34.56409324	     70.66360710
      3.63333330	      1.88970838	     -2.67067109	     14.20330878	      1.09638753	      0.96218551	     -0.06774560	     27.52296916	     -0.44776215	      0.29617242	      5.23725617	     -2.44156587	    -12.82804207	      0.00000000	    -20.40854182	      0.57078474	    -10.70018658	      0.00000000	     23.75264326	     22.50566339	      0.00000000	     -2.79536875	      4.02515309	    -20.25993625	     -0.94194594	     -7.38386135	     -0.67587963	     18.32507578	     69.89114997	     13.87083365	     -4.62099139	     16.35676234	     36.46886056	     70.17855857
      3.65000000	      2.18878267	     -3.76969310	     14.47546280	      1.12218406	      0.95556382	     -0.06782783	     27.38973323	      1.03714391	     -1.72048866	      3.03719233	     -1.90187027	     -9.01524641	      0.00000000	    -22.48581545	     -1.05487665	    -11.48225432	      0.00000000	     26.20196502	     23.16931157	      0.00000000	     -2.62855452	      5.53520826	    -21.18226573	     -1.21963949	     -7.66070746	     -1.68565291	     17.30479280	     69.53840342	     14.56080808	     -4.57187763	     16.45179428	     38.06471762	     69.75482802
      3.66666670	      2.04604001	     -4.94915643	     14.44881263	      1.14851687	      0.94858749	     -0.06668200	     28.08709670	      2.76836138	     -2.48299144	      2.62016427	     -2.25649234	     -8.68774567	      0.00000000	    -24.02024301	     -2.56731597	    -11.91769009	      0.00000000	     27.62905065	     22.78825541	      0.00000000	     -1.87589283	      6.96805040	    -21.65294043	     -1.85437342	     -8.08291217	     -1.93910344	     16.69992674	     69.44950311	     15.24277122	     -4.26349855	     16.45536532	     38.74104405	     69.69687820
      3.68333330	      2.56973257	     -6.19134485	     14.66570004	      1.17317159	      0.94465975	     -0.06613989	     28.06183607	      4.60360615	     -3.92922379	      3.30419103	     -2.24499879	     -7.96010776	      0.00000000	    -26.09605876	     -4.42064493	    -12.67322894	      0.00000000	     27.98524158	     23.64527305	      0.00000000	     -2.00152955	      8.75575116	    -22.43611090	     -1.85589402	     -8.27130440	     -3.20159550	     15.27448587	     68.96160955	     15.69366363	     -4.25507979	     16.16667698	     40.10084990	     69.36962361
      3.70000000	      2.53771638	     -7.41856759	     14.62028703	      1.20038973	      0.94161352	     -0.06461959	     29.03204072	      6.35358867	     -4.66218859	      5.80436923	     -2.27040807	     -8.94250345	      0.00000000	    -27.54263839	     -6.07632473	    -12.75385494	      0.00000000	     27.56053161	     23.44918548	      0.00000000	     -1.49072085	     10.32996927	    -22.77442545	     -2.37760095	     -8.66090359	     -3.38357023	     14.81929008	     68.89313008	     16.16238199	     -4.03196371	     16.07075223	     40.40691585	     69.33514761
      3.71666670	      2.44362148	     -8.71330369	     14.54549458	      1.22836368	      0.93952146	     -0.06350681	     29.88120928	      8.27963308	     -4.11943007	      8.75259237	     -3.97135741	    -13.07804104	      0.00000000	    -28.92518223	     -7.80828749	    -12.54220265	      0.00000000	     26.42435913	     22.88655419	      0.00000000	     -0.73090518	     11.94030548	    -23.01118304	     -2.79723814	     -8.89570997	     -4.46962484	     13.55505540	     68.43115927	     16.15082397	     -3.53394726	     15.17170915	     40.61988715	     69.09818940
      3.73333330	      2.04871359	     -9.79251836	     14.46496769	      1.25914639	      0.93695830	     -0.06220520	     30.85669596	      9.91120981	     -4.11328151	     12.10366042	     -5.15092370	    -15.93729862	      0.00000000	    -30.00000025	     -9.25856973	    -11.69529584	      0.00000000	     24.41498770	     21.72256070	      0.00000000	      0.45756248	     13.20172491	    -23.20009283	     -3.53557216	     -9.18661277	     -5.00948788	     13.00211429	     68.17964171	     15.85689681	     -3.03242634	     14.53664320	     40.38567916	     69.02634219
      3.75000000	      1.01235710	    -10.59233634	     14.21245301	      1.29200891	      0.93419272	     -0.06076521	     32.14796774	     11.22896514	     -3.92522881	     15.39457550	     -6.62944829	    -18.54315991	      0.00000000	    -30.00000025	    -10.31789525	    -10.53993039	      0.82302774	     21.73680045	     20.11455970	      0.00000000	      2.51316527	     13.90941485	    -23.41638179	     -4.48334899	     -9.44875668	     -5.34215653	     12.53344316	     68.00341578	     14.99934285	     -2.53749479	     14.01048356	     39.78887319	     69.03618485
      3.76666670	      1.28605865	    -11.09219125	     14.42152395	      1.32409819	      0.93542701	     -0.05993033	     31.47787718	     12.50836555	     -4.04139894	     17.84514812	     -8.52030018	    -21.06996676	      0.00000000	    -30.00000025	    -11.70401771	     -9.26940074	      4.16711389	     19.23552422	     18.27732171	      0.00000000	      2.99159989	     14.50044651	    -23.40449011	     -5.18932032	     -9.40574093	     -5.54453995	     12.08758658	     67.86963416	     14.39399820	     -2.07528721	     13.51783572	     39.05813440	     69.09649815
      3.78333330	      2.30245894	    -11.06506263	     14.24756722	      1.35241634	      0.94024002	     -0.05826819	     29.48474379	     13.70783597	     -3.57346445	     19.78085912	    -10.09524967	    -23.22382309	      0.00000000	    -30.00000025	    -12.49223844	     -7.69421580	      8.68876542	     15.42476332	     15.31750497	      0.00000000	      2.16951708	     14.79230762	    -22.56851477	     -5.53379942	     -9.17983401	     -5.57130369	     11.78030995	     67.79552899	     13.88952269	     -1.72164347	     13.03313683	     38.23973714	     69.17790726
      3.80000000	      3.37864170	    -10.73139500	     13.68666512	      1.38081249	      0.94666218	     -0.05722877	     26.93027580	     14.72494930	     -2.63636257	     21.16453750	    -11.34178504	    -25.70222913	      0.00000000	    -28.90289703	    -12.72652108	     -5.77158946	     14.89544646	     10.27899067	     10.97946278	      0.00000000	      1.09280764	     14.79295121	    -21.36371737	     -5.67735650	     -8.99830338	     -5.48604001	     11.74194122	     67.72529031	     13.27111281	     -1.33789453	     12.60606591	     37.04247290	     69.37157431
      3.81666670	      3.91242704	    -10.33546421	     12.82475541	      1.40859589	      0.95430236	     -0.05497168	     24.38374027	     15.53529597	     -1.67422475	     21.64735814	    -11.43058737	    -27.05138966	      0.00000000	    -26.02632377	    -12.59912314	     -4.01649029	     22.48364398	      4.04666816	      6.11593845	      0.00000000	      0.56167383	     14.57699949	    -19.74946342	     -5.97059751	     -8.77731187	     -5.29413957	     11.58386115	     67.74209765	     12.29889879	     -0.92219470	     12.35681990	     36.22555246	     69.44736037
      3.83333330	      4.24845999	     -9.69556012	     11.92034251	      1.43657314	      0.96333089	     -0.05176519	     21.61196875	     15.99537017	     -0.57358546	     21.31224028	    -11.01243306	    -28.41390538	      0.00000000	    -22.30742956	    -12.00574856	     -2.10476443	     30.19325001	     -2.27042737	      1.36425446	      0.00000000	      0.09074672	     13.95895111	    -18.28222631	     -6.07062095	     -8.30031589	     -4.97928258	     11.63445785	     67.79882452	     11.31801545	     -0.84292171	     12.05021724	     34.99681098	     69.51995988
      3.85000000	      4.42901356	     -8.84263993	     10.85393358	      1.46526442	      0.97200570	     -0.04778430	     18.60742541	     16.16245670	      0.70502699	     20.30295534	    -10.24253429	    -29.44698692	      0.00000000	    -18.28488651	    -10.98345038	     -0.52411443	     37.09719180	     -8.58647403	     -2.73272689	      0.00000000	     -0.20355325	     13.02234986	    -16.83400710	     -6.04926126	     -7.78189152	     -4.50262175	     11.70287090	     67.91245957	     10.19270781	     -0.91013327	     11.72383208	     33.52421998	     69.60386334
      3.86666670	      4.66356064	     -7.71874489	      9.77604547	      1.49571591	      0.97782917	     -0.04377502	     15.28378662	     15.96381990	      1.99706640	     19.01160296	     -8.89844708	    -30.10292426	      0.00000000	    -14.20938133	     -9.72554883	      0.89903817	     43.15593663	    -13.45117617	     -6.26126043	      0.00000000	     -0.46252737	     11.61789098	    -15.32077045	     -5.83946860	     -7.13051845	     -3.98652127	     11.71360584	     68.06221863	      8.99373561	     -1.07791868	     11.42112071	     32.21178300	     69.63474604
      3.88333330	      4.81480157	     -6.40124387	      8.59336576	      1.52429587	      0.98137668	     -0.03877084	     12.01833917	     15.45809924	      3.49570325	     17.66203494	     -7.37030546	    -30.05389487	      0.00000000	    -10.02940972	     -8.22789855	      2.07872001	     48.29125931	    -15.41697566	     -9.56643324	      0.00000000	     -0.59219038	      9.92295075	    -13.80586130	     -5.53139721	     -6.45787629	     -3.28263607	     11.72794503	     68.28822485	      7.77345850	     -1.41201330	     11.05768302	     30.68748636	     69.63630979
      3.90000000	      4.83956873	     -5.05858751	      7.43478644	      1.55088879	      0.98446491	     -0.03380719	      8.88190782	     14.73524241	      4.99339804	     16.27531499	     -5.12536394	    -29.04106807	      0.00000000	     -5.76052579	     -6.64814797	      3.10209802	     52.36992851	    -14.10326132	    -12.77238014	      0.00000000	     -0.44012037	      8.16947053	    -12.05372518	     -5.15436237	     -5.90831063	     -2.05524444	     11.78886938	     68.70183728	      6.70939028	     -1.63179982	     10.63357060	     28.83068511	     69.61476859
      3.91666670	      4.88086583	     -3.75659667	      6.29177348	      1.57728329	      0.98778850	     -0.02984544	      5.89829572	     13.90909667	      6.57012606	     15.09584099	     -2.79436099	    -27.82663237	      0.00000000	     -1.80280618	     -5.14260976	      3.56115117	     55.38501420	    -10.00560241	    -15.07871235	      0.00000000	     -0.48224872	      6.45406029	    -10.27458151	     -4.60832522	     -5.32300287	     -0.97847761	     12.06500839	     69.06962987	      5.62093466	     -2.10376006	     10.32955457	     27.53090756	     69.53893928
      3.93333330	      4.79123849	     -2.51360518	      5.13961000	      1.59898054	      0.99221381	     -0.02632866	      3.36976304	     12.97933489	      8.10004908	     14.10895921	     -0.61657192	    -26.53778163	      0.00000000	      2.26062691	     -3.54542816	      3.73151094	     57.17327727	     -4.02460224	    -18.00768475	      0.00000000	     -0.60872254	      4.81510885	     -8.44560688	     -3.91859602	     -4.86447666	     -0.03285871	     12.59971757	     69.39962972	      4.58385484	     -2.61827876	     10.03244341	     26.45774628	     69.40220664
      3.95000000	      4.55852003	     -1.59024205	      4.04121690	      1.61767670	      0.99765935	     -0.02364882	      1.44829605	     12.16167570	      9.22297314	     13.41256477	      1.24213588	    -25.15987565	      0.00000000	      6.53249070	     -2.38029469	      3.55408917	     57.96446473	      0.55335107	    -21.36362805	      0.00000000	     -0.76830104	      3.56907604	     -6.50066025	     -3.15808752	     -4.63646991	      1.05456520	     13.49723523	     69.78161057	      3.70706933	     -3.03678869	      9.66419204	     25.48725298	     69.19101940
      3.96666670	      4.57962223	     -0.65645312	      3.04412563	      1.63271263	      1.00418857	     -0.02166486	     -0.39514758	     11.20169245	      9.95497756	     12.67484876	      1.66799111	    -24.71285896	      0.00000000	     11.15743023	     -0.71702098	      3.99899944	     56.56656917	      5.74830694	    -24.33252336	      0.00000000	     -1.70901002	      2.44855514	     -5.05295714	     -1.68611772	     -4.40984197	      1.36531729	     14.24294569	     69.89280764	      2.87266186	     -3.65468257	      9.48878147	     24.95295114	     69.10899195
      3.98333330	      4.08088823	     -0.16243246	      1.84227660	      1.64810049	      1.01024389	     -0.02005394	     -1.08150825	     10.54842845	     10.31682292	     12.40064005	      3.01255243	    -22.76499019	      0.00000000	     16.10291096	     -0.01253473	      3.54354956	     54.04694249	      9.96441300	    -23.16404481	      0.00000000	     -2.26803101	      1.67596027	     -2.76464598	     -0.91796773	     -4.80341919	      3.28467984	     16.37105654	     70.55735270	      2.55815472	     -3.84913894	      8.58067308	     24.22820473	     68.61169117
      4.00000000	      3.75016067	      0.41377609	      0.93053362	      1.66589979	      1.01452016	     -0.01826234	     -2.02810678	      9.72072953	     10.61955398	     11.88248619	      3.36240409	    -21.28521588	      0.00000000	     19.62594289	      0.82261564	      3.57600719	     49.28676344	     10.94214678	    -22.76524208	      0.00000000	     -2.99056882	      0.85837296	     -1.21729719	      0.27119243	     -5.10092658	      4.99034039	     18.18755784	     71.09772441	      1.99345156	     -4.29534790	      7.75788146	     23.68104603	     68.08435778
      4.01666670	      3.31087911	      0.85640459	      0.14091345	      1.68644523	      1.01652341	     -0.01694343	     -2.91341292	      9.05465873	     10.71043984	     11.46942624	      2.60505450	    -20.50720280	      0.00000000	     22.27376020	      1.38213437	      3.60102276	     43.65600189	     10.13146496	    -21.69369276	      0.00000000	     -3.33433312	      0.24708423	     -0.14989028	      1.83189098	     -5.12054932	      5.25385008	     19.14974281	     71.19108288	      1.11481577	     -4.85863285	      7.55297514	     23.20464686	     67.97177061
      4.03333330	      3.37113143	      1.58796896	     -0.71573228	      1.70585413	      1.01776236	     -0.01484866	     -4.23242056	      8.11444513	     10.55128158	     11.51731588	      2.97086933	    -19.25382117	      0.00000000	     23.23269832	      2.10958749	      3.06421115	     36.55849289	      8.24120162	    -20.44224800	      0.00000000	     -4.32706399	     -0.83238077	      1.37845858	      2.92036044	     -5.49960019	      6.83660583	     21.61948760	     71.72455023	      0.78146368	     -5.39149256	      6.48948504	     22.79166340	     67.34874247
      4.05000000	      3.36970227	      2.08050607	     -1.45331400	      1.72421606	      1.01820824	     -0.01238578	     -5.56058583	      7.50352832	     10.08688430	     11.76362927	      2.71524393	    -18.25993798	      0.00000000	     23.77579787	      2.70531716	      2.40771688	     28.28068488	      5.87496318	    -18.08255445	      0.00000000	     -5.22798527	     -1.60759361	      2.22508321	      4.44852902	     -5.74821899	      8.11518488	     23.65030918	     72.16722687	      0.13507831	     -6.00910485	      5.43281299	     22.40326289	     66.68700648
      4.06666670	      3.23338050	      2.22647668	     -2.07552293	      1.74546883	      1.01742370	     -0.00977437	     -6.61894819	      7.34665252	      9.81780965	     12.15812233	      2.99150610	    -17.85835246	      0.00000000	     23.71356692	      2.90723911	      1.04107587	     18.93158281	      3.21530931	    -14.25932585	      0.00000000	     -5.82296758	     -1.97807601	      2.95589322	      5.76836362	     -6.00854876	      9.01909200	     25.59943145	     72.51054275	     -0.58989477	     -6.55748679	      4.51688524	     22.00366042	     66.12785000
      4.08333330	      3.11333207	      1.85689723	     -2.71975747	      1.76599532	      1.01653586	     -0.00649797	     -7.48359106	      7.76349778	      9.85354124	     12.82836728	      3.45354721	    -17.82438631	      0.00000000	     23.31275513	      2.61813523	     -0.95656643	     10.27092015	      1.17831647	     -8.33826524	      0.00000000	     -6.31293576	     -1.76310243	      3.60556023	      6.98862061	     -6.38783199	      9.95859623	     27.85803755	     72.88592912	     -1.41306080	     -6.97993998	      3.50174024	     21.57980420	     65.54789302
      4.10000000	      2.91967865	      1.50053099	     -3.37985933	      1.78826207	      1.01291618	     -0.00338022	     -8.11495956	      8.26418073	     10.19452395	     14.03570030	      4.56037102	    -18.13051584	      0.00000000	     23.13054647	      2.36694012	     -3.42444573	      3.89468624	     -0.16116426	     -2.29940207	      0.00000000	     -6.63232325	     -1.63114745	      4.17394618	      8.19757547	     -6.69014380	     10.89654031	     30.12403300	     73.26013922	     -2.27846179	     -7.42825254	      2.44920904	     21.19451206	     64.98960603
      4.11666670	      2.77930299	      1.48887367	     -3.95592654	      1.80990718	      1.00645549	     -0.00113017	     -8.43739821	      8.47459037	     10.29614518	     16.06728445	      6.03977003	    -18.61449456	      0.00000000	     23.30476646	      2.59130121	     -5.66519973	      0.00000000	     -0.79629715	      2.40950070	      0.00000000	     -7.13659725	     -1.94521992	      4.51112962	      9.47587687	     -6.77766489	     11.80310528	     32.23618346	     73.60810285	     -3.03970290	     -7.97969445	      1.35462925	     20.76683682	     64.44730008
      4.13333330	      2.22148471	      1.55222283	     -4.00734054	      1.83032734	      0.99791084	      0.00093096	     -7.61300542	      8.85008289	      9.87380405	     19.40327732	      7.54184701	    -19.22728333	      0.00000000	     25.24279219	      2.89773891	     -6.87863502	      0.00000000	     -0.02749748	      4.88948012	      0.00000000	     -7.31492907	     -2.35287013	      4.28883855	     10.79898461	     -6.64977558	     12.41416439	     34.04553151	     73.83849440	     -3.62944079	     -8.60486704	      0.47369320	     20.21721978	     64.04165694
      4.15000000	      2.48224240	      1.85403195	     -4.05868124	      1.85073733	      0.99269415	      0.00353498	     -6.94379748	      8.92875406	      9.33996724	     24.06127455	      8.63544453	    -20.02667547	      0.00000000	     25.58161508	      3.45682423	     -7.02911856	      0.00000000	      0.05292982	      5.46558725	      0.00000000	     -8.50540141	     -3.18950434	      4.23745993	     12.18785565	     -6.25848017	     12.58633197	     35.15147000	     73.90551326	     -3.74049051	     -9.37111395	      0.11601534	     19.70065320	     63.90210382
      4.16666670	      3.42987437	      2.20097552	     -4.36890261	      1.87066843	      0.99036642	      0.00648423	     -6.03673082	      8.65449656	      8.29577421	     30.14538111	      8.68199350	    -19.56808201	      0.00000000	     24.56855495	      3.98276404	     -7.28966649	      0.00000000	     -0.09923576	      5.87704914	      0.00000000	    -10.62038167	     -4.09640869	      3.96832267	     13.51344107	     -6.00981607	     13.45320957	     37.32694799	     74.13865494	     -3.66897905	    -10.00246111	     -0.92674711	     18.98211663	     63.46781170
      4.18333330	      4.72986228	      2.58585074	     -4.77097542	      1.88930441	      0.98906815	      0.00956910	     -4.50743045	      8.08860497	      7.07716125	     37.52546309	      6.94115713	    -19.29402387	      0.00000000	     22.83092554	      4.54788373	     -7.05750739	      0.34211488	     -1.48370695	      4.46088119	      0.00000000	    -13.08834938	     -5.09715204	      3.85916321	     14.85249447	     -5.60966176	     13.96308702	     38.60822605	     74.24609904	     -3.39209944	    -10.65478225	     -1.60838608	     18.64968331	     63.21075952
      4.20000000	      5.47888213	      2.75516173	     -4.80723500	      1.90975700	      0.98519362	      0.01006201	     -1.78844293	      7.54059749	      5.55941801	     45.42816240	      3.79312678	    -18.85828531	      0.00000000	     22.79097774	      4.86203412	     -6.99542654	      3.89619757	     -2.10133090	      2.33843863	      0.00000000	    -14.99440873	     -5.63593069	      3.12958740	     15.98440334	     -5.12120464	     14.39955076	     39.97430704	     74.31808946	     -3.21752631	    -11.22135187	     -2.04672498	     18.30559907	     63.07287953
      4.21666670	      6.17815424	      2.63419362	     -4.94332624	      1.92798172	      0.98085580	      0.00975507	      1.05745853	      7.06481464	      4.38198007	     52.84491245	     -0.04746021	    -17.94841437	      0.00000000	     22.99863446	      4.84218121	     -6.97382459	      8.26337431	     -2.93588941	     -0.05547503	      0.00000000	    -16.88530431	     -5.75014787	      2.56986797	     16.97377269	     -4.78426670	     14.85640890	     41.21997064	     74.38535119	     -2.93065456	    -11.57446742	     -2.31800796	     18.12671424	     63.02311275
      4.23333330	      6.72397591	      2.29539376	     -5.09884195	      1.94595108	      0.97608185	      0.00979708	      3.92275055	      6.64226397	      3.32619000	     59.47915978	     -3.55345970	    -16.09186496	      0.00000000	     23.43720636	      4.58923059	     -6.75325889	     12.93057757	     -3.75598317	     -2.22959348	      0.00000000	    -18.70542426	     -5.53413679	      2.18271774	     17.81313574	     -4.52763694	     15.25995649	     42.26317837	     74.44340806	     -2.42597783	    -11.73527521	     -2.42881011	     18.07741111	     63.06368373
      4.25000000	      7.21438298	      1.85617122	     -5.41683547	      1.96515186	      0.97401450	      0.00916333	      6.40141020	      6.14317057	      2.57388686	     64.99058122	     -5.55335002	    -14.12396869	      0.00000000	     23.85714575	      4.20103969	     -6.56452460	     17.39221902	     -3.93784298	     -4.11667164	      0.00000000	    -20.45875556	     -5.11685336	      2.03091311	     18.50583084	     -4.30782172	     15.53813679	     42.97194744	     74.48995201	     -1.70498879	    -11.66539700	     -2.35510239	     18.06202413	     63.18558760
      4.26666670	      7.62146620	      1.53338996	     -5.75280449	      1.98406537	      0.97477224	      0.00842112	      8.41103728	      5.46142237	      2.03140153	     69.07790187	     -5.99541018	    -12.28962929	      0.00000000	     24.25987146	      3.94593407	     -6.28173900	     21.57023307	     -3.37776666	     -6.04908983	      0.00000000	    -22.10458556	     -4.83770162	      1.96578677	     18.91194692	     -4.07716392	     15.76778182	     43.28402530	     74.54452988	     -0.71627189	    -11.56716194	     -2.08622239	     18.04886917	     63.41966654
      4.28333330	      8.15862692	      1.33686506	     -6.07859298	      1.99941093	      0.97775210	      0.00832693	      9.82236980	      4.81117024	      1.89790142	     72.02891431	     -5.18515337	    -11.99601473	      0.00000000	     24.17286348	      3.83419030	     -6.15036080	     25.01858837	     -1.83339427	     -7.57100217	      0.00000000	    -23.97733431	     -4.71623666	      1.85374822	     19.25225953	     -3.67365851	     15.84057290	     43.15823204	     74.56654593	      0.54340596	    -11.38650465	     -1.85414398	     18.23088634	     63.57569408
      4.30000000	      8.48096007	      0.89802268	     -6.16309948	      2.01176067	      0.97977574	      0.00796482	     11.32741882	      4.32517655	      1.37651127	     74.25768764	     -2.26785202	    -12.06899358	      0.00000000	     24.12567067	      3.55947665	     -5.66653397	     27.78558741	     -0.41834575	     -9.34131528	      0.00000000	    -25.90551514	     -4.12907447	      1.70568870	     19.70919441	     -3.37981700	     15.87810440	     42.61853614	     74.66650407	      2.29542770	    -11.10273636	     -1.04996712	     18.39983538	     64.10254191
      4.31666670	      8.83844186	      0.71994710	     -6.24131157	      2.02397687	      0.97950464	      0.00872921	     13.12357035	      3.71178179	      1.02734506	     76.52540490	      1.58858535	    -14.99398816	      0.00000000	     23.71784859	      3.49175787	     -5.40145743	     29.59000781	      1.22857279	    -10.51570404	      0.00000000	    -28.02858788	     -3.88439496	      1.42979619	     20.14668548	     -2.96356511	     15.92292392	     42.18956903	     74.70174447	      4.27768880	    -10.88539344	     -0.77039394	     18.91717846	     64.28412388
      4.33333330	      8.98409064	      0.37972764	     -6.14996751	      2.03198433	      0.97953575	      0.01078005	     15.38722978	      3.37978013	      0.51724220	     78.35343073	      4.74521129	    -20.15527479	      0.00000000	     23.43223185	      3.21351698	     -4.94110266	     30.82359838	      2.50899238	    -11.94155804	      0.00000000	    -29.95292104	     -3.42443378	      0.95696397	     21.03626299	     -1.95827879	     15.70083698	     39.89425762	     75.11427161	      6.71666688	    -10.77071932	      1.71904972	     19.00965884	     65.91515002
      4.35000000	      8.94758614	      0.38560392	     -6.03963902	      2.04176691	      0.98018625	      0.01224713	     18.03082305	      2.56856719	      0.09226902	     79.68022808	      6.57680876	    -25.13827471	      0.00000000	     23.08739049	      3.27139079	     -4.68250842	     31.40844574	      3.68640163	    -12.81194030	      0.00000000	    -31.71021819	     -3.30938523	      0.71212248	     21.56660597	     -1.47851247	     15.69459996	     38.36919843	     75.43507455	      9.46961990	    -10.51444019	      2.94275209	     19.82259016	     66.81164257
      4.36666670	      8.83573122	      0.42111494	     -6.14699673	      2.05139108	      0.98245549	      0.01291983	     20.21840681	      1.85285349	     -0.00396471	     79.90494171	      4.77308722	    -29.72752885	      0.00000000	     22.51300462	      3.24636825	     -4.83663538	     31.32701916	      4.10629769	    -13.41423650	      0.00000000	    -33.25759736	     -3.24106498	      0.19194759	     22.25082571	     -0.58903823	     15.60648029	     36.36032687	     75.84452028	     12.23816549	    -10.32857529	      4.47753374	     20.50135992	     67.92288170
      4.38333330	      8.44052126	      0.38570999	     -6.52151817	      2.05587965	      0.98590109	      0.01166509	     22.67307042	      1.24597714	      0.20387049	     78.78400190	      1.82620739	    -33.87693876	      0.00000000	     22.15491506	      3.15188063	     -5.08948875	     30.76413589	      4.01498174	    -14.05236180	      0.00000000	    -34.61894851	     -3.00377816	     -0.10807952	     22.98178887	      0.18843779	     15.62819942	     34.37480067	     76.37409491	     15.09118938	     -9.98001567	      6.22355751	     21.47911366	     69.15205669
      4.40000000	      7.63853419	      0.50154681	     -6.82886472	      2.05645998	      0.98816281	      0.00874852	     26.06097758	      0.41558871	      0.61557346	     76.51514369	      0.46316989	    -35.00000000	      0.00000000	     22.40600243	      3.30065849	     -5.35356392	     30.13841353	      3.47634913	    -14.46987298	      0.00000000	    -35.86277717	     -2.70603093	     -0.52411916	     23.57500481	      0.78961205	     15.69252494	     33.26584971	     76.70390737	     18.16667394	     -9.43477434	      7.30618532	     22.90768808	     69.85955208
      4.41666670	      6.32754279	      0.66548248	     -6.99100726	      2.05604196	      0.98887854	      0.00526833	     30.65356309	     -0.45600788	      1.09046155	     73.67814175	      0.77446376	    -35.00000000	      0.00000000	     23.72440097	      3.52890201	     -5.50855614	     29.85717086	      2.04932228	    -15.78884934	      0.00000000	    -36.70691620	     -1.97601666	     -1.48000355	     24.72415724	      1.82670949	     15.38523178	     31.27816884	     77.80231307	     21.27776226	     -9.65104966	     11.19425184	     24.68402418	     72.18966890
      4.43333330	      4.76575984	      0.83723109	     -7.08000580	      2.05630119	      0.99072448	      0.00284042	     34.91419415	     -1.21024384	      1.29081741	     69.27202967	     -0.15194000	    -35.00000000	      0.00000000	     25.31569528	      3.72586600	     -5.75762692	     29.42528618	      0.66616563	    -16.39495156	      0.00000000	    -37.60275473	     -1.35170593	     -1.52228063	     25.40782467	      2.11867462	     14.68750886	     30.40967170	     78.69506477	     25.12508592	     -9.17934702	     13.93451630	     26.95398824	     73.84003842
      4.45000000	      3.54783057	      0.86666045	     -7.18953399	      2.06382128	      0.99207465	      0.00260974	     37.24298657	     -1.81364779	      0.97392046	     63.66893805	     -2.03152212	    -35.00000000	      0.00000000	     26.29616118	      3.69984502	     -5.97365411	     28.89982206	     -0.35547816	    -16.44187839	      0.00000000	    -38.59686544	     -0.54110199	     -1.41300024	     25.87212294	      2.41095697	     13.21539221	     29.21140960	     79.45175928	     28.97701632	     -8.71618756	     16.74475445	     29.47626125	     75.34568224
      4.46666670	      2.47148433	      0.97313581	     -7.53057594	      2.07355858	      0.99338864	      0.00359696	     37.84227838	     -2.32656452	      0.36208119	     57.33535360	     -4.11615408	    -35.00000000	      0.00000000	     26.81739394	      3.61232964	     -6.38658734	     28.43406016	     -0.92222260	    -16.09313287	      0.00000000	    -39.38694011	      0.00439056	     -1.09431478	     25.74354532	      2.56423989	     11.43888634	     28.26589220	     79.96775575	     32.38022926	     -8.04584921	     18.62482707	     32.08923695	     76.28771055
      4.48333330	      1.38529138	      1.07537297	     -8.02719177	      2.08330906	      0.99380795	      0.00421054	     37.23858977	     -2.66045405	     -0.46409389	     50.77462559	     -5.86823241	    -35.00000000	      0.00000000	     27.25440100	      3.41246231	     -6.79700247	     28.17885932	     -0.98341094	    -15.89185515	      0.00000000	    -39.66044982	      0.47747011	     -0.49645841	     25.32057380	      2.27733110	     10.79939277	     27.18958543	     79.99251111	     35.19827239	     -6.93710945	     18.94236448	     34.42024098	     76.42333455
      4.50000000	      0.83953458	      1.26679586	     -8.47631008	      2.09202644	      0.99432408	      0.00474342	     35.37682038	     -3.17032623	     -1.70723607	     44.27528963	     -7.13799001	    -35.00000000	      0.00000000	     27.01645213	      3.38221027	     -7.22766149	     27.89102631	     -0.60251167	    -15.24720454	      0.00000000	    -40.31118318	      0.86801239	     -0.30099671	     24.91603423	      2.45791770	      8.38588081	     26.63079713	     79.72490606	     37.10527560	     -6.55234599	     19.73509631	     37.95166275	     76.59077446
      4.51666670	      0.26727998	      1.53686453	     -8.83058924	      2.10031220	      0.99511106	      0.00482434	     33.27004827	     -3.70025221	     -3.26038794	     38.11723890	     -8.48326448	    -35.00000000	      0.00000000	     26.86647723	      3.52966423	     -7.44388444	     27.66543626	     -0.15397686	    -14.99173344	      0.00000000	    -40.61575949	      1.15034376	      0.04275104	     24.16641680	      2.42657066	      5.95311993	     26.77008640	     79.40088829	     38.39645994	     -5.80388560	     19.97085187	     40.89481050	     76.46406476
      4.53333330	     -0.17892208	      1.83238600	     -9.04347710	      2.10494318	      0.99734789	      0.00496063	     31.24456163	     -4.24567574	     -5.12515075	     32.97504391	     -9.66099421	    -35.00000000	      0.00000000	     26.74783855	      3.82747978	     -7.50557329	     27.53041016	      0.30816661	    -15.06399789	      0.00000000	    -40.99258486	      1.49828948	      0.33143006	     23.71172077	      2.30782172	      4.21132658	     27.19392550	     79.11839450	     39.55285244	     -5.12869962	     20.21133443	     43.57783285	     76.26585577
      4.55000000	     -0.63042305	      2.13857835	     -9.28140480	      2.10667367	      0.99827653	      0.00646285	     29.81602806	     -4.68543559	     -7.21004563	     29.16304783	    -10.52392221	    -35.00000000	      0.00000000	     27.03649338	      4.03867762	     -7.41016767	     27.59826208	      0.81047014	    -15.34432324	      0.00000000	    -41.40581653	      1.69924622	      0.61758397	     23.46065423	      2.19595826	      2.75499154	     27.82371943	     78.83192846	     40.37192730	     -4.66690905	     20.61100602	     46.32079823	     76.04050729
      4.56666670	     -1.10518089	      2.46824902	     -9.54856791	      2.11209605	      0.99544958	      0.00804392	     29.15860531	     -5.10131324	     -9.22627955	     27.24225721	    -10.58638273	    -35.00000000	      0.00000000	     27.65749672	      4.24069351	     -7.14193972	     28.12324019	      1.32624659	    -15.58378219	      0.00000000	    -41.67578368	      1.74259107	      1.13221650	     23.45063826	      1.82989989	      2.31806106	     27.81476179	     78.74271084	     41.17273649	     -3.81355935	     20.78649538	     48.09613909	     75.97551475
      4.58333330	     -1.52153420	      2.53634400	     -9.88579331	      2.11670261	      0.99234216	      0.01043022	     28.73514966	     -5.11736327	    -10.97121504	     26.29791092	     -9.99049472	    -35.00000000	      0.00000000	     28.36213999	      4.07725532	     -6.84325174	     29.04487842	      1.98438020	    -15.96389542	      0.00000000	    -42.31699268	      2.10517415	      1.29044922	     23.41616947	      1.98217468	      0.69756081	     29.52678001	     78.38692018	     41.11723183	     -4.04609549	     20.77335215	     51.78799835	     75.56606239
      4.60000000	     -2.16077613	      2.51615265	    -10.22376702	      2.11798719	      0.99030287	      0.01239648	     29.13499997	     -4.95445469	    -12.24176137	     26.41432048	     -9.19590013	    -35.00000000	      0.00000000	     29.53306416	      3.74400208	     -6.56401575	     30.16053264	      2.43180312	    -16.42135061	      0.00000000	    -42.66078082	      2.41211987	      1.96582543	     23.87724530	      1.69616614	      0.15697985	     30.15787781	     78.32744792	     41.44289692	     -3.47152987	     20.65570894	     53.63522010	     75.35083033
      4.61666670	     -2.85650154	      2.55180986	    -10.53342650	      2.12017954	      0.98833900	      0.01430602	     29.94212261	     -4.80749084	    -12.94319835	     27.08448778	     -8.28680717	    -35.00000000	      0.00000000	     30.76319273	      3.48897193	     -6.28145707	     31.24882022	      2.81368712	    -17.08680227	      0.00000000	    -43.02227773	      2.73295600	      2.40699771	     24.46474838	      1.50904134	     -0.35140321	     31.22613559	     78.34097654	     41.50602597	     -3.13078530	     20.39823804	     55.50440630	     75.12665850
      4.63333330	     -3.55738983	      2.65760931	    -10.80123356	      2.12202255	      0.98738367	      0.01442473	     30.95952322	     -4.72682714	    -13.13763030	     27.84139510	     -7.71326207	    -35.00000000	      0.00000000	     31.88310744	      3.37476839	     -6.01987205	     32.01572386	      2.96004818	    -17.98542230	      0.00000000	    -43.39113751	      3.07805317	      2.64123387	     25.12198282	      1.35256119	     -0.68962497	     32.17619539	     78.47832924	     41.41697238	     -2.78646602	     20.11741684	     56.78164498	     74.95473338
      4.65000000	     -3.78826031	      2.77314264	    -11.05548667	      2.12625910	      0.98666867	      0.01550495	     31.41788976	     -4.73856207	    -13.07782129	     28.45106972	     -7.57381583	    -35.00000000	      0.00000000	     32.16582497	      3.38375769	     -5.92253777	     32.31631890	      3.16039607	    -18.25218449	      0.00000000	    -44.12232001	      3.46568870	      2.67845684	     25.99411902	      1.33905915	     -0.71420896	     32.48477882	     78.50355965	     41.29377964	     -2.43969254	     20.20575957	     56.82612087	     74.95188735
      4.66666670	     -4.83151027	      2.91100871	    -11.17975879	      2.12796302	      0.98432352	      0.01655851	     32.87044536	     -4.68698651	    -13.00303217	     29.26810489	     -6.91476578	    -35.00000000	      0.00000000	     33.51449245	      3.41005931	     -5.31545190	     32.97275556	      3.02326240	    -19.79182093	      0.00000000	    -44.19330738	      4.00716488	      2.82643707	     26.29496288	      1.09844570	     -0.71997649	     33.52331988	     78.89360795	     40.62935628	     -2.06603292	     19.79463929	     57.51956666	     74.91460807
      4.68333330	     -5.35854604	      3.04991298	    -11.67384064	      2.12747716	      0.98309508	      0.01694204	     33.76345550	     -4.47843100	    -12.77392165	     29.55426429	     -6.68589158	    -35.00000000	      0.00000000	     34.21269507	      3.30974456	     -5.18135937	     33.40379080	      3.29402935	    -20.61341532	      0.00000000	    -44.84996755	      4.25094104	      2.80797809	     27.13166349	      1.21426363	     -0.60354613	     34.07325206	     79.17473825	     40.13023306	     -1.75620816	     19.57397224	     57.27109612	     74.92402496
      4.70000000	     -6.18443174	      3.33125846	    -12.03600018	      2.12920623	      0.98056322	      0.01719282	     35.05131260	     -4.43880167	    -12.72728711	     29.96630132	     -6.58541598	    -35.00000000	      0.00000000	     35.28253399	      3.39222746	     -4.92655988	     33.86685116	      3.03075604	    -21.46501441	      0.00000000	    -45.14327563	      4.69257243	      2.68638442	     27.68309495	      1.26256316	     -0.18104282	     34.72309936	     79.85783705	     39.30615126	     -1.25679427	     18.97039059	     56.49429341	     75.00397662
      4.71666670	     -6.47624000	      3.48838467	    -12.45751035	      2.13316394	      0.97876095	      0.01929752	     35.53817792	     -4.31752831	    -12.53647244	     30.21434220	     -6.41456108	    -35.00000000	      0.00000000	     35.67250421	      3.28998895	     -4.92563579	     34.36695791	      3.36665389	    -21.81971772	      0.00000000	    -46.01038744	      4.99191460	      2.26260181	     28.16883583	      1.62302891	      0.10241043	     35.15536251	     80.20024154	     38.22435571	     -1.04235272	     18.99130308	     55.42403022	     75.09033643
      4.73333330	     -6.99552147	      3.83312555	    -12.70530990	      2.13250837	      0.97810261	      0.01976416	     36.59555090	     -4.52273423	    -12.44467370	     31.03518534	     -6.21660190	    -35.00000000	      0.00000000	     36.28513797	      3.43909098	     -4.91890599	     34.52550486	      3.37048515	    -21.95046290	      0.00000000	    -46.56856852	      5.29931723	      1.75956450	     28.66108349	      1.84069918	      1.01075879	     35.53539121	     81.26861747	     37.28750442	     -0.28489009	     18.83284427	     52.62767257	     75.39174929
      4.75000000	     -7.41682556	      4.04498801	    -13.14059440	      2.13143249	      0.97683689	      0.02116999	     37.36995825	     -4.34814673	    -12.02403997	     31.30468966	     -5.98931769	    -35.00000000	      0.00000000	     36.76582103	      3.23851235	     -5.23386973	     34.66948030	      3.80707353	    -21.86523847	      0.00000000	    -47.35437389	      5.49835721	      1.42954102	     29.20795947	      2.19360563	      2.21805609	     35.68274478	     82.94485312	     36.75458487	      0.47837817	     19.36789462	     48.73842224	     76.00095262
      4.76666670	     -8.10924138	      4.35848450	    -13.56856513	      2.12875205	      0.97480963	      0.02095543	     38.38922985	     -4.19327727	    -11.70186109	     31.23821096	     -5.86112369	    -35.00000000	      0.00000000	     37.67718847	      3.03193875	     -5.71727762	     34.79763803	      3.84218276	    -21.80426669	      0.00000000	    -47.93975369	      5.67744051	      0.84273491	     29.93193079	      2.76678693	      3.32919618	     36.04777176	     84.33523086	     36.26973680	      1.07438927	     20.17533549	     44.75115455	     76.45108289
      4.78333330	     -8.83931764	      4.67903731	    -14.11934569	      2.12852972	      0.97205010	      0.01927692	     39.44947951	     -4.00848727	    -11.25042585	     31.18127195	     -5.74559542	    -35.00000000	      0.00000000	     38.71022190	      2.79199987	     -6.24236582	     34.85826866	      4.05193550	    -21.66526771	      0.00000000	    -48.42236268	      5.86210138	      0.19944787	     30.79227508	      3.35998608	      4.73587114	     36.18415160	     85.75048515	     35.99698509	      1.85432879	     21.17164706	     40.44742628	     76.73938387
      4.80000000	     -9.71050599	      5.16844391	    -14.61970761	      2.12722014	      0.96894791	      0.01864062	     40.83528597	     -4.02453124	    -10.87543809	     31.34695356	     -5.62935864	    -35.00000000	      0.00000000	     39.79193050	      2.82790184	     -6.59185777	     34.64640917	      4.12413386	    -21.87784032	      0.00000000	    -48.69712542	      6.01853622	     -0.59236999	     31.65909421	      3.94693207	      6.22237427	     36.47592218	     87.09097386	     35.87850364	      2.59306841	     22.24481318	     36.79227472	     76.79776207
      4.81666670	    -10.56647069	      5.70048317	    -15.03601630	      2.12727688	      0.96563699	      0.01936269	     42.28118753	     -4.07217886	    -10.37314653	     31.76522446	     -5.44194021	    -35.00000000	      0.00000000	     40.91879640	      2.90542311	     -6.84780237	     34.59437776	      4.35527958	    -22.14001054	      0.00000000	    -48.87194780	      6.20614010	     -1.40421379	     32.32207891	      4.48187533	      7.66738898	     36.94621206	     88.32866232	     35.94139512	      3.29571093	     23.42691688	     34.08195811	     76.64553807
      4.83333330	    -11.31521609	      6.18413092	    -15.40136904	      2.12779449	      0.96347539	      0.01904656	     43.44637670	     -4.19722648	    -10.22917904	     32.08278468	     -5.39472229	    -35.00000000	      0.00000000	     41.88087517	      3.06095330	     -6.90859585	     34.55066168	      4.37742914	    -22.31021251	      0.00000000	    -49.02141777	      6.61192241	     -2.27421401	     32.92378290	      5.01360779	      8.72986480	     37.51542394	     89.14968544	     36.00565561	      3.93766659	     24.48084265	     32.39984036	     76.42980969
      4.85000000	    -11.93175255	      6.61440401	    -15.92115556	      2.12965396	      0.96187414	      0.01796845	     44.41583760	     -4.19786382	     -9.90383133	     32.36370000	     -5.55738611	    -35.00000000	      0.00000000	     42.62207535	      3.15809694	     -7.00560867	     34.61667421	      4.36919235	    -23.02534865	      0.00000000	    -49.13445932	      7.07349223	     -2.96468994	     33.42334717	      5.40931529	      9.84755629	     37.83426403	     89.97356862	     36.37161905	      4.69981303	     25.79078737	     31.03792859	     76.12577984
      4.86666670	    -12.29318273	      6.86372722	    -16.47356221	      2.12837737	      0.95994907	      0.02004180	     44.91580044	     -3.99523787	     -9.70987374	     32.27107726	     -5.75531096	    -35.00000000	      0.00000000	     43.15191189	      3.06373277	     -7.02622900	     34.93659752	      4.62505683	    -23.36546135	      0.00000000	    -49.70675407	      7.52137461	     -3.21893530	     33.99658673	      5.91250985	     10.06618905	     38.08063940	     90.09318981	     36.82768577	      5.37321120	     26.07422988	     31.02428900	     76.08024136
      4.88333330	    -13.25012593	      7.25985950	    -16.92923127	      2.13146481	      0.95572523	      0.01808253	     46.09679959	     -3.88542861	     -9.49279140	     32.35539005	     -5.93858396	    -35.00000000	      0.00000000	     44.52244852	      3.10280646	     -6.77069105	     35.60953714	      4.37599156	    -24.41800335	      0.00000000	    -49.18690303	      8.18639410	     -3.48695584	     34.08392334	      5.85826766	     11.28560423	     38.08386839	     90.91606796	     37.44525594	      6.12970216	     27.51821999	     30.00505367	     75.64467129
      4.90000000	    -13.68015649	      7.51674862	    -17.55870082	      2.12970303	      0.95330298	      0.01946054	     46.59244495	     -3.57243618	     -9.25945472	     32.11118204	     -5.93177877	    -35.00000000	      0.00000000	     45.35683839	      2.87580038	     -6.91497429	     36.42795257	      4.70579835	    -25.01056783	      0.00000000	    -49.47231130	      8.59714124	     -3.57877705	     34.33654749	      6.26584662	     11.55955183	     38.13396747	     91.11775763	     38.17954126	      6.52028897	     27.83009130	     29.97205576	     75.50368520
      4.91666670	    -14.68101400	      7.90968875	    -18.09071430	      2.13288385	      0.94990518	      0.01837260	     47.76584681	     -3.34493150	     -9.11078683	     32.09903922	     -5.94786381	    -35.00000000	      0.00000000	     46.76845365	      2.76568727	     -6.80984656	     37.18977816	      4.62560789	    -25.83938158	      0.00000000	    -48.96455355	      9.18328739	     -3.45804088	     34.33275010	      6.28884794	     11.98116456	     37.52282948	     91.63328592	     38.74448193	      7.11193901	     28.52234132	     29.47084352	     75.08687251
      4.93333330	    -15.38968993	      8.32378985	    -18.67195101	      2.13259530	      0.94866061	      0.01656993	     48.73489708	     -3.21015992	     -8.85827521	     32.18131368	     -6.00442276	    -35.00000000	      0.00000000	     47.95040308	      2.71454559	     -6.84273422	     37.97038699	      4.47449319	    -26.77117259	      0.00000000	    -48.70220471	      9.67604835	     -3.46773791	     34.60354597	      6.38543927	     12.27110886	     36.72722779	     92.26441378	     39.49911657	      7.46878224	     29.07437377	     28.88732782	     74.46252196
      4.95000000	    -16.15944639	      8.83126864	    -19.29909775	      2.12862357	      0.94790367	      0.01665218	     49.78461688	     -2.95077134	     -8.51647854	     31.87754497	     -6.41231851	    -35.00000000	      0.00000000	     49.06522204	      2.70790057	     -6.70954482	     38.13556604	      3.89099550	    -27.87698484	      0.00000000	    -48.45066331	     10.01626144	     -3.28503889	     35.14125294	      6.66363411	     12.38837493	     35.74991412	     92.87162677	     40.43619616	      7.57199185	     29.45007659	     28.47140036	     73.76877265
      4.96666670	    -16.70205228	      9.20144719	    -20.08762055	      2.12602580	      0.94788384	      0.01624213	     50.41869351	     -2.50021029	     -8.26993775	     31.16717363	     -6.85832419	    -34.98904791	      0.00000000	     49.90846776	      2.45716969	     -6.71505711	     38.30365891	      3.80689027	    -28.29687952	      0.00000000	    -48.64506771	     10.18110945	     -2.99706595	     35.80522185	      7.00021106	     12.43081626	     35.62285858	     92.99173218	     41.39122322	      7.42091708	     29.43206725	     28.48399899	     73.61609965
      4.98333330	    -17.74481811	      9.78484964	    -20.75585796	      2.12719973	      0.94520135	      0.01596844	     51.48655662	     -2.13134639	     -8.12287985	     30.39645850	     -7.45664806	    -35.00000000	      0.00000000	     51.24740377	      2.26807578	     -6.72191836	     38.44852164	      3.24562649	    -29.45542990	      0.00000000	    -48.03427938	     10.42147100	     -2.52908145	     36.08233521	      7.15167895	     12.52927972	     34.56174268	     93.31330412	     41.99004622	      7.50853348	     29.67248279	     28.31267215	     73.23443903
      5.00000000	    -18.49795761	     10.32318159	    -21.26378684	      2.12711743	      0.94271901	      0.01560034	     52.36716153	     -1.94456486	     -7.75921510	     30.04565409	     -7.69884465	    -34.71362435	      0.00000000	     52.25015901	      2.34752373	     -6.43721913	     38.49649814	      2.80040207	    -30.50438565	      0.00000000	    -47.65763250	     10.73419832	     -2.57679058	     36.88064937	      7.30368165	     13.85720375	     33.17822930	     98.67318521	     42.71416572	      6.71803942	     33.33533853	     28.41850309	     65.94403602
      5.01666670	    -19.13079162	     10.84909397	    -21.90652160	      2.12817400	      0.94011341	      0.01498667	     53.20102508	     -1.65952888	     -7.29299089	     29.86115786	     -7.80844739	    -34.33910746	      0.00000000	     53.05747660	      2.34294809	     -6.25718502	     38.50984855	      2.79267104	    -31.35525210	      0.00000000	    -47.40473434	     10.88655786	     -2.17598275	     36.97453329	      7.39788299	     13.62077012	     33.06333951	     98.71115208	     42.98989571	      6.67136808	     33.25502424	     28.43862630	     65.78863860
      5.03333330	    -19.90941167	     11.54411966	    -22.21412789	      2.12570199	      0.93890393	      0.01444038	     54.44366119	     -1.57391843	     -6.76349210	     29.88724757	     -7.72520353	    -34.08634696	      0.00000000	     54.15053966	      2.58290199	     -5.99839860	     38.40348973	      2.20736848	    -32.30493734	      0.00000000	    -46.83177458	     11.10159752	     -2.07444578	     36.95199285	      7.47880970	     13.43861643	     32.99982437	     98.83176719	     43.19097017	      6.53649455	     33.50533902	     28.48479078	     65.58959001
      5.05000000	    -20.41299043	     11.98636713	    -22.77008389	      2.12459581	      0.93911824	      0.01413347	     55.12534759	     -1.14936438	     -6.14865098	     29.52940544	     -7.86944131	    -33.68036307	      0.00000000	     54.73883583	      2.54006549	     -5.74618707	     38.15445102	      1.99126147	    -32.81388427	      0.00000000	    -46.63550487	     11.29515514	     -1.88590612	     37.05662947	      7.56886074	     13.45491504	     32.93059903	     98.92044547	     43.39984533	      6.34069983	     33.72463439	     28.45129862	     65.50697296
      5.06666670	    -20.75583088	     12.51932935	    -23.12667251	      2.12359830	      0.94057732	      0.01187297	     55.46070974	     -1.10178636	     -5.86818478	     28.75878214	     -7.94108354	    -33.47371231	      0.00000000	     55.10772318	      2.76939302	     -5.51385580	     37.74156244	      1.97347788	    -32.83894474	      0.00000000	    -46.80043250	     11.54707270	     -1.79408427	     37.27708624	      7.57326344	     13.45515705	     32.94317424	     98.93433301	     43.83249707	      6.25820113	     33.72240132	     28.49414011	     65.49406951
      5.08333330	    -22.00662022	     13.37689946	    -23.46942620	      2.12281644	      0.93833808	      0.01096461	     56.73092743	     -0.91338258	     -5.58260884	     27.76868354	     -8.07127871	    -32.10253471	      0.00000000	     56.49774328	      2.86096619	     -5.14158110	     37.26688516	      1.10824464	    -33.55124853	      0.00000000	    -45.57159009	     11.69066472	     -1.72032153	     37.19067025	      7.40795377	     13.75688366	     32.61358897	     99.18132540	     43.83362549	      6.34186789	     34.64164455	     28.31048230	     65.40584380
      5.10000000	    -22.85448936	     14.07251451	    -23.82069608	      2.12358844	      0.93738659	      0.01049389	     57.38580683	     -0.91337490	     -5.86140136	     26.67710472	     -7.73364800	    -30.46163527	      0.00000000	     57.38307203	      2.94586882	     -4.80042410	     36.86451394	      0.88865593	    -33.62283790	      0.00000000	    -44.72933488	     11.72747708	     -1.90285422	     38.49909941	      7.92055042	     14.56529952	     30.19061445	     99.65843751	     44.09348712	      6.41421158	     35.63605232	     27.24883093	     65.13139002
      5.11666670	    -23.48987368	     14.60819549	    -24.23647140	      2.12412544	      0.93592648	      0.01167883	     57.72324666	     -0.80985468	     -6.40812676	     25.51894891	     -7.68581375	    -29.22019464	      0.00000000	     58.03694027	      2.80546088	     -4.67923277	     36.66733126	      1.20162331	    -33.06602592	      0.00000000	    -44.23224431	     11.74655934	     -1.98304725	     39.52356883	      8.38694913	     15.20935328	     28.06964684	    100.06444606	     44.24593076	      6.55111878	     35.90726394	     26.49550054	     64.76159767
      5.13333330	    -23.77446795	     15.16524755	    -24.71023391	      2.12439086	      0.93535009	      0.01261774	     57.72012969	     -0.76653810	     -6.63153713	     24.39772476	     -8.04703927	    -28.65665130	      0.00000000	     58.17923421	      2.92028461	     -4.25224219	     36.27294962	      1.26680350	    -32.78270033	      0.00000000	    -44.08254457	     11.75952842	     -2.09580033	     39.43955222	      8.39010237	     15.28737207	     27.93317662	    100.13332459	     44.22104642	      6.54691846	     35.90765988	     26.38153335	     64.68136216
      5.15000000	    -24.28511110	     15.67906904	    -25.05650271	      2.12263650	      0.93514562	      0.01274782	     57.95160668	     -0.66960793	     -7.22519379	     23.34141025	     -8.31375425	    -27.71993334	      0.00000000	     58.52299153	      2.94762335	     -3.70557572	     35.81213547	      1.50499625	    -31.97735938	      0.00000000	    -43.69225699	     11.86653877	     -2.20440268	     39.68972032	      8.65222810	     15.48752834	     28.08835443	    100.29092048	     44.25993245	      6.47968705	     35.90542290	     26.01588845	     64.51404622
      5.16666670	    -24.84030328	     16.33540828	    -25.28537703	      2.12039953	      0.93422326	      0.01265575	     58.37020729	     -0.66008178	     -7.68367989	     22.40683831	     -8.01835220	    -26.44375632	      0.00000000	     59.08796289	      3.08204495	     -3.14582006	     35.45564288	      2.23082904	    -30.53464932	      0.00000000	    -43.23215152	     11.86176469	     -2.30789117	     39.65302997	      8.77584431	     15.90726552	     28.67664132	    100.63338442	     44.53770445	      6.49070411	     35.92571653	     25.59379197	     64.20394523
      5.18333330	    -25.32721917	     17.15358263	    -25.76773380	      2.11863060	      0.93228391	      0.01178611	     58.98154595	     -0.56608526	     -7.79074246	     21.71641608	     -7.85398085	    -25.36277640	      0.00000000	     59.71991345	      3.11277033	     -2.80260048	     35.15793234	      2.83455522	    -29.29607703	      0.00000000	    -42.82523427	     11.57786033	     -2.19183636	     39.63683741	      8.71114575	     16.29654053	     29.74643704	    101.00587651	     44.79060839	      6.56179503	     36.13198681	     25.49449441	     63.91709892
      5.20000000	    -25.80667992	     17.91128591	    -26.26568339	      2.11626980	      0.93082987	      0.01326539	     59.69216026	     -0.30630939	     -7.71338988	     21.21200310	     -7.78362889	    -24.53171734	      0.00000000	     60.34108573	      3.03827482	     -2.31899493	     34.83310935	      3.22317806	    -28.44216122	      0.00000000	    -42.49063848	     11.26979561	     -2.05290425	     39.34083463	      8.69473252	     16.52574951	     31.26249841	    101.31719600	     45.08544329	      6.51374289	     36.39159766	     25.48250283	     63.69306243
      5.21666670	    -26.27373129	     18.72281396	    -26.80099054	      2.11506551	      0.92856216	      0.01241684	     60.70563358	     -0.06180442	     -7.08465069	     21.28237895	     -7.77169241	    -24.37938977	      0.00000000	     60.98432938	      3.03719359	     -1.88147057	     34.62205015	      3.79874603	    -27.76698855	      0.00000000	    -42.06761978	     11.00505592	     -1.95773958	     38.76201882	      8.47308422	     16.69419719	     33.42370477	    101.58443354	     45.37825260	      6.41550929	     36.70168182	     25.54763904	     63.52307187
      5.23333330	    -26.51945497	     19.51531478	    -27.41035775	      2.11284462	      0.92725977	      0.01168008	     61.69235523	      0.17710852	     -6.08170453	     21.52330484	     -7.87187525	    -24.27597293	      0.00000000	     61.41692537	      3.08565473	     -1.59357218	     34.42887450	      4.30402771	    -27.31273970	      0.00000000	    -41.77606487	     10.69186991	     -1.76518400	     38.27617379	      8.19499992	     16.73981126	     35.39171480	    101.81935633	     45.72494389	      6.44157547	     37.13602085	     25.52905004	     63.39490349
      5.25000000	    -26.77755495	     20.26539418	    -28.12538814	      2.11147427	      0.92674780	      0.01264790	     62.50608943	      0.52914120	     -5.20868603	     21.58221391	     -7.81167205	    -24.15215646	      0.00000000	     61.77876508	      3.05817853	     -1.15591156	     34.13516535	      4.60153039	    -27.33788656	      0.00000000	    -41.54452767	     10.34075525	     -1.45920338	     37.81227144	      7.88866094	     16.68279192	     36.98223411	    102.00834965	     46.12609644	      6.43023703	     37.72113422	     25.49938908	     63.31749865
      5.26666670	    -26.82956514	     20.99363898	    -28.87916545	      2.11057269	      0.92804444	      0.01280677	     62.97441360	      0.82382697	     -4.41374704	     21.32550351	     -7.72511321	    -23.78661835	      0.00000000	     61.89978457	      3.08575404	     -0.75297881	     33.71483911	      4.60739877	    -27.38448982	      0.00000000	    -41.53572721	      9.92768710	     -1.25661125	     37.37665656	      7.57628700	     16.50053889	     38.25731469	    102.13664868	     46.60773090	      6.41234916	     38.47658663	     25.38837486	     63.29275005
      5.28333330	    -26.92903171	     21.44882572	    -29.47118387	      2.11283658	      0.92880892	      0.01497682	     63.00044022	      1.13071022	     -4.03325220	     20.71682487	     -7.57310795	    -23.59117079	      0.00000000	     61.81290671	      3.03772450	     -0.09693610	     33.20486168	      4.63705638	    -27.27774247	      0.00000000	    -41.57295404	      9.94094052	     -1.20217296	     37.11611316	      7.41867724	     16.42725123	     38.27130736	    102.14673893	     46.69679247	      6.34403824	     38.64257895	     25.33548928	     63.30008135
      5.30000000	    -26.72821270	     22.13392161	    -30.44771787	      2.11261475	      0.92939644	      0.01520355	     63.07286193	      1.42206989	     -3.52909945	     20.35324093	     -7.21071590	    -22.91443921	      0.00000000	     61.60798168	      2.88589345	     -0.08698674	     32.74057265	      4.66794905	    -26.99764255	      0.00000000	    -41.83228226	      9.27293148	     -0.90264757	     36.93872631	      7.12315919	     16.15080628	     38.41202478	    102.14507054	     47.02612142	      6.41702972	     39.50371405	     25.21401465	     63.39008713
      5.31666670	    -26.76386381	     22.65252648	    -31.06343920	      2.11194998	      0.92988703	      0.01434609	     63.17302029	      1.54944734	     -3.61464701	     19.83926018	     -7.05099693	    -22.87686001	      0.00000000	     61.64052197	      2.92034237	      0.51503004	     32.34593071	      4.63134120	    -26.75295522	      0.00000000	    -41.97284428	      9.07083298	     -0.98554087	     36.75524785	      6.95767428	     16.08466837	     38.36358972	    102.13801380	     47.21329812	      6.27707517	     39.63767083	     25.16970088	     63.40690210
      5.33333330	    -26.25009494	     23.26652116	    -32.07209047	      2.11469831	      0.92947154	      0.01396957	     62.99012448	      1.51519060	     -3.56410179	     19.66035460	     -5.86533923	    -21.36572386	      0.00000000	     61.24854839	      2.98388911	      0.45786097	     32.03570679	      5.19996349	    -25.76300821	      0.00000000	    -42.41567752	      8.50042831	     -0.79966293	     36.41100755	      6.68983525	     15.06242006	     38.69396458	    101.89583854	     48.04203302	      6.19472239	     43.78295712	     24.27681958	     63.94972578
      5.35000000	    -26.26538560	     23.71825617	    -32.72336377	      2.11671101	      0.92980232	      0.01378941	     63.09903844	      1.58891053	     -3.55740808	     19.40605405	     -5.69685370	    -21.44439116	      0.00000000	     61.26052048	      3.04189104	      0.85474407	     31.85998049	      5.23829119	    -25.70135171	      0.00000000	    -42.52247518	      8.40169055	     -0.79319805	     36.21137181	      6.42267694	     15.02447383	     38.50682436	    101.88773886	     47.96818393	      6.28901974	     43.91545229	     24.33099853	     63.95948107
      5.36666670	    -26.08223974	     24.33375778	    -33.50016741	      2.11620135	      0.93073317	      0.01486018	     63.16414532	      1.64823884	     -3.20729013	     19.13499613	     -5.22538866	    -21.38356032	      0.00000000	     61.19103961	      3.08035702	      0.92272195	     31.53954779	      5.24896952	    -25.63440029	      0.00000000	    -42.67006936	      8.07016914	     -0.54817073	     36.09917584	      6.07532406	     14.96344585	     38.17346211	    101.85638397	     48.01695850	      6.45343121	     44.31453559	     24.48707727	     64.00354072
      5.38333330	    -25.73107212	     25.01196148	    -34.48292513	      2.11531480	      0.93162287	      0.01331028	     63.29817013	      1.69258298	     -2.87266119	     19.03965725	     -4.78891729	    -21.22670351	      0.00000000	     61.04799485	      3.11724321	      0.84130753	     31.13404209	      5.36387021	    -25.72252282	      0.00000000	    -42.92010251	      7.50228251	     -0.59408314	     36.14977445	      5.90617444	     14.94521865	     38.08186263	    101.80148859	     48.24099276	      6.40475947	     44.92443623	     24.60859527	     64.07908871
      5.40000000	    -25.49217896	     25.71128819	    -35.40326677	      2.11662987	      0.93107261	      0.01223260	     63.52033561	      1.64145335	     -2.83365094	     18.98963171	     -4.42665238	    -21.15730391	      0.00000000	     61.03219841	      3.15535729	      0.67192189	     30.82718178	      5.54150210	    -25.90281915	      0.00000000	    -43.04154141	      7.07177544	     -0.64308908	     36.24232728	      5.78386508	     14.97789539	     38.05164281	    101.73635700	     48.30197303	      6.39243374	     45.62771097	     24.67953561	     64.16327958
      5.41666670	    -25.51002206	     26.26098641	    -36.12241266	      2.11504013	      0.93190709	      0.01266965	     63.66683460	      1.72204282	     -3.22341034	     18.54046679	     -4.28670103	    -21.26656149	      0.00000000	     61.17791408	      3.10617909	      0.83067727	     30.54856008	      5.55788355	    -25.91039197	      0.00000000	    -43.04738171	      6.81879644	     -0.60250949	     36.56358424	      5.83101443	     14.97363001	     38.09425432	    101.71984048	     48.39056135	      6.38674471	     45.76867731	     24.69737720	     64.17780370
      5.43333330	    -24.99357973	     27.03696822	    -37.24388866	      2.11793877	      0.93252176	      0.01379899	     63.59858354	      1.70680690	     -3.17670587	     18.24606075	     -3.90242180	    -20.98299509	      0.00000000	     60.87757518	      3.19153961	      0.43170782	     30.13376189	      5.33516324	    -26.30581302	      0.00000000	    -43.11987942	      5.94423893	     -0.57521196	     36.79512003	      5.86276525	     15.08356064	     37.38993436	    101.56764830	     48.60657321	      6.35944399	     47.09977952	     24.61676663	     64.29147609
      5.45000000	    -24.89395173	     27.53687899	    -37.88673147	      2.12399278	      0.93284590	      0.01365330	     63.43906318	      1.54311048	     -3.82239225	     17.74113962	     -3.97871068	    -21.04410061	      0.00000000	     60.72098994	      3.39891074	      0.46314761	     29.88712718	      5.55149617	    -26.43399384	      0.00000000	    -43.01727251	      5.88430522	     -0.70573389	     36.70685683	      5.70448424	     15.06329979	     37.28773261	    101.54408781	     48.31345973	      6.48171890	     47.27746620	     24.59577046	     64.30255133
      5.46666670	    -24.20532689	     27.86803866	    -38.80735534	      2.12574579	      0.93465250	      0.01496243	     62.91825228	      1.34750199	     -4.17684599	     17.51477065	     -3.75966240	    -20.79649409	      0.00000000	     59.88654201	      3.71475068	      0.32864696	     29.39239103	      5.73732924	    -26.56592666	      0.00000000	    -43.47302859	      5.63161633	     -0.75960911	     36.70364905	      5.53009293	     15.08401705	     37.06389264	    101.36025377	     48.47067525	      6.44316507	     48.17255437	     24.58463913	     64.34161945
      5.48333330	    -24.07993933	     28.26963974	    -39.38099966	      2.12731558	      0.93430682	      0.01509038	     62.97497974	      1.26702807	     -4.72490385	     17.41496222	     -3.66174393	    -20.99216093	      0.00000000	     59.66541667	      3.86999530	      0.22431806	     28.96949729	      6.01597612	    -26.74058278	      0.00000000	    -43.42776730	      5.71439747	     -0.79804579	     36.62285281	      5.36622879	     15.08077019	     37.04624963	    101.33764734	     48.23931740	      6.41285938	     48.30042648	     24.55423292	     64.34773169
      5.50000000	    -23.37581799	     28.70605521	    -40.37290841	      2.12903202	      0.93406596	      0.01505714	     62.92564396	      1.08460318	     -4.88481150	     17.70792745	     -3.35410113	    -21.12034539	      0.00000000	     59.05269199	      4.16393015	     -0.07850373	     28.54680078	      6.37982388	    -26.97279969	      0.00000000	    -43.71688407	      5.36257653	     -0.91144726	     36.67480762	      5.24521067	     15.32840184	     37.33685600	    101.22208181	     48.28941564	      6.22208874	     48.89020770	     24.70459573	     64.37354033
      5.51666670	    -23.16111061	     29.02009124	    -40.99967947	      2.13005248	      0.93357619	      0.01549201	     63.07435987	      1.02884168	     -5.46129454	     17.89419176	     -3.19962008	    -21.47673168	      0.00000000	     58.86183314	      4.24837373	     -0.14631619	     28.29971162	      6.61153022	    -27.16261077	      0.00000000	    -43.69812247	      5.46643269	     -0.84537290	     36.69221135	      5.17244626	     15.36977412	     37.38934969	    101.20378963	     48.04359219	      6.14089066	     49.00101607	     24.66276527	     64.37791216
      5.53333330	    -22.85465052	     29.30188409	    -41.68628711	      2.13474941	      0.93291822	      0.01643145	     63.04621822	      0.87804797	     -6.10646680	     18.08495653	     -3.01272023	    -21.94615665	      0.00000000	     58.62042673	      4.32473114	     -0.26641574	     28.19671175	      6.81424677	    -27.42289359	      0.00000000	    -43.64729320	      5.56324293	     -0.90037468	     36.54928678	      5.00061995	     15.43006850	     37.43710974	    101.18662589	     47.62617579	      6.11710949	     49.12954310	     24.61277804	     64.38506724
      5.55000000	    -22.10346690	     29.67111868	    -42.46937489	      2.13133806	      0.93532653	      0.01640054	     63.00530560	      0.59986252	     -5.89248229	     18.39449889	     -3.60140499	    -23.85190421	      0.00000000	     58.15367709	      4.71382807	     -0.29108917	     27.95674554	      6.33860871	    -28.45112442	      0.00000000	    -43.97139577	      5.19359680	     -1.01551863	     36.89817543	      4.90474242	     16.17969761	     37.88311087	    101.00929724	     47.86555563	      6.00004777	     49.79884506	     24.56999762	     64.37413099
      5.56666670	    -21.81676836	     29.96712128	    -42.82703717	      2.13485851	      0.93468865	      0.01787551	     63.11933655	      0.25823743	     -6.38735060	     18.70951420	     -3.55272664	    -24.54183916	      0.00000000	     58.01498673	      5.00528213	     -0.07038069	     27.92613603	      6.50412990	    -28.76736979	      0.00000000	    -43.91093210	      5.32513605	     -0.99127695	     37.00180718	      4.72815662	     16.19671167	     37.84711121	    100.94873888	     47.62731975	      6.09309298	     49.89604582	     24.50162273	     64.35619255
      5.58333330	    -21.44112228	     30.15873863	    -43.20566103	      2.13324519	      0.93644515	      0.01947556	     62.99547339	      0.02815857	     -6.64003252	     18.68811693	     -4.44546027	    -26.60275949	      0.00000000	     57.74390421	      5.19909180	      0.12276875	     27.81089517	      5.91457852	    -29.52813525	      0.00000000	    -43.95414912	      5.25239566	     -1.00609177	     37.36869301	      4.71009726	     16.28435038	     37.68638645	    100.66454455	     47.60827699	      6.14303452	     49.98906581	     24.01201362	     64.21145478
      5.60000000	    -21.17616399	     30.33029242	    -43.53626345	      2.13869122	      0.93547987	      0.02376377	     62.75199964	     -0.23116764	     -7.44367418	     18.65779112	     -4.23928684	    -27.05122072	      0.00000000	     57.39720704	      5.22586023	     -0.00675576	     27.72988273	      5.96341665	    -29.60230344	      0.00000000	    -43.74367880	      5.22517534	     -1.02444729	     37.23575533	      4.48225712	     16.24030574	     37.63393838	    100.63940072	     47.17956486	      6.07456105	     50.01745468	     23.90844330	     64.20182341
      5.61666670	    -20.91340549	     30.44598124	    -43.61231591	      2.13466024	      0.93800570	      0.02460168	     62.61966002	     -0.52725242	     -8.27668931	     18.65302342	     -4.06855161	    -27.50012737	      0.00000000	     57.06397388	      5.36818743	     -0.08161782	     27.53089011	      5.90321929	    -29.53630704	      0.00000000	    -43.66954760	      5.09910100	     -1.00399309	     37.31402758	      4.31028690	     16.18037836	     37.62977288	    100.61476577	     47.16513037	      5.93860043	     49.98026236	     23.82471095	     64.18613821
      5.63333330	    -20.19939373	     29.97695739	    -43.70919352	      2.13579283	      0.93949583	      0.02759487	     61.68712905	     -0.76360138	     -9.05065612	     18.64257517	     -4.09443164	    -27.93430820	      0.00000000	     55.86076016	      5.50020640	     -0.01382341	     27.03364673	      5.74337762	    -29.08619784	      0.00000000	    -44.29972690	      5.40391206	     -1.15847911	     37.52024686	      4.22790202	     15.92563471	     37.67322348	    100.46516515	     47.35052523	      5.94209677	     49.74324145	     23.40692641	     64.09251696
      5.65000000	    -19.88634527	     29.92764384	    -43.78040437	      2.13865589	      0.93834430	      0.03128753	     61.35047758	     -0.92679001	     -9.68315858	     18.75735623	     -4.02129744	    -28.16450360	      0.00000000	     55.37262603	      5.53243611	     -0.32568511	     27.00775715	      5.80680547	    -29.09157284	      0.00000000	    -44.03014030	      5.46157384	     -1.18894233	     37.18216849	      4.07895745	     15.88452738	     37.57224794	    100.44464811	     46.89620073	      5.89476439	     49.74641396	     23.26320667	     64.08191837
      5.66666670	    -19.12939951	     29.05364161	    -43.78640025	      2.14571182	      0.93767875	      0.03566113	     59.89203031	     -1.22482030	    -10.48144288	     18.94864537	     -3.82947995	    -28.18915691	      0.00000000	     53.72621400	      5.62907296	     -0.45560313	     26.79794796	      6.53261688	    -28.25345063	      0.00000000	    -44.69440390	      5.98654346	     -1.32565988	     37.08433256	      4.04263268	     15.33569476	     37.36208022	    100.21376906	     46.61228822	      6.16749768	     49.11842970	     22.33580974	     63.90464764
      5.68333330	    -18.74731078	     28.52702246	    -43.61378954	      2.14505731	      0.93952085	      0.03944771	     58.99831889	     -1.45520745	    -11.11487524	     19.17922174	     -3.41433291	    -27.83643334	      0.00000000	     52.66897227	      5.61439090	     -0.87102437	     26.67330331	      7.47883486	    -27.06212322	      0.00000000	    -44.72333079	      6.29273498	     -1.26289565	     36.80772592	      4.02217795	     14.54309119	     36.67100663	     99.90774398	     46.20743422	      6.49666401	     48.11479883	     21.38856848	     63.65699043
      5.70000000	    -18.55978213	     28.32147169	    -43.32783935	      2.14610758	      0.94039518	      0.04217513	     58.46227726	     -1.71502443	    -11.12948641	     19.34306240	     -3.44227842	    -27.82337502	      0.00000000	     52.08285892	      5.74111516	     -1.09951205	     26.66230225	      7.51587671	    -27.00614368	      0.00000000	    -44.18386113	      6.53840388	     -1.31846342	     36.26451755	      3.73771449	     14.47266650	     36.44056707	     99.89077735	     45.73773182	      6.40357071	     48.08384476	     21.25711357	     63.64577640
      5.71666670	    -18.08871701	     27.48569299	    -42.67134900	      2.15093521	      0.94238231	      0.04555757	     56.95021625	     -2.28889101	    -12.00050310	     19.27864279	     -2.94109726	    -27.17196316	      0.00000000	     50.59296663	      5.94426983	     -1.18422730	     26.30501462	      8.67610196	    -24.99383568	      0.00000000	    -44.38178122	      7.30528390	     -1.44041998	     36.12444298	      3.99428396	     12.62592323	     34.69921929	     99.38509437	     45.29104563	      6.93730668	     46.12064860	     20.05388063	     63.26674746
      5.73333330	    -17.90592616	     26.81992599	    -41.99205868	      2.14939260	      0.94597749	      0.04817988	     55.74607971	     -2.57741690	    -12.69032781	     18.86744741	     -3.02850186	    -27.12978384	      0.00000000	     49.63292619	      5.97785522	     -1.11237017	     26.08102811	      8.65872990	    -24.13872895	      0.00000000	    -44.24918340	      7.99478455	     -1.52801342	     35.59575228	      3.79387147	     12.13854635	     34.55971658	     99.24575494	     44.88471357	      6.89194616	     45.61994300	     19.85060686	     63.21288278
      5.75000000	    -17.55099342	     26.22450811	    -41.44293592	      2.15301133	      0.94816028	      0.05225044	     54.49625005	     -2.86835551	    -13.14167210	     18.51108809	     -3.09404954	    -26.96662985	      0.00000000	     48.46263996	      6.07425669	     -1.16078634	     25.67064413	      8.66637433	    -23.25785190	      0.00000000	    -44.01926907	      8.55234411	     -1.64561534	     34.95950865	      3.59358430	     11.67064158	     34.25437934	     99.14253326	     44.45569708	      6.87890928	     45.29137919	     19.56860675	     63.19324166
      5.76666670	    -17.15084413	     25.33344828	    -40.94257878	      2.15662393	      0.95190675	      0.05590401	     52.91099753	     -2.99297908	    -13.91205751	     18.15032596	     -3.04513091	    -26.87485903	      0.00000000	     47.00805196	      5.98127461	     -1.21420224	     25.30292370	      9.10731073	    -22.27119918	      0.00000000	    -44.05484341	      9.23163645	     -1.72531418	     34.40816743	      3.46952608	     10.91282025	     34.00881366	     98.99196458	     43.96048263	      6.90408630	     44.80149656	     19.11194924	     63.19499548
      5.78333330	    -16.72165209	     24.63619097	    -40.50886282	      2.16047965	      0.95597173	      0.05826858	     51.54142053	     -3.18552827	    -14.36170874	     17.89901808	     -3.13243754	    -26.87947520	      0.00000000	     45.57725965	      6.02499773	     -1.30804330	     24.72007938	      9.26125856	    -21.17334432	      0.00000000	    -43.86420532	      9.86506840	     -1.84240403	     33.83261997	      3.28967217	     10.28403757	     33.82910495	     98.88272282	     43.43033970	      6.90230238	     44.34958710	     18.78760394	     63.22297071
      5.80000000	    -16.28436529	     23.90108091	    -40.09414962	      2.16023361	      0.96077211	      0.06275059	     50.12168322	     -3.19612434	    -14.89435721	     17.56290184	     -3.20493708	    -26.85143180	      0.00000000	     44.21171284	      5.90361897	     -1.23952968	     24.20504460	      9.29663261	    -20.13295232	      0.00000000	    -43.71307006	     10.34696492	     -1.87285010	     33.30227347	      3.23863245	      9.82323274	     33.77540636	     98.81445503	     42.98761452	      6.78189388	     43.93428876	     18.55067844	     63.27250954
      5.81666670	    -15.90863925	     23.14088561	    -39.61528794	      2.16031601	      0.96436443	      0.06811691	     48.68995483	     -3.07725168	    -15.41574064	     17.21543724	     -3.20055892	    -26.68122749	      0.00000000	     42.88706132	      5.66916532	     -0.94177107	     23.67502131	      9.18419240	    -19.25662284	      0.00000000	    -43.51923235	     10.77773817	     -1.81394954	     32.71582730	      3.21338490	      9.52690520	     33.87809841	     98.78649268	     42.52315957	      6.61618310	     43.58556761	     18.42618314	     63.36185993
      5.83333330	    -15.57156189	     22.49505792	    -39.00404985	      2.15946932	      0.96727898	      0.07274585	     47.55854680	     -3.05639394	    -15.79709737	     17.16203262	     -3.11930051	    -26.67646338	      0.00000000	     41.80911835	      5.46798377	     -0.60202243	     23.26796669	      8.86155550	    -18.34209885	      0.00000000	    -43.13071659	     11.10077944	     -1.75085842	     32.08560069	      3.19759188	      9.39505154	     34.03197517	     98.78747081	     42.11184928	      6.36718160	     43.42155412	     18.33828218	     63.45337889
      5.85000000	    -15.27243575	     21.75201860	    -38.43272869	      2.15319105	      0.97203975	      0.07674320	     46.54659646	     -2.79609764	    -16.07357821	     17.16854534	     -3.10133631	    -26.99665833	      0.00000000	     40.95222042	      4.99157252	     -0.38656635	     23.11886806	      8.70220879	    -17.27762008	      0.00000000	    -42.81321424	     11.29117127	     -1.57814508	     31.60419492	      3.24023819	      9.30640906	     34.41508749	     98.80648078	     41.93486077	      5.93172924	     43.33937173	     18.37442473	     63.59228784
      5.86666670	    -14.88238934	     21.03138564	    -37.85694220	      2.15475326	      0.97347447	      0.07975746	     45.61684379	     -2.67200918	    -16.28176047	     17.41891998	     -3.24791782	    -27.75087889	      0.00000000	     40.09312389	      4.66139963	     -0.18227290	     23.10769575	      8.73717612	    -16.35479998	      0.00000000	    -42.32389852	     11.50987410	     -1.51833335	     30.99176340	      3.18853034	      9.24611194	     34.92093860	     98.84194106	     41.65041249	      5.59902247	     43.40768791	     18.48373707	     63.79131783
      5.88333330	    -14.57085113	     20.38265876	    -37.37838970	      2.15438077	      0.97564438	      0.08258477	     44.98870932	     -2.46448831	    -15.89122758	     17.90051660	     -4.21573224	    -29.82178752	      0.00000000	     39.41874917	      4.26930400	     -0.35148644	     23.27943126	      9.33232290	    -14.99690500	      0.00000000	    -41.71453201	     11.67860475	     -1.34076302	     30.17379748	      3.03174281	      9.12607687	     36.10496628	     98.93637019	     41.36470460	      5.17804805	     43.82070288	     18.99663043	     64.29968964
      5.90000000	    -14.26643532	     19.77264608	    -36.89082973	      2.15356950	      0.97758202	      0.08772603	     44.44382129	     -2.30671531	    -15.48824670	     18.59693850	     -3.96245812	    -30.59346389	      0.00000000	     38.73097860	      3.93223649	     -0.29750889	     23.32764405	      9.04815067	    -14.63256894	      0.00000000	    -40.80507931	     11.80073445	     -1.20726326	     29.50768576	      2.89672833	      9.10634657	     36.20945441	     98.95900251	     41.06245252	      4.84749837	     43.93584945	     18.99341317	     64.41445246
      5.91666670	    -13.67070278	     19.02223408	    -36.63501755	      2.15650995	      0.98024027	      0.09241372	     43.40241860	     -1.95419505	    -14.30708794	     18.98708412	     -6.05760887	    -33.87517049	      0.00000000	     37.61348053	      3.58131516	     -0.31005724	     23.41532978	      9.19903517	    -13.72736325	      0.00000000	    -40.24253233	     11.88262058	     -0.84187525	     28.34156249	      2.51144437	      8.59907646	     37.55156606	     99.08508096	     40.78992530	      4.29169713	     45.18783529	     19.72241525	     65.44547073
      5.93333330	    -13.20115474	     18.41605399	    -36.26933737	      2.16066641	      0.98263136	      0.09712207	     42.46151603	     -1.95864045	    -14.14048149	     19.53914449	     -5.88767561	    -34.30575823	      0.00000000	     36.57072595	      3.40386898	     -0.09952136	     23.46036297	      8.97882055	    -13.51163885	      0.00000000	    -39.11075702	     12.08934974	     -0.97113971	     27.38541383	      2.22902046	      8.51602300	     37.42591741	     99.09304452	     40.09343708	      4.02776109	     45.34524754	     19.58354307	     65.54292673
      5.95000000	    -12.35028971	     17.24652264	    -35.91003230	      2.16475542	      0.98705319	      0.10172891	     40.47389373	     -1.82777079	    -14.40667705	     19.57671792	     -6.29702875	    -35.00000000	      0.00000000	     34.73038317	      3.09031378	      0.41327101	     23.34440310	      8.72371899	    -13.00826655	      0.00000000	    -38.80557547	     12.57851809	     -1.18783401	     26.65174622	      2.05441558	      7.93299083	     37.49272994	     99.08815407	     39.65962712	      3.53394774	     46.12704285	     19.73220334	     66.07439152
      5.96666670	    -11.57576882	     16.25429069	    -35.49930991	      2.16993792	      0.99067678	      0.10716189	     38.56605346	     -1.77802829	    -14.80365682	     19.53116129	     -6.02723623	    -35.00000000	      0.00000000	     32.91442102	      2.86589344	      0.76244925	     23.05249275	      8.55288749	    -12.53845091	      0.00000000	    -38.08572986	     12.93929162	     -1.33732331	     25.70808427	      1.80740637	      7.24325942	     37.14197107	     99.07871336	     39.01993939	      3.17883162	     47.04380204	     19.82422717	     66.69430578
      5.98333330	    -10.86994080	     15.28918164	    -34.99087218	      2.17506262	      0.99564328	      0.11102495	     36.65182158	     -1.78338231	    -15.57935758	     19.33842746	     -5.86299321	    -35.00000000	      0.00000000	     31.15040037	      2.63435006	      0.99095220	     22.65139043	      8.31762400	    -11.71081967	      0.00000000	    -37.24153184	     13.35882408	     -1.55446737	     24.91715010	      1.51054387	      6.62965305	     36.57987663	     99.06241498	     38.32921949	      2.94836964	     47.75970579	     19.83275626	     67.17888703
      6.00000000	    -10.18483935	     14.45610923	    -34.37083338	      2.18100879	      0.99861037	      0.11600913	     34.79670697	     -1.85337647	    -16.27863791	     19.07578469	     -5.62892822	    -35.00000000	      0.00000000	     29.42881234	      2.50404652	      1.09656221	     22.18499411	      8.02898502	    -10.90389317	      0.00000000	    -36.15632817	     13.74833666	     -1.90372506	     23.82535241	      1.07471601	      6.20262408	     36.05194171	     99.04242030	     37.57664503	      2.70297545	     48.17823605	     19.84945229	     67.46186879
      6.01666670	     -9.23301724	     13.27008256	    -33.79548558	      2.18520390	      1.00281880	      0.12058923	     32.42219039	     -1.71839415	    -17.57528041	     18.59677369	     -5.52816336	    -35.00000000	      0.00000000	     27.35931694	      2.17293519	      0.90831839	     21.90319737	      8.21066098	    -10.04520271	      0.00000000	    -35.58601419	     14.17365285	     -2.24762780	     23.19195750	      0.91235488	      5.45564528	     35.30256786	     98.99391454	     36.87051789	      2.43918202	     48.76426725	     19.98812279	     67.87880615
      6.03333330	     -8.28368012	     12.29992388	    -33.20106383	      2.18894137	      1.00607938	      0.12567299	     30.30079704	     -1.61270658	    -18.59990326	     18.23165800	     -5.34776945	    -35.00000000	      0.00000000	     25.52445951	      1.90092760	      0.59089723	     21.65318493	      8.09090440	     -9.27379438	      0.00000000	    -34.82536763	     14.38443818	     -2.59949753	     22.41920177	      0.79790794	      4.69067377	     34.60808076	     98.95551151	     36.27432001	      2.07788201	     49.32992671	     20.20564572	     68.31279383
      6.05000000	     -7.50539706	     11.49590667	    -32.38732164	      2.19351174	      1.00941870	      0.12969155	     28.47082041	     -1.54793625	    -19.44350828	     18.00601503	     -5.04895141	    -35.00000000	      0.00000000	     24.03263791	      1.72033493	      0.29543722	     21.42480666	      7.57322558	     -8.68209733	      0.00000000	    -33.70718660	     14.58612930	     -2.91947097	     21.48537521	      0.52103995	      4.25533636	     34.06834794	     98.94448952	     35.78985886	      1.86945057	     49.58186501	     20.31104351	     68.54070140
      6.06666670	     -6.33356492	     10.38994577	    -31.53047394	      2.19776685	      1.01362018	      0.13451545	     25.91462659	     -1.38231129	    -20.58988928	     17.46877285	     -4.91063221	    -35.00000000	      0.00000000	     22.10524172	      1.42161745	     -0.11284932	     21.31600202	      7.25753095	     -8.18293536	      0.00000000	    -33.12815030	     14.70226823	     -3.35413773	     20.84229065	      0.50089762	      3.53167089	     33.27879277	     98.93230453	     35.33864580	      1.64484389	     49.87434285	     20.47881367	     68.86518168
      6.08333330	     -5.30484929	      9.48791093	    -30.49176723	      2.20282144	      1.01722130	      0.13931165	     23.54515818	     -1.28082625	    -21.60323266	     16.97771660	     -4.58967171	    -35.00000000	      0.00000000	     20.43465879	      1.14353049	     -0.64363108	     21.12083513	      6.50506944	     -7.91264667	      0.00000000	    -32.23097491	     14.72151937	     -3.69529731	     19.94015729	      0.29331465	      2.83831041	     32.45447180	     98.93595720	     34.81181829	      1.52120444	     50.08235074	     20.71056732	     69.13467886
      6.10000000	     -4.18357168	      8.63314089	    -29.39643375	      2.20523652	      1.02129180	      0.14393723	     21.05230923	     -1.14820842	    -22.46330424	     16.28846416	     -4.36459078	    -35.00000000	      0.00000000	     18.71172112	      0.86083489	     -1.30655625	     20.77192713	      5.67397645	     -7.86750090	      0.00000000	    -31.48821554	     14.56570561	     -3.94487357	     19.13798656	      0.26594149	      1.91176899	     31.37632771	     98.95760641	     34.45097041	      1.34496329	     50.30091569	     21.11096318	     69.46556096
      6.11666670	     -3.05168927	      7.97068354	    -28.29149484	      2.21171720	      1.02470038	      0.14579659	     18.66651069	     -1.21924347	    -23.14171396	     15.65751620	     -4.23154671	    -35.00000000	      0.00000000	     17.05968682	      0.77906645	     -2.10283200	     20.29864193	      4.50838089	     -8.06155143	      0.00000000	    -30.53786666	     14.37643992	     -4.36563295	     18.18356231	      0.03243983	      0.80467738	     30.25816272	     99.02244310	     33.91205960	      1.15939986	     50.59407431	     21.70544921	     69.86638616
      6.13333330	     -1.98200057	      7.44117339	    -27.15939717	      2.21483133	      1.02879133	      0.14882022	     16.44373802	     -1.35633190	    -24.04016943	     14.99635538	     -4.11799533	    -35.00000000	      0.00000000	     15.60102447	      0.75574510	     -2.98791842	     19.72003778	      2.91150498	     -8.39507698	      0.00000000	    -29.60510952	     14.00577704	     -4.68719895	     17.26817496	     -0.17723416	     -0.16878481	     29.20941969	     99.13263205	     33.44548373	      0.96445080	     50.94171338	     22.40731667	     70.27169755
      6.15000000	     -0.93519064	      6.97141414	    -26.05136407	      2.21927218	      1.03241828	      0.15072720	     14.25026439	     -1.48195208	    -24.86308242	     14.19253774	     -4.20702037	    -35.00000000	      0.00000000	     14.18750961	      0.75692809	     -4.10844570	     19.06466859	      1.27477223	     -9.09207054	      0.00000000	    -28.66064988	     13.61480989	     -4.96170781	     16.51179516	     -0.40379819	     -1.06208439	     28.15562190	     99.29362259	     32.97657017	      0.75973778	     51.42847705	     23.21843643	     70.71584307
      6.16666670	      0.12149396	      6.55962144	    -24.95711772	      2.22582022	      1.03418110	      0.15254823	     12.02208349	     -1.65277104	    -25.86682303	     13.37396833	     -4.31708463	    -35.00000000	      0.00000000	     12.66697525	      0.84018851	     -5.38090482	     18.37945569	     -0.28140148	     -9.95552662	      0.00000000	    -27.67975398	     13.21512925	     -5.15325420	     15.81485687	     -0.65632018	     -1.92257314	     26.98321942	     99.51413799	     32.36981957	      0.64897945	     52.06583100	     24.12671880	     71.21543866
      6.18333330	      1.01338902	      6.20816372	    -23.92868920	      2.22845794	      1.03558914	      0.15507703	     10.04607961	     -1.66053954	    -26.65006895	     12.54734150	     -4.08078072	    -35.00000000	      0.00000000	     11.35346923	      0.84787460	     -6.74366246	     17.74420000	     -1.43490872	    -11.11409572	      0.00000000	    -26.64386793	     12.78973463	     -5.07941325	     15.23823534	     -0.87258854	     -2.89094890	     25.61518903	     99.85942856	     31.79647705	      0.41441584	     53.00122779	     25.32110653	     71.89432576
      6.20000000	      1.76137459	      5.88512835	    -22.84635515	      2.23218859	      1.03596854	      0.15839743	      8.28806736	     -1.47935699	    -27.42838903	     11.74217717	     -3.47126493	    -34.63432469	      0.00000000	     10.27065378	      0.71186320	     -8.16352321	     17.40338281	     -2.19537206	    -12.26129046	      0.00000000	    -25.56608180	     12.25804144	     -4.84232521	     14.58097647	     -1.05191981	     -3.69247670	     24.45997368	    100.23720246	     31.26611776	      0.23578026	     53.94309717	     26.53328203	     72.56050469
      6.21666670	      2.46504923	      5.54179110	    -21.65513887	      2.23844868	      1.03761558	      0.15997047	      6.49301444	     -1.25844041	    -28.39136785	     10.93595910	     -2.81283950	    -34.04969751	      0.00000000	      9.17025817	      0.54385519	     -9.46497708	     17.08643104	     -2.59648264	    -13.18299956	      0.00000000	    -24.51865634	     11.81945994	     -4.60858916	     13.98981478	     -1.27528309	     -4.48090833	     23.35793670	    100.65105006	     30.63789635	      0.14653857	     54.78617284	     27.70011386	     73.22513027
      6.23333330	      3.11510272	      5.32353882	    -20.50747281	      2.24487634	      1.03910450	      0.16205553	      4.80558417	     -1.13498045	    -29.66967711	     10.21984115	     -1.63431288	    -32.75019953	      0.00000000	      8.11337451	      0.43613700	    -10.82799006	     16.65719664	     -2.69269907	    -13.82161324	      0.00000000	    -23.38752891	     11.29851434	     -4.53155332	     13.50547546	     -1.26762102	     -5.71658174	     22.34564847	    101.79430019	     29.88009423	     -0.15192475	     55.76275603	     28.86189726	     74.63928391
      6.25000000	      3.54781393	      5.03210598	    -19.23685636	      2.24987603	      1.04036614	      0.16360501	      3.32131086	     -0.70485153	    -30.68096859	      9.32976471	     -1.72426271	    -32.73171369	      0.00000000	      7.32880653	      0.16629153	    -12.00055669	     16.16619005	     -2.63041568	    -14.38095513	      0.00000000	    -22.26303417	     10.87318975	     -4.05644287	     12.63855520	     -1.59001969	     -5.85395401	     21.72993323	    101.96707516	     29.16832260	      0.16173930	     55.83385216	     29.38830799	     74.81699523
      6.26666670	      4.42099888	      4.56049522	    -18.00070662	      2.25513526	      1.04185448	      0.16454960	      1.29692878	     -0.25067902	    -31.96659564	      8.45400618	     -1.44321406	    -32.28550331	      0.00000000	      6.06717710	     -0.17276218	    -13.04645958	     15.69715650	     -2.50718471	    -14.90133716	      0.00000000	    -21.86892659	     10.46994926	     -3.76564496	     12.09506036	     -1.67946544	     -6.08779805	     20.94066251	    102.39962901	     28.44554107	     -0.02246835	     55.85781818	     30.76145487	     75.31702139
      6.28333330	      5.08195162	      4.32192986	    -16.78103131	      2.26144491	      1.04329377	      0.16497181	     -0.43319033	      0.07446495	    -33.12673531	      7.52261635	     -0.94030168	    -31.40107517	      0.00000000	      5.03730671	     -0.32344416	    -13.96451256	     15.20621807	     -2.18685738	    -14.94684482	      0.00000000	    -21.10111804	     10.00044698	     -3.78507371	     11.44009976	     -1.76430568	     -6.13226274	     20.49789393	    103.12900975	     27.22174158	     -0.51227271	     55.62782460	     32.52650412	     76.21890652
      6.30000000	      5.45619910	      4.16251324	    -15.42097313	      2.26962085	      1.04402991	      0.16622068	     -1.91641727	      0.48499504	    -34.05388483	      6.52110188	     -1.22112517	    -31.22194802	      0.00000000	      4.36682319	     -0.54330608	    -14.69195909	     14.83937461	     -2.14985655	    -15.09853532	      0.00000000	    -19.86886770	      9.44550783	     -3.54047878	     10.36439074	     -1.87583949	     -6.08493015	     20.13712128	    103.26998885	     26.01514602	     -0.46525940	     55.65057192	     32.91441541	     76.41274878
      6.31666670	      6.26721263	      3.91242861	    -14.12532013	      2.27395399	      1.04614630	      0.16611339	     -3.76592324	      0.85766042	    -35.40782902	      5.66847067	     -0.75598037	    -30.10436774	      0.00000000	      3.31301539	     -0.79725300	    -15.66321503	     14.50302857	     -1.71052436	    -14.53791952	      0.00000000	    -19.47715918	      8.87672898	     -3.69177809	      9.87202328	     -1.88031098	     -5.39502549	     19.84088838	    104.26773775	     24.47652529	     -1.38778724	     54.44765182	     35.28878984	     78.06788993
      6.33333330	      6.71612003	      3.69022641	    -12.72385119	      2.27805733	      1.04618287	      0.16540476	     -5.08246663	      1.33780716	    -36.44415495	      4.87389103	     -1.14065863	    -30.22715101	      0.00000000	      2.95325173	     -1.12771272	    -15.97967648	     14.43062920	     -1.42177318	    -14.84204537	      0.00000000	    -18.63857755	      8.35527447	     -3.39424913	      9.11966607	     -2.00943175	     -5.27544651	     19.51927080	    104.39573901	     23.39012301	     -1.52845684	     54.34586465	     35.53928693	     78.33934107
      6.35000000	      7.18692364	      3.43783644	    -11.51974572	      2.28071271	      1.04549032	      0.16448211	     -6.17353300	      1.77885016	    -37.07567355	      4.39387700	     -1.72721282	    -30.99899724	      0.00000000	      2.69416637	     -1.54978534	    -16.68658567	     14.43412627	     -1.13157960	    -15.13492881	      0.00000000	    -18.24395899	      7.91633672	     -3.78199243	      9.17903072	     -2.10074175	     -3.49815007	     18.86403717	    105.59911365	     21.56208519	     -2.69205343	     51.24026676	     38.19451143	     81.77723631
      6.36666670	      7.60714754	      3.24297283	    -10.38989228	      2.28568831	      1.04455554	      0.16339787	     -7.20287889	      2.11501716	    -37.82592800	      4.01645467	     -1.82545036	    -31.27841615	      0.00000000	      2.54720797	     -1.92762988	    -17.13377665	     14.52161855	     -0.56605757	    -15.72333440	      0.00000000	    -17.73324294	      7.33750072	     -3.46852133	      8.80778845	     -2.14924327	     -3.43531183	     18.77090940	    105.62830382	     20.72032813	     -2.91930550	     51.24772377	     38.18976387	     81.97545171
      6.38333330	      8.24604615	      3.04342057	     -9.44274953	      2.29128302	      1.04548088	      0.16145693	     -8.50375015	      2.28595045	    -38.69757495	      3.67350794	     -3.07573438	    -32.47587913	      0.00000000	      2.13810885	     -2.17132971	    -17.42112312	     14.61698035	     -0.07598811	    -16.35384420	      0.00000000	    -17.63977041	      6.86482003	     -3.58542977	      8.60788655	     -2.24366927	     -2.70787775	     19.22965443	    105.76920798	     19.26354117	     -3.92614307	     50.00081504	     39.90821893	     83.75586123
      6.40000000	      8.49319265	      2.97909754	     -8.75833345	      2.29902123	      1.04610876	      0.15939793	     -9.34526808	      2.26404792	    -39.99999995	      3.46345790	     -3.70283305	    -32.67161893	      0.00000000	      1.92533632	     -2.29728647	    -17.85721085	     14.51440143	      0.34349972	    -16.66265940	      0.00000000	    -16.89418034	      6.23605148	     -2.96951716	      8.22161393	     -2.40516581	     -2.59406473	     19.13187167	    105.77798612	     18.12776142	     -4.20703738	     49.82419600	     39.88181392	     83.98595952
      6.41666670	      8.73413394	      2.89396202	     -8.37067747	      2.30476025	      1.04665819	      0.15756105	    -10.19211974	      2.38053729	    -39.99999995	      2.84213619	     -5.78061205	    -35.00000000	      0.00000000	      1.58051858	     -2.42692974	    -18.76767108	     14.25767588	      1.04975108	    -16.47067629	      0.00000000	    -16.19905892	      5.73759980	     -3.17080661	      8.21457696	     -2.59694809	     -0.84467236	     19.62893287	    105.54858419	     15.80256711	     -4.93899157	     46.14070366	     41.12732282	     87.06533547
      6.43333330	      8.99944525	      2.83618381	     -8.18921030	      2.31142491	      1.04506047	      0.15603059	    -10.90836312	      2.29799031	    -39.99999995	      2.63288261	     -5.76381369	    -35.00000000	      0.00000000	      1.23123358	     -2.45414709	    -19.51953654	     14.05426081	      1.67632055	    -17.10972902	      0.00000000	    -15.50381433	      5.10256875	     -2.39089171	      8.10799185	     -2.69971029	     -0.77886503	     19.62504889	    105.52604062	     14.61286469	     -5.27048824	     46.16208929	     40.94498441	     87.19166339
      6.45000000	      9.20035183	      2.82344612	     -7.87721313	      2.31292322	      1.04448738	      0.15633173	    -11.47982925	      2.37344141	    -39.99999995	      2.31344765	     -5.55587997	    -35.00000000	      0.00000000	      1.15705489	     -2.53380574	    -20.09262737	     13.91515412	      2.18484375	    -17.53724196	      0.00000000	    -15.03286986	      4.48318330	     -1.58373869	      8.12242910	     -2.79028779	     -0.70557487	     19.77258573	    105.50331457	     13.59052531	     -5.84941512	     46.08784887	     40.70528174	     87.26451776
      6.46666670	      9.37227561	      2.82343379	     -7.86102996	      2.31763195	      1.04517950	      0.15404040	    -11.99316576	      2.30147941	    -39.99999995	      2.10205244	     -5.49331230	    -35.00000000	      0.00000000	      0.94112267	     -2.58523179	    -21.35583018	     13.59747630	      3.20603916	    -16.71399328	      0.00000000	    -14.68978952	      3.71694931	     -0.43485410	      7.64195342	     -3.19176989	      0.28807278	     21.40665565	    105.13614682	     12.30862667	     -6.11076744	     44.12580093	     40.76764966	     87.93667832
      6.48333330	      9.43322820	      2.82119515	     -7.75111183	      2.32226002	      1.04651774	      0.14962562	    -12.41020822	      2.17229778	    -39.99999995	      1.85874710	     -5.64867165	    -35.00000000	      0.00000000	      0.93333650	     -2.50016359	    -21.91863218	     13.33945514	      3.68912937	    -17.18181811	      0.00000000	    -14.19308728	      3.21267997	      0.12247566	      7.91038448	     -3.36445426	      0.34097496	     21.57387747	    105.08143161	     11.41115588	     -6.81091090	     44.00189580	     40.38185195	     87.99997218
      6.50000000	      9.58002549	      2.83357449	     -8.04043881	      2.33131785	      1.04426026	      0.14712252	    -12.97259970	      1.86954109	    -39.99999995	      1.64824162	     -5.96372257	    -35.00000000	      0.00000000	      0.54161061	     -2.36011794	    -23.11513868	     12.84748812	      4.47141025	    -16.69803651	      0.00000000	    -13.73327714	      2.62974171	      0.87465796	      7.90989575	     -3.74976139	      1.64672007	     22.60805597	    104.34220215	      9.96282810	     -6.85995658	     40.90598537	     39.23744401	     88.49690905
      6.51666670	      9.61368488	      2.67626481	     -8.26798820	      2.33650180	      1.04182576	      0.14485013	    -13.47614526	      1.88281757	    -39.99999995	      1.22394040	     -5.76254971	    -35.00000000	      0.00000000	      0.39726920	     -2.39706167	    -23.65777615	     12.44753890	      4.84896213	    -17.14648254	      0.00000000	    -13.20551276	      2.38925330	      1.60317492	      8.20546407	     -3.98143691	      1.68870484	     22.78150057	    104.28316355	      8.91285111	     -7.66239966	     40.78326329	     38.79518817	     88.52302415
      6.53333330	      9.80650160	      2.52716574	     -8.89098101	      2.34467737	      1.03993409	      0.14201900	    -14.15968624	      1.65847505	    -39.99999995	      0.93569580	     -5.50990372	    -35.00000000	      0.00000000	     -0.15038768	     -2.36891200	    -24.72924915	     11.89866543	      5.35527997	    -16.87447561	      0.00000000	    -12.70443448	      1.94385279	      2.84190054	      8.07135621	     -4.52333420	      2.92764050	     23.97108252	    103.56133578	      7.61544599	     -7.48509413	     37.78382532	     37.20732536	     88.46359861
      6.55000000	      9.72878912	      2.48184242	     -9.47980293	      2.35283645	      1.03981448	      0.13902220	    -14.66110472	      1.32923449	    -39.99999995	      0.59166815	     -5.66769818	    -35.00000000	      0.00000000	     -0.45462051	     -2.18947098	    -25.56057641	     11.19344656	      5.35661482	    -16.92727400	      0.00000000	    -11.80738347	      1.56663112	      3.58557327	      8.27482295	     -4.71286946	      3.25629852	     24.35557369	    103.29597527	      6.21562096	     -8.18379612	     37.08841825	     36.47284636	     88.42870421
      6.56666670	      9.71809423	      2.36710872	    -10.06550812	      2.36189046	      1.03971077	      0.13714495	    -15.34486882	      1.05916582	    -39.99999995	      0.19660743	     -5.67526269	    -35.00000000	      0.00000000	     -1.03069431	     -2.06313604	    -26.63173037	     10.37750522	      5.70248101	    -16.16526534	      0.00000000	    -10.93011259	      1.26890553	      4.63046572	      7.98568498	     -5.28440447	      4.53109155	     25.49265196	    102.31020647	      4.85746674	     -8.01996822	     33.94392457	     34.45105097	     87.95865956
      6.58333330	      9.53353881	      2.40732366	    -10.61821269	      2.37022595	      1.03928525	      0.13417511	    -15.74788246	      0.59670573	    -39.99999995	      0.00000000	     -6.02963360	    -35.00000000	      0.00000000	     -1.57066776	     -1.65626592	    -27.46454853	      9.24481759	      5.02456387	    -15.82796821	      0.00000000	     -9.79353457	      0.87423820	      5.24009206	      8.02161353	     -5.46869869	      4.77637765	     25.79810426	    101.99204707	      3.44377119	     -8.77223599	     33.30860455	     33.63951999	     87.82121162
      6.60000000	      9.44177000	      2.32836320	    -11.14796393	      2.37503917	      1.03867507	      0.13020830	    -16.11991567	      0.15869395	    -39.99999995	      0.00000000	     -6.21052910	    -35.00000000	      0.00000000	     -2.05488712	     -1.38854077	    -28.30344818	      8.56370270	      4.91177890	    -15.10116201	      0.00000000	     -8.97273447	      0.67844402	      5.24068443	      8.43137396	     -5.88158178	      7.95013727	     26.19656204	     96.73165846	      1.20585028	     -8.59826241	     27.15716043	     32.77315458	     85.94118747
      6.61666670	      9.33362101	      2.21447143	    -11.41462315	      2.37939072	      1.03761485	      0.12625121	    -16.38061507	     -0.14560001	    -39.99999995	      0.00000000	     -6.51239547	    -35.00000000	      0.00000000	     -2.37100208	     -1.16521917	    -28.64839489	      8.15731349	      4.47355408	    -15.07077120	      0.00000000	     -8.21841867	      0.53589895	      5.99869828	      8.15801778	     -6.36056847	      8.50145966	     27.16968135	     95.79704795	      0.72689798	     -8.77675673	     26.58180598	     30.22594921	     85.66007595
      6.63333330	      9.41180683	      2.13517236	    -11.61906752	      2.38768957	      1.03752655	      0.12028257	    -16.88832609	     -0.57986068	    -39.99999995	      0.00000000	     -7.06545880	    -35.00000000	      0.00000000	     -2.98404707	     -0.74054521	    -28.97962008	      7.72024665	      4.22782872	    -14.83503885	      0.00000000	     -7.71742938	      0.38577260	      6.45244922	      7.94770624	     -6.71079686	      8.76120728	     28.07060016	     94.68716991	      0.16962779	     -9.01622758	     25.46831961	     28.08272651	     85.02885966
      6.65000000	      9.42067598	      2.18704584	    -11.75199355	      2.39483424	      1.03815129	      0.11629524	    -17.32530119	     -1.11976045	    -39.99999995	      0.00000000	     -7.85588400	    -35.00000000	      0.00000000	     -3.50271689	     -0.21029789	    -29.16591731	      7.53525935	      4.32604614	    -15.06979727	      0.00000000	     -7.17307991	      0.07138865	      6.69461396	      7.90776323	     -6.81994407	      8.75774925	     28.38261429	     94.46624998	     -0.63120955	     -9.73738651	     25.14939344	     27.21940593	     84.85725010
      6.66666670	      9.54805378	      2.12256487	    -11.98983735	      2.40116488	      1.03944061	      0.11157515	    -17.82914921	     -1.63062415	    -39.99999995	      0.00000000	     -8.89991094	    -35.00000000	      0.00000000	     -4.37010627	      0.33464313	    -29.43124087	      7.09157116	      3.84868585	    -15.40974220	      0.00000000	     -6.94363243	     -0.14291857	      7.26777878	      7.36992392	     -7.22790536	      8.84200782	     29.71402729	     93.27198136	     -0.64613667	     -9.52847795	     22.96829581	     23.99101344	     83.64910776
      6.68333330	      9.48312735	      2.21750538	    -12.12199148	      2.40782460	      1.03867692	      0.10574034	    -18.09529546	     -2.29568743	    -39.99999995	      0.00000000	    -10.22478673	    -35.00000000	      0.00000000	     -4.95392487	      1.06249792	    -29.50797461	      6.72657883	      3.99267821	    -15.77779021	      0.00000000	     -6.52209947	     -0.52738013	      7.66866860	      6.89260980	     -7.49959351	      8.62084198	     30.68214079	     90.76035878	     -0.91225877	     -9.53329427	     20.14188419	     21.94051770	     81.48694081
      6.70000000	      9.41513328	      2.32926006	    -12.17384952	      2.41374259	      1.03721150	      0.09934606	    -18.31215918	     -2.99424594	    -39.99999995	      0.00000000	    -11.58967715	    -35.00000000	      0.00000000	     -5.60866847	      1.91804379	    -29.74115053	      5.97746309	      4.02720050	    -15.81551375	      0.00000000	     -6.15584813	     -0.80563185	      7.49567154	      6.89923291	     -7.65452656	      8.55218722	     30.96355893	     90.44237190	     -1.52735470	    -10.13214666	     19.81325395	     21.19336379	     81.20995867
      6.71666670	      9.51251787	      2.41222898	    -12.06705346	      2.42327145	      1.03650458	      0.09244438	    -18.73552285	     -3.73019906	    -39.99999995	      0.17265718	    -12.49417828	    -35.00000000	      0.00000000	     -6.63534850	      2.91697848	    -30.01319798	      4.84209189	      4.74637083	    -14.92341234	      0.00000000	     -5.94763620	     -1.12407951	      7.66518989	      6.21672464	     -7.92663311	      8.30427336	     31.83808097	     87.81729585	     -1.42382668	     -9.85611175	     16.60376378	     18.60230604	     78.53891369
      6.73333330	      9.48338139	      2.42019494	    -11.75780102	      2.43084894	      1.03718960	      0.08655012	    -18.86426514	     -4.41394046	    -39.99999995	      0.87572623	    -13.10150913	    -35.00000000	      0.00000000	     -7.51221531	      3.75403100	    -29.87405061	      3.74901704	      5.57949103	    -14.00639170	      0.00000000	     -5.72036966	     -1.20793651	      7.00496482	      6.09125975	     -8.03105667	      8.17867983	     32.18790112	     85.62921144	     -1.75672726	    -10.00435481	     14.82996969	     17.26320580	     76.49208855
      6.75000000	      9.31183910	      2.40791413	    -11.28809601	      2.44352823	      1.03757230	      0.07814913	    -18.93867283	     -5.05694853	    -39.99999995	      1.68293839	    -13.45273642	    -35.00000000	      0.00000000	     -8.48942533	      4.60735428	    -29.20576096	      2.17018856	      6.11529768	    -13.69093141	      0.00000000	     -5.03265009	     -1.19406707	      6.64572826	      5.56486982	     -8.32344760	      8.09108220	     32.11549066	     85.51498008	     -2.30490130	    -10.48742715	     14.70406436	     16.83703631	     76.38026237
      6.76666670	      9.15623538	      2.56095104	    -10.68854875	      2.45162396	      1.03742800	      0.07107121	    -18.85720634	     -5.95017191	    -39.99999995	      2.85279947	    -13.45012178	    -35.00000000	      0.00000000	     -9.44014769	      5.57613844	    -29.26798393	      0.59805401	      7.27345467	    -11.34660208	      0.00000000	     -4.45838185	     -1.42925743	      6.05699713	      4.90737464	     -8.30439997	      7.38121381	     32.25655276	     82.67420953	     -2.19808438	    -10.30087300	     11.80889685	     15.12341105	     73.25538394
      6.78333330	      9.06004060	      2.40980974	     -9.85264061	      2.45711763	      1.03701979	      0.06408521	    -18.71019551	     -6.56960839	    -39.99999995	      4.35456528	    -13.30413835	    -35.00000000	      0.00000000	    -10.01344548	      5.92896511	    -28.37451022	      0.00000000	      8.47321835	    -11.05895448	      0.00000000	     -4.20968408	     -1.34152837	      5.23169464	      4.52536723	     -8.46557964	      7.28088774	     32.20208530	     82.53140713	     -2.23292514	    -10.65197063	     11.67835785	     14.68860136	     73.10991033
      6.80000000	      8.84307494	      2.23463311	     -8.93610710	      2.46308603	      1.03646829	      0.05719438	    -18.07937578	     -7.40572004	    -39.99999995	      6.76476853	    -12.90822022	    -35.00000000	      0.00000000	    -10.20654390	      6.01924711	    -28.61033040	      0.00000000	     10.32574751	     -8.88925764	      0.00000000	     -3.77726464	     -1.23585487	      4.32274599	      4.12425537	     -8.33699055	      6.73740456	     31.75685581	     81.53771572	     -1.87533523	    -10.71357633	     10.39703503	     12.96604682	     71.85968834
      6.81666670	      8.91765563	      2.06957540	     -7.88116727	      2.47164266	      1.03606922	      0.04955621	    -17.54264078	     -8.47885369	    -39.99999995	      9.84798233	    -12.66387546	    -35.00000000	      0.00000000	    -10.74276278	      6.14597502	    -27.88896817	      0.00000000	     11.34021648	     -8.42661091	      0.00000000	     -3.97360832	     -1.25303648	      3.32780857	      3.70986107	     -8.38223977	      6.51011032	     31.65597129	     81.28558025	     -1.62746383	    -11.04320412	     10.08808383	     12.66817518	     71.56478164
      6.83333330	      8.64987598	      2.05665984	     -6.65909357	      2.47835718	      1.03602710	      0.04258491	    -16.59133007	     -9.74589243	    -39.99999995	     13.30148994	    -12.94426202	    -35.00000000	      0.00000000	    -10.97473185	      6.34565616	    -27.78955801	      0.00000000	     12.51342735	     -6.77443700	      0.00000000	     -3.52229563	     -1.30670609	      2.32416727	      3.15659163	     -8.15240682	      5.56963118	     30.97670112	     80.17443758	     -1.17727421	    -11.08006582	      8.53184211	     11.96463604	     70.11512283
      6.85000000	      8.52112287	      2.18073273	     -5.29848581	      2.48691119	      1.03639612	      0.03453213	    -15.88089133	    -11.19456660	    -39.99999995	     16.84103969	    -13.41510424	    -35.00000000	      0.00000000	    -11.36815328	      6.65652140	    -27.12441022	      0.00000000	     13.26590859	     -6.07039506	      0.00000000	     -3.45870419	     -1.55744209	      1.05330630	      2.63712481	     -7.97143240	      5.27388985	     30.71830766	     79.82941924	     -0.78702135	    -11.39990630	      8.13996644	     11.87082177	     69.69958993
      6.86666670	      8.09143845	      2.36882089	     -3.90962966	      2.49557918	      1.03630347	      0.02681498	    -15.01054692	    -12.62806923	    -39.99999995	     20.11165728	    -14.38973227	    -35.00000000	      0.00000000	    -11.49833435	      6.98987998	    -26.65220239	      0.00000000	     14.29841922	     -4.80308356	      0.00000000	     -2.93712789	     -1.87283153	     -0.15645756	      2.03013994	     -7.65573581	      4.78167942	     30.01946841	     79.39652566	     -0.43473039	    -11.62642348	      7.59424630	     11.78550138	     69.18109445
      6.88333330	      7.70575695	      2.47448430	     -2.55297824	      2.50591732	      1.03577531	      0.01896475	    -14.39982553	    -13.86686116	    -39.99999995	     22.89243817	    -15.65914639	    -35.00000000	      0.00000000	    -11.74642586	      7.25013327	    -26.30320719	      0.00000000	     15.37536811	     -3.29683343	      0.00000000	     -2.47121480	     -2.10869372	     -1.30589694	      1.44275155	     -7.31131549	      4.21612352	     29.10214445	     78.93401073	     -0.07778463	    -11.76482195	      6.97500338	     11.84679337	     68.61997894
      6.90000000	      7.54966686	      2.42913881	     -1.18200027	      2.51143535	      1.03603819	      0.01352113	    -14.02282940	    -14.73110792	    -39.99999995	     25.23551010	    -16.80820685	    -35.00000000	      0.00000000	    -12.19004216	      7.29462445	    -25.53185593	      0.00000000	     16.27503564	     -2.56672889	      0.00000000	     -2.47127544	     -2.26189664	     -2.26125604	      0.78638535	     -7.09488700	      4.06943402	     28.57597877	     78.79121508	      0.60071291	    -11.91052257	      6.76197911	     12.04110088	     68.44767644
      6.91666670	      7.06833333	      2.33731169	      0.27033216	      2.52273430	      1.03598530	      0.00580625	    -13.35567094	    -15.40662154	    -39.99999995	     27.29854942	    -17.67592843	    -35.00000000	      0.00000000	    -12.30455857	      7.25050367	    -25.30129795	      0.00000000	     17.30652069	     -0.64282892	      0.00000000	     -1.79862669	     -2.27375373	     -3.65444672	      0.42874451	     -6.65483544	      3.40530179	     27.10993972	     78.34808445	      0.92842951	    -11.84789323	      6.18249202	     12.13892349	     67.99267608
      6.93333330	      6.97687341	      2.24618452	      1.82578773	      2.53237707	      1.03650095	     -0.00156264	    -13.22139737	    -15.87118519	    -39.99999995	     28.99992928	    -18.30081182	    -35.00000000	      0.00000000	    -12.84047270	      7.17371793	    -24.30505314	      0.00000000	     18.04000359	      0.17914776	      0.00000000	     -1.69484902	     -2.38679728	     -4.69543600	     -0.32940424	     -6.37962662	      3.27587545	     26.41605266	     78.22132026	      1.62938661	    -11.80623483	      5.99821488	     12.42662895	     67.85974758
      6.95000000	      6.62879860	      2.11363839	      3.17345415	      2.54089357	      1.03590069	     -0.00756458	    -12.46190382	    -16.11773583	    -39.04040927	     30.66621534	    -17.83936671	    -35.00000000	      0.00000000	    -13.03437052	      7.04752680	    -23.85925383	      0.00000000	     18.64748160	      1.59136616	      0.00000000	     -1.15514957	     -2.43820320	     -5.87765689	     -0.60921543	     -5.90869009	      2.75784381	     24.79752566	     77.87008584	      2.07212189	    -11.62927644	      5.55820333	     12.77598142	     67.56799368
      6.96666670	      6.40260173	      1.83431015	      3.99734613	      2.54691107	      1.03527549	     -0.01231734	    -11.32176063	    -15.89543146	    -36.19605257	     32.11770707	    -17.02548431	    -35.00000000	      0.00000000	    -13.29919279	      6.83522965	    -23.54066438	      0.00000000	     18.95480438	      2.27517941	      0.00000000	     -0.97802244	     -2.28326048	     -6.40093804	     -0.97143256	     -5.66051492	      2.57677688	     23.78357834	     77.68322407	      2.74236488	    -11.35030028	      5.28904014	     13.32643005	     67.41236017
      6.98333330	      6.20190878	      1.67370087	      4.89924505	      2.55253970	      1.03378478	     -0.01641131	    -10.27594156	    -15.50660285	    -33.09403108	     33.25771508	    -15.75405685	    -35.00000000	      0.00000000	    -13.55470240	      6.68080701	    -22.91836227	      0.00000000	     19.44748871	      2.71815331	      0.00000000	     -1.04867733	     -2.29439282	     -7.07237698	     -1.33037141	     -5.40545731	      2.48950552	     23.13886788	     77.58657455	      3.51176312	    -11.10633354	      5.20679281	     13.81666500	     67.37221272
      7.00000000	      5.60248803	      1.61853022	      5.54088863	      2.55705258	      1.03184900	     -0.01794617	     -8.48215020	    -14.92616621	    -29.09885023	     34.23480501	    -13.49791817	    -35.00000000	      0.00000000	    -13.27970572	      6.60298415	    -22.71565103	      0.00000000	     19.43100488	      3.27037502	      0.00000000	     -0.58892475	     -2.67054476	     -7.30519651	     -1.61805036	     -4.94117321	      2.35696618	     22.03912408	     77.40996149	      4.24346268	    -10.96784083	      5.08723496	     14.76092009	     67.34047629
      7.01666670	      5.28228053	      1.43688618	      6.41721045	      2.56356998	      1.03231590	     -0.02197733	     -7.19327341	    -13.85445161	    -25.29270900	     34.50052194	    -11.01034060	    -35.00000000	      0.00000000	    -13.26547626	      6.30943002	    -21.95428285	      0.00000000	     19.85644311	      3.76622257	      0.00000000	     -0.66485189	     -2.72798145	     -8.03499539	     -1.79401079	     -4.63139954	      2.31384005	     21.57604607	     77.33144438	      5.13510557	    -10.77023660	      5.11167573	     15.39928384	     67.36562281
      7.03333330	      4.49184692	      1.38901866	      6.88213310	      2.56961598	      1.03282875	     -0.02346379	     -5.13993211	    -12.96323006	    -21.27372738	     34.79510974	     -8.06797153	    -35.00000000	      0.00000000	    -12.73604947	      6.26177348	    -22.10041779	      0.00000000	     19.81499044	      4.56207651	      0.00000000	     -0.03022280	     -3.16166516	     -8.21216620	     -1.99074430	     -4.04853168	      2.27685863	     20.48043057	     77.16101716	      5.78351302	    -10.64322854	      5.22183833	     16.70289259	     67.45836451
      7.05000000	      4.23444060	      1.07360769	      7.68944174	      2.57780010	      1.03342416	     -0.02750341	     -4.08911045	    -11.67884738	    -18.32851810	     34.31624085	     -5.59632461	    -35.00000000	      0.00000000	    -12.82577458	      5.82202736	    -21.51442443	      0.00000000	     20.14708635	      5.18213275	      0.00000000	     -0.05434236	     -3.10100970	     -8.98016940	     -2.14308321	     -3.80100682	      2.28246958	     20.08149275	     77.09782790	      6.59690814	    -10.29202611	      5.34706850	     17.37949437	     67.52292792
      7.06666670	      3.65436818	      0.94213092	      8.02651524	      2.58399021	      1.03243749	     -0.02965630	     -2.45513168	    -10.80394236	    -15.33890550	     34.00724844	     -3.31259597	    -35.00000000	      0.00000000	    -12.61910568	      5.73431356	    -21.94107458	      0.00000000	     20.24630106	      6.28508160	      0.00000000	      0.38083705	     -3.34551440	     -9.32472621	     -2.05923482	     -3.34888752	      2.38036482	     19.08359677	     76.93669379	      7.10736395	    -10.07728250	      5.73972483	     18.86063683	     67.71671939
      7.08333330	      3.49910163	      0.64049774	      8.72495940	      2.59307477	      1.03086405	     -0.03345626	     -1.71176270	     -9.75294597	    -13.50974811	     33.08549622	     -1.42886285	    -35.00000000	      0.00000000	    -12.94919470	      5.34747570	    -21.63212986	      0.00000000	     20.31955179	      6.80865448	      0.00000000	      0.44733074	     -3.26349334	    -10.07601613	     -2.13023211	     -3.16021264	      2.45099874	     18.79503920	     76.88594273	      7.84114432	     -9.54130819	      5.96638152	     19.54850891	     67.79887670
      7.10000000	      3.20669918	      0.48794085	      9.07730874	      2.59859527	      1.03035431	     -0.03558990	     -0.53587634	     -8.99615972	    -11.65000970	     32.37655589	      0.38092044	    -35.00000000	      0.00000000	    -13.11398710	      5.19356704	    -21.95898242	      0.00000000	     20.25129869	      7.63971441	      0.00000000	      0.54154501	     -3.37055918	    -10.59722867	     -1.93935009	     -2.90303657	      2.72525200	     18.13007805	     76.74329516	      8.29773667	     -9.23680989	      6.65938292	     21.07614753	     68.02292120
      7.11666670	      3.10206244	      0.24818324	      9.66198168	      2.60515816	      1.03111707	     -0.03972098	      0.26295716	     -8.25781204	    -10.71406193	     31.16027230	      1.67834168	    -35.00000000	      0.00000000	    -13.37781265	      4.88265278	    -21.85771951	      0.00000000	     19.88522949	      7.89894384	      0.00000000	      0.48403584	     -3.29255412	    -11.26511247	     -1.85229021	     -2.80739060	      2.84017273	     18.03757326	     76.70574835	      9.03852098	     -8.54860714	      6.95548174	     21.75207371	     68.09081896
      7.13333330	      2.91466465	      0.06570140	     10.12017616	      2.61105308	      1.03228485	     -0.04184435	      1.26446390	     -7.60929475	     -9.82371814	     29.77552692	      2.58969743	    -35.00000000	      0.00000000	    -13.40138623	      4.64402885	    -22.06611138	      0.00000000	     19.64992789	      8.46712566	      0.00000000	      0.36644926	     -3.23251685	    -11.94257701	     -1.49158633	     -2.66390354	      3.35061107	     17.75784165	     76.53116591	      9.39618218	     -8.25907430	      8.14319209	     23.60741285	     68.31241429
      7.15000000	      2.79026096	     -0.09198984	     10.80473524	      2.62261363	      1.03291584	     -0.04421990	      1.95520207	     -7.06056779	     -9.64693809	     28.16835895	      3.08203630	    -35.00000000	      0.00000000	    -13.54090538	      4.30262161	    -21.87413200	      0.00000000	     19.30606519	      8.96281380	      0.00000000	      0.37502031	     -3.25763339	    -12.55885452	     -1.44122995	     -2.57183071	      3.45455373	     17.74033650	     76.49464349	     10.07835430	     -7.50051767	      8.43159794	     24.12927928	     68.33974781
      7.16666670	      2.74082595	     -0.38880721	     11.39366370	      2.63188628	      1.03489720	     -0.04668918	      2.52262893	     -6.41741929	     -9.82779329	     26.33929284	      2.77551851	    -35.00000000	      0.00000000	    -13.80565910	      3.77965942	    -22.16203250	      0.00000000	     19.70369287	     10.38049166	      0.00000000	      0.34878466	     -3.06976942	    -13.47026561	     -1.10782542	     -2.49258282	      3.82791460	     17.88627919	     76.32268191	     10.30018291	     -7.05350754	      9.47781797	     25.33880554	     68.38636690
      7.18333330	      2.86560528	     -0.78106175	     11.84177892	      2.64222098	      1.03581647	     -0.04755642	      3.14028300	     -5.57386200	     -9.97608265	     24.80685687	      2.82544923	    -35.00000000	      0.00000000	    -14.40476186	      3.06601183	    -22.50198237	      0.00000000	     20.03988577	     12.03655550	      0.00000000	      0.21303328	     -2.75455054	    -14.10183865	     -0.79767990	     -2.51752125	      4.38297664	     17.98156792	     76.04000148	     10.44492166	     -6.52643820	     10.71001045	     26.59160412	     68.23748235
      7.20000000	      2.81074796	     -1.37561826	     12.26153438	      2.65223248	      1.03685966	     -0.04951623	      4.20749507	     -4.52121446	    -10.09384038	     23.54546637	      2.86429072	    -35.00000000	      0.00000000	    -14.94233168	      2.18186756	    -21.99535924	      0.00000000	     20.59592832	     12.67008565	      0.00000000	      0.35874922	     -2.29500195	    -14.45124779	     -0.62178356	     -2.54603596	      4.45505032	     18.04697012	     75.99245761	     10.80317220	     -5.67929218	     10.99679858	     27.03724821	     68.21568987
      7.21666670	      2.85188723	     -1.95714023	     12.85472028	      2.66142193	      1.03572566	     -0.05011114	      5.02906340	     -3.44182064	    -10.55947734	     22.24850238	      2.34339171	    -35.00000000	      0.00000000	    -15.67135700	      1.18094454	    -22.63465413	      0.00000000	     21.63828189	     14.85611451	      0.00000000	      0.54366556	     -1.80997065	    -15.40521286	     -0.34416729	     -2.46935639	      4.72319052	     18.52403317	     75.77258634	     10.73330103	     -5.20412097	     12.00502851	     28.03690604	     68.08422125
      7.23333330	      2.66872251	     -2.41284943	     13.34093931	      2.66763638	      1.03301886	     -0.05069173	      6.35001149	     -2.60364876	    -10.68344628	     21.24570599	      2.51701889	    -35.00000000	      0.00000000	    -16.17312725	      0.36851169	    -23.07041294	      0.00000000	     22.52637814	     16.63711496	      0.00000000	      0.67398919	     -1.45278951	    -15.87924044	     -0.15089171	     -2.51827808	      5.00966573	     19.02999078	     75.47089962	     10.81949896	     -4.66511126	     13.19008412	     29.27283113	     67.85065494
      7.25000000	      2.48381851	     -2.78048839	     13.82344243	      2.67088047	      1.03040553	     -0.05056035	      7.94021133	     -1.92587013	    -11.03892087	     20.06548339	      2.53304591	    -35.00000000	      0.00000000	    -16.55180299	     -0.33419298	    -23.04382834	      0.00000000	     22.85095436	     17.18790045	      0.00000000	      0.52776103	     -1.12915062	    -16.24926492	      0.23631381	     -2.50836062	      5.11982699	     19.45614848	     75.31518274	     11.19972706	     -3.97564600	     13.86514342	     29.98664243	     67.74889868
      7.26666670	      2.35622299	     -2.96449363	     14.24511661	      2.67826496	      1.02878162	     -0.05207709	      9.38693315	     -1.44938139	    -11.73974029	     18.53329983	      1.61288969	    -35.00000000	      0.00000000	    -17.11693860	     -0.83553825	    -23.91316733	      0.00000000	     22.13818514	     18.32278836	      0.00000000	      0.10007198	     -0.92709391	    -16.69189218	      0.60978508	     -2.54612124	      5.48604945	     20.75530823	     74.64308337	     11.50143981	     -3.98440035	     16.28252113	     31.68139755	     67.26664659
      7.28333330	      2.03341986	     -3.15551593	     14.45051449	      2.68206321	      1.02900221	     -0.05160595	     11.00283677	     -1.02234629	    -12.46459752	     16.65621490	      0.03270385	    -35.00000000	      0.00000000	    -17.45981530	     -1.18630762	    -24.21833521	      0.00000000	     20.79844176	     18.27586760	      0.00000000	     -0.15207403	     -0.67853558	    -16.76838359	      1.30616950	     -2.48824106	      5.53738229	     21.14534554	     74.53423252	     12.01840567	     -3.29790603	     16.72936999	     32.12962170	     67.18851666
      7.30000000	      2.35648395	     -3.49401947	     14.50889531	      2.72538859	      1.02252548	     -0.03855137	     11.31432004	      0.21072552	    -13.45153819	     14.80493666	     -1.73113148	    -35.00000000	      0.00000000	    -18.79173422	     -2.09208441	    -25.35197076	      0.00000000	     19.09266245	     17.84654799	      0.00000000	     -0.92112845	     -0.06317296	    -16.96868800	      1.88926492	     -2.46217093	      5.77582223	     22.05939301	     74.20129481	     11.93205356	     -3.09750161	     18.25115317	     32.83366519	     66.95824579
