Torque
version=1
nRows=1527
nColumns=28
inDegrees=yes
endheader
time	lumbar_ext	lumbar_bend	lumbar_rot	shoulder_flex_r	shoulder_add_r	shoulder_rot_r	elbow_flex_r	pro_sup_r	wrist_flex_r	wrist_dev_r	shoulder_flex_l	shoulder_add_l	shoulder_rot_l	elbow_flex_l	pro_sup_l	wrist_flex_l	wrist_dev_l	hip_flexion_r	hip_adduction_r	hip_rotation_r	knee_angle_r	ankle_angle_r	hip_flexion_l	hip_adduction_l	hip_rotation_l	knee_angle_l	ankle_angle_l
0.000000	0.114303	-16.652085	-50.890219	-38.621254	-11.141470	-64.634800	-2.834467	23.971230	-3.222156	-3.160190	-42.963400	-57.774168	17.365357	-3.726889	36.590427	4.953286	4.761886	-65.355752	-9.251660	-50.957295	48.876116	62.743552	39.914703	-10.847746	-54.051143	109.081095	-5.207989
0.010000	8.190417	-41.696229	-7.526426	-48.027873	-4.454477	-17.605023	-18.645614	4.615949	-2.451703	-3.317951	-18.980550	-13.242495	-8.973828	0.065196	5.954678	2.358591	5.219489	23.349944	33.286408	94.954294	26.652865	15.518274	43.271985	22.514866	-98.147374	15.276231	12.424296
0.020000	-8.521636	-30.080223	-25.136784	-17.691040	-13.664704	-34.630068	-22.059740	5.066017	-1.623074	-1.353428	-2.422119	-1.471887	-9.490360	2.805395	11.054294	0.689199	3.117597	-22.418215	-0.000802	-1.121728	41.541311	20.728694	58.503366	38.022505	-82.692298	0.552352	-16.087770
0.030000	-25.919933	-4.593431	-40.409780	-5.264426	-11.050729	-38.697243	-9.894430	0.442916	-3.188590	-1.084919	-3.658681	9.780277	2.454435	4.708190	17.774045	-0.239945	0.841292	-45.345793	26.229235	-57.986641	15.216668	38.078096	46.668142	28.834581	-36.200653	38.305512	-35.724498
0.040000	-36.332843	-0.019412	-24.033400	5.626515	6.277248	-37.330270	8.858742	1.488701	-3.161917	-1.159448	-0.340694	20.194123	-5.410794	-8.780742	13.577738	-0.732604	1.493848	-24.624542	36.641038	-19.767766	46.942896	39.164636	37.540426	22.948200	-44.575050	68.016525	-7.428885
0.050000	-31.448267	-5.802410	-12.601253	23.013024	12.393369	-44.506405	10.464102	0.929138	-2.927094	-1.876877	3.316489	11.600717	-6.688280	3.527084	1.474607	-0.341241	0.741628	-1.614901	9.701794	-10.613556	85.636693	31.761575	60.510084	54.508655	-49.239144	96.554080	29.392295
0.060000	-37.418602	-1.634257	-8.388322	35.044372	9.457231	-45.658983	11.968590	4.389527	-3.228306	-1.218556	0.381320	9.718954	-5.763903	18.150341	-4.457157	-0.134429	-0.192220	1.879383	9.698787	-23.695942	78.342140	10.733243	72.208650	46.625571	-16.889190	128.229046	16.443808
0.070000	-46.506500	5.035802	1.540900	31.463794	5.905560	-44.953853	18.853171	6.736053	-3.603470	0.046742	-10.547794	11.865703	-7.582282	18.584181	-2.586119	-0.736752	0.699646	-4.119052	20.686694	4.248146	70.559379	-9.041334	67.739720	18.628670	-18.223504	139.545858	14.389083
0.080000	-43.768816	3.279736	-1.585221	28.267343	-0.090431	-44.335734	14.956942	3.324943	-3.159737	1.902627	-11.551114	8.959277	-0.328615	11.260225	-0.427016	0.038268	0.680702	-24.706701	20.508226	-18.939925	71.046969	-2.746321	86.773701	9.363257	-13.912168	159.232467	16.414307
0.090000	-37.993762	5.758581	-0.820302	18.133493	-3.046985	-44.146072	11.140298	0.974598	-3.024844	2.572371	-10.844983	8.035142	0.996778	-4.342446	0.985970	0.032659	1.425352	-36.362180	13.285631	-3.558821	86.137301	5.411877	94.041216	3.214362	-11.434786	172.265929	22.802413
0.100000	-36.542981	4.609118	1.832676	11.547569	-3.317661	-43.578003	8.099243	-1.823879	-2.841359	2.907898	-2.521478	3.420860	2.362610	-5.243268	-0.991846	0.135887	0.940883	-46.518232	6.587161	-8.631684	72.349705	-1.699122	86.260400	-2.190576	-21.074644	180.411226	21.068089
0.110000	-27.160037	2.572370	3.968745	5.190931	-2.486232	-43.634683	0.767524	-1.691856	-2.881439	3.038447	0.446391	0.695111	2.301335	-4.221220	-2.762964	0.383537	0.264744	-48.891427	10.325548	-5.281517	70.992932	3.647603	88.414648	-5.896181	-18.752468	190.880835	25.164597
0.120000	-21.515214	1.235371	6.091502	-0.692926	-1.057022	-43.068249	-0.049246	-0.404650	-3.081072	3.037608	-1.535305	-1.653812	0.511078	-1.699377	-2.244700	0.534054	-0.167438	-53.616532	9.567989	-3.618251	66.252226	2.236131	79.750645	-9.737839	-20.822778	190.763229	24.438396
0.130000	-14.315064	0.031941	7.197000	-2.834139	0.065845	-42.130757	-2.172235	0.279824	-3.113630	2.952881	-3.324937	-4.088461	1.086882	-2.112951	-2.094282	0.723276	-0.447403	-55.506004	11.731795	-2.904299	67.865033	5.101314	75.191624	-9.547948	-20.317512	190.744561	27.746506
0.140000	-7.979043	-0.100942	7.545771	-3.735796	0.937617	-40.629383	-2.158201	1.157697	-3.178834	2.699270	-5.593767	-5.578356	1.118349	-2.287116	-1.391554	0.890169	-0.535626	-56.197347	14.616670	-2.175902	70.012955	7.877264	71.152625	-8.969369	-21.003775	187.560761	29.825866
0.150000	-3.745379	-0.077012	7.467293	-2.750300	1.718032	-38.574878	-1.385358	1.706114	-3.165255	2.374095	-7.546050	-6.711485	0.668648	-1.907302	-1.044988	1.087756	-0.479707	-56.572699	16.004486	-2.387690	70.616560	9.000115	67.036763	-7.486733	-21.740963	183.423346	31.690221
0.160000	-0.960200	0.400193	7.129291	-1.156382	2.032623	-36.371503	-0.562712	1.552417	-3.132569	2.017145	-8.111204	-6.692534	0.427212	-2.429938	-0.535675	1.309041	-0.307679	-55.790544	18.911695	-2.099556	72.780691	11.227254	64.427551	-5.809025	-21.695251	179.655576	34.006525
0.170000	2.977270	-2.048917	5.240581	-0.092452	2.872736	-35.210390	1.780968	1.866849	-2.959741	1.761809	-7.544918	-7.029442	1.212411	-0.375498	-0.087327	1.702474	-0.072136	-52.020751	7.205476	-5.723250	68.554750	5.937000	63.528587	12.731195	-22.935104	175.383908	36.096144
0.180000	3.454986	-2.588481	3.253774	1.282069	2.938305	-33.342637	2.271514	3.302282	-2.960178	1.542213	-3.625726	-4.713571	0.309491	-0.575228	0.266548	1.914594	0.025750	-49.040985	6.858491	-9.714041	60.334817	-1.076109	59.404648	16.990926	-24.044873	166.165352	32.589875
0.190000	3.383801	-2.333773	3.524305	1.710791	1.490264	-31.897340	2.123982	4.189913	-3.030130	1.425817	-1.665824	-3.069312	0.029928	-0.446262	-0.269602	2.052234	0.172565	-46.661574	8.661400	-8.666201	55.933468	-4.352046	54.803383	15.917632	-24.854714	158.565831	30.987829
0.200000	5.170095	-2.211850	5.265882	0.941687	0.224539	-31.011380	2.391569	4.549047	-3.247483	1.345259	0.168960	-2.356121	0.049951	-0.200907	0.284388	2.176650	0.418667	-43.337144	8.845552	-3.769380	55.355327	-5.938055	49.514918	14.633490	-32.669780	151.252538	30.031778
0.210000	7.233665	-1.631424	4.225108	0.228866	-0.214956	-30.065268	1.555074	4.694640	-3.409753	1.354897	2.278201	-2.686066	-0.073247	1.363542	-0.080228	2.352390	0.414398	-41.916918	10.960935	-5.055217	52.302128	-8.067831	45.041845	12.183718	-40.166639	143.756855	27.788371
0.220000	8.632156	-1.786765	3.312702	0.124153	-0.467249	-29.571004	0.913854	5.075344	-3.527071	1.394219	2.655893	-3.045050	-0.141512	1.336932	-0.037531	2.391138	0.427892	-40.458815	9.377698	-5.293126	52.132094	-8.546595	41.508058	12.902141	-43.794456	137.994039	27.186487
0.230000	9.374506	-1.733067	2.874598	0.278357	-0.873369	-29.243641	0.690160	5.360967	-3.631801	1.381591	2.160367	-3.106038	0.025924	1.153070	-0.025005	2.353423	0.481760	-38.779853	10.299796	-4.308933	52.079406	-9.013214	38.962124	12.353492	-46.320498	132.969224	26.174951
0.240000	9.709291	-1.684501	2.211910	0.485107	-1.153543	-28.937669	0.722943	5.627014	-3.671324	1.346785	1.444172	-3.346279	0.024916	1.229288	-0.223671	2.309113	0.602696	-37.825290	10.815158	-4.216738	51.940106	-9.425190	36.524958	12.772503	-48.011184	128.363264	24.988361
0.250000	10.251813	-1.877854	1.721565	0.756377	-1.422233	-28.743055	0.655798	5.805846	-3.643249	1.276185	0.780717	-3.427680	0.134901	0.851851	-0.349287	2.244505	0.774679	-36.504288	11.230172	-3.471177	52.912313	-9.340658	34.721122	14.298838	-49.047183	124.565095	24.045762
0.260000	10.575314	-2.115445	1.159585	1.058770	-1.444622	-28.606212	0.815497	5.912552	-3.574238	1.192324	0.240983	-3.350465	0.082308	0.761129	-0.524937	2.179658	0.937963	-35.317777	12.068309	-2.759545	53.838542	-9.538799	32.989439	15.592983	-49.820401	121.012920	22.987127
0.270000	10.799979	-2.537166	0.514576	1.398532	-1.281158	-28.532106	0.971735	5.951044	-3.473321	1.110267	0.086803	-3.186892	0.141511	0.684680	-0.558127	2.122893	1.090347	-34.105464	12.463069	-2.313373	55.260251	-9.524007	31.647723	17.195628	-50.328232	117.834985	22.197101
0.280000	10.836315	-3.057438	-0.071315	1.711950	-0.957339	-28.506260	1.140539	5.933480	-3.364316	1.032610	0.225807	-2.840645	0.126590	0.719974	-0.536727	2.071949	1.214838	-32.766766	12.810625	-1.822274	56.963910	-9.478737	30.704958	18.318369	-50.775906	115.078068	21.659870
0.290000	10.527897	-3.616105	-0.632867	1.982309	-0.615007	-28.460493	1.338289	5.873206	-3.257785	0.968494	0.581974	-2.468657	0.076217	0.943830	-0.433464	2.019096	1.303709	-31.431446	12.875646	-1.666539	58.760534	-9.394349	30.054909	18.864641	-51.367119	112.706083	21.420233
0.300000	9.938896	-4.200978	-1.069699	2.158293	-0.385572	-28.348563	1.448046	5.762431	-3.158702	0.914811	1.058858	-2.136638	0.068311	1.198891	-0.273270	1.949691	1.365777	-29.993200	12.648541	-1.634539	60.702664	-9.208657	29.774499	18.822590	-52.232686	110.726023	21.486092
0.310000	9.125087	-4.750888	-1.370862	2.187685	-0.280130	-28.151844	1.542654	5.590737	-3.072713	0.873589	1.533176	-1.866707	-0.038591	1.523725	-0.090021	1.847275	1.401872	-28.519841	12.251036	-1.646170	62.483007	-9.124817	29.753088	18.033350	-53.460109	108.984822	21.773338
0.320000	8.212357	-4.783952	-1.369671	2.054116	-0.442670	-27.841110	1.591389	5.408779	-3.030837	0.837012	2.108007	-1.432475	-0.071705	1.748506	0.134617	1.718531	1.405634	-26.969003	14.129738	-1.344676	63.640384	-9.980341	30.389594	14.669702	-54.933442	106.905913	20.892207
0.330000	7.317802	-5.093331	-1.589784	1.834173	-0.402787	-27.381126	1.653725	5.256416	-2.972142	0.839751	2.545244	-1.499303	-0.173785	2.108900	0.259472	1.594035	1.405705	-26.432187	13.270750	-1.737078	64.804740	-10.456902	29.985184	12.494877	-56.706454	104.368776	20.521205
0.340000	7.274226	-5.539271	-1.788383	1.449365	-0.336721	-26.934253	1.514549	5.106708	-2.926683	0.820692	2.967273	-1.542163	-0.022807	2.020895	0.446102	1.474612	1.394136	-25.507964	12.536491	-1.825566	67.064264	-10.074709	30.030760	10.862732	-58.612521	102.353472	20.726442
0.350000	7.166533	-5.906487	-1.979167	1.290561	-0.078785	-26.479237	1.572651	5.054545	-2.905091	0.802119	3.349368	-1.522470	-0.140218	2.162920	0.491785	1.378324	1.350161	-25.030349	11.893045	-2.074803	68.946925	-9.845477	29.264984	8.923512	-60.728945	100.520378	20.968731
0.360000	7.596922	-6.231090	-2.119801	1.179440	0.103083	-26.172746	1.537273	5.029698	-2.890015	0.775792	3.757136	-1.487759	-0.070828	2.114368	0.574685	1.318971	1.317195	-24.501972	11.630508	-2.457167	71.273115	-9.308677	28.726535	7.649310	-62.628686	99.423301	21.383904
0.370000	8.099195	-6.475665	-2.159252	1.269879	0.291335	-26.030213	1.570765	5.047253	-2.874740	0.749087	4.118847	-1.471666	-0.104705	2.096670	0.562226	1.292954	1.298329	-24.306459	11.449917	-2.979700	73.480752	-8.973280	27.756032	6.818570	-64.315519	98.968863	21.859907
0.380000	8.856808	-6.662599	-2.043802	1.466824	0.363936	-26.097683	1.598497	5.064141	-2.853864	0.714302	4.406699	-1.507240	-0.077005	2.016868	0.540810	1.292525	1.307744	-24.036087	11.657147	-3.413920	75.908858	-8.677487	26.936767	6.614507	-65.702900	99.394369	22.527657
0.390000	9.508885	-6.764116	-1.841287	1.812736	0.372517	-26.301369	1.665155	5.110895	-2.832196	0.679852	4.580071	-1.601216	-0.115937	1.992151	0.455320	1.303955	1.336154	-23.813160	12.100795	-3.787214	78.197801	-8.617742	25.976599	6.688727	-66.875115	100.284809	23.230195
0.400000	10.066704	-6.800916	-1.597176	2.114384	0.281854	-26.561655	1.714861	5.164818	-2.817097	0.648080	4.550182	-1.748312	-0.116400	1.934781	0.356703	1.312837	1.385374	-23.382469	12.743606	-4.040130	80.517519	-8.518209	25.205953	7.006281	-67.849946	101.339990	23.965519
0.410000	10.310779	-6.733619	-1.381235	2.390658	0.159944	-26.805922	1.690524	5.261824	-2.816056	0.627098	4.291750	-1.942117	-0.154113	1.892721	0.207615	1.301417	1.443957	-22.853616	13.473993	-4.113775	82.629007	-8.307305	24.454147	7.145152	-68.700913	102.071983	24.552420
0.420000	10.318403	-6.592089	-1.208789	2.445607	0.000921	-26.975190	1.661631	5.351585	-2.832755	0.619427	3.792102	-2.137621	-0.150827	1.772452	0.094353	1.262488	1.514558	-22.123821	14.122903	-4.026895	84.525025	-7.791972	23.888498	7.171207	-69.446808	102.232701	24.961501
0.430000	10.067028	-6.357003	-1.131290	2.388317	-0.113431	-27.063219	1.552653	5.455703	-2.862826	0.625376	3.189713	-2.310045	-0.149224	1.611429	-0.037643	1.198834	1.588860	-21.398911	14.622875	-3.864393	85.939425	-7.048730	23.322388	6.947879	-70.102948	101.613790	25.013030
0.440000	9.728767	-6.057062	-1.094377	2.210737	-0.177057	-27.116338	1.414567	5.575159	-2.898358	0.632165	2.586852	-2.393870	-0.101257	1.376391	-0.113450	1.126019	1.665294	-20.632324	14.979188	-3.498131	86.813200	-6.129288	22.816623	6.604362	-70.636614	100.275028	24.661556
0.450000	9.369832	-5.719247	-1.078230	2.021058	-0.170578	-27.180087	1.286782	5.742548	-2.928516	0.629056	2.083851	-2.372953	-0.044723	1.160554	-0.155189	1.059773	1.737979	-19.902264	15.178275	-2.960506	87.005693	-5.202435	22.255007	6.197565	-71.084507	98.320574	23.838170
0.460000	9.092419	-5.347962	-1.098813	1.814736	-0.090297	-27.305348	1.184931	5.988529	-2.942204	0.608147	1.701646	-2.257934	0.013076	0.946110	-0.197476	1.016419	1.804155	-19.266680	15.254353	-2.304411	86.487249	-4.424611	21.589888	5.733426	-71.333657	95.879638	22.515468
0.470000	8.955809	-4.948934	-1.165531	1.647210	0.002079	-27.512023	1.152743	6.316310	-2.935819	0.571031	1.403147	-2.074721	0.041430	0.782977	-0.166772	0.996637	1.865856	-18.590751	15.189995	-1.740016	85.577095	-3.755116	20.954072	5.415389	-71.363407	93.205270	20.820916
0.480000	8.830923	-4.484892	-1.260285	1.561549	0.106930	-27.763994	1.212543	6.732988	-2.910263	0.533592	1.129213	-1.857294	0.006569	0.664685	-0.174971	0.992159	1.921527	-17.895732	15.085636	-1.320159	84.517515	-3.317212	20.202487	5.048737	-71.155447	90.525895	18.881697
0.490000	8.695256	-3.985159	-1.375040	1.516799	0.179467	-28.021777	1.358962	7.195186	-2.878086	0.511202	0.816261	-1.611782	-0.049034	0.624453	-0.146160	0.988995	1.969402	-17.009024	15.043767	-1.135774	83.906776	-3.000064	19.581803	4.555236	-70.783867	88.176388	16.966183
0.500000	8.379402	-3.535338	-1.507053	1.586209	0.231215	-28.215630	1.560174	7.650547	-2.851828	0.518227	0.542220	-1.360561	-0.114329	0.694976	-0.110448	0.970625	2.003209	-16.016843	15.037727	-1.206418	84.073877	-2.871587	19.059744	3.812690	-70.454112	86.329687	15.305758
0.510000	7.877594	-3.260242	-1.667645	1.652469	0.258979	-28.309381	1.758515	8.014427	-2.840855	0.553115	0.307273	-1.097888	-0.169095	0.845262	-0.092986	0.929706	2.016472	-14.964349	15.112839	-1.443045	85.357475	-2.929926	18.699540	2.746103	-70.292169	85.112357	14.123794
0.520000	7.228526	-3.279637	-1.865864	1.745005	0.224818	-28.304067	1.882921	8.208686	-2.844242	0.601489	0.242057	-0.866839	-0.175616	1.053862	-0.012609	0.865872	2.009451	-13.956847	15.179902	-1.830507	87.680268	-3.163351	18.545278	1.584664	-70.410700	84.426445	13.500590
0.530000	6.500067	-3.597783	-2.074164	1.748986	0.124370	-28.220125	1.925116	8.196414	-2.852448	0.643467	0.324794	-0.686495	-0.170940	1.275760	0.028839	0.783881	1.984331	-13.107689	15.307895	-2.229081	90.707195	-3.577442	18.484415	0.295428	-70.786616	84.127897	13.355542
0.540000	5.815730	-4.161550	-2.229631	1.604972	-0.073354	-28.122116	1.868717	7.998787	-2.851323	0.663554	0.550877	-0.582299	-0.133162	1.455059	0.110395	0.691686	1.952311	-12.431893	15.423054	-2.550247	93.904871	-4.041923	18.506828	-0.987163	-71.348159	84.038311	13.519695
0.550000	5.264993	-4.821645	-2.290372	1.303259	-0.317599	-28.069969	1.709020	7.710901	-2.830108	0.658255	0.845983	-0.564950	-0.100758	1.552010	0.132488	0.598650	1.918424	-11.967968	15.542302	-2.684272	96.737176	-4.536069	18.437870	-2.320315	-71.978170	84.015781	13.729280
0.560000	4.922121	-5.523296	-2.161378	0.892968	-0.584583	-28.117884	1.511259	7.410267	-2.788558	0.635959	1.186077	-0.624416	-0.031586	1.546798	0.195564	0.509766	1.891625	-11.578382	15.476021	-2.545293	98.943159	-4.969339	18.272178	-3.342436	-72.757517	84.053162	13.921170
0.570000	4.819084	-6.090958	-1.910090	0.455158	-0.780787	-28.295469	1.244849	7.190065	-2.735961	0.600726	1.502623	-0.738369	0.003137	1.495371	0.158819	0.436240	1.865198	-11.327352	15.426872	-2.183446	100.340527	-5.511155	17.780399	-4.230957	-73.574209	84.026724	13.819683
0.580000	5.012544	-6.511744	-1.541843	0.024246	-0.907083	-28.615395	0.978174	7.050980	-2.685199	0.555592	1.773816	-0.877724	0.079509	1.425833	0.176494	0.379773	1.843120	-11.053747	15.285013	-1.629420	101.175481	-6.062087	17.090847	-4.662722	-74.460000	83.904970	13.457661
0.590000	5.416144	-6.731085	-1.158418	-0.292704	-0.888876	-29.025754	0.727389	6.984055	-2.642394	0.499634	1.979080	-1.001470	0.140277	1.405827	0.144620	0.339857	1.819475	-10.827279	15.168144	-1.063524	101.644707	-6.654515	16.114916	-4.762434	-75.412551	83.629015	12.751784
0.600000	6.091514	-6.693727	-0.893382	-0.408334	-0.762670	-29.463936	0.564985	6.956028	-2.609535	0.432470	2.134213	-1.104434	0.168173	1.410832	0.139429	0.312191	1.793227	-10.565246	15.146746	-0.719196	102.049202	-7.130215	15.137851	-4.450663	-76.263043	83.178306	11.805674
0.610000	6.843518	-6.464833	-0.744549	-0.174038	-0.520132	-29.828606	0.572565	6.951553	-2.576601	0.367847	2.253201	-1.158356	0.144114	1.441318	0.118917	0.285855	1.763508	-10.367036	15.120998	-0.699805	102.632117	-7.448705	14.143580	-3.767891	-77.137506	82.761598	10.815969
0.620000	7.751520	-5.999429	-0.791706	0.381351	-0.266786	-30.050594	0.757934	6.971635	-2.543184	0.314075	2.358283	-1.219996	0.061665	1.476813	0.085084	0.262130	1.731220	-10.185589	15.257543	-1.127741	103.455788	-7.538501	13.445556	-2.830789	-77.881667	82.433671	9.922145
0.630000	8.562822	-5.379691	-0.938167	1.203512	-0.052831	-30.068580	1.084221	7.031874	-2.506428	0.285312	2.464794	-1.287224	-0.039002	1.527506	0.059149	0.237227	1.698769	-10.128281	15.419314	-1.852861	104.445559	-7.421920	12.840900	-1.830255	-78.663915	82.297835	9.162618
0.640000	9.295453	-4.637538	-1.136469	2.031500	0.027952	-29.872842	1.407201	7.136468	-2.472686	0.277058	2.566053	-1.401170	-0.084187	1.550212	0.060624	0.214674	1.669394	-10.030468	15.738178	-2.688689	105.602342	-7.011723	12.470707	-0.838910	-79.471117	82.370996	8.548334
0.650000	9.748338	-3.871678	-1.293810	2.699975	0.011255	-29.462423	1.670505	7.288264	-2.446819	0.288387	2.644593	-1.544006	-0.116417	1.566414	0.071278	0.196496	1.642650	-9.910513	16.135622	-3.444242	106.773359	-6.439425	12.028163	0.012162	-80.425715	82.605779	8.010220
0.660000	10.077541	-3.084663	-1.454081	3.095562	-0.125862	-28.914003	1.790856	7.489850	-2.436101	0.308189	2.716095	-1.745152	-0.134595	1.567510	0.103351	0.189859	1.619369	-9.633445	16.744848	-4.091790	107.925403	-5.735620	11.655718	0.708207	-81.344005	82.802010	7.505186
0.670000	10.128446	-2.432750	-1.521982	3.224503	-0.271685	-28.274329	1.862196	7.735322	-2.434393	0.338829	2.771419	-1.924426	-0.149184	1.585492	0.118097	0.194835	1.598784	-9.285935	17.297150	-4.455658	109.037858	-5.054924	11.069271	1.138433	-82.383379	82.996953	7.064750
0.680000	10.133492	-1.929987	-1.582777	3.163481	-0.426402	-27.633321	1.844776	8.020146	-2.440644	0.368466	2.853259	-2.067840	-0.146762	1.603418	0.149094	0.217970	1.579924	-8.755686	17.868408	-4.645845	110.194337	-4.414675	10.591191	1.349275	-83.399445	83.158171	6.700117
0.690000	10.005342	-1.582771	-1.634299	3.084885	-0.542429	-27.019922	1.839587	8.354858	-2.452464	0.398012	2.975848	-2.145196	-0.173703	1.630629	0.172218	0.253775	1.559389	-8.174541	18.280484	-4.658908	111.317647	-3.952343	10.008176	1.305669	-84.416083	83.262563	6.381974
0.700000	9.848413	-1.403046	-1.662855	2.998041	-0.640103	-26.467860	1.821728	8.732887	-2.473632	0.424119	3.098601	-2.178086	-0.170921	1.640790	0.189930	0.295790	1.536454	-7.503461	18.514852	-4.516014	112.576389	-3.616487	9.522006	1.126527	-85.412237	83.418542	6.214099
0.710000	9.692869	-1.296197	-1.697452	2.978295	-0.742578	-25.985239	1.824056	9.166555	-2.514751	0.446554	3.214191	-2.171937	-0.201488	1.691859	0.207940	0.334437	1.507407	-6.792416	18.621456	-4.292439	113.866478	-3.468636	9.181980	0.702965	-86.333933	83.597973	6.165886
0.720000	9.461681	-1.282625	-1.691124	3.016770	-0.821610	-25.557758	1.827070	9.636959	-2.579081	0.471904	3.306859	-2.152935	-0.222175	1.692462	0.189903	0.361713	1.475243	-6.233199	18.450364	-4.025313	115.212840	-3.539598	8.818942	0.168588	-87.192777	83.758485	6.258005
0.730000	9.331051	-1.324304	-1.643232	3.061213	-0.911809	-25.219055	1.814624	10.108368	-2.671792	0.488812	3.356274	-2.121669	-0.198386	1.695132	0.178084	0.375971	1.440820	-5.707899	18.189044	-3.686566	116.629726	-3.799982	8.697701	-0.401557	-87.916991	83.908886	6.561685
0.740000	9.185518	-1.425193	-1.546407	3.091192	-0.937539	-24.970347	1.823191	10.551030	-2.785801	0.494118	3.378713	-2.047626	-0.161093	1.723210	0.136061	0.377219	1.406756	-5.423903	17.754872	-3.267721	117.894906	-4.301955	8.511665	-1.078094	-88.548598	83.912337	6.957456
0.750000	9.187279	-1.600965	-1.417265	2.944283	-0.891716	-24.871087	1.760589	10.907402	-2.910133	0.476050	3.320133	-1.913459	-0.047407	1.694971	0.087193	0.369973	1.382002	-5.342513	17.253938	-2.734239	118.954128	-4.917980	8.403685	-1.613877	-88.990411	83.687156	7.427579
0.760000	9.364220	-1.823845	-1.242159	2.597690	-0.758815	-24.968648	1.680790	11.144606	-3.033871	0.432734	3.146728	-1.662333	0.084801	1.679126	0.043767	0.351564	1.374519	-5.397991	16.809360	-2.046351	119.547647	-5.699039	8.331024	-1.915016	-89.259624	83.158350	7.851100
0.770000	9.643421	-2.043392	-1.061605	2.046078	-0.512800	-25.269801	1.532785	11.269422	-3.145560	0.375658	2.835027	-1.352369	0.199635	1.581594	-0.033906	0.323422	1.390394	-5.769032	16.400550	-1.330274	119.565976	-6.577464	8.121870	-1.854487	-89.281914	82.255626	8.074505
0.780000	10.124172	-2.203670	-0.845613	1.345728	-0.255806	-25.785478	1.347973	11.296697	-3.241656	0.308970	2.403403	-1.041938	0.314570	1.464460	-0.075540	0.283123	1.432854	-6.175501	16.208247	-0.544919	119.139862	-7.449753	8.112578	-1.318520	-89.062634	81.168938	8.133508
0.790000	10.558634	-2.213663	-0.629490	0.706907	0.010161	-26.415598	1.161494	11.286853	-3.320289	0.252515	1.977251	-0.834918	0.314637	1.341442	-0.122029	0.231464	1.496902	-6.789163	16.182562	0.110481	118.203288	-8.371721	7.991959	-0.433873	-88.664594	79.897231	7.874722
0.800000	11.037884	-2.023787	-0.418529	0.111459	0.177688	-27.092254	0.963194	11.271398	-3.378669	0.206529	1.569724	-0.792726	0.299565	1.235489	-0.102404	0.170522	1.580779	-7.351620	16.500747	0.624892	116.967577	-9.161370	8.064227	0.764935	-88.123485	78.558621	7.352658
0.810000	11.335816	-1.619232	-0.251831	-0.411307	0.323240	-27.692460	0.769097	11.287019	-3.411978	0.180830	1.198526	-0.898958	0.199942	1.159556	-0.086611	0.104150	1.680639	-8.039934	17.000257	0.822769	115.327746	-9.780899	7.951925	2.088674	-87.577030	77.031523	6.398978
0.820000	11.647425	-1.022892	-0.122389	-0.951222	0.395736	-28.175347	0.570828	11.350334	-3.417220	0.166377	0.791424	-1.086701	0.119243	1.060311	-0.008533	0.033532	1.799258	-8.485792	17.877986	0.831297	113.430056	-10.057818	8.005479	3.523533	-87.070101	75.385344	5.179655
0.830000	11.727906	-0.304376	-0.050393	-1.409447	0.519481	-28.474182	0.418724	11.492102	-3.393795	0.170057	0.377132	-1.315217	-0.009215	0.955602	0.018989	-0.037629	1.931925	-8.915726	18.838000	0.561995	111.140782	-10.045195	7.759262	4.861487	-86.741361	73.494963	3.642082
0.840000	11.775713	0.389704	-0.009731	-1.809733	0.634854	-28.635899	0.315935	11.711661	-3.351349	0.174945	-0.034655	-1.559146	-0.053546	0.814353	0.040805	-0.103994	2.071096	-9.037341	19.871567	0.225357	108.910364	-9.533389	7.671265	6.023271	-86.598632	71.588154	2.178973
0.850000	11.621834	0.973424	-0.020101	-1.926990	0.759858	-28.664777	0.345998	12.026414	-3.303505	0.179338	-0.319088	-1.754743	-0.125819	0.737925	0.039631	-0.159707	2.195529	-8.946466	20.760736	-0.201625	106.853440	-8.677757	7.542974	6.703052	-86.766189	69.766903	0.871163
0.860000	11.301093	1.320068	-0.094085	-1.763002	0.842678	-28.590925	0.477621	12.415480	-3.260689	0.180023	-0.466555	-1.899763	-0.142694	0.607509	-0.013062	-0.195639	2.283701	-8.708946	21.331013	-0.644203	105.422384	-7.485333	7.417356	6.849929	-87.190908	68.209179	-0.078188
0.870000	10.906292	1.400766	-0.223502	-1.246681	0.756026	-28.455649	0.756593	12.862289	-3.236773	0.175426	-0.441924	-1.898566	-0.141034	0.587388	0.029391	-0.211719	2.310327	-8.107499	21.631671	-1.057802	104.873908	-6.128229	7.532511	6.481085	-87.929383	67.196511	-0.537310
0.880000	10.294871	1.199800	-0.407466	-0.411266	0.551001	-28.222566	1.113963	13.363257	-3.234915	0.184724	-0.247035	-1.773713	-0.147661	0.574011	0.024138	-0.208671	2.262584	-7.460828	21.505007	-1.499264	105.186269	-4.885027	7.465499	5.590836	-88.972950	66.787268	-0.644021
0.890000	9.724723	0.724445	-0.591985	0.534893	0.173441	-27.934693	1.475535	13.879180	-3.264697	0.208060	0.072606	-1.556020	-0.103213	0.588552	0.116120	-0.191633	2.144321	-6.563418	21.136045	-1.880855	106.442285	-3.857713	7.586135	4.510770	-90.211299	67.127462	-0.242300
0.900000	9.125125	0.072855	-0.755482	1.509953	-0.229291	-27.568184	1.779560	14.399488	-3.328739	0.256715	0.521396	-1.352126	-0.105912	0.652152	0.139457	-0.165932	1.972593	-5.735167	20.583713	-2.298777	108.178738	-3.353705	7.530967	3.311215	-91.532573	68.015246	0.491288
0.910000	8.704391	-0.708360	-0.819336	2.318926	-0.648837	-27.177546	1.968265	14.865674	-3.427173	0.322347	1.071397	-1.244168	-0.078148	0.744901	0.211754	-0.139306	1.779847	-4.876646	20.081721	-2.649290	110.232854	-3.409003	7.549748	2.356696	-92.770037	69.290073	1.628142
0.920000	8.447095	-1.486083	-0.817406	2.937366	-0.967718	-26.775520	2.020676	15.223172	-3.550969	0.400111	1.700574	-1.281877	-0.101080	0.896822	0.196337	-0.117052	1.591254	-4.289272	19.765939	-3.013062	112.090677	-4.158207	7.397293	1.735035	-93.706262	70.515762	2.927981
0.930000	8.477620	-2.219288	-0.733643	3.281362	-1.212414	-26.415678	1.960440	15.401016	-3.685430	0.474127	2.327791	-1.436197	-0.094407	1.110529	0.220419	-0.105413	1.430772	-3.875191	19.803444	-3.245587	113.669336	-5.454274	7.319551	1.661393	-94.227549	71.450628	4.263531
0.940000	8.666671	-2.831365	-0.642662	3.381461	-1.323208	-26.076406	1.832466	15.377286	-3.806402	0.537103	2.876426	-1.633806	-0.104743	1.397186	0.202542	-0.106376	1.309286	-3.800274	20.212413	-3.379345	114.784884	-7.140576	7.193002	2.003565	-94.344386	71.860948	5.205901
0.950000	8.987288	-3.281145	-0.592157	3.182319	-1.310528	-25.774859	1.676050	15.162868	-3.891126	0.580403	3.246604	-1.791514	-0.089374	1.669187	0.200233	-0.119089	1.233533	-4.023760	20.972874	-3.345855	115.508133	-8.833087	7.166717	2.614837	-94.079062	71.725483	5.514394
0.960000	9.301686	-3.558134	-0.590533	2.759081	-1.190714	-25.498023	1.535644	14.812636	-3.919058	0.603095	3.413557	-1.834991	-0.057228	1.923922	0.226475	-0.143724	1.206961	-4.448941	21.914335	-3.191121	115.923589	-10.196127	7.284121	3.336312	-93.651947	71.216051	4.998472
0.970000	9.513474	-3.620897	-0.646857	2.190216	-0.934673	-25.255235	1.419353	14.402572	-3.880728	0.612675	3.364265	-1.740846	-0.048786	2.019788	0.203054	-0.177713	1.224899	-5.084334	22.857545	-2.970371	116.050351	-11.043429	7.365514	3.959705	-93.161970	70.522673	3.684638
0.980000	9.671786	-3.497669	-0.716813	1.586423	-0.618312	-25.068421	1.344839	13.987847	-3.780016	0.612417	3.112251	-1.533712	-0.027508	1.989363	0.215983	-0.220062	1.281919	-5.683722	23.639316	-2.753854	116.049832	-11.261604	7.508021	4.540770	-92.756036	69.916163	1.826949
0.990000	9.747404	-3.202325	-0.777438	1.083205	-0.247692	-24.913711	1.311470	13.628958	-3.630213	0.614250	2.696878	-1.269781	-0.041024	1.822270	0.171985	-0.268227	1.365124	-6.228249	24.160407	-2.641103	115.890598	-11.015600	7.458055	5.005897	-92.524257	69.506796	-0.365026
1.000000	9.846355	-2.816052	-0.786383	0.730636	0.075868	-24.782442	1.297582	13.362909	-3.454886	0.619814	2.161256	-1.014995	-0.037804	1.584314	0.153340	-0.319945	1.460416	-6.533149	24.471802	-2.621344	115.677649	-10.444315	7.285861	5.414506	-92.532152	69.349560	-2.573332
1.010000	9.965566	-2.406645	-0.749318	0.532331	0.334565	-24.614487	1.313100	13.221240	-3.280335	0.635468	1.559408	-0.834476	-0.049909	1.307252	0.097685	-0.368278	1.550196	-6.660714	24.592545	-2.718997	115.310955	-9.796084	6.852302	5.737800	-92.766505	69.308527	-4.579777
1.020000	10.133917	-2.079262	-0.645333	0.452261	0.460748	-24.413882	1.317351	13.201935	-3.127739	0.655297	1.003772	-0.748538	-0.024240	1.100880	0.080776	-0.410868	1.621014	-6.536907	24.602956	-2.825599	114.890188	-9.113505	6.339421	5.912183	-93.291691	69.368644	-6.167384
1.030000	10.292391	-1.877975	-0.520153	0.433889	0.496049	-24.164174	1.313484	13.274983	-3.008694	0.677076	0.589478	-0.752180	-0.001429	0.963202	0.040969	-0.441764	1.663855	-6.322203	24.503720	-2.932865	114.332610	-8.502510	5.719180	5.846889	-94.060475	69.389547	-7.304247
1.040000	10.477906	-1.821458	-0.398953	0.433501	0.446797	-23.909790	1.270849	13.370385	-2.924102	0.689891	0.393772	-0.816839	0.046413	0.912581	0.034412	-0.458145	1.680164	-6.039605	24.365512	-2.978291	113.691893	-7.977162	5.149073	5.599134	-94.991925	69.291003	-8.019753
1.050000	10.671842	-1.875204	-0.310012	0.453657	0.372969	-23.673130	1.215592	13.434386	-2.868548	0.686470	0.429117	-0.900120	0.092103	0.940407	0.026099	-0.460243	1.674066	-5.767923	24.205885	-2.949753	113.010585	-7.570715	4.617485	5.213030	-96.003234	69.005710	-8.442611
1.060000	10.889077	-2.005381	-0.248360	0.480657	0.304828	-23.476597	1.160783	13.426702	-2.835004	0.660981	0.643226	-0.974834	0.142631	1.013368	0.033298	-0.449650	1.654498	-5.500207	24.048314	-2.798398	112.411603	-7.291418	4.137775	4.826561	-97.018853	68.519582	-8.667441
1.070000	11.149739	-2.141886	-0.223364	0.566169	0.246812	-23.324730	1.112557	13.347520	-2.819474	0.613933	0.951886	-1.021647	0.171217	1.074794	0.050798	-0.432340	1.630505	-5.222771	23.957880	-2.596167	111.939526	-7.204993	3.660974	4.655907	-97.933951	67.790495	-8.765697
1.080000	11.457468	-2.232560	-0.215173	0.694519	0.176878	-23.218513	1.084901	13.204763	-2.818123	0.549896	1.248453	-1.064345	0.186762	1.116437	0.064504	-0.415733	1.612351	-4.912701	23.994247	-2.352921	111.609685	-7.338762	3.153708	4.850222	-98.672596	66.821377	-8.766349
1.090000	11.800607	-2.237984	-0.223671	0.827259	0.075177	-23.163285	1.070985	13.008156	-2.824711	0.475878	1.468576	-1.130605	0.179451	1.144687	0.067305	-0.407179	1.610067	-4.585052	24.195913	-2.121225	111.354661	-7.655517	2.636506	5.424136	-99.163878	65.636368	-8.720484
1.100000	12.153174	-2.149060	-0.236653	0.927752	-0.059362	-23.157258	1.059701	12.762862	-2.831176	0.400263	1.582314	-1.228594	0.151330	1.142409	0.053347	-0.411410	1.633156	-4.257580	24.582457	-1.914788	111.100996	-8.122242	2.106240	6.342120	-99.360672	64.261258	-8.675978
1.110000	12.496290	-1.969469	-0.252088	0.990285	-0.215828	-23.207102	1.038198	12.471815	-2.830896	0.328423	1.599231	-1.352503	0.109137	1.118116	0.035761	-0.431789	1.686594	-3.949570	25.146914	-1.755765	110.799873	-8.660950	1.576084	7.577493	-99.251819	62.723811	-8.647753
1.120000	12.791091	-1.748854	-0.233676	0.968102	-0.353483	-23.296172	1.043621	12.153864	-2.821864	0.263715	1.511745	-1.472977	0.074042	1.089437	0.000337	-0.469354	1.766656	-3.635046	25.816539	-1.572408	110.515022	-9.184222	1.099520	8.937992	-98.908648	61.146578	-8.569483
1.130000	12.993350	-1.524853	-0.191810	0.871958	-0.438719	-23.417667	1.055998	11.832176	-2.806024	0.207926	1.362945	-1.564413	0.034659	1.084538	-0.031842	-0.522744	1.864956	-3.346135	26.472260	-1.405909	110.301608	-9.580052	0.736878	10.232184	-98.431134	59.650335	-8.428430
1.140000	13.085599	-1.330996	-0.132870	0.687668	-0.468529	-23.567935	1.082488	11.527392	-2.786576	0.162933	1.184277	-1.626618	0.002918	1.105953	-0.076279	-0.590715	1.970475	-3.110165	26.995181	-1.257910	110.269439	-9.711653	0.615918	11.243124	-97.921443	58.422402	-8.218311
1.150000	13.055785	-1.181735	-0.075587	0.472229	-0.461978	-23.744494	1.112935	11.259009	-2.764413	0.132103	1.049873	-1.664705	-0.036013	1.157190	-0.105511	-0.670309	2.072679	-2.964417	27.300272	-1.159967	110.469371	-9.506808	0.812751	11.818797	-97.474435	57.654704	-8.018201
1.160000	12.893341	-1.079562	-0.035832	0.283482	-0.417098	-23.944415	1.154407	11.028558	-2.741190	0.121525	1.024774	-1.698311	-0.092987	1.209139	-0.155834	-0.755668	2.160948	-3.047229	27.295677	-1.143358	110.859096	-8.960181	1.244177	11.956522	-97.129172	57.457504	-7.908102
1.170000	12.735887	-1.033153	0.008836	0.223548	-0.382370	-24.164584	1.195136	10.846227	-2.716632	0.131400	1.158416	-1.719981	-0.135555	1.251564	-0.157132	-0.836316	2.226617	-3.231884	27.143652	-1.159869	111.473903	-8.222735	1.947496	11.783335	-96.917635	57.958210	-7.901272
1.180000	12.582958	-1.043675	0.060732	0.364674	-0.313406	-24.374051	1.265418	10.710786	-2.691890	0.166034	1.442912	-1.728779	-0.189793	1.290054	-0.179654	-0.899920	2.261993	-3.638855	26.868934	-1.250446	112.123829	-7.561824	2.572352	11.459661	-96.854264	59.038863	-8.080486
1.190000	12.606713	-1.121659	0.140867	0.664807	-0.260110	-24.587283	1.339774	10.605311	-2.668078	0.215985	1.797418	-1.712538	-0.196573	1.312191	-0.167731	-0.937890	2.266776	-4.106010	26.701370	-1.340416	112.780085	-7.166712	3.143705	11.205958	-96.882820	60.558942	-8.334039
1.200000	12.772425	-1.254288	0.231904	1.060583	-0.213263	-24.791183	1.408234	10.502748	-2.647175	0.273278	2.102985	-1.652510	-0.188134	1.339163	-0.158910	-0.951441	2.247554	-4.643381	26.688076	-1.481761	113.272145	-7.187941	3.451152	11.162456	-96.972227	62.204692	-8.663677
1.210000	13.080866	-1.416214	0.321072	1.423153	-0.184863	-24.999695	1.437651	10.373820	-2.631340	0.324777	2.239799	-1.562082	-0.142006	1.321051	-0.174964	-0.949260	2.216257	-5.176484	26.944012	-1.601624	113.539883	-7.638131	3.518529	11.364949	-96.998933	63.675418	-8.967604
1.220000	13.426101	-1.604459	0.393851	1.634015	-0.167619	-25.205728	1.438640	10.187494	-2.624763	0.359839	2.153657	-1.443933	-0.081779	1.308066	-0.165620	-0.944271	2.185016	-5.622058	27.346046	-1.713144	113.625714	-8.321250	3.432069	11.800653	-96.954614	64.753108	-9.174922
1.230000	13.704181	-1.798692	0.437095	1.670039	-0.127576	-25.390552	1.394487	9.952571	-2.628697	0.375170	1.884310	-1.329604	-0.014294	1.267873	-0.197416	-0.946975	2.159767	-5.943430	27.857040	-1.747983	113.590837	-9.074405	3.277169	12.263567	-96.838859	65.347704	-9.281639
1.240000	13.847646	-1.998469	0.438881	1.552667	-0.055011	-25.528749	1.338226	9.694992	-2.644580	0.372707	1.536695	-1.239050	0.033193	1.233166	-0.192527	-0.961214	2.140157	-6.094958	28.318896	-1.688496	113.536620	-9.696517	3.196801	12.641587	-96.729594	65.485199	-9.309059
1.250000	13.855817	-2.197540	0.400521	1.351680	0.035235	-25.606578	1.282684	9.460966	-2.669285	0.360148	1.228362	-1.185488	0.054582	1.199450	-0.184548	-0.985894	2.122466	-6.114266	28.668346	-1.554654	113.529807	-10.108637	3.262015	12.871289	-96.707019	65.328835	-9.331554
1.260000	13.751575	-2.387866	0.352709	1.157162	0.120853	-25.632992	1.239483	9.295634	-2.700765	0.346046	1.035640	-1.163730	0.048092	1.176654	-0.182285	-1.014201	2.101537	-6.093418	28.950374	-1.271589	113.510960	-10.345639	3.477233	12.925938	-96.832028	65.092018	-9.425994
1.270000	13.636167	-2.579296	0.249173	0.983603	0.175663	-25.639286	1.224746	9.215200	-2.729706	0.332627	0.954892	-1.162096	0.027305	1.153621	-0.132768	-1.038112	2.075611	-6.168089	29.044332	-1.081899	113.450986	-10.420839	3.790603	13.005842	-97.077861	64.910996	-9.644259
1.280000	13.566387	-2.756393	0.125343	0.867920	0.194861	-25.647776	1.204741	9.221750	-2.751305	0.321682	0.945587	-1.166576	0.009581	1.107979	-0.119314	-1.052364	2.045111	-6.367833	29.136240	-0.919970	113.293469	-10.426904	4.117669	13.160535	-97.397617	64.900057	-9.986049
1.290000	13.387760	-2.885553	-0.037705	0.859479	0.215112	-25.628174	1.193624	9.304847	-2.763939	0.315900	0.956457	-1.150906	-0.039114	1.087982	-0.074565	-1.053423	2.011285	-6.889225	29.215118	-0.921664	112.826478	-10.465647	4.012658	13.325534	-97.767761	64.839283	-10.614865
1.300000	13.329750	-2.966467	-0.212012	0.844459	0.168673	-25.579982	1.152999	9.444169	-2.771499	0.308875	0.938980	-1.161293	-0.026810	1.009336	-0.040065	-1.038812	1.976620	-7.410867	29.527532	-0.930494	112.309599	-10.462438	3.785676	13.680785	-98.110369	64.632842	-11.287749
1.310000	13.380439	-2.987713	-0.400017	0.869676	0.113281	-25.436072	1.091679	9.637945	-2.788529	0.306203	0.870003	-1.201250	-0.041691	0.949288	-0.004454	-1.008959	1.938704	-7.744901	30.092507	-0.931225	111.734980	-10.468156	3.458342	14.202973	-98.472556	64.059050	-11.975018
1.320000	13.443726	-2.950117	-0.583216	0.938622	0.072841	-25.148332	1.086014	9.904754	-2.820934	0.319674	0.806712	-1.265572	-0.074078	0.898426	0.025467	-0.967413	1.899317	-7.868011	30.818093	-0.902464	111.178377	-10.483340	2.942004	14.787655	-98.906010	63.005345	-12.658067
1.330000	13.481935	-2.876994	-0.774113	1.067135	0.047793	-24.734737	1.121158	10.241090	-2.866232	0.351082	0.798787	-1.336152	-0.101669	0.865309	0.053376	-0.913628	1.860257	-7.829416	31.594266	-0.886020	110.700130	-10.486393	2.214557	15.393286	-99.404159	61.478314	-13.347805
1.340000	13.480117	-2.795466	-0.977197	1.227252	0.023945	-24.262201	1.218416	10.620571	-2.909903	0.393865	0.846776	-1.363541	-0.120440	0.864295	0.073462	-0.847828	1.825251	-7.707671	32.313048	-0.921946	110.329449	-10.447547	1.278085	15.938087	-99.910811	59.662579	-14.057547
1.350000	13.418221	-2.729533	-1.196302	1.417193	0.009616	-23.795974	1.336609	11.014267	-2.936267	0.441438	0.928279	-1.331825	-0.131492	0.880661	0.067720	-0.770876	1.798265	-7.610256	32.894885	-1.051620	110.079548	-10.351819	0.123014	16.388101	-100.354519	57.777035	-14.822816
1.360000	13.321431	-2.678375	-1.414131	1.580399	-0.035458	-23.386208	1.484444	11.387588	-2.932487	0.486246	0.993810	-1.218954	-0.131861	0.945503	0.098955	-0.689245	1.784450	-7.505342	33.341940	-1.300935	109.982300	-10.171894	-1.131593	16.677515	-100.683680	56.100802	-15.624179
1.370000	13.164456	-2.652981	-1.612034	1.687616	-0.087789	-23.035398	1.557504	11.715136	-2.898934	0.527833	1.035719	-1.096037	-0.117662	1.024546	0.064750	-0.613021	1.782370	-7.507603	33.614719	-1.615399	109.970319	-9.898913	-2.420470	16.787179	-100.878158	54.741897	-16.441084
1.380000	12.964002	-2.638552	-1.765406	1.644699	-0.190321	-22.736687	1.586166	11.966937	-2.845270	0.560390	1.031484	-0.963510	-0.103911	1.156674	0.099960	-0.558406	1.787524	-7.574371	33.718332	-1.933009	109.974495	-9.491527	-3.508654	16.653828	-100.954136	53.763972	-17.167388
1.390000	12.732472	-2.633449	-1.852882	1.439025	-0.327897	-22.455854	1.525604	12.128295	-2.783584	0.584150	1.010853	-0.860204	-0.075917	1.297361	0.097391	-0.539150	1.793098	-7.719839	33.639289	-2.173297	109.961718	-8.945657	-4.227965	16.333757	-100.965348	53.145424	-17.724069
1.400000	12.448125	-2.628044	-1.865811	1.106109	-0.471846	-22.186955	1.403854	12.190343	-2.726710	0.596991	1.003602	-0.775778	-0.056437	1.436361	0.118462	-0.565302	1.790510	-7.993980	33.332778	-2.257461	109.815574	-8.292818	-4.510284	15.843898	-100.948253	52.777639	-18.053189
1.410000	12.140944	-2.626929	-1.777845	0.684152	-0.625181	-21.931108	1.271595	12.144849	-2.683169	0.599707	1.030982	-0.704108	-0.031436	1.572886	0.160579	-0.641220	1.776906	-8.380658	32.780378	-2.174791	109.501094	-7.579210	-4.321934	15.341132	-100.959662	52.571936	-18.082943
1.420000	11.839736	-2.608223	-1.599722	0.308417	-0.733623	-21.723552	1.098017	12.011291	-2.657103	0.593016	1.121256	-0.649126	-0.007472	1.633817	0.157515	-0.761223	1.749392	-8.998156	32.061726	-1.914261	108.913118	-6.946758	-3.822030	14.939666	-100.966081	52.424929	-17.843718
1.430000	11.617384	-2.568207	-1.320684	0.014599	-0.786475	-21.602659	0.986155	11.797339	-2.650600	0.576768	1.254214	-0.608242	0.019221	1.657631	0.193439	-0.913763	1.712530	-9.842329	31.220891	-1.556813	108.061981	-6.475446	-3.114247	14.845280	-100.951579	52.319303	-17.313669
1.440000	11.556880	-2.502854	-0.950354	-0.129549	-0.721398	-21.609053	0.938726	11.531895	-2.655976	0.554741	1.441916	-0.600354	0.054072	1.614207	0.165167	-1.075237	1.674057	-10.953623	30.416266	-1.219745	107.063860	-6.270343	-2.384046	15.169317	-100.887743	52.391513	-16.585980
1.450000	11.741729	-2.396887	-0.516472	-0.129079	-0.495752	-21.805070	1.010390	11.248387	-2.659645	0.530057	1.679720	-0.626190	0.078133	1.554502	0.115299	-1.216407	1.643193	-12.299599	29.816948	-1.020722	106.112677	-6.323719	-1.755431	15.778444	-100.744495	52.933596	-15.791383
1.460000	12.176639	-2.319726	-0.029700	0.013788	-0.065935	-22.203308	1.217074	10.972121	-2.642770	0.516189	2.018932	-0.712275	0.101577	1.468703	0.012264	-1.305627	1.633874	-13.849914	29.339924	-1.127754	105.488062	-6.566213	-1.383627	16.788506	-100.566244	54.226273	-15.071161
1.470000	12.888913	-2.197137	0.460469	0.259709	0.481008	-22.797655	1.466972	10.777093	-2.598108	0.515411	2.401225	-0.812013	0.085410	1.417096	-0.111150	-1.328852	1.647530	-15.419902	29.245034	-1.516672	105.284107	-6.904501	-1.316380	17.862224	-100.359938	56.423722	-14.519252
1.480000	13.749491	-2.038189	0.931332	0.555971	1.039273	-23.465065	1.703671	10.733670	-2.528786	0.537352	2.763379	-0.931748	0.056948	1.383878	-0.220900	-1.286046	1.682484	-16.832145	29.326877	-2.171898	105.510020	-7.170340	-1.565005	19.045818	-100.224808	59.292474	-14.135413
1.490000	14.580530	-1.773574	1.335514	0.849731	1.452070	-24.019038	1.794027	10.925519	-2.460412	0.581224	2.950212	-1.056162	-0.000260	1.397401	-0.281751	-1.201406	1.719369	-17.870365	29.593374	-2.925375	105.956349	-7.223570	-1.992278	20.056322	-100.261545	62.274715	-13.845596
1.500000	15.223044	-1.380384	1.635451	1.103015	1.604392	-24.272516	1.776680	11.361647	-2.420969	0.649213	2.863534	-1.170695	-0.064135	1.399925	-0.239270	-1.107205	1.743159	-18.410498	29.922985	-3.731260	106.310758	-7.045615	-2.395192	20.975042	-100.532439	64.740591	-13.528615
1.510000	15.520663	-0.864339	1.780730	1.373582	1.518042	-24.121301	1.596909	12.055282	-2.429316	0.740092	2.495091	-1.277249	-0.127774	1.338425	-0.198401	-1.031053	1.733401	-18.607571	30.286559	-4.520156	106.266814	-6.738342	-2.708977	21.744824	-100.995487	66.240437	-13.299009
1.520000	15.461549	-0.291526	1.802182	1.591157	1.237808	-23.574419	1.542690	12.920329	-2.485424	0.847155	1.916796	-1.280979	-0.159487	1.227923	-0.041030	-0.991139	1.688583	-18.576401	30.501927	-5.351334	105.543494	-6.392474	-2.770423	22.601425	-101.612332	66.855741	-13.025887
1.530000	15.067924	0.224234	1.724271	1.813940	0.926343	-22.724884	1.485880	13.906212	-2.570384	0.963217	1.297655	-1.196389	-0.148398	1.077907	0.002898	-0.979477	1.609863	-18.600004	30.582629	-6.208580	104.049128	-6.168056	-2.659223	23.453134	-102.308008	66.983221	-12.825828
1.540000	14.391176	0.521688	1.583846	1.971705	0.676940	-21.734793	1.511621	14.878608	-2.663936	1.076250	0.760668	-1.085337	-0.095223	0.947579	0.049714	-0.977743	1.511082	-18.836321	30.470001	-7.024675	101.813114	-6.122702	-2.458604	24.233087	-103.021547	66.990481	-12.635611
1.550000	13.604813	0.447791	1.373991	2.028525	0.514555	-20.792790	1.475666	15.678778	-2.749864	1.173027	0.414946	-1.169881	-0.010717	0.846003	-0.046672	-0.962759	1.409966	-19.321829	30.417889	-7.649210	99.314395	-6.177114	-2.243171	24.689395	-103.710097	66.978800	-12.432944
1.560000	12.739489	-0.171603	1.064836	1.922077	0.425947	-20.070363	1.389260	16.128872	-2.824317	1.245056	0.345559	-1.612676	0.060457	0.829241	-0.232959	-0.905468	1.328594	-20.060297	30.501789	-7.863186	97.199142	-6.210268	-2.270766	24.700211	-104.380354	66.618794	-12.355428
1.570000	12.023516	-1.281707	0.591930	1.695188	0.308639	-19.679962	1.183929	16.126275	-2.891437	1.282513	0.530150	-2.386330	0.070018	0.793397	-0.449074	-0.802007	1.279407	-20.871782	31.081976	-7.646211	96.160644	-6.054316	-2.590257	24.252771	-104.969832	65.531860	-12.444464
1.580000	11.469738	-2.749909	-0.030714	1.391069	0.131913	-19.627331	0.966493	15.630566	-2.954199	1.287656	0.889544	-3.279657	0.045275	0.803118	-0.658553	-0.653614	1.264578	-21.655725	32.099493	-7.027047	96.444100	-5.732237	-3.361849	23.578232	-105.423599	63.474101	-12.775395
1.590000	11.134741	-4.256963	-0.747045	1.067868	-0.097069	-19.836199	0.780853	14.719069	-3.010124	1.263559	1.285353	-3.866438	-0.005359	0.838466	-0.733197	-0.484066	1.268942	-22.270822	33.481783	-6.197272	97.672337	-5.348396	-4.471252	22.825420	-105.640492	60.615005	-13.256393
1.600000	10.932555	-5.590037	-1.448184	0.781588	-0.293854	-20.186670	0.676306	13.528830	-3.048385	1.225828	1.621948	-3.954068	-0.010677	0.899084	-0.738089	-0.314128	1.279949	-22.751464	34.831908	-5.348500	99.263442	-5.038007	-5.835824	22.264867	-105.577049	57.299785	-13.855604
1.610000	10.940783	-6.498588	-2.040242	0.534038	-0.461432	-20.600211	0.682961	12.245315	-3.062732	1.181298	1.788888	-3.481122	0.005031	0.975081	-0.604989	-0.175029	1.289581	-23.004672	36.082764	-4.575684	100.612405	-4.814671	-7.130880	21.788159	-105.211481	54.011428	-14.426935
1.620000	11.009331	-7.049960	-2.453006	0.383972	-0.495789	-20.998888	0.749802	11.010571	-3.042459	1.151023	1.859223	-2.746621	0.058642	1.047170	-0.505362	-0.067604	1.306872	-23.225555	36.825408	-3.956050	101.559323	-4.683742	-8.371036	21.643376	-104.615897	50.985906	-15.137359
1.630000	11.195881	-7.204268	-2.681679	0.294940	-0.449539	-21.380277	0.867241	9.915175	-2.989781	1.134509	1.832583	-1.917908	0.079840	1.127858	-0.332032	0.001523	1.336113	-23.378553	37.291608	-3.465467	102.084088	-4.567048	-9.384430	21.579662	-103.837994	48.453677	-15.953548
1.640000	11.471680	-7.049372	-2.742558	0.263619	-0.325891	-21.720102	0.984648	8.995781	-2.904866	1.137227	1.760915	-1.211337	0.097923	1.219931	-0.233917	0.043220	1.383419	-23.526937	37.508935	-3.136817	102.415252	-4.424616	-10.200638	21.599706	-102.964380	46.479535	-16.975870
1.650000	11.791770	-6.668882	-2.667068	0.280873	-0.157955	-22.001788	1.092227	8.256460	-2.797983	1.156534	1.676666	-0.675455	0.089976	1.316930	-0.124033	0.065042	1.446319	-23.673391	37.531889	-2.957172	102.677822	-4.228515	-10.858088	21.645030	-102.095416	45.053422	-18.174689
1.660000	12.199455	-6.113700	-2.489796	0.307981	-0.018983	-22.210220	1.180407	7.690418	-2.681441	1.185980	1.568777	-0.325966	0.070144	1.397350	-0.063276	0.070707	1.516864	-23.761607	37.512702	-2.928285	103.000528	-3.951209	-11.311616	21.599617	-101.327178	44.211790	-19.427249
1.670000	12.623494	-5.528131	-2.229292	0.305408	0.088746	-22.324303	1.234545	7.275725	-2.568887	1.220765	1.452526	-0.161489	0.051424	1.497010	-0.043278	0.069253	1.584175	-23.848003	37.338658	-2.997104	103.395367	-3.591797	-11.580700	21.445833	-100.804827	43.917739	-20.670082
1.680000	13.089708	-4.975423	-1.919371	0.215565	0.131379	-22.337649	1.244293	6.990378	-2.474513	1.252737	1.317593	-0.115478	0.022600	1.574477	-0.036616	0.063173	1.636230	-23.916183	37.094788	-3.121332	103.847426	-3.128265	-11.590385	21.059868	-100.624368	44.156662	-21.780744
1.690000	13.584584	-4.515775	-1.579998	0.042578	0.121173	-22.236053	1.194470	6.816928	-2.410358	1.278709	1.169601	-0.154170	0.004824	1.612894	-0.054011	0.056691	1.664853	-23.976558	36.742712	-3.243795	104.318601	-2.560938	-11.350855	20.509649	-100.859106	44.796699	-22.693915
1.700000	14.082341	-4.132214	-1.229277	-0.153849	0.073791	-22.012826	1.096482	6.750269	-2.389798	1.296924	1.021407	-0.233097	-0.006408	1.576802	-0.062361	0.049634	1.665559	-23.993646	36.282388	-3.318644	104.735908	-1.883521	-10.924530	19.920736	-101.504722	45.600030	-23.291353
1.710000	14.537544	-3.778694	-0.870904	-0.284906	0.003601	-21.656772	0.981584	6.798274	-2.423922	1.308655	0.886185	-0.343456	0.001515	1.445601	-0.060836	0.039785	1.638733	-23.903855	35.700724	-3.321413	105.050898	-1.105967	-10.388050	19.510196	-102.492884	46.286926	-23.421481
1.720000	14.884312	-3.365518	-0.522900	-0.248089	-0.088281	-21.199625	0.889731	6.964426	-2.518547	1.315061	0.793641	-0.462352	0.013909	1.255403	-0.050760	0.024824	1.588499	-23.666687	35.048366	-3.269607	105.176765	-0.300675	-9.859798	19.486122	-103.665045	46.619788	-22.987466
1.730000	15.069612	-2.845874	-0.195893	0.009408	-0.192012	-20.683402	0.875699	7.242413	-2.667292	1.318832	0.775456	-0.578283	0.036526	1.039836	-0.014825	0.004470	1.523434	-23.266004	34.370959	-3.193349	105.103335	0.428527	-9.394499	20.019529	-104.833451	46.520269	-21.972252
1.740000	15.071869	-2.215087	0.084624	0.496038	-0.276414	-20.181734	0.976657	7.603756	-2.848831	1.322271	0.862997	-0.669953	0.057956	0.869834	0.028023	-0.015169	1.454041	-22.768990	33.760304	-3.145741	104.874676	0.928015	-9.031323	21.154355	-105.795667	46.134724	-20.542312
1.750000	14.952165	-1.514713	0.286683	1.127823	-0.303886	-19.782592	1.177538	8.003599	-3.033479	1.326321	1.037187	-0.722890	0.075651	0.790325	0.077438	-0.023868	1.389575	-22.323598	33.355089	-3.170506	104.528654	1.089990	-8.760894	22.748382	-106.354514	45.718391	-19.001093
1.760000	14.761524	-0.845572	0.397486	1.789553	-0.228592	-19.551424	1.461684	8.390079	-3.189088	1.332202	1.262978	-0.716560	0.103646	0.837119	0.140665	-0.007722	1.339069	-22.123745	33.204035	-3.295780	104.092848	0.851180	-8.583662	24.614518	-106.398833	45.555121	-17.757379
1.770000	14.600263	-0.268822	0.402415	2.296650	-0.016942	-19.519517	1.747952	8.753786	-3.300146	1.334946	1.426918	-0.633700	0.130613	0.993376	0.171935	0.040052	1.298223	-22.326290	33.386605	-3.528387	103.586796	0.356901	-8.408605	26.245916	-105.893049	45.863195	-17.112542
1.780000	14.448416	0.152310	0.321372	2.569309	0.331248	-19.656621	1.996810	9.110658	-3.365467	1.331603	1.478903	-0.456678	0.165314	1.213915	0.214904	0.119891	1.261927	-22.993919	33.727667	-3.871182	102.980304	-0.193886	-8.226815	27.352641	-104.938245	46.661036	-17.240509
1.790000	14.269664	0.433004	0.176296	2.625049	0.759900	-19.879986	2.145781	9.507524	-3.401431	1.319291	1.406472	-0.212868	0.196002	1.396951	0.238677	0.220600	1.219167	-24.067579	34.061985	-4.323724	102.211028	-0.570272	-8.101398	27.780415	-103.697196	47.762735	-18.033385
1.800000	14.046807	0.578706	0.025354	2.487320	1.148664	-20.111073	2.197580	9.943619	-3.422825	1.296904	1.231982	0.011664	0.222100	1.520526	0.251880	0.323674	1.167381	-25.333811	34.235835	-4.759666	101.230252	-0.664829	-8.032357	27.496421	-102.390602	48.974414	-19.179873
1.810000	13.650141	0.590114	-0.168678	2.238775	1.407797	-20.300101	2.127443	10.373309	-3.437899	1.264887	1.090141	0.102264	0.202258	1.610418	0.240437	0.419259	1.110694	-26.781028	34.032811	-5.258682	100.005287	-0.400250	-8.261169	26.702647	-101.169938	49.919687	-20.517256
1.820000	13.194473	0.416031	-0.345810	1.835576	1.380947	-20.440798	1.941987	10.660211	-3.432749	1.228577	1.027759	-0.050575	0.147765	1.625760	0.194471	0.492952	1.073872	-28.100058	33.694596	-5.513275	98.750925	0.074875	-8.714412	25.562472	-100.241062	50.523305	-21.726858
1.830000	12.649717	0.013450	-0.569706	1.322659	1.067630	-20.541426	1.640784	10.671707	-3.391800	1.194557	1.145899	-0.502535	0.019299	1.652405	0.121319	0.549525	1.076873	-29.307788	33.288161	-5.611632	97.662476	0.625842	-9.559639	24.436833	-99.699783	50.544173	-22.863954
1.840000	12.143704	-0.616588	-0.808011	0.697568	0.488537	-20.617364	1.269200	10.310320	-3.300721	1.169670	1.415536	-1.179655	-0.131433	1.658674	0.030282	0.585729	1.131710	-30.294855	33.086402	-5.417851	96.957716	1.091277	-10.717691	23.472165	-99.629062	49.963023	-23.854863
1.850000	11.754014	-1.371135	-1.068112	0.075875	-0.199176	-20.649984	0.889419	9.600413	-3.166238	1.155905	1.729944	-1.855415	-0.247810	1.672531	-0.041268	0.596638	1.224311	-31.052881	33.143923	-5.059152	96.587437	1.339168	-12.147156	22.785501	-99.979591	48.778877	-24.729539
1.860000	11.619982	-2.111343	-1.293838	-0.458436	-0.809557	-20.601435	0.576431	8.652722	-3.012462	1.150971	1.934215	-2.305195	-0.296127	1.643796	-0.075376	0.570197	1.329530	-31.500851	33.400327	-4.601959	96.399468	1.301989	-13.625979	22.390944	-100.649849	47.174191	-25.351470
1.870000	11.736602	-2.719196	-1.442979	-0.815926	-1.153057	-20.458445	0.374939	7.639036	-2.869909	1.148246	1.965145	-2.434905	-0.287281	1.590350	-0.094382	0.510070	1.420910	-31.745776	33.629646	-4.180003	96.206421	0.990562	-15.030228	22.253231	-101.507011	45.393965	-25.722429
1.880000	12.164328	-3.130246	-1.448336	-0.990547	-1.203521	-20.240763	0.319817	6.704945	-2.764619	1.143597	1.823351	-2.278735	-0.224985	1.467345	-0.081613	0.423532	1.485506	-31.793581	33.720429	-3.786232	95.968580	0.481825	-16.104813	22.372201	-102.451077	43.738800	-25.721099
1.890000	12.874004	-3.347042	-1.308066	-0.953506	-1.013785	-20.011144	0.392215	5.939713	-2.706393	1.137043	1.620940	-1.961525	-0.136746	1.310263	-0.082388	0.330345	1.525033	-31.752342	33.626329	-3.491387	95.740941	-0.186356	-16.769531	22.875009	-103.401339	42.486173	-25.404735
1.900000	13.791418	-3.402320	-1.047661	-0.725955	-0.694012	-19.853199	0.556533	5.373101	-2.694543	1.129316	1.457562	-1.600041	-0.046246	1.166996	-0.092429	0.248170	1.546503	-31.751021	33.416126	-3.298340	95.562324	-0.957542	-17.050440	23.773651	-104.284081	41.804695	-24.861718
1.910000	14.919435	-3.358955	-0.668327	-0.376550	-0.366331	-19.825500	0.782870	4.983200	-2.718775	1.123875	1.362785	-1.292830	0.048183	1.026351	-0.104513	0.184756	1.562130	-31.767051	33.239926	-3.121476	95.501232	-1.825263	-16.838911	25.052824	-105.062512	41.856261	-24.068629
1.920000	16.079578	-3.244971	-0.253013	0.070898	-0.068496	-19.945905	0.989555	4.747244	-2.769861	1.120911	1.355899	-1.099732	0.105252	0.964090	-0.145085	0.148833	1.578992	-31.920093	33.149352	-3.018034	95.525444	-2.747248	-16.326095	26.573983	-105.673635	42.482463	-23.204084
1.930000	17.206879	-3.088539	0.172047	0.523606	0.147548	-20.189429	1.176721	4.629593	-2.837153	1.120848	1.390620	-1.036272	0.146136	0.913059	-0.153592	0.134667	1.604273	-32.119439	33.210827	-2.899541	95.671928	-3.640492	-15.496887	28.202108	-106.093910	43.528238	-22.235142
1.940000	18.191597	-2.894345	0.548785	0.929730	0.294718	-20.495141	1.301291	4.607558	-2.913618	1.122251	1.427100	-1.102339	0.154842	0.903303	-0.175565	0.138420	1.639623	-32.318751	33.438997	-2.784569	95.945263	-4.438401	-14.461569	29.780044	-106.314290	44.712120	-21.241207
1.950000	18.955013	-2.686967	0.848994	1.204748	0.385406	-20.786636	1.400467	4.655357	-2.994812	1.124514	1.434185	-1.247003	0.136542	0.938883	-0.149569	0.152767	1.683009	-32.410190	33.764411	-2.672252	96.405047	-5.008561	-13.246086	31.149996	-106.383428	45.836332	-20.231703
1.960000	19.440639	-2.480764	1.033288	1.345886	0.459126	-21.006487	1.437354	4.769626	-3.073545	1.126832	1.394006	-1.423877	0.091169	0.997934	-0.152230	0.171732	1.726775	-32.363352	34.160768	-2.561969	97.154090	-5.240285	-11.885192	32.077231	-106.349489	46.784601	-19.297225
1.970000	19.586055	-2.303938	1.082021	1.388682	0.510127	-21.110551	1.482026	4.916810	-3.141616	1.132974	1.326894	-1.550883	0.015118	1.068074	-0.065826	0.191037	1.769440	-32.106980	34.496575	-2.516915	98.237944	-5.097060	-10.441739	32.667365	-106.278196	47.490031	-18.501002
1.980000	19.390864	-2.149727	0.978803	1.420242	0.539076	-21.098044	1.492123	5.085137	-3.185593	1.146344	1.247253	-1.614148	-0.073521	1.115940	-0.020286	0.208261	1.807076	-31.681048	34.843896	-2.541934	99.676421	-4.643952	-9.029217	32.924764	-106.181189	47.978139	-17.983288
1.990000	18.875998	-2.023907	0.736416	1.457266	0.520614	-21.002088	1.514620	5.239919	-3.195358	1.169206	1.158060	-1.591074	-0.169407	1.170352	0.085631	0.223092	1.840485	-31.149059	35.201477	-2.640275	101.308787	-3.996197	-7.754433	32.927615	-106.045774	48.257723	-17.860914
2.000000	18.141676	-1.935672	0.396354	1.512410	0.443472	-20.857729	1.517356	5.358899	-3.162345	1.203667	1.070806	-1.514886	-0.243767	1.208637	0.162224	0.236507	1.873372	-30.609665	35.657619	-2.786235	102.950773	-3.328712	-6.728464	32.778634	-105.851743	48.332396	-18.229313
2.010000	17.297221	-1.879380	0.000063	1.548139	0.318323	-20.711999	1.507750	5.422609	-3.087522	1.247946	0.969481	-1.398182	-0.308467	1.241468	0.241115	0.248452	1.908217	-30.186045	36.258513	-2.960583	104.318932	-2.782913	-6.047759	32.508631	-105.538729	48.155075	-19.087695
2.020000	16.455785	-1.899210	-0.363300	1.516251	0.180316	-20.580243	1.498288	5.431183	-2.978704	1.298375	0.873692	-1.279135	-0.311718	1.274010	0.278482	0.258061	1.945974	-29.910844	36.889079	-3.081394	105.318063	-2.372991	-5.702589	32.143784	-105.190399	47.772561	-20.276962
2.030000	15.693773	-2.013159	-0.643061	1.384065	0.093373	-20.472903	1.491508	5.397797	-2.851431	1.347342	0.787289	-1.146791	-0.282755	1.290912	0.272428	0.264988	1.982679	-29.798838	37.394542	-3.128582	105.896884	-2.028474	-5.655669	31.617803	-104.899782	47.281672	-21.519791
2.040000	15.054374	-2.241384	-0.786658	1.162362	0.099205	-20.386066	1.496387	5.347836	-2.725163	1.388328	0.722801	-1.006040	-0.191611	1.262942	0.209906	0.269663	2.011530	-29.768090	37.533327	-3.073590	106.176960	-1.586004	-5.831181	30.921901	-104.838744	46.858916	-22.432823
2.050000	14.547460	-2.551965	-0.801611	0.903130	0.210685	-20.311883	1.494639	5.307291	-2.619475	1.414943	0.677011	-0.859676	-0.076139	1.204624	0.115192	0.275264	2.024420	-29.729038	37.198657	-2.980363	106.294298	-0.947182	-6.142765	30.037905	-105.113071	46.631786	-22.769025
2.060000	14.177474	-2.876484	-0.711311	0.623541	0.387552	-20.238472	1.491737	5.297521	-2.550719	1.424394	0.620134	-0.718560	0.045909	1.124134	0.014021	0.284063	2.015914	-29.582135	36.421994	-2.907941	106.393415	-0.051652	-6.493026	28.958542	-105.750990	46.687630	-22.385018
2.070000	13.936231	-3.133197	-0.577049	0.367589	0.568800	-20.147972	1.441551	5.333569	-2.527365	1.418839	0.560530	-0.620196	0.132375	1.066339	-0.066784	0.297052	1.986522	-29.311091	35.355133	-2.958437	106.573275	1.018163	-6.755256	27.737871	-106.656638	46.960178	-21.479741
2.080000	13.822086	-3.254769	-0.431674	0.137305	0.689697	-20.024097	1.359669	5.422129	-2.551979	1.403568	0.498736	-0.574934	0.174451	1.019218	-0.102205	0.312002	1.941934	-28.907653	34.226374	-3.125874	106.901863	2.155337	-6.841601	26.488705	-107.705390	47.379662	-20.290334
2.090000	13.832318	-3.216174	-0.307357	-0.007655	0.729102	-19.853113	1.243147	5.565141	-2.621248	1.385791	0.461838	-0.589445	0.170813	0.971505	-0.103860	0.329179	1.891922	-28.405522	33.264752	-3.412301	107.418466	3.178617	-6.723450	25.478592	-108.754402	47.855669	-19.131439
2.100000	13.925774	-3.047447	-0.208592	-0.039464	0.702978	-19.639360	1.157887	5.754141	-2.726250	1.368729	0.469483	-0.648261	0.147583	0.919245	-0.081307	0.349055	1.844395	-27.847479	32.569669	-3.749972	108.136332	4.007013	-6.443852	24.897912	-109.707588	48.374838	-18.130448
2.110000	14.037995	-2.823834	-0.130435	0.079395	0.646784	-19.403361	1.110627	5.984013	-2.851223	1.350540	0.541605	-0.727008	0.129520	0.882648	-0.056775	0.375972	1.804803	-27.266490	32.197956	-4.026342	109.062776	4.581241	-6.078835	24.813830	-110.550651	49.003945	-17.353997
2.120000	14.092956	-2.610332	-0.093920	0.315402	0.580721	-19.185269	1.146333	6.227120	-2.976183	1.328022	0.681640	-0.799339	0.103560	0.866636	-0.016157	0.412550	1.775230	-26.730909	32.093356	-4.235898	110.089052	4.924511	-5.727131	25.182325	-111.217234	49.762943	-16.736358
2.130000	14.040565	-2.468014	-0.100617	0.650103	0.502636	-19.027749	1.220618	6.463494	-3.080909	1.300636	0.894258	-0.861044	0.083303	0.885390	0.019838	0.461901	1.756698	-26.283194	32.238309	-4.327778	111.145252	5.029860	-5.472903	25.898666	-111.698976	50.709388	-16.274575
2.140000	13.872774	-2.421689	-0.160868	1.033900	0.398972	-18.966002	1.329470	6.669294	-3.152804	1.271782	1.168698	-0.905969	0.047632	0.940278	0.077050	0.524357	1.747614	-25.974163	32.611029	-4.335229	112.138134	4.879665	-5.351927	26.868422	-111.959910	51.887731	-15.977908
2.150000	13.628695	-2.488576	-0.257340	1.413946	0.265832	-19.010974	1.454566	6.831787	-3.187265	1.247315	1.479861	-0.945751	0.011301	1.030942	0.125797	0.599407	1.745572	-25.836583	33.193551	-4.271610	113.034520	4.436116	-5.339863	28.002978	-111.993197	53.392151	-15.863575
2.160000	13.353727	-2.681356	-0.374672	1.784996	0.116796	-19.171050	1.555654	6.949031	-3.186796	1.230843	1.821576	-0.988834	-0.024292	1.167996	0.171982	0.684118	1.745328	-25.920400	33.931927	-4.174264	113.835365	3.682493	-5.374549	29.214425	-111.826006	55.296448	-15.974384
2.170000	13.104300	-3.001823	-0.474407	2.067639	-0.036285	-19.424289	1.653686	7.014986	-3.159113	1.222907	2.152385	-1.035471	-0.045376	1.336298	0.205074	0.773427	1.741872	-26.230699	34.756185	-4.009881	114.500964	2.629389	-5.360889	30.360388	-111.493152	57.637963	-16.226834
2.180000	12.910194	-3.441288	-0.548131	2.269252	-0.167254	-19.746600	1.693658	7.037165	-3.113669	1.220783	2.465118	-1.090288	-0.055344	1.533004	0.219267	0.861208	1.729077	-26.764854	35.565091	-3.807866	115.052006	1.341204	-5.219981	31.323799	-111.068174	60.331205	-16.596066
2.190000	12.772782	-3.959094	-0.594492	2.357318	-0.259186	-20.082384	1.696378	7.023275	-3.061809	1.219923	2.722600	-1.146792	-0.050367	1.725318	0.231554	0.938786	1.701422	-27.448038	36.249593	-3.573770	115.538621	-0.046468	-4.894469	31.976860	-110.632351	63.175017	-17.005458
2.200000	12.672474	-4.489265	-0.625270	2.326095	-0.297691	-20.364057	1.650213	6.982155	-3.014189	1.216893	2.882105	-1.197875	-0.041442	1.875464	0.229778	0.998411	1.657488	-28.180706	36.730360	-3.327807	115.992790	-1.391868	-4.423285	32.265747	-110.252273	65.839407	-17.418390
2.210000	12.589107	-4.958164	-0.665901	2.211042	-0.288825	-20.539112	1.547944	6.928595	-2.978167	1.208430	2.929069	-1.254969	-0.027617	1.953416	0.242000	1.031251	1.597741	-28.838190	36.962380	-3.138787	116.476250	-2.506818	-3.852850	32.219191	-109.967539	67.952348	-17.821003
2.220000	12.507902	-5.286541	-0.712804	1.983620	-0.240459	-20.585107	1.445075	6.856048	-2.954320	1.195131	2.819621	-1.299283	-0.020430	1.930662	0.224358	1.034457	1.530810	-29.365375	36.948824	-2.990783	116.916579	-3.297116	-3.326602	31.910323	-109.742269	69.255647	-18.200131
2.230000	12.447907	-5.424983	-0.774349	1.699434	-0.167123	-20.535065	1.342671	6.762461	-2.935501	1.179957	2.582262	-1.316906	-0.010783	1.817714	0.216131	1.009238	1.468256	-29.731913	36.728567	-2.964802	117.266196	-3.694576	-2.918406	31.517203	-109.502935	69.673128	-18.597882
2.240000	12.445449	-5.342379	-0.831008	1.378585	-0.066585	-20.462438	1.294729	6.632430	-2.905480	1.169859	2.248716	-1.281878	-0.002029	1.621251	0.172221	0.962993	1.426902	-29.989766	36.374762	-3.067393	117.450285	-3.728833	-2.707700	31.224230	-109.138539	69.417447	-19.045331
2.250000	12.535011	-5.054150	-0.852741	1.064595	0.066415	-20.449117	1.269747	6.465001	-2.851506	1.170247	1.863672	-1.204326	0.008092	1.416519	0.106341	0.905517	1.417832	-30.214968	35.999144	-3.246618	117.393887	-3.470302	-2.725454	31.061487	-108.594695	68.771379	-19.595858
2.260000	12.746863	-4.619876	-0.808315	0.758932	0.224686	-20.536929	1.283336	6.258167	-2.766447	1.185188	1.483852	-1.109429	0.026297	1.237374	0.036427	0.846476	1.447548	-30.451250	35.641721	-3.457904	117.063296	-3.002497	-2.941768	31.051860	-107.884714	68.001768	-20.242408
2.270000	13.077518	-4.108636	-0.681938	0.503552	0.403427	-20.721518	1.246537	6.053676	-2.657641	1.209985	1.176708	-1.053926	0.042840	1.124604	-0.053118	0.790133	1.505794	-30.710550	35.356712	-3.532735	116.478610	-2.382058	-3.301066	31.024487	-107.133284	67.223793	-20.942034
2.280000	13.508627	-3.589712	-0.489801	0.276104	0.573185	-20.960974	1.197495	5.880489	-2.539730	1.235629	0.986004	-1.064860	0.056967	1.077500	-0.107875	0.738528	1.577805	-30.968954	35.073871	-3.424665	115.674511	-1.656526	-3.692427	30.935651	-106.461328	66.415966	-21.591835
2.290000	14.029922	-3.100430	-0.268421	0.093883	0.710998	-21.215720	1.102633	5.773710	-2.429266	1.250664	0.942485	-1.147341	0.062344	1.080516	-0.156161	0.692436	1.645775	-31.225465	34.785193	-3.105028	114.713216	-0.882441	-4.016822	30.751759	-105.952200	65.493979	-22.115076
2.300000	14.612403	-2.653380	-0.061906	-0.028116	0.810156	-21.466088	1.017191	5.744879	-2.335418	1.246461	1.035986	-1.261129	0.062515	1.115017	-0.157597	0.652858	1.699338	-31.472791	34.451483	-2.647129	113.690910	-0.102172	-4.185050	30.540533	-105.619025	64.420947	-22.457160
2.310000	15.216703	-2.223158	0.084629	-0.094949	0.895020	-21.706246	0.961975	5.803932	-2.259499	1.219367	1.206194	-1.360395	0.046765	1.144089	-0.164372	0.624167	1.735838	-31.767303	34.077180	-2.153587	112.710196	0.669901	-4.214806	30.303293	-105.362678	63.216850	-22.622989
2.320000	15.779480	-1.797352	0.164720	-0.082120	0.984427	-21.930732	0.958804	5.938480	-2.196234	1.170523	1.399243	-1.410194	0.043889	1.166368	-0.120441	0.608809	1.762555	-32.036370	33.672680	-1.735654	111.909690	1.460759	-4.151378	30.091664	-105.154502	61.920807	-22.616150
2.330000	16.228189	-1.344033	0.161198	-0.019880	1.101135	-22.111205	0.999771	6.146509	-2.141018	1.104310	1.534129	-1.402338	0.031772	1.154875	-0.102564	0.610250	1.787193	-32.242575	33.279236	-1.505985	111.428189	2.334522	-4.110638	29.823852	-104.930627	60.571772	-22.474345
2.340000	16.468933	-0.861406	0.081558	0.074575	1.224567	-22.202877	1.070929	6.419168	-2.096478	1.029429	1.548541	-1.345624	0.019391	1.125408	-0.068157	0.628704	1.815094	-32.254215	32.897894	-1.536741	111.416486	3.373288	-4.156341	29.427439	-104.733557	59.211409	-22.228502
2.350000	16.441653	-0.380931	-0.045060	0.202304	1.272282	-22.162136	1.137535	6.732056	-2.074146	0.961926	1.435072	-1.265079	0.007393	1.055892	-0.053588	0.659030	1.848387	-31.923480	32.568891	-1.821291	111.918461	4.536102	-4.284459	29.030773	-104.642084	57.926166	-21.827687
2.360000	16.115091	0.086070	-0.235314	0.375884	1.153481	-21.981291	1.148460	7.064437	-2.091978	0.917831	1.210731	-1.193749	-0.029881	0.951464	-0.049766	0.691967	1.881104	-31.242225	32.393766	-2.356029	112.847739	5.765693	-4.457496	28.718877	-104.657069	56.789839	-21.237448
2.370000	15.494525	0.444269	-0.416058	0.542287	0.826458	-21.669012	1.168710	7.365280	-2.160218	0.911705	0.947052	-1.164908	-0.040653	0.881127	-0.040442	0.717044	1.908995	-30.189254	32.353891	-2.970516	114.017397	6.911490	-4.529083	28.630661	-104.880139	55.956598	-20.352976
2.380000	14.649432	0.656074	-0.607451	0.701282	0.366605	-21.261601	1.153023	7.623333	-2.274876	0.945905	0.741738	-1.171248	-0.067932	0.836098	-0.037244	0.730699	1.926848	-28.964268	32.502662	-3.631286	115.183774	7.864203	-4.429503	28.700957	-105.246055	55.498298	-19.258609
2.390000	13.686334	0.691893	-0.784038	0.833549	-0.106578	-20.813271	1.164235	7.828147	-2.412045	1.012047	0.661427	-1.203919	-0.075431	0.834386	-0.004856	0.736147	1.937274	-27.767586	32.791024	-4.238259	116.082752	8.532898	-4.176535	28.891926	-105.668440	55.398564	-18.093117
2.400000	12.710533	0.559128	-0.955774	0.946752	-0.457590	-20.380976	1.190450	7.998060	-2.540673	1.092792	0.726678	-1.232755	-0.080221	0.876837	0.024119	0.741394	1.941834	-26.820488	33.154336	-4.764083	116.582805	8.938717	-3.866074	29.061140	-106.028304	55.591348	-17.056271
2.410000	11.788983	0.270516	-1.099217	1.017207	-0.614996	-20.019066	1.250822	8.131895	-2.632009	1.168993	0.897558	-1.208928	-0.057816	0.980912	0.058086	0.755193	1.944543	-26.224956	33.502775	-5.083657	116.590172	9.114027	-3.618789	29.053953	-106.295586	55.987041	-16.285591
2.420000	10.959482	-0.136487	-1.250325	1.061658	-0.588018	-19.773100	1.283909	8.228434	-2.670877	1.224660	1.119846	-1.123563	-0.030970	1.094591	0.073236	0.778950	1.947040	-26.059525	33.749926	-5.260564	116.139936	9.183165	-3.564065	28.788431	-106.403849	56.394714	-15.845045
2.430000	10.226668	-0.621097	-1.389047	1.063508	-0.448520	-19.666394	1.315553	8.262333	-2.655975	1.250476	1.327005	-0.983400	0.018106	1.215350	0.077892	0.807681	1.952032	-26.248922	33.840820	-5.222633	115.282917	9.207567	-3.772807	28.235057	-106.383017	56.684545	-15.675129
2.440000	9.604082	-1.130969	-1.529956	1.043316	-0.267866	-19.694306	1.323100	8.228552	-2.597748	1.245220	1.494346	-0.820096	0.058527	1.305313	0.072173	0.833175	1.959738	-26.696170	33.751155	-5.048678	114.168280	9.237085	-4.223957	27.469672	-106.235236	56.794453	-15.724132
2.450000	9.105811	-1.623123	-1.658314	1.004395	-0.122857	-19.837251	1.322001	8.129315	-2.513213	1.217506	1.606776	-0.686530	0.083509	1.364418	0.058549	0.845394	1.969012	-27.295837	33.472467	-4.778513	112.939686	9.251965	-4.787577	26.599177	-105.956241	56.794792	-15.945219
2.460000	8.761193	-2.056997	-1.750849	0.963985	-0.076768	-20.078210	1.305667	7.974781	-2.422485	1.181166	1.679753	-0.611842	0.078411	1.409697	0.053144	0.835045	1.977956	-27.949164	33.065584	-4.437363	111.719173	9.199953	-5.290021	25.739000	-105.564630	56.847525	-16.319402
2.470000	8.578656	-2.410156	-1.790760	0.942727	-0.125653	-20.382043	1.285564	7.781009	-2.340007	1.151982	1.737552	-0.613315	0.046186	1.422224	0.037877	0.799331	1.986224	-28.638983	32.583170	-4.085759	110.587764	8.987941	-5.619818	25.005975	-105.046490	57.089357	-16.851459
2.480000	8.562732	-2.663468	-1.759116	0.952272	-0.237881	-20.723129	1.269077	7.561578	-2.275684	1.138027	1.794426	-0.672473	0.001391	1.439345	0.034357	0.741123	1.993806	-29.339612	32.106024	-3.740858	109.584457	8.568570	-5.756873	24.456700	-104.451165	57.586630	-17.531937
2.490000	8.699137	-2.817051	-1.653535	0.978422	-0.331470	-21.056728	1.268524	7.333305	-2.229197	1.138178	1.848526	-0.759046	-0.030593	1.456923	0.017459	0.671767	2.001851	-30.055194	31.678550	-3.437480	108.719122	7.938181	-5.796659	24.072352	-103.846872	58.284277	-18.344428
2.500000	8.978734	-2.867455	-1.509492	1.010790	-0.348940	-21.350129	1.275200	7.116302	-2.197069	1.144623	1.883097	-0.835531	-0.050850	1.478727	0.010814	0.604817	2.010363	-30.786665	31.338771	-3.234048	107.978430	7.163955	-5.854780	23.802390	-103.283778	59.052050	-19.278090
2.510000	9.381155	-2.844247	-1.334286	1.023717	-0.264504	-21.564795	1.303737	6.921385	-2.173347	1.151375	1.877802	-0.885387	-0.048377	1.488478	-0.003441	0.551953	2.021191	-31.477702	31.078754	-3.138369	107.362568	6.310189	-6.030196	23.661212	-102.845111	59.774213	-20.272870
2.520000	9.887853	-2.746390	-1.182384	1.031406	-0.116048	-21.703735	1.316863	6.762423	-2.154602	1.152683	1.833324	-0.901975	-0.044509	1.488143	-0.010118	0.518408	2.033095	-32.131706	30.933094	-3.184038	106.820798	5.479190	-6.365539	23.594391	-102.510175	60.354674	-21.299174
2.530000	10.460778	-2.614695	-1.039418	1.020628	0.043268	-21.773446	1.336095	6.635262	-2.137945	1.149212	1.757661	-0.899563	-0.027619	1.467474	-0.025840	0.502195	2.047395	-32.704643	30.844475	-3.289638	106.298554	4.726443	-6.847559	23.640744	-102.295223	60.778968	-22.245651
2.540000	11.065643	-2.477539	-0.906958	1.006040	0.161451	-21.809828	1.334217	6.534950	-2.123220	1.141607	1.680174	-0.888507	-0.009416	1.435963	-0.045809	0.496789	2.063229	-33.201319	30.784169	-3.384472	105.679214	4.076292	-7.418881	23.799089	-102.169624	61.066765	-23.010721
2.550000	11.676393	-2.361803	-0.775797	0.988611	0.206937	-21.852361	1.313756	6.450543	-2.111059	1.131450	1.623855	-0.884174	0.014352	1.393164	-0.074961	0.493814	2.080058	-33.629601	30.716675	-3.391927	104.855391	3.515094	-8.003449	24.110332	-102.099091	61.253066	-23.487786
2.560000	12.271371	-2.293405	-0.633991	0.966747	0.183378	-21.934146	1.281056	6.369830	-2.102609	1.120397	1.603351	-0.897630	0.039843	1.345071	-0.113962	0.486438	2.097051	-34.000599	30.608012	-3.249922	103.740638	2.993356	-8.514238	24.608385	-102.048862	61.387888	-23.591457
2.570000	12.829947	-2.275895	-0.492020	0.928926	0.126631	-22.074712	1.248586	6.287142	-2.097865	1.107424	1.608504	-0.929154	0.063901	1.327522	-0.154964	0.473432	2.111109	-34.331196	30.455829	-2.968555	102.372819	2.501875	-8.851333	25.214334	-102.001342	61.550742	-23.333088
2.580000	13.328991	-2.307984	-0.361377	0.871122	0.085941	-22.267420	1.230924	6.200994	-2.094810	1.093066	1.630065	-0.963169	0.086968	1.328082	-0.193655	0.457514	2.120567	-34.618566	30.245204	-2.577396	100.869316	2.046507	-8.945726	25.850976	-101.956969	61.829165	-22.776047
2.590000	13.746853	-2.362192	-0.274319	0.809433	0.110210	-22.487134	1.237439	6.116766	-2.090214	1.076862	1.652958	-0.980385	0.104844	1.350539	-0.213057	0.446206	2.123846	-34.847831	30.001997	-2.168004	99.419600	1.652832	-8.777103	26.440229	-101.920509	62.303920	-22.065699
2.600000	14.074428	-2.415605	-0.242619	0.729409	0.214440	-22.697385	1.269798	6.040074	-2.080632	1.058710	1.658138	-0.972899	0.120819	1.395687	-0.216816	0.446995	2.120593	-35.002237	29.763346	-1.800758	98.183727	1.356255	-8.373073	26.880612	-101.917854	63.022918	-21.365253
2.610000	14.326156	-2.429606	-0.297649	0.633851	0.387541	-22.871459	1.306716	5.976091	-2.063623	1.037322	1.644068	-0.940409	0.129842	1.455112	-0.193453	0.466604	2.110059	-35.109387	29.586621	-1.563697	97.243872	1.216780	-7.799323	27.082661	-101.936299	63.962947	-20.859012
2.620000	14.518642	-2.391011	-0.420743	0.531787	0.595222	-22.975873	1.343253	5.931803	-2.037812	1.014540	1.610039	-0.887473	0.128918	1.493271	-0.145144	0.507474	2.095461	-35.156175	29.510212	-1.475856	96.616933	1.218761	-7.172907	27.103637	-101.987037	65.068951	-20.647654
2.630000	14.678987	-2.271538	-0.609067	0.470335	0.783347	-23.007438	1.358002	5.916660	-2.005519	0.990764	1.568087	-0.840383	0.115557	1.501580	-0.080110	0.566537	2.078108	-35.189712	29.578337	-1.567061	96.217597	1.345626	-6.626523	27.011539	-102.024391	66.211487	-20.769741
2.640000	14.818858	-2.074105	-0.812073	0.478419	0.883338	-22.982737	1.353365	5.939200	-1.972298	0.967244	1.524666	-0.830504	0.090627	1.472557	-0.014068	0.631625	2.060780	-35.255978	29.748412	-1.771298	95.892280	1.553783	-6.277999	26.875206	-102.014932	67.227200	-21.136401
2.650000	14.928366	-1.816723	-0.970067	0.567469	0.857278	-22.922184	1.350257	6.013686	-1.946753	0.945936	1.481486	-0.874084	0.048241	1.407599	0.045988	0.685309	2.044985	-35.368176	29.902917	-2.033636	95.562673	1.793687	-6.169548	26.701561	-101.954466	67.974280	-21.586960
2.660000	14.984059	-1.488926	-1.086982	0.771246	0.700480	-22.863667	1.340510	6.162767	-1.938526	0.927303	1.463971	-0.986639	-0.009163	1.310364	0.099795	0.709211	2.028672	-35.612697	29.892603	-2.385535	95.210785	2.089748	-6.306895	26.431234	-101.781848	68.271621	-21.987738
2.670000	14.960980	-1.131238	-1.099244	0.997570	0.461298	-22.803867	1.379690	6.395217	-1.953216	0.913545	1.451045	-1.133342	-0.068750	1.217198	0.137156	0.691310	2.011473	-35.922742	29.563837	-2.739594	94.921160	2.437093	-6.617497	25.976525	-101.576149	68.136670	-22.150639
2.680000	14.864674	-0.757423	-1.042271	1.218186	0.212398	-22.744438	1.408574	6.716317	-1.992134	0.904171	1.455397	-1.281157	-0.121223	1.137675	0.165128	0.632894	1.991240	-36.332713	28.896394	-3.152920	94.693369	2.840366	-7.040919	25.298897	-101.338282	67.574573	-22.031773
2.690000	14.736871	-0.418553	-0.905569	1.334146	0.024077	-22.665892	1.429209	7.102699	-2.050772	0.897719	1.450532	-1.393081	-0.145269	1.084832	0.170758	0.546484	1.969889	-36.798282	27.978071	-3.543604	94.448581	3.253239	-7.518227	24.485960	-101.137224	66.712533	-21.580214
2.700000	14.637855	-0.140763	-0.729509	1.344302	-0.071584	-22.571396	1.395430	7.516528	-2.125374	0.890944	1.446721	-1.456911	-0.143350	1.043366	0.159698	0.448498	1.950532	-37.304740	27.019784	-3.885581	94.027448	3.596290	-8.011094	23.735209	-100.964579	65.630378	-20.812433
2.710000	14.601773	0.007145	-0.507981	1.249678	-0.069193	-22.455903	1.317381	7.914056	-2.211646	0.883301	1.441958	-1.500741	-0.107226	1.003741	0.112878	0.354698	1.940000	-37.764642	26.199932	-4.075457	93.350548	3.722973	-8.478981	23.334427	-100.849378	64.421399	-19.759983
2.720000	14.641412	0.033670	-0.306284	1.114311	-0.022217	-22.354281	1.193701	8.242212	-2.311882	0.870528	1.442471	-1.552442	-0.057341	0.978740	0.047246	0.273172	1.940738	-38.136917	25.743766	-4.107780	92.378944	3.576271	-8.863782	23.367907	-100.714937	63.095346	-18.496880
2.730000	14.707875	-0.101332	-0.129680	0.962502	0.040651	-22.276271	1.076022	8.467035	-2.421944	0.853625	1.435288	-1.633852	0.005636	0.959029	-0.045674	0.209110	1.958332	-38.340702	25.666304	-3.934807	91.251737	3.118699	-9.115077	23.887590	-100.549588	61.715350	-17.127303
2.740000	14.724617	-0.374482	-0.027784	0.834136	0.110826	-22.238761	0.998549	8.571787	-2.532864	0.832147	1.407343	-1.713871	0.059466	0.952059	-0.129018	0.165008	1.993912	-38.359629	25.939212	-3.644915	90.154973	2.428889	-9.199174	24.757753	-100.300956	60.371259	-15.787214
2.750000	14.606836	-0.753012	-0.019887	0.719243	0.203796	-22.241829	1.002302	8.571425	-2.625918	0.806123	1.330000	-1.739952	0.105888	0.973654	-0.194793	0.141377	2.046043	-38.226262	26.406341	-3.331604	89.300108	1.706592	-9.116400	25.712760	-99.965903	59.214056	-14.618352
2.760000	14.272552	-1.196296	-0.115138	0.606846	0.352501	-22.274621	1.083557	8.495653	-2.678017	0.775672	1.180291	-1.656571	0.140412	1.013131	-0.235656	0.136522	2.111400	-38.044720	26.837641	-3.118371	88.844740	1.205093	-8.911087	26.450994	-99.562651	58.413121	-13.751222
2.770000	13.708495	-1.638399	-0.326344	0.526637	0.531233	-22.334125	1.212614	8.377580	-2.669697	0.742390	0.964735	-1.449451	0.156181	1.060370	-0.224465	0.145842	2.186034	-37.901059	27.143972	-3.126797	88.769960	1.072436	-8.666374	26.769189	-99.072415	58.054353	-13.298798
2.780000	12.939129	-2.042110	-0.632251	0.504497	0.706128	-22.406545	1.355474	8.236224	-2.591105	0.710343	0.710237	-1.173979	0.158876	1.092311	-0.200230	0.162716	2.264759	-37.882553	27.250092	-3.389180	88.986737	1.342694	-8.503742	26.572522	-98.483169	58.143707	-13.311388
2.790000	12.039698	-2.397816	-0.993078	0.568255	0.813572	-22.479502	1.474428	8.078168	-2.450161	0.683752	0.480422	-0.918505	0.141523	1.131677	-0.144555	0.180828	2.338260	-38.008401	27.196706	-3.846436	89.304498	1.890241	-8.521074	25.814529	-97.798660	58.567478	-13.794072
2.800000	11.135421	-2.733747	-1.343626	0.737933	0.795633	-22.531649	1.547546	7.906049	-2.269571	0.669081	0.377032	-0.777519	0.103241	1.170681	-0.079610	0.193540	2.394735	-38.230163	27.030716	-4.342712	89.533505	2.474239	-8.770079	24.583693	-97.070986	59.141403	-14.655527
2.810000	10.369773	-3.068380	-1.645911	0.991192	0.620863	-22.557996	1.546829	7.714883	-2.085981	0.671366	0.468898	-0.812921	0.029055	1.215816	-0.014764	0.196380	2.418451	-38.518699	26.800070	-4.741087	89.490303	2.861424	-9.297143	23.058761	-96.360013	59.617504	-15.743583
2.820000	9.854892	-3.439780	-1.848278	1.252879	0.321721	-22.545546	1.519304	7.518436	-1.931020	0.689065	0.774767	-1.009289	-0.051205	1.300737	0.058929	0.185749	2.399095	-38.787663	26.459948	-4.906993	89.149010	2.902746	-10.003467	21.441607	-95.793656	59.883016	-16.859092
2.830000	9.674229	-3.837707	-1.951377	1.428884	-0.024988	-22.499328	1.434969	7.323071	-1.827925	0.714931	1.233708	-1.289103	-0.137092	1.406149	0.103674	0.161557	2.334871	-39.050284	26.005819	-4.859639	88.521034	2.561772	-10.821966	19.952919	-95.438460	59.890357	-17.841689
2.840000	9.859630	-4.241384	-1.944440	1.427366	-0.333331	-22.435544	1.314589	7.123549	-1.780430	0.735813	1.720490	-1.538789	-0.181791	1.519236	0.138683	0.123481	2.239879	-39.327313	25.455596	-4.673431	87.643397	1.867946	-11.654251	18.830814	-95.308864	59.702079	-18.552959
2.850000	10.384083	-4.623452	-1.828253	1.211319	-0.513799	-22.384236	1.152113	6.915114	-1.782069	0.739117	2.111379	-1.680980	-0.179463	1.616680	0.114359	0.074469	2.129968	-39.711922	24.859980	-4.425089	86.634904	0.931567	-12.426371	18.157204	-95.374712	59.474136	-18.934501
2.860000	11.189169	-4.997451	-1.566668	0.800944	-0.540585	-22.376085	0.998670	6.682482	-1.820964	0.717419	2.340620	-1.664276	-0.116071	1.704168	0.104016	0.016202	2.023567	-40.155007	24.275692	-4.148529	85.670686	-0.125129	-12.978083	17.978916	-95.678821	59.457743	-18.904194
2.870000	12.153002	-5.351449	-1.204736	0.317424	-0.395489	-22.432446	0.815980	6.435283	-1.886390	0.671044	2.400182	-1.537171	-0.034125	1.720147	0.029494	-0.044585	1.925698	-40.727202	23.754345	-3.931811	84.976995	-1.214987	-13.302075	18.226804	-96.145195	59.781222	-18.477036
2.880000	13.132643	-5.700514	-0.746648	-0.124052	-0.143930	-22.554114	0.686336	6.170954	-1.969980	0.602096	2.322538	-1.357168	0.065416	1.700857	0.021659	-0.109008	1.838334	-41.299102	23.275929	-3.792656	84.780335	-2.238239	-13.336318	18.856094	-96.774772	60.539058	-17.566316
2.890000	13.966196	-6.032962	-0.249625	-0.401972	0.175995	-22.702528	0.595364	5.901258	-2.060102	0.514381	2.164703	-1.210633	0.151224	1.627409	-0.010895	-0.176189	1.754815	-41.818701	22.816110	-3.799989	85.309249	-3.117731	-13.160040	19.717666	-97.511798	61.694844	-16.174229
2.900000	14.557359	-6.288326	0.221196	-0.473401	0.481653	-22.838624	0.604925	5.638361	-2.147326	0.412789	1.952770	-1.131103	0.192329	1.541730	0.010042	-0.245959	1.672136	-42.159886	22.390362	-3.977325	86.560893	-3.797304	-12.862383	20.605212	-98.252285	63.082883	-14.400683
2.910000	14.865324	-6.442521	0.602881	-0.249133	0.732315	-22.893520	0.689224	5.413215	-2.216133	0.312249	1.764167	-1.185845	0.219616	1.371609	0.024892	-0.318325	1.591847	-42.250214	21.920082	-4.391385	88.514560	-4.191555	-12.540632	21.559779	-98.957178	64.439607	-12.475410
2.920000	14.979291	-6.344490	0.817072	0.165238	0.853563	-22.822224	0.964276	5.293944	-2.264567	0.226912	1.581216	-1.322670	0.162329	1.251913	0.042924	-0.384673	1.519036	-41.943488	21.590233	-4.910319	90.800178	-4.228257	-12.263034	22.264563	-99.550062	65.502030	-10.809194
2.930000	14.996325	-5.988061	0.818339	0.777163	0.848007	-22.569675	1.300779	5.351148	-2.288291	0.180888	1.478626	-1.533943	0.094607	1.095434	0.045698	-0.434429	1.466012	-41.225865	21.338743	-5.526052	93.146315	-3.812665	-12.087303	22.866669	-100.084296	65.976812	-9.878321
2.940000	15.009086	-5.341555	0.613559	1.439245	0.743174	-22.126529	1.673862	5.620679	-2.293921	0.182848	1.422100	-1.751655	-0.031392	0.982582	0.041873	-0.454534	1.440061	-40.134108	21.264432	-6.084451	95.153618	-3.000292	-12.074198	23.268193	-100.568846	65.731935	-10.010654
2.950000	15.041604	-4.510547	0.283298	2.047068	0.576452	-21.535432	1.945152	6.062765	-2.280824	0.233323	1.404973	-1.953157	-0.141049	0.892605	0.029626	-0.440009	1.440699	-38.843709	21.287296	-6.522689	96.615449	-1.888155	-12.249744	23.536466	-100.995728	64.831915	-11.212602
2.960000	15.067466	-3.613551	-0.079508	2.465565	0.385837	-20.885393	2.089472	6.588602	-2.248885	0.318301	1.379126	-2.069425	-0.217554	0.871558	0.016770	-0.396346	1.458446	-37.555793	21.380523	-6.759892	97.372413	-0.668775	-12.630080	23.566182	-101.278934	63.529238	-13.193250
2.970000	15.037434	-2.829478	-0.397240	2.700399	0.224520	-20.269692	2.080166	7.093953	-2.194330	0.422573	1.377975	-2.085411	-0.227665	0.856481	0.016841	-0.337790	1.485323	-36.461073	21.400459	-6.854924	97.482893	0.469092	-13.191995	23.572575	-101.378426	62.134565	-15.503228
2.980000	14.929070	-2.238202	-0.629884	2.718026	0.121523	-19.768110	2.014213	7.506651	-2.120879	0.526085	1.379555	-1.981351	-0.205751	0.917762	0.000121	-0.275250	1.514247	-35.670296	21.420169	-6.786994	97.017145	1.317713	-13.901748	23.477806	-101.266721	60.951336	-17.739842
2.990000	14.765372	-1.893213	-0.781913	2.574543	0.093807	-19.417593	1.905391	7.795365	-2.032517	0.616987	1.410370	-1.798163	-0.144908	1.017092	-0.020731	-0.213756	1.544628	-35.233530	21.407855	-6.641718	96.165401	1.833606	-14.669761	23.323502	-100.994155	60.126659	-19.705230
3.000000	14.590473	-1.783581	-0.871343	2.316365	0.145870	-19.212846	1.772399	7.957868	-1.936597	0.686536	1.462198	-1.585877	-0.066383	1.127214	-0.051487	-0.155647	1.576821	-35.132048	21.367139	-6.477435	95.114261	2.049480	-15.434990	23.132441	-100.645754	59.682454	-21.316856
3.010000	14.483508	-1.825288	-0.917877	1.936774	0.241031	-19.135756	1.645328	8.019150	-1.843366	0.727267	1.484224	-1.362283	-0.005012	1.272831	-0.098227	-0.099694	1.610407	-35.269312	21.416295	-6.267155	93.950987	2.022971	-16.167862	22.757133	-100.275788	59.576225	-22.597071
3.020000	14.474819	-2.014830	-0.926810	1.498790	0.369514	-19.145295	1.479008	7.997532	-1.756863	0.742214	1.502670	-1.200350	0.076657	1.356984	-0.141075	-0.047082	1.643642	-35.586619	21.395256	-6.070200	92.821294	1.929905	-16.818512	22.353987	-99.994943	59.648784	-23.570430
3.030000	14.581370	-2.267303	-0.907234	0.999942	0.500395	-19.217387	1.331339	7.922389	-1.683500	0.730623	1.486728	-1.089620	0.127323	1.435396	-0.191429	0.000290	1.670074	-35.970256	21.355047	-5.817885	91.761822	1.883784	-17.348903	21.774132	-99.847743	59.826216	-24.242416
3.040000	14.779890	-2.539652	-0.881752	0.530753	0.621282	-19.327806	1.195230	7.825694	-1.623903	0.699454	1.479825	-1.023035	0.168055	1.442977	-0.213328	0.041120	1.686774	-36.333352	21.173837	-5.557780	90.869942	1.987907	-17.720231	21.159457	-99.849835	60.041687	-24.651855
3.050000	15.029716	-2.771446	-0.857762	0.148203	0.712712	-19.457899	1.090733	7.736069	-1.580975	0.655352	1.479433	-0.983068	0.187717	1.405877	-0.217006	0.072810	1.692014	-36.592441	20.857209	-5.294089	90.197003	2.239124	-17.932609	20.585676	-99.984008	60.275437	-24.826974
3.060000	15.300093	-2.895447	-0.857853	-0.082477	0.747274	-19.606274	1.001232	7.686691	-1.558213	0.604866	1.491842	-0.961688	0.178346	1.329002	-0.191632	0.092142	1.684676	-36.724444	20.474886	-5.045044	89.739633	2.596130	-18.006879	20.109070	-100.177878	60.491601	-24.845624
3.070000	15.537212	-2.900650	-0.860410	-0.173287	0.707208	-19.758310	0.965440	7.690147	-1.558294	0.557736	1.501688	-0.963677	0.149290	1.242613	-0.141223	0.094708	1.668742	-36.717346	20.031087	-4.810851	89.516786	2.968407	-17.946137	19.818300	-100.387636	60.673651	-24.766220
3.080000	15.720112	-2.770872	-0.875296	-0.113738	0.590198	-19.917408	0.949156	7.757048	-1.581139	0.521488	1.525676	-0.998116	0.094028	1.157127	-0.080544	0.078276	1.647004	-36.623699	19.613623	-4.618635	89.497626	3.267118	-17.758316	19.698608	-100.531778	60.799903	-24.689663
3.090000	15.832690	-2.536826	-0.888017	0.052815	0.407326	-20.084433	0.981056	7.868658	-1.621494	0.503740	1.569718	-1.082445	0.028619	1.096211	-0.018998	0.044047	1.625578	-36.499600	19.251030	-4.478244	89.622840	3.400235	-17.467938	19.758896	-100.544134	60.864481	-24.670048
3.100000	15.873549	-2.239053	-0.903987	0.299100	0.207239	-20.250892	1.064472	8.002903	-1.669330	0.507022	1.640827	-1.213927	-0.039836	1.080125	0.026159	0.002204	1.607763	-36.397057	18.997765	-4.419846	89.871195	3.332393	-17.127186	19.887988	-100.399894	60.916007	-24.779703
3.110000	15.839225	-1.939054	-0.934105	0.610298	0.044740	-20.400440	1.202520	8.133903	-1.711041	0.531307	1.738209	-1.375354	-0.097775	1.107723	0.047199	-0.032606	1.595932	-36.348366	18.861565	-4.473099	90.247464	3.069595	-16.812347	19.963569	-100.120094	61.016876	-25.094712
3.120000	15.752909	-1.676736	-1.002869	0.976319	-0.075686	-20.519365	1.362236	8.241005	-1.737485	0.574649	1.842637	-1.535122	-0.150336	1.164782	0.058008	-0.048129	1.591202	-36.354165	18.886006	-4.648797	90.658531	2.616707	-16.627785	19.917608	-99.728081	61.173297	-25.673151
3.130000	15.642327	-1.491742	-1.111332	1.369396	-0.176705	-20.592393	1.511804	8.310157	-1.743668	0.634902	1.932812	-1.688930	-0.186187	1.236666	0.050490	-0.041191	1.592550	-36.401097	19.062210	-4.897909	90.971088	1.978274	-16.622392	19.725155	-99.265525	61.338446	-26.525620
3.140000	15.550081	-1.395406	-1.245329	1.721412	-0.306935	-20.602454	1.601652	8.338079	-1.735155	0.707602	1.983420	-1.838442	-0.213346	1.332308	0.049885	-0.021138	1.594787	-36.465199	19.355624	-5.108559	90.968835	1.184611	-16.737832	19.335763	-98.781207	61.383435	-27.587593
3.150000	15.494485	-1.386871	-1.380899	1.969097	-0.481897	-20.520203	1.591829	8.327637	-1.722982	0.788694	1.993964	-1.985368	-0.232949	1.415835	0.057158	-0.004422	1.591688	-36.549303	19.653411	-5.185075	90.479672	0.255156	-16.874980	18.835779	-98.329148	61.112590	-28.757501
3.160000	15.530956	-1.410483	-1.491379	2.052540	-0.717680	-20.323332	1.504118	8.294750	-1.723493	0.870294	1.950662	-2.104408	-0.243061	1.499033	0.096501	-0.011164	1.576238	-36.566514	19.955418	-5.003481	89.354074	-0.821199	-16.826583	18.262608	-97.951654	60.345563	-29.897794
3.170000	15.624648	-1.444764	-1.571820	1.989797	-0.935502	-19.998008	1.357687	8.256938	-1.745722	0.947327	1.886098	-2.170595	-0.250961	1.534830	0.131448	-0.048993	1.544926	-36.562994	20.090856	-4.618951	87.669271	-2.018373	-16.541905	17.828956	-97.687116	58.992702	-30.953053
3.180000	15.812111	-1.434193	-1.611177	1.773461	-1.100539	-19.576119	1.252926	8.236913	-1.793416	1.009033	1.779886	-2.130245	-0.232578	1.557539	0.185224	-0.117753	1.497774	-36.484426	20.113333	-4.034602	85.551935	-3.265389	-15.922884	17.498719	-97.549251	57.178965	-31.832233
3.190000	16.120971	-1.397974	-1.609389	1.419145	-1.121051	-19.130440	1.212968	8.249628	-1.853129	1.048274	1.642222	-1.949911	-0.177154	1.546236	0.200735	-0.198491	1.443727	-36.411379	19.965411	-3.383858	83.273256	-4.398147	-15.031318	17.252712	-97.536063	55.232540	-32.520901
3.200000	16.597643	-1.385941	-1.565833	0.953594	-0.932037	-18.781357	1.190739	8.312203	-1.905057	1.058100	1.442046	-1.597667	-0.071912	1.471257	0.198045	-0.270482	1.397037	-36.451787	19.697824	-2.767402	81.093925	-5.243064	-14.040821	17.078274	-97.612095	53.560415	-33.014663
3.210000	17.366806	-1.433302	-1.475678	0.367847	-0.543096	-18.646525	1.223109	8.422746	-1.930574	1.033365	1.141927	-1.070496	0.097706	1.356658	0.216391	-0.316634	1.377611	-36.619896	19.470844	-2.268008	79.199052	-5.655339	-13.051194	17.055627	-97.693875	52.586862	-33.212207
3.220000	18.368587	-1.606155	-1.314714	-0.228319	0.028015	-18.806754	1.169051	8.602562	-1.915876	0.976161	0.781327	-0.464262	0.282490	1.202966	0.144260	-0.330882	1.393143	-37.014401	19.328573	-1.878195	77.771974	-5.543374	-12.261499	17.156448	-97.777551	52.608763	-33.118159
3.230000	19.518042	-1.870942	-1.083613	-0.792529	0.641580	-19.262079	1.149326	8.850049	-1.865733	0.886473	0.408605	0.110713	0.446070	1.081022	0.120005	-0.318291	1.444653	-37.529678	19.314063	-1.611141	76.841712	-4.862489	-11.606930	17.335035	-97.815067	53.752166	-32.631047
3.240000	20.580721	-2.149936	-0.797281	-1.152043	1.174859	-19.910198	1.099409	9.184889	-1.793199	0.776085	0.170226	0.467510	0.510771	0.968559	0.003345	-0.286326	1.520888	-38.053596	19.377516	-1.491988	76.487115	-3.708906	-11.064512	17.548938	-97.818008	55.893870	-31.805277
3.250000	21.340947	-2.314140	-0.490259	-1.254837	1.468823	-20.608852	1.124650	9.594753	-1.722611	0.656497	0.113356	0.516616	0.490318	0.929329	-0.035779	-0.248977	1.607320	-38.339210	19.448133	-1.509864	76.644042	-2.180748	-10.483662	17.656632	-97.796586	58.669715	-30.643260
3.260000	21.568387	-2.308823	-0.225615	-1.006288	1.503312	-21.222603	1.108946	10.076350	-1.667910	0.547031	0.291976	0.196056	0.384956	0.900662	-0.123014	-0.218140	1.684081	-38.379246	19.347801	-1.704963	77.355561	-0.403037	-9.902706	17.569872	-97.810408	61.566460	-29.322907
3.270000	21.287944	-2.081915	-0.045908	-0.562964	1.252387	-21.665685	1.210568	10.573482	-1.642087	0.456674	0.616698	-0.356571	0.245313	0.938977	-0.066469	-0.201459	1.742351	-38.038799	19.127391	-2.000565	78.373557	1.437198	-9.194572	17.151642	-97.841772	64.192092	-27.872507
3.280000	20.549812	-1.714440	0.010687	0.064808	0.853256	-21.914205	1.262523	11.065578	-1.637678	0.399507	1.082539	-1.042294	0.081597	0.966675	-0.070769	-0.194177	1.776853	-37.495194	18.737934	-2.428545	79.634589	3.140482	-8.500226	16.487646	-97.901630	66.303939	-26.526920
3.290000	19.522142	-1.275969	-0.056820	0.729805	0.379211	-21.998020	1.397453	11.509873	-1.649176	0.376707	1.598513	-1.689023	-0.072732	1.039594	0.033780	-0.188750	1.789166	-36.798176	18.300676	-2.897209	80.902272	4.515288	-7.836930	15.625689	-97.956964	67.942241	-25.360942
3.300000	18.401613	-0.868976	-0.223120	1.377123	-0.092075	-21.943321	1.516939	11.890860	-1.668056	0.391219	2.137337	-2.223603	-0.197662	1.130267	0.087990	-0.176679	1.785121	-36.059327	17.928910	-3.368239	82.027584	5.382027	-7.277672	14.769254	-98.001337	69.204676	-24.455132
3.310000	17.328460	-0.575939	-0.454416	1.963419	-0.521674	-21.795202	1.580778	12.208503	-1.693687	0.438595	2.646983	-2.607814	-0.296287	1.260134	0.165263	-0.157785	1.767869	-35.343139	17.745038	-3.711532	82.797503	5.587273	-6.836651	13.994713	-98.033595	70.190249	-23.859259
3.320000	16.426480	-0.435921	-0.722033	2.399602	-0.903775	-21.562779	1.602769	12.451669	-1.729097	0.511335	3.064704	-2.852470	-0.351671	1.387276	0.233636	-0.140646	1.744261	-34.698879	17.753391	-3.910700	83.073199	5.120398	-6.451191	13.538169	-98.008892	70.896998	-23.499949
3.330000	15.752738	-0.453402	-0.994807	2.679777	-1.205928	-21.269377	1.550954	12.632530	-1.774101	0.596418	3.348875	-2.966025	-0.378155	1.516243	0.269244	-0.135630	1.717524	-34.157318	18.016129	-3.876701	82.802796	4.015355	-6.045155	13.377325	-97.907165	71.336107	-23.406643
3.340000	15.316470	-0.607774	-1.259667	2.751176	-1.386375	-20.933460	1.493581	12.746871	-1.821672	0.678900	3.444289	-2.947378	-0.368713	1.632944	0.295196	-0.149433	1.692741	-33.778255	18.458196	-3.630391	82.067424	2.484096	-5.520396	13.458968	-97.685525	71.485144	-23.640076
3.350000	15.097750	-0.856373	-1.503813	2.650604	-1.407483	-20.596437	1.426269	12.799369	-1.859065	0.748242	3.354754	-2.796476	-0.340720	1.703771	0.279434	-0.181201	1.674332	-33.634715	19.037307	-3.205120	81.031841	0.737520	-4.860352	13.663967	-97.317499	71.393037	-24.318006
3.360000	15.102766	-1.139506	-1.710694	2.426906	-1.288726	-20.303989	1.409737	12.791698	-1.874484	0.798249	3.115069	-2.522036	-0.287222	1.748689	0.269335	-0.225719	1.668387	-33.700780	19.734619	-2.615709	79.810953	-1.049226	-4.008881	13.873589	-96.785438	71.175031	-25.486443
3.370000	15.299582	-1.431302	-1.861576	2.161187	-1.052293	-20.129908	1.396618	12.732382	-1.854949	0.831286	2.808540	-2.187515	-0.234501	1.736550	0.196269	-0.273971	1.677470	-34.073181	20.420351	-1.939835	78.530502	-2.717044	-3.056181	14.010607	-96.097943	71.011877	-27.112596
3.380000	15.702907	-1.700076	-1.940259	1.889009	-0.765569	-20.130318	1.431879	12.627343	-1.796162	0.848109	2.478697	-1.826490	-0.163529	1.696989	0.149530	-0.320499	1.705778	-34.707587	21.046249	-1.212185	77.194986	-4.178754	-2.011186	14.034598	-95.249203	71.060143	-29.028717
3.390000	16.317219	-1.930246	-1.946151	1.636997	-0.442193	-20.340325	1.445233	12.503486	-1.696316	0.849497	2.144143	-1.460532	-0.078896	1.581827	0.062977	-0.361630	1.756920	-35.588950	21.583895	-0.521161	75.855276	-5.386047	-1.010023	14.023338	-94.222847	71.388870	-31.049341
3.400000	17.091438	-2.111369	-1.871392	1.398371	-0.115059	-20.744028	1.442162	12.394162	-1.565971	0.832439	1.786039	-1.103121	0.010708	1.440780	-0.001294	-0.399461	1.829994	-36.587769	22.043978	0.121799	74.557900	-6.324264	-0.140668	14.013612	-93.057552	71.999364	-32.963298
3.410000	17.962184	-2.227576	-1.735685	1.191591	0.183184	-21.278687	1.425225	12.338818	-1.420167	0.797710	1.426621	-0.801458	0.083272	1.261673	-0.083784	-0.437911	1.918781	-37.566591	22.416951	0.638000	73.388515	-7.016934	0.567582	14.084931	-91.762242	72.797759	-34.560770
3.420000	18.779639	-2.274898	-1.537008	1.105114	0.372370	-21.838339	1.414393	12.369870	-1.283394	0.750473	1.139607	-0.604734	0.117210	1.134362	-0.143811	-0.481337	2.008665	-38.283516	22.722300	1.082589	72.473636	-7.570207	1.138355	14.228348	-90.534577	73.804754	-35.652023
3.430000	19.442990	-2.250093	-1.328633	1.182212	0.403927	-22.319978	1.443910	12.494685	-1.173944	0.701435	1.007331	-0.577640	0.111503	1.059185	-0.193103	-0.531106	2.081941	-38.618862	22.902228	1.374159	71.931088	-8.063257	1.694075	14.439664	-89.478734	74.963267	-36.083642
3.440000	19.876684	-2.169725	-1.133281	1.387650	0.257849	-22.647282	1.524750	12.685522	-1.101561	0.659077	1.073427	-0.730251	0.083818	1.105531	-0.192751	-0.586155	2.124613	-38.501574	22.917727	1.550061	71.839169	-8.487931	2.405503	14.542440	-88.745803	76.265413	-35.767090
3.450000	20.096433	-2.038711	-1.009679	1.646328	-0.007930	-22.783970	1.623846	12.893094	-1.060434	0.629952	1.345595	-1.022142	0.038106	1.219359	-0.162763	-0.643411	2.135973	-37.987937	22.791563	1.542726	72.210708	-8.840200	3.396856	14.448247	-88.323122	77.641082	-34.786060
3.460000	20.174918	-1.858561	-0.990019	1.906682	-0.322518	-22.744570	1.717020	13.060618	-1.035806	0.617625	1.799727	-1.417627	-0.032634	1.378435	-0.104585	-0.703931	2.126946	-37.150547	22.559086	1.291534	73.037495	-9.101141	4.755566	14.153569	-88.113955	79.017770	-33.344567
3.470000	20.188046	-1.615410	-1.072268	2.135646	-0.624296	-22.561381	1.798716	13.127610	-1.007713	0.623988	2.383901	-1.873340	-0.125866	1.551803	-0.056980	-0.768836	2.116419	-36.090917	22.389797	0.846162	74.239245	-9.318437	6.432907	13.645881	-87.981534	80.405813	-31.706005
3.480000	20.229449	-1.322744	-1.229613	2.354957	-0.889410	-22.288384	1.863910	13.044270	-0.958191	0.650430	3.066603	-2.378010	-0.236317	1.734116	-0.020461	-0.842077	2.123264	-34.849302	22.362868	0.256312	75.745064	-9.545216	8.402557	13.038527	-87.807816	81.818640	-30.087385
3.490000	20.342903	-0.998587	-1.408050	2.579721	-1.121651	-21.968747	1.925874	12.774040	-0.876323	0.696279	3.793085	-2.903468	-0.342590	1.899067	-0.025934	-0.929517	2.160173	-33.430457	22.547927	-0.323878	77.456072	-9.840665	10.578541	12.423073	-87.537539	83.299050	-28.516605
3.500000	20.500212	-0.705653	-1.545749	2.815188	-1.333696	-21.618459	1.970114	12.289909	-0.764190	0.759904	4.494785	-3.426741	-0.436155	2.039514	-0.081522	-1.034953	2.230394	-31.835725	22.881773	-0.788546	79.289156	-10.275487	12.854337	11.935386	-87.209702	84.856269	-26.885580
3.510000	20.784764	-0.430960	-1.605675	3.079292	-1.584172	-21.241363	2.012967	11.586498	-0.638031	0.835956	5.112651	-3.923792	-0.506432	2.178169	-0.189608	-1.165632	2.326870	-29.903361	23.456652	-1.018778	81.103224	-10.941509	15.358113	11.560826	-86.881202	86.492908	-24.947485
3.520000	21.078360	-0.249820	-1.575764	3.388987	-1.819791	-20.794807	2.044941	10.661950	-0.514671	0.925636	5.595774	-4.386286	-0.577622	2.257927	-0.364510	-1.315410	2.437057	-27.708104	24.035747	-1.100181	82.975227	-11.905011	17.963096	11.408512	-86.667949	88.245356	-22.632461
3.530000	21.451833	-0.097830	-1.484053	3.753891	-2.041132	-20.273583	2.117235	9.566103	-0.412238	1.020613	5.858590	-4.775566	-0.635157	2.322169	-0.547389	-1.479247	2.540893	-25.176449	24.733043	-1.022667	84.883225	-13.164626	20.751576	11.272205	-86.593544	90.142322	-19.959796
3.540000	20.837598	0.118662	-1.496882	4.419358	-2.041796	-19.550085	2.391040	8.476714	-0.316461	1.144543	5.951361	-5.009835	-0.851492	2.378257	-0.638829	-1.629653	2.630299	-24.032612	24.918683	-1.403393	85.745582	-15.112258	21.319671	10.585567	-86.762989	91.467735	-18.031921
3.550000	19.901606	0.285533	-1.635057	4.871607	-2.048242	-18.905241	2.544302	7.534365	-0.218114	1.245497	5.763235	-5.021532	-0.828413	2.252688	-0.605021	-1.743826	2.681533	-24.155432	24.710590	-1.602661	85.864609	-16.867774	20.247434	9.700769	-86.795273	92.136884	-16.918708
3.560000	20.081363	0.394504	-1.827887	4.681254	-2.186894	-18.632278	2.448980	6.884149	-0.154813	1.268460	4.906308	-4.507720	-0.578489	2.053483	-0.513780	-1.820335	2.663935	-23.571794	25.045414	-0.628025	85.859478	-17.622987	20.286394	8.618506	-86.416984	92.732066	-16.204447
3.570000	19.626799	0.445758	-2.160322	4.509406	-1.972246	-18.489424	2.492304	6.814006	-0.132182	1.294350	3.745141	-3.524746	-0.614786	1.844946	-0.204268	-1.872733	2.612686	-23.804917	24.778762	0.314814	84.748372	-18.164616	19.087251	6.998117	-85.916805	92.504239	-16.844399
3.580000	19.611051	0.417783	-2.421906	4.023058	-1.755168	-18.686892	2.333210	7.320399	-0.164196	1.289187	2.606839	-2.371025	-0.375425	1.553103	0.068997	-1.942661	2.519283	-23.467068	24.665305	2.115652	83.647245	-17.887630	18.768035	5.129998	-85.046178	92.043275	-17.703529
3.590000	19.189405	0.295584	-2.708583	3.666898	-1.350365	-18.946392	2.254109	8.276733	-0.249915	1.267864	1.888454	-1.385833	-0.325594	1.593296	0.353128	-2.026059	2.400446	-23.334950	24.164358	3.759439	82.435459	-17.702747	18.140067	2.962367	-84.115693	91.253972	-18.959230
3.600000	18.979728	0.072862	-2.951972	3.405944	-1.039814	-19.213310	2.157592	9.408295	-0.378476	1.200318	1.777958	-0.805906	-0.239688	1.668807	0.477337	-2.144286	2.253092	-22.829158	23.706412	5.411447	82.190993	-17.554836	18.035058	0.852091	-83.152324	90.648597	-19.890860
3.610000	18.747970	-0.241389	-3.164945	3.575384	-0.849874	-19.286638	2.243261	10.436766	-0.540054	1.091410	2.227495	-0.646115	-0.295507	1.880674	0.546009	-2.292811	2.082204	-22.223755	23.212300	6.569272	82.978714	-18.086020	17.857405	-1.019684	-82.486305	90.525323	-20.465106
3.620000	18.809850	-0.582579	-3.335568	4.046480	-0.864684	-19.157484	2.457743	11.291942	-0.722486	0.937554	3.021054	-0.718890	-0.368089	2.049770	0.568498	-2.469601	1.887262	-21.533768	22.809030	7.241221	84.900534	-19.206686	17.766743	-2.429123	-82.086977	91.255116	-20.555630
3.630000	19.096569	-0.927492	-3.382884	4.785690	-1.004341	-18.832441	2.838621	12.021625	-0.911769	0.752158	3.943252	-0.756155	-0.497491	2.201392	0.609210	-2.662696	1.678758	-21.034256	22.326932	7.379143	87.433648	-20.931024	17.426786	-3.164459	-82.021469	93.120226	-20.243920
3.640000	19.725111	-1.198842	-3.252482	5.596735	-1.178771	-18.441701	3.297799	12.799132	-1.090636	0.539160	4.781209	-0.519556	-0.604893	2.295824	0.667859	-2.860896	1.469753	-20.849399	21.745662	7.100412	90.106630	-22.818750	16.935712	-3.071682	-82.101193	96.326968	-19.584119
3.650000	20.592022	-1.327841	-2.933354	6.352717	-1.263052	-18.084057	3.744205	13.703329	-1.244851	0.304866	5.372458	0.005269	-0.688509	2.374977	0.669215	-3.049993	1.274621	-21.129873	21.137877	6.478077	92.384809	-24.486402	16.219695	-2.375355	-82.155222	100.893259	-18.633379
3.660000	21.598611	-1.394854	-2.402959	7.097542	-1.296285	-17.832434	4.146104	14.735218	-1.379967	0.048893	5.837131	0.706482	-0.704161	2.498483	1.212939	-3.234319	1.101992	-21.522810	20.456850	5.504225	93.886614	-25.413914	15.611567	-1.166581	-82.143375	106.768280	-17.362703
3.670000	22.419748	-1.349655	-1.755690	7.777663	-1.246250	-17.644564	4.409372	15.730895	-1.499574	-0.217754	6.092916	1.232305	-0.686422	2.644854	2.429944	-3.395842	0.948946	-22.051974	19.981107	4.182499	94.223017	-25.752420	14.849233	-0.291073	-82.040092	113.521045	-15.913147
3.680000	23.317678	-1.216911	-1.058816	8.418823	-1.040750	-17.417442	4.523620	16.422205	-1.594666	-0.476407	6.603777	1.111335	-0.712120	2.751552	3.039978	-3.541891	0.807175	-22.112970	19.751972	2.750378	94.075549	-25.558729	14.255144	0.528422	-82.265514	120.887089	-14.247037
3.690000	24.032161	-0.991913	-0.461548	9.023508	-0.812399	-17.105406	4.624825	16.664427	-1.688734	-0.711775	7.434016	0.402273	-0.910801	2.948360	3.088029	-3.666158	0.676814	-21.863671	19.615157	0.993181	93.513313	-25.490722	13.236249	0.927117	-82.909772	128.110689	-12.699742
3.700000	24.843316	-0.720016	0.042595	9.315837	-0.694565	-16.792564	4.619071	16.488280	-1.790856	-0.915468	8.382500	-0.651198	-1.080727	3.115763	2.723591	-3.764397	0.565509	-21.115907	19.529630	-0.735503	93.082720	-25.542827	11.937884	0.942793	-83.940455	134.706688	-11.475734
3.710000	25.783257	-0.448032	0.481215	9.384716	-0.643519	-16.498642	4.554120	16.130581	-1.899195	-1.051218	9.314258	-1.767388	-1.322301	3.387093	2.070150	-3.831733	0.479364	-20.030540	19.201028	-2.298317	92.733648	-25.932757	10.079879	0.731329	-85.421428	140.028656	-11.005577
3.720000	26.876855	-0.072922	0.895482	9.074323	-0.674644	-16.280686	4.495624	15.946405	-2.007285	-1.089186	9.777111	-2.639039	-1.423829	3.559129	1.396355	-3.864195	0.423202	-18.979128	18.690386	-3.389685	92.393553	-26.398804	7.717291	0.206643	-87.126151	143.792492	-11.292785
3.730000	28.191748	0.452627	1.411130	8.652566	-0.752644	-16.185872	4.447880	16.186174	-2.133986	-1.069728	9.730672	-3.102080	-1.279912	3.810854	0.966621	-3.887830	0.403925	-18.123893	17.766024	-4.144115	91.794240	-26.984982	5.464075	-0.517284	-88.812768	146.272981	-12.281653
3.740000	29.504514	1.119034	2.002248	8.453134	-0.734645	-16.022988	4.511246	16.952142	-2.275384	-1.028444	9.442456	-3.267414	-1.094714	3.981373	0.904273	-3.919156	0.388831	-17.856545	16.461217	-4.685684	91.013449	-27.657799	3.543455	-1.441383	-90.334859	147.949058	-13.723642
3.750000	30.828891	1.812906	2.538604	8.655528	-0.573197	-15.612321	4.620477	18.162291	-2.421727	-0.961341	9.196517	-3.340102	-1.008085	4.067998	1.129080	-3.946123	0.321965	-18.008015	15.179462	-5.004201	90.538627	-28.262075	2.228542	-2.108808	-91.655722	148.880786	-15.418248
3.760000	32.139368	2.380666	3.068336	9.127606	-0.320508	-14.928043	4.780110	19.567315	-2.578487	-0.868669	9.030664	-3.250687	-1.064844	4.163013	1.573457	-3.976896	0.206239	-18.281937	14.094493	-5.222139	90.365785	-29.278429	1.459122	-2.187012	-92.752764	149.333936	-17.153325
3.770000	33.358734	2.813957	3.508632	9.667084	-0.150330	-14.026843	4.848763	20.870687	-2.756241	-0.766616	8.819547	-2.991131	-1.093014	4.196802	2.182514	-4.015143	0.054784	-18.998316	13.445364	-5.504312	90.067828	-31.055715	0.693650	-1.455402	-93.421581	149.166298	-18.861445
3.780000	34.797697	2.973211	3.957905	10.025157	-0.035514	-13.014492	4.800045	21.900237	-2.950594	-0.678329	8.437910	-2.615162	-1.093855	4.151310	2.736381	-4.075518	-0.105528	-19.568479	13.246651	-5.549045	89.768502	-33.572793	0.111883	0.393263	-93.846050	148.407394	-20.477673
3.790000	36.261389	2.910218	4.317714	10.349102	-0.023890	-11.927240	4.703143	22.667818	-3.149077	-0.609594	7.941524	-2.279003	-1.070513	4.061904	3.144574	-4.156421	-0.259884	-20.528143	13.390974	-5.416955	88.826099	-36.887888	-0.956080	3.196737	-93.954590	146.604520	-22.165785
3.800000	38.000281	2.721738	4.543847	10.525139	-0.144676	-10.873895	4.546823	23.254823	-3.340815	-0.591938	7.428266	-2.037630	-0.856585	3.904985	3.312803	-4.244978	-0.402572	-21.493962	13.979524	-4.765026	87.440908	-40.141024	-2.185970	6.636915	-93.768400	143.844813	-23.918254
3.810000	39.960420	2.348179	4.604758	10.691889	-0.390724	-9.748587	4.478517	23.818724	-3.507631	-0.618224	7.132166	-2.007910	-0.607582	3.789885	3.272637	-4.329265	-0.521225	-22.330196	14.569900	-3.722051	85.861945	-42.677622	-3.530944	10.605992	-93.322232	140.269750	-25.663279
3.820000	41.833029	1.964799	4.433512	10.850156	-0.729407	-8.482281	4.421808	24.452414	-3.645846	-0.675079	7.212518	-2.112147	-0.335940	3.802851	3.081374	-4.394618	-0.635032	-23.205340	15.397211	-2.417914	84.289491	-43.753300	-5.112413	14.012976	-92.652538	136.391062	-27.094346
3.830000	43.574514	1.509049	4.110603	10.870367	-1.132257	-6.950213	4.380388	25.148906	-3.756003	-0.742574	7.695302	-2.282490	-0.042496	3.958190	2.857250	-4.433338	-0.726420	-23.493689	16.063448	-1.244314	83.863619	-42.488094	-6.226766	16.813305	-92.033467	132.970011	-27.658135
3.840000	44.661441	1.056418	3.676493	10.976600	-1.500597	-5.076786	4.337009	25.818970	-3.852851	-0.787880	8.540351	-2.338606	0.038919	4.198862	2.686993	-4.451612	-0.818151	-23.447511	16.508731	-0.633756	84.680539	-39.156612	-7.170375	18.286135	-91.721660	130.597275	-26.905321
3.850000	45.073819	0.615064	3.194216	11.172094	-1.861311	-2.967160	4.277245	26.371088	-3.948900	-0.820101	9.542750	-2.224014	0.023763	4.419338	2.548546	-4.454875	-0.920363	-22.707127	16.677047	-0.623640	87.076718	-33.937778	-7.532247	18.448447	-91.989166	129.677403	-24.554348
3.860000	44.796400	0.119243	2.682880	11.389186	-2.345363	-0.593885	4.319082	26.828416	-4.043671	-0.840578	10.465132	-2.026808	-0.024349	4.476195	2.471478	-4.444089	-1.021228	-21.472469	16.370353	-1.395228	90.807018	-27.532827	-7.456128	17.545895	-92.964265	129.847884	-20.659208
3.870000	43.995323	-0.429125	2.122030	11.670263	-2.957274	1.868708	4.327353	27.385850	-4.132000	-0.859133	11.252685	-1.791048	-0.135537	4.408274	2.295099	-4.424635	-1.100546	-20.235899	15.725651	-2.525623	95.025855	-20.997142	-7.262084	15.739484	-94.559786	130.449039	-15.765056
3.880000	43.432331	-0.998273	1.581698	11.981222	-2.851725	1.762096	4.155075	28.191812	-4.220530	-0.886524	12.020504	-1.627393	-0.123813	3.939642	1.942558	-4.366006	-1.122126	-18.752072	14.722287	-4.481414	99.313894	-15.023805	-7.121584	14.125197	-96.920764	130.749232	-10.078802
3.890000	42.766991	-1.650100	0.859345	11.751533	-3.271327	1.171124	4.014392	29.434204	-4.288423	-0.920973	12.218630	-1.473038	-0.046965	3.772763	1.326483	-4.299857	-1.008489	-17.731076	13.643745	-6.456635	102.850914	-10.251282	-7.102683	12.077081	-99.666050	130.005437	-4.625864
3.900000	42.078104	-2.443625	-0.109972	11.186846	-3.899160	1.050980	3.611897	30.954402	-4.282413	-0.980741	12.154335	-1.258082	0.134015	3.511762	0.509454	-4.270895	-0.750472	-16.716146	12.433435	-8.307211	105.883151	-6.437259	-6.934502	9.894841	-102.715364	128.009480	0.132881
3.910000	41.311684	-3.291021	-1.304828	10.547034	-4.251516	1.328585	3.102455	32.450873	-4.167040	-1.105173	11.849141	-1.069427	0.518556	3.059836	-0.459921	-4.316492	-0.333927	-15.449379	11.321958	-10.000218	108.220464	-3.585959	-6.862680	7.049207	-106.045836	124.426639	4.241418
3.920000	40.121403	-4.179006	-2.593852	10.096444	-4.226409	1.584553	2.756880	33.634491	-3.920120	-1.328564	11.451863	-0.984062	0.786423	2.662714	-1.063676	-4.496648	0.249852	-14.062960	9.653350	-11.363374	109.579861	-1.711188	-7.148414	3.732455	-109.481612	118.977499	7.789813
3.930000	38.727312	-4.884545	-3.719400	9.517794	-3.900679	1.763877	2.518611	34.300700	-3.533858	-1.730183	10.684241	-1.096145	1.241796	2.260808	-0.799950	-4.825365	0.975823	-12.018199	7.657097	-12.103901	109.172291	-0.539021	-7.084229	-0.161023	-112.531999	110.696036	10.633875
3.940000	36.896589	-5.094783	-4.452535	8.973465	-2.921911	1.966588	2.245087	34.490570	-2.953761	-2.286608	9.839447	-1.401632	1.410629	2.109756	-0.509017	-5.218983	1.723858	-9.878103	4.924700	-12.021970	104.286826	-0.852974	-7.274060	-3.579483	-114.716908	98.219991	12.225274
3.950000	34.679034	-4.768468	-4.732492	8.063206	-1.755030	2.322567	2.038109	34.152333	-2.222065	-2.973939	9.253842	-1.625328	1.295355	2.159906	-0.057399	-5.578763	2.433426	-7.533349	1.450813	-11.150214	92.770082	-2.569018	-7.339538	-6.591467	-115.638775	80.047211	12.484070
3.960000	32.491233	-3.976239	-4.726998	6.705475	-0.788718	2.816392	1.733345	33.202153	-1.389958	-3.696464	9.039521	-1.790670	1.139816	2.333216	0.319823	-5.800949	3.177520	-5.289911	-2.521571	-9.327346	73.428462	-4.918618	-7.383214	-9.954394	-114.756748	54.945999	11.359043
3.970000	30.303302	-2.881349	-4.766459	5.934379	0.184059	2.979859	1.447863	31.628970	-0.481266	-4.373768	9.450763	-1.679309	0.395017	2.787925	0.527844	-5.890838	3.731637	-2.854667	-7.952662	-7.000300	48.047572	-6.473480	-7.811477	-12.616715	-112.621370	25.386907	8.603636
3.980000	28.183897	-1.291164	-5.015182	4.950525	0.156721	2.818694	1.546035	29.735342	0.410431	-4.926237	9.507189	-1.949967	0.077073	3.253730	0.228177	-5.860476	4.167501	-0.240523	-13.526651	-4.619791	21.887767	-6.044624	-8.063768	-15.552703	-109.670234	-4.096044	5.054405
3.990000	26.071024	0.424961	-5.288249	4.515988	-0.735405	2.582613	1.709501	27.898058	1.220804	-5.289824	9.394826	-2.282909	-0.159348	3.426444	-0.262611	-5.744565	4.509972	2.311148	-19.612757	-2.740253	-1.746556	-4.237523	-8.675147	-19.157040	-106.528142	-30.018876	1.633663
4.000000	26.762099	6.828154	-6.938951	7.725309	-2.491398	2.534202	1.401254	26.223011	1.709907	-5.603550	8.311957	-1.881507	-0.994603	4.163960	-0.734487	-5.383919	4.914718	4.359044	-16.290970	-5.053283	-26.537253	-3.754658	-7.493456	-22.841379	-101.421207	-30.562766	5.499015
4.010000	29.238672	12.341708	-7.439890	10.578127	-2.517193	1.896594	1.763011	24.839602	2.396712	-5.525682	8.789469	-3.506847	-0.698710	4.388396	-0.434336	-4.822451	5.750233	6.144162	-18.799774	-8.301885	-25.189604	6.088624	-7.016561	-19.321935	-97.951350	-16.840562	15.448865
4.020000	31.140726	12.242651	-6.047757	10.587231	-1.690549	1.673584	1.896683	23.486290	2.799661	-4.918691	11.136068	-3.856544	-0.452176	3.158482	-1.057415	-4.399890	6.451640	8.816583	-26.379493	-10.778013	-8.688448	19.080466	-4.746128	-12.680054	-94.131938	-2.419348	22.572808
4.030000	30.156665	7.902529	-2.851577	10.708650	-1.263865	1.975423	2.940641	22.290010	2.606475	-4.162607	12.204826	-3.287756	0.369291	3.741173	-1.819404	-4.266108	6.463368	11.153789	-29.036485	-8.739418	1.873599	24.985040	-2.819611	-13.404584	-89.648956	4.718426	24.451055
4.040000	28.633482	3.731841	-0.300328	12.307111	-1.167303	1.830945	2.789135	21.413662	2.226843	-3.433003	12.763696	-2.797307	0.380580	4.716597	-1.743320	-4.167706	6.170565	11.427917	-27.686568	-7.128276	5.103117	25.963569	-0.668583	-18.179031	-83.132851	4.933255	24.789345
4.050000	28.086026	2.382815	0.909006	14.011817	-1.703349	1.217763	1.502175	20.513564	1.767675	-2.677440	13.065837	-2.754852	0.094618	4.556157	-1.434025	-4.036951	5.899330	10.122732	-25.722796	-8.527001	7.915699	26.075890	1.885623	-21.088031	-72.708879	6.382229	26.706100
4.060000	28.150678	2.465711	2.177151	14.434544	-2.548752	0.169686	0.796170	19.401848	1.083814	-1.967876	12.260288	-3.051104	0.711396	4.164208	-1.393849	-3.929155	5.594734	9.120377	-20.685093	-8.911741	9.398382	26.198804	4.560758	-23.125454	-59.730515	9.574067	29.571809
4.070000	28.494329	2.569208	3.150522	14.502867	-2.821625	-0.383514	0.636898	18.232839	0.367063	-1.220385	11.182028	-3.298702	0.332230	3.974559	-1.362875	-3.750397	5.338884	7.661925	-16.735318	-8.740491	10.056158	22.510160	6.581731	-21.926521	-44.454280	13.667357	31.570725
4.080000	28.925223	3.095804	3.705458	14.242879	-2.831501	-0.827626	0.459782	16.904054	-0.452624	-0.541359	10.648360	-3.658660	0.123497	3.186989	-1.312372	-3.561767	4.932129	5.896795	-9.779080	-7.118660	7.597981	17.245198	8.489865	-23.197188	-26.776046	15.083134	31.247064
4.090000	29.409249	3.191841	3.531992	13.925943	-2.058614	-1.286195	0.620272	15.579188	-1.216190	0.073421	9.743340	-4.549395	-0.656481	2.938121	-1.494320	-3.277479	4.489283	2.716635	-5.666344	-3.576805	3.403245	10.466089	9.503654	-22.035800	-7.182818	17.848523	30.651212
4.100000	30.284235	3.033602	3.207437	12.721252	-1.282661	-1.390072	0.597873	14.537659	-1.994252	0.583644	9.491263	-5.070526	-0.487243	1.800736	-1.278988	-2.930740	3.836438	-0.980767	-0.379946	0.477045	-3.964971	8.011766	11.828860	-23.995284	12.930978	20.078771	28.820042
4.110000	31.484990	-1.073063	7.085858	12.653714	2.099932	-1.479060	2.761269	13.337304	-2.776304	0.870295	7.017256	-5.806318	-1.014583	0.603905	-1.174878	-2.304133	3.443221	0.548946	-1.581463	16.412344	-8.561432	6.634902	8.061898	-28.803579	19.410682	26.909727	24.392333
4.120000	33.633630	-6.608885	7.471870	12.501876	1.387516	-0.118683	2.069642	13.709219	-3.002984	1.576138	10.304796	-6.162417	-1.123489	-1.246380	-0.576474	-1.462088	3.086436	-1.777012	-14.665935	10.758216	1.834649	16.808266	11.496207	-30.092541	26.594903	26.134142	26.022542
4.130000	34.058332	-10.070297	7.807439	11.737528	3.250382	-0.672702	3.477454	12.400270	-3.693370	1.694167	10.377550	-4.172279	-0.791757	1.948915	-1.183807	-0.862124	3.021383	4.550030	-19.052186	25.013468	15.647592	9.160815	9.311854	-26.856836	28.430401	32.173931	18.089756
4.140000	34.227827	-11.507952	2.415336	10.775547	1.315086	1.012593	1.008719	12.064014	-3.897324	1.986543	17.951911	-2.971715	-0.158812	0.375567	0.734800	-0.473332	2.584613	1.257258	-28.133362	17.866926	21.103533	14.727334	10.633647	-25.113104	35.408449	24.315776	23.261648
4.150000	34.341440	-10.300387	4.049256	10.949122	2.268446	-0.159264	3.185257	11.178017	-4.566770	1.571132	12.835020	0.576136	-1.001601	2.966713	0.684457	0.159329	1.973812	6.216967	-20.064848	27.753715	14.109586	13.678821	4.414391	-42.873820	30.651659	27.586783	11.161871
4.160000	36.826036	-14.599689	-1.545375	10.655373	1.125585	0.246949	1.068982	10.583714	-4.290684	2.100503	15.711470	-1.453099	-0.094839	0.037765	0.624589	0.545989	2.101506	2.472436	-48.031579	13.763792	30.852163	27.681937	7.548433	-20.592515	34.236623	21.192534	27.659275
4.170000	34.108200	-11.170307	3.721106	9.012947	1.772308	-0.073940	2.155790	10.545833	-5.311813	1.532992	9.469839	4.111447	0.659987	3.573168	4.458254	0.919229	1.419819	8.634872	-20.941224	25.848350	27.956794	20.191642	-1.467937	-56.189512	23.611352	27.392129	-2.546936
4.180000	37.495940	-15.945983	-3.080482	7.647221	2.147850	-0.077341	0.908086	9.563376	-4.247993	2.117047	15.818402	-2.381953	0.966609	0.614149	-0.691509	0.920018	1.880111	0.852947	-64.509859	12.923222	37.554592	34.316789	3.778184	-7.679008	31.981350	-2.423438	26.400074
4.190000	35.196168	-9.183474	1.175568	4.171091	1.516579	1.959091	3.180238	11.213570	-5.361003	1.218565	8.282874	4.849517	1.630318	2.157630	8.063130	1.003689	1.412755	6.411747	-22.232176	22.684371	48.300013	28.376171	-7.843088	-58.796452	14.615253	8.763613	-10.147355
4.200000	40.880651	-13.827521	-3.866380	9.223988	2.707268	-0.816025	-0.231919	9.957286	-3.637554	1.451784	12.311765	-2.308239	0.812899	1.827713	-3.501238	0.932249	1.865427	1.677127	-74.602771	13.569527	50.484136	38.475420	0.354411	10.745156	26.727372	-15.569280	24.107896
4.210000	35.907068	-7.440019	0.830720	4.389426	0.523439	1.972898	3.004279	14.106396	-4.770637	0.611026	5.222754	4.303125	2.225304	-1.194356	12.230512	0.748794	1.434823	3.577474	-24.517014	18.916199	62.835932	30.118736	-10.272545	-54.079119	9.396615	-3.095911	-15.511118
4.220000	41.521358	-10.950844	-2.413487	12.839428	2.326413	-0.900522	-0.914681	11.277447	-2.434165	0.580743	10.766540	-3.222630	1.266602	2.519166	-5.974271	0.510769	1.735385	2.662708	-75.374036	14.265450	59.955727	36.951084	-1.133589	19.174174	20.265841	-18.608241	23.361176
4.230000	36.148641	-7.991341	1.708610	4.984358	-0.478290	1.078529	4.226483	16.630139	-3.556277	0.180103	5.941552	2.838073	1.906560	-4.442338	13.653488	0.260261	1.634041	0.241887	-32.807526	13.463309	76.059794	27.290242	-7.200642	-47.324889	4.398831	-11.229394	-16.611792
4.240000	40.714512	-10.339624	0.128573	17.281100	2.788739	-1.843134	-0.755825	14.903105	-1.355648	-0.230986	7.892018	-4.267578	0.956032	3.722202	12.334826	-0.131182	1.698710	2.972651	-77.397626	15.641001	69.682212	29.327476	3.235717	15.182581	14.314188	-5.432265	27.464919
4.250000	34.198396	-8.105670	0.333191	2.205729	-2.642212	1.875769	4.025129	16.997650	-2.496842	0.111142	14.534608	2.653404	1.196878	-6.002406	18.331409	-0.232561	2.297162	-11.734780	-38.669019	6.015201	75.915116	13.823656	-0.512551	-31.646857	-0.560565	-33.780746	-47.265999
4.260000	38.424282	-8.930451	0.928690	24.861079	8.180078	-0.965056	-0.877442	16.067889	0.654463	-1.037355	5.546934	-8.919341	0.915402	8.955039	17.955704	-0.624197	2.039496	5.610539	-72.109099	25.779395	71.403131	18.690458	8.357436	23.797973	6.288116	0.699299	56.251392
4.270000	33.096464	-8.852115	0.737856	-0.700722	-8.337692	0.374140	5.554731	15.845947	-1.499288	-0.210999	18.596621	8.831105	1.831419	-9.469915	20.344082	-0.479637	2.246820	-19.208995	-31.337878	-1.648371	88.444930	-0.415528	3.913530	-38.164958	0.036099	-27.120124	-64.072356
4.280000	40.954313	-18.006865	3.521889	26.333168	4.570705	-2.392784	0.999927	11.552292	0.265537	-1.782047	4.460796	-5.860399	1.276819	10.867140	18.703662	-0.326194	1.645210	3.834753	-64.393847	29.524729	64.864960	-0.527192	-3.973688	16.171505	-3.878283	17.702338	1.736898
4.290000	42.201385	-5.316776	2.380212	7.454342	-6.001367	3.361385	0.621949	14.101460	-0.486143	-0.827382	14.870940	3.525603	1.884680	-6.873235	18.516038	-0.583887	2.022829	-20.899852	-8.845053	2.867285	85.206985	1.656207	2.697697	-19.551795	23.124124	-24.484245	-17.604634
4.300000	42.513142	-17.891780	2.155640	22.583164	4.493077	-4.681603	6.786135	8.115646	0.232643	-1.979374	9.094059	-6.322249	-2.074373	9.132699	17.304884	-0.412181	1.549225	5.577625	-53.976580	34.733650	51.508588	-18.000374	-10.722975	19.226271	-8.517579	16.744718	-9.770319
4.310000	45.439701	-1.809117	2.835239	8.405698	-6.411240	4.602762	-5.133952	10.513024	-0.866347	-0.988110	13.364285	4.716241	2.538964	-2.412752	14.177648	-0.507974	1.963805	-22.635752	8.978248	-0.969178	77.971718	-0.294398	-1.452547	-12.416246	32.834029	-6.463131	-5.981125
4.320000	43.146386	-15.413340	1.090256	20.554548	4.630283	-6.610329	9.714257	4.060444	-0.167656	-1.967859	9.452827	-6.052197	-2.786772	5.490344	12.333783	-0.689975	1.306249	6.732132	-47.940374	39.664248	36.368043	-32.357596	-13.172596	22.758596	-1.322473	18.510734	-5.381048
4.330000	46.019878	0.796927	1.977143	9.101875	-7.830669	6.588981	-6.773725	6.246760	-1.402324	-0.976753	11.724354	2.972110	1.594527	-1.298866	8.220767	-0.503811	1.763187	-23.188847	9.391836	4.808263	63.054429	-8.661202	-2.985216	-18.225884	36.017972	1.031589	-2.796099
4.340000	44.543891	-11.157963	-0.622032	17.774805	4.032322	-7.755456	9.552857	0.304156	-0.600313	-1.457002	8.408508	-6.163080	-1.959598	3.249656	5.618643	-0.732678	1.061279	2.734754	-49.270917	41.106328	31.536580	-34.210812	-11.822754	18.687537	5.474356	21.019692	0.053480
4.350000	47.662301	2.407854	1.014150	9.694039	-7.756820	7.659918	-5.773563	2.258867	-1.649573	-0.592273	10.862807	1.355504	1.017036	-0.740230	1.998635	-0.491251	1.452602	-23.375267	3.149424	12.959791	57.294135	-13.385101	-2.381440	-28.854274	34.606482	12.228157	1.404654
4.360000	47.233582	-6.772355	-2.829438	16.430261	3.668125	-7.691583	7.509926	-3.044239	-0.663493	-0.650438	10.746772	-5.076754	-1.691052	2.243913	-0.658926	-0.647333	0.773445	-4.435041	-51.793632	39.945513	31.031189	-29.765032	-7.733328	11.818422	11.018026	30.558863	6.035704
4.370000	49.840217	1.910519	0.353753	10.676431	-5.541022	6.828091	-3.028418	1.297777	-1.550924	-0.042089	12.395591	0.391397	0.489924	-0.070300	-2.152924	-0.618542	1.076864	-26.103039	-2.048640	21.247955	51.853028	-17.455628	-1.026019	-37.830684	31.685990	22.537713	4.100144
4.380000	50.756969	-3.549088	-4.436813	15.013294	4.114129	-6.188033	5.036037	-4.473085	-0.522439	0.032400	13.607282	-3.326653	-1.261716	2.058336	-1.824148	-0.664666	0.446871	-13.955503	-50.092667	38.974214	30.089884	-23.676515	-1.978254	5.648940	16.742544	42.382528	10.241851
4.390000	52.079725	0.005640	0.514375	11.592129	-2.454535	5.155564	-0.209440	2.217084	-1.335002	0.322681	13.664115	0.077277	-0.007332	0.478085	0.523230	-0.834859	0.642807	-31.042856	-4.724646	28.794672	44.980238	-19.442761	-0.095289	-41.308375	28.885844	32.209347	4.772648
4.400000	54.858093	-2.028240	-5.006227	13.176035	3.303753	-3.938712	3.212956	-4.924339	-0.217735	0.408333	16.931882	-1.847931	-0.528046	2.574209	-2.367963	-0.735100	0.116223	-23.124130	-42.496654	37.340167	31.749154	-17.735863	4.072027	2.954364	22.272849	48.012789	14.744274
4.410000	53.773232	-3.337494	0.649765	13.834616	0.550325	2.858446	1.612547	2.540183	-0.940556	0.465821	15.537743	-0.384628	-1.383659	0.625968	1.951480	-1.015318	0.249933	-35.956402	-7.331791	33.095294	41.497542	-20.013211	-0.360714	-38.186128	24.754800	43.389353	4.778899
4.420000	58.764677	-2.263807	-4.000920	13.173158	0.557052	-1.984693	2.461760	-4.524662	0.073663	0.465585	19.571658	-1.064294	0.446282	2.922548	-2.301781	-0.782814	-0.073691	-31.142001	-29.208768	31.268670	41.121626	-12.012314	9.585748	-1.712420	26.088962	60.342997	13.337992
4.430000	56.109104	-7.548531	0.134364	19.652925	2.942788	0.301397	3.412185	1.641960	-0.230274	0.572068	19.848399	-1.079251	-3.711478	0.609973	1.903029	-1.078983	-0.092800	-40.024750	-10.949726	36.965986	38.905013	-20.522462	-2.265365	-27.867921	20.202756	49.811125	4.071169
4.440000	63.740025	-3.283981	-2.491568	14.968926	-1.441044	-0.243622	2.101309	-3.203135	0.448713	0.621921	22.547200	-0.501075	1.622218	3.491111	-1.861107	-0.882249	-0.261806	-37.875177	-15.392798	26.817673	52.356090	-7.549887	12.953291	-4.520341	28.487527	58.758415	13.009924
4.450000	59.672737	-11.040772	-0.454657	23.345729	5.002013	-1.388842	4.508792	0.095597	0.471881	0.771171	22.793883	-1.250769	-5.609408	0.793468	0.646943	-1.270556	-0.319362	-44.311827	-17.101335	39.567170	40.105900	-18.014504	-5.408590	-15.855101	14.290022	52.809316	4.062869
4.460000	69.268417	-3.906198	-0.299384	15.487571	-2.065214	0.866171	1.035003	-2.081414	0.676542	0.822993	23.788361	-0.343880	3.507782	3.692169	-1.488653	-1.136409	-0.556528	-43.504855	-3.729075	24.312709	64.120317	-4.075639	14.849774	-7.536015	29.053451	54.885632	10.858426
4.470000	64.015589	-12.540107	-0.581054	24.134604	5.910712	-2.123164	5.451159	-1.301537	1.027213	0.989888	24.456346	-1.101886	-7.033094	0.345936	-0.938953	-1.566307	-0.540124	-50.034870	-23.022392	41.350383	43.813840	-13.406336	-8.881869	-5.517525	10.812690	52.472556	3.555447
4.480000	75.008478	-4.135547	2.005608	15.586941	-1.663561	0.848673	-0.373154	-1.943731	0.924639	0.780758	22.895830	-1.073277	5.776748	3.887564	-1.250194	-1.436436	-0.960575	-46.796597	2.953732	26.146182	71.916148	-3.880002	14.790675	-11.221672	28.363028	48.910117	8.510750
4.490000	68.811378	-10.839063	-1.116409	22.810588	4.301350	-2.182149	5.441992	-2.044982	1.673408	0.870959	24.604423	-0.761750	-7.297132	-0.919775	-2.107402	-1.770279	-0.778670	-58.169135	-28.442918	39.913765	48.361543	-8.939061	-12.202085	-2.464536	12.079712	50.459683	3.299501
4.500000	79.312019	-4.506393	3.329103	15.540763	-0.945316	-0.093967	-0.495548	-2.661495	1.430800	0.470970	20.670868	-2.600447	7.263374	3.517169	-1.419763	-1.743702	-1.400562	-46.307465	-1.140967	33.877301	69.529295	-8.760912	11.569334	-14.900431	23.417576	42.437129	8.059490
4.510000	73.060951	-6.597384	-1.881388	20.484747	1.369293	-0.592807	3.437201	-1.392384	2.303401	0.495033	24.227139	-0.392544	-5.746651	-2.730929	-2.821850	-1.923365	-1.298690	-66.700197	-29.899794	35.139231	52.999923	-5.842600	-13.328422	-8.116134	20.128396	45.597987	4.792027
4.520000	81.463165	-5.716208	2.674390	16.491402	-0.134596	-1.210198	0.751194	-3.340933	2.079785	0.080893	18.441726	-4.434108	7.386503	2.412302	-1.912126	-2.165267	-2.043981	-43.835783	-15.094258	44.728696	55.748262	-15.387151	6.144883	-16.262368	14.232971	36.560977	8.620679
4.530000	76.382866	-3.404602	-2.242774	19.176641	-1.723320	2.052733	0.077368	0.587327	2.675186	-0.178121	22.362372	0.286210	-2.767257	-4.551603	-3.025990	-2.278305	-2.250493	-72.435325	-24.919166	28.882062	57.456923	-2.356781	-10.976044	-17.910206	31.287119	38.428563	7.569902
4.540000	81.359282	-9.036830	0.883544	18.111855	0.293792	-2.823870	3.070106	-4.284833	2.705924	-0.448060	16.752739	-6.374949	6.452192	0.693682	-2.733790	-2.632336	-2.848766	-42.507807	-30.334411	52.343586	42.032030	-17.109307	1.588146	-15.477711	5.377023	32.731026	6.825246
4.550000	78.530560	-4.629773	-1.882578	19.510303	-3.825737	3.493690	-1.842165	2.151852	2.835461	-0.972975	19.548284	0.966239	0.634096	-5.758263	-2.396624	-2.876704	-3.223951	-73.565241	-17.224993	23.602536	65.495199	2.911722	-6.006100	-25.860068	39.138575	32.983790	9.700365
4.560000	80.053892	-14.591941	-0.457889	20.779729	1.316524	-3.696915	4.815662	-5.162342	3.255048	-0.895424	15.925433	-7.518007	4.694957	-0.421255	-3.900699	-3.123454	-3.521042	-43.925206	-38.728275	54.698110	40.180604	-13.470252	-0.611502	-14.926566	2.311625	31.616414	2.943322
4.570000	79.426947	-9.043407	-1.386269	20.566393	-3.791455	3.130088	-1.370893	2.797046	2.739347	-1.391501	17.693724	0.838300	3.540042	-5.741890	-1.336752	-3.333420	-3.969835	-72.217771	-13.228462	21.252380	74.313721	6.354997	-1.384199	-28.225234	42.591812	31.039757	9.798437
4.580000	78.948727	-19.724784	0.168406	22.083437	3.035641	-3.290342	5.066782	-5.394840	3.076426	-0.730169	14.493346	-7.186095	3.019876	0.274159	-4.110777	-3.391570	-4.092946	-47.564004	-40.667452	54.422571	41.764869	-12.828726	-1.681133	-15.982169	6.575488	28.669258	-0.543173
4.590000	78.816738	-13.221595	0.625437	18.922042	-2.331618	2.163173	0.185667	3.002651	1.757473	-0.878856	17.391670	2.092232	3.910321	-11.370160	0.377501	-3.263712	-4.573577	-71.551359	-16.467237	24.005502	73.100683	2.721091	0.351627	-28.377116	48.359218	28.001887	7.904518
4.600000	76.865416	-22.809217	3.169869	17.945413	5.568325	-3.185342	3.999946	-4.454304	1.406574	0.096113	16.013974	-2.507868	1.008205	-19.643944	-2.768207	-3.128436	-4.533621	-48.905548	-43.412718	53.852673	35.560935	-13.989403	-2.004503	-17.764667	16.641783	23.264641	-1.902752
4.610000	77.472486	-15.589409	4.014173	14.061118	-0.408943	2.889486	2.383154	1.500747	-0.117058	0.272319	13.506111	0.363580	4.594540	-23.665203	0.185643	-2.772853	-4.662407	-69.637006	-22.876803	23.964706	61.691254	-2.942580	6.219690	-29.552484	51.376739	21.998265	7.206451
4.620000	73.634892	-23.134861	5.552589	15.176807	8.572769	-3.153932	2.726763	-3.270990	-0.673689	1.132162	11.259355	-2.059371	0.515419	-27.080351	-2.485512	-2.677250	-4.445125	-52.570256	-48.980509	45.081630	25.967031	-14.157789	-0.243287	-19.008194	16.005035	22.148260	0.288170
4.630000	74.930925	-17.308462	7.440826	10.445932	0.972891	3.040382	2.883556	0.668422	-2.030979	0.994508	10.915325	-2.580412	3.641341	-28.513657	-0.340932	-2.407740	-4.349209	-63.741383	-25.822472	20.667399	58.311573	0.658627	11.916278	-29.940454	42.412148	24.756660	12.107722
4.640000	70.097494	-22.752025	7.275295	15.195325	5.994335	-2.583053	3.145526	-2.301483	-2.107232	1.041783	12.490823	-0.905272	-0.719148	-30.580239	-1.796321	-2.333532	-4.172717	-53.227690	-49.492445	33.720110	38.568798	-2.403416	0.817159	-20.475563	13.196351	33.485506	8.068960
4.650000	73.117609	-18.924205	9.075063	13.705103	-0.674944	2.061123	2.588267	0.564220	-2.681955	0.399000	13.720920	-3.438570	2.281509	-32.527149	-0.827470	-2.057929	-4.059784	-53.951594	-27.313461	18.639639	63.934582	6.872692	10.340058	-28.889726	30.235814	32.922399	17.361123
4.660000	68.165054	-20.588365	8.635243	17.818805	0.316761	-1.080164	2.640611	-1.199203	-2.092315	0.120663	16.253620	-1.449902	-1.334455	-33.091001	-0.688931	-2.016238	-3.791999	-50.311661	-45.032187	24.671665	53.316866	5.411280	-2.105979	-23.573383	15.066003	37.920222	13.943180
4.670000	70.657387	-17.375022	9.533466	15.440132	-3.194466	0.086654	0.942039	0.636478	-1.847216	-0.406429	15.939599	-3.195085	0.437581	-34.637652	-2.168446	-1.853175	-3.593656	-42.764359	-31.797851	20.984016	61.180839	3.047631	2.668822	-28.581889	23.903149	30.225322	15.296776
4.680000	65.809908	-15.381081	7.824478	17.681288	-3.667053	0.267265	1.699786	-0.138722	-0.685905	-0.510811	17.331176	-2.055400	-1.596270	-33.960853	-1.177210	-1.890443	-3.319899	-43.477101	-44.184971	24.141178	53.352061	-2.715123	-7.267815	-28.283967	21.492809	29.799592	9.654278
4.690000	67.673140	-12.900891	6.575481	14.945756	-3.453398	0.067155	0.257601	0.771664	0.371123	-0.791524	15.225588	-2.920036	-0.090207	-33.513874	-3.767580	-1.885208	-3.180709	-34.529172	-39.514159	27.904370	48.935004	-12.802279	-4.898408	-32.773813	24.245690	22.943135	4.317630
4.700000	64.175377	-9.791805	3.510845	15.512049	-3.463502	1.427602	1.174339	-0.173426	1.641095	-0.779536	14.883128	-2.084301	-0.516303	-31.570502	-2.239831	-1.934611	-3.145507	-38.396178	-46.587208	28.684165	45.232433	-17.933678	-10.686967	-37.336569	26.931587	25.212850	-0.628676
4.710000	66.013660	-8.932211	1.494885	12.932196	-1.899339	0.619056	0.960543	-0.961036	2.498418	-0.695738	12.841247	-1.576178	1.045858	-31.197827	-4.287761	-1.917095	-3.160548	-32.416001	-45.000103	33.619764	42.134754	-24.475699	-8.813078	-41.562868	25.506002	23.847789	-4.457999
4.720000	64.997816	-7.068507	-0.382009	13.888555	-2.156342	0.762761	1.139357	-1.791751	2.835477	-0.644768	13.386138	0.649925	1.146900	-32.541215	-1.791203	-1.934950	-3.426573	-36.671275	-47.676037	32.687902	45.398006	-23.414224	-11.396490	-46.116337	29.189256	29.794398	-3.866337
4.730000	68.057003	-7.325881	-1.025863	12.880879	-1.471246	-0.224406	0.707767	-2.856740	2.612201	-0.594264	14.167015	1.265793	2.464853	-36.489204	-2.622532	-1.945447	-3.688879	-35.456960	-48.389448	35.752232	46.797279	-23.886630	-9.786597	-48.240388	28.215261	35.217440	-2.719857
4.740000	69.956398	-6.615188	-1.051523	13.995221	-1.279833	-0.164472	0.220406	-2.609232	1.867852	-0.843185	15.758149	1.547906	2.679914	-41.999403	-0.455061	-2.012139	-4.194995	-40.375617	-49.565273	35.388511	49.945740	-20.810379	-10.280294	-51.447057	32.355264	44.417202	-0.239048
4.750000	72.807961	-6.642893	-0.884861	13.522037	-0.475710	-0.193899	0.112442	-2.735542	0.873202	-1.056698	16.942257	-0.015140	3.365287	-48.244357	-1.164605	-1.993049	-4.641467	-42.577966	-49.895314	38.856402	47.943556	-20.389723	-9.518646	-52.436984	33.601356	52.583022	-0.886343
4.760000	75.102177	-5.973610	-0.994772	14.259081	-0.020531	0.221082	0.315207	-1.943333	-0.264256	-1.457320	18.057533	-1.895115	3.582431	-54.012615	-0.731984	-1.904204	-5.201724	-47.109580	-48.044160	40.928981	44.310817	-20.229859	-9.220241	-54.589503	38.794747	59.273694	-2.390396
4.770000	77.452726	-6.260251	-1.503082	15.239704	0.606186	0.241321	0.384750	-1.481224	-1.222614	-1.820579	18.259034	-3.598048	3.820745	-58.726415	-1.160963	-1.756187	-5.711839	-49.808006	-46.712887	44.416961	37.050122	-22.552358	-9.017704	-55.499000	41.685502	63.981222	-6.118573
4.780000	79.672556	-6.627126	-2.118728	16.269352	0.791033	0.403268	0.579572	-0.868957	-2.025547	-2.185752	17.994784	-4.001186	3.970677	-62.332496	-1.245046	-1.610161	-6.235902	-52.991688	-44.702920	46.502629	30.990095	-24.726020	-9.233077	-57.451239	46.412757	65.614142	-9.447694
4.790000	82.051935	-7.041021	-2.713184	16.556278	1.230494	0.509441	0.818259	-0.701333	-2.698053	-2.406004	17.178688	-3.243902	3.862218	-64.767666	-1.560149	-1.488061	-6.649421	-55.017445	-44.880652	48.783235	24.232746	-27.042082	-9.520687	-59.380188	49.085225	66.433087	-12.410887
4.800000	84.821005	-6.693665	-3.040093	16.447809	1.777095	0.919767	1.000360	-0.760147	-3.389244	-2.621409	15.847052	-2.191548	3.698642	-66.310257	-1.951290	-1.439153	-6.929822	-57.223793	-45.971905	49.652731	17.621979	-28.325217	-9.499466	-61.872510	51.656981	66.812731	-14.015116
4.810000	87.795963	-5.567103	-3.084128	15.472615	2.388972	1.281372	1.456582	-1.029223	-4.149208	-2.502237	14.649925	-0.916325	3.855300	-67.280032	-2.386393	-1.466244	-7.078779	-59.027776	-49.335799	50.110513	11.419214	-29.826401	-9.742684	-64.622538	52.139398	66.740142	-14.534719
4.820000	91.058598	-4.259665	-3.182970	14.158493	1.765226	1.174016	2.530110	-1.513613	-5.057677	-2.392627	13.465761	-1.048480	10.057942	-67.958899	-2.494225	-1.569646	-6.871954	-60.822793	-54.128894	46.818325	3.934121	-32.631822	-9.236542	-67.852734	49.848533	66.899340	-14.360651
4.830000	93.728523	-3.196158	-2.716392	12.635465	3.175004	1.551423	2.133765	-1.771702	-5.902237	-2.118267	13.774318	-1.708059	12.149585	-67.784719	-2.573481	-2.030189	-6.651647	-63.902903	-57.450512	44.656643	-1.858212	-35.746858	-9.504929	-70.941555	48.138513	68.394171	-12.100406
4.840000	95.851049	-2.145513	-2.227131	10.210862	4.155469	1.710455	1.886805	-2.156956	-6.509978	-1.810209	14.691728	-2.835615	12.182013	-66.555187	-2.518332	-2.633986	-6.322902	-66.657121	-60.118193	43.486382	-7.186760	-38.255341	-8.437710	-72.951269	47.746807	70.299549	-9.270363
4.850000	96.958599	-2.155720	-1.540527	8.909452	3.966270	1.682223	1.955853	-2.082765	-6.890704	-1.556513	15.539721	-3.662004	11.282317	-64.620301	-1.812333	-3.244444	-5.912326	-69.462053	-61.804215	43.499807	-11.784281	-39.635230	-7.374260	-74.664143	47.921178	71.727410	-6.980933
4.860000	97.814913	-2.865064	-0.629675	8.789524	3.153726	1.400117	1.675779	-1.714150	-7.117132	-1.398783	16.049858	-3.761776	9.634473	-62.321275	-0.850171	-3.814926	-5.449857	-71.383349	-62.866622	43.627229	-14.319576	-40.089022	-5.769642	-74.580215	49.327402	73.298322	-5.450837
4.870000	98.434544	-4.485197	0.508339	9.793200	1.995253	0.937105	1.207763	-1.283928	-7.282027	-1.311441	15.761759	-3.295322	7.693736	-60.030166	-0.190627	-4.326256	-5.001934	-72.708756	-63.097655	43.794680	-14.704831	-40.077243	-5.020813	-74.197813	50.419226	73.775312	-5.427726
4.880000	99.110689	-6.178614	1.585227	10.872449	0.724258	0.319082	0.803910	-0.797044	-7.399812	-1.264010	14.792281	-2.617114	5.393319	-57.693642	0.207627	-4.801133	-4.584628	-73.350253	-63.627913	43.674651	-13.378479	-39.610419	-4.851040	-73.445036	51.727170	73.605341	-6.940007
4.890000	99.871273	-8.298665	2.665932	12.341767	-0.576426	-0.316391	0.787427	-0.347747	-7.505580	-1.244065	13.332305	-2.136041	2.964481	-55.477228	0.200952	-5.247782	-4.234445	-73.192503	-63.943952	43.766856	-10.980262	-38.835082	-5.703929	-73.173389	52.390690	72.222751	-10.274850
4.900000	100.800190	-10.447516	3.685453	14.473828	-1.654473	-0.932574	1.093953	-0.012878	-7.586608	-1.243787	11.993738	-1.951081	0.577666	-53.291500	0.004388	-5.675456	-3.981652	-72.259209	-64.597049	43.538354	-7.473238	-37.603997	-7.165417	-73.037456	53.173113	70.164196	-15.072457
4.910000	101.342201	-12.956917	4.897108	17.384283	-2.207358	-1.418232	1.730510	0.043241	-7.628379	-1.244221	10.841670	-2.260108	-1.448396	-51.315859	-0.427726	-6.029779	-3.810390	-70.301107	-66.148073	43.238130	-3.208338	-36.060352	-9.342272	-73.098425	53.668682	67.653657	-20.700164
4.920000	101.281462	-15.126309	6.277373	21.041878	-2.252265	-2.167414	2.574561	-0.122938	-7.603715	-1.270614	9.849163	-2.979995	-0.855399	-49.760938	-0.697227	-6.231083	-3.621560	-67.047340	-68.615565	42.014261	2.111784	-34.329463	-11.835113	-72.671204	54.610571	64.282863	-26.471399
4.930000	100.105667	-17.858268	8.435937	24.388030	-0.945815	-2.357945	3.156771	-0.563253	-7.543478	-1.217895	8.797514	-3.895574	0.230709	-49.010146	-1.031653	-6.215743	-3.445521	-62.427089	-70.900953	42.012396	7.462107	-32.888390	-15.003772	-73.159561	55.992526	59.487779	-31.028468
4.940000	98.031178	-19.666374	10.816883	26.586132	1.034331	-2.373966	3.521505	-0.948151	-7.416643	-1.023661	8.433284	-4.115500	0.933997	-48.496939	-1.350036	-5.974568	-3.231761	-57.065457	-74.070456	42.814797	13.029966	-31.176144	-17.787759	-72.830277	58.645436	55.288370	-33.326633
4.950000	95.089226	-20.829618	13.075644	27.579846	3.139140	-2.549849	3.991598	-1.109389	-7.278734	-0.740280	9.222865	-3.449843	1.352480	-47.844999	-1.379216	-5.487273	-2.954653	-51.461653	-76.292071	44.106191	17.494138	-30.151172	-20.354905	-72.072541	61.170048	51.962194	-34.228329
4.960000	91.719379	-21.701233	14.944673	27.403502	5.218593	-2.312609	4.295246	-1.336442	-7.139090	-0.404238	11.699852	-2.392427	1.580610	-46.471491	-1.140203	-4.843168	-2.600020	-46.095722	-77.387952	45.363155	20.578896	-30.143131	-22.305549	-70.158869	62.535363	50.193125	-34.108751
4.970000	88.462744	-21.737735	16.037089	26.201462	7.246596	-1.828152	4.457417	-1.873637	-6.955651	-0.098009	15.371595	-0.754003	1.528332	-43.985691	-0.825340	-4.157132	-2.243944	-41.680310	-76.562785	45.390809	22.355358	-31.385306	-23.493501	-67.279312	64.015621	49.237481	-34.066416
4.980000	85.262117	-21.985369	16.314074	23.665302	9.073813	-1.166118	4.803381	-3.254762	-6.739156	0.129070	19.205058	0.751629	1.438597	-40.705100	-0.766005	-3.504268	-1.861572	-37.468190	-74.978373	45.679615	22.743787	-33.950277	-24.381503	-63.414523	64.111635	49.406867	-33.901699
4.990000	82.305183	-21.992638	15.847248	20.795716	10.649800	-0.300352	4.672907	-4.195322	-6.416626	0.197995	22.143451	2.144805	1.228414	-37.414599	-0.669616	-2.938214	-1.511884	-34.489399	-71.442406	45.185722	23.017140	-36.840316	-24.388834	-59.754298	65.207604	49.342570	-33.625104
5.000000	79.640017	-21.946514	14.581338	18.116988	11.188637	0.434832	4.820371	-4.685734	-5.946707	0.213571	23.901006	3.086507	0.887102	-34.836039	-0.644736	-2.473964	-1.198016	-31.799656	-68.089876	45.518795	24.277595	-38.211565	-23.332408	-56.009454	66.148612	49.805765	-32.376550
5.010000	77.481003	-21.872990	12.922060	16.146626	10.594998	0.706765	4.923146	-4.843920	-5.333078	0.127714	24.709554	3.619290	0.689115	-33.325057	-0.622201	-2.164053	-0.977588	-29.652991	-64.564653	46.191448	26.688744	-38.702186	-21.835105	-53.924373	67.298502	50.888926	-30.449387
5.020000	75.852489	-21.573279	11.093697	15.674191	8.361519	0.358160	5.020638	-4.974300	-4.591256	-0.113065	24.691029	3.445200	1.794912	-32.990001	-0.506137	-1.989871	-0.828587	-28.111967	-61.987858	47.091535	30.591162	-38.734939	-20.739766	-52.885916	68.487802	53.697641	-27.256623
5.030000	74.516468	-20.083368	9.289589	17.278794	5.731051	-0.027027	3.704190	-5.457425	-3.688431	-0.424882	24.608893	2.986240	1.924329	-33.492498	-0.982671	-2.032490	-0.901107	-28.297827	-59.317600	48.734504	32.046962	-42.055469	-19.603228	-52.189164	72.318694	59.141654	-23.157626
5.040000	73.776016	-21.386859	7.427176	17.983589	3.160862	-0.668092	3.099863	-5.428729	-2.892051	-0.662784	22.331998	1.793339	2.382135	-36.212642	-0.804797	-2.221413	-1.041110	-27.064929	-59.469313	55.023614	36.712452	-38.356196	-19.319493	-51.877872	73.570114	62.927435	-16.535971
5.050000	73.263636	-22.158563	6.411952	19.453676	1.447367	-0.647171	1.584284	-5.804451	-2.118609	-0.973845	19.446306	0.737655	2.793029	-39.891995	-1.035633	-2.491072	-1.307397	-27.034072	-57.361415	59.391184	42.315754	-33.576120	-19.359324	-53.677028	78.224471	61.739932	-9.539027
5.060000	72.619734	-21.262372	5.023261	19.940317	-0.050042	-0.235218	0.724786	-6.865523	-1.232559	-1.206186	16.588703	-0.836701	3.739547	-43.834299	-1.154262	-2.784489	-1.557579	-26.857294	-57.758523	64.074978	48.543043	-29.885147	-19.169529	-53.500406	82.087764	61.503357	-3.836963
5.070000	71.506844	-19.763405	3.475007	19.035878	0.078574	0.074359	-0.079112	-8.374798	-0.341887	-1.383082	14.001388	-2.162539	5.196129	-47.684729	-1.424158	-2.986941	-1.805359	-25.098309	-57.581388	67.661619	53.241107	-27.640015	-19.811014	-53.819493	84.699699	60.554557	-1.858123
5.080000	70.138588	-18.300275	2.045123	17.333955	0.929369	0.749273	-1.245216	-10.134521	0.527189	-1.525655	12.607367	-2.775072	7.356529	-51.152330	-1.633715	-3.133332	-2.062499	-21.974087	-57.104514	69.615054	56.189959	-26.562333	-21.466185	-54.619213	85.538086	58.523887	-3.136490
5.090000	68.844776	-16.874259	0.907593	15.616015	1.131232	1.654556	-2.334918	-12.032471	1.384321	-1.693306	12.337006	-2.514723	9.822995	-54.451969	-1.631618	-3.258706	-2.394851	-18.092442	-56.954175	69.899940	57.440190	-25.669981	-23.354099	-54.720058	85.332692	55.805518	-5.954724
5.100000	67.658358	-15.918517	0.208693	14.445932	0.597887	2.513395	-2.851183	-14.021226	2.203597	-1.861743	12.646669	-1.856983	12.086734	-57.814762	-2.161320	-3.371828	-2.785387	-14.301441	-56.782943	68.938547	57.261604	-24.561230	-25.528160	-54.744094	84.245074	52.735019	-9.037193
5.110000	66.874552	-15.531740	0.046980	13.052853	-0.420643	3.203522	-2.973329	-16.046539	2.883939	-1.946039	13.520828	-1.542412	13.824253	-61.375216	-5.495760	-3.458074	-3.157528	-10.756542	-56.206125	67.469189	55.610445	-23.599226	-27.853937	-54.697566	82.482782	49.504615	-11.692241
5.120000	66.300478	-14.883186	0.070225	10.761353	-1.578811	3.187775	-3.074633	-18.233147	3.482617	-1.967359	13.635472	-1.800687	15.143271	-65.240510	-8.919537	-3.532881	-3.456544	-8.436942	-56.628635	65.074137	51.948380	-22.109639	-29.857242	-55.019275	81.267670	46.507537	-13.160709
5.130000	66.030827	-14.746530	0.319528	8.754887	-3.246995	3.524543	-3.811455	-20.460900	3.931818	-2.107627	13.322262	-1.990738	16.595297	-68.652831	-12.743261	-3.495773	-3.687335	-6.409217	-57.628738	62.476248	47.360346	-21.018302	-31.717189	-56.738191	79.845545	45.511718	-13.706937
5.140000	65.666065	-13.884356	0.300915	5.112456	-5.532340	3.553431	-4.440424	-22.737369	4.284625	-2.172118	13.160739	-2.397121	18.172989	-71.977809	-16.461998	-3.291069	-3.847060	-4.762776	-59.654358	60.465351	41.324776	-19.926829	-33.454263	-58.702829	79.529867	45.743161	-13.385776
5.150000	65.149221	-12.500587	0.072622	1.328345	-8.049943	4.023700	-5.177236	-25.124710	4.514473	-2.222783	13.840444	-2.565149	19.950502	-74.991629	-19.691907	-2.867825	-3.977710	-2.929413	-61.337182	59.203175	33.981170	-19.381355	-35.062540	-61.661367	79.799616	47.250827	-12.675527
5.160000	64.482956	-10.173957	-0.447782	-1.172621	-10.035927	4.910517	-5.812433	-27.754795	4.712294	-2.356822	15.143102	-2.331475	21.915058	-77.211224	-22.218972	-2.217421	-4.130379	-1.215100	-62.807200	58.222675	26.549084	-18.922064	-36.603509	-64.366399	80.146784	50.441721	-11.784565
5.170000	63.442926	-7.167759	-1.275013	-1.109312	-9.997746	6.122544	-5.951995	-30.603513	4.977704	-2.676764	16.201682	-1.784130	24.252148	-78.135394	-24.457082	-1.382022	-4.260666	0.618926	-63.288027	56.733392	19.738662	-18.808750	-38.083957	-66.871890	79.873851	54.283091	-11.003412
5.180000	61.836729	-3.411601	-2.292601	0.594461	-7.328196	7.024864	-5.498807	-33.407811	5.337946	-3.141470	15.559988	-1.209800	26.930453	-77.186570	-27.135607	-0.478541	-4.266444	2.166611	-62.389823	54.645306	15.042043	-18.746262	-39.100683	-68.353317	79.029921	58.402660	-9.775199
5.190000	58.582172	-1.593050	-2.426895	22.741145	-4.392822	11.618789	-4.912011	-36.110662	6.058409	-3.696849	15.278962	-2.169628	28.750027	-75.141571	-29.744964	0.367139	-4.236224	1.904596	-63.207921	56.359112	11.876012	-18.871794	-41.954921	-69.228775	75.558901	58.544487	-8.191522
5.200000	55.815697	1.488841	-2.134567	42.251661	-3.044601	10.623740	-5.388873	-40.550537	5.924097	-3.166730	32.245383	-5.443245	31.863347	-65.418646	-31.116277	0.744009	-4.432837	5.314062	-63.033428	58.692880	16.093393	-16.860195	-40.233300	-62.089473	67.275211	63.556570	-2.928853
5.210000	54.315815	9.620759	-0.936217	47.385424	-1.972188	19.016368	-5.335191	-44.316594	5.934600	-2.460059	39.264023	-5.566868	33.919360	-54.417022	-37.049573	0.883294	-3.794170	5.019874	-52.821222	47.948737	19.766255	-25.437577	-27.692803	-57.131390	70.962623	70.564489	-1.726024
5.220000	50.825577	6.989895	-3.346702	50.032564	-2.116434	26.352543	-2.342213	-46.756808	5.978223	-2.433353	41.198328	-6.202294	33.983815	-48.309796	-40.526763	1.025645	-3.929518	4.041526	-55.804562	61.935648	-13.875572	-32.058194	-31.242860	-52.227847	58.552811	74.392976	-6.063562
5.230000	46.133966	2.701131	-7.779796	50.417289	-1.980772	28.225586	-1.633537	-46.920728	6.438830	-2.709296	44.452362	-7.311918	36.112074	-47.232933	-40.753059	1.454027	-4.092291	-6.127023	-79.194958	75.520742	-106.369489	-52.160364	-44.115094	-41.900767	54.212733	38.917762	-28.417777
5.240000	50.392485	-4.175157	-7.355434	48.867643	-0.290076	25.330974	-4.019258	-44.282328	6.253733	-3.088594	45.258805	-8.970282	39.548993	-46.365790	-39.361574	1.736693	-3.446521	-4.503134	-72.952833	74.148470	-158.088827	-61.135527	-41.890560	-47.702817	53.812797	3.040865	-42.940184
5.250000	43.861389	-11.570244	-6.616863	49.604625	1.905246	27.583782	-8.985976	-40.866133	7.225520	-2.779289	42.060003	-4.453038	37.876271	-46.135794	-35.147570	2.058718	-3.453546	-35.384514	-78.515123	84.500268	-202.595079	-75.291991	-69.912101	-51.654093	53.942697	-25.751795	-57.926625
5.260000	37.007873	-10.587171	-6.087071	51.895291	1.320966	31.129353	-14.169447	-40.560331	8.065744	-2.422771	38.705133	-0.623012	36.467310	-43.461297	-33.054899	2.711445	-3.668271	-66.548828	-80.891705	87.809283	-234.238458	-87.744780	-96.958634	-45.947205	59.372950	-45.581107	-66.070214
5.270000	33.339579	-31.661167	-5.289989	55.547774	-0.097321	33.736840	-15.007248	-37.670892	7.230601	-2.490205	45.037858	-3.165855	36.444269	-41.264553	-32.815315	3.158175	-3.388210	-40.871961	-82.075574	132.254478	-226.327389	-62.189847	-122.727197	-47.767380	16.523627	-44.058864	-68.273030
5.280000	29.500222	-32.680924	-2.348869	67.791462	4.823318	31.824037	-24.156589	-46.837803	5.766957	-2.703919	45.596212	-5.521457	44.000596	-42.052172	-40.853754	4.600741	-3.314616	-31.048931	-61.471891	116.147089	-211.250889	-78.074276	-119.717890	-28.799587	24.162179	-67.678888	-98.364115
5.290000	27.343099	-34.470365	-0.470840	75.313859	8.630983	33.673253	-29.664492	-51.142130	4.593164	-2.483456	49.451724	-4.795457	47.452413	-44.052370	-44.434279	5.303284	-2.976042	-22.017126	-48.447965	103.322750	-185.575855	-81.254639	-116.856153	-23.512635	25.763284	-74.561025	-104.195960
5.300000	28.051102	-27.938530	-0.881731	72.195388	14.237779	36.946826	-34.951977	-52.126404	4.033208	-1.858256	57.114065	-1.845501	48.673302	-49.370438	-46.370953	5.387807	-2.545610	-19.957544	-52.720354	86.857250	-159.948045	-82.956508	-115.814848	-30.012941	23.696852	-64.491360	-99.709913
5.310000	29.203835	-18.966941	-2.317028	64.759538	17.818216	40.238388	-40.291127	-51.809687	3.808655	-1.344107	63.084163	1.012940	48.764326	-54.345578	-47.822293	5.400359	-1.932156	-21.943286	-55.085627	69.978046	-131.230563	-85.719161	-115.036295	-36.696760	24.139801	-40.056123	-94.238728
5.320000	29.606061	-12.419002	-3.595071	56.616507	18.496783	43.152347	-45.074765	-51.725566	3.719944	-1.182289	64.614989	3.074914	49.057972	-59.228506	-49.016371	5.514264	-1.302965	-25.911528	-51.629362	56.570676	-99.856424	-85.037902	-116.315971	-42.069835	25.318395	-8.451265	-87.236084
5.330000	31.350770	-8.570236	-4.048603	57.135999	16.010534	45.197524	-47.954980	-52.117351	3.777648	-1.415000	61.870120	4.883103	50.467327	-63.799240	-50.309967	5.855316	-0.810491	-29.398313	-47.054202	47.849098	-68.746515	-80.547623	-120.645735	-42.375990	26.105341	23.735096	-78.759506
5.340000	33.759153	-7.120103	-3.922606	60.257375	12.690291	46.379030	-49.381826	-52.672539	3.774606	-1.957629	55.785783	5.863846	52.586354	-67.864202	-51.368427	6.216107	-0.364185	-33.875279	-42.372764	40.937863	-39.049874	-74.399062	-129.007097	-41.348206	25.534599	50.669123	-71.412340
5.350000	36.548345	-7.354878	-2.970285	61.495416	10.457722	47.214672	-50.015658	-53.214319	3.682698	-2.577033	48.546642	5.656606	55.074044	-71.445726	-52.815221	6.607908	0.132022	-40.018611	-35.698446	31.399271	-9.625711	-71.657024	-137.754458	-39.170040	27.065536	67.103089	-68.270974
5.360000	40.727701	-1.460512	-2.539137	60.671337	9.255528	48.277453	-51.069804	-52.751686	3.763767	-3.192988	43.095052	5.953358	56.731939	-73.691823	-54.003157	6.715243	0.262280	-48.699739	-34.017079	19.748805	12.872212	-65.620296	-142.735456	-37.855016	31.491275	88.256139	-58.557648
5.370000	44.369707	4.052804	-2.284503	58.805235	7.503920	48.276827	-52.602146	-52.442517	3.887889	-3.640465	38.199127	4.969593	58.382638	-75.046070	-54.288134	6.749032	0.401284	-60.641350	-34.721286	8.930941	25.811921	-60.495585	-147.074227	-34.580155	37.198073	99.233964	-52.871782
5.380000	46.894293	11.920210	-3.179583	57.684347	3.735794	47.355622	-54.302961	-51.628966	4.301805	-3.891785	34.889132	3.945792	60.438674	-74.863531	-54.035082	6.818195	0.373156	-75.222137	-49.701194	-1.057118	24.300946	-55.243965	-153.043045	-23.071320	41.004753	104.920042	-52.688479
5.390000	50.943041	13.642304	-4.087520	58.514223	1.014089	44.587996	-54.557022	-51.396333	4.141811	-3.118913	57.396822	2.254646	60.176406	-67.829542	-51.772725	6.788165	0.518157	-80.283894	-65.452463	-1.610708	32.568106	-49.316157	-159.087312	-16.106921	35.515483	106.679446	-54.544684
5.400000	53.446798	13.388857	-4.293167	60.095198	-0.921956	43.134447	-54.318942	-50.991639	4.204218	-2.831115	68.035267	0.109574	60.241871	-64.813510	-50.691001	6.679014	0.597585	-86.492902	-78.068055	-7.511203	34.440800	-43.419674	-166.513053	-11.934589	30.737659	101.927269	-56.339134
5.410000	54.630146	11.395087	-4.195272	62.455684	-2.427559	42.209171	-54.239232	-50.786253	4.393569	-2.685016	73.267236	-1.478377	60.359791	-63.341476	-49.559053	6.517629	0.649218	-93.178306	-88.090863	-11.585340	32.563354	-36.820717	-175.526960	-7.720031	24.868391	92.634487	-59.241850
5.420000	55.317965	9.116374	-3.488524	65.116026	-3.502202	41.255426	-54.454949	-50.464693	4.675698	-2.597391	75.790606	-2.025149	60.237169	-62.623464	-48.450060	6.290558	0.679802	-100.010428	-95.322891	-14.807199	29.619536	-30.098056	-184.549211	-2.208271	20.458625	81.099012	-61.654717
5.430000	56.041365	6.770265	-2.252097	67.521639	-4.400957	40.038478	-54.583747	-49.719784	4.971063	-2.528472	77.155814	-1.324733	59.550587	-62.137473	-47.301177	5.957150	0.683897	-106.052072	-99.270120	-15.833121	26.559325	-23.261534	-193.159090	3.945121	16.680433	66.905920	-62.486693
5.440000	57.354927	4.757454	-0.488345	69.160260	-5.344370	38.369272	-54.041501	-48.412081	5.188026	-2.531489	77.734493	0.412342	58.191132	-61.746422	-46.408266	5.500417	0.637772	-110.538250	-98.648435	-14.755211	23.961031	-16.644469	-200.802244	10.142367	14.249695	49.295944	-60.887367
5.450000	59.679270	3.126780	1.645928	69.763184	-6.376686	36.103014	-52.547015	-46.698410	5.265471	-2.639592	77.609971	2.694230	56.377653	-61.454743	-45.949139	4.912794	0.506484	-113.243475	-92.051352	-11.278012	22.027742	-10.596441	-207.278274	15.917255	13.703311	27.967823	-56.835391
5.460000	63.334150	1.917463	3.965402	69.399856	-7.160345	33.200815	-50.179351	-44.909921	5.139572	-2.842909	76.726869	4.833081	54.592308	-61.460283	-46.045780	4.245302	0.239211	-114.246310	-78.081686	-5.651232	20.415037	-5.607316	-212.212802	20.874274	15.947763	3.693040	-50.740995
5.470000	68.692369	1.047502	6.148408	68.361878	-7.492412	29.973924	-47.290895	-43.518852	4.750665	-3.067664	75.040132	5.914516	53.258579	-62.138785	-46.674371	3.582278	-0.161975	-112.714373	-56.103625	1.716418	18.321548	-1.360317	-214.516859	24.538215	21.022743	-21.408986	-43.629337
5.480000	76.409359	0.418584	8.071551	65.526620	-7.369258	26.376989	-43.758933	-42.549837	4.012549	-3.222788	71.731970	5.588460	52.389555	-63.939653	-47.774751	2.939065	-0.703648	-107.291105	-26.579150	11.115681	15.105499	4.128141	-213.136254	26.559823	27.644500	-44.137622	-35.753429
5.490000	87.543087	-0.152760	9.835376	58.007561	-6.847826	22.129875	-39.052695	-41.584168	2.860294	-3.259076	64.372845	4.090550	51.798716	-67.086443	-49.140312	2.218970	-1.363688	-96.320030	8.718148	22.352828	12.880956	14.105959	-206.078826	27.028400	34.167051	-62.134476	-27.621286
5.500000	102.893772	-0.799270	11.285435	42.614758	-5.488513	16.902393	-32.654036	-40.050421	1.321933	-3.185257	49.586162	2.064792	51.381983	-71.176924	-50.631531	1.375396	-2.057240	-78.250933	47.186167	33.591069	15.806437	30.442690	-189.875606	26.871514	40.481088	-74.282728	-20.328589
5.510000	121.435051	5.407743	9.585354	14.416326	-2.934736	12.524009	-26.116021	-37.502278	0.190326	-3.151702	25.837189	3.241231	50.684225	-71.941569	-51.876020	0.453065	-2.040865	-51.501447	53.537204	44.030946	31.904186	56.982007	-160.143550	47.225533	46.622711	-77.144390	-9.437509
5.520000	143.038197	8.002326	4.584756	-17.015809	1.414195	7.759707	-15.474785	-35.458904	-0.824778	-3.601869	-6.998613	7.444189	49.793351	-70.601054	-53.373083	-0.276973	-1.470153	-14.735745	52.723904	43.896076	78.625381	69.155388	-114.925400	57.458477	44.464101	-67.340054	-4.488578
5.530000	160.000000	7.799100	3.327722	-24.691669	4.599593	5.648786	-5.014178	-36.859769	-1.552146	-2.906591	-20.109521	1.199226	45.067444	-63.665859	-53.710770	-0.296512	-1.487062	9.367890	33.166545	24.334860	94.892594	85.788213	-81.597467	51.747550	38.628459	-34.784769	5.015641
5.540000	152.233639	6.517990	8.354964	-10.157099	8.934286	7.127208	4.368847	-38.555171	-0.664963	0.278137	-5.645454	-9.214102	32.915961	-46.800867	-52.991901	-1.007610	-0.614251	-21.667998	1.277685	-2.659843	87.991789	91.996975	-76.079286	33.454496	19.023067	4.773194	3.802078
5.550000	137.475309	-16.547480	9.634513	15.088048	7.363284	2.414292	14.956830	-44.660717	-0.420064	0.721639	3.945945	-19.804992	27.494499	-43.578550	-46.104345	-0.689343	-0.727758	-28.166896	-5.508373	21.998008	83.444184	82.288705	-109.359996	-2.785099	-5.451769	13.035133	6.433988
5.560000	131.861744	-12.489443	10.663444	14.268230	-1.063665	-6.474094	10.107089	-45.865003	-0.692344	-0.242706	12.361296	-21.778680	29.202560	-45.627292	-48.726976	1.094504	-0.636224	-27.329314	12.252477	10.702773	92.775106	79.093173	-107.152001	23.338506	27.861370	16.970944	-2.447426
5.570000	128.473244	-17.703842	10.258912	19.106161	-4.739948	-8.870989	3.046995	-47.867998	-1.261674	-0.744965	14.637243	-21.961790	26.929723	-48.512675	-48.813894	2.367083	-1.095270	-15.610923	16.633557	10.018570	97.850490	75.393260	-102.334514	28.510565	26.182517	26.731293	-1.614191
5.580000	119.805574	-22.119949	11.464906	21.989141	-4.632839	-3.892303	-0.370281	-47.372077	-1.245986	-0.897033	13.986839	-20.571366	25.782827	-47.626562	-48.142269	2.971443	-1.448018	-14.458762	10.841450	2.437573	111.705726	66.127375	-102.175699	21.354043	30.060183	40.090504	-7.572174
5.590000	110.072308	-26.792891	12.216807	22.940952	-5.309958	-2.701175	-2.189307	-45.738082	-0.817016	-0.998864	14.414247	-18.472333	24.677549	-47.013175	-47.778968	3.407085	-1.998035	-9.317017	1.926254	-1.946587	123.944557	52.948639	-103.070786	14.042734	30.015104	47.365732	-11.542764
5.600000	101.306648	-29.274144	12.753388	20.641766	-6.071167	-3.231000	-2.645495	-42.973999	-0.281777	-1.108243	15.447832	-13.986063	24.107743	-45.895755	-47.488689	3.612380	-2.384720	-0.935511	-2.163697	-8.052180	136.050332	36.129482	-102.593685	9.794151	33.278650	49.094792	-16.232017
5.610000	92.399197	-31.849236	12.930179	18.085381	-5.254964	-2.713038	-2.534289	-40.539619	0.311551	-1.146339	16.929584	-9.011674	22.591291	-44.505753	-46.443783	3.643830	-2.425635	7.955142	-5.383769	-11.465325	144.239670	16.508808	-104.486730	6.391313	33.467938	46.658859	-21.400522
5.620000	84.149494	-31.439097	12.993190	16.071623	-0.992700	-1.630798	-2.900921	-38.968679	0.809862	-1.100749	19.115845	-7.500009	19.626135	-43.949962	-45.927215	3.466175	-2.358288	16.425687	-6.386867	-13.918670	125.998521	19.468058	-104.569096	3.230745	33.936596	41.365801	-28.012196
5.630000	75.617046	-28.919086	12.440368	11.733845	1.576664	-0.191204	-2.182996	-37.094783	1.354181	-1.164736	18.951984	-5.380078	17.191188	-42.514130	-46.033829	3.392298	-2.151278	21.308200	-5.159573	-13.890705	106.922024	17.368065	-104.044206	0.277769	36.292867	29.705407	-39.661698
5.640000	68.013220	-23.941345	7.239283	5.497252	-3.455528	0.277961	-0.827902	-36.501832	2.076338	-1.495633	15.808944	0.821213	17.800862	-38.846768	-45.520741	3.480447	-1.693073	19.462949	0.952938	-13.729923	110.521120	-29.285295	-102.663881	6.252147	44.257423	18.330163	-56.952782
5.650000	63.231087	-20.799534	2.284655	1.597624	-2.223379	0.977404	-0.525244	-37.365254	2.430331	-1.607738	15.328625	2.304281	15.963385	-38.172059	-45.154259	3.436780	-1.386023	22.061942	-2.374683	-5.627689	97.992030	-57.239007	-101.030252	12.726593	36.379239	10.300671	-66.316001
5.660000	61.012392	-13.917129	-0.911149	-1.434252	2.245777	2.715047	1.378355	-37.121039	2.696021	-1.752741	13.164459	1.793905	15.093248	-35.996299	-46.175882	3.479549	-1.069623	17.701690	-4.218599	-4.589950	82.737547	-74.958123	-97.567029	10.840066	36.718968	-5.869894	-80.661468
5.670000	59.310322	-3.117561	-5.358785	-6.220840	6.759128	2.283887	2.899125	-36.971066	2.907926	-1.799525	10.966493	1.866046	14.084249	-33.947721	-47.842711	3.505013	-0.623983	5.163007	-10.228626	-6.720366	62.051895	-85.633464	-86.235977	10.664146	31.042609	-23.361276	-94.252996
5.680000	61.155825	-0.089834	-6.512935	-9.594956	7.434306	-1.212488	6.315755	-36.567021	2.560770	-2.250156	8.870629	1.287989	15.192360	-32.586049	-48.171885	3.628488	-0.790249	0.240174	-9.712610	1.725219	52.345687	-97.844079	-77.543715	2.063975	17.634533	-28.916712	-106.341444
5.690000	62.087364	5.253722	-5.568322	-10.501318	6.248021	-1.652571	7.262178	-34.655046	2.254923	-2.755232	6.133716	2.154636	17.108759	-28.304428	-48.020322	4.041208	-1.035193	-6.548813	-15.297894	0.454946	42.828012	-113.200821	-67.663631	2.184938	15.742152	-29.868932	-123.206586
5.700000	62.243252	7.827383	-4.556205	-7.572893	6.129719	-1.250325	8.916469	-31.719189	1.686370	-3.619007	3.613288	1.262411	18.824700	-22.948375	-46.261244	4.233136	-1.358948	-7.593052	-15.384101	3.342279	29.300706	-122.471608	-60.129930	-0.603838	7.742484	-24.894355	-136.459112
5.710000	63.688488	10.873652	-6.821228	-1.219699	8.350343	3.819871	4.066524	-30.584365	0.897975	-4.179617	1.517073	-0.233215	15.772486	-18.340444	-45.000225	3.689201	-1.654381	-0.660737	-16.013703	19.341865	-0.143592	-94.912015	-43.161294	-0.536163	20.520231	-32.467707	-119.303189
5.720000	61.770334	9.980993	-9.459751	10.850971	3.188303	9.537855	4.323360	-26.278686	0.691979	-4.715129	2.524472	1.086892	15.621109	-17.034857	-42.763837	2.090087	-2.854850	9.771019	-21.026189	19.822839	1.754053	-12.020184	-28.905479	-11.384071	18.021140	7.835647	-13.830226
5.730000	50.445414	21.472101	-8.901479	15.299726	-0.911392	-1.321584	-5.362705	-27.592804	0.351999	-3.527010	9.837732	8.200881	17.870083	-13.293955	-47.015127	1.673653	-3.398529	18.814453	-1.918511	-14.768208	2.005778	30.283088	-2.860668	2.770885	47.942059	13.367258	8.132990
5.740000	35.585546	14.824307	-6.119195	30.614875	-8.964878	-8.795613	-5.759412	-30.123297	0.181514	-1.793345	9.818861	12.930056	12.807289	-2.574669	-45.544095	2.338863	-3.629767	24.532624	-9.748643	-15.908531	74.782652	13.468260	-11.178855	11.485001	60.560417	57.759395	-1.635512
5.750000	33.515241	5.675046	-2.323603	38.257848	-16.479950	-4.162455	-1.043912	-25.404941	0.015659	-0.573947	5.165193	6.262270	7.815540	5.618291	-44.019427	2.326758	-3.060516	23.921631	-7.541795	6.484393	83.856511	10.648699	-27.108712	21.591390	69.770649	44.997445	17.369688
5.760000	40.409384	8.445609	-0.610760	32.247446	-15.224398	-1.969845	0.365196	-21.347914	0.222144	0.603737	2.032341	5.749199	4.734743	12.868133	-43.110512	1.872994	-2.772449	18.161654	-3.599987	4.386557	55.206634	20.197289	-31.443066	35.521997	78.316453	26.520368	20.049881
5.770000	42.741079	11.126344	-1.224118	25.528396	-9.032450	-3.800595	2.385988	-19.076541	0.187504	1.527541	-2.342139	10.756373	-2.496129	9.445633	-41.914269	1.783666	-2.572535	8.692204	-2.040901	-7.910126	43.950552	22.614004	-42.862924	39.639660	80.303800	23.735429	15.250631
5.780000	44.129305	10.094759	-1.752482	15.507625	-2.906977	-3.672053	2.892088	-20.580143	-0.075724	2.072112	-7.018306	12.358325	-5.535632	5.105289	-42.771943	1.650058	-2.158187	7.025076	2.970010	-15.939732	25.723355	13.292847	-51.665126	45.387687	77.149907	13.626762	8.587681
5.790000	42.045975	8.578061	-3.369519	6.907424	-0.599913	-2.329102	3.604631	-23.209393	0.051985	2.422616	-9.862320	11.759729	-2.236801	3.661699	-44.555381	1.273317	-1.910189	3.624886	5.259614	-20.558967	2.829225	6.547393	-55.406615	50.417895	74.974376	0.379018	5.714433
5.800000	38.741083	7.129504	-5.997032	0.165241	1.201528	-2.000414	2.758832	-24.484958	0.205187	2.947151	-9.552347	8.404217	-0.303100	3.264828	-45.585074	1.085174	-1.722233	1.152646	7.551606	-19.419493	-2.760123	10.798847	-50.956789	51.527692	74.282160	-1.453659	5.237136
5.810000	32.991407	6.657990	-8.495191	-4.920751	5.032578	-2.969422	2.391858	-24.226662	0.640009	3.609314	-7.234406	2.091025	-1.210883	1.074023	-45.749672	1.065250	-1.737032	-2.011276	7.708487	-12.940446	2.680904	18.966546	-44.769320	43.062585	75.247505	-2.453014	2.238583
5.820000	27.023995	4.858022	-9.465382	-5.402051	7.880491	-0.656818	1.377044	-23.241106	1.088141	3.980246	-7.073950	-4.243498	-1.299104	-0.652752	-46.013854	0.738971	-1.581225	-5.259336	8.408686	-11.491742	6.302887	21.820229	-34.997828	31.960524	73.070875	-2.463189	10.709863
5.830000	20.943253	2.297962	-10.062385	-4.438252	10.046364	0.274388	1.701795	-22.361096	1.342927	4.089284	-6.873542	-8.490880	-1.228150	-2.116419	-45.498636	0.346269	-1.745464	-6.581087	9.579340	-11.325146	-1.472712	17.181261	-29.769998	16.199164	68.123603	-5.208917	4.225204
5.840000	16.214802	-1.664183	-9.461195	-5.183997	10.223889	1.074770	1.626381	-19.642364	1.526536	3.966117	-7.555285	-13.669380	-0.443158	-2.754262	-44.458263	0.032856	-1.734425	-4.773200	10.969825	-10.233514	-2.021112	17.075246	-25.254055	-1.077614	60.348281	-7.349081	8.575078
5.850000	12.189130	-8.241513	-11.419178	-8.264029	3.759510	-2.331533	5.407011	-17.166000	1.963961	4.000571	-0.424952	-14.135984	1.109937	-4.075669	-40.691607	0.482645	-1.605730	8.733826	-7.385334	-10.347505	40.536520	1.413309	-25.590792	-10.787900	43.319906	-12.137635	-8.886101
5.860000	7.399076	-15.947908	-11.210741	-2.353346	1.282348	3.666662	2.806835	-12.962787	2.970453	3.388917	9.273265	-15.224782	-0.446031	-4.120652	-38.689807	1.143511	-1.077707	18.780488	-19.831234	1.001423	70.182113	1.145164	-31.958725	-12.405878	30.673188	-7.529886	-2.654828
5.870000	7.733765	-8.708625	-8.567440	-2.041634	7.677319	6.369471	-2.039656	-9.295684	4.072097	2.540752	13.984323	-11.383731	-4.961119	-2.357738	-40.633358	1.734973	-0.967081	17.168242	9.507586	3.054044	48.541935	25.138902	-34.278730	-21.492138	45.476934	18.465259	12.702679
5.880000	12.013253	-2.690689	-7.288879	-3.562248	2.215341	2.891177	-3.600154	-7.364971	5.209821	1.243443	18.447772	-1.272642	-3.436185	3.097581	-40.693372	2.212054	-0.925970	22.474363	5.810617	-5.838764	52.752873	39.594542	-34.125328	-18.766495	51.042549	29.906859	15.879303
5.890000	8.627211	-3.923274	-7.847945	-0.089344	-5.638118	-0.677436	-5.229445	-4.357079	6.164112	-0.058437	19.203907	5.361167	-1.121519	4.365188	-37.421983	2.569072	-0.546760	26.564603	-13.217445	-6.861887	81.716073	38.534231	-35.607378	-11.210000	47.112358	33.973838	18.023651
5.900000	3.055183	-4.329996	-7.769503	1.496033	-9.234129	-1.407186	-4.280125	-1.535343	6.510834	-1.235950	14.630517	6.293475	0.930042	4.730840	-34.125932	2.902923	-0.193718	30.580366	-11.090898	-5.238839	90.757084	35.013992	-32.368300	-11.459562	47.763419	25.905973	14.395110
5.910000	-4.277838	-1.582562	-7.069021	8.015895	-8.527406	0.130227	-2.344097	0.446325	6.629380	-2.015010	14.603281	9.039902	-0.651609	6.511389	-30.744046	3.340469	-0.183007	26.793956	-3.675557	-4.975966	91.280776	38.488716	-35.234514	-23.940061	48.820934	53.022203	2.762182
5.920000	-2.336737	0.161333	-5.711626	11.256018	-11.232927	-2.900025	-1.483702	1.643357	5.960483	-2.660028	16.441466	8.018692	2.733904	6.261594	-27.443420	4.080385	-0.252986	24.346935	-0.994423	-14.857472	114.265949	29.680336	-33.733365	-34.551578	49.448106	77.489331	-11.909092
5.930000	2.603437	0.194027	-6.760808	11.309402	-14.580051	-2.758580	-0.373083	1.412966	5.222419	-3.145485	14.530564	2.051614	2.948669	7.970916	-24.110710	4.731753	-0.210686	21.111838	-4.153524	-13.373985	89.640158	8.886738	-35.425705	-26.896658	53.042883	59.875202	-34.842648
5.940000	6.197473	-0.431772	-6.238775	11.121156	-11.777899	-1.891349	-0.939608	2.199949	4.377846	-3.183478	11.804530	0.198060	1.033255	5.371667	-18.297199	4.651400	-0.109204	13.476244	3.006375	-6.432030	64.945020	-9.706372	-41.966514	-25.626708	56.081258	26.803250	-55.765688
5.950000	13.648496	-0.850463	-6.555668	7.746351	-7.645991	-1.683108	-1.279865	1.059447	3.310816	-3.249325	8.629808	-1.141726	0.988165	3.528269	-12.370318	4.267747	-0.037845	8.672203	5.766272	-4.516148	44.916397	-18.722991	-41.049536	-17.489512	58.705392	3.849674	-64.697385
5.960000	17.244306	-1.728359	-7.125814	5.602993	-2.559865	-1.016061	0.019243	1.096515	2.332715	-3.086444	5.721683	-1.740691	-0.560223	2.636840	-6.709333	3.742423	0.069337	1.664223	6.164442	-2.549298	36.868152	-19.728143	-42.548568	-11.286930	58.444279	-7.496989	-66.152170
5.970000	20.527983	-2.602237	-6.785212	5.561304	1.648560	-0.715062	2.050249	0.134200	1.406924	-2.994973	3.668539	-1.396823	-0.884573	2.441436	-2.389861	3.263365	-0.063146	1.115615	11.670217	0.875094	30.073366	-19.659875	-41.821885	-7.026845	56.937513	-14.415555	-64.336427
5.980000	21.160767	-1.979046	-7.641675	7.107424	3.980528	-0.232716	3.688838	0.093174	0.734929	-2.781591	3.351174	-0.169119	-1.132032	2.435433	1.279266	2.854457	-0.279995	-1.206774	16.951171	-0.296696	27.665569	-14.021339	-41.124199	-4.662736	54.703309	-10.987258	-59.495848
5.990000	21.503348	-1.404819	-8.823379	7.413506	4.108585	-0.412168	4.903110	-0.095262	0.180050	-2.494438	4.088739	0.546370	-1.050403	2.854675	3.365956	2.574250	-0.598653	-0.840268	20.152264	-2.202886	23.064409	-12.125386	-37.725902	1.665288	51.807886	-5.928873	-59.166726
6.000000	19.870895	-1.767043	-8.733083	9.061735	2.676131	-0.079179	5.694134	0.606043	-0.268384	-2.074037	4.664242	1.040160	-1.452408	2.625597	3.231677	2.180522	-0.974491	-1.721209	26.948372	-1.662562	20.764679	-10.555336	-37.574930	2.831606	46.627745	-2.094034	-60.442053
6.010000	19.943997	-2.530496	-8.712426	8.629597	-0.510778	-1.135985	4.821080	0.867176	-0.636388	-1.643340	6.284505	0.944266	-1.299486	2.474116	3.857275	1.823518	-1.448237	-2.346058	31.161580	-5.018403	18.130910	-10.288073	-34.741267	6.526788	42.024256	-0.382322	-63.703559
6.020000	19.371856	-4.441066	-7.396639	9.509493	-3.876607	-1.193223	3.636175	1.288693	-1.023350	-1.194700	6.827280	-0.103390	-1.725348	2.590341	4.192535	1.346858	-2.015448	-3.737491	34.970870	-4.778106	17.069256	-8.767085	-35.077170	7.192668	34.726350	3.417221	-62.422954
6.030000	20.185914	-6.389350	-5.722639	7.213032	-7.373649	-2.250939	2.146780	1.214389	-1.446858	-0.749014	8.464713	-1.103089	-1.963708	2.597455	4.387253	0.867337	-2.550247	-4.871170	35.879349	-7.845894	16.021827	-8.867553	-32.714502	9.331680	27.617101	1.378157	-63.779339
6.040000	20.779157	-8.825599	-3.286039	6.780320	-9.341867	-1.966139	0.818401	1.248238	-1.956723	-0.357345	9.489618	-2.929965	-2.458325	2.712616	3.968791	0.311371	-3.004056	-6.647269	35.375528	-8.681389	16.271064	-5.785201	-32.958845	8.252799	17.654623	2.678896	-59.152119
6.050000	22.815909	-11.444798	-0.762305	4.236585	-10.287328	-2.501499	0.198574	1.044246	-2.484857	-0.036534	11.012396	-4.415528	-2.708185	2.507407	3.440921	-0.145506	-3.285602	-6.937183	31.554202	-12.026758	17.919543	-2.866477	-31.929081	8.427593	7.030976	-1.747110	-58.534823
6.060000	24.131575	-14.503864	2.307525	4.027372	-9.388582	-1.587910	0.016204	1.062428	-3.054234	0.310003	10.631504	-5.979471	-2.956745	2.069114	2.694804	-0.552402	-3.432494	-6.102499	26.752274	-13.817886	21.929949	3.064208	-35.109428	5.041561	-6.038697	-3.703862	-54.395940
6.070000	26.106360	-16.750584	4.424614	2.918663	-8.613467	-1.897380	0.060047	0.789792	-3.531332	0.452851	9.980343	-5.949720	-2.515957	1.522404	1.627076	-0.734383	-3.628489	-4.443859	21.887623	-21.079503	25.417719	5.932346	-36.983578	-0.890898	-11.387638	-9.099857	-53.445950
6.080000	27.238090	-20.040224	6.803072	4.124529	-5.660365	-0.863605	0.838720	0.875009	-4.001020	0.632824	8.223183	-6.439057	-2.179260	0.906423	1.509274	-0.861030	-3.795639	-2.296782	12.100061	-25.031675	27.115372	8.740882	-42.269109	-7.747326	-15.637559	-8.678044	-47.820523
6.090000	27.977624	-22.246921	9.175900	3.237505	-2.601457	-0.785438	2.827168	1.007992	-4.431247	0.917250	7.001006	-5.728886	-2.671328	1.244377	1.363515	-0.843301	-3.861311	-0.956227	3.467761	-29.925299	28.611016	8.363641	-45.308338	-16.055378	-15.256850	-15.665178	-46.387412
6.100000	29.319863	-24.445853	12.557897	5.079571	1.886400	-0.351262	4.965206	1.433169	-4.876190	1.413686	8.179363	-5.975498	-3.291314	2.066725	1.844750	-0.758856	-3.878273	-0.644787	-9.007398	-31.374590	30.873384	8.364012	-48.821924	-21.490079	-18.401765	-20.037402	-43.211181
6.110000	31.523623	-24.710176	15.960175	7.025400	4.973759	-1.122014	7.078744	2.086132	-5.201069	2.035847	9.951418	-5.570437	-3.747096	2.978154	1.906318	-0.555998	-4.037388	-0.610646	-17.798348	-32.875295	35.946558	7.648495	-49.083922	-29.491978	-19.645326	-24.156238	-39.495908
6.120000	33.683569	-24.107108	18.684208	10.458768	8.246495	-1.779129	8.614123	2.895892	-5.351006	2.765403	12.363072	-5.539072	-4.233448	3.879267	2.636741	-0.400962	-4.256414	-1.446400	-32.798270	-33.196020	40.536681	6.112121	-49.143570	-33.211558	-22.655658	-23.546666	-36.300357
6.130000	35.734766	-22.176678	20.987803	14.480205	10.073669	-2.281782	10.789800	3.608395	-5.314036	3.430108	12.233725	-5.110272	-4.712014	3.826565	3.201023	-0.326386	-4.471194	-3.230449	-43.372634	-33.064368	45.446563	3.600546	-48.849293	-39.567105	-27.030592	-23.997653	-34.589991
6.140000	40.744028	-8.694360	17.701375	17.676653	4.409999	-4.040773	14.810821	2.713874	-5.713037	4.117498	12.093405	0.476677	-4.801454	6.702325	2.517277	-0.334595	-4.201638	-13.826962	-28.786451	-48.479757	50.288522	-5.955553	-49.953823	-34.348980	-38.019164	-41.235964	-45.028567
6.150000	48.591838	-3.254020	16.266027	20.615937	4.788551	-4.286190	10.705518	3.646976	-5.640093	4.539660	13.218388	-1.783976	-2.085379	5.748870	2.994643	-0.117349	-4.177644	-13.505075	-46.107104	-55.248150	32.509256	-19.845856	-48.507977	-18.456565	-50.724229	-19.784103	-34.917876
6.160000	49.150000	-0.273216	15.407866	19.606091	2.312882	-3.828993	11.566022	4.719701	-5.600468	4.656371	9.479078	-2.361302	-2.347071	4.495308	2.861735	-0.023727	-4.667394	-19.163903	-37.526266	-54.141180	25.404462	-26.687039	-50.283312	-31.129044	-48.170744	-14.170571	-30.174023
6.170000	48.220234	-11.278050	20.551029	16.427068	10.406273	-3.132337	11.801006	3.294512	-5.132426	4.709315	4.125640	-8.590079	-2.410076	1.643792	2.703852	-0.194482	-5.045258	-13.261043	-72.323961	-41.728690	14.946518	-31.439856	-48.298345	-36.847735	-43.358727	-3.207766	-24.516165
6.180000	42.541380	-15.015895	23.301134	12.539786	9.311397	-2.525509	16.333941	4.676992	-5.403209	5.097928	-2.823975	-6.618689	-2.624345	-1.430202	3.058625	-0.283430	-5.512035	-18.654284	-63.620367	-34.996006	26.603801	-34.486603	-57.409174	-59.250695	-36.844084	-24.372433	-39.644022
6.190000	44.738808	-15.403671	24.627781	9.135621	10.165080	-2.573672	13.833120	2.947012	-5.798199	5.456303	-6.441362	-6.467251	-0.894971	-3.013956	1.485364	-0.266847	-5.028945	-15.637315	-73.390210	-37.772553	25.271570	-48.886724	-63.315701	-53.826601	-41.035885	-38.655066	-56.203388
6.200000	47.856512	-10.287443	23.678744	8.758441	4.539392	-0.770270	10.804085	3.357989	-6.262936	5.908603	-5.735230	-5.988258	1.017747	-3.614399	1.101984	-0.171101	-4.662503	-17.095889	-67.490447	-40.842274	22.129172	-66.253863	-73.047129	-54.484054	-46.271262	-38.804644	-63.190319
6.210000	53.579588	-2.295423	16.685322	5.739156	-1.111244	-0.857751	7.966302	2.496778	-6.345736	6.234878	-1.718929	-4.763310	-0.093680	-0.205943	0.265878	-0.027859	-3.972020	-24.371190	-69.664676	-46.957608	5.514997	-76.810904	-74.502929	-44.924590	-43.832749	-42.260519	-69.373488
6.220000	58.447266	7.451938	11.026707	3.925070	-5.694484	0.537259	6.196260	2.865479	-6.339730	6.616055	2.797976	-2.823978	-0.468588	1.550755	-0.277667	-0.232831	-3.328051	-35.919304	-65.800357	-40.528446	-15.671128	-82.441963	-72.567537	-48.789877	-41.384795	-39.779918	-67.018911
6.230000	62.663345	14.987750	3.358310	0.170095	-7.241799	0.457480	1.716958	1.550155	-6.122021	6.735943	5.413391	-0.675843	-1.176165	5.507069	0.755997	-0.540188	-2.740167	-46.291401	-72.456752	-38.516311	-34.886424	-71.880274	-61.927627	-44.799085	-36.328545	-29.296423	-54.996815
6.240000	58.980742	12.377218	-0.123153	-0.657486	-4.488499	0.223496	-2.893595	1.611280	-6.348936	6.754476	6.494230	-2.230506	-0.858019	5.238340	-0.042709	-1.354237	-2.615375	-49.692100	-91.387818	-38.868029	-35.713063	-48.326541	-47.089611	-32.719228	-33.922666	9.342165	-35.978504
6.250000	50.375242	10.367681	4.384926	-1.367196	-1.104160	1.761798	3.823649	6.519258	-6.735215	7.173214	2.289034	-0.018358	-0.335546	3.701682	5.055808	-1.133053	-2.543499	-50.807915	-60.574521	-32.197246	22.346659	-20.216051	-39.223200	-63.199815	-33.512063	-1.385540	-43.742068
6.260000	42.559204	0.202408	11.596511	-0.409306	1.875642	-0.957757	9.883117	3.496071	-6.003851	6.531161	3.968187	-4.044553	0.886400	6.696690	1.928960	-1.564598	-0.943881	-32.873264	-64.894939	-14.704280	97.226161	8.354785	-28.073039	-37.835675	-56.347337	-0.391357	-48.762493
6.270000	29.412796	2.282883	8.247354	-0.316137	-0.906407	-1.277362	10.366712	9.163590	-5.928955	6.792211	2.676096	5.739585	-0.874213	4.488675	-0.258759	-0.887092	-1.400091	-28.547272	-22.409472	-15.667110	122.232699	-6.609956	-18.657056	-34.661939	-54.934466	14.178595	-47.467370
6.280000	19.620764	2.743480	1.818588	0.144622	-5.469746	-2.946860	11.267588	14.009085	-5.750244	6.681009	3.437564	3.820657	-1.041083	6.247880	1.776687	-1.057513	-0.516322	-27.307178	-26.046887	-10.079701	149.131840	2.083330	-6.755751	-6.596926	-50.570203	18.430755	-51.025704
6.290000	11.754088	0.416212	4.384416	5.552964	-3.142444	-4.032497	7.746185	15.532525	-5.277464	5.998140	-1.037169	6.339804	-0.462495	2.726829	-0.540346	-1.207925	-0.782878	-20.286140	-3.665016	-8.333629	153.633231	-16.871130	-7.066159	-7.754629	-53.196895	58.535072	-45.738138
6.300000	8.198317	-5.217676	7.735121	7.281277	-3.855885	-3.776783	6.124300	18.030126	-4.763755	5.203432	-3.073873	2.179423	-0.824696	3.952070	3.092899	-1.442064	-0.420420	-12.256748	-12.032451	-6.093525	157.039493	-18.777618	-5.000072	1.748070	-56.152189	74.462011	-43.445688
6.310000	12.532599	-5.485737	3.216463	4.656112	-8.745967	-4.178868	3.468381	19.870028	-4.349823	5.213765	0.557169	0.058943	-4.749399	5.592866	4.260262	-1.809719	-0.087694	-12.666046	-35.756671	-3.540697	159.531873	-7.799955	-4.627567	9.462445	-54.305242	78.753456	-30.887976
6.320000	23.422923	-13.477658	-2.735724	5.050249	-7.924114	-6.308341	1.829864	20.661417	-3.485274	4.989530	9.150619	-7.221601	-3.616106	5.524121	2.922652	-3.298229	1.217319	-13.294840	-88.293927	-1.792127	154.337579	12.719242	7.771536	49.006876	-52.559906	76.546043	-13.719741
6.330000	28.514214	-14.441936	-1.694910	12.263598	-4.873670	-2.759637	3.847447	23.521967	-2.949002	4.681847	10.216042	-3.065488	-3.565052	6.721818	1.529698	-3.885538	1.330998	-19.065078	-69.677462	2.137918	138.484758	-4.290139	3.630241	32.851853	-45.095399	73.829301	-8.947592
6.340000	31.118693	-12.634169	-2.035443	15.554972	-3.781188	-1.689876	3.391908	25.726818	-2.373324	4.130011	9.659721	0.307601	-2.614239	6.458911	1.795669	-3.877217	1.397415	-23.861608	-47.404477	1.409238	125.551522	-16.778795	1.471769	15.476290	-38.910958	72.519220	-8.039899
6.350000	31.829572	-11.788623	-3.146430	14.289192	-3.428574	-2.791646	1.475286	26.818264	-1.480252	3.573475	7.195145	-0.574583	-1.709655	4.375108	1.910406	-3.933901	1.678983	-27.337919	-39.450556	-0.461196	118.238854	-21.467751	1.086410	5.493877	-35.064746	71.534045	-7.764794
6.360000	31.175399	-12.481716	-3.953178	12.138469	-2.427547	-2.978746	-0.767079	27.259916	-0.455742	3.191506	4.103817	-3.067073	-0.666656	1.635997	1.439667	-4.054556	2.046184	-27.907338	-39.429647	-2.535496	113.888133	-21.558529	0.297472	-1.466812	-33.957361	71.305253	-7.516455
6.370000	29.258745	-13.914793	-4.271500	9.450750	-0.827647	-2.039381	-1.974758	27.414761	0.518675	2.981931	1.198685	-4.955270	0.303070	-0.501488	1.228858	-4.188957	2.337793	-25.548709	-43.304122	-4.872654	110.460985	-18.273896	-1.814551	-8.039721	-35.318770	70.961501	-7.225908
6.380000	27.009957	-15.342474	-4.306043	6.027934	0.845506	-0.835896	-1.997747	27.209315	1.294208	2.855656	-1.243250	-5.761828	0.815562	-1.638005	0.977684	-4.276185	2.502410	-20.975594	-48.071593	-7.779656	108.274350	-11.627780	-5.185639	-13.516054	-38.830264	69.555527	-6.755035
6.390000	25.014892	-16.381650	-4.152442	2.972221	2.002178	-0.017871	-1.282443	26.799928	1.760786	2.687671	-2.451936	-5.560058	0.448621	-1.753690	1.006759	-4.299379	2.453198	-14.908801	-52.413808	-10.629743	108.005279	-3.887223	-9.361308	-18.217062	-43.770307	67.149161	-6.835215
6.400000	23.398883	-17.016379	-4.041716	0.988670	2.369219	0.459576	-0.321364	26.406579	1.905127	2.405015	-2.087709	-5.055296	-0.592124	-1.198679	1.169098	-4.233032	2.161275	-8.469552	-56.059505	-13.012293	109.377712	3.399590	-13.945221	-22.226741	-49.468441	63.852601	-8.009031
6.410000	22.132101	-17.278513	-4.010135	0.045096	2.152500	0.821227	0.676984	26.159860	1.700426	2.053538	-0.331793	-4.283686	-1.652681	-0.333168	3.236583	-4.046588	1.613314	-2.034838	-59.612540	-14.320402	111.302885	8.497318	-18.238029	-26.260385	-55.039814	59.819783	-10.178156
6.420000	21.650825	-17.166735	-4.503623	-0.896197	1.464157	1.179161	1.410848	26.033700	1.304618	1.531200	2.639629	-3.764679	-2.700721	1.067908	5.349217	-3.731716	0.910902	3.316114	-61.805629	-15.701838	112.364727	11.173952	-22.252575	-29.508524	-60.401112	56.090811	-13.447652
6.430000	21.864188	-17.031667	-4.996953	-0.994214	0.851491	1.432416	1.765732	25.999289	0.757489	0.887134	6.268304	-2.995768	-3.421359	2.540232	7.459484	-3.333857	0.069034	8.096009	-62.762425	-15.992621	113.014233	10.405999	-26.169397	-32.354900	-65.021423	53.048627	-17.239846
6.440000	22.402685	-16.679902	-5.739871	-0.419248	0.478438	1.503938	1.840145	26.014443	0.072987	0.219442	9.784320	-2.063405	-3.706718	3.702679	9.601349	-2.867971	-0.821466	11.571555	-62.879594	-16.277058	113.305888	7.539669	-29.764929	-34.664636	-68.020490	50.935364	-21.282634
6.450000	23.340459	-16.099911	-6.516574	0.390315	0.128787	1.261195	1.731530	25.895588	-0.679133	-0.476282	12.425348	-1.163425	-3.574401	4.441850	11.850932	-2.345284	-1.662316	13.960451	-61.676270	-16.381005	113.391647	3.666815	-32.702231	-36.574702	-69.174394	49.614269	-25.154253
6.460000	24.467831	-15.176463	-7.273386	1.536605	-0.477419	0.746935	1.607590	25.585793	-1.403612	-1.161746	14.036816	-0.629078	-3.030304	4.957676	14.346933	-1.815352	-2.393777	15.350632	-59.425015	-16.604100	112.700450	0.072660	-35.039076	-37.901932	-68.617827	48.624721	-28.797701
6.470000	25.431321	-14.216318	-7.740139	2.462739	-1.236138	0.199578	1.542398	25.046468	-1.996120	-1.832934	14.283130	-0.547917	-2.453943	5.142132	16.989414	-1.305177	-2.971685	15.896705	-56.795986	-16.588250	110.406831	-2.593200	-37.296610	-38.426377	-67.262810	47.858647	-31.879269
6.480000	26.206822	-12.860159	-7.972930	3.015948	-2.011179	-0.313616	1.382076	24.381358	-2.513560	-2.355188	13.984872	-0.452617	-1.885755	5.511165	19.892167	-0.858309	-3.311990	15.812503	-54.007022	-17.082407	105.835301	-4.050232	-38.199314	-38.112471	-65.377790	47.349036	-33.617888
6.490000	26.273603	-11.801355	-7.916784	4.344663	-2.194851	-0.576570	1.518776	24.215478	-2.928425	-2.565142	13.100157	-0.502140	-1.295607	4.418427	22.025935	-0.529433	-3.583152	16.370745	-52.743486	-18.268162	101.458919	-4.318619	-38.659073	-37.027196	-63.292457	45.531365	-34.647584
6.500000	26.071911	-10.730897	-6.859319	5.345912	-1.911345	-0.825826	1.644015	24.193961	-3.243726	-2.674020	12.132971	-0.675989	-1.003807	3.780307	23.902308	-0.351095	-3.737103	16.959194	-52.159497	-18.013650	95.501778	-5.574364	-39.194695	-37.208486	-62.023290	44.036213	-34.359273
6.510000	25.991545	-9.629259	-5.920539	5.718202	-1.301824	-0.968963	1.807854	24.063110	-3.480598	-2.739663	11.539565	-1.048791	-0.754623	3.786519	25.324356	-0.257645	-3.672951	16.537195	-52.444024	-20.051502	89.172104	-4.920600	-38.842225	-36.052689	-61.907646	44.105190	-32.352410
6.520000	25.705345	-8.918149	-4.586346	6.068160	-0.581020	-0.931179	1.821015	24.022546	-3.644479	-2.776435	10.822238	-1.410012	-0.750148	3.176234	26.348438	-0.235637	-3.504727	16.393789	-54.081082	-21.177030	83.949763	-4.817849	-38.126250	-35.402649	-62.197432	43.575324	-29.797783
6.530000	25.294688	-8.488785	-3.204305	6.416582	0.018406	-0.949569	1.868788	23.844190	-3.745052	-2.784577	10.227824	-2.000937	-0.638717	2.528814	26.926577	-0.239489	-3.231268	16.123348	-56.714964	-22.002916	79.361254	-4.753513	-37.229672	-34.815757	-63.009605	42.879975	-26.788207
6.540000	24.882817	-8.235980	-2.076028	6.468900	0.377089	-1.064806	1.899844	23.459490	-3.819295	-2.788490	9.712474	-2.751607	-0.522466	2.019755	27.060265	-0.224831	-2.868728	15.692812	-59.688752	-22.991699	75.906587	-4.481874	-36.070034	-34.020827	-64.086440	42.167446	-23.518411
6.550000	24.491401	-8.208117	-1.077181	6.384163	0.386139	-1.113606	1.929207	22.899199	-3.904727	-2.807700	9.165781	-3.520214	-0.467848	1.599662	26.828745	-0.198899	-2.459206	15.433271	-62.690264	-23.364381	73.909061	-4.962107	-34.924911	-33.413239	-65.164755	41.117589	-20.462992
6.560000	24.087312	-8.310127	-0.425080	6.144963	0.093654	-1.183504	1.923655	22.197809	-4.009526	-2.838542	8.728663	-4.257616	-0.461139	1.313014	26.336953	-0.134472	-2.029734	15.159030	-65.436794	-23.363806	73.196505	-6.044969	-33.816123	-32.566410	-66.185081	39.808443	-17.927954
6.570000	23.710866	-8.441855	-0.126235	5.758471	-0.452981	-1.208568	1.768638	21.447798	-4.133237	-2.893670	8.353420	-4.815376	-0.460756	1.157880	25.729861	-0.032797	-1.612560	14.875187	-67.596923	-23.177440	73.917072	-7.465316	-32.743082	-31.385866	-67.026651	38.425702	-16.056024
6.580000	23.505249	-8.533294	-0.007961	5.515197	-1.112399	-1.275761	1.550473	20.691216	-4.265198	-2.974569	7.969182	-5.059910	-0.489591	1.098055	25.070762	0.093714	-1.244895	14.645041	-68.719513	-22.575465	75.568306	-9.797464	-31.707043	-30.153621	-67.525680	37.070167	-15.054893
6.590000	23.527212	-8.568187	-0.066931	5.446579	-1.720137	-1.349053	1.272114	19.911144	-4.364968	-3.067677	7.545805	-5.131975	-0.514200	1.129463	24.445523	0.239576	-0.912668	14.040555	-68.913163	-22.315322	77.646893	-12.619696	-31.020748	-28.552545	-67.769748	35.926024	-15.094426
6.600000	23.999004	-8.520321	-0.045270	5.583155	-2.193441	-1.414951	0.983380	19.085735	-4.412992	-3.169372	6.874857	-4.946298	-0.506808	1.114780	23.853790	0.395442	-0.613942	13.296291	-67.634412	-22.121235	79.750764	-16.512468	-30.663296	-26.950121	-67.626992	35.069885	-16.143169
6.610000	24.852445	-8.368332	0.031121	5.928940	-2.450707	-1.476323	0.773422	18.172678	-4.384428	-3.259592	6.000236	-4.661909	-0.549720	1.094207	23.223987	0.563293	-0.326584	12.084322	-64.977757	-22.234006	81.246918	-21.312790	-30.711213	-25.380796	-67.187257	34.642151	-18.098146
6.620000	26.000254	-8.155811	0.233563	6.193224	-2.517005	-1.329058	0.788665	17.265677	-4.292567	-3.333797	5.003985	-4.279110	-0.492684	0.969449	22.548065	0.734696	-0.043928	10.500637	-61.486431	-22.480765	82.368144	-26.276104	-30.889606	-23.947122	-66.652349	34.663533	-20.332152
6.630000	27.436254	-7.846215	0.501147	6.327255	-2.402252	-1.087714	1.170594	16.523961	-4.171588	-3.372614	4.083756	-3.656221	-0.336286	0.823045	21.895165	0.872687	0.203592	8.642678	-57.818952	-22.773595	83.029854	-30.713556	-30.857477	-22.851999	-66.204187	34.915633	-22.169832
6.640000	28.974261	-7.536484	0.856669	6.225060	-2.035714	-0.661952	1.923425	16.132850	-4.060182	-3.354950	3.450245	-2.798988	-0.132584	0.755925	21.391504	0.925720	0.394876	6.604340	-55.388887	-23.172462	83.711287	-33.851780	-30.586570	-22.166257	-66.215484	35.210236	-22.901220
6.650000	30.457597	-7.252541	1.289049	6.045963	-1.397652	-0.235082	2.678666	16.174065	-3.975167	-3.297154	3.126252	-1.918236	-0.052558	0.747178	20.996515	0.876537	0.500604	4.579599	-54.620441	-23.704062	85.073376	-35.447288	-29.931110	-22.128635	-66.763213	35.665914	-22.129472
6.660000	31.671844	-6.920627	1.745932	5.805784	-0.800332	0.137264	3.257585	16.517926	-3.915047	-3.218049	2.985869	-1.332513	-0.057710	0.891508	20.658536	0.724020	0.528172	2.554141	-55.901616	-24.669273	87.282640	-35.467688	-28.815433	-22.603968	-67.673099	36.364793	-20.061499
6.670000	32.418890	-6.508548	2.356975	5.294227	-0.473311	0.449736	3.515277	16.896710	-3.864880	-3.123401	2.732527	-1.029450	-0.082211	1.187789	20.417456	0.475790	0.534458	0.639299	-59.147118	-25.745358	89.895612	-34.518860	-27.552157	-23.533338	-68.840048	37.636900	-17.353633
6.680000	32.820537	-6.115007	2.928521	4.695628	-0.334507	0.607684	3.433156	17.154183	-3.791237	-3.027964	2.230365	-1.187723	-0.137037	1.206335	20.084947	0.171614	0.515019	-0.530667	-63.386779	-27.021135	92.715955	-32.912660	-25.935547	-24.552022	-70.008007	39.745492	-14.572619
6.690000	32.537987	-5.925936	3.497565	4.245736	-0.247493	0.676611	3.144226	17.192256	-3.684750	-2.942662	1.494346	-1.813293	-0.278515	1.011439	19.624559	-0.166367	0.438122	-1.186419	-68.092435	-27.968091	95.094815	-31.922996	-25.022332	-25.864319	-71.049088	42.172712	-12.480242
6.700000	32.302413	-5.107479	3.595739	3.636234	-0.353049	0.485230	2.576549	17.049931	-3.562691	-2.923410	0.554498	-2.417257	-0.104622	0.749303	19.144762	-0.445496	0.298102	-1.357653	-69.074345	-29.477853	96.453846	-31.535272	-23.390230	-27.811565	-71.598110	44.852865	-10.840138
6.710000	31.618106	-3.790124	3.413606	3.290801	-0.469359	0.541050	2.204086	16.783223	-3.455288	-2.920474	-0.283221	-2.897229	-0.400236	0.748589	18.559860	-0.647919	0.125294	-1.952785	-68.432064	-31.730720	96.311769	-32.835770	-22.768339	-30.640833	-71.706221	47.088683	-10.178156
6.720000	30.725112	-3.069321	3.561273	2.881891	-0.497988	0.533670	1.938923	16.566645	-3.377170	-2.904532	-0.954743	-3.561334	-0.422941	0.258493	17.964393	-0.777547	-0.055340	-1.933703	-68.097221	-32.435967	96.590066	-34.917686	-22.884094	-33.496757	-72.087899	48.878896	-9.001072
6.730000	29.977109	-2.722255	3.386839	2.417617	-0.636110	0.381507	1.774366	16.370114	-3.366368	-2.886841	-1.412433	-4.257263	-0.251132	-0.185249	17.385880	-0.833438	-0.262254	-1.060140	-68.254344	-32.926852	96.601072	-36.181595	-22.866215	-35.433722	-72.709425	50.198141	-7.311266
6.740000	29.040203	-2.591764	2.954892	2.200890	-0.878269	0.338141	1.805064	16.180631	-3.462766	-2.829151	-1.612164	-4.458425	-0.254848	-0.447989	16.897729	-0.924506	-0.519018	0.265639	-69.337510	-33.280107	95.880049	-37.333276	-23.598420	-37.126441	-73.525330	50.621054	-5.696723
6.750000	28.139720	-2.664900	2.544653	2.099781	-1.019852	0.268575	1.757860	15.940323	-3.650733	-2.756019	-1.593960	-4.324043	-0.360326	-0.667900	16.376421	-1.040568	-0.784201	1.921894	-70.794501	-33.272736	95.425397	-38.368613	-24.341897	-39.147943	-74.657142	50.918162	-4.255671
6.760000	27.389383	-2.915001	2.194235	2.021746	-1.056138	0.138859	1.690883	15.573772	-3.874719	-2.662401	-1.430633	-4.004326	-0.347603	-0.724519	15.868613	-1.168482	-1.013295	3.525389	-72.555788	-33.184093	95.042431	-39.393932	-25.002386	-41.606340	-76.052919	51.099184	-3.191717
6.770000	26.748464	-3.469215	1.814524	1.994006	-0.846237	-0.037585	1.657391	15.129232	-4.068278	-2.570105	-1.299283	-3.466217	-0.117421	-0.832065	15.354618	-1.339768	-1.270897	4.791360	-74.224507	-33.290009	94.767863	-40.243734	-25.754555	-44.837499	-77.236283	50.881085	-2.441019
6.780000	26.446779	-4.368077	1.801060	1.805988	-0.473158	-0.135411	1.625125	14.491230	-4.191066	-2.497930	-1.431571	-2.606663	0.250272	-0.717888	14.959853	-1.589574	-1.525082	5.819092	-75.713649	-33.470370	94.623470	-41.519362	-26.063100	-48.597428	-78.145131	50.585917	-2.101233
6.790000	26.436763	-5.435739	1.896201	1.386343	-0.109818	0.019333	1.602632	13.674397	-4.212929	-2.432706	-1.545865	-1.783643	0.599440	-0.470420	14.803279	-1.923594	-1.685683	5.802121	-77.953887	-34.187776	94.206244	-42.375714	-26.266264	-52.140428	-78.828129	50.486872	-1.799297
6.800000	26.818223	-6.632551	2.278261	1.026611	0.250564	0.082015	1.542181	12.782749	-4.142170	-2.376785	-1.688506	-0.965620	0.866046	-0.378280	14.817182	-2.332597	-1.763208	5.535611	-80.138360	-34.796941	93.938202	-43.481391	-25.897329	-55.540889	-79.145533	50.816064	-1.677485
6.810000	27.282934	-7.855527	2.814353	0.804197	0.569501	0.209961	1.536931	11.852767	-3.980846	-2.305103	-1.784758	-0.533712	0.937242	-0.248570	14.915284	-2.766402	-1.742223	4.842790	-82.424443	-35.484606	93.643150	-44.541806	-25.584733	-58.439606	-79.206643	51.669341	-1.883419
6.820000	27.815537	-8.813918	3.350689	0.827785	0.821733	0.172918	1.466964	10.956451	-3.751392	-2.211487	-1.685852	-0.512214	0.864244	-0.149748	15.091345	-3.173521	-1.635719	4.000716	-84.038091	-36.146933	93.523890	-45.606706	-25.191734	-60.746104	-78.814280	52.771121	-2.520756
6.830000	28.344040	-9.654752	3.981808	0.912465	1.012041	0.129094	1.465385	10.101959	-3.466567	-2.097496	-1.538325	-0.891471	0.739537	-0.086604	15.256025	-3.519782	-1.446188	3.375267	-85.020373	-36.543109	93.820059	-46.749458	-24.901803	-62.353798	-78.185177	53.925446	-3.740159
6.840000	28.767369	-10.269442	4.493258	1.032462	1.146336	0.021882	1.454134	9.300463	-3.143360	-1.974357	-1.256492	-1.579097	0.529841	-0.053702	15.385035	-3.794009	-1.193380	2.811787	-85.411179	-36.952409	94.353014	-47.777660	-24.991195	-63.335393	-77.414373	54.773949	-5.530056
6.850000	29.164863	-10.714197	4.901716	1.035720	1.156366	-0.128048	1.451364	8.548460	-2.799878	-1.859785	-0.922895	-2.363729	0.354695	-0.069231	15.456460	-4.000847	-0.901196	2.645508	-85.251260	-37.383203	95.413578	-48.724744	-25.308595	-63.785976	-76.680744	55.268025	-7.766856
6.860000	29.426806	-11.062319	5.241486	0.880908	1.071631	-0.203568	1.421923	7.865519	-2.451160	-1.764220	-0.641156	-3.152095	0.152763	-0.069082	15.442392	-4.154922	-0.590118	2.847912	-84.846404	-37.896019	97.047043	-49.545612	-26.135822	-63.966345	-76.110157	55.482888	-10.479509
6.870000	29.624321	-11.307821	5.561335	0.694315	0.815502	-0.246364	1.314451	7.289474	-2.113645	-1.691046	-0.394255	-3.765333	-0.061337	-0.007719	15.434673	-4.277419	-0.292349	3.873895	-84.014272	-38.203436	99.253106	-50.440151	-27.262946	-64.066143	-75.813317	55.440080	-13.547842
6.880000	29.591167	-11.457994	5.698293	0.497825	0.427748	-0.163563	1.176026	6.887473	-1.792443	-1.639172	-0.189769	-4.330492	-0.315107	0.094268	15.484530	-4.379712	-0.027937	5.391215	-83.250044	-38.428152	101.785800	-50.880108	-29.040514	-64.233300	-75.890824	55.221006	-16.969571
6.890000	29.450555	-11.500981	5.620799	0.335803	-0.101564	-0.074022	1.043152	6.697020	-1.503430	-1.612351	-0.016844	-4.689409	-0.526040	0.186767	15.689634	-4.471240	0.170269	7.657289	-82.418472	-38.355888	104.651105	-50.728265	-31.098652	-64.516659	-76.468429	54.844084	-20.505760
6.900000	29.134271	-11.361754	5.261977	0.256604	-0.726805	0.064115	0.960780	6.739351	-1.265599	-1.610461	0.123171	-4.781697	-0.700142	0.316929	16.066875	-4.549899	0.289336	10.276331	-81.622329	-38.209677	107.614392	-49.746532	-33.510868	-64.994481	-77.639008	54.345033	-24.080606
6.910000	28.695302	-11.039245	4.695035	0.177068	-1.303674	0.165639	0.985967	6.988890	-1.097167	-1.631184	0.169735	-4.558829	-0.849785	0.411745	16.535085	-4.602255	0.320027	13.078912	-80.814853	-37.992650	110.766435	-48.044022	-35.998490	-65.718771	-79.442257	53.804326	-27.499598
6.920000	28.173161	-10.645599	4.022172	0.156069	-1.750018	0.243993	1.132046	7.363854	-1.003237	-1.673051	0.129573	-4.064376	-0.796501	0.487903	17.021742	-4.621040	0.260106	15.896580	-80.234229	-37.788127	114.375624	-45.737866	-38.362449	-66.494905	-81.938392	53.268465	-30.599112
6.930000	27.644644	-10.263627	3.360514	0.052403	-1.910068	0.267585	1.405572	7.754040	-0.992597	-1.727456	-0.022678	-3.387103	-0.820176	0.620583	17.383385	-4.596072	0.159496	18.361148	-80.033771	-37.563327	118.208349	-43.152954	-40.487647	-67.156820	-85.016629	52.538475	-33.362649
6.940000	27.297292	-9.922287	2.700502	-0.130442	-1.769123	0.237051	1.689274	8.063573	-1.056063	-1.790890	-0.223124	-2.642837	-0.661278	0.789222	17.492453	-4.525134	0.073769	20.374522	-79.833930	-37.367579	122.420526	-40.645655	-42.172847	-67.540186	-88.528866	51.356336	-35.696879
6.950000	27.200274	-9.554248	1.899238	-0.371484	-1.270848	0.193357	1.939674	8.283472	-1.177815	-1.857268	-0.429001	-1.845199	-0.505216	0.942175	17.214425	-4.427730	0.029547	21.691841	-79.187044	-37.273608	126.912421	-38.613681	-43.449854	-67.792144	-92.217538	49.649423	-37.514672
6.960000	27.383261	-9.360676	1.238379	-0.575720	-0.498248	0.177658	2.189328	8.391862	-1.319692	-1.936875	-0.661569	-1.143104	-0.242929	1.085571	16.489124	-4.318412	0.022784	22.748528	-78.384054	-36.913821	131.713182	-37.648428	-44.495028	-67.979412	-95.950207	47.073117	-38.903516
6.970000	27.671940	-9.329305	0.677132	-0.739306	0.366098	0.258155	2.320247	8.395968	-1.460245	-2.029148	-0.781491	-0.696552	0.082148	1.081027	15.396871	-4.211746	0.043912	23.355265	-77.612062	-36.176768	136.199981	-37.173834	-45.627911	-68.011271	-99.480405	43.619107	-39.988067
6.980000	28.081810	-9.212250	0.048414	-0.939369	1.026440	0.341609	2.245592	8.264201	-1.592325	-2.137070	-0.641206	-0.498063	0.479432	0.987868	14.116779	-4.108957	0.076442	23.647974	-76.604248	-35.336798	139.778352	-36.466390	-46.391097	-67.282131	-102.540636	39.574572	-40.769730
6.990000	28.236246	-8.543129	-1.432899	-1.328791	1.287785	0.404431	1.988584	8.111446	-1.711642	-2.233671	0.068353	-0.628625	0.565277	0.975987	12.926269	-4.012144	0.178114	22.493666	-76.072675	-36.285952	142.013437	-33.482313	-46.320750	-63.843877	-104.607850	35.012890	-41.787136
7.000000	28.584597	-7.666231	-1.099130	-0.981115	1.010945	0.481016	1.656587	7.943323	-1.845805	-2.326731	0.200540	0.054550	0.921040	0.869118	11.939995	-3.973294	0.100814	23.510984	-73.545280	-34.424892	144.519246	-34.581538	-46.172659	-63.497223	-105.633590	31.769514	-42.098276
7.010000	28.470135	-6.962293	-1.211574	-0.403326	0.586901	0.649881	1.593278	7.743793	-1.913922	-2.385741	0.856962	-0.315688	0.760984	1.164542	11.225995	-3.928110	0.118511	23.139023	-73.471461	-34.064586	145.388103	-32.938577	-46.766105	-61.450603	-106.922624	28.511985	-43.035224
7.020000	28.646848	-5.788188	-1.342425	-0.139926	0.002198	0.353907	1.411619	7.757501	-1.975579	-2.437401	1.358662	-0.515104	0.668898	1.039065	10.842992	-3.875116	0.117524	23.626727	-71.962440	-33.740509	146.453708	-31.700701	-46.176490	-59.733480	-107.560953	26.079885	-43.678634
7.030000	28.447137	-4.632006	-1.190878	0.460674	-0.718560	0.386485	1.477941	7.887831	-2.020587	-2.440853	1.800572	-0.671117	0.496638	1.294413	10.715464	-3.832673	0.124792	23.933931	-71.434224	-33.669926	147.684360	-30.786617	-46.595316	-58.751005	-108.338517	24.397878	-44.835836
7.040000	28.317254	-3.494853	-0.969132	0.781354	-1.268733	0.282490	1.539828	8.180888	-2.052100	-2.431562	2.055879	-0.828795	0.421311	1.341495	10.751866	-3.772970	0.133109	24.704933	-70.833760	-33.625236	149.317771	-29.932024	-46.765593	-58.238138	-109.306964	23.415504	-45.795865
7.050000	28.054776	-2.449749	-0.824923	1.054348	-1.692428	0.259689	1.595321	8.579794	-2.088971	-2.403706	2.236921	-1.022140	0.283217	1.411687	10.921516	-3.707860	0.155815	25.328304	-70.875420	-33.987956	150.982940	-28.816734	-47.200130	-57.951849	-110.490498	22.869033	-46.854503
7.060000	27.901225	-1.474702	-0.591619	1.214731	-2.030047	0.206910	1.575478	9.083278	-2.142562	-2.367110	2.320995	-1.114600	0.239044	1.385611	11.212371	-3.645491	0.164940	26.240347	-70.830356	-34.176868	152.636522	-28.118815	-47.506560	-58.148650	-111.788294	22.699998	-47.777399
7.070000	27.787857	-0.699461	-0.402266	1.344248	-2.227366	0.162536	1.515217	9.606495	-2.206816	-2.315195	2.423396	-1.268114	0.123293	1.365501	11.592720	-3.587594	0.188207	26.843421	-71.246782	-34.489663	153.856909	-27.356118	-48.028246	-58.147951	-113.170114	22.629704	-48.859857
7.080000	28.023229	0.015710	-0.198971	1.375356	-2.346155	-0.000838	1.359701	10.138003	-2.278761	-2.256889	2.475031	-1.339286	0.072154	1.275152	12.049066	-3.532263	0.211607	27.443272	-71.029329	-34.652182	154.618835	-27.107261	-48.279553	-58.158155	-114.352003	22.698178	-50.005216
7.090000	28.456528	0.574237	-0.005113	1.401207	-2.313640	-0.133565	1.224463	10.591170	-2.334384	-2.184247	2.524607	-1.423708	-0.017629	1.279637	12.525463	-3.480455	0.264890	27.515771	-70.586960	-34.904891	154.836094	-27.129089	-48.835946	-57.928306	-115.311697	22.738183	-51.584080
7.100000	29.280031	1.032752	0.234964	1.254492	-2.132308	-0.275537	1.064788	10.965159	-2.362652	-2.111429	2.470008	-1.443619	-0.016050	1.256805	12.988662	-3.425911	0.343993	27.457619	-69.037361	-34.972063	154.746902	-27.696226	-49.297902	-57.583508	-115.902337	22.727689	-53.364627
7.110000	30.309346	1.343821	0.427131	1.019366	-1.776358	-0.280573	0.925981	11.239143	-2.353942	-2.036178	2.369503	-1.487448	-0.063368	1.311267	13.416849	-3.372738	0.470706	26.976379	-66.775879	-35.096276	154.382783	-28.434252	-50.014229	-56.937827	-116.116342	22.426482	-55.544354
7.120000	31.479290	1.525983	0.632037	0.660892	-1.361094	-0.168276	0.822267	11.437133	-2.318127	-1.970381	2.184597	-1.537519	-0.035995	1.333175	13.823081	-3.329501	0.628592	26.392567	-63.584468	-34.970266	153.912020	-29.398989	-50.766962	-56.070558	-115.985316	21.736380	-57.766661
7.130000	32.599826	1.630473	0.723191	0.283767	-0.961899	0.051056	0.740686	11.578918	-2.270328	-1.919961	1.966904	-1.627990	-0.054230	1.361456	14.208991	-3.305887	0.810624	25.577386	-59.898442	-34.779315	153.271651	-30.175632	-51.525030	-54.892870	-115.506282	20.541521	-59.885245
7.140000	33.545661	1.689633	0.754850	-0.063590	-0.703324	0.314376	0.739113	11.701129	-2.227921	-1.888810	1.722067	-1.713458	-0.052825	1.337343	14.590722	-3.313597	0.992442	24.786963	-56.000644	-34.338847	152.569574	-30.763580	-52.116464	-53.420020	-114.787039	18.875503	-61.578088
7.150000	34.175136	1.747634	0.692145	-0.336254	-0.579681	0.545746	0.801360	11.823431	-2.201396	-1.881250	1.450254	-1.780641	-0.043251	1.299516	14.959846	-3.352603	1.158357	24.002630	-52.341525	-33.796001	151.864707	-30.935643	-52.464705	-51.696472	-113.948795	16.962241	-62.672287
7.160000	34.489076	3.004271	-2.040365	-1.200348	-0.586075	0.630687	0.494161	12.072219	-2.194291	-1.962418	1.582481	-2.458444	-0.034923	1.284494	15.522303	-3.304852	1.428127	20.201344	-48.204774	-39.318162	149.757528	-25.786871	-49.960822	-46.173961	-111.020198	14.527309	-63.817292
7.170000	34.285135	5.126038	-4.183242	-1.423318	-1.201985	0.528808	0.725913	12.381808	-2.277963	-2.061157	1.518783	-1.662918	0.023128	1.215521	15.993554	-3.309797	1.536472	16.892957	-43.332297	-45.586360	148.575944	-22.424536	-46.244776	-42.300315	-106.974837	13.113843	-64.520866
7.180000	33.436604	6.081866	-3.989374	-0.866765	-1.870095	0.738044	1.295943	12.445794	-2.362804	-2.106798	1.125291	-0.539199	0.253494	1.357291	16.107794	-3.387816	1.558657	15.200746	-41.162984	-49.224298	148.506778	-21.226315	-43.870254	-40.521235	-104.646912	13.151465	-64.233653
7.190000	32.405257	6.147960	-3.270449	-0.470171	-1.918912	0.702597	1.492698	12.460880	-2.438536	-2.129824	0.741339	-0.183172	0.387404	1.264488	16.097890	-3.466866	1.594020	13.970155	-41.366845	-51.809777	148.554826	-19.744299	-41.615367	-38.802252	-103.485686	14.058975	-62.969282
7.200000	31.345019	6.003600	-2.657476	-0.265126	-1.783110	0.572916	1.444281	12.518614	-2.532192	-2.156405	0.452259	-0.298236	0.417598	1.071833	16.068444	-3.546818	1.608051	12.842418	-42.196576	-53.976363	148.253846	-18.229440	-39.137510	-37.617614	-102.755964	15.598583	-61.119001
7.210000	30.285172	5.791161	-2.096304	-0.175845	-1.673312	0.520997	1.410842	12.585990	-2.633158	-2.179722	0.299701	-0.571794	0.387791	0.981578	16.044527	-3.618840	1.598777	11.798048	-43.466710	-55.946481	147.738612	-16.860107	-36.716838	-36.905928	-102.418658	17.518998	-59.086032
7.220000	29.343061	5.488323	-1.566741	-0.213086	-1.509062	0.463303	1.362455	12.650443	-2.733867	-2.188484	0.233013	-0.877173	0.330356	0.904463	16.023785	-3.661422	1.578466	10.834001	-44.983017	-57.806982	147.283405	-15.594998	-34.490386	-36.478750	-102.418587	19.617518	-57.053857
7.230000	28.605688	5.044014	-1.050180	-0.353571	-1.315309	0.413194	1.327279	12.677171	-2.834024	-2.174214	0.228454	-1.183421	0.285520	0.864761	16.031489	-3.663496	1.559243	10.081131	-46.596113	-59.619310	147.020227	-14.486011	-32.500389	-36.095135	-102.722123	21.729185	-55.129781
7.240000	28.042040	4.492696	-0.581277	-0.490155	-1.086888	0.397373	1.274671	12.665611	-2.937588	-2.138988	0.293488	-1.476418	0.231455	0.850823	16.070787	-3.631622	1.542187	9.389665	-48.094389	-61.439909	146.911615	-13.554041	-30.918971	-35.804574	-103.214291	23.694192	-53.438388
7.250000	27.689517	3.877621	-0.180285	-0.575630	-0.901449	0.402772	1.244859	12.627805	-3.046941	-2.090855	0.423163	-1.755583	0.179509	0.837957	16.159447	-3.573423	1.523994	8.836138	-49.265902	-63.235979	146.893555	-12.840339	-29.590734	-35.484906	-103.764957	25.377262	-51.914800
7.260000	27.500000	3.218082	0.146009	-0.493892	-0.809496	0.409137	1.250317	12.571918	-3.159048	-2.032220	0.631397	-2.009412	0.104719	0.839267	16.318165	-3.503765	1.504033	8.371337	-50.162190	-64.988829	146.898079	-12.339765	-28.539871	-34.998212	-104.308435	26.711865	-50.641313
7.270000	27.424133	2.569192	0.383464	-0.257151	-0.814221	0.379791	1.303593	12.510014	-3.268430	-1.963891	0.881996	-2.219129	0.016957	0.845058	16.529297	-3.427458	1.482173	7.944842	-50.673482	-66.723311	146.866608	-12.054424	-27.733332	-34.406353	-104.691473	27.705006	-49.606405
7.280000	27.437956	1.955619	0.545908	0.106492	-0.918878	0.330195	1.402316	12.451363	-3.368355	-1.884691	1.128948	-2.348183	-0.051978	0.868166	16.783033	-3.348454	1.461359	7.661436	-50.714135	-68.478468	146.909827	-11.976998	-27.073606	-33.728796	-104.892835	28.475039	-48.795186
7.290000	27.431409	1.394425	0.621105	0.548425	-1.051158	0.316663	1.558135	12.416836	-3.454960	-1.786598	1.374717	-2.399754	-0.137299	0.905512	17.051568	-3.270705	1.448677	7.465323	-50.433600	-70.335133	147.037965	-12.042457	-26.708914	-32.948218	-104.872397	28.992972	-48.272803
7.300000	27.403316	0.917406	0.624030	0.963604	-1.185464	0.340946	1.706189	12.423438	-3.535725	-1.671271	1.583440	-2.384149	-0.181357	0.943543	17.328877	-3.197242	1.442604	7.491194	-49.671306	-72.259176	147.255868	-12.277512	-26.493084	-32.126929	-104.622969	29.257692	-47.913648
7.310000	27.309613	0.501999	0.587605	1.328719	-1.296019	0.411198	1.796146	12.462713	-3.617534	-1.537718	1.735940	-2.322926	-0.201157	1.009647	17.588055	-3.138304	1.444574	7.698117	-48.590430	-74.198261	147.498947	-12.650114	-26.464527	-31.302072	-104.245260	29.241530	-47.723766
7.320000	27.170374	0.106239	0.504189	1.568260	-1.368803	0.469035	1.782739	12.486482	-3.701004	-1.391991	1.809014	-2.253372	-0.187467	1.082934	17.808676	-3.101159	1.458999	7.937774	-47.288540	-76.179940	147.627264	-13.046747	-26.571697	-30.410118	-103.732610	28.835944	-47.671624
7.330000	27.105393	-0.298726	0.443177	1.639880	-1.435069	0.482927	1.648481	12.450145	-3.785092	-1.244109	1.713405	-2.135657	-0.116223	1.151384	17.941296	-3.092882	1.486714	8.263225	-45.584187	-78.079426	147.603625	-13.504572	-26.596763	-29.588809	-103.179350	28.088933	-47.671560
7.340000	27.040720	-0.780051	0.406139	1.603913	-1.459463	0.469080	1.478469	12.291059	-3.855368	-1.097590	1.521257	-2.007605	-0.036280	1.222946	17.945835	-3.118421	1.541182	8.340178	-43.950822	-79.980755	147.446036	-13.800142	-26.746649	-28.719177	-102.668238	27.009454	-47.848620
7.350000	27.071626	-1.296537	0.430051	1.443442	-1.449909	0.413704	1.303399	12.023173	-3.914323	-0.972833	1.229032	-1.846035	0.089288	1.236459	17.809877	-3.172253	1.612100	8.295812	-42.104972	-81.713685	147.271317	-13.943000	-26.668418	-27.988280	-102.251995	25.872282	-47.914606
7.360000	27.116716	-1.858133	0.560981	1.276731	-1.369287	0.374045	1.217679	11.661097	-3.954323	-0.874270	0.933430	-1.664506	0.191716	1.244165	17.535571	-3.243909	1.698859	8.026095	-40.594829	-83.162087	147.156984	-13.875436	-26.452692	-27.361697	-102.099779	24.958538	-47.897790
7.370000	27.189522	-2.417845	0.732748	1.117315	-1.149869	0.293070	1.159268	11.270566	-3.970803	-0.819602	0.701226	-1.482976	0.267843	1.205370	17.231466	-3.313545	1.786709	7.371190	-39.437323	-84.344754	147.031456	-13.528172	-26.065747	-26.774828	-102.165440	24.485504	-47.813766
7.380000	27.443032	-2.904817	0.985633	0.919323	-0.847486	0.203937	1.129037	10.909720	-3.958692	-0.821237	0.460062	-1.250525	0.353597	1.153726	16.982485	-3.357213	1.858458	6.528822	-38.387813	-85.120896	146.698147	-13.114333	-25.272852	-26.333406	-102.424970	24.673453	-47.602959
7.390000	27.739546	-3.319688	1.237633	0.754239	-0.439144	0.146555	1.121768	10.597145	-3.898684	-0.880039	0.277650	-1.030409	0.397625	1.134304	16.890489	-3.364794	1.913378	5.137230	-37.840524	-85.790473	146.031672	-12.498775	-24.498524	-25.901282	-102.824548	25.525363	-47.586069
7.400000	28.204629	-3.588773	1.499033	0.516614	-0.053627	0.138783	1.136676	10.382598	-3.802911	-1.001675	0.060109	-0.826023	0.462658	1.062939	16.996173	-3.330171	1.935848	3.675662	-37.143682	-86.269891	145.043081	-11.891965	-23.371607	-25.633172	-103.273398	27.034362	-47.416657
7.410000	28.524833	-3.758137	1.665025	0.377756	0.291603	0.244235	1.216334	10.254730	-3.677626	-1.160549	-0.049417	-0.777253	0.419777	0.992536	17.279500	-3.266805	1.935953	1.887414	-36.998611	-86.891726	143.866020	-11.093870	-22.530397	-25.193075	-103.703991	28.825694	-47.331396
7.420000	28.866093	-3.789273	1.807225	0.231736	0.446142	0.360813	1.318542	10.247475	-3.557951	-1.344599	-0.175286	-0.851510	0.404526	0.846982	17.708343	-3.181845	1.901692	0.670469	-36.541611	-87.380567	142.771572	-10.469388	-21.390316	-24.799125	-104.089218	30.756021	-46.818830
7.430000	28.831372	-3.805231	1.797322	0.333875	0.485481	0.501357	1.435552	10.310791	-3.447272	-1.508758	-0.112652	-1.133114	0.249111	0.756081	18.219406	-3.095084	1.857229	-0.547830	-36.876051	-88.159883	141.906595	-9.674396	-20.943344	-24.034398	-104.371074	32.328786	-46.463054
7.440000	28.872662	-3.730663	1.739792	0.389380	0.283227	0.503157	1.461112	10.484400	-3.377032	-1.652336	-0.115092	-1.440322	0.190623	0.595143	18.788703	-3.005030	1.787711	-0.834418	-36.461667	-88.862184	141.298842	-9.209745	-20.222902	-23.335825	-104.413900	33.476626	-45.735091
7.450000	28.679619	-3.742305	1.607485	0.668600	-0.007704	0.498369	1.484623	10.686661	-3.325074	-1.733349	0.011420	-1.775958	0.009726	0.596508	19.351579	-2.926370	1.731410	-1.003258	-36.653694	-89.869773	140.857726	-8.740461	-20.332212	-22.302349	-104.312217	33.867478	-45.539420
7.460000	28.608031	-3.735105	1.438784	0.851048	-0.402956	0.364942	1.413007	10.943314	-3.308404	-1.772247	0.093331	-2.028087	-0.026560	0.528706	19.915354	-2.854520	1.672448	-0.638976	-35.926434	-90.918311	140.486920	-8.532628	-20.431385	-21.458812	-103.904387	33.618613	-45.332644
7.470000	28.558531	-3.785833	1.440144	1.147835	-0.857453	0.245150	1.396348	11.198597	-3.310933	-1.767152	0.137426	-2.130350	-0.069953	0.564454	20.405594	-2.804195	1.614507	0.107921	-34.835695	-91.806722	140.095800	-8.682767	-20.939803	-21.350224	-103.438810	32.920962	-45.353249
7.480000	28.523757	-4.018111	1.769689	1.522738	-1.283553	0.147587	1.401151	11.404377	-3.322731	-1.730418	0.180443	-2.135467	-0.056412	0.643298	20.783143	-2.772800	1.559057	1.282313	-33.548375	-92.187229	139.794338	-9.199155	-21.962713	-22.308475	-103.282812	32.128020	-45.450293
7.490000	28.375883	-4.403904	1.713755	1.626424	-1.468181	0.026446	1.433657	11.560079	-3.330158	-1.654343	0.408808	-2.362208	-0.030513	0.763848	21.173507	-2.737847	1.562016	2.041794	-33.267481	-92.920321	140.106905	-8.890750	-23.007063	-22.272563	-103.058472	31.073494	-45.721255
7.500000	28.230858	-4.846099	1.593145	1.617728	-1.629976	-0.059126	1.417588	11.718790	-3.367813	-1.581104	0.573311	-2.407258	0.049262	0.788070	21.554779	-2.729930	1.556494	3.053421	-32.619213	-93.345648	141.035485	-8.524777	-23.527421	-22.436091	-102.788454	30.354669	-45.654997
7.510000	27.884321	-5.380356	1.550995	1.701761	-1.766399	-0.047761	1.450082	11.838159	-3.421370	-1.506281	0.732865	-2.309518	0.078777	0.883115	21.935027	-2.753103	1.540653	4.011584	-32.326431	-93.508047	142.557460	-8.111032	-24.011762	-22.990677	-102.687800	30.150548	-45.623079
7.520000	27.428598	-5.937606	1.490687	1.745528	-1.853019	-0.066984	1.465745	11.927629	-3.485999	-1.434226	0.906046	-2.210008	0.137115	0.924609	22.379607	-2.790629	1.510541	4.891704	-32.258825	-93.480867	144.638890	-7.596103	-24.249125	-23.733728	-102.618241	30.362331	-45.489423
7.530000	26.918216	-6.490590	1.436505	1.707307	-1.929504	-0.073350	1.480465	11.987992	-3.556922	-1.362775	1.005659	-2.069973	0.175695	0.974871	22.885229	-2.835579	1.465603	5.761231	-32.369589	-93.288928	147.135097	-7.040799	-24.228580	-24.599188	-102.583587	30.998792	-45.292791
7.540000	26.300521	-6.965415	1.362136	1.633730	-1.936284	-0.041884	1.464993	12.002634	-3.624097	-1.285290	1.099614	-1.888126	0.181792	1.050589	23.423452	-2.880244	1.412420	6.394883	-32.655327	-93.062317	149.746406	-6.417148	-24.184873	-25.490584	-102.552044	31.881132	-45.160983
7.550000	25.707016	-7.257768	1.263303	1.461216	-1.840615	0.015432	1.424684	11.970228	-3.679077	-1.205734	1.160204	-1.654127	0.186730	1.127854	23.950005	-2.909992	1.356939	6.878344	-32.794153	-92.879963	152.145535	-5.759433	-23.941163	-26.213528	-102.496827	32.899379	-44.982839
7.560000	25.178733	-7.309014	1.187446	1.226262	-1.584786	0.132927	1.399568	11.875653	-3.706824	-1.120146	1.208128	-1.353948	0.153136	1.248747	24.386905	-2.914155	1.316040	7.172541	-32.769203	-92.881733	153.944975	-5.124314	-23.618632	-26.558859	-102.519420	33.947955	-44.921104
7.570000	24.740107	-7.042056	1.087439	0.986978	-1.141441	0.260903	1.368697	11.713974	-3.698423	-1.030980	1.312872	-1.065005	0.105560	1.371566	24.687611	-2.883193	1.299875	7.086443	-32.482900	-93.292102	154.850060	-4.478460	-23.304796	-26.399533	-102.577910	34.917053	-45.078367
7.580000	24.489520	-6.478748	1.040887	0.734638	-0.600651	0.399544	1.375810	11.501124	-3.652489	-0.946471	1.377376	-0.804659	0.091934	1.468042	24.791967	-2.811232	1.311113	6.861636	-31.780182	-94.055754	154.783291	-3.944188	-22.812990	-25.781422	-102.796876	35.948224	-45.338020
7.590000	24.307828	-5.709349	1.042519	0.647375	-0.013833	0.518087	1.425624	11.263116	-3.573371	-0.867188	1.438560	-0.650909	0.063373	1.500245	24.680316	-2.707599	1.348862	6.367180	-31.021290	-95.154566	153.897446	-3.476372	-22.462266	-24.865259	-103.219405	37.053940	-45.821320
7.600000	24.273329	-4.837126	1.114215	0.677919	0.498479	0.578905	1.511084	11.045417	-3.474801	-0.803345	1.385803	-0.635895	0.087500	1.428477	24.379250	-2.577876	1.403997	5.943807	-30.116737	-96.385074	152.533114	-3.156325	-22.087713	-23.865178	-103.887695	38.292821	-46.302654
7.610000	24.314175	-3.945513	1.168602	0.915261	0.911803	0.571526	1.602053	10.886420	-3.366006	-0.751061	1.264540	-0.780618	0.089362	1.276552	23.917826	-2.434590	1.471978	5.444941	-29.343963	-97.763506	150.986338	-2.931364	-22.030368	-23.016372	-104.656523	39.448459	-46.959661
7.620000	24.572129	-3.134244	1.236599	1.175025	1.123784	0.519617	1.707016	10.811806	-3.257742	-0.712805	1.007757	-1.007380	0.112900	1.081075	23.377255	-2.288607	1.548055	5.276185	-28.543256	-99.162608	149.532026	-2.887429	-22.085890	-22.288682	-105.510029	40.369427	-47.629230
7.630000	24.941721	-2.420792	1.217052	1.501148	1.194901	0.441274	1.740229	10.836432	-3.154643	-0.674149	0.764094	-1.269294	0.076541	0.881672	22.801638	-2.153220	1.631215	5.072700	-27.822703	-100.663054	148.113996	-2.949115	-22.653518	-21.734024	-106.198910	40.710372	-48.579734
7.640000	25.546451	-1.884997	1.174424	1.670176	1.019829	0.369263	1.729523	10.957250	-3.070771	-0.641144	0.471768	-1.490323	0.081784	0.711901	22.269201	-2.042060	1.712698	5.175197	-26.858268	-102.017105	146.721089	-3.179228	-23.281052	-21.187952	-106.704774	40.413666	-49.443733
7.650000	26.205757	-1.614069	1.104948	1.762854	0.665764	0.333909	1.665017	11.139428	-3.007988	-0.607444	0.236684	-1.633092	0.047388	0.623334	21.833759	-1.977284	1.792053	5.240114	-25.868477	-103.163588	145.242673	-3.450885	-24.199287	-20.617639	-106.977671	39.405361	-50.317995
7.660000	26.953168	-1.650104	1.012146	1.679844	0.161025	0.297764	1.536844	11.367392	-2.973693	-0.584842	0.024369	-1.701186	0.053688	0.557422	21.562558	-1.973463	1.859376	5.282835	-24.558816	-103.879935	143.720073	-3.709666	-25.011688	-20.016445	-106.933996	37.722391	-50.861977
7.670000	27.697711	-2.048925	0.955019	1.500521	-0.444010	0.289724	1.421564	11.573015	-2.958979	-0.578118	-0.164457	-1.685817	0.075928	0.582425	21.484148	-2.043772	1.917349	5.241430	-23.157637	-104.121915	142.346245	-3.876593	-25.664472	-19.276409	-106.677657	35.498811	-51.037908
7.680000	28.381634	-2.743068	0.957104	1.269476	-1.030412	0.264053	1.295316	11.702269	-2.951477	-0.587056	-0.308814	-1.592097	0.120107	0.638633	21.558581	-2.188508	1.967770	5.018987	-21.659175	-103.836876	141.239637	-3.932940	-26.067862	-18.455278	-106.239304	32.897606	-50.791688
7.690000	28.951240	-3.617886	1.082146	1.062074	-1.565779	0.210919	1.200040	11.664571	-2.930529	-0.604948	-0.386975	-1.443428	0.209062	0.752138	21.677788	-2.392972	2.018630	4.701270	-20.229434	-103.049022	140.559000	-3.923343	-26.059113	-17.546890	-105.780396	30.265895	-50.092354
7.700000	29.328630	-4.528869	1.345116	0.970281	-1.974538	0.109309	1.127000	11.397596	-2.873246	-0.615234	-0.338932	-1.264944	0.289931	0.904613	21.706650	-2.634235	2.078803	4.259996	-19.008857	-101.838416	140.372658	-3.911100	-25.647243	-16.673927	-105.382589	27.945440	-49.054228
7.710000	29.522843	-5.420451	1.789168	1.005298	-2.269820	-0.007966	1.142181	10.829700	-2.759942	-0.601102	-0.134900	-1.148930	0.417249	1.087121	21.548560	-2.880058	2.160391	3.922140	-18.140244	-100.289556	140.873641	-3.977172	-24.741182	-15.727417	-105.180144	26.252854	-47.742229
7.720000	29.479756	-6.152930	2.299424	1.204083	-2.351972	-0.189160	1.141028	9.993616	-2.580086	-0.548103	0.269628	-1.096342	0.444672	1.283869	21.157051	-3.096147	2.263614	3.483608	-17.402165	-98.662788	142.199779	-4.189955	-23.659971	-15.012346	-105.062208	25.439519	-46.470329
7.730000	29.332199	-6.752517	2.859513	1.432181	-2.340441	-0.322268	1.278175	8.919359	-2.333955	-0.459518	0.789220	-1.239315	0.552965	1.462668	20.564649	-3.247066	2.386281	3.322387	-16.740927	-97.067052	144.706088	-4.550075	-22.314825	-14.263988	-105.086347	25.641429	-45.259632
7.740000	28.923755	-7.140166	3.320226	1.706821	-2.087365	-0.413095	1.426270	7.752262	-2.040981	-0.342869	1.423379	-1.508939	0.519714	1.598093	19.820556	-3.310173	2.509574	3.139692	-16.102750	-95.732832	148.331147	-4.986551	-21.372726	-13.790365	-105.190399	26.864925	-44.516273
7.750000	28.372698	-7.289288	3.586692	1.861472	-1.676919	-0.396085	1.627663	6.672079	-1.748334	-0.230787	2.024784	-1.970250	0.486773	1.616161	19.046541	-3.266140	2.604612	3.267611	-15.289035	-94.622755	152.798116	-5.460827	-20.730917	-13.499165	-105.369794	28.896231	-44.030335
7.760000	27.691994	-7.190776	3.556155	1.955444	-1.056447	-0.212596	1.803969	5.869782	-1.522995	-0.152795	2.499273	-2.578070	0.420277	1.509208	18.324070	-3.119772	2.637031	3.681780	-14.357198	-93.738404	157.300258	-5.887935	-20.646170	-13.426924	-105.699590	31.286003	-43.829069
7.770000	26.843319	-6.853589	3.190110	1.988187	-0.327926	0.027006	1.964464	5.459012	-1.420804	-0.126675	2.835599	-3.187849	0.203742	1.341013	17.750904	-2.887413	2.587520	4.281686	-13.478361	-93.079931	160.973901	-6.280266	-21.231169	-13.555886	-106.237140	33.499809	-43.714345
7.780000	25.962200	-6.263633	2.510466	1.990208	0.304929	0.262652	2.067791	5.478758	-1.482070	-0.161421	2.979298	-3.716460	0.059900	1.137675	17.349096	-2.587725	2.441994	5.307758	-12.625189	-92.590365	163.312662	-6.557038	-22.001454	-13.825928	-107.055071	35.277752	-43.326512
7.790000	24.852221	-5.431766	1.640712	2.040670	0.654779	0.448206	2.244937	5.832364	-1.686791	-0.229930	3.088233	-3.943648	-0.147091	1.080218	17.072016	-2.249716	2.228794	6.624622	-12.372726	-92.331219	164.326358	-6.666197	-23.001898	-14.140950	-108.267993	36.562394	-42.702325
7.800000	23.585565	-4.379206	0.743203	2.027512	0.667140	0.545790	2.402204	6.377605	-1.998426	-0.312337	3.190587	-3.859549	-0.215513	1.128944	16.827803	-1.893148	1.980617	8.416980	-12.717939	-92.211252	164.459413	-6.604265	-23.759913	-14.473947	-109.860778	37.652019	-41.597091
7.810000	22.158616	-3.144427	-0.089345	2.022491	0.421177	0.525507	2.518424	6.958265	-2.352982	-0.387780	3.419688	-3.444268	-0.283328	1.342436	16.504735	-1.550034	1.732772	10.332008	-13.691198	-92.299569	164.311266	-6.464656	-24.365812	-14.988030	-111.752298	38.762006	-40.196113
7.820000	20.898333	-1.941234	-0.759161	1.815281	0.065110	0.498447	2.616505	7.404482	-2.693875	-0.457493	3.655791	-2.923684	-0.185489	1.569274	16.039954	-1.236109	1.517343	12.306094	-15.088309	-92.537570	164.435631	-6.315680	-24.596185	-15.388881	-113.713565	39.940515	-38.446307
7.830000	19.975529	-0.871183	-1.328553	1.647801	-0.191802	0.372121	2.581249	7.636783	-2.978950	-0.527197	4.050933	-2.309845	-0.164152	1.821831	15.457842	-0.971399	1.338288	13.789236	-16.371994	-93.042496	164.997357	-6.355502	-24.798036	-15.766493	-115.486649	40.902811	-36.876693
7.840000	19.706244	-0.156425	-1.793262	1.463945	-0.357972	0.273230	2.504324	7.610354	-3.188983	-0.608326	4.472303	-1.792480	-0.027488	1.998561	14.843278	-0.750469	1.196440	14.679465	-17.088337	-93.797672	165.988863	-6.621787	-24.784271	-15.806126	-116.800734	41.431135	-35.637993
7.850000	20.079792	0.087690	-2.165208	1.497086	-0.389862	0.201751	2.347318	7.375400	-3.333352	-0.703323	4.954907	-1.355902	0.038743	2.089616	14.289811	-0.564993	1.086725	14.629703	-16.921642	-94.782722	166.983300	-7.137932	-24.794831	-15.619278	-117.618361	41.529608	-35.094392
7.860000	21.145408	-0.172956	-2.385898	1.948778	-0.439306	0.167521	2.138698	7.029135	-3.440262	-0.818358	5.501481	-1.080868	0.113647	2.171409	13.909109	-0.398467	0.993702	13.900086	-15.552340	-95.646250	167.566198	-7.987717	-24.570426	-15.304862	-118.164307	41.478887	-35.206959
7.870000	22.530913	-0.924730	-2.496633	2.826391	-0.586673	0.157460	2.019494	6.700692	-3.527759	-0.941689	6.023481	-1.054601	0.079719	2.178269	13.789378	-0.234294	0.918807	12.257008	-13.440237	-96.206269	167.211449	-8.853082	-24.466526	-14.979641	-118.595499	41.762826	-35.937026
7.880000	24.328308	-2.003695	-2.490570	4.155831	-0.994447	0.059073	1.892869	6.498093	-3.616831	-1.076598	6.379406	-1.304348	0.044197	2.205781	14.002059	-0.063348	0.838878	10.431171	-10.367115	-96.015134	165.715635	-9.843942	-23.906932	-14.685736	-119.089973	42.776871	-37.045419
7.890000	26.117344	-3.229499	-2.533171	5.770440	-1.662988	-0.117076	1.927684	6.527288	-3.696213	-1.197015	6.543199	-1.771641	-0.151621	2.135004	14.571710	0.104553	0.762646	8.044315	-6.978871	-95.274031	162.697935	-10.680208	-23.493333	-14.204316	-119.468674	44.497302	-38.801104
7.900000	28.031073	-4.380089	-2.596000	7.264128	-2.452676	-0.406106	1.988459	6.817701	-3.759555	-1.304368	6.407307	-2.339559	-0.309289	2.048732	15.471706	0.271989	0.676710	5.606331	-3.117065	-93.848366	158.332533	-11.504764	-22.740492	-13.255899	-119.503561	46.888335	-40.939569
7.910000	29.901047	-5.271544	-2.768032	8.445877	-3.130928	-0.709379	2.216431	7.382788	-3.787824	-1.391889	6.238222	-2.763060	-0.496856	1.965051	16.646415	0.421022	0.586148	2.889088	0.800731	-92.228356	152.875185	-12.206851	-21.885504	-11.619751	-118.884793	49.668923	-43.425333
7.920000	31.697388	-5.835944	-2.942163	8.968448	-3.388074	-0.900840	2.507117	8.091711	-3.774735	-1.472841	6.125247	-2.861903	-0.456933	1.951016	17.940113	0.555215	0.486642	0.012858	4.752615	-90.447235	146.880341	-12.890842	-21.094277	-9.242393	-117.649215	52.681383	-45.753777
7.930000	33.456993	-6.098683	-3.152377	8.864516	-3.003443	-0.981480	2.847659	8.870186	-3.715757	-1.594112	6.161653	-2.596698	-0.451936	1.979675	19.163808	0.666554	0.373248	-2.885430	8.708217	-89.003572	141.217911	-13.503298	-20.074922	-6.354368	-115.752813	55.986437	-47.356274
7.940000	34.935975	-6.208278	-3.233227	8.250725	-1.869990	-0.871776	3.254123	9.593717	-3.607825	-1.786037	6.293574	-2.231621	-0.393146	2.059961	20.026123	0.783426	0.252984	-5.900876	12.532600	-87.905788	136.760598	-13.937408	-19.111815	-3.644057	-113.745233	59.619623	-47.932312
7.950000	36.241405	-6.205890	-3.273788	7.346460	-0.260052	-0.557487	3.674986	10.172034	-3.453927	-2.064931	6.506240	-1.820060	-0.274756	2.118595	20.532362	0.917117	0.131286	-8.596045	16.039153	-87.302980	134.056985	-14.076302	-17.900072	-1.175954	-111.917183	63.389634	-47.217492
7.960000	37.260659	-6.036007	-3.458070	6.648278	1.388072	-0.116155	4.095451	10.518909	-3.269127	-2.414144	6.981090	-1.324829	-0.197909	2.183599	20.892099	1.032633	0.014907	-10.802426	18.835339	-87.487239	132.681352	-13.837101	-16.731226	1.251995	-110.441834	66.780205	-45.453772
7.970000	37.749274	-5.763507	-3.564275	6.095927	2.876446	0.204680	4.378726	10.648267	-3.072137	-2.796059	7.424541	-0.728869	-0.240638	2.162118	21.162547	1.107025	-0.091754	-12.386966	20.945771	-88.189700	132.074994	-13.400594	-15.641407	3.264938	-109.568015	69.932874	-42.824000
7.980000	37.730281	-5.279159	-3.624625	5.988016	3.727628	0.358164	4.554645	10.628529	-2.888947	-3.158801	7.846918	-0.141660	-0.407949	2.182598	21.476261	1.115076	-0.176556	-13.298200	22.193040	-89.701697	131.690347	-12.815224	-14.068336	4.990723	-109.048614	72.693242	-39.898876
7.990000	36.967802	-4.731224	-3.430038	6.148888	3.658355	0.409079	4.577075	10.550942	-2.734573	-3.411653	8.018563	0.287025	-0.583226	2.183508	21.940876	1.037373	-0.217589	-14.040317	22.203788	-91.782278	130.809885	-11.923065	-12.519592	6.567222	-108.908960	75.092912	-36.616772
8.000000	35.815849	-4.189680	-2.947614	6.569506	2.672721	0.254226	4.384221	10.453061	-2.643478	-3.521546	7.769903	0.490478	-0.670746	2.094745	22.577565	0.870031	-0.214511	-14.560058	21.548969	-94.316822	129.490435	-10.669982	-10.288913	7.881046	-108.928227	77.301693	-33.123344
8.010000	34.366541	-3.818486	-2.183690	7.297977	0.968515	0.021047	4.101715	10.314058	-2.622804	-3.474791	7.228097	0.322524	-0.666894	2.059695	23.307040	0.618617	-0.160914	-15.262805	20.444865	-97.137201	127.654266	-9.094104	-7.616352	8.982722	-109.176725	79.378492	-29.690806
8.020000	32.833862	-3.687651	-1.278341	7.944348	-0.825136	-0.303574	3.697767	10.138802	-2.654753	-3.307538	6.549723	-0.138010	-0.584822	2.000745	24.006123	0.320002	-0.071943	-16.538094	19.659706	-99.926063	125.702834	-7.288273	-4.761650	9.540217	-109.446377	81.459045	-26.338488
8.030000	31.634314	-3.974242	-0.262596	8.444404	-2.314315	-0.589839	3.248321	9.909069	-2.714575	-3.076485	6.054432	-0.937554	-0.467977	2.046899	24.468403	0.027630	0.055544	-17.853412	19.451477	-102.183652	124.162441	-5.700165	-1.520111	10.012502	-109.857497	83.524123	-23.251040
8.040000	30.767515	-4.494695	0.636805	8.778242	-3.376707	-0.744949	2.857122	9.712540	-2.772139	-2.837752	6.073117	-2.034188	-0.467652	2.239378	24.639059	-0.245130	0.213265	-19.778660	19.869066	-103.910556	123.097783	-4.447399	1.282046	10.128498	-110.306552	85.349303	-20.747099
8.050000	30.563850	-5.161217	1.384125	8.888410	-4.040269	-0.829921	2.517185	9.602768	-2.825189	-2.643546	6.636467	-3.315816	-0.501491	2.486497	24.480060	-0.476514	0.412541	-21.736817	20.930999	-104.956752	122.999811	-3.739666	3.995929	10.230123	-110.919920	86.834657	-18.800208
8.060000	30.914564	-5.853503	1.982937	8.894762	-4.453718	-0.827986	2.271720	9.659937	-2.864704	-2.520479	7.560561	-4.708995	-0.705634	2.854900	23.956709	-0.679372	0.673069	-23.803323	22.150260	-105.491656	123.565918	-3.750296	6.293571	10.472141	-111.924782	87.752223	-17.498882
8.070000	31.724606	-6.401781	2.305700	8.704592	-4.636548	-0.849329	2.022070	9.968530	-2.882517	-2.483432	8.626652	-5.944946	-0.982104	3.126166	23.070546	-0.844750	1.002958	-26.099280	23.513233	-105.830356	124.470735	-4.295379	8.052401	10.885963	-113.200593	87.746340	-16.818251
8.080000	33.158462	-6.821980	2.372904	8.422079	-4.822467	-0.776169	1.789941	10.513186	-2.868854	-2.519719	9.518124	-6.742085	-1.215414	3.390055	21.886596	-0.987113	1.422951	-27.976198	24.910428	-105.845779	125.200367	-5.395943	9.481967	11.869188	-114.801049	86.520642	-16.568203
8.090000	35.113699	-6.745608	1.996369	8.285359	-5.261361	-0.693629	1.457479	11.364772	-2.835372	-2.622637	10.365373	-6.800392	-1.393111	3.670793	20.506890	-1.147618	1.924784	-30.139426	27.311650	-105.810696	124.861264	-6.831137	10.331084	13.045248	-116.366056	83.987018	-16.781751
8.100000	37.201688	-6.484432	1.598719	8.480212	-5.757935	-0.890119	1.038235	12.532976	-2.793854	-2.825450	11.268117	-6.440383	-1.640598	3.984032	18.825442	-1.322401	2.483595	-32.548686	29.355364	-105.489296	124.003583	-8.230489	10.696564	15.173787	-118.245140	80.700231	-17.366920
8.110000	39.541719	-6.039647	1.351956	9.167447	-6.499213	-1.130020	0.742465	13.981679	-2.767028	-3.136144	11.969338	-5.822691	-1.751778	4.292497	16.779216	-1.497359	3.065352	-34.914359	31.424357	-104.460892	122.713047	-9.277474	11.409733	18.166788	-120.298898	76.769471	-18.167699
8.120000	41.823063	-5.377765	1.343988	10.468227	-7.456696	-1.347179	0.693319	15.567688	-2.772896	-3.523266	12.361343	-5.142543	-1.599720	4.501684	14.455454	-1.667548	3.575889	-37.781325	33.399572	-102.883762	120.602256	-9.820538	11.868887	21.248301	-122.548449	71.574278	-19.445308
8.130000	44.321966	-4.464956	1.689049	11.968768	-8.377480	-1.595593	0.920832	17.078083	-2.852256	-3.941120	12.290336	-4.452114	-1.293795	4.509140	11.925768	-1.832702	3.935776	-40.333311	35.519048	-100.900277	117.886734	-9.742185	12.658791	23.365263	-124.796426	64.148797	-20.951977
8.140000	46.490870	-3.462172	2.297314	13.432350	-8.866685	-1.864155	1.328228	18.293686	-3.004308	-4.295351	11.950579	-3.972114	-0.908785	4.243050	9.445116	-1.999096	4.086492	-42.731281	36.863143	-99.207848	114.322114	-9.170627	12.873429	23.927275	-127.138272	53.373389	-22.720108
8.150000	48.255024	-2.426394	2.929622	14.251245	-8.571728	-2.027309	1.824576	19.094910	-3.221489	-4.512565	11.443188	-3.607898	-0.498334	3.734747	7.193047	-2.145107	4.048971	-44.130711	37.317856	-98.102134	109.986421	-8.077076	13.232494	22.846005	-129.217145	39.007290	-24.312731
8.160000	49.247942	-1.371932	3.307922	14.210595	-7.351208	-1.866469	2.405276	19.355485	-3.462644	-4.543339	10.589086	-3.236866	-0.190228	3.134964	5.219639	-2.245559	3.880278	-44.701701	36.618996	-97.785348	103.843582	-6.493336	13.463805	20.039465	-130.325004	21.179234	-25.727503
8.170000	49.312305	-0.313351	3.301360	13.559639	-5.391095	-1.375875	2.916976	18.980302	-3.707666	-4.418115	9.659709	-2.639651	-0.042277	2.498716	3.473323	-2.268819	3.659251	-44.551590	34.489514	-97.967809	94.887963	-4.497154	13.473151	16.391232	-129.712549	0.376444	-27.002944
8.180000	48.924761	0.853962	2.976004	12.475068	-3.076245	-0.610726	3.453090	17.923798	-3.949807	-4.209412	8.458858	-1.692182	0.025154	2.004543	1.720890	-2.192890	3.441027	-43.400324	31.530825	-98.046389	81.606299	-2.140006	13.551943	12.024127	-126.436391	-22.987273	-28.020907
8.190000	48.291206	2.140658	2.431823	11.738807	-0.969488	0.299835	3.918973	16.196173	-4.148333	-3.967744	7.727044	-0.373590	0.016369	1.764472	-0.075197	-2.045905	3.227241	-42.017691	27.289489	-98.260716	63.203077	-0.220839	12.678495	7.384678	-121.178851	-47.438885	-28.653966
8.200000	50.780830	7.261022	0.726935	12.269564	-0.318415	2.242666	3.469798	13.464253	-4.427506	-3.844569	6.085899	2.535560	0.143460	1.243435	-2.109578	-1.734650	3.154248	-40.590441	31.912268	-102.624437	37.697491	-1.587514	10.811252	2.210297	-111.871192	-49.444462	-23.848457
8.210000	54.743519	12.937471	-1.765967	13.238207	-0.009527	1.909844	4.214172	10.303371	-4.557166	-3.692090	6.120160	4.473147	1.457119	1.851996	-2.431272	-1.372854	2.891249	-39.184025	34.737263	-112.538347	9.391674	-4.829185	8.874291	-1.622730	-102.834624	-37.323520	-13.695214
8.220000	56.821146	16.640198	-4.556201	13.594946	0.313813	0.981252	4.265042	8.158501	-4.436474	-3.431274	7.880359	4.723263	1.752639	2.476789	-2.147188	-1.192830	2.521632	-38.000726	31.196077	-124.543700	-18.464287	-8.201554	8.777273	-2.241951	-94.134155	-20.417033	-3.113091
8.230000	56.289835	18.232049	-7.005072	12.588887	0.327272	0.467428	4.093888	7.791183	-4.267927	-3.063565	9.868680	3.427263	1.421098	2.927443	-1.723874	-1.221829	2.073507	-37.200864	24.413786	-133.755291	-44.035779	-9.216731	11.107352	-2.124252	-84.303787	-6.167583	4.611922
8.240000	53.811111	17.752067	-8.392521	10.567948	0.425761	0.322092	4.332218	8.403708	-4.060883	-2.639719	11.508978	1.437911	1.256715	2.953943	-0.707900	-1.417777	1.651221	-37.532644	14.903096	-138.274062	-62.843241	-5.335094	12.963134	-0.988925	-75.099161	3.694676	9.297915
8.250000	51.207695	14.574356	-7.739627	7.874656	1.240642	-0.301943	4.975176	9.313410	-3.690776	-2.292862	12.183353	-1.104467	1.810500	2.759559	0.663607	-1.719199	1.352022	-35.506867	1.460205	-136.802101	-62.866335	5.450914	14.558245	4.999005	-70.266907	9.513760	10.887299
8.260000	49.412394	8.382824	-5.001366	6.545728	2.706037	-0.077974	5.390957	10.858243	-3.441817	-1.923878	13.416924	-2.993901	1.607739	2.767188	1.138087	-2.084931	1.067020	-31.221138	-9.332026	-127.360484	-50.397809	17.619330	16.043667	9.974819	-69.308755	9.374312	9.412237
8.270000	48.493509	2.072242	-2.508887	6.978148	4.049518	0.584668	5.883676	12.310460	-3.347849	-1.428085	15.181711	-3.832792	0.828237	2.984432	1.145422	-2.494945	0.857787	-27.910993	-12.317934	-114.271277	-31.293578	24.173390	16.958217	10.899126	-69.016314	5.612715	7.353073
8.280000	48.437028	-1.231369	-1.312502	8.092365	4.407134	0.824728	5.692081	13.396234	-3.489217	-0.945570	16.484076	-3.544392	0.219990	3.363188	0.485948	-3.035158	0.668280	-25.336962	-3.475575	-101.324013	-12.975168	25.643380	18.233114	3.622506	-65.968573	4.774663	8.703846
8.290000	48.828621	-2.139686	-1.570121	10.569638	3.453868	0.414962	5.685268	14.058570	-3.815415	-0.790567	16.269295	-3.184709	-0.190233	3.773547	-0.573683	-3.722744	0.637984	-23.894005	3.457984	-92.132467	-6.762095	19.091932	18.174191	-3.691285	-58.673045	8.052973	14.059339
8.300000	49.380541	-2.244921	-2.068913	13.166578	1.738690	-0.440049	5.240107	14.432406	-4.195174	-0.885621	15.640888	-3.212055	0.317094	3.461162	-0.760528	-4.441268	0.705941	-23.300115	7.664124	-82.887179	-11.024500	10.795629	16.303434	-11.419741	-49.831715	14.034793	20.736467
8.310000	49.636765	-2.166561	-2.075428	14.110211	0.301068	-1.125843	4.557143	14.419541	-4.533922	-1.022165	15.247773	-3.295175	0.812601	3.279445	-0.464916	-5.069547	0.758148	-22.511954	12.896459	-72.007406	-15.754616	7.285621	14.557657	-20.411190	-40.823337	21.627624	25.732230
8.320000	49.398794	-2.621940	-1.899610	14.239351	-0.915181	-1.394669	3.783432	14.557322	-4.750320	-1.132888	15.098493	-3.574060	0.365104	3.594917	-0.052676	-5.485717	0.842888	-20.580130	13.483624	-60.018986	-17.449066	6.573739	12.836599	-24.702268	-32.277730	28.709237	28.382923
8.330000	47.874441	-3.677390	-1.259863	13.778732	-1.845179	-1.194088	2.386186	15.376025	-4.828290	-1.072789	15.366375	-3.901554	-0.080550	3.408175	0.865542	-5.686173	0.847351	-16.794519	10.391086	-45.467202	-14.863153	8.780455	11.274162	-25.442820	-24.986802	32.666085	29.462114
8.340000	44.941702	-4.244794	-0.500259	12.791272	-2.488440	-0.674561	1.013853	17.050993	-4.749874	-0.839111	15.192517	-3.388629	-0.484975	3.268796	1.596249	-5.614936	0.723244	-12.656361	7.215900	-29.856451	-9.813555	12.284124	9.669755	-25.389009	-17.554733	33.249266	28.015375
8.350000	41.565523	-4.455073	0.213988	11.679396	-2.852425	-0.435461	0.028923	19.469455	-4.522694	-0.554763	13.602638	-1.935672	-0.337142	3.627823	2.141236	-5.295521	0.589840	-8.496386	2.630963	-14.750383	-5.482015	14.495941	8.337488	-22.361462	-9.748566	30.882085	24.534453
8.360000	37.933025	-4.098206	1.070022	10.819215	-2.918492	-0.291862	-0.674737	21.978401	-4.207113	-0.350288	11.041579	0.121163	0.307304	4.077132	2.682008	-4.821014	0.463536	-5.501787	0.833417	-0.657377	-2.237745	15.765591	7.159675	-18.399981	-1.163143	26.574898	19.353501
8.370000	35.365617	-4.421370	2.189940	10.339679	-2.893468	-0.507676	-0.498055	24.496123	-3.782965	-0.363116	7.800022	2.005584	1.403115	3.977473	2.634828	-4.174612	0.471007	-2.786684	-1.742112	9.483774	2.114891	14.843909	6.499864	-10.736165	7.707371	21.329167	15.065856
8.380000	33.450818	-6.019099	3.847151	10.202713	-2.810740	-0.024290	-0.125255	27.478803	-3.453180	-0.592651	4.182274	2.803816	2.236552	2.472753	5.029200	-3.526987	0.515654	-0.778749	-3.407898	14.977313	9.431286	14.959758	6.182947	-3.223475	16.005520	16.182221	13.401296
8.390000	30.859580	-8.535078	7.386155	10.063377	-2.416807	-0.000957	0.208691	31.079561	-3.349852	-0.942740	-0.076264	2.162019	2.530606	1.199588	8.315033	-3.007824	0.414978	3.546531	0.474298	19.135988	11.265767	23.844348	5.120426	-6.661872	19.282682	13.339676	14.649902
8.400000	31.506066	-10.726488	7.660589	9.038398	-1.655110	-0.555166	-0.299818	33.342145	-2.939747	-1.080632	-0.726188	3.630503	3.547763	0.365695	12.146069	-2.269909	0.595325	5.495519	-9.083877	16.020411	33.354130	19.455314	4.625395	9.088643	24.470803	16.206543	20.155162
8.410000	28.865671	-10.970322	10.225359	8.134785	-0.969677	0.109188	-0.403219	35.672672	-3.275026	-1.176158	-0.688011	4.408334	3.059257	2.110184	15.400393	-2.176088	0.137174	9.907564	7.340823	18.735607	22.171931	29.147329	2.745355	-6.734757	24.239293	16.939763	19.299287
8.420000	32.151065	-11.770289	10.214331	5.209001	1.744329	0.251416	0.705011	36.146414	-2.830666	-1.174550	0.274645	5.206705	2.870455	-0.314602	19.261107	-1.843469	0.434667	9.324379	-12.209321	9.941783	39.831412	31.029245	0.782195	7.931165	25.693184	21.631204	29.355735
8.430000	32.907577	-10.816615	12.195026	5.681647	3.060166	0.421392	1.004922	36.459513	-3.299125	-1.298870	0.139754	5.728041	2.880045	2.474372	22.855364	-1.837991	0.155237	11.458533	6.778971	14.438462	44.845837	29.081559	-1.994523	-8.626566	23.256817	37.675318	23.180000
8.440000	38.017302	-9.460723	10.784443	7.167274	4.644861	0.359681	3.411240	34.595843	-2.754912	-1.331330	7.163495	3.598302	0.544631	1.666382	25.129013	-1.777431	0.132841	7.160581	-12.797940	4.426118	40.208052	30.587787	-4.404427	2.928092	25.368646	30.287958	28.012868
8.450000	40.799160	-7.999242	10.727434	9.244442	6.136258	0.803949	4.280978	32.838721	-2.871678	-1.480256	9.225214	2.618903	0.732656	2.180484	27.043518	-1.747299	-0.193725	8.588666	3.294023	11.259490	43.218081	23.742400	-4.920011	-8.560214	22.362605	43.964338	23.309123
8.460000	44.730635	-6.475149	9.100180	10.585113	4.793789	0.765900	5.028873	29.400665	-2.422668	-1.504770	13.927704	0.173341	-1.611988	1.598742	27.938684	-1.756058	-0.372549	2.349690	-9.475186	5.589526	35.272153	26.583478	-8.462515	-0.576740	22.286466	38.392657	29.024653
8.470000	48.303318	-5.220050	8.849288	11.646578	4.110947	0.228344	4.050822	26.803792	-2.377313	-1.542534	15.401579	-0.994120	-0.556845	2.236387	27.989555	-1.636699	-0.634386	2.918930	3.125599	9.315827	39.689076	23.212381	-7.303347	-8.565119	20.507710	54.083142	26.755095
8.480000	50.547905	-4.503614	7.910626	12.962285	0.940677	0.061659	3.913937	23.767944	-2.021272	-1.379431	18.775504	-3.673312	-2.973069	1.431710	27.952775	-1.580199	-0.712538	-1.577978	-6.305173	7.227938	36.539282	25.725156	-12.206869	-4.146955	19.224599	53.698826	31.620909
8.490000	53.504124	-3.359097	7.958385	14.295643	-0.627196	-0.709889	2.349834	22.167355	-1.847962	-1.235348	19.951679	-4.518775	-1.545313	2.115975	27.438132	-1.476454	-0.818532	-0.843812	2.760018	8.358346	44.095373	24.512660	-11.740224	-10.050815	19.202118	64.293717	29.072758
8.500000	54.376698	-2.833236	6.715786	16.003970	-2.287518	-1.081504	1.844520	20.386774	-1.411535	-0.994115	21.944160	-6.376711	-3.699040	0.623308	27.499540	-1.392165	-0.766479	-3.086423	-6.401190	9.500086	46.682256	23.799732	-17.321460	-4.012725	17.718564	60.644540	32.298401
8.510000	56.093054	-0.359950	4.356716	16.996115	-2.882143	-1.422900	0.857448	19.141372	-1.231184	-0.910645	23.088492	-5.277419	-1.476857	1.677742	27.011424	-1.317692	-0.722065	-3.311064	1.204552	11.846715	58.493686	20.278886	-15.908021	-3.095619	19.571006	64.233805	28.523412
8.520000	55.568409	1.054924	1.531356	18.287638	-2.680616	-0.629007	1.394776	18.425465	-0.769353	-0.825161	23.291515	-5.861538	-3.974497	0.598702	27.701778	-1.324327	-0.559295	-5.491714	-6.004537	16.438744	57.383479	20.664360	-19.815624	2.979133	17.421635	55.499656	30.849569
8.530000	56.503696	3.031237	0.142946	17.986922	-2.315289	-0.457553	1.625164	18.429607	-0.512480	-0.814977	21.562034	-4.735514	-1.667590	1.617990	28.088426	-1.360673	-0.435135	-5.898158	-1.034607	18.128314	60.717764	24.295066	-16.551541	-0.517526	17.692017	53.197744	28.511461
8.540000	55.442247	2.596822	-1.044462	18.019386	-0.849871	-0.642776	1.978724	17.799471	-0.023528	-0.697261	19.918516	-5.035548	-3.408405	0.555677	28.655883	-1.226335	-0.232037	-9.409958	-9.850131	19.952202	62.122656	25.713384	-17.401230	1.922045	14.372361	47.045888	27.867228
8.550000	54.627810	2.379633	-1.952110	17.329190	-0.837865	-0.563054	2.490455	16.812555	0.188845	-0.569815	19.308051	-3.934028	-0.842042	1.296036	27.879659	-1.068763	-0.137659	-11.119525	-6.113442	20.562266	65.312009	28.824979	-12.136245	0.082752	14.530860	44.591913	26.364010
8.560000	52.719297	0.955119	-3.540783	16.708255	-0.586908	-0.128845	2.805741	15.239831	0.433357	-0.348831	18.759225	-2.966344	-1.685423	0.369984	26.852822	-0.814462	-0.087397	-15.762752	-10.485867	19.919077	63.689120	30.060025	-10.013108	-0.189120	12.795374	40.209965	24.372432
8.570000	52.103519	-0.895044	-3.747659	16.083963	-0.989680	-0.810683	2.977756	13.545058	0.475086	-0.098791	16.665628	-1.818589	0.021045	0.958908	25.006847	-0.556999	-0.187089	-16.340227	-8.608448	20.546508	62.782449	29.401677	-5.643955	-1.612592	10.952133	37.550966	23.950201
8.580000	50.839329	-2.567093	-4.071691	16.265325	-2.182353	-0.531463	2.236504	11.902998	0.368792	0.216984	14.839310	-0.116727	0.490396	0.783067	23.170104	-0.256999	-0.250864	-19.858725	-10.302542	18.657869	58.855247	28.289856	-5.055026	-2.012427	11.332716	35.252631	21.966066
8.590000	50.602007	-4.265876	-4.148256	15.882716	-2.994687	-0.688666	1.811231	9.998848	0.039867	0.510797	13.007175	1.311017	1.554116	0.609884	20.705733	0.007780	-0.383113	-19.002158	-8.242414	18.991654	57.104167	27.168119	-2.374566	-2.230868	10.520698	33.495580	22.351313
8.600000	49.711866	-5.185063	-4.432341	15.860491	-3.833425	-0.332524	1.404754	8.078957	-0.354091	0.784678	11.318685	2.093133	1.609881	0.392394	18.515781	0.315412	-0.447391	-20.729424	-9.004443	16.848851	54.881345	26.802061	-2.059303	-3.361769	10.909227	32.806060	20.778142
8.610000	49.045515	-5.989090	-4.793466	15.575743	-3.826540	-0.388140	1.674654	5.692174	-0.710181	1.050023	10.399123	2.182561	1.642591	0.071930	16.072266	0.589415	-0.565838	-19.230130	-9.399876	17.209161	55.071567	27.780565	-0.287312	-3.255658	9.012854	33.620390	21.397147
8.620000	47.644510	-5.874016	-5.074548	15.455705	-3.441403	0.110400	1.504944	3.008044	-1.048807	1.350700	10.420226	2.010907	1.618288	0.325066	13.632670	0.846533	-0.686071	-19.776683	-9.597492	15.508601	57.454383	29.594729	0.604873	-4.796491	8.587467	34.786581	20.831771
8.630000	46.611805	-6.034853	-5.027726	14.934953	-2.400998	0.070547	1.596032	-0.132279	-1.216381	1.617075	11.084644	1.261347	0.951363	0.659300	10.916612	1.003154	-0.812456	-18.333638	-10.998403	16.483365	63.043419	31.714682	2.081352	-4.548450	5.486082	37.555258	20.953871
8.640000	45.056758	-4.935840	-4.714799	14.830420	-1.596452	0.742768	1.338837	-3.342066	-1.336962	1.843728	12.646436	0.565452	0.655912	0.816588	7.892782	1.117106	-0.934256	-18.762409	-11.330762	16.323134	69.494994	34.263197	3.432388	-4.811425	4.315772	39.664806	21.960262
8.650000	44.113851	-4.285730	-3.910127	14.864291	-1.180075	0.323698	1.893670	-3.131646	-1.369618	1.981964	13.784386	-0.184662	0.413055	1.087289	4.418996	1.103494	-1.054124	-18.746013	-12.815607	18.845572	79.502875	35.823155	4.954804	-3.433557	1.137801	43.274792	22.029936
8.660000	43.568373	-1.954246	-2.983924	15.656006	-1.243218	0.546808	1.582924	-2.662325	-1.423204	2.105397	15.368951	-0.723444	-0.082772	1.153022	0.590467	1.013707	-1.220025	-20.115535	-13.802955	20.512591	87.408882	37.418190	7.016989	-2.656752	0.259842	45.523493	22.802576
8.670000	43.288398	0.334287	-2.142123	15.742648	-1.322208	0.014643	1.918057	-2.397153	-1.458258	2.204419	16.592834	-1.190106	-0.470821	0.980121	-3.158221	0.873219	-1.360857	-21.299225	-16.527006	24.012311	93.028450	37.678111	8.353432	-2.348119	-2.128280	47.936609	22.246610
8.680000	43.668804	3.694692	-1.509490	15.951749	-1.188172	-0.052996	1.995192	-1.497322	-1.575831	2.276729	17.038517	-0.992466	-0.749251	0.780709	-3.665849	0.682270	-1.542805	-23.536081	-18.760841	26.169540	95.839655	38.507026	10.291751	-3.824572	-1.096542	49.624680	22.830427
8.690000	43.935728	5.892884	-1.150997	15.259517	-0.709766	-0.514022	2.216000	-1.346554	-1.634654	2.261920	17.169746	-0.989401	-0.947053	0.779290	-3.117284	0.564045	-1.695796	-24.951786	-22.843626	30.108020	96.575314	37.569910	10.523001	-6.223155	-1.337688	51.966432	20.967036
8.700000	44.457493	8.388235	-1.023426	14.546199	-0.536225	-0.243683	2.023590	-0.633417	-1.668460	2.136223	17.573826	-1.193898	-0.834160	1.132672	-3.048796	0.555949	-1.937974	-26.246918	-25.496875	31.868179	94.636559	36.941681	10.769600	-8.844997	2.325403	51.365581	21.721624
8.710000	44.627004	9.423800	-0.942301	13.353759	-0.293086	-0.750928	2.174221	-0.379506	-1.660521	1.868921	17.689485	-1.261781	-1.384638	1.188245	-2.408063	0.677126	-2.140141	-25.942956	-28.634582	34.669577	90.815717	35.258695	9.172073	-12.020275	3.680148	51.580811	19.261789
8.720000	45.303335	10.453613	-1.067066	12.879069	-0.451405	-0.359310	2.091416	-0.271467	-1.624441	1.420427	17.647309	-1.938519	-0.793243	1.698776	-2.392508	0.968930	-2.360398	-25.384233	-29.630374	34.202278	87.157452	31.957399	7.710388	-13.626671	7.634136	48.848069	19.432284
8.730000	45.885601	9.865630	-1.361077	12.317714	-0.778257	-0.292576	2.218626	-0.016522	-1.626136	0.857182	16.867686	-1.647474	-1.399251	1.968695	-1.851619	1.298846	-2.507439	-23.386448	-31.339031	35.000655	83.241534	26.414681	4.254288	-14.180605	7.573198	46.834597	17.992638
8.740000	46.773305	9.809266	-1.599267	12.426707	-1.230670	0.268133	1.806102	0.252593	-1.696222	0.215248	16.547155	-1.296481	-0.738289	2.309540	-1.993759	1.670352	-2.734904	-21.895378	-30.262041	33.215511	76.814738	19.465892	1.680349	-14.683459	10.368923	42.207080	18.647596
8.750000	47.450800	8.918245	-1.861371	11.997752	-1.570917	0.382785	1.784417	0.258956	-1.814789	-0.433754	15.604985	-0.226751	-0.921113	2.775404	-1.949025	1.964581	-2.903696	-20.044334	-30.127450	33.354284	69.047181	10.215690	-1.268993	-14.655097	10.509842	39.941239	17.462291
8.760000	48.800440	9.221433	-2.279035	11.952015	-1.540037	0.728908	1.383124	0.406158	-2.081112	-1.067741	14.946949	1.521914	-0.361044	3.107753	-2.119808	2.138896	-3.029254	-20.888599	-26.714966	30.265743	60.405716	-0.949306	-2.147732	-18.979506	13.052526	44.003306	11.357285
8.770000	50.729885	9.890159	-3.268635	12.273867	-1.160105	1.026830	1.422822	-0.123298	-2.236018	-1.616085	14.519424	2.681119	-0.291955	3.092044	-2.395115	2.196117	-3.059147	-23.407609	-28.892257	29.468966	48.871189	-12.791684	-2.418964	-22.405444	13.201367	54.244365	4.459821
8.780000	54.019861	10.504639	-3.680798	14.072118	0.002505	1.294144	1.333511	0.324511	-2.492050	-2.056478	14.300898	3.142616	1.314416	3.378893	-2.613885	1.994883	-3.232900	-26.652303	-28.450247	29.963677	36.773682	-25.584795	-1.293214	-25.021217	16.250075	58.071814	1.881745
8.790000	57.005463	10.179946	-3.630583	15.740672	1.511774	1.165760	1.291580	0.240059	-2.794991	-2.275648	13.912955	4.055174	1.429734	3.182321	-2.047213	1.592656	-3.438940	-31.390398	-29.843160	33.768068	24.606655	-38.226690	-1.411977	-28.223452	18.942596	59.467337	0.582185
8.800000	61.248140	10.015914	-3.172779	16.115557	2.239868	1.482393	0.419066	0.002568	-3.274040	-2.400094	13.153339	4.653702	2.524307	3.083746	-2.132339	0.939391	-3.508241	-37.351451	-32.189806	35.398999	14.355853	-46.707552	1.277975	-29.837347	23.028088	60.817091	1.755197
8.810000	64.561338	7.578549	-2.195410	15.978657	2.615683	1.429469	-0.141046	0.070198	-3.888163	-2.381465	11.783332	5.693846	2.126632	1.909771	-1.608012	0.128666	-3.506368	-42.865583	-34.400852	39.480838	6.835489	-51.265616	2.898995	-33.407604	24.319518	61.462319	3.083056
8.820000	67.427197	4.373632	-1.094919	15.637297	2.377919	1.402156	-1.101590	-0.136404	-4.547700	-2.169904	10.503521	6.172528	2.331336	0.726048	-1.322825	-0.687682	-3.418688	-47.763592	-36.763471	40.751463	4.842279	-47.560997	6.339818	-35.140179	26.344603	61.203387	5.328353
8.830000	68.939257	0.596391	0.315278	15.325259	2.430302	0.659458	-0.906281	-0.462899	-5.021271	-1.913039	9.333877	6.023326	1.238820	0.248105	-1.339184	-1.452991	-3.296475	-49.149552	-38.319704	42.555436	3.385773	-43.299530	8.089240	-38.569877	27.836864	60.421546	5.219948
8.840000	68.884974	-3.278464	2.129747	15.974805	2.406155	-0.320439	-0.373982	-0.693800	-5.174723	-1.723056	9.471866	4.597477	-0.298298	0.134695	-0.822814	-2.074107	-3.143683	-47.648902	-40.608105	41.652113	2.924721	-38.654543	6.739885	-42.468262	29.389943	59.956795	3.695033
8.850000	68.350067	-5.483714	3.450514	16.341601	2.499365	-1.270260	0.552726	-0.442880	-5.024104	-1.642269	11.348267	2.590482	-1.775674	1.029728	-0.493631	-2.478821	-2.921028	-44.983086	-42.228234	39.518908	3.973471	-32.970957	5.566903	-46.590655	33.688858	60.774332	1.908442
8.860000	67.126417	-7.371241	4.731600	15.503513	2.274136	-2.033939	1.762757	-0.222866	-4.591278	-1.680430	13.697011	0.754682	-2.589849	2.224209	0.167971	-2.763666	-2.625967	-40.083418	-43.943205	39.199023	3.102167	-30.047970	2.675034	-50.902284	37.139323	63.161181	-0.094589
8.870000	65.103636	-8.054026	5.805229	14.363059	2.331764	-1.836117	1.954888	0.238515	-4.033148	-1.808331	16.861636	-0.399495	-3.412110	3.623134	0.956514	-2.934705	-2.370238	-36.842834	-46.544679	37.380463	1.165621	-27.576474	-1.139599	-54.094073	42.942524	65.830953	-0.388030
8.880000	63.783264	-9.229648	6.891436	12.141910	2.195724	-1.446728	2.320142	0.461456	-3.522274	-2.025240	19.440342	-1.056372	-3.700223	4.327494	0.827607	-3.034000	-2.028488	-32.243044	-48.361767	37.248744	-0.425698	-27.048178	-3.796024	-57.041783	47.396971	69.358425	0.981089
8.890000	63.774042	-6.823087	5.391733	9.076414	2.084744	-0.694249	0.957042	0.220934	-3.343596	-2.213555	22.563517	0.593773	-3.556925	4.671612	0.891336	-3.232405	-1.428359	-36.369093	-44.566923	43.977436	4.937346	-13.003705	0.991096	-57.401745	59.799197	69.693066	3.528392
8.900000	63.580570	-8.607919	4.608999	7.429397	1.257092	-1.023517	1.983528	0.032123	-3.138254	-2.335703	23.154097	1.408126	-3.164902	4.478845	0.512764	-3.363878	-0.666609	-35.538465	-48.810592	53.139657	8.618463	-5.416444	3.735834	-55.015370	61.085781	74.198583	5.969688
8.910000	62.647038	-11.600841	5.546073	9.438587	1.433977	-0.426169	0.766195	0.055151	-3.135014	-2.568214	22.767080	0.937981	-2.925518	4.446050	0.627970	-3.513896	-0.201521	-36.450783	-48.624248	56.362836	14.682768	-0.389255	4.483809	-57.731450	65.941161	73.144743	8.343995
8.920000	61.479177	-13.918841	6.498408	10.396648	1.770601	-0.235625	0.720156	-0.516194	-3.126260	-2.563024	20.449616	0.379781	-2.630336	3.818877	-0.306424	-3.459769	0.427198	-36.334217	-52.108629	58.050334	21.219892	2.837757	6.450012	-57.144693	69.198820	72.815824	9.248473
8.930000	59.048185	-16.774588	7.596889	12.312412	2.117124	-0.025919	0.309295	-0.728141	-3.204365	-2.424856	16.519811	0.238148	-1.833973	2.930827	-0.599592	-3.324692	1.077417	-36.497187	-54.586063	61.056948	26.503412	4.402159	7.223480	-57.417832	70.423445	70.767157	9.491632
8.940000	56.124144	-18.082414	8.343800	13.841858	2.519415	-0.081376	-0.340093	-0.967637	-3.279131	-2.228076	12.795631	-0.248221	-1.316924	2.321061	-0.862747	-3.142303	1.757378	-36.801196	-55.721657	62.430802	32.205076	6.197974	8.957804	-56.769730	72.871444	67.199685	9.135582
8.950000	52.850056	-18.896403	8.688324	14.907379	2.574836	-0.497118	-0.014777	-0.915825	-3.282400	-2.024908	9.680403	-1.210474	-1.202736	1.614392	-1.444777	-3.007488	2.422033	-35.607485	-56.852347	64.966321	37.570935	7.363278	10.338765	-55.508532	73.283145	63.859391	8.476760
8.960000	49.541960	-18.568099	8.395676	14.412623	2.140750	-0.511940	0.422701	-0.820888	-3.241827	-1.911014	7.237406	-2.495452	-0.624984	0.715645	-1.518620	-2.908376	3.032458	-34.575080	-56.586411	65.909350	43.553495	8.804098	12.389847	-54.193631	73.166487	58.927806	8.257927
8.970000	46.518397	-18.014555	7.644334	13.170250	1.905923	-0.434576	1.541414	-0.664552	-3.047962	-1.852779	5.520660	-3.595271	-0.804091	0.065894	-1.797255	-2.874896	3.478605	-32.296791	-56.879001	67.196041	49.526086	8.640552	13.741859	-52.424154	71.441638	54.445781	7.307261
8.980000	43.442850	-16.891372	6.421079	12.035977	1.645378	-0.314584	2.001402	-0.762871	-2.713105	-1.926292	4.536379	-4.200467	-0.547160	-0.443947	-1.716699	-2.854910	3.724618	-30.119536	-56.176410	67.475313	55.769366	6.367056	14.406591	-50.685297	69.873700	50.082824	5.911192
8.990000	40.442505	-15.669539	4.773386	10.750705	1.628299	-0.285325	2.231834	-1.038363	-2.259705	-2.030144	4.165016	-4.029605	-0.475573	-0.923608	-1.387317	-2.791175	3.848401	-27.677454	-55.615620	67.466488	61.502753	2.264919	14.939041	-48.457502	68.135700	46.021320	4.115965
9.000000	37.525191	-14.695563	2.973539	9.941738	1.856635	-0.147630	2.188500	-1.324742	-1.746226	-2.114259	4.599289	-3.192089	-0.464250	-1.315722	-0.914842	-2.666570	3.871870	-25.385001	-54.809052	67.335212	66.340604	-3.264388	15.412222	-46.309947	66.575387	41.823140	2.411921
9.010000	34.930580	-13.624647	1.166818	9.832446	2.258618	0.148739	2.044461	-1.556894	-1.190683	-2.141370	5.777494	-1.994461	-0.535835	-1.477948	-0.367587	-2.484543	3.817967	-23.746125	-54.049610	66.539007	69.935699	-9.559005	16.378355	-44.115543	65.578938	37.959597	1.029568
9.020000	32.682188	-13.035648	-0.208979	10.282744	2.816521	0.534117	2.106483	-1.547220	-0.605725	-2.099584	7.272169	-1.047626	-0.747414	-1.407101	0.037842	-2.251727	3.756272	-22.231938	-53.919828	66.164052	72.917868	-15.597776	17.428849	-42.461237	63.826659	34.283236	0.201549
9.030000	30.754912	-12.294754	-0.991615	11.376726	3.480091	0.953019	2.054167	-1.345796	0.033081	-2.039830	8.978553	-0.655129	-0.850912	-1.307175	0.504728	-1.984051	3.685654	-21.413854	-54.850874	65.092483	76.102227	-20.866487	18.420985	-41.340021	62.628695	31.040414	-0.196818
9.040000	29.568005	-12.077889	-1.132726	12.410784	3.915706	1.116729	2.199706	-0.911257	0.734457	-1.949790	10.482590	-0.943683	-1.018902	-1.167589	0.829552	-1.664244	3.665110	-20.269876	-56.797020	64.920580	79.804122	-25.251662	18.577476	-41.272970	61.008462	28.034411	-0.334430
9.050000	29.358401	-11.810207	-0.821223	13.123333	3.751329	0.921938	2.073281	-0.411371	1.513958	-1.856577	11.814767	-1.639795	-1.193488	-0.951069	1.039519	-1.309814	3.649625	-19.663986	-59.845780	64.606816	82.846892	-29.680410	17.578741	-41.690651	60.289219	24.896510	-0.703324
9.060000	30.364044	-11.761272	-0.398915	12.945583	2.558843	0.358128	1.686518	-0.065871	2.346710	-1.757130	12.986980	-2.452712	-1.288335	-0.600381	0.862492	-0.918466	3.608797	-19.602624	-63.434516	64.792415	83.573323	-35.031352	14.921457	-42.961914	59.899253	21.131261	-2.120081
9.070000	32.008498	-11.758831	0.059415	11.658082	0.403666	-0.318482	1.161158	-0.004426	3.229732	-1.641560	14.359629	-3.254025	-1.363514	-0.006498	0.320104	-0.506717	3.469786	-19.817819	-67.229968	64.782965	81.481594	-41.383035	10.900066	-45.248503	60.208628	16.303034	-5.302254
9.080000	33.156850	-11.654489	0.389541	10.124696	-2.484684	-0.730250	0.361150	-0.157615	4.174784	-1.575289	16.274737	-3.737417	-1.278322	0.907320	-0.635185	-0.092394	3.193336	-20.448811	-71.530970	64.490408	75.892425	-47.508318	5.550283	-48.650555	60.556528	11.253382	-10.694915
9.090000	34.009283	-11.377966	0.604072	8.566407	-5.523232	-0.834017	-0.528440	-0.280458	5.206170	-1.588742	18.340390	-4.322886	-0.896420	2.038084	-2.051052	0.305623	2.862852	-19.834763	-75.492437	63.453653	68.721288	-51.915638	0.622724	-52.791741	60.052058	7.580750	-17.160840
9.100000	35.728517	-9.414641	0.414372	7.430561	-7.457606	-0.223001	-0.579527	-0.069647	6.192905	-1.559789	19.701052	-5.343718	-0.137079	3.128309	-2.492452	0.539623	2.549214	-18.343450	-77.188734	61.016607	59.565224	-52.721988	-1.309060	-57.218449	59.615269	6.233999	-23.748197
9.110000	39.285455	-7.131291	-0.374784	6.993616	-7.112174	0.946455	0.206328	0.590273	6.909005	-1.448932	18.391052	-6.382068	0.422385	2.783292	-1.703158	0.583327	2.325699	-17.458177	-78.004716	59.179983	44.912463	-51.314387	-2.181054	-62.423104	56.874177	7.223495	-29.140007
9.120000	44.624047	-4.305296	-1.608317	7.351429	-5.719031	2.016128	1.291397	1.911063	7.189833	-1.224638	16.860988	-7.303520	1.780713	-0.152717	-0.244556	0.413937	2.181431	-18.139016	-76.389891	56.303510	28.333881	-49.390089	-2.539281	-66.838333	55.379386	11.513483	-33.580963
9.130000	44.721117	-2.877845	11.906553	21.183833	-2.426706	-5.760661	-4.705420	-0.575830	9.544861	-0.003617	34.443133	-17.078644	-1.622438	-5.324282	-1.613408	0.183152	1.642450	2.115129	-52.065105	40.438811	2.919057	-60.416158	-11.794577	-69.622282	46.859841	18.602734	-48.700109
9.140000	51.046886	3.473602	7.467794	13.568343	-10.174735	0.755874	3.223793	7.084975	10.204429	1.326685	42.867504	-15.056276	-0.334215	-6.893419	4.057650	-0.192469	2.632223	-5.047308	-76.262328	48.519029	-3.881907	-31.712577	-15.848718	-43.727967	42.850547	30.519386	-36.221012
9.150000	57.207432	1.128024	4.984176	16.533192	-12.227251	1.169750	4.793981	6.496377	9.073294	1.486702	52.096516	-15.995370	3.009726	-1.966769	4.322455	-0.180606	2.474306	-5.406636	-48.232834	40.008339	11.349383	-32.738131	-17.943957	-65.493452	50.732678	41.510484	-32.833315
9.160000	40.675535	-11.354358	0.551096	29.854169	-9.765859	-6.095053	-1.972220	0.196374	10.197612	1.911205	58.623031	-4.203896	-12.287000	3.923003	2.305375	0.282528	1.099742	-27.221019	-81.373523	74.471757	-43.806244	-71.692780	-57.966183	-51.442188	27.176839	27.586260	-72.694063
9.170000	36.016009	-22.361741	5.659696	52.922741	-8.036154	-6.358914	-4.546708	-2.584442	8.831456	0.998606	62.682875	-10.458217	-2.012058	13.761555	-0.126161	-0.102202	-0.551267	-12.126282	-64.514306	97.531343	-21.165794	-126.050174	-84.541389	-79.313540	22.365287	-4.056667	-112.696074
9.180000	36.928537	-5.495723	6.034376	69.916829	1.461006	-10.334675	-9.896906	-5.187741	8.869538	0.550026	63.223928	-13.503826	-4.074421	23.600046	-4.432995	-0.943686	-2.294424	-18.330992	-95.541948	78.052282	-44.100742	-179.912642	-73.843073	-34.301812	50.630526	-19.176950	-159.984767
9.190000	43.209248	-1.609523	10.070950	85.285693	0.341878	-3.772520	12.185542	-0.503237	8.062869	0.329461	75.239673	-3.529144	-5.037951	17.519560	-2.415544	-1.447554	-2.554794	-16.301189	-63.805652	65.583488	-51.187040	-207.113728	-61.756686	-73.152113	69.663110	-11.939755	-145.320356
9.200000	49.936390	6.472404	4.745709	94.705783	3.340068	-7.101968	13.914300	-3.955645	9.203196	0.765094	90.137824	8.665024	-3.843958	14.562592	-0.091571	-2.668589	-3.053950	-22.963923	-88.722696	69.911063	-70.168810	-201.402888	-51.319610	-43.438409	62.584966	4.462125	-142.539829
9.210000	49.365129	-2.906618	2.147906	103.128083	8.995538	-5.862230	13.968484	-7.861679	8.396911	0.308390	93.130067	11.726785	-1.580583	21.361653	0.142222	-2.933378	-3.798806	-21.836107	-62.507024	73.841652	-71.232502	-194.613770	-48.287625	-67.842451	57.142836	1.593914	-137.412846
9.220000	49.719925	-4.431974	-9.912720	92.264339	8.323711	11.556331	34.999106	-0.968281	7.625944	0.673331	90.001971	31.287745	4.987368	19.939274	-4.449311	-2.405595	-3.883439	-33.270845	-83.331705	91.786623	-81.142706	-186.517105	-79.648069	-76.593128	40.940545	6.445735	-141.662031
9.230000	50.860205	-7.109929	-8.557344	95.183246	28.076394	-4.625094	15.874429	-4.691860	6.588917	-0.657327	82.106672	26.276318	0.645403	23.962060	1.816581	-2.793253	-4.351948	-30.076887	-62.020669	90.750611	-75.364333	-177.710399	-89.545532	-74.290744	36.931354	8.328619	-136.650890
9.240000	53.822956	-11.004822	-6.789767	100.045912	26.595183	-2.700564	12.576303	-0.364351	6.921382	-0.921258	88.287167	20.670731	0.243775	15.756160	-2.818586	-3.126908	-3.530457	-25.983174	-60.130276	93.850118	-86.190033	-170.523405	-92.790955	-56.890031	41.979432	-15.863492	-135.416895
9.250000	58.262291	-14.433609	-4.325328	94.971642	22.547888	0.183187	13.185129	-4.202651	7.662269	-2.102326	104.826197	-12.314596	-4.578932	-13.956396	-14.177650	-4.512312	-2.110990	-31.518492	-64.768743	91.016802	-95.563745	-169.228449	-63.420589	-60.666643	70.980987	-43.640627	-125.013173
9.260000	61.159067	-11.259412	-5.845544	93.394734	16.078498	0.980200	8.369084	2.702500	7.202484	-1.459370	99.329181	-16.026963	-3.444926	-5.481820	-7.618080	-4.501640	-0.813872	-25.320364	-83.084912	110.800749	-122.518104	-125.037193	-57.812576	-29.046241	54.441977	-38.163351	-101.179302
9.270000	62.713985	1.460997	-1.469638	102.469072	13.891877	6.531572	1.970801	14.698672	6.464766	0.397056	81.309356	17.089402	-1.761359	21.375997	12.194565	-3.482774	0.778846	-17.679605	-77.388702	88.307422	-123.124284	-79.052292	-84.786996	-10.584455	23.716816	-43.361704	-63.022107
9.280000	69.982777	9.928052	1.873031	98.238073	15.789267	5.395515	-6.236846	2.283920	5.263849	1.110747	65.640122	15.928654	4.476909	-0.735141	-0.088020	-2.598129	2.422209	-18.231991	-78.574260	60.170397	-88.364518	-23.750504	-69.665789	2.284446	26.576288	-42.584445	-6.219586
9.290000	87.425499	13.271788	6.812493	89.278229	15.357147	3.619103	-4.080147	-0.008974	3.246115	2.040997	51.663354	12.172686	7.590851	-16.612785	0.720068	-2.021537	3.560049	-13.154891	-71.690588	37.302268	-36.431761	39.797369	-38.548760	8.455558	11.831813	-14.163499	38.605515
9.300000	108.125486	8.023034	9.887262	72.667487	9.714841	-0.928049	-4.427458	-6.037863	0.950808	2.614068	36.658950	8.285338	11.237733	-22.668101	2.007535	-0.775007	3.761633	-20.522668	-59.830506	-28.622639	88.540167	64.118505	-16.965720	28.537457	-29.928325	74.946789	48.596174
9.310000	98.064632	-17.110261	7.943472	56.572877	3.146762	-9.038119	-9.322302	-8.800271	-1.150059	3.384588	19.519147	8.699236	-7.133601	-35.151813	1.659656	2.953811	3.169610	-58.671069	-69.983787	-57.224965	88.989213	24.309948	-61.144751	-2.106021	-80.269691	61.320913	11.358051
9.320000	101.412230	-7.019862	2.428278	50.229445	-7.733536	0.033020	-0.278702	3.058789	-0.528127	4.470062	4.780641	22.532798	-2.448779	-21.510478	-3.438171	1.287199	3.766702	-76.271695	-78.660526	-58.711275	-25.886406	40.397603	-61.107805	0.188145	-40.957586	53.629553	21.208357
9.330000	135.754251	-7.303869	2.389892	34.099512	-17.666169	9.497270	3.369671	3.209241	-1.542538	4.459732	10.166437	28.467137	-1.861836	4.502317	-5.498767	-1.364519	3.713025	-51.401103	-79.875835	-37.719579	21.303758	71.093522	-30.134970	43.026296	-17.492161	94.515198	52.917652
9.340000	140.903244	-19.500265	1.474416	23.840051	-11.509869	2.863188	-2.449371	-3.931233	-1.306113	3.310037	19.012798	27.264975	-4.880702	-4.047974	2.535948	-0.923589	2.955973	-60.859825	-97.043892	-32.341075	33.548413	75.636335	-54.928170	34.304718	-29.723838	92.671975	51.800691
9.350000	143.145542	-18.800853	1.920590	9.374069	-4.088696	0.424373	-4.484374	-2.631460	-0.706907	2.129140	25.091251	25.822742	1.269164	-14.672266	-1.700738	-0.094956	2.956858	-66.614880	-102.092175	-47.296067	37.942377	71.658112	-60.407471	36.761935	-26.468772	72.446899	50.858133
9.360000	146.552277	-19.432373	-0.567394	0.609716	-4.250803	2.130374	-1.992381	-2.244485	-0.138843	1.916071	24.353432	24.054218	0.163362	-18.996608	0.303427	0.312838	3.312806	-60.916867	-102.939067	-42.025499	31.952570	66.384263	-59.363924	36.064966	-37.932627	55.251454	46.499640
9.370000	144.991894	-17.408376	-1.681972	-1.860918	-6.047795	1.419622	1.192358	-0.894214	0.591921	1.839029	19.463520	26.232049	0.101437	-19.006744	-0.747997	0.377827	3.336659	-67.745350	-103.838021	-49.867545	33.168514	62.382746	-62.376617	41.029016	-40.852989	46.991864	40.370550
9.380000	143.339939	-17.637470	-2.780071	-2.175527	-8.123162	-0.014497	3.155455	-1.605857	1.247574	1.886468	15.047158	28.506208	-1.253700	-14.018089	-0.948190	0.392503	3.422962	-65.357989	-101.465270	-49.838859	33.536263	59.649583	-61.123971	43.931982	-46.941859	40.540507	35.418611
9.390000	140.022211	-17.034336	-3.104389	0.665458	-9.467571	-0.615794	4.358520	-1.390680	1.771923	1.931185	11.839960	31.691086	-1.308267	-4.650014	-2.997840	0.430507	3.498622	-63.819516	-97.444783	-51.657401	34.488711	58.494255	-60.193692	46.504524	-47.445484	34.147827	32.510325
9.400000	136.210785	-16.947688	-3.109224	5.324204	-10.502615	-0.988963	5.439881	-1.602475	2.249395	2.059404	10.104175	33.138011	-1.634542	8.182726	-3.962966	0.471749	3.694223	-60.413220	-92.241226	-48.696207	33.630887	55.307966	-59.415274	44.827521	-47.931232	27.045773	30.190203
9.410000	132.904272	-15.953786	-2.374722	10.371361	-9.655100	-1.862262	5.887491	-2.187663	2.860576	2.034570	10.983143	31.145956	-1.579916	18.602040	-3.923655	0.543831	4.010534	-57.117774	-84.824331	-45.806390	33.386050	46.818275	-57.544968	41.201058	-44.666111	20.269717	28.325416
9.420000	130.293331	-14.963520	-1.460493	15.530193	-7.118764	-3.364448	5.463458	-3.182896	3.527286	1.854901	14.790912	24.466544	-2.029382	20.792576	-2.011624	0.620440	4.478537	-52.875093	-75.543164	-40.323025	33.976860	34.891747	-56.776569	34.546673	-42.001641	15.435027	26.009798
9.430000	127.856102	-13.126222	-0.779614	18.773086	-3.633688	-4.688310	5.382245	-3.211727	3.953660	1.718175	18.272694	17.322492	-2.304152	17.706964	0.005347	0.427125	4.850144	-48.933175	-64.989051	-34.471285	36.837745	26.569108	-57.738377	28.896384	-38.972215	18.006065	24.420075
9.440000	125.093040	-10.469720	-0.548262	20.135127	0.206819	-5.082141	5.497967	-2.207085	4.008882	1.817252	19.896340	12.285269	-2.887627	12.889298	1.099812	0.095217	4.969668	-46.599840	-53.749623	-29.028337	39.580218	21.614699	-58.342772	24.823224	-33.409739	28.818396	24.544381
9.450000	121.876593	-8.369316	-0.594469	19.800443	3.644941	-5.027327	5.429508	-0.801568	3.718826	2.180644	19.137572	9.149226	-3.918798	8.220150	1.797205	-0.183505	4.883542	-46.959534	-41.013889	-22.306091	39.989068	19.481422	-58.649322	21.130171	-25.108141	44.585846	24.302829
9.460000	118.521290	-7.753159	-0.477917	17.778296	5.427868	-4.884587	4.480248	0.956113	3.255907	2.729412	16.106548	6.867669	-4.442710	3.712619	2.583757	-0.297830	4.563947	-48.910858	-26.797065	-14.664425	38.429055	19.315684	-58.102534	17.369913	-14.035887	61.248350	20.833619
9.470000	115.567112	-9.301175	-0.048994	15.268697	4.761907	-4.433980	2.948915	2.624152	2.807355	3.396532	12.503663	4.322289	-4.479283	0.007110	3.188944	-0.298283	4.075782	-50.010812	-12.491980	-6.143648	36.117344	18.840184	-57.270611	12.718940	-1.796572	75.140101	12.987951
9.480000	113.466511	-12.814224	0.199542	13.822722	2.593608	-3.072553	2.951161	4.195227	2.593889	4.045423	11.515921	0.879917	-4.246300	-1.141854	2.194170	-0.350732	3.555618	-50.091858	-0.191982	2.806382	38.177508	15.536802	-60.998991	9.039536	10.721128	71.759592	6.299742
9.490000	113.659210	-16.704023	0.036865	13.707019	-0.261880	-1.677472	3.770457	3.862542	2.710264	4.321004	13.875156	-3.412273	-3.724054	-0.246319	0.927482	-0.603823	2.861796	-45.453455	11.472564	11.060101	41.479106	9.192562	-64.814409	6.459977	22.943017	56.084441	1.752242
9.500000	112.104530	-20.083566	-0.843111	15.567246	-3.944089	-1.328587	3.600506	3.112796	3.091313	4.017757	17.637525	-6.875972	-3.847698	0.175105	0.772923	-1.041815	1.707434	-41.377399	15.086268	17.051443	35.883231	5.711658	-70.926737	7.033182	33.551726	34.414208	-0.438988
9.510000	108.963099	-23.060958	-0.925662	17.010376	-6.054929	-3.214401	0.905005	0.484697	3.673382	3.014537	19.865666	-6.326352	-3.752712	-0.727927	2.920520	-1.601142	0.158910	-34.786884	16.674699	18.436527	26.705450	2.827011	-72.675465	8.774115	39.431486	46.551418	-19.759402
9.520000	103.096218	-28.999014	4.143842	19.830242	-2.642995	-6.705831	0.568443	-2.972960	3.936799	1.602589	18.341118	-4.969458	-2.790692	-2.911757	3.470171	-1.813475	-1.507865	-29.755680	28.124725	12.269064	33.522351	6.645340	-78.917714	-2.801655	41.129914	112.247247	-59.674785
9.530000	103.774977	-29.544432	6.084023	17.660379	-0.263070	-3.676069	1.664960	-0.340755	4.578488	0.797723	15.169529	-1.417228	-0.473282	3.222720	1.055088	-1.787837	-2.168098	-34.053692	26.892694	3.095335	57.151638	-11.157095	-85.309878	-1.714701	52.177463	115.950483	-81.132956
9.540000	106.667747	-30.364876	3.435385	16.184386	3.266450	-0.702704	4.038242	-0.200999	5.147278	0.393168	15.994145	-0.828928	0.572296	3.760226	2.232441	-1.863696	-2.492053	-37.060920	25.746542	8.917702	69.416231	-36.278989	-90.720442	4.133618	44.243516	106.836140	-90.104289
9.550000	109.265175	-26.242144	1.808677	15.636999	7.369717	1.369435	4.962990	1.154040	5.468754	-0.005582	16.142001	-2.409261	0.887431	0.893470	2.043160	-2.033096	-2.879878	-44.996990	26.875068	3.824735	60.444081	-52.641407	-93.413676	7.067429	46.179065	89.734071	-91.774151
9.560000	111.981163	-25.261180	0.290196	13.719851	10.046810	2.065474	6.901646	0.587408	5.695421	-0.391247	12.695165	-5.696983	0.606168	-1.161802	1.355353	-2.065551	-3.062562	-46.599332	24.310385	4.463228	43.878973	-64.088337	-90.741513	8.469494	36.980814	80.517921	-87.581880
9.570000	109.191084	-19.682920	-1.396227	10.452263	11.836615	3.516110	4.947077	0.622171	5.995557	-0.750621	10.703446	-7.415557	-0.425075	-2.441656	0.926789	-2.144473	-2.879655	-58.603508	17.974337	-7.322157	33.102755	-68.080060	-83.896032	8.580114	33.802637	65.254118	-88.897914
9.580000	104.866104	-22.174675	-2.459241	7.301616	11.120282	2.650383	5.663789	0.650495	6.160914	-1.459856	8.454738	-11.252609	-0.260886	-3.741297	0.815383	-1.976249	-2.732454	-57.068068	13.186030	-0.419886	19.434466	-76.582544	-75.329131	5.838061	13.582421	55.401215	-87.686501
9.590000	101.145878	-19.282776	-2.110726	3.748504	9.719313	0.918804	3.571009	1.239172	6.430625	-1.916066	7.330283	-11.710583	1.189364	-2.186385	1.051427	-1.886315	-2.710779	-63.263860	9.098243	-11.238443	28.515755	-75.853951	-68.169523	2.049716	13.788876	44.561867	-93.151487
9.600000	95.961056	-21.749141	-6.109990	5.171892	1.589355	-0.285638	1.844696	0.243135	6.632000	-1.934801	5.217946	-9.135272	-0.158342	-0.271469	1.966538	-1.596342	-2.971748	-57.270180	-32.994075	-2.759816	13.507654	-76.678246	-65.331767	39.046770	-7.931369	47.543769	-90.034336
9.610000	94.925404	-17.960482	-5.315199	7.306688	2.909763	-4.301229	-2.331129	2.623016	6.786164	-1.864289	7.776449	-4.933359	5.881746	1.172798	1.868624	-1.625296	-3.204089	-55.890682	-24.068246	-0.933327	24.413167	-78.075364	-59.800195	64.737299	9.622059	33.064578	-98.648205
9.620000	90.809078	-17.660553	-4.098583	5.225779	2.448641	0.160911	3.359288	0.305092	6.461237	-1.952135	5.966503	-5.597685	2.526627	1.488893	0.993717	-1.659268	-3.479721	-52.499893	-15.065092	9.143623	23.389216	-86.171329	-62.337376	69.362782	20.430775	13.484739	-109.041981
9.630000	88.309650	-14.050449	-3.494899	0.661314	3.235303	3.879759	5.627135	0.390118	5.913476	-2.572115	3.916843	-6.457658	0.774433	1.910589	-0.940592	-1.598379	-3.984306	-42.061222	-5.642661	10.180833	17.695107	-93.316756	-61.236259	71.699955	21.574782	0.787930	-119.290285
9.640000	84.378452	-8.937207	-4.401012	0.351900	3.404197	3.872990	5.023173	-1.375711	4.781149	-3.057121	5.498486	-3.136435	0.551707	1.742864	-0.338436	-1.225534	-4.428800	-29.306180	-0.138688	14.410880	5.228119	-76.242991	-59.024781	69.080189	20.073420	-16.645525	-117.489636
9.650000	80.991001	-6.210031	-6.430391	4.155224	0.846303	6.362828	2.800640	-1.031404	3.164485	-3.287987	8.071064	0.274072	4.310766	1.392589	-0.400931	-0.904774	-4.254096	-12.954129	3.999018	17.407859	1.069383	-17.240638	-48.869790	68.657446	16.504241	-15.543343	-61.010689
9.660000	70.919886	-3.979423	-7.822971	8.337320	-1.526059	3.883503	-0.529781	0.503630	2.406284	-2.955559	12.936383	3.841357	3.074313	2.032400	-1.043928	-0.362378	-4.609958	3.919333	8.437627	6.726932	13.748614	33.031404	-42.439722	70.689747	7.086261	10.637538	-8.843733
9.670000	57.743902	-5.923133	-6.150455	15.806690	-2.080272	-4.636276	-8.637991	-1.176823	1.750185	-1.551421	19.295853	10.106818	-1.484667	13.457383	0.126017	-0.446838	-4.733149	13.280901	9.300726	-21.586588	66.365097	24.784597	-36.111693	91.582691	4.174795	27.311370	11.242479
9.680000	43.175383	-3.946915	-4.392193	28.236596	-9.121769	-5.391188	-6.379871	-3.565583	0.599738	0.217616	23.660254	14.185653	-2.615731	14.097899	-4.015127	-0.463007	-4.403650	6.625508	14.439181	-22.684047	78.322667	21.527568	-38.375603	105.679193	9.056089	52.501738	15.964881
9.690000	39.491162	-2.273670	-1.718324	26.118560	-13.358523	-5.212884	4.089176	0.633957	-0.063462	1.599016	18.997241	13.838676	0.524212	10.918016	-5.228420	-0.544226	-4.337196	-3.471904	23.978825	-19.776544	50.788347	26.341738	-37.945053	123.571683	13.830092	42.462757	26.542664
9.700000	42.209411	0.925331	-1.593752	20.958878	-13.931653	-6.247960	7.664920	-2.217046	-0.110527	2.692057	10.131839	16.289197	-0.138972	9.961234	-4.629050	-0.397090	-4.287248	-19.733256	30.482878	-27.219518	26.280221	26.325839	-33.149221	136.390192	16.607325	46.302465	15.075222
9.710000	44.104443	-2.902479	-1.206776	19.964034	-10.511975	-3.242463	7.989569	-0.289332	0.089124	3.084618	-1.751082	10.718484	-0.702479	6.475328	-3.691410	-0.117707	-4.040283	-34.929898	33.598640	-21.006639	2.382132	18.852958	-40.031777	142.801618	18.334831	24.986999	13.405938
9.720000	45.816941	-6.576201	-1.818962	22.345703	-2.902944	-1.513526	2.509057	-0.513105	0.601494	2.099638	-7.675958	-1.168084	2.616076	5.067924	4.723908	0.946455	-3.356136	-28.621010	32.022163	-23.419529	-18.872590	42.044483	-44.915333	134.978098	13.937378	1.360895	-7.186735
9.730000	43.029947	-7.120301	-0.744636	15.097152	-1.144015	-3.596269	1.502726	2.156047	1.151439	1.294607	-5.846081	-7.723364	1.367532	-1.477568	2.829131	1.127938	-3.253466	-24.539377	23.583652	-19.618832	0.181139	47.940169	-45.912709	124.216191	10.180784	-13.065867	15.375435
9.740000	34.763987	-7.780300	-2.383946	4.738251	-9.066750	-6.681890	3.305636	-0.759226	1.993918	1.674381	4.757844	-4.167779	-2.240703	1.389226	4.371120	1.418543	-3.493492	-19.264445	5.458201	-34.501384	73.060486	24.063606	-45.368749	114.873344	5.286217	2.916469	-6.933726
9.750000	32.748282	-18.151517	-0.912217	-0.208132	-11.644340	-7.236142	3.297120	1.563075	2.924119	1.578887	13.256077	-13.876495	0.788410	0.767024	2.414575	1.237383	-3.365050	-6.846013	1.344422	-20.975485	125.169861	-9.749174	-52.667555	110.353846	-10.522325	10.047439	4.276276
9.760000	31.879456	-16.173391	-1.316147	4.146854	-1.168278	1.023974	5.098352	3.500919	3.674121	0.709270	6.200697	-14.950723	-4.896249	-4.253908	-0.228427	0.553330	-3.262850	-7.171675	12.853642	-12.617481	50.485602	9.286800	-51.887428	97.016101	-15.722566	-0.353841	-1.098726
9.770000	23.238513	-7.225944	-3.891395	-6.243583	4.620962	0.237982	7.454106	1.129092	4.380313	-0.157878	1.021612	-9.866440	-5.231740	-5.121187	0.180611	0.688712	-3.862441	-12.603868	24.886328	-27.799031	20.031443	20.286499	-43.418998	82.874496	-1.516151	-29.240526	-14.280772
9.780000	16.466293	-0.748303	-9.397176	-20.214578	11.810171	4.251983	-0.740186	-1.189284	3.884713	-0.722925	-3.726684	-7.562148	1.484433	-7.317971	-1.096103	1.761182	-3.177526	-12.753776	47.613266	-37.701219	34.535035	30.495921	-32.474071	85.114702	-4.171006	-1.724774	25.669690
9.790000	7.325423	7.230505	-9.281308	-13.491053	7.908850	5.584080	0.049522	-1.001026	3.669566	-1.165557	2.444776	0.881204	0.057808	0.879943	-2.829178	2.824426	-2.618183	-5.878710	73.063462	-29.572901	57.536933	18.840186	-30.224247	80.714846	-2.514827	22.873820	-2.294956
9.800000	3.928773	10.399250	-7.772148	-9.025685	3.750322	5.143491	2.211688	0.748847	3.853812	-1.852707	5.601620	-0.479680	2.910598	3.712862	-1.051804	3.558334	-2.224039	3.046196	68.939517	-32.053225	31.936705	26.184773	-22.327536	73.808413	-1.539902	-3.659917	-7.025065
9.810000	-0.739498	13.212585	-4.880699	2.899276	0.127382	-0.993450	-1.918683	0.125710	3.604577	-1.561343	13.117671	5.085700	-3.731636	5.447712	-3.552559	4.417454	-1.768710	-3.301648	75.559914	-20.730954	62.440239	10.122862	-30.148065	50.721673	-11.816197	37.918353	-48.293713
9.820000	10.438805	12.354687	-7.584002	4.586608	-9.026396	-3.292762	-3.462950	0.656009	3.351263	-1.657920	11.833124	1.791193	1.073438	8.183846	-0.000169	4.911143	-1.440382	0.233164	50.726996	-24.134932	48.001957	-3.634864	-17.174602	54.729275	-17.281740	35.439608	-67.092255
9.830000	12.116209	9.982740	-5.808997	7.696968	-8.255014	-4.940381	-0.340756	1.562347	3.134631	-2.189475	7.659644	-2.938369	-1.962759	5.530020	1.853676	4.658224	-1.561426	-10.028778	52.887116	-7.382053	27.885287	-16.018245	-34.950666	28.494332	-22.488546	11.506301	-81.931546
9.840000	25.005970	7.746304	-7.072945	7.078960	-9.181467	-3.223735	-0.180673	0.552573	2.776207	-2.613639	4.583595	-5.242310	-0.458101	4.048610	0.672269	4.749939	-1.655082	-8.107651	46.013849	-10.567674	10.803455	-14.552783	-27.758005	20.933248	-17.312451	-2.954053	-83.094783
9.850000	29.881163	3.676048	-6.520968	10.554601	-6.768014	-2.493356	0.748068	0.984471	2.506754	-2.869373	3.615452	-6.846325	-1.448701	1.534643	0.451266	4.334319	-2.092790	-13.385421	37.825246	-3.416786	9.993486	-8.756341	-37.442767	3.835753	-21.377803	8.889762	-67.150496
9.860000	36.288092	0.274859	-7.742589	9.449864	-8.750531	-3.421934	1.634093	-0.196701	2.395678	-2.909779	6.072289	-3.739148	0.211746	0.655148	0.730861	3.944628	-2.459409	-13.330622	29.873483	-9.860474	13.480074	-3.332531	-28.092549	5.029374	-7.627430	6.028893	-67.433551
9.870000	33.994129	-7.282981	-4.647988	12.956547	-6.408875	-2.859135	2.580853	-0.722090	2.014364	-3.106141	5.712449	-3.248907	-1.223401	0.609799	0.220454	2.702935	-2.909843	-16.715130	31.093558	1.334344	18.758632	0.644019	-34.710849	-3.641887	-14.493911	11.248032	-61.888658
9.880000	35.351229	-11.140455	-4.308701	12.633786	-10.535211	-2.167565	2.811528	-1.269778	1.895421	-3.288808	5.903313	0.237399	1.693332	1.354922	1.819596	1.736673	-3.337457	-16.432190	29.769060	-9.517393	31.719817	8.758726	-25.117295	0.828303	1.300653	6.475966	-61.487842
9.890000	31.544003	-17.401981	-0.796517	13.752932	-7.129282	-2.129922	4.250390	-2.365732	1.399558	-3.521142	5.172151	-0.525772	-0.364452	4.502483	1.030377	-0.042529	-3.823398	-17.671754	27.649139	-3.990927	31.946457	8.688476	-28.595544	1.463425	-12.783651	18.663951	-50.776459
9.900000	31.157107	-18.157287	1.193001	11.172369	-10.173201	-1.652379	4.620526	-1.851768	1.262674	-3.603959	4.709739	1.902964	0.459353	3.941134	2.931038	-1.374995	-4.236760	-18.347238	29.748602	-14.833880	40.641122	9.879427	-24.780782	2.870286	1.807928	17.659313	-49.315557
9.910000	30.304627	-20.085840	4.744299	7.830438	-5.513565	-1.795023	7.037945	-2.891986	0.595353	-3.461102	5.576148	-0.072134	-2.487521	8.149175	1.165705	-2.874637	-4.398602	-18.210019	23.518396	-14.314016	30.717936	-1.949269	-28.627263	6.667108	-11.278586	23.768169	-47.194913
9.920000	31.089821	-18.380889	7.753765	5.475119	-4.434285	-1.197787	6.143005	-0.749995	0.399797	-3.178436	7.582722	0.720015	-3.053349	5.980600	2.039956	-4.014151	-4.473997	-20.700343	24.765431	-21.678409	28.530396	-8.656570	-31.354987	-1.416293	1.706065	17.972289	-49.700342
9.930000	32.818966	-18.392891	10.592211	2.444837	2.439714	-0.605880	6.754249	-1.165782	-0.021997	-2.790553	9.870330	-1.481531	-4.142686	8.132443	-0.188453	-4.606771	-4.296448	-17.867916	15.195196	-19.244005	14.361410	-21.491526	-34.275132	-0.627758	-2.717325	17.669843	-53.047884
9.940000	33.207228	-16.386180	12.723753	1.601240	5.686303	-0.119681	5.881425	2.166777	0.128243	-2.129317	10.514486	-1.783244	-4.935853	5.019785	0.170114	-5.045896	-4.017199	-19.941862	13.569120	-23.669221	12.379132	-24.773942	-39.053255	-14.874069	8.115921	4.430100	-61.395422
9.950000	35.091701	-15.696466	13.771603	1.348173	8.624416	0.245021	6.255334	1.630715	0.133074	-1.552539	8.966759	-3.911968	-4.586652	5.761786	-0.833885	-4.772919	-3.875381	-15.308304	2.189187	-20.120645	4.468875	-32.424342	-43.664498	-16.404406	1.904863	0.584824	-69.536328
9.960000	35.753055	-12.317072	13.687316	2.957044	6.450372	-1.186422	5.453527	4.803814	0.650628	-0.823271	5.369053	-2.978011	-3.864945	1.893575	0.092412	-4.301599	-3.919904	-16.267056	-0.422019	-21.507101	5.718090	-32.099877	-48.521496	-30.485627	8.390695	-13.464054	-78.153729
9.970000	38.728549	-8.495084	11.180888	6.388709	4.815484	-3.086100	6.575580	4.073280	0.873629	-0.269517	1.889876	-4.262323	-1.776823	1.758394	-0.267254	-3.262861	-3.983189	-14.199444	-10.922353	-16.425006	-1.098584	-37.471861	-50.307793	-31.978616	1.277054	-15.185554	-81.646994
9.980000	40.985751	-3.851203	7.842601	8.377353	2.173933	-5.486886	6.713017	6.991517	1.276368	0.518196	-0.698677	-3.804094	-0.077164	-0.329455	0.807832	-2.059266	-4.100993	-18.412885	-12.890243	-13.920637	0.020590	-36.258496	-50.567091	-40.833475	3.733234	-20.971902	-82.412429
9.990000	43.275609	0.634809	3.764614	7.670837	1.489768	-6.771713	7.110548	6.824332	1.452131	1.154843	0.623483	-4.413521	1.309697	1.242509	0.859191	-0.930167	-4.095303	-21.161004	-17.793865	-5.740134	-1.041014	-37.065990	-47.248742	-42.319285	-1.314051	-16.890223	-78.598380
10.000000	42.863569	2.680284	0.959755	4.945457	-0.192418	-6.191725	6.685288	7.615949	1.688923	1.870435	3.247249	-3.320250	0.806708	2.489113	1.745530	0.008834	-4.252005	-25.156048	-18.121381	-4.370122	-4.532562	-37.183598	-43.971490	-42.345561	-2.565766	-15.788618	-74.792914
10.010000	41.793337	2.786332	-0.549700	1.459343	-1.509527	-3.452390	13.746245	6.892007	1.767624	2.630208	5.020102	-3.087671	-0.595646	3.533781	2.100917	0.377472	-4.067973	-27.305372	-20.804444	-2.237907	-2.685674	-33.717718	-38.500639	-41.068595	-8.981432	-10.951687	-67.529827
10.020000	40.312395	2.056534	-1.295206	0.602398	-2.066422	-0.072300	20.158235	6.047529	1.526160	3.298869	5.537512	-2.214858	-1.921128	3.130243	1.647974	0.363374	-3.885879	-29.172292	-21.604849	-3.979172	-2.286252	-33.736739	-34.863739	-43.021703	-11.781446	-5.946180	-59.373066
10.030000	40.934162	0.350801	-1.654590	3.041485	-2.543877	0.780625	24.148537	13.516471	1.209460	4.077142	3.912287	-3.003728	-2.917632	3.605037	1.549421	0.099777	-3.610129	-30.649601	-25.716972	-4.623989	-8.416012	-40.010694	-32.587359	-45.803757	-14.438314	-5.261716	-53.846579
10.040000	41.529713	-0.485099	-2.020579	5.229980	-2.351502	0.604304	25.902154	18.066347	0.780542	4.768894	4.750088	-2.028762	-2.090964	2.807766	1.291349	-0.316752	-3.505822	-36.357177	-34.694683	-8.218797	-10.884029	-44.676207	-31.069933	-47.318267	-14.930448	-4.140327	-48.416372
10.050000	42.926741	-0.808250	-1.227436	6.189592	-1.156175	0.911162	27.268270	20.447545	0.249470	5.323286	5.631704	-0.312991	-1.189036	2.931919	0.653844	-0.828120	-3.470729	-40.533211	-42.508698	-10.875735	-10.393761	-49.472149	-26.643253	-50.364709	-17.883563	2.738370	-41.613463
10.060000	42.886257	-2.433969	0.165508	7.571154	0.244682	1.883837	28.472738	21.726526	-0.248194	5.821958	6.692225	1.919391	-0.873043	3.730969	0.760109	-1.287754	-3.465130	-45.912750	-50.405531	-14.173712	-12.109981	-56.138948	-22.907091	-52.037455	-19.750652	9.847122	-37.238732
10.070000	41.833048	-4.908211	2.336775	9.155563	2.249577	3.171424	28.876545	22.319820	-0.656762	6.230232	7.289836	4.162918	-1.326126	4.824728	1.485507	-1.555588	-3.417292	-50.995661	-55.425430	-16.808218	-17.533833	-65.185092	-19.057116	-53.636596	-22.315402	12.662883	-36.188520
10.080000	40.160775	-7.633076	4.428530	10.751085	3.960831	3.775423	27.295405	22.045363	-0.953670	6.482188	8.312492	5.431431	-1.547712	5.827555	2.115848	-1.737463	-3.352080	-55.689438	-59.376614	-17.081955	-25.868864	-74.706249	-15.299598	-54.141625	-24.864270	13.282977	-35.105854
10.090000	38.629105	-10.192971	5.469373	11.220781	4.601275	3.275929	23.389624	20.785106	-1.174068	6.505948	8.935751	5.337801	-1.270300	6.856274	2.718007	-1.897246	-3.316934	-60.228523	-62.757560	-17.561427	-34.663372	-83.410837	-10.882415	-53.891318	-25.402437	12.395424	-32.958068
10.100000	37.624149	-12.693412	6.060860	10.638094	4.265276	2.536619	17.811846	19.116096	-1.389479	6.444923	9.241993	4.175002	-1.113277	6.638646	2.782132	-2.112421	-3.326594	-63.817479	-65.210180	-16.871610	-45.454256	-91.842480	-7.720006	-53.008751	-26.438597	13.271043	-30.296674
10.110000	38.557913	-15.225384	5.471473	9.069156	3.211105	1.587495	10.914212	17.390311	-1.471356	6.297114	8.714011	2.032056	-1.264019	5.680794	2.535179	-2.223719	-3.364375	-67.136930	-65.331377	-17.847623	-55.376230	-96.584193	-5.220057	-51.312885	-25.808680	12.744069	-28.498171
10.120000	40.249758	-17.587230	4.791476	6.968603	2.375033	1.106629	3.473022	16.016517	-1.342052	6.119442	7.631106	-0.300638	-1.812879	4.353225	1.625664	-2.288853	-3.404671	-69.409265	-63.546737	-18.233687	-63.929947	-98.207317	-5.028001	-50.108553	-26.733953	13.784833	-27.481787
10.130000	42.375002	-19.464049	3.618662	5.144525	2.018336	0.892830	-4.010098	15.264113	-1.062351	5.879103	5.987862	-1.849375	-2.457018	3.190614	1.173338	-2.423784	-3.405026	-70.986705	-61.508844	-19.347547	-69.022344	-95.839441	-5.549595	-50.230895	-26.036726	13.249167	-26.541784
10.140000	43.008356	-20.662868	3.004018	3.195573	1.861173	0.980498	-5.239343	15.789744	-0.695316	5.705887	4.436964	-2.352398	-3.098115	2.317622	0.185086	-2.614426	-3.250797	-71.438325	-61.207033	-19.602151	-68.653603	-89.986764	-6.842071	-51.069914	-26.379736	13.298821	-24.281237
10.150000	42.387648	-19.599898	2.621213	3.332887	2.160339	-0.095161	-5.549166	18.535770	-0.010930	5.666173	2.482420	-1.958528	-3.995634	2.253437	1.133505	-2.915148	-3.065227	-72.538508	-59.224676	-22.423089	-36.688636	-68.914898	-7.409906	-58.733705	-24.185961	8.931389	-19.998271
10.160000	43.089633	-18.054929	4.997532	3.270733	2.347979	-1.163779	-4.157816	20.864058	0.642821	5.278873	1.087317	-4.080181	-3.575193	0.767480	-2.608824	-3.305791	-2.511902	-63.009955	-61.133502	-19.716230	18.473835	-37.195507	-2.441885	-59.986757	-26.352507	14.453010	-11.199526
10.170000	39.165111	-16.307887	6.537291	5.914105	0.934768	-0.622089	-0.061914	21.413516	1.075956	4.984341	-1.363380	-3.676533	-2.788825	1.452725	-1.130189	-3.667108	-2.241974	-55.177813	-61.554335	-18.970080	52.760817	-27.420195	-0.961920	-64.571235	-28.891754	28.141230	-6.057485
10.180000	33.212886	-15.766128	8.117519	4.816697	0.894666	-0.489638	2.500711	21.909688	1.621551	4.797557	-2.188768	-4.444572	-3.399944	1.537994	0.262245	-3.668756	-1.762079	-50.670896	-58.942933	-15.533389	76.317412	-26.980668	-1.704269	-60.417572	-38.383368	23.856220	-15.940750
10.190000	29.974875	-11.770482	6.841008	5.264752	-1.392657	-0.847602	1.039207	22.422597	2.015273	4.509066	-3.056033	-3.717596	-2.915369	-0.348152	0.972668	-3.664452	-1.490467	-48.300841	-52.400212	-20.537245	88.831365	-29.614517	-0.170044	-60.599770	-40.640616	14.284395	-23.425050
10.200000	27.305069	-9.155219	6.991275	4.955554	-3.849666	-2.341616	0.178474	21.654427	2.485425	3.876277	-4.334208	-3.637305	-1.326000	-0.961217	-0.712359	-3.892453	-1.061582	-45.192096	-57.930146	-21.196398	98.473915	-31.105688	-2.596397	-56.465834	-43.548502	12.197869	-28.940640
10.210000	26.909783	-5.958309	7.397323	4.458940	-6.512117	-2.652787	-0.758181	21.537479	2.968968	3.363961	-5.087143	-2.716915	-0.370129	-2.037641	0.408719	-3.885646	-0.624117	-41.516925	-55.712926	-20.368235	105.186725	-36.364835	-5.106340	-58.227136	-43.054435	5.929506	-34.144100
10.220000	27.007451	-3.685410	8.062109	4.559588	-7.079302	-2.808528	-0.959702	20.775428	3.270029	2.639610	-4.794106	-3.067422	0.152275	-2.448958	0.742601	-4.145318	-0.064773	-38.170495	-60.232771	-20.540772	108.088830	-41.143920	-9.708095	-53.731198	-42.330426	2.735800	-39.565369
10.230000	32.860310	-6.011639	10.110095	-0.826459	-5.915808	-4.830757	-5.614469	13.938946	3.716720	1.436152	-7.414650	-7.042686	1.298220	-1.351576	-3.518175	-4.306085	0.772155	-24.106201	-80.575769	-13.861747	115.998870	-28.424157	-12.425729	-29.287296	-49.550736	40.953881	-21.576814
10.240000	40.768714	-13.493080	5.745418	-2.594959	-6.395109	-2.877865	-1.410543	12.306362	4.157687	0.864461	-4.984617	-10.249800	-0.750684	-3.220078	1.870053	-4.713193	2.126850	-18.079206	-109.857213	-15.525832	111.303198	-3.003150	-9.026846	9.826458	-49.832998	45.384595	-6.990854
10.250000	44.383373	-9.825222	4.043308	7.682418	-7.299417	0.825060	4.352264	15.032703	4.054666	0.116349	2.402792	-10.224164	-0.571487	0.558248	1.746122	-4.605357	2.312476	-24.039880	-72.482206	-15.729988	95.332021	-15.204931	-19.977816	-0.259942	-42.377611	44.929487	-3.965422
10.260000	50.274982	-7.038328	3.227879	6.784401	-4.502011	-2.070989	1.696039	15.407369	4.024789	-0.746555	4.045337	-7.696870	-1.239322	-1.287669	1.444930	-4.613402	2.580285	-19.682765	-51.792337	-13.813762	91.161096	-17.255882	-21.163083	-4.207115	-41.664957	45.423666	1.777930
10.270000	48.145022	-6.289325	1.759472	5.850122	-2.658833	-2.995256	1.380857	16.254261	3.841426	-1.338602	5.649449	-8.086652	-2.863652	-1.171136	3.152449	-5.029603	2.786290	-21.422279	-47.547550	-16.973704	86.707234	-15.197311	-26.137775	-6.322329	-42.679726	41.770072	3.750168
10.280000	46.936235	-6.882486	1.844761	3.870210	-1.253967	-3.238893	0.253068	16.679592	3.573144	-1.673980	6.208334	-7.673225	-3.057961	-1.251456	2.485451	-5.296937	2.914423	-17.221614	-43.205003	-13.706923	89.090449	-13.013603	-26.082923	-7.988647	-44.402947	39.087769	6.294876
10.290000	43.749108	-8.255661	1.719935	3.114034	-0.849490	-2.437350	0.910563	17.255083	3.241330	-1.919738	7.026590	-7.032345	-2.713826	-0.234994	2.569633	-5.582373	2.775858	-13.862990	-41.307119	-10.802193	91.636938	-12.014909	-27.142613	-10.933214	-46.532343	37.365923	6.603692
10.300000	40.851974	-9.498791	0.604103	2.002906	-0.524020	-1.878151	1.114253	17.718429	2.929293	-2.138788	8.030074	-5.818749	-2.500218	0.884145	2.211806	-5.745965	2.414221	-10.489477	-39.716022	-8.632843	97.378886	-9.745819	-26.835521	-13.024854	-48.474692	37.094133	7.297723
10.310000	37.513201	-10.820587	-0.888189	1.378844	-0.629609	-1.257280	1.104007	18.340712	2.624419	-2.307242	9.131256	-4.408435	-2.106488	1.943446	1.928405	-5.799879	1.837082	-7.073516	-39.483635	-6.505971	105.066240	-7.009959	-25.865602	-13.891151	-49.742755	36.692892	7.835127
10.320000	34.298866	-12.148638	-2.165708	1.027675	-1.402077	-0.391581	1.509152	18.969249	2.228551	-2.618333	9.612642	-2.281240	-1.134517	3.418125	5.162356	-5.863960	1.132068	-3.830162	-39.559878	-4.308492	112.794650	-5.484620	-25.158754	-15.510692	-50.094764	37.045419	7.550549
10.330000	31.285260	-13.257056	-4.034904	1.407512	-1.699057	0.094605	1.276837	19.454129	1.858399	-2.995243	10.307143	-1.403930	-0.431517	4.254473	8.039754	-5.752959	0.414937	-1.129539	-39.940468	-3.749640	120.814812	-1.728905	-23.989716	-15.209299	-50.334737	37.530899	7.260874
10.340000	27.999091	-14.343004	-5.445709	2.356539	-1.904815	0.300231	1.203146	19.836329	1.465994	-3.420773	10.730833	-0.933345	0.017539	4.274623	10.560906	-5.537751	-0.286147	1.778333	-40.605432	-2.914858	126.722610	1.780333	-23.368372	-14.531277	-50.032063	37.286617	6.365281
10.350000	25.157721	-14.620312	-6.964620	3.467247	-2.306321	0.409639	1.430375	20.137329	1.036292	-3.842452	11.214828	-0.467990	0.339670	4.324829	13.000775	-5.185626	-0.900177	4.198331	-39.565438	-4.192790	130.096990	6.695407	-21.749809	-14.643186	-49.432044	37.728640	4.974220
10.360000	22.425742	-14.061031	-8.031528	4.782073	-2.642355	0.236780	1.818782	20.408377	0.586617	-4.213594	11.687703	0.097808	0.554343	4.543142	15.361924	-4.764859	-1.409537	5.748366	-38.097137	-7.297458	130.894071	10.764485	-19.873252	-16.119152	-48.087041	38.279754	2.744032
10.370000	19.739575	-14.323566	-7.546068	5.981097	-2.239022	0.048588	1.977172	20.583361	0.196017	-4.472168	11.587096	0.579555	0.779501	4.361890	17.421529	-4.360746	-1.769999	7.737685	-38.103787	-8.442220	130.082721	12.266943	-19.077236	-18.162991	-47.110292	38.711460	0.719640
10.380000	17.622538	-14.774480	-6.802423	6.909862	-1.478524	-0.244777	2.302262	20.709483	-0.120470	-4.617366	11.631185	0.653445	0.822558	4.219383	19.211648	-3.981904	-1.946028	9.352347	-38.741061	-10.416823	127.845544	13.963928	-18.053715	-19.615797	-46.856922	39.923112	-0.154797
10.390000	16.019042	-15.194242	-5.793087	7.357381	-0.555541	-0.458473	2.625460	20.823147	-0.375543	-4.679855	11.614861	0.447582	0.618752	3.978385	20.671133	-3.685037	-1.957394	10.288782	-39.905521	-12.962914	124.557209	15.116541	-17.225327	-20.839659	-46.999812	41.154259	-0.399387
10.400000	15.130633	-15.537205	-4.503817	7.558510	0.325427	-0.491565	2.789400	20.880148	-0.581815	-4.677099	11.415916	0.074110	0.353230	3.685051	21.729922	-3.483477	-1.806737	10.964476	-41.307771	-15.295054	120.634192	15.387265	-16.556352	-21.880707	-47.497796	42.051843	-0.285093
10.410000	14.737880	-15.842440	-3.252561	8.332025	1.025893	-0.573656	3.004109	21.097524	-0.686362	-4.672575	10.727197	-0.552812	0.129179	2.639940	21.943372	-3.336349	-1.684892	12.028796	-42.671981	-17.046935	116.509277	14.881847	-16.915556	-22.866033	-48.245578	42.279491	-0.057852
10.420000	14.914987	-15.672716	-2.132984	8.480452	1.380677	-0.728645	2.931713	21.154646	-0.776530	-4.682973	10.187885	-1.222232	-0.084736	2.503665	21.901071	-3.225242	-1.509481	12.311540	-44.033238	-18.562324	112.288767	14.343778	-17.406178	-23.554409	-49.211343	42.065549	0.497088
10.430000	15.540675	-15.131758	-1.205589	8.445133	1.423136	-0.835788	2.649517	21.062076	-0.842886	-4.720234	9.533154	-1.693893	-0.304223	2.401856	21.557774	-3.137859	-1.285930	12.253717	-45.068848	-19.579636	108.538458	13.835022	-17.855977	-24.126498	-50.112681	41.289309	1.311459
10.440000	16.130121	-14.324512	-0.292494	8.222774	1.320046	-0.830475	2.293117	20.744413	-0.954986	-4.734020	8.778321	-1.903850	-0.413000	2.080789	21.025272	-3.089551	-1.023805	11.961291	-46.124586	-20.130908	105.394158	12.839211	-18.389903	-24.858189	-50.674541	39.564188	1.816520
10.450000	16.923199	-13.347330	0.548923	7.848810	1.067052	-0.839319	1.969675	20.176534	-1.087378	-4.749535	7.916467	-2.183185	-0.404946	1.803171	20.395316	-3.039840	-0.724783	11.671561	-47.157625	-20.190999	102.981305	11.361657	-19.083973	-25.434498	-51.158993	37.595093	1.988905
10.460000	17.960429	-12.292169	1.072143	7.477798	0.676642	-0.896091	1.797156	19.458588	-1.190386	-4.784050	6.990900	-2.688401	-0.439040	1.566700	19.726539	-2.958042	-0.406501	11.272876	-48.350947	-20.311839	101.212478	9.843180	-20.056877	-25.363992	-51.779321	35.906826	2.116606
10.470000	19.116006	-11.192312	1.444617	7.171181	0.185109	-0.891677	1.756267	18.664192	-1.261719	-4.807095	6.034976	-3.117418	-0.447954	1.297969	19.071613	-2.861604	-0.082134	11.123406	-49.450524	-20.620818	100.454924	8.130001	-20.936974	-24.945457	-52.536111	34.750029	2.315508
10.480000	20.040302	-10.071889	1.830694	7.094251	-0.210096	-0.892986	1.913147	17.808806	-1.298579	-4.781580	5.145699	-3.405537	-0.604183	1.102461	18.330686	-2.766434	0.227885	10.866349	-50.648482	-21.172122	100.196046	5.626796	-21.960951	-24.835864	-53.318265	34.167749	2.381744
10.490000	20.767970	-8.971938	2.231384	6.940060	-0.695509	-0.865231	2.130996	17.018344	-1.303928	-4.712087	4.274206	-3.563173	-0.541255	0.953000	17.589128	-2.665132	0.504699	10.834290	-51.744908	-21.926951	100.963354	2.868250	-22.863508	-25.212810	-54.311764	34.405386	2.503514
10.500000	21.058507	-8.013172	2.550118	6.644730	-1.158643	-0.803185	2.434301	16.466141	-1.303252	-4.596612	3.424373	-3.646697	-0.503254	0.791970	16.805897	-2.561365	0.675270	10.949052	-53.019697	-22.691902	102.566475	-0.090128	-23.864817	-26.365488	-55.544512	35.236073	2.598887
10.510000	21.006417	-7.215796	2.767923	6.002625	-1.688781	-0.649419	2.726348	16.166858	-1.357759	-4.425474	2.734806	-3.631498	-0.403341	0.839851	16.154258	-2.465858	0.741363	11.224124	-54.565138	-23.292350	105.128771	-2.762716	-24.590598	-28.270977	-57.243454	36.617310	2.852231
10.520000	20.789087	-6.611605	2.866717	5.204480	-2.180158	-0.361408	2.939862	16.145909	-1.496588	-4.190654	2.228310	-3.466523	-0.280312	0.929721	15.703015	-2.385860	0.735367	11.588432	-56.521382	-23.723200	108.389193	-4.963845	-25.047335	-30.946131	-59.538013	38.549727	3.185079
10.530000	20.606766	-6.244456	2.777433	4.707285	-2.536197	-0.225937	3.213850	16.503613	-1.710256	-3.901420	1.931528	-3.338404	-0.418178	0.625627	15.245702	-2.311346	0.592062	12.326122	-58.783547	-23.944616	111.974359	-7.038126	-25.335266	-34.132147	-62.266593	40.845108	3.443815
10.540000	20.581856	-5.975223	2.536722	4.383326	-2.844104	-0.207740	3.284072	17.084919	-2.000349	-3.590130	1.946958	-3.404951	-0.564555	0.510182	14.919175	-2.220077	0.337301	12.815147	-61.317051	-24.514443	115.417743	-9.102656	-25.860922	-37.451827	-65.307605	43.437463	3.268618
10.550000	21.031682	-5.780557	2.290758	4.110258	-3.102676	-0.318132	3.070712	17.792929	-2.360035	-3.294729	2.191922	-3.436893	-0.759637	0.565971	14.824253	-2.103349	0.004005	13.197875	-63.616126	-25.285645	118.345642	-11.458887	-26.359161	-40.305204	-68.392137	46.436352	2.589483
10.560000	21.914320	-5.708691	2.047522	3.998776	-3.250231	-0.509603	2.642065	18.557072	-2.756273	-3.033818	2.621189	-3.392349	-0.993549	0.723283	15.034599	-1.960515	-0.369938	13.238985	-65.574663	-26.487853	120.043784	-14.278270	-26.980917	-42.296667	-71.438639	49.739416	1.223221
10.570000	23.001246	-5.716078	1.971025	3.976993	-3.226108	-0.714208	2.102918	19.286279	-3.152926	-2.823093	3.027197	-3.176668	-1.044665	0.865592	15.456375	-1.811434	-0.760717	12.728687	-66.822775	-27.786756	120.467180	-17.731518	-27.873570	-43.855222	-74.068362	53.206766	-0.692552
10.580000	24.314194	-5.850012	2.076441	3.918678	-2.981485	-0.923822	1.679323	19.859491	-3.499005	-2.677603	3.222410	-2.893063	-0.915703	1.046359	15.927287	-1.678160	-1.127749	12.218816	-67.439278	-29.161455	120.056570	-21.196248	-28.438133	-45.004917	-76.425746	56.906413	-2.631925
10.590000	25.359066	-6.026977	2.302228	3.737153	-2.503871	-0.807699	1.482161	20.144932	-3.759774	-2.575823	3.147354	-2.653289	-0.690869	1.179566	16.182711	-1.610376	-1.398297	11.250063	-68.071467	-30.502148	119.164467	-24.188904	-29.264603	-46.390147	-78.450242	60.484301	-4.444338
10.600000	26.163216	-6.392438	2.534530	3.411446	-1.799424	-0.717947	1.470677	20.222034	-3.889710	-2.510552	2.734596	-2.504467	-0.346033	0.865409	15.946303	-1.616055	-1.624024	10.995763	-68.570264	-31.434736	118.796915	-26.166778	-29.706797	-47.959589	-80.163985	63.803896	-5.736070
10.610000	26.278455	-6.940033	2.653545	2.985012	-0.975392	-0.390535	1.569638	20.042993	-3.880846	-2.449020	2.125057	-2.684686	-0.153852	0.443335	15.106154	-1.726559	-1.848996	11.188942	-69.519992	-32.106967	119.486493	-27.150070	-30.138199	-49.818620	-81.595463	66.572893	-6.698895
10.620000	25.852959	-7.196496	2.724236	2.309859	-0.399334	0.074447	1.677717	19.416781	-3.802233	-2.358238	1.639072	-3.111855	-0.085006	0.453948	13.867803	-1.899492	-1.962250	11.716745	-70.839257	-32.580715	121.348697	-27.173432	-30.262781	-51.567286	-82.800642	68.562895	-7.231398
10.630000	25.004146	-7.128366	2.754638	1.693727	-0.062120	0.409512	1.658028	18.550299	-3.686763	-2.198761	1.375183	-3.530754	-0.186666	0.278794	12.277151	-2.098555	-1.975588	12.862291	-72.081583	-32.699387	124.205303	-26.688850	-30.135869	-53.084809	-83.902770	69.692387	-7.684518
10.640000	23.690026	-6.668910	2.680978	1.346719	0.029524	0.576618	1.556316	17.546605	-3.577326	-1.968148	1.345342	-3.907018	-0.379119	0.134367	10.577014	-2.292330	-1.919235	14.168817	-73.133143	-32.681463	127.197844	-26.071057	-30.310262	-54.379126	-84.798199	69.666575	-8.332627
10.650000	22.299626	-5.958819	2.533590	1.051938	-0.095173	0.545420	1.409537	16.543157	-3.507850	-1.702547	1.363846	-4.192141	-0.456046	0.075552	8.971643	-2.453498	-1.836430	15.879111	-73.750547	-32.475125	130.115193	-25.312858	-30.445376	-55.357546	-85.552409	68.699594	-9.005807
10.660000	20.889087	-5.168926	2.302641	0.846621	-0.334862	0.474822	1.219853	15.676564	-3.496939	-1.436946	1.292422	-4.295721	-0.543879	0.112041	7.608870	-2.583342	-1.774205	17.704266	-74.118742	-32.223375	132.170767	-24.678750	-30.858579	-56.268800	-86.265752	67.098682	-9.917546
10.670000	19.485403	-4.420753	1.951361	0.730149	-0.684044	0.320418	1.005184	15.065632	-3.555158	-1.210078	1.155260	-4.235313	-0.583034	0.169991	6.671064	-2.677648	-1.779730	19.460702	-74.470083	-32.074526	133.098257	-23.981793	-31.656230	-57.111930	-87.103325	65.310887	-11.071123
10.680000	18.311067	-3.818129	1.597815	0.587154	-1.109001	0.132712	0.806791	14.790622	-3.699761	-1.049538	0.893561	-4.019698	-0.574054	0.187825	6.219147	-2.724534	-1.888664	21.552968	-74.814601	-31.834437	132.806593	-23.411663	-32.469047	-57.993312	-88.214904	63.904542	-12.408948
10.690000	17.078202	-3.342927	1.165829	0.656700	-1.568071	0.032376	0.585102	14.938263	-3.931731	-0.952863	0.760255	-3.838055	-0.676668	0.198341	6.300997	-2.721207	-2.108510	23.459286	-75.475465	-31.749965	131.045169	-22.738019	-33.864651	-58.873217	-89.680794	62.982389	-14.329689
10.700000	16.123617	-2.840301	0.793608	0.684217	-2.032151	-0.085231	0.309664	15.470491	-4.255914	-0.918803	0.735208	-3.693113	-0.707187	0.152498	6.906196	-2.652670	-2.442830	25.572618	-76.002773	-31.600378	128.301913	-21.982962	-35.049349	-59.582249	-91.325185	62.635620	-16.693681
10.710000	15.245448	-2.363328	0.756929	0.877378	-2.368992	-0.096510	-0.029713	16.261812	-4.643026	-0.917370	0.760783	-3.722301	-1.027347	0.188550	7.875390	-2.536682	-2.862998	27.452103	-76.723675	-31.406383	124.328703	-21.504575	-36.360725	-60.099823	-92.919973	62.460923	-20.078609
10.720000	14.759867	-1.785057	1.051952	0.937430	-2.492476	-0.089938	-0.238256	17.037693	-5.033785	-0.934928	0.729037	-3.905261	-1.048299	0.132072	9.018283	-2.398590	-3.313210	28.955618	-76.993766	-31.059786	120.278567	-20.933351	-37.190194	-60.254067	-94.145143	62.202367	-23.991903
10.730000	14.693773	-1.252343	1.658487	0.962243	-2.227550	-0.123342	-0.163823	17.526912	-5.358748	-0.943611	0.647498	-3.954403	-1.467435	0.191094	9.927118	-2.284015	-3.708703	29.612744	-77.131990	-30.650901	116.688251	-20.699464	-38.014818	-59.890915	-95.111507	61.738394	-28.159430
10.740000	15.499172	-0.916212	2.235531	0.671079	-1.802082	-0.104823	0.487065	17.642915	-5.536953	-0.954229	0.653661	-3.523281	-1.301095	0.408666	10.295935	-2.197264	-3.968095	29.955957	-76.809033	-30.049226	114.896536	-20.864477	-38.781287	-59.137668	-96.270016	60.775897	-31.559758
10.750000	16.929915	-0.993041	2.374168	0.475083	-1.277884	0.005699	1.529926	17.482664	-5.525511	-0.958101	1.042472	-2.313331	-1.141407	1.056385	9.868765	-2.153400	-4.066527	30.106814	-76.591003	-29.172990	114.081135	-22.225833	-40.356726	-58.309840	-98.093587	59.168556	-34.020353
10.760000	18.969183	-1.506696	1.734125	0.325534	-0.860166	0.123701	2.675070	17.042059	-5.317008	-0.955190	1.800250	-0.492127	-0.645078	1.864491	8.655190	-2.145995	-3.973918	30.538679	-76.054740	-28.116238	113.968402	-24.697654	-42.265433	-57.343085	-100.778416	56.452176	-35.278223
10.770000	21.170845	-2.595994	0.403325	0.458430	-0.278706	0.240315	3.510518	16.211431	-4.931226	-0.922126	2.454752	1.392580	-0.195016	2.422992	6.763656	-2.178037	-3.682666	30.582538	-75.267276	-27.497490	114.330965	-27.569029	-44.557069	-56.595809	-103.924772	52.783839	-35.717279
10.780000	23.359077	-4.219061	-1.035547	0.712722	0.551539	0.331527	3.789068	14.911174	-4.404242	-0.844675	2.486011	2.896275	0.349621	2.373483	4.501525	-2.262769	-3.221365	30.263060	-73.855562	-27.435491	116.062868	-29.935418	-46.283706	-56.335961	-106.875962	48.672411	-35.434302
10.790000	24.931436	-6.028101	-1.977776	1.034390	1.543644	0.538781	3.437493	13.256057	-3.789343	-0.703574	1.996461	3.611726	0.668218	1.916831	2.210189	-2.424157	-2.684454	29.053883	-72.212866	-27.891415	118.871856	-31.215426	-47.346700	-56.684610	-108.919868	44.923103	-34.993496
10.800000	25.947690	-7.473738	-2.101993	1.129121	2.305598	0.702923	2.748028	11.465073	-3.167776	-0.530612	1.463082	3.455870	0.993406	1.422128	0.270661	-2.648306	-2.184362	27.556573	-70.395079	-28.273635	122.194201	-31.313334	-47.157193	-57.027244	-109.856397	41.934174	-34.414746
10.810000	26.490054	-8.227500	-1.604800	1.110289	2.592182	0.834135	2.068260	9.788355	-2.603723	-0.382731	1.289019	2.578837	1.159271	1.230014	-1.118343	-2.908450	-1.791703	26.022157	-68.883665	-28.505871	124.779975	-30.477071	-46.254603	-56.802008	-109.994540	39.576155	-33.849552
10.820000	26.650991	-8.277820	-0.771103	1.075808	2.362427	0.817803	1.469674	8.410113	-2.151143	-0.322614	1.388265	1.446271	0.742367	1.249418	-0.647640	-3.183405	-1.507639	24.761334	-68.231954	-28.395358	126.126051	-29.319545	-45.262963	-56.100668	-109.681901	37.277450	-33.574734
10.830000	26.876068	-7.463256	-0.021113	0.931706	1.714873	0.607684	1.139998	7.295595	-1.769214	-0.351441	1.763253	-0.063077	0.868030	1.001604	-0.343488	-3.420869	-1.318393	24.095669	-67.250209	-28.596461	126.941031	-27.888400	-44.139710	-54.436435	-109.208170	34.991131	-33.217166
10.840000	26.911011	-6.172068	0.681353	0.798907	1.153658	0.426222	0.904454	6.450646	-1.475212	-0.453853	2.084405	-1.339765	0.327777	0.988572	-0.255801	-3.643962	-1.211470	23.827776	-67.022876	-28.798391	126.893556	-27.031129	-43.928431	-52.758152	-108.862111	32.615505	-33.260278
10.850000	26.919734	-4.571511	1.275003	0.531782	0.574433	0.228379	0.722853	5.848120	-1.259143	-0.631283	2.241634	-2.438444	0.081171	0.823870	-0.252852	-3.828490	-1.162576	24.342938	-66.985916	-28.817327	126.490510	-26.631724	-44.107776	-51.256665	-108.595875	30.033401	-33.290733
10.860000	26.662710	-2.772687	1.619781	0.269921	0.210664	0.085685	0.519529	5.430655	-1.121473	-0.872229	2.156313	-3.330635	-0.261215	0.788288	-0.292957	-3.971398	-1.162011	25.196553	-67.488046	-28.887659	125.395310	-26.429964	-44.950439	-50.134217	-108.455122	27.252223	-33.386007
10.870000	26.270373	-0.888987	1.780841	-0.001318	0.003232	-0.014664	0.302642	5.176424	-1.046243	-1.166721	1.860777	-3.978562	-0.482347	0.670744	-0.347197	-4.072920	-1.202386	26.650639	-68.065006	-28.884932	123.895919	-26.358943	-45.944349	-49.259895	-108.379045	24.421585	-33.344213
10.880000	25.622361	0.985031	1.753279	-0.144973	-0.008960	-0.047122	0.076342	5.023980	-1.019325	-1.486502	1.453939	-4.408136	-0.776598	0.637887	-0.406314	-4.136822	-1.272842	28.158469	-68.808898	-28.938163	121.751529	-26.355959	-47.391231	-48.534875	-108.295387	21.418382	-33.455759
10.890000	25.022769	2.634324	1.681625	-0.327664	0.036375	-0.078198	-0.033708	4.942059	-1.010936	-1.806150	0.948422	-4.530725	-0.774412	0.565185	-0.433139	-4.155241	-1.359792	29.966410	-69.208739	-28.778037	119.454825	-26.374543	-48.659215	-47.804669	-108.234724	18.434802	-33.482790
10.900000	24.521749	3.788902	1.575939	-0.465234	0.169310	-0.055562	0.000746	4.875470	-0.994877	-2.079774	0.479404	-4.299221	-0.726478	0.567135	-0.441205	-4.150395	-1.426869	31.440691	-69.499624	-28.543009	116.990161	-26.294012	-50.028133	-47.051067	-108.296120	15.481795	-33.720084
10.910000	24.490101	4.223769	1.515430	-0.668656	0.286476	-0.083917	0.194260	4.811734	-0.943275	-2.268199	0.208176	-3.661796	-0.524347	0.488608	-0.427656	-4.143164	-1.436861	32.491798	-69.380094	-28.044163	114.900729	-26.220469	-51.141851	-46.207597	-108.489838	12.595370	-34.126010
10.920000	25.096765	3.821237	1.504929	-0.862844	0.338205	-0.075050	0.493713	4.745662	-0.828545	-2.359247	0.190246	-2.738456	-0.131510	0.461850	-0.352513	-4.159620	-1.358657	33.020925	-68.785514	-27.429092	113.628602	-25.999321	-51.855084	-45.369167	-108.920833	9.976150	-34.742132
10.930000	26.236250	2.704982	1.510498	-0.897915	0.365059	-0.070504	0.754504	4.673888	-0.636375	-2.339530	0.478758	-1.711380	0.071134	0.569874	-0.257589	-4.217520	-1.181208	32.598661	-67.772731	-26.865873	113.189024	-25.637360	-52.444842	-44.646302	-109.527522	7.632445	-35.773516
10.940000	27.885504	1.212549	1.557506	-0.849553	0.266126	-0.050509	0.867662	4.584774	-0.381615	-2.236624	0.910274	-0.866291	0.284417	0.762224	-0.111882	-4.296477	-0.927370	31.730263	-65.920018	-26.301460	113.820460	-25.132831	-52.512260	-43.879167	-110.202393	5.706941	-37.012309
10.950000	29.603343	-0.205531	1.504097	-0.634121	0.098832	0.028126	0.833592	4.460604	-0.098505	-2.076111	1.408567	-0.444025	0.231610	1.089254	0.057686	-4.378770	-0.630388	30.163048	-63.366806	-26.082708	114.911932	-24.402983	-52.350261	-43.007334	-110.842046	4.153457	-38.604230
10.960000	31.197984	-1.159286	1.315061	-0.459598	-0.170227	0.120256	0.774048	4.330683	0.173223	-1.911065	1.848105	-0.489606	0.188996	1.327898	0.197098	-4.436275	-0.341636	28.346346	-60.165061	-26.286739	116.488999	-23.458991	-51.648894	-42.036180	-111.328509	3.127409	-40.186070
10.970000	32.298625	-1.797629	1.238742	-0.219774	-0.413499	0.194233	0.809154	4.220949	0.410852	-1.752798	2.164736	-0.833823	-0.042332	1.521537	0.237828	-4.470333	-0.101960	26.554603	-57.622388	-26.426026	118.385088	-22.572694	-51.133979	-41.000407	-111.920044	2.463902	-41.741654
10.980000	33.075528	-2.086682	1.134906	-0.172802	-0.675445	0.233231	0.914868	4.212692	0.595427	-1.641792	2.271416	-1.337532	-0.013782	1.452977	0.287101	-4.470240	0.066787	25.322214	-55.433856	-26.532720	120.600772	-21.394059	-50.262041	-40.007203	-112.532616	2.267566	-42.729370
10.990000	33.305047	-2.184649	1.099552	-0.065431	-0.762539	0.236479	1.061471	4.294142	0.705032	-1.544089	2.252438	-1.796276	-0.186330	1.418119	0.253856	-4.455696	0.164584	24.463109	-54.370478	-26.568872	122.781605	-20.186458	-49.832995	-39.343085	-113.326961	2.351316	-43.543648
11.000000	33.302729	-2.045698	1.031905	-0.055609	-0.817985	0.199935	1.170888	4.463638	0.739561	-1.467615	2.185889	-2.175570	-0.186095	1.223498	0.227237	-4.426022	0.198229	24.234704	-53.640715	-26.652463	125.031799	-18.917337	-49.257481	-39.031587	-114.082119	2.845560	-43.909185
11.010000	32.948568	-1.856256	0.679604	0.022138	-0.843651	0.243571	1.139792	4.647094	0.754541	-1.441230	2.210151	-2.563013	-0.204028	1.205531	0.222128	-4.376443	0.198967	23.749947	-54.007440	-27.503443	126.970017	-17.007947	-48.846219	-37.961034	-114.998120	3.505151	-44.384621
11.020000	32.465770	-1.216069	-0.101594	-0.076275	-0.973952	0.142027	1.022261	4.930291	0.748142	-1.463360	2.321895	-2.699494	-0.273487	1.164527	0.319131	-4.326945	0.170503	23.032720	-54.387742	-29.227535	128.716046	-14.720839	-47.641899	-35.966230	-115.356848	3.965165	-44.777270
11.030000	32.160473	-0.830071	0.878569	0.264709	-1.239561	0.147948	1.083873	5.096063	0.704030	-1.464464	2.152795	-2.143724	-0.196976	1.247947	0.151662	-4.359232	0.020558	24.605254	-53.821957	-27.698886	131.044686	-15.662894	-47.252922	-37.040859	-116.123790	5.130543	-44.275284
11.040000	31.425583	-0.690304	0.757199	0.550266	-1.124109	0.337968	1.074313	5.331891	0.674752	-1.447936	2.354749	-2.653331	-0.305083	1.557220	0.345597	-4.347197	0.026514	24.434190	-55.492465	-28.440866	132.356983	-13.879383	-47.499123	-35.686825	-117.009866	5.375826	-44.813193
11.050000	31.255374	-0.073216	0.771931	0.590000	-1.251142	0.106520	0.989083	5.679314	0.617055	-1.447070	2.607918	-2.551949	-0.328376	1.255058	0.454458	-4.364505	-0.043064	25.631667	-54.211993	-28.294426	133.777928	-13.786157	-46.510450	-35.178281	-117.212757	6.016300	-44.459734
11.060000	30.515003	0.128712	0.970930	0.884051	-1.248296	0.327437	1.041034	5.917895	0.583118	-1.407069	2.978753	-2.677086	-0.442885	1.696658	0.447096	-4.403321	-0.068042	25.972663	-54.719564	-28.321745	134.930223	-13.452348	-47.165937	-34.146418	-117.782280	6.458978	-45.081161
11.070000	30.240738	0.515398	1.044546	0.770360	-1.272156	0.206357	0.972227	6.240225	0.549982	-1.402518	3.239174	-2.614762	-0.363347	1.636872	0.523018	-4.430303	-0.118973	26.950874	-53.246414	-28.058401	136.067355	-13.520596	-46.542495	-33.280172	-118.041292	7.269155	-44.820487
11.080000	29.512544	0.680056	1.046469	0.830846	-1.127935	0.321519	1.026934	6.479497	0.541447	-1.378914	3.444241	-2.642424	-0.434042	1.928830	0.487626	-4.458249	-0.137509	27.051148	-53.135137	-28.313363	137.146103	-13.086681	-46.785512	-32.074599	-118.535265	8.188793	-45.176066
11.090000	29.061015	0.914007	1.223788	0.702914	-0.996801	0.250221	1.072658	6.731343	0.539146	-1.374667	3.424427	-2.421490	-0.342346	1.812368	0.402855	-4.480958	-0.191299	27.769881	-51.880743	-28.017104	138.577366	-13.199262	-46.232384	-31.690284	-119.071457	9.751171	-44.710383
11.100000	28.289194	0.918275	1.269728	0.722849	-0.699152	0.363504	1.166207	6.913254	0.554800	-1.353885	3.334107	-2.384468	-0.363080	1.933463	0.440769	-4.484898	-0.211786	27.720322	-52.180690	-28.319232	140.031338	-12.553465	-46.334035	-31.150734	-119.923237	11.483096	-44.743534
11.110000	27.776451	0.984545	1.405549	0.673129	-0.490512	0.272702	1.239063	7.148174	0.557275	-1.349967	3.019705	-2.165603	-0.280315	1.709893	1.040423	-4.473982	-0.258229	28.214064	-51.857698	-28.240035	141.622889	-12.362898	-45.803609	-31.471018	-120.816940	13.540466	-44.198085
11.120000	27.123384	0.930388	1.485175	0.833128	-0.202595	0.337238	1.348808	7.334976	0.569830	-1.313435	2.771027	-2.201170	-0.255942	1.588446	1.456603	-4.444944	-0.288540	28.152642	-52.641915	-28.639796	143.256515	-11.687705	-45.940874	-31.845184	-121.987447	15.614341	-44.063661
11.130000	26.791730	0.939942	1.650616	0.959583	0.019160	0.247739	1.455807	7.568919	0.564215	-1.271560	2.522236	-2.189821	-0.191843	1.281815	1.722794	-4.404817	-0.348573	28.544246	-53.046541	-28.762306	144.914854	-11.415487	-45.697840	-32.916499	-123.247200	17.762423	-43.516681
11.140000	26.422896	0.830477	1.740658	1.195833	0.249450	0.257816	1.583503	7.806803	0.544863	-1.204807	2.337425	-2.300814	-0.192991	1.199897	1.883805	-4.349914	-0.391934	28.550044	-54.615663	-29.194298	146.410346	-10.796800	-45.997157	-34.071427	-124.715522	19.624852	-43.399516
11.150000	26.357517	0.810298	1.815212	1.336744	0.364472	0.160142	1.693217	8.135719	0.494217	-1.133016	2.149133	-2.292449	-0.142007	0.930729	2.001878	-4.289029	-0.457475	28.925249	-55.866563	-29.420601	147.804147	-10.478899	-45.951307	-35.780921	-126.190504	21.299802	-43.046605
11.160000	26.285789	0.757070	1.789292	1.533502	0.452212	0.173382	1.793915	8.500955	0.420644	-1.038100	2.023042	-2.342245	-0.160503	0.867715	2.128230	-4.221734	-0.510353	29.042036	-57.909897	-29.925250	149.007154	-9.924404	-46.298634	-37.524153	-127.726927	22.538180	-43.173146
11.170000	26.461458	0.789488	1.740318	1.602094	0.429896	0.147928	1.826336	8.957049	0.313676	-0.929293	1.932974	-2.311995	-0.178697	0.688174	2.329219	-4.159909	-0.578034	29.482032	-59.477479	-30.315498	149.961466	-9.687992	-46.470910	-39.352428	-129.065707	23.285810	-43.321904
11.180000	26.711061	0.820947	1.660293	1.674422	0.358438	0.222436	1.759422	9.458833	0.181096	-0.792944	1.908086	-2.328067	-0.277101	0.685029	2.635725	-4.105836	-0.629823	29.920015	-60.914391	-30.844702	150.539196	-9.565169	-46.967099	-40.826474	-130.203044	23.315808	-44.066645
11.190000	27.070799	0.885472	1.594418	1.659372	0.237583	0.289769	1.622072	9.973065	0.031368	-0.637795	1.920735	-2.337499	-0.346582	0.700481	3.033213	-4.066108	-0.666423	30.503761	-61.481637	-31.306688	150.633645	-9.775547	-47.617353	-41.941298	-130.995092	22.593791	-45.125615
11.200000	27.431796	0.914610	1.544467	1.595059	0.125744	0.356859	1.458788	10.427682	-0.110680	-0.477701	1.892272	-2.333847	-0.383721	0.830641	3.440633	-4.037415	-0.677348	31.129425	-61.226497	-31.734619	150.298387	-10.175480	-48.464557	-42.700819	-131.478497	21.318859	-46.451271
11.210000	27.730880	0.811141	1.657809	1.483358	0.064308	0.383904	1.349006	10.758275	-0.213487	-0.336732	1.717605	-2.248172	-0.323040	0.989207	3.740132	-4.023004	-0.677590	31.949116	-60.131859	-31.719699	149.726504	-10.876842	-49.451357	-43.697099	-131.829786	19.890089	-47.645301
11.220000	27.738349	0.579207	1.237760	1.136698	0.184316	0.420265	1.233829	10.958956	-0.251090	-0.232443	1.498792	-2.328599	-0.244115	1.187217	3.979187	-3.996046	-0.618917	32.013287	-59.264717	-32.634133	149.000019	-10.498416	-50.208921	-43.461936	-131.802991	18.151216	-48.984993
11.230000	27.791190	0.131357	1.346987	0.694042	0.286014	0.325378	1.199735	10.983117	-0.254437	-0.169989	1.043578	-2.003316	-0.065556	1.169981	4.031630	-4.010024	-0.609087	32.865380	-57.403873	-32.190735	148.680747	-11.006705	-50.587633	-44.388800	-131.951156	17.062155	-49.424045
11.240000	27.429495	-0.627389	1.068257	0.249309	0.562506	0.428424	1.104815	10.830469	-0.204482	-0.140604	0.653996	-2.037913	0.010613	1.260260	4.042100	-4.019067	-0.551230	32.746039	-56.767167	-32.635295	148.440063	-10.148749	-51.122976	-44.324553	-132.136658	15.995990	-50.216988
11.250000	27.295673	-1.353903	0.985229	-0.319954	0.733881	0.333575	0.985989	10.604262	-0.161661	-0.152346	0.285775	-1.915914	0.115874	0.955066	4.033973	-4.059961	-0.544784	33.154006	-55.124665	-32.338183	148.518205	-9.813780	-50.830617	-44.852532	-132.359281	15.477943	-50.217409
11.260000	26.896601	-2.192447	0.832442	-0.581885	0.823650	0.434278	0.879867	10.252453	-0.110914	-0.173026	0.170600	-2.112669	0.077622	0.876388	4.005183	-4.107770	-0.526814	32.852722	-54.628402	-32.413146	148.619592	-8.770870	-50.981786	-44.693471	-132.790276	15.033945	-50.655536
11.270000	26.847610	-2.763324	0.799472	-0.822050	0.693648	0.358410	0.746477	9.939761	-0.089488	-0.215513	0.231343	-2.299892	0.051449	0.581926	4.004203	-4.171511	-0.555679	32.996481	-53.192229	-31.992567	148.754025	-8.202074	-50.431342	-44.743948	-133.221638	14.901768	-50.514020
11.280000	26.673946	-3.246076	0.698611	-0.735821	0.465465	0.411368	0.688158	9.588359	-0.076267	-0.240679	0.534535	-2.708137	-0.082891	0.580815	4.010748	-4.234091	-0.575376	32.624518	-52.727999	-31.942490	148.868018	-7.130435	-50.367338	-43.987447	-133.762524	14.669146	-50.890468
11.290000	26.883061	-3.425899	0.766637	-0.681989	0.112613	0.282302	0.603030	9.260568	-0.084947	-0.269632	0.829841	-2.934250	-0.136954	0.496540	4.049584	-4.310668	-0.632516	32.713437	-51.281993	-31.469902	149.117178	-6.620255	-49.802151	-43.554267	-134.268415	14.740908	-50.870508
11.300000	27.009115	-3.571226	0.783576	-0.451846	-0.189054	0.274388	0.577593	8.828442	-0.071745	-0.281799	1.109687	-3.199449	-0.211255	0.674798	4.072078	-4.387533	-0.669917	32.279035	-50.654322	-31.483591	149.651599	-5.624624	-49.720518	-42.588282	-134.821907	14.839182	-51.476456
11.310000	27.413960	-3.580397	1.013600	-0.340145	-0.470583	0.148384	0.565728	8.310722	-0.047574	-0.300714	1.210692	-3.224811	-0.208465	0.682197	4.056610	-4.485909	-0.731059	32.261533	-49.289346	-31.119416	150.630623	-5.089780	-49.258038	-42.089410	-135.377830	15.418045	-51.751234
11.320000	27.647069	-3.631291	1.183876	-0.101574	-0.603344	0.171365	0.615764	7.654958	0.010049	-0.309826	1.289992	-3.322884	-0.216278	0.826004	3.953939	-4.586158	-0.768455	31.778695	-48.701842	-31.196514	152.092856	-4.037302	-49.234037	-41.345707	-135.955650	16.232997	-52.512657
11.330000	28.009968	-3.581191	1.516342	0.002864	-0.687008	0.139120	0.698905	6.947085	0.067580	-0.323841	1.313565	-3.296897	-0.254423	0.765373	3.744490	-4.702779	-0.822065	31.809417	-47.661331	-30.910689	153.975821	-3.314057	-48.835885	-41.050379	-136.518207	17.618775	-52.787032
11.340000	28.091686	-3.515455	1.723964	0.260719	-0.651431	0.233435	0.801665	6.224931	0.133013	-0.323275	1.437470	-3.334465	-0.319742	0.852490	3.461488	-4.803581	-0.853539	31.489004	-47.378514	-31.051158	156.031287	-2.107467	-48.904941	-40.505819	-137.023821	19.048722	-53.457640
11.350000	28.234692	-3.246438	1.983009	0.380548	-0.634998	0.224121	0.919682	5.651349	0.175685	-0.321081	1.528808	-3.064085	-0.387046	0.824461	3.198806	-4.888257	-0.905989	31.681368	-46.540707	-30.879217	157.900500	-1.347827	-48.708209	-40.352684	-137.415799	20.490845	-53.760964
11.360000	28.153894	-2.922462	2.093909	0.621426	-0.619421	0.297186	1.065172	5.298711	0.223420	-0.301244	1.489874	-2.586898	-0.499270	0.986071	3.075562	-4.925763	-0.937156	31.700210	-46.328747	-31.138109	159.129292	-0.442112	-48.954513	-39.834988	-137.759113	21.255396	-54.657273
11.370000	28.105757	-2.417578	2.179869	0.772642	-0.684294	0.247046	1.224681	5.292105	0.260528	-0.269786	1.262961	-1.713584	-0.477693	1.027970	3.231857	-4.915130	-0.978222	32.068116	-45.562548	-31.200141	159.351772	-0.221796	-49.200275	-39.619332	-138.074389	21.263650	-55.626202
11.380000	28.010828	-1.876913	2.124546	1.030849	-0.799136	0.234223	1.419601	5.626707	0.309393	-0.230320	0.868470	-0.745727	-0.454386	1.128222	3.698464	-4.852106	-1.007744	32.415828	-45.219112	-31.583203	158.408296	-0.288119	-49.671397	-39.519107	-138.394690	20.305858	-57.213768
11.390000	27.938716	-1.310863	2.116239	1.326202	-0.968451	0.191622	1.559624	6.208858	0.360943	-0.180944	0.473625	0.100699	-0.330439	1.136235	4.392205	-4.758820	-1.031763	32.925175	-44.734084	-31.787932	156.516373	-0.939749	-50.315808	-39.678015	-138.727793	18.749550	-58.856852
11.400000	27.897859	-0.772828	2.084135	1.583398	-1.150934	0.190329	1.537790	6.916353	0.404543	-0.124881	0.217628	0.511758	-0.256290	1.154613	5.201399	-4.647552	-1.024289	33.355188	-43.851679	-32.102676	153.846824	-1.712510	-51.055633	-39.514961	-138.965258	16.898892	-60.486779
11.410000	27.959647	0.624729	-0.121455	1.364304	-1.335070	0.267969	1.037167	7.736567	0.422637	-0.143455	0.492104	-0.142212	-0.219146	1.069898	6.384555	-4.444944	-0.909521	31.262546	-41.350730	-37.804842	150.117105	0.758354	-49.536780	-36.480882	-136.870417	14.048865	-63.179351
11.420000	28.108511	2.632139	-1.991994	1.211027	-1.792260	-0.043487	1.056873	8.436772	0.386617	-0.149577	0.951550	-0.192521	-0.244884	1.042190	7.441400	-4.289918	-0.879102	29.071135	-37.440091	-44.023539	146.724164	2.094697	-47.213570	-34.408520	-133.695656	11.944764	-66.019893
11.430000	28.113761	3.819897	-2.056379	1.445966	-2.203231	-0.054478	1.217750	8.792104	0.369102	-0.103683	1.324808	-0.038230	-0.031745	1.314628	7.938877	-4.207298	-0.879953	27.426889	-34.398877	-48.040040	144.567579	2.088210	-46.272031	-33.903097	-131.591633	11.398965	-68.351053
11.440000	28.267674	4.378134	-1.684683	1.489388	-2.152945	-0.011771	1.185602	8.986376	0.379054	-0.058113	1.599011	-0.277353	0.005596	1.333610	8.134633	-4.155951	-0.857436	26.098270	-32.319425	-51.236013	143.222630	1.986424	-45.036702	-33.498616	-129.966974	11.675990	-69.884136
11.450000	28.237202	4.597918	-1.402157	1.510201	-1.798199	0.048732	1.128251	9.053695	0.408919	-0.018950	1.830490	-0.837995	-0.007613	1.351066	8.235738	-4.127340	-0.823557	24.498786	-30.991678	-54.149035	142.473650	2.139492	-43.840418	-33.226686	-128.599218	12.268031	-71.311407
11.460000	28.225315	4.791427	-1.221881	1.347273	-1.414621	0.079779	1.069110	9.053028	0.447513	-0.002295	2.028144	-1.345162	-0.038206	1.348337	8.305609	-4.120167	-0.801014	22.945821	-29.368233	-56.659573	142.250025	2.184063	-42.269711	-33.375860	-127.360377	13.148365	-72.336912
11.470000	28.145132	4.899020	-1.125798	1.216730	-1.076984	0.182761	1.070077	8.981514	0.501595	0.014647	2.201308	-1.701991	-0.120706	1.373620	8.336909	-4.122118	-0.777126	21.299848	-28.241318	-58.987820	142.645597	2.386904	-40.766381	-33.344858	-126.302236	14.020446	-73.452286
11.480000	28.143778	5.006385	-1.083281	1.080479	-0.853022	0.254034	1.086131	8.906732	0.544271	0.037217	2.327766	-1.870333	-0.170236	1.311729	8.390000	-4.126361	-0.764944	19.774515	-27.035842	-61.021748	143.389267	2.504679	-39.183861	-33.250975	-125.326529	14.909157	-74.424170
11.490000	28.187108	5.085543	-1.046528	1.005038	-0.775705	0.344747	1.115261	8.842830	0.559053	0.073951	2.381028	-1.902245	-0.222797	1.291262	8.461148	-4.124318	-0.766127	18.321795	-26.019891	-62.849978	144.290239	2.580870	-37.741031	-33.044549	-124.518031	15.878951	-75.414740
11.500000	28.294249	5.174116	-1.003705	0.945459	-0.836360	0.409678	1.134747	8.817114	0.533424	0.123281	2.377581	-1.846538	-0.236046	1.266369	8.552104	-4.110854	-0.786624	16.947224	-25.024388	-64.469612	145.130700	2.538571	-36.385165	-32.843428	-123.876661	16.994639	-76.297507
11.510000	28.452473	5.258739	-0.918281	0.882067	-1.001808	0.451009	1.148936	8.819368	0.470052	0.181347	2.330429	-1.744876	-0.232242	1.291364	8.638449	-4.083739	-0.822525	15.673511	-24.145885	-65.912515	145.795369	2.373325	-35.076227	-32.606525	-123.454204	18.297324	-77.010915
11.520000	28.559735	5.334206	-0.797740	0.825617	-1.160720	0.454258	1.124631	8.826761	0.383615	0.241736	2.308063	-1.633917	-0.198644	1.337523	8.689139	-4.044179	-0.868293	14.324915	-23.429822	-67.195049	146.221483	2.196692	-33.916165	-32.285102	-123.235533	19.726230	-77.500001
11.530000	28.698442	5.397437	-0.597288	0.691768	-1.305803	0.410273	1.116899	8.822066	0.292928	0.292860	2.318594	-1.504397	-0.168013	1.427702	8.706272	-3.999679	-0.916576	13.190411	-22.671217	-68.244825	146.411759	1.905319	-32.519069	-31.787014	-123.182800	21.339107	-77.458188
11.540000	28.639972	5.381238	-0.350133	0.624022	-1.319438	0.364645	1.085879	8.755451	0.225222	0.341390	2.446157	-1.397983	-0.144884	1.553484	8.674137	-3.956810	-0.949258	11.849459	-22.275884	-69.183393	146.430606	1.833912	-31.356714	-30.904414	-123.246369	22.931559	-77.159479
11.550000	28.598795	5.370477	-0.043185	0.451148	-1.268112	0.264208	1.030543	8.644600	0.183989	0.372906	2.610432	-1.279480	-0.114628	1.641322	8.626584	-3.922496	-0.968659	10.709946	-21.497870	-69.873601	146.289200	1.757091	-29.841531	-29.784980	-123.263070	24.617419	-76.142147
11.560000	28.369188	5.247740	0.316606	0.397022	-1.116623	0.223763	1.010776	8.436603	0.189166	0.403809	2.778248	-1.190218	-0.106513	1.790783	8.549275	-3.898191	-0.954121	9.459416	-21.154320	-70.579402	146.207231	1.985504	-28.567536	-28.202649	-123.291823	26.124653	-74.958697
11.570000	28.115218	5.124998	0.713983	0.326321	-0.879140	0.148352	0.961183	8.177928	0.226804	0.424805	2.839980	-1.086931	-0.073273	1.808307	8.453865	-3.882065	-0.914077	8.375626	-20.494282	-71.199824	146.228260	2.276838	-27.242354	-26.611856	-123.242256	27.488534	-73.320329
11.580000	27.775483	4.919445	1.112567	0.388941	-0.575303	0.132212	0.969850	7.847445	0.298405	0.442574	2.761403	-1.037465	-0.046872	1.811391	8.323615	-3.870383	-0.838056	7.394053	-20.210468	-72.007951	146.601570	2.765581	-26.167586	-24.833884	-123.170024	28.481700	-71.650758
11.590000	27.464285	4.679418	1.489169	0.519386	-0.254435	0.113203	0.997028	7.501908	0.384087	0.453551	2.545863	-1.064727	-0.035305	1.670266	8.163042	-3.863437	-0.737521	6.707011	-19.903819	-72.895539	147.309065	3.223349	-25.187552	-23.158047	-123.034260	29.163234	-69.886968
11.600000	27.165482	4.363087	1.803899	0.784839	0.005201	0.147639	1.072198	7.162399	0.472637	0.462309	2.279016	-1.256684	-0.076793	1.495559	7.980675	-3.860112	-0.618225	6.289595	-19.872181	-73.907487	148.354733	3.626531	-24.403266	-21.455476	-122.851762	29.554269	-68.306163
11.610000	26.914902	4.020935	2.009180	1.136517	0.154179	0.203510	1.148747	6.890153	0.544340	0.468300	2.073538	-1.646826	-0.180748	1.262536	7.793177	-3.860687	-0.502584	6.147298	-19.815405	-74.869774	149.551964	3.824879	-23.710507	-19.824213	-122.578490	29.857732	-66.896230
11.620000	26.708853	3.667875	2.120123	1.506569	0.147101	0.289283	1.240987	6.708453	0.591674	0.473851	1.991661	-2.209006	-0.344743	1.107771	7.613070	-3.864386	-0.401132	6.349906	-19.691944	-75.645840	150.748479	3.716532	-23.090200	-18.202890	-122.291806	30.245521	-65.684661
11.630000	26.445384	3.359372	2.085768	1.861263	0.067797	0.384073	1.263781	6.630582	0.613560	0.479539	2.108478	-2.917019	-0.551654	1.004799	7.396249	-3.872077	-0.322945	6.624522	-19.466076	-76.177812	151.765466	3.396945	-22.742922	-16.628092	-121.969369	30.696503	-64.718276
11.640000	26.212845	3.166597	1.952480	2.000743	-0.082600	0.446604	1.225926	6.633157	0.617815	0.469496	2.329993	-3.688454	-0.729970	1.022249	7.102806	-3.885143	-0.271241	7.188951	-18.876839	-76.390672	152.581894	2.733238	-22.341827	-15.241262	-121.663561	31.299850	-63.683547
11.650000	25.848024	3.033964	1.692436	2.038204	-0.178869	0.536520	1.136347	6.681880	0.626648	0.444317	2.658374	-4.499173	-0.936260	1.124073	6.642180	-3.907552	-0.236030	7.697850	-18.534540	-76.471540	153.323150	1.998084	-22.249962	-13.887400	-121.406695	31.853682	-62.841281
11.660000	25.541766	3.075898	1.324048	1.893978	-0.225841	0.563635	0.958777	6.792862	0.638391	0.391146	3.038339	-5.268671	-1.177191	1.207012	5.976085	-3.941672	-0.227643	8.453191	-17.910011	-76.347989	153.955758	1.021844	-21.965977	-12.679045	-121.125385	32.479066	-61.799344
11.670000	25.095849	3.140854	0.886113	1.778040	-0.193888	0.629164	0.847926	6.939644	0.664752	0.321138	3.451555	-5.965671	-1.384532	1.357668	5.088991	-3.975135	-0.244692	9.015532	-17.789207	-76.221317	154.540694	0.081875	-21.960245	-11.408208	-120.908806	33.256707	-60.896628
11.680000	24.801471	3.356607	0.451186	1.654882	-0.173497	0.548825	0.682740	7.151846	0.680491	0.229257	3.874135	-6.351620	-1.662684	1.495908	3.995659	-3.998445	-0.308618	9.757756	-17.398419	-75.851619	154.708725	-1.107668	-21.566735	-10.347700	-120.743868	34.541749	-59.603479
11.690000	24.342818	3.464122	0.063757	1.777808	-0.205049	0.512746	0.699598	7.400084	0.698209	0.140852	4.222255	-6.340613	-1.774727	1.690353	2.807666	-3.985048	-0.398663	9.926787	-17.773137	-75.509003	154.368460	-2.085477	-21.683953	-9.256742	-120.709428	36.107869	-58.601022
11.700000	24.206042	3.734974	-0.227794	1.853293	-0.425292	0.287481	0.698281	7.768664	0.676523	0.042147	4.300221	-5.579603	-1.725480	1.722299	1.653410	-3.923506	-0.533719	10.152769	-17.064544	-74.819335	153.012925	-3.321692	-21.356943	-8.964156	-120.644519	37.990822	-57.169154
11.710000	24.216502	4.109202	-0.347999	2.317161	-0.957489	0.115078	0.898118	8.215461	0.638374	-0.024455	4.098367	-4.120586	-1.663281	1.863630	0.614617	-3.808347	-0.662864	9.878162	-16.173657	-74.192074	150.654352	-4.453443	-21.635699	-9.585852	-120.601469	39.580643	-56.580454
11.720000	24.410589	4.263381	-0.467758	2.943368	-1.517386	-0.046282	1.389944	8.808708	0.621474	-0.033545	3.584651	-2.496178	-1.437612	1.662907	-0.221256	-3.642405	-0.755554	9.100704	-16.442350	-73.884505	148.092502	-5.196447	-22.366820	-9.799308	-120.340106	40.262917	-56.787871
11.730000	25.096209	4.408137	-0.556646	3.692066	-2.147714	-0.288593	1.783714	9.576106	0.581988	-0.009028	2.872535	-0.811889	-1.284099	1.481919	-0.808220	-3.459345	-0.856765	8.582219	-16.347790	-73.527566	145.109761	-6.153699	-22.705423	-10.285420	-119.782099	40.553284	-57.393044
11.740000	25.763023	4.427695	-0.694672	4.558707	-2.750966	-0.251679	2.279839	10.426341	0.519705	0.031734	2.235524	0.357908	-1.217088	1.515842	-0.396095	-3.280734	-0.955831	7.803827	-16.539222	-73.264620	141.691715	-7.128600	-23.290126	-11.285402	-118.930158	40.829086	-58.708914
11.750000	26.608987	4.532978	-0.944753	5.375676	-2.949552	-0.171151	2.711404	11.221162	0.467462	0.080894	2.186574	0.751485	-1.165673	1.500708	-0.397742	-3.113189	-1.043386	7.131637	-16.120344	-73.195870	138.318247	-8.134821	-23.261763	-12.252147	-117.731050	41.559090	-59.534188
11.760000	27.380271	4.635363	-1.386728	5.922595	-2.674147	-0.047456	3.040286	11.806195	0.446254	0.089838	2.828231	0.475309	-1.260111	2.004230	-0.375345	-2.971877	-1.127513	6.425099	-15.521227	-73.244244	134.951895	-9.129545	-23.010303	-13.265030	-116.300538	42.936431	-59.921306
11.770000	28.097229	4.659996	-1.979252	6.000541	-1.969795	0.054121	3.144793	12.101380	0.507840	0.038369	3.902785	-0.199036	-1.382604	2.661934	-0.406865	-2.864388	-1.209985	5.665080	-14.644661	-73.319551	131.959391	-10.143582	-22.572434	-14.281087	-114.775354	45.089301	-59.771456
11.780000	28.889594	4.524840	-2.718974	5.890147	-0.990889	0.067225	3.095663	12.062715	0.667909	-0.092813	5.223077	-0.987821	-1.341779	3.344598	-0.345407	-2.777796	-1.299753	4.643749	-13.408615	-73.427519	129.626763	-11.325872	-22.023384	-15.456419	-113.418236	47.960512	-59.559576
11.790000	29.891384	4.125889	-3.456955	5.815081	-0.009169	0.088590	3.076998	11.759905	0.911608	-0.286000	6.371691	-1.761316	-1.294132	3.729084	-0.291999	-2.695064	-1.380245	3.046217	-12.137024	-73.637608	128.125083	-12.721058	-21.454891	-16.968394	-112.414911	51.890516	-59.641086
11.800000	31.248996	3.507765	-4.109091	6.063106	0.737742	0.074220	3.201506	11.295638	1.189937	-0.523389	7.284611	-2.448526	-1.189536	3.842603	-0.156678	-2.596268	-1.453522	0.915295	-10.864629	-73.892713	127.598155	-14.429072	-20.728374	-18.887009	-111.827007	57.079375	-60.173124
11.810000	32.927704	2.810889	-4.619299	6.787006	1.118251	0.032039	3.536280	10.782897	1.457957	-0.773450	8.140039	-2.986305	-1.189941	3.815471	0.061052	-2.483165	-1.517775	-1.568573	-9.821611	-74.114290	128.095883	-16.307512	-19.804511	-20.934251	-111.605501	63.715822	-60.955137
11.820000	34.658434	2.157522	-4.934394	7.712009	1.171487	-0.054703	3.981234	10.248040	1.691255	-1.007011	8.973575	-3.338110	-1.283290	3.732263	0.282979	-2.360694	-1.566524	-4.224255	-9.120451	-74.167331	129.450309	-18.092709	-18.837856	-22.821329	-111.655292	71.788909	-61.558392
11.830000	36.364031	1.658939	-5.048349	8.773648	0.913656	-0.272848	4.318160	9.750105	1.857829	-1.230568	9.987390	-3.450391	-1.541200	3.731726	0.585597	-2.266543	-1.590536	-6.655623	-8.702183	-74.170835	131.286263	-19.630155	-17.467467	-24.111278	-111.821455	81.047881	-61.510846
11.840000	37.631400	1.293832	-4.837862	9.617680	0.387710	-0.539396	4.481172	9.286210	1.945132	-1.446328	10.922755	-3.373091	-1.815062	3.760216	0.839602	-2.234745	-1.565898	-9.212709	-8.600018	-74.252960	132.886684	-20.540893	-16.120211	-24.838518	-111.999840	91.013503	-60.694210
11.850000	38.481004	1.070113	-4.311776	10.182552	-0.349441	-0.894188	4.428584	8.908451	1.944399	-1.672890	11.647367	-3.151218	-2.102748	3.820552	1.051635	-2.283942	-1.508518	-11.483862	-8.473557	-74.346337	134.085292	-20.726610	-14.277028	-24.982069	-112.128791	101.018715	-58.927223
11.860000	38.581698	0.966443	-3.575909	10.662381	-1.320717	-1.280329	4.435904	8.644692	1.879018	-1.863176	12.096446	-2.915370	-2.415121	3.872856	1.159592	-2.402345	-1.436563	-13.365904	-8.324452	-74.339712	134.828693	-20.080071	-12.215573	-24.725750	-112.465882	110.020280	-56.720901
11.870000	37.987406	0.896930	-2.700668	10.751486	-2.367850	-1.699476	4.499889	8.524757	1.724367	-2.013077	12.067515	-2.594740	-2.631302	3.985379	2.258433	-2.562613	-1.350728	-14.951002	-8.160059	-74.147558	135.079461	-18.737106	-10.143525	-24.836149	-112.838021	117.726839	-54.299533
11.880000	37.062190	0.855441	-1.564936	10.866953	-3.342746	-2.018316	4.570939	8.504404	1.519509	-2.125031	11.748788	-2.219253	-2.795758	4.018017	3.930783	-2.731962	-1.228169	-15.540656	-6.812357	-73.507378	135.180885	-17.703522	-7.354019	-26.294364	-113.927150	124.823731	-51.403970
11.890000	35.616107	0.438321	-0.754577	10.836482	-3.719018	-1.900840	4.836898	8.665880	1.317505	-2.211394	12.067939	-1.779571	-5.708801	4.480785	4.997713	-2.963028	-1.014827	-16.690410	-6.737843	-73.712531	135.065013	-16.195344	-4.903017	-28.630751	-116.353780	131.645751	-48.371788
11.900000	34.397476	-0.383214	0.035522	10.793744	-4.122494	-1.920418	4.905791	8.988851	1.098809	-2.298973	12.284673	-1.852799	-10.349879	4.416299	5.267585	-3.229173	-0.711667	-17.341621	-6.712545	-74.290873	135.490429	-15.298869	-1.746370	-31.411474	-119.587013	137.966985	-44.935860
11.910000	33.025460	-1.296478	0.990829	10.610510	-4.830222	-2.212752	4.914956	9.311428	0.883826	-2.335026	12.249207	-2.555954	-14.460678	4.551994	5.104195	-3.444142	-0.336047	-17.696244	-6.592489	-74.375564	136.184514	-15.292438	1.181041	-34.627130	-123.250446	143.433648	-41.436296
11.920000	31.828351	-2.442784	1.913816	10.471547	-5.834668	-2.290804	4.465700	9.845397	0.664183	-2.366238	12.489350	-3.702192	-18.186826	4.765896	4.515488	-3.607500	0.085993	-18.074940	-6.385758	-74.363235	136.397821	-15.913716	3.637102	-37.641401	-126.965466	148.189169	-38.416062
11.930000	31.255581	-3.860786	2.948505	10.626668	-6.996362	-2.260015	3.753996	10.645747	0.430448	-2.425007	12.873949	-4.969251	-21.715594	4.958421	3.371580	-3.756838	0.534969	-17.863405	-5.910826	-73.926044	135.560131	-17.511008	5.723778	-39.643111	-130.952498	152.448946	-36.055245
11.940000	31.320353	-5.274818	3.872955	11.110634	-8.113821	-2.172526	3.133532	11.732846	0.166859	-2.542238	13.148092	-6.081463	-25.001433	4.945646	1.837147	-3.896763	0.987197	-18.107542	-4.671655	-73.394501	133.192581	-19.559598	6.465271	-40.367607	-135.061312	155.838418	-34.848623
11.950000	32.158141	-6.426986	4.924262	11.892550	-8.962465	-1.943709	2.862161	12.971077	-0.102203	-2.751116	12.817621	-6.461241	-27.948368	4.847405	-0.088466	-4.030028	1.495535	-18.126933	-2.039844	-72.431333	131.051445	-22.750808	6.989398	-40.110516	-139.199907	158.515084	-34.530103
11.960000	33.662112	-6.797833	5.803489	12.697889	-9.167216	-1.501116	3.110804	14.258625	-0.325344	-3.003589	11.842984	-5.983630	-30.156927	4.732100	-2.262866	-4.136879	2.141965	-19.156277	1.151014	-72.079620	129.412633	-25.982419	6.599849	-38.924314	-142.604354	159.608209	-35.149071
11.970000	36.124580	-6.686158	6.313761	13.021484	-8.500391	-1.430604	3.453504	15.589925	-0.520252	-3.309022	10.500755	-4.401455	-31.223254	4.068575	-2.546094	-4.211520	2.789405	-20.099406	4.896140	-71.968769	127.457839	-29.025367	5.632690	-36.226828	-144.451019	158.407152	-36.000814
11.980000	39.091675	-6.152032	6.415442	13.057542	-7.071075	-0.904531	3.648776	16.446635	-0.605560	-3.625341	8.644329	-2.375876	-31.795315	3.385599	-2.863644	-4.312294	3.445092	-20.978946	8.246574	-72.364904	126.091933	-31.668168	4.728924	-33.380496	-144.661376	154.257613	-35.601798
11.990000	41.514606	-5.488794	6.294443	12.995638	-5.301982	-0.462960	3.962680	16.489951	-0.632948	-3.886536	7.166689	-0.687917	-32.360300	2.904580	-3.319647	-4.455510	4.051761	-21.676399	10.428517	-72.133836	124.517047	-33.748809	3.392571	-31.691970	-143.504047	145.669395	-33.474214
12.000000	43.120184	-4.858788	6.021071	12.546257	-3.668353	-0.396716	4.317639	15.498281	-0.674620	-4.107171	5.990044	0.444673	-33.078883	2.760002	-3.674324	-4.571379	4.565769	-21.342277	11.496162	-70.502526	121.107405	-34.868825	2.738904	-31.501685	-140.362233	131.670159	-29.198457
12.010000	43.451014	-4.288937	5.581893	11.871152	-2.261688	-0.352480	4.579406	13.450815	-0.826390	-4.297982	5.410010	0.844175	-33.794735	2.748902	-3.663793	-4.603339	4.916727	-20.641421	11.710233	-67.485242	114.365172	-34.295682	2.313204	-32.745508	-135.193267	111.250001	-23.517530
12.020000	42.710981	-3.660720	5.031536	11.057951	-0.986384	-0.208742	4.675670	10.487176	-1.125413	-4.489916	5.641944	0.785507	-34.121931	2.636462	-3.464730	-4.527223	5.051572	-19.619062	11.330383	-63.822667	104.482377	-31.929787	1.991583	-34.902382	-129.279613	86.128387	-16.612083
12.030000	42.139268	-2.781587	4.321895	10.444367	-0.195391	0.192344	5.029840	7.033777	-1.486040	-4.725927	6.387386	0.272646	-33.314802	2.512884	-3.210012	-4.334297	4.972057	-18.166399	10.044077	-61.609241	92.741257	-27.808283	2.012084	-37.704567	-124.173805	59.403585	-8.657329
12.040000	41.768475	-1.558120	3.602021	10.545786	0.159212	0.506919	5.532406	3.569096	-1.814450	-4.994819	8.107540	-0.262539	-31.583320	2.517566	-2.785081	-4.096470	4.747631	-17.061252	7.043464	-62.116434	79.152560	-22.664806	0.817546	-41.427968	-121.800086	34.082727	-0.419650
12.050000	42.205157	0.228728	2.794769	10.830972	0.093035	0.773386	5.606488	0.484576	-2.082067	-5.338944	10.175752	-0.660352	-29.137805	2.889754	-2.183067	-3.855798	4.449690	-15.352419	2.251820	-65.127437	63.015229	-16.955838	-0.160901	-45.755858	-121.561745	11.035766	8.113496
12.060000	42.749519	2.610479	1.811796	11.216067	-0.385274	0.759082	5.423897	-1.824295	-2.264572	-5.708097	12.259943	-1.210402	-26.389504	3.641251	-1.487313	-3.650888	4.125318	-13.800763	-3.924112	-69.495034	43.503535	-11.617953	-1.810065	-50.770307	-122.519034	-10.619161	15.626654
12.070000	44.426880	7.193019	0.328530	11.358527	-2.344525	0.558590	4.701265	-2.240486	-2.349143	-6.216444	13.539091	-1.391195	-23.473719	4.993597	-0.918841	-3.525261	3.783908	-12.616024	-5.098255	-75.398871	20.167123	-9.052182	-4.138757	-55.938336	-121.858343	-19.344315	22.840992
12.080000	47.496367	14.094844	-2.531685	10.787774	-4.590430	-0.185046	3.381799	-1.720259	-2.283406	-6.818301	14.392560	-2.213198	-19.939026	6.067060	-0.923058	-3.413600	3.373883	-11.286221	-1.883990	-83.498132	-5.747178	-9.294780	-5.377554	-59.436494	-117.426610	-11.478612	30.573979
12.090000	49.625092	20.435743	-5.978647	10.098998	-6.081369	-0.938301	2.664344	-0.665443	-2.111184	-7.173046	16.021436	-3.704858	-16.127696	6.384661	-0.716168	-3.382499	2.861684	-10.004405	-3.384699	-90.970856	-33.173521	-10.797501	-5.810101	-59.203305	-110.975030	-0.291574	36.940157
12.100000	50.749397	23.873191	-7.849289	8.768881	-4.249366	-0.958713	3.575718	-0.907219	-1.515973	-7.100114	16.449820	-6.258756	-11.192724	5.065153	-0.057126	-3.517993	2.272634	-9.207597	-14.626879	-93.232584	-41.098572	-1.475828	-8.209867	-52.041965	-107.662386	9.805262	40.039837
12.110000	52.484918	21.438613	-6.088528	8.042219	-2.173852	-0.239925	4.209259	-0.130369	-1.019089	-6.832478	16.479682	-7.335885	-4.435328	5.886680	0.962062	-3.812836	1.554581	-5.635807	-23.964345	-86.847934	-39.816521	6.403927	-9.908656	-41.743573	-108.443901	15.698071	38.755938
12.120000	53.632698	17.418104	-3.668096	8.567814	0.305307	0.388842	4.668064	0.069788	-0.622986	-6.317837	18.446032	-7.360099	2.825733	5.202387	2.133273	-4.215837	0.848787	-3.657599	-25.570785	-74.053489	-24.573344	13.730982	-10.962609	-34.556573	-109.773508	12.142588	32.402821
12.130000	55.530109	14.815713	-3.458615	8.330980	1.688471	1.059272	3.907672	0.941812	-0.480228	-5.774408	19.724283	-4.493035	6.576102	5.201302	1.706265	-4.587105	0.238725	-3.862514	-20.218750	-61.791345	-6.423850	16.391685	-8.528784	-29.571192	-107.187322	9.035186	28.157026
12.140000	56.431446	10.807375	-2.209040	8.499013	0.876557	1.514279	2.773101	2.189635	-0.492725	-5.405659	17.422978	-1.328908	4.936740	4.798054	-0.330510	-4.875039	-0.300164	-2.330288	-18.788072	-46.966481	-1.491956	11.004800	-8.601151	-24.369656	-106.415400	13.475843	29.523645
12.150000	53.883181	10.380054	-1.059425	10.394746	-2.021207	0.910495	2.439781	2.364411	-0.456550	-5.071634	14.608413	-0.095825	2.924956	3.504629	-0.704746	-5.054006	-1.253120	-2.249949	-6.523066	-30.024379	-2.266717	8.835787	-10.056491	-33.015661	-104.124507	16.766466	30.453771
12.160000	50.594907	7.777152	0.459508	12.474012	-4.727828	-0.691432	1.482686	2.994215	-0.201142	-4.975238	11.192027	-1.786028	2.643345	2.015295	-1.414107	-5.003816	-1.876216	0.971251	-9.061801	-14.178200	-6.226704	2.169060	-10.421890	-28.778524	-100.303638	20.979287	32.898374
12.170000	45.751877	8.124837	1.906900	13.366107	-6.575094	-1.647639	0.408770	2.465631	0.104270	-4.767652	9.809509	-0.947227	2.460538	1.251387	-0.972283	-4.832270	-2.764335	2.531635	3.540127	1.501265	-6.420149	5.309144	-9.647609	-37.420193	-93.254516	23.722905	32.112598
12.180000	42.031431	4.223844	3.567582	13.954893	-6.573266	-2.689112	-0.953378	6.162590	0.891933	-4.694836	7.404221	-0.266547	1.946989	0.039001	-1.319021	-4.186269	-2.880554	5.231467	-7.465605	7.097493	-4.604593	0.940679	-7.273644	-27.326796	-85.529253	27.214323	33.310153
12.190000	38.164291	7.707797	4.612356	13.737082	-7.079351	-2.287059	-0.050075	8.070715	1.158364	-4.603278	7.647822	3.516044	2.183071	1.173355	-1.506518	-3.597347	-3.321053	4.799084	10.010409	7.158728	-5.292441	8.099938	-3.647185	-44.535262	-72.770879	30.737650	27.350079
12.200000	34.807250	7.084386	3.922872	13.947882	-5.050247	-2.525525	-0.628066	9.715315	1.623127	-4.662761	7.553391	1.866002	2.469112	1.187784	-1.115704	-2.467262	-2.789834	7.193588	-7.037364	4.887426	-6.233485	3.813176	-0.421418	-32.613612	-60.630172	37.108831	24.515055
12.210000	29.298301	6.559326	5.550783	12.942212	-2.486826	-0.560783	0.914810	11.048581	1.520138	-4.305061	8.386319	2.310139	2.631208	3.478312	-0.637302	-1.608481	-2.858314	7.504822	1.075331	9.184792	-4.055983	6.674120	2.726604	-37.875795	-49.711896	38.518931	19.211188
12.220000	26.008646	3.857388	7.123522	11.804568	-0.199137	0.975263	1.623176	12.241704	1.556625	-3.924108	8.429839	1.217159	1.524352	2.660936	-0.773538	-0.509799	-2.474234	9.205276	-6.883337	7.688902	0.017211	7.285127	6.502330	-33.166099	-41.171104	39.933850	18.129393
12.230000	23.175507	2.184396	8.293080	12.090392	1.336480	1.983915	1.309561	12.329116	1.689587	-3.435383	8.558405	0.334657	1.915953	2.293498	0.332311	0.466885	-2.273670	9.946311	-8.600851	7.777191	6.358554	7.058119	10.224266	-29.133063	-32.394853	39.934185	15.703268
12.240000	20.924535	1.181356	6.940324	11.202602	2.493405	2.108233	0.482188	11.400737	1.875208	-2.868850	11.537125	-0.706901	2.622383	2.364678	0.724802	1.328185	-2.068826	8.881884	-11.313281	8.317639	16.942191	3.896794	14.156595	-17.699737	-21.539940	38.215166	12.628578
12.250000	19.303731	1.683904	5.980524	7.955464	2.053990	2.099512	0.740543	11.489338	1.881513	-2.458214	11.021247	-0.764582	2.435147	2.367556	0.167708	1.714183	-2.011726	6.083298	-7.054935	9.637205	14.791332	3.502643	16.785057	-16.408046	-10.276382	33.016413	6.973188
12.260000	18.708878	1.733587	5.361401	5.256874	1.161657	1.862558	0.349206	12.074219	1.845411	-2.155325	8.614937	-2.838732	1.648022	1.066575	0.561055	2.006819	-1.858537	3.194641	-7.734952	9.045445	11.835569	3.240103	17.870686	-13.277097	-0.078852	28.918965	2.644084
12.270000	18.596723	1.531385	5.290528	3.311839	-0.846464	1.005097	-0.393374	13.372753	1.697116	-1.827909	7.075027	-4.976020	2.079427	0.698040	0.501901	2.218072	-1.787944	1.547048	-5.272652	9.780053	12.546247	1.151195	18.183676	-11.655275	9.808361	25.135030	-1.182497
12.280000	19.105735	-2.320951	6.748741	3.330558	-1.463454	0.052060	0.113621	14.661520	1.484656	-1.357731	5.601867	-7.086506	2.437952	1.061519	0.560327	2.296306	-1.674768	4.132336	-6.636739	17.469150	18.214573	-0.772899	13.246619	-9.684296	12.266650	25.617215	-1.891050
12.290000	22.456837	-4.291821	7.788711	2.062463	-2.560478	0.823321	-1.517546	16.554002	1.339559	-0.785365	5.793985	-7.537489	0.989621	0.908257	-0.998008	2.222403	-1.467621	3.873724	-2.758815	18.751730	25.233424	0.629938	11.357551	-11.728157	19.660632	24.982609	-3.203232
12.300000	26.422129	-7.250782	7.992202	3.337560	-2.136062	0.633734	-0.368580	17.204002	1.251271	-0.220308	5.890525	-7.715052	1.431306	1.365309	-0.190174	2.054062	-1.239483	5.270203	-8.489467	22.797726	34.305015	3.279632	5.186481	-8.277094	23.019572	27.069162	-2.163209
12.310000	31.051018	-8.017213	7.775278	3.665047	-1.900873	1.886843	-0.900579	18.223934	1.034649	0.252475	7.146526	-5.156793	1.416121	0.927865	-0.550754	1.743807	-1.096943	3.894385	-5.546726	23.964107	42.474997	3.838634	0.589116	-12.155832	27.959159	27.272089	-3.587648
12.320000	36.232946	-8.620554	6.533846	5.635257	0.077610	1.673374	0.408483	18.249404	0.746859	0.524815	8.364812	-2.747726	1.487639	0.528369	0.527022	1.459148	-1.060501	4.373197	-12.544298	25.296682	47.845146	4.115952	-3.289825	-7.920760	30.760601	27.543247	0.421196
12.330000	39.951355	-7.489147	5.131332	7.850044	1.561707	2.839264	1.274981	18.767685	0.291167	0.670266	8.756746	0.985448	0.850618	1.010339	0.819278	1.065564	-1.109248	1.751561	-10.690305	24.705049	50.005424	2.867973	-6.723033	-13.374469	32.522133	28.173338	2.565043
12.340000	44.719687	-5.978386	2.782292	11.424090	3.920323	1.075403	2.794568	17.984722	-0.002098	0.712334	11.187542	3.043820	0.513493	1.526103	1.337424	0.673791	-1.227356	0.979106	-19.305362	22.546917	49.575792	4.362209	-6.885899	-9.362129	32.170004	28.195462	11.719286
12.350000	47.391624	-4.435229	0.845758	13.984853	5.171586	1.951093	3.967657	17.232589	-0.406925	0.698606	11.792220	5.495291	-0.143974	2.179165	1.265809	0.162854	-1.346561	-3.062887	-18.722644	20.400323	46.574530	5.048713	-6.926550	-18.255004	29.625383	31.911479	17.947875
12.360000	51.100502	-2.847869	-1.210102	16.672164	5.936656	-0.415059	4.198407	14.689083	-0.607887	0.585253	13.767308	5.928705	-0.588049	2.800345	0.983229	-0.258018	-1.564581	-5.595558	-23.632724	18.081733	44.628257	8.463437	-3.178160	-18.054454	27.170795	42.436919	28.407007
12.370000	51.847420	-1.013920	-2.961116	18.087793	4.610789	-0.113897	4.826335	11.437730	-0.858352	0.437725	15.021644	7.101831	-0.388790	3.586377	0.656012	-0.638607	-1.901220	-11.195658	-21.053982	17.892182	39.329571	9.884813	-1.380349	-25.608583	26.274799	58.332387	30.598160
12.380000	53.671646	-0.227934	-3.915358	18.629912	3.469020	-1.446555	4.422911	7.585126	-0.802850	0.301733	16.440185	6.712141	-0.164855	4.358110	0.345391	-0.835535	-2.346422	-13.045088	-18.916070	20.455670	36.701187	12.715038	2.157027	-25.176326	25.241384	73.672646	34.154367
12.390000	53.347750	0.489873	-4.806568	18.504322	-0.089269	-0.218674	3.955168	4.176893	-0.663122	0.189684	16.424973	6.412934	-0.427683	4.851789	0.301991	-0.949465	-2.682499	-16.838669	-12.908964	22.667617	31.743434	14.989953	2.476277	-28.498630	27.447733	83.971524	34.386236
12.400000	54.292793	0.176615	-5.643038	18.232020	-2.699071	-0.685680	3.635579	1.033693	-0.282666	0.127417	16.783996	4.516830	-0.498594	4.096613	0.376878	-0.855670	-2.962250	-16.105190	-11.735341	24.790590	30.569449	18.148035	3.231571	-26.090766	28.457205	91.327500	37.578117
12.410000	54.399395	-0.856324	-5.357659	18.497167	-6.061371	-0.436378	3.417975	-1.464705	0.052059	0.138832	15.152575	2.548626	-0.626326	3.952937	0.607157	-0.784251	-3.053451	-15.435500	-9.593998	25.243995	32.185782	19.289101	0.623927	-27.002344	30.810441	97.512907	36.999609
12.420000	55.373240	-3.096198	-4.094595	19.607563	-7.274871	-0.575097	3.144903	-2.206105	0.411720	0.230934	14.856257	-0.150407	-0.761056	2.657084	0.570625	-0.740118	-3.155683	-12.719861	-8.572804	25.182402	36.820275	19.275308	-3.726197	-26.682311	32.537243	96.144623	38.392700
12.430000	57.244730	-4.796026	-2.156215	20.224044	-8.001451	-0.276600	2.469668	-1.704532	0.694018	0.424784	14.178209	-2.796307	-1.351585	1.677811	0.587850	-0.807261	-3.254377	-9.521720	-10.463717	22.961752	37.228073	23.221331	-8.649109	-28.471905	34.870081	91.240919	38.812198
12.440000	58.178692	-5.761897	-1.191325	20.443585	-6.957822	-0.803175	1.565597	-2.263326	0.818296	0.443528	16.036252	-4.146432	-1.675192	1.451624	0.143450	-0.902378	-3.368747	-7.767008	-11.660798	21.527115	44.098744	17.391460	-13.846404	-27.519034	36.706853	86.364806	35.851743
12.450000	60.068884	-5.501727	-0.510781	20.129103	-5.171591	-0.351277	1.179620	-1.169841	0.935697	0.510110	16.548155	-4.495643	-1.600551	1.882157	0.326552	-1.136361	-3.612405	-4.895200	-12.173335	21.876284	43.691799	19.163791	-17.180571	-26.437439	37.924066	80.116653	34.495540
12.460000	60.711765	-3.845824	-1.174661	18.998880	-3.817316	0.873298	0.936948	-1.070820	0.945252	0.526533	17.067956	-3.614541	-1.987319	1.849485	0.298521	-1.363620	-3.786661	-6.187276	-16.389301	20.441097	43.087994	20.399088	-20.854979	-27.559659	38.817760	70.994966	31.387873
12.470000	61.070776	-3.225641	-2.149287	18.040266	-0.134290	0.569461	0.959294	-0.998868	1.015163	0.582469	17.148232	-2.722586	-0.966966	2.402602	0.267077	-1.672396	-3.972079	-4.473577	-19.786091	23.746589	49.485496	20.710094	-21.468174	-25.469557	36.361223	66.136810	28.873414
12.480000	60.519209	-1.362041	-2.920882	17.133145	1.269035	1.760814	0.954094	-0.721400	0.981936	0.795532	15.658004	-0.790911	-0.766149	2.190472	-0.038867	-1.987626	-4.040825	-5.893362	-22.053550	25.198156	52.871221	23.394994	-22.451383	-28.057171	37.074400	57.564148	26.712984
12.490000	59.889193	-0.837610	-4.327334	16.063683	2.918429	1.635780	1.505658	-0.975173	1.090613	1.119074	15.119651	0.540990	-0.412764	1.998234	0.391997	-2.285445	-3.976468	-6.324910	-29.019865	28.858450	59.734529	24.007117	-21.453807	-25.657374	34.319714	53.427632	23.527697
12.500000	58.869038	0.699519	-5.028310	15.661500	2.916579	1.954515	1.462658	-0.490592	1.067514	1.447685	14.538577	2.242878	-0.314116	1.522792	-0.552416	-2.618885	-3.858078	-7.563918	-27.419830	30.294129	63.724601	21.506881	-19.865736	-29.213122	33.845392	47.264734	22.907112
12.510000	57.860479	1.103178	-5.992927	14.570775	2.094634	0.944819	1.865701	-1.363022	1.160708	1.811090	14.782723	3.374494	-0.570870	1.871353	0.299896	-2.933830	-3.538808	-10.492604	-32.997983	32.653418	64.391997	15.291331	-17.947752	-23.795914	30.978772	50.766295	16.112857
12.520000	57.094536	0.768660	-3.547490	15.060809	1.217573	0.249288	1.279796	-1.017809	1.141123	2.026378	13.612090	3.430519	-0.560284	1.989645	-1.253972	-3.305379	-3.174958	-11.583290	-22.733817	36.606418	67.212577	5.085820	-17.833275	-25.461241	30.279395	56.986548	6.929539
12.530000	57.939425	2.589333	-3.325766	15.260906	-0.935852	-1.049842	1.017790	-1.551487	1.183568	2.272809	13.596132	2.641585	-0.833784	-0.017171	-0.616420	-3.421704	-2.984660	-17.020827	-24.378036	35.594393	66.165447	-5.934201	-16.908674	-19.817579	34.613688	55.022103	1.324028
12.540000	58.334322	2.656193	-3.882937	14.580065	-1.530496	-0.864009	2.358471	-2.018657	1.369403	2.321810	12.750516	0.367885	-1.313016	-0.241125	-0.544600	-3.569786	-2.936473	-18.751740	-24.941473	38.935326	61.607838	-19.867562	-16.747456	-18.796866	31.380567	50.702289	-6.149353
12.550000	59.067478	3.936299	-4.518394	13.167422	-1.288279	-0.658119	1.824877	-1.545989	1.333479	2.114265	11.165581	-1.220544	-1.241895	-0.630466	-0.611419	-3.729593	-3.079184	-22.344329	-24.687912	37.967116	56.504300	-31.403419	-16.484158	-20.305105	30.810231	44.357863	-10.904752
12.560000	60.208111	5.513294	-5.796108	11.504617	-1.129776	-0.262567	2.091258	-1.468716	1.283092	1.821041	10.475772	-1.787825	-1.107714	-0.071349	-0.325736	-3.874336	-3.260332	-24.887188	-28.481808	37.583891	50.358358	-39.343033	-15.200367	-19.722154	27.379198	40.771861	-14.282597
12.570000	61.031952	6.996973	-6.213865	10.327300	-0.523667	0.546643	2.311775	-0.991392	1.143936	1.481843	10.131350	-1.434308	-0.518826	0.384565	-0.595695	-4.034901	-3.469063	-27.474828	-28.874561	35.669468	44.743319	-45.457441	-14.654496	-22.127061	24.292597	37.156881	-15.610171
12.580000	62.132330	8.693616	-6.403787	9.496253	-0.250620	0.669894	2.445226	-0.697494	1.054226	1.178886	10.339554	-0.373121	-0.506388	1.140197	-0.372340	-4.156928	-3.639112	-29.821011	-31.036466	33.605218	39.024608	-48.651125	-13.940509	-23.208655	21.366218	35.021947	-15.220165
12.590000	63.174467	10.068063	-6.112809	9.044732	-0.223469	0.585283	2.652231	-0.566461	1.054115	0.940141	11.177059	0.671636	-0.303762	1.690684	-0.551213	-4.194469	-3.731780	-31.132908	-32.436800	32.224774	33.957008	-51.047642	-12.985883	-24.618538	18.930419	34.243231	-14.199406
12.600000	63.717279	11.218946	-5.522193	8.902116	-0.264194	0.280455	2.609778	-0.448021	1.126371	0.779282	12.541163	1.574684	-0.409055	2.066573	-0.575926	-4.182461	-3.772532	-32.645450	-33.948097	31.307830	30.055641	-51.908996	-12.065054	-26.103917	17.827822	34.200034	-12.904761
12.610000	64.051561	11.676333	-4.745822	8.716010	-0.096892	-0.123693	2.716130	-0.424045	1.261962	0.693155	14.141324	2.012161	-0.569519	2.674583	-0.769048	-4.109170	-3.777448	-33.177550	-35.689296	31.363356	29.099903	-52.489113	-10.284611	-27.743902	17.348824	34.998357	-11.740832
12.620000	63.523207	11.371759	-3.876374	8.873994	0.178568	-0.494241	2.612963	-0.234923	1.409434	0.657698	16.043760	2.114551	-0.921413	3.016745	-0.735070	-4.004042	-3.790304	-33.750394	-38.247457	32.413740	29.101630	-51.714472	-8.604700	-29.909178	17.588189	35.821713	-10.290334
12.630000	62.675552	10.179176	-2.880063	9.134497	0.727800	-0.973141	2.233929	0.113337	1.491716	0.628285	17.507013	1.900374	-1.187294	3.291491	-0.561772	-3.855317	-3.872532	-33.313329	-40.824476	33.509248	29.575096	-49.456555	-6.950639	-32.834153	18.716891	36.604236	-8.150773
12.640000	61.258526	8.105393	-1.818526	9.611362	1.094426	-1.088365	1.422845	0.501771	1.443187	0.605275	18.259931	1.619877	-1.367932	3.303429	-0.250267	-3.657796	-4.005997	-32.277515	-43.153392	35.034049	29.560594	-45.638803	-5.863747	-36.633646	21.052712	38.127360	-5.398434
12.650000	59.599056	6.114380	-1.023482	10.487289	1.103074	-0.959068	0.311369	1.096682	1.191983	0.577112	18.166959	1.445148	-1.229017	3.205336	-0.076041	-3.400338	-4.151955	-31.301722	-45.332388	36.438489	28.716114	-39.588321	-4.925019	-39.931201	26.145467	40.981025	-1.528176
12.660000	58.135939	4.819677	-0.856164	11.666108	0.581835	-0.260213	-0.705658	2.085285	0.723272	0.609432	17.518066	1.629018	-0.749317	2.988790	-0.009476	-3.169011	-4.109535	-32.052903	-45.210180	40.979321	28.720234	-29.447140	-2.097819	-42.758160	34.063402	44.676805	3.671672
12.670000	56.392260	3.197688	-0.841056	13.794350	-0.980786	-0.143062	-0.621977	2.745538	0.164205	0.736512	15.980719	2.152490	-0.621626	2.407914	-0.014403	-2.910789	-3.878698	-32.852357	-47.183987	47.380047	28.439447	-18.020393	1.388964	-42.295869	41.659516	49.332082	8.910781
12.680000	54.067020	-0.251714	0.588822	16.645070	-2.623516	-0.494771	0.379039	2.622478	-0.447329	0.869185	13.513523	2.396114	-0.103172	1.093218	-0.499694	-2.697660	-3.574814	-31.897905	-46.313623	53.326312	29.962092	-8.720582	3.933952	-44.500749	47.773433	52.593935	13.306299
12.690000	52.159510	-2.667619	2.265273	19.600917	-3.883005	-0.878031	0.745259	2.256230	-1.056009	1.047406	11.796596	2.549088	-0.101623	0.776845	-0.696340	-2.569059	-3.132674	-32.135476	-48.619580	56.594512	34.191088	-0.058308	7.133597	-44.811603	54.704668	57.592016	17.542113
12.700000	50.806479	-5.436575	4.320146	22.304080	-4.384465	-0.956968	1.344192	1.525112	-1.506047	1.232767	11.013133	1.970136	-0.389674	0.880416	-0.903135	-2.625021	-2.513648	-32.114919	-51.294838	61.137307	40.585041	5.773261	9.003012	-46.077303	58.529744	63.526784	19.980878
12.710000	50.544071	-7.157100	6.525705	24.096439	-3.270987	-0.827203	1.117603	0.634345	-1.779874	1.316772	11.163333	0.585647	-0.605698	0.730557	-0.894607	-2.858011	-1.780522	-32.857768	-54.340518	64.657062	48.882347	9.227498	10.592836	-47.159533	62.424168	69.117223	20.832211
12.720000	51.016960	-8.006266	8.449999	24.609223	-1.019203	-0.532510	0.632775	-0.291976	-1.818959	1.253303	11.742055	-1.052740	-0.836001	0.707662	-0.619597	-3.254106	-0.983919	-34.599921	-57.786291	68.267602	55.469200	9.000067	11.164300	-47.404426	65.282911	72.923626	19.160070
12.730000	51.855116	-8.684021	10.072264	22.868941	2.071063	0.066496	0.288233	-1.374803	-1.664562	1.091509	12.872436	-2.922925	-1.294499	0.160112	-0.446042	-3.804073	-0.133157	-36.180536	-60.222639	72.398391	59.905104	5.460786	10.992368	-48.012238	67.761925	73.981275	16.864918
12.740000	52.764349	-8.571534	10.900863	20.475764	4.730162	0.697511	-0.150524	-1.927692	-1.400478	0.774026	14.295814	-4.924302	-1.628391	0.028218	-0.319838	-4.436580	0.759042	-38.626869	-62.166889	74.407402	61.589652	-0.330861	11.136459	-47.724970	70.748699	72.153166	14.750071
12.750000	53.034925	-9.000508	11.021803	18.281283	6.303751	1.108023	-0.121273	-2.300628	-1.037658	0.347667	15.498457	-6.755174	-1.966876	0.429475	-0.310355	-5.055659	1.762248	-40.430057	-63.272500	75.983682	60.127920	-7.887380	11.110665	-47.004329	71.722806	68.583919	12.658814
12.760000	52.418833	-9.287840	10.590520	16.828414	6.721505	1.451529	-0.299355	-2.433871	-0.603299	-0.126438	16.416073	-8.337297	-2.235796	1.139397	-0.408437	-5.554680	2.852714	-41.911086	-62.610412	75.496969	57.998747	-15.545754	12.127699	-45.831240	72.831371	63.705276	11.158822
12.770000	51.144743	-9.747844	9.759105	16.005550	6.421345	1.540806	-0.061916	-2.428425	-0.056641	-0.555369	17.024510	-8.763690	-2.389777	1.857569	-0.499111	-5.833034	3.898887	-41.710334	-62.149767	75.574476	56.627333	-22.285793	12.794029	-43.617223	71.474835	58.315247	9.668700
12.780000	50.538983	-9.495632	8.612427	13.756653	6.039707	1.335159	-0.395931	-1.965751	0.340387	-1.012850	16.694073	-8.897622	-2.243955	2.099385	-0.826716	-5.858617	4.721819	-40.803561	-60.197042	73.388806	55.952552	-27.134826	14.768367	-41.052626	70.229405	49.708933	9.412926
12.790000	49.953771	-9.335657	6.955054	10.796772	5.237537	1.363281	-0.384914	-1.569503	0.625591	-1.411298	16.508505	-7.899093	-2.166465	1.827725	-0.843540	-5.587863	5.262807	-39.653704	-59.506372	72.023535	56.765807	-29.214850	15.699998	-39.293464	67.784205	39.324322	9.301875
12.800000	49.260454	-9.195914	5.085954	7.928841	4.094052	1.221079	-1.236379	-1.408203	0.785891	-1.727170	17.057072	-6.226917	-1.863678	1.510619	-0.839292	-5.075019	5.430969	-37.627038	-59.275841	70.576930	61.935541	-28.470516	17.023942	-38.243405	66.106063	28.424482	9.630024
12.810000	47.824192	-8.888342	2.964892	5.538581	2.014445	1.183929	-2.504330	-1.577021	0.865860	-1.871086	18.181410	-3.922633	-1.530552	1.159376	-0.512810	-4.413476	5.320221	-36.198804	-60.932946	69.208851	70.008387	-25.410702	18.257834	-38.089062	65.133378	19.782355	10.715822
12.820000	46.641665	-9.120079	1.473150	3.406642	-1.211575	1.288063	-3.440601	-1.767924	0.871099	-1.910195	19.184154	-1.827095	-1.332066	1.046223	-0.281678	-3.784735	5.115445	-34.487788	-63.270794	69.553435	79.684907	-21.568993	19.402480	-38.573557	63.260248	15.270410	12.127832
12.830000	45.358582	-9.101627	0.604419	3.417021	-4.234239	1.080282	-3.737610	-1.535887	0.950276	-1.841338	19.394279	-0.516274	-1.080744	0.877457	-0.115883	-3.205461	4.778013	-33.611478	-65.439922	69.790685	87.832350	-17.888332	20.501732	-39.524142	63.664708	13.213357	12.679838
12.840000	43.993883	-10.127006	0.483198	4.588362	-6.404924	0.798756	-2.815186	-1.438183	1.163085	-1.669767	18.841971	-0.157770	-1.227738	0.607561	0.124592	-2.680854	4.506842	-31.694243	-68.625342	72.735393	94.804859	-14.409157	20.397012	-41.610775	63.848636	14.105422	11.722907
12.850000	42.250757	-11.164093	1.101237	6.237084	-6.810057	0.323965	-1.591527	-1.118924	1.529301	-1.450220	17.907239	-1.019143	-1.394454	0.237962	0.064662	-2.202751	4.300639	-29.538647	-72.686075	75.553885	102.067101	-10.554386	19.191758	-44.429141	66.814148	13.703021	11.865482
12.860000	40.000253	-12.761183	2.031729	7.042143	-6.189954	-0.365435	0.035422	-0.900965	2.084095	-1.214511	16.267948	-1.908750	-1.669213	-0.109435	-0.016861	-1.781313	4.190905	-26.910904	-78.948955	80.033898	107.645309	-7.602623	16.069351	-47.747222	70.000157	13.088125	11.304770
12.870000	37.315784	-14.079474	3.262508	6.308371	-5.003724	-1.207612	1.248179	-0.606012	2.776326	-1.034848	14.125587	-2.312139	-1.479682	-0.383142	-0.540339	-1.431853	4.127905	-24.547948	-84.771282	83.305550	110.720953	-7.767579	12.738967	-52.245956	74.583533	11.958620	9.518594
12.880000	34.036636	-13.064728	4.731331	4.837902	-3.743095	-1.545674	1.310756	0.144237	3.613829	-0.986187	11.863794	-2.770441	-0.875402	-0.370480	-1.227997	-1.144947	3.960940	-25.413393	-89.024219	78.723183	111.178905	-12.894927	10.380137	-56.746377	85.333416	9.678425	6.213743
12.890000	30.017955	-12.567821	5.977974	3.777580	-3.034401	-0.786171	1.912074	0.557827	4.551625	-0.891829	11.804875	-3.515812	-0.661066	0.473703	-1.880263	-0.765818	3.702017	-25.659348	-90.625279	72.720784	110.982388	-22.738902	5.701226	-60.975814	93.709400	2.697261	1.197122
12.900000	24.362168	-12.311749	6.512211	3.473969	-1.339820	0.261076	3.169022	0.216311	5.513691	-0.747459	15.192460	-5.365699	-1.239844	1.655036	-1.999195	-0.223316	3.249476	-25.004781	-92.499257	66.763866	109.042186	-35.437740	-2.574326	-62.551622	94.323948	-5.654530	-1.335356
12.910000	20.646820	-12.218399	6.270561	3.510300	2.319130	0.518383	3.274597	0.210689	6.210807	-0.656218	20.822415	-7.902411	-0.934493	3.649283	-2.109082	0.371319	2.598496	-21.172203	-92.051288	57.575172	104.617631	-49.231928	-8.047989	-60.631028	88.448802	-12.083347	-0.762340
12.920000	26.189466	-11.783493	4.631162	1.909283	6.492415	0.830641	2.432182	0.987306	6.280006	-0.714832	21.326264	-8.871839	1.404845	4.498295	-0.996784	0.722296	2.031848	-16.768076	-88.781249	48.592052	91.172388	-56.231137	-4.643018	-52.768794	78.953880	-15.231206	9.069640
12.930000	30.124044	-10.684557	4.818347	9.110787	7.469612	-1.365469	2.152280	0.184827	5.487514	-1.051411	46.149246	-3.364282	6.373795	-8.711763	5.156017	-0.012538	0.713695	-16.479122	-82.942511	43.355463	62.341878	-71.306072	-13.426979	-51.432139	68.928006	-13.287310	0.157872
12.940000	39.809363	-8.164774	1.973300	10.544064	6.609349	0.699361	5.152053	3.820074	4.540370	-0.614421	64.978383	2.101152	8.888919	-8.859565	5.669312	-0.728339	0.493471	-20.050925	-69.738171	35.162124	46.393092	-73.931664	-8.296014	-42.828532	64.831924	-15.047756	10.523856
12.950000	49.297323	-7.433308	-2.024943	14.327738	1.908804	0.447841	5.363859	3.568096	3.993734	-0.335864	79.395235	7.747148	6.443590	-2.346311	5.672636	-1.480894	0.421514	-21.991796	-60.003894	34.256347	28.128867	-72.337210	-2.172505	-36.573498	58.097461	12.503484	0.061536
12.960000	33.338377	-23.930042	-3.313742	38.930014	-11.501384	-2.956787	0.548436	0.751407	4.366294	-3.031888	84.282696	-1.345360	-4.390339	0.599980	-11.909985	-3.128989	-1.159129	-63.905910	-46.851257	29.684249	-30.468576	-101.989917	-43.524390	-71.408628	64.029273	-7.088216	6.752769
12.970000	29.254169	-12.325211	-8.328389	44.826545	-11.988061	-1.383036	-8.175824	1.464846	5.414799	-2.349798	76.568395	3.724962	-2.239197	10.750338	1.304996	-3.920817	-1.946012	-90.124947	-79.022877	31.388462	-43.603747	-78.275032	-56.677755	-26.792329	57.928392	44.337818	-29.351467
12.980000	28.494694	-17.085963	-12.065860	48.114195	-15.601533	-2.274974	-1.361533	-0.151196	7.082517	-3.852527	76.407701	-0.655032	-2.086252	14.598206	-2.875628	-4.263255	-3.484977	-71.767036	-25.580949	76.563236	-52.912478	-134.965599	-92.235840	-63.676720	53.662169	31.460112	-33.366576
12.990000	31.942101	-10.869163	-11.268774	59.730999	-9.303151	1.131134	-2.462632	-1.215752	7.473987	-4.647476	80.290720	0.706688	-7.055779	11.141082	-3.253928	-5.059227	-5.333271	-62.011767	-20.601795	83.255920	-57.571064	-166.315883	-95.979682	-85.194934	52.927668	32.448480	-44.993106
13.000000	39.006402	2.515499	-9.054907	75.976484	-5.034612	2.195244	5.426362	-4.425262	7.647308	-4.365341	87.290160	9.158468	-5.851526	14.368644	-4.849731	-5.836299	-6.543276	-49.757624	-33.728958	73.696500	-44.036369	-190.046236	-75.568001	-89.971136	44.191191	53.929938	-70.142843
13.010000	41.421804	11.375537	-9.630176	83.857536	10.093946	-1.846306	6.024573	-2.861580	6.249006	-1.985119	87.770909	32.572642	1.610546	30.926570	9.503556	-3.892349	-7.170139	-26.367269	-33.805925	81.156439	-3.001629	-173.750237	-69.967847	-54.568242	27.837150	79.333681	-101.939671
13.020000	43.434505	9.636627	-7.082593	89.551881	10.826997	-2.950912	11.094637	-2.057861	6.182198	-2.083037	86.391032	27.755428	-2.748225	30.035581	-5.530883	-3.775826	-6.526154	-23.328734	-28.253555	87.090102	3.844699	-184.411049	-83.446493	-63.371884	17.154199	78.568840	-117.215477
13.030000	43.682480	-0.010512	-1.147789	93.368359	4.423951	-3.179109	7.001719	-3.043770	6.889664	-4.365332	90.428099	-2.577337	-12.244439	6.168099	-16.638473	-5.119902	-5.692809	-35.402942	-23.602665	103.913158	-15.993132	-223.895669	-83.817501	-105.416549	18.169985	47.987759	-132.501617
13.040000	43.550944	-7.066547	-0.684482	96.579336	5.849653	-1.903176	3.919139	-3.161914	6.581282	-4.373448	88.111326	-11.656850	-5.257267	7.399634	-3.200562	-5.194309	-4.393844	-31.310704	-25.247881	126.320145	-21.221459	-215.712726	-87.759612	-99.986449	12.757267	17.132107	-152.965784
13.050000	42.464633	-6.987665	0.198751	95.570706	9.857384	2.688722	-1.315225	-0.841052	4.927226	-4.766106	88.074066	-12.444333	-4.492941	4.871696	-2.267417	-5.681118	-2.683184	-28.256386	-7.873814	133.186018	-30.822994	-205.353260	-96.527773	-94.897850	25.110076	-9.867932	-139.196157
13.060000	38.030837	-4.338416	-0.302572	86.334519	17.573731	6.487206	-16.786907	0.695560	2.954943	-5.140648	81.093654	-12.568329	-6.818850	-0.785629	-4.117284	-5.487801	-0.730600	-24.852129	9.976295	130.295151	-43.504183	-178.221032	-97.974320	-86.516403	36.116087	-34.941821	-110.979885
13.070000	32.117953	0.828493	-0.932593	73.632948	20.881608	7.353736	-29.735927	2.539140	1.285064	-5.067313	68.359956	-12.394900	-4.526318	-10.139761	-4.385822	-3.844176	0.970656	-17.810037	14.730004	120.293239	-45.107375	-125.464901	-88.248670	-75.764076	38.344981	-55.149074	-72.710544
13.080000	42.139626	11.276383	0.220419	73.000111	27.788378	-0.941647	-33.148721	8.441133	1.313951	-2.148017	53.847335	7.436433	2.686721	-3.625711	17.679587	-3.653459	-0.249474	-5.362732	18.788125	95.265824	-8.951922	-38.404878	-60.461038	-61.799271	10.078909	-16.238371	-6.202530
13.090000	56.510181	16.406399	5.705892	50.244853	24.361398	5.495640	-43.049898	-1.977646	-0.789562	0.196493	37.793390	8.326706	10.878992	-17.812992	-2.523066	-1.324591	1.700899	-1.097123	23.097700	69.534150	58.948383	37.043016	-20.488933	-49.345071	-10.420207	4.984751	60.365438
13.100000	93.691263	22.000782	7.327803	43.007597	12.853640	-2.455097	-51.439263	-12.452341	-3.176265	0.669128	14.114587	-2.205617	11.538558	-8.159583	-1.585821	0.636140	2.566787	0.508458	27.181253	-8.646920	163.099623	81.570007	15.699815	-18.578609	-38.530728	86.701423	39.979666
13.110000	96.024609	-3.481142	6.150893	41.963510	9.338032	-10.401448	-41.683730	-9.220000	-3.203798	2.727035	-14.603132	-15.891328	-3.999023	4.100455	1.514443	1.750912	2.899473	-43.964774	-14.010346	-21.444699	85.988778	7.852742	-35.139702	-11.922268	-58.745715	43.358718	-2.335556
13.120000	84.797764	0.234044	3.875401	26.533423	11.231237	-2.332361	-43.851323	4.762517	-4.007856	3.596591	-11.957349	-20.268835	-2.048559	-2.915517	4.064970	1.426821	2.871094	-67.097542	-14.065211	-36.763600	-26.892333	16.967257	-66.539362	-16.521857	-26.530136	-4.109041	-5.033556
13.130000	114.935827	3.360762	6.344951	11.466878	-0.212804	16.712062	-41.946262	12.197503	-4.929069	3.163142	20.766595	-33.912264	-2.993544	12.482400	2.223380	-0.590009	3.996227	-58.122084	5.672296	-31.794646	49.243346	88.219292	-40.277503	-1.522743	-25.214736	-7.747478	48.847862
13.140000	136.854305	-11.692697	5.091977	7.873397	-12.712029	3.525051	-42.760521	-6.152545	-4.602073	2.461223	31.259283	-28.784923	-13.014158	5.657728	6.142676	-1.529446	4.215470	-52.203018	-5.358519	-6.628251	88.523483	90.177409	-34.734645	14.848224	-43.983328	5.742285	41.506778
13.150000	136.452913	-14.718528	5.528436	10.701960	-10.619314	-0.471921	-38.890269	-2.111939	-4.636532	2.126715	24.487397	-24.028894	-0.935116	3.131577	-3.693435	-1.540484	3.833262	-78.385752	0.225626	-32.121228	95.468250	95.141344	-42.046728	20.763009	-29.156271	9.955879	41.432045
13.160000	137.773809	-17.529550	1.715487	3.270015	-13.905126	1.806790	-36.198489	-1.333710	-4.399293	2.354343	19.275421	-14.709969	-2.861896	2.485924	-0.841848	-1.255967	3.943031	-77.925583	-5.718302	-23.195493	75.675112	99.854767	-43.406721	38.890800	-43.330260	9.865482	37.598193
13.170000	141.658125	-17.915758	1.680883	-1.516992	-14.416143	-0.910964	-28.500570	-0.218694	-4.494052	2.148918	14.523964	-7.090050	0.053046	3.640998	-2.402914	-1.419027	3.177921	-82.324658	18.097806	-36.931135	71.820979	92.402734	-44.391038	27.299213	-30.622838	12.571976	38.905799
13.180000	140.010786	-16.061070	-0.241395	-3.780533	-17.353870	0.109763	-21.882089	-1.136577	-3.485202	1.805861	16.419774	1.374174	-3.974181	4.542234	-1.141138	-1.204951	3.303048	-78.939482	4.621926	-26.275510	62.162612	90.920426	-50.847959	47.005509	-36.807869	20.515560	38.420912
13.190000	143.911648	-13.905201	0.887860	-3.795503	-16.437154	-4.043648	-9.461479	-0.092298	-2.967422	0.941124	16.647860	5.587169	0.540899	5.878164	-2.296989	-1.358941	2.598069	-79.017365	26.605078	-33.282664	65.271024	75.513281	-55.695561	32.144760	-20.096762	26.224999	43.087091
13.200000	142.909298	-10.298860	-1.062798	-3.028635	-16.417108	-0.719047	0.881325	-2.029346	-1.931524	0.102552	21.459155	9.316962	-3.700238	8.313501	-2.333171	-0.944278	2.841620	-72.863686	12.618575	-17.749383	53.837340	67.245550	-59.294638	48.249613	-17.788913	34.039727	44.095911
13.210000	145.264587	-10.264859	-0.387861	2.699997	-11.256882	-3.455884	6.828539	-1.308313	-1.670948	-0.737743	25.627451	10.236029	-1.616533	10.912993	-2.459617	-0.547495	2.159702	-72.747546	31.975236	-21.715298	51.177961	55.416245	-61.079083	31.656273	-3.058625	41.695936	47.501899
13.220000	141.666527	-10.002646	-0.710937	9.337494	-8.825804	-0.999360	4.601335	-3.071693	-1.006475	-1.655009	31.529713	12.540104	-5.670944	12.005270	-3.385191	0.077061	2.201568	-68.059001	22.895687	-5.480114	36.813672	48.029151	-61.121180	42.457126	-3.494448	47.042687	49.589418
13.230000	141.664915	-11.209185	1.911635	19.656574	-3.633921	-2.245218	5.867728	-0.868929	-0.678968	-2.320769	32.001771	11.190402	-2.603221	13.671245	-1.986779	0.463047	1.684874	-69.019407	34.312063	-9.603036	34.579606	40.816400	-59.462288	25.666073	6.641097	53.622200	50.603233
13.240000	137.265186	-10.699432	2.942722	25.717860	-3.096879	-1.128452	5.956502	-1.797983	-0.123006	-2.729716	31.161139	11.545721	-5.443423	11.054041	-1.370507	0.872606	1.809849	-65.155286	18.918270	6.016536	22.818330	36.507886	-59.678825	30.005671	2.996482	58.445898	49.279995
13.250000	137.162399	-9.862063	5.533992	29.340278	1.572917	-2.401647	7.206307	1.158332	-0.269402	-3.136925	25.112845	8.488963	-1.411436	8.653030	-0.050425	0.950302	1.060143	-63.623095	23.335035	-0.107446	25.063647	31.814259	-60.345700	12.218057	12.784972	64.955346	45.637183
13.260000	132.567539	-8.483498	5.255920	28.702164	1.750732	-2.373045	5.521783	-0.563187	-0.352141	-3.274057	20.110559	6.253744	-3.160374	3.203017	0.552272	1.262943	0.799063	-58.307158	7.618829	10.720223	23.006769	27.271457	-63.968742	15.646045	11.479109	70.161872	37.943237
13.270000	131.307888	-9.528459	6.124791	29.217234	4.995947	-3.643307	5.208367	2.045591	-0.724587	-3.460721	13.761871	0.936319	0.009564	3.169069	1.068893	1.357227	0.043201	-55.229778	15.792636	5.250888	34.584890	21.949461	-65.460762	0.682595	23.937580	76.910931	25.655672
13.280000	124.967766	-10.062599	3.719036	27.059080	2.780802	-3.901175	3.554366	0.068805	-0.763277	-3.247202	12.232875	-0.844473	-1.583324	0.468837	2.695499	1.708494	-0.225109	-51.960292	-2.472205	15.338786	39.249364	16.162386	-68.560644	8.091075	25.028323	82.013065	7.433580
13.290000	125.095196	-16.618689	3.862316	24.314735	3.055366	-1.988022	4.224846	3.978834	-0.980422	-3.441394	9.514598	-6.353308	1.812529	2.121951	1.479968	1.633101	-1.186088	-48.638829	2.811728	13.920789	56.538440	7.660764	-72.519822	-8.189191	35.144055	60.581906	5.083414
13.300000	121.574135	-18.163764	1.574168	21.045409	-0.157837	-1.491454	4.005534	2.761471	-0.497876	-3.112800	12.004372	-7.198547	-0.350594	-0.221061	2.630495	1.522278	-1.877365	-45.603476	-19.491810	21.463756	49.373893	7.937746	-76.346652	-2.557743	36.543623	45.208839	3.723960
13.310000	119.551544	-21.572578	1.382637	18.498100	0.719112	-1.672355	3.339296	3.572787	-0.021646	-3.299215	12.557388	-8.844990	0.080353	-0.162769	0.128390	1.221483	-2.961803	-39.882576	-9.544162	20.120971	44.937913	3.340969	-75.851922	-21.405772	45.795715	33.698961	0.271318
13.320000	108.456831	-21.041570	1.880082	17.619561	1.756155	-3.094749	0.626208	-0.844348	0.775437	-2.904834	16.568124	-5.680126	-3.952608	-0.699792	3.846651	1.433979	-2.995572	-36.671070	-13.980298	27.116109	27.460773	-0.029335	-78.886645	-12.928979	44.992675	50.676088	-33.861376
13.330000	101.842556	-24.489071	7.409856	16.764263	5.874870	-2.279591	1.327669	0.858431	0.854192	-3.148292	13.951843	-10.147101	-0.960709	0.328769	0.750405	1.882427	-3.083630	-30.869336	14.144315	23.249902	25.443797	-1.979369	-79.037272	-26.996144	53.098494	72.172469	-64.209253
13.340000	99.650631	-16.604176	4.414175	11.416360	2.400804	-0.619972	-1.157145	-1.567878	1.415367	-2.496805	11.814863	0.403916	-3.907386	4.150420	-0.476002	2.132859	-2.932679	-40.681138	3.739766	14.722477	52.320170	-19.445082	-77.744623	-13.214438	57.552114	87.562197	-77.317029
13.350000	101.332035	-16.763169	1.875204	12.161825	2.358508	0.117224	0.982003	-1.888166	1.592598	-2.260397	12.692148	1.413790	-0.211387	-1.022864	0.155381	2.320126	-3.432834	-39.809856	3.544489	17.558311	66.878901	-35.535980	-81.121898	-14.908491	42.736781	100.322664	-73.008552
13.360000	104.141788	-11.076869	-0.588595	12.079110	-0.130580	2.383348	-0.553618	-0.698190	2.005078	-1.379543	15.123856	0.020146	3.120795	0.816317	-0.746788	2.690051	-3.188828	-55.237797	-1.684855	4.506734	65.591960	-42.353615	-82.096663	-16.922823	46.183991	88.204157	-72.941542
13.370000	106.622715	-8.682553	-4.918949	10.644019	-1.580239	1.756318	-0.288569	-1.751797	2.294532	-0.139545	16.518999	1.214045	0.282125	-0.824549	-1.179944	3.007492	-2.373493	-65.582427	-11.359648	1.379906	42.131267	-47.283299	-70.515914	-13.502934	31.580731	74.762575	-71.103141
13.380000	105.276241	-22.785339	-1.560182	11.709280	2.174847	-0.189937	0.910203	-0.899259	2.309331	-0.442378	11.867078	-7.371577	1.062720	-0.904094	1.548891	3.324954	-2.633347	-58.258722	-4.910967	16.934816	38.871288	-53.104494	-79.966322	-23.341738	15.821156	68.665293	-62.107813
13.390000	107.266197	-17.536764	-1.141231	10.963631	-1.076611	0.623584	-1.292157	-1.267364	2.933030	-0.509811	10.971239	-6.276266	0.732228	6.121214	0.542591	3.643611	-2.626582	-65.331083	-7.566843	-1.189760	44.702969	-49.102101	-72.785008	-16.343530	31.805348	56.341244	-66.300288
13.400000	102.121115	-20.515420	-1.867243	13.533182	0.484529	-1.043390	3.383232	-0.421544	3.131328	-0.828010	10.894181	-6.128446	-1.609735	-1.495706	1.887805	3.906534	-2.691992	-59.802596	-2.316907	5.926963	32.022236	-57.701871	-75.048127	-13.013207	21.924421	43.227012	-73.796004
13.410000	95.766516	-6.922255	-5.607650	8.111099	-0.390664	1.663034	3.814754	0.237151	3.461316	-0.942043	9.848683	-6.033004	-0.036269	3.359258	-0.992899	3.977922	-2.153722	-72.706813	0.100337	-19.550684	19.442716	-69.165312	-62.227325	-3.957393	27.442105	20.489533	-96.449234
13.420000	89.945040	-3.162246	-5.137867	7.643926	2.898018	-0.712709	3.634710	-0.139614	3.194503	-2.076453	4.408789	-3.986123	1.177593	0.981328	3.663247	3.854676	-2.515370	-68.461124	13.179851	-18.935068	8.757918	-91.785394	-62.492855	8.274671	40.450644	5.694053	-113.969140
13.430000	84.646664	-4.265339	-1.952845	0.327357	2.258775	0.570538	3.640831	0.294567	2.711232	-2.995775	-3.590436	-5.349639	4.108038	0.488302	2.943897	3.799514	-2.557511	-60.766030	21.675213	-9.040404	-8.208901	-119.917862	-62.275277	18.530621	41.640991	-9.957357	-130.685717
13.440000	80.298338	-1.843883	1.637192	-8.320805	-0.860083	2.634711	0.862909	1.527921	2.407078	-3.776370	-8.399323	-3.295033	5.389981	1.980886	2.835682	3.567991	-2.282824	-56.880625	24.297458	-5.065608	-13.264860	-119.722717	-55.674264	24.617554	41.397625	-30.051506	-148.913294
13.450000	81.090040	3.264850	4.230023	-9.965952	-4.484303	5.726254	-0.176101	0.703736	2.024211	-4.651441	-11.203578	-2.826040	3.032170	3.504304	2.472335	2.610707	-2.489547	-38.347598	27.282551	9.113584	-30.050035	-85.379541	-48.232706	22.824249	50.964122	-54.446818	-150.862187
13.460000	85.491781	5.756775	4.740185	-4.662713	-5.602884	12.575272	0.075650	2.228114	2.572335	-5.282644	-7.527059	-3.614342	7.528509	3.466997	-0.051567	1.232828	-4.037406	-10.555541	19.295180	0.868968	-1.939286	5.448939	-47.807865	12.334608	43.926014	8.621234	-52.541547
13.470000	79.205456	7.075707	6.490890	2.037359	-1.741492	-2.107292	-2.574817	0.563182	3.389062	-3.811933	6.212668	6.212409	-0.359370	3.416175	-2.557160	0.939512	-5.072634	7.246364	8.309798	-17.616846	30.770107	28.647264	-45.072202	14.209404	43.920010	35.410278	-10.196781
13.480000	61.185913	5.994447	9.449999	24.154041	-5.655287	-9.240938	1.727242	-4.306429	3.476451	-1.970936	22.803554	15.171432	-6.172153	7.306017	-2.177881	0.656989	-3.890000	3.869446	1.090256	-37.833358	81.465429	-6.789697	-41.228759	18.097579	55.715297	46.254842	-14.417695
13.490000	49.251299	9.605585	10.388591	37.661716	-10.359246	-5.098811	4.701712	0.296195	3.026781	-0.685067	25.194688	11.264964	-4.985834	6.270670	-1.809542	1.108763	-2.209549	1.888958	8.411851	-33.716530	39.656085	8.402150	-31.595836	28.790117	66.714361	47.993168	-14.184281
13.500000	45.185165	9.432933	9.343620	30.621322	-1.505331	-5.120293	3.340367	-0.387232	2.627937	0.167180	19.154383	5.514911	-3.451243	6.869922	-0.150342	1.905093	-1.202898	-5.307427	21.490711	-23.850189	23.039782	8.063989	-30.037069	34.227716	70.592603	30.596725	8.195547
13.510000	45.440855	9.173875	6.639040	20.598875	0.301530	-3.807718	2.846852	-0.514729	2.112725	1.065426	11.785169	6.949638	-3.527446	3.977912	-1.809415	2.641903	-0.455905	-11.646502	18.388490	-18.583776	20.407145	6.782582	-26.933661	34.924811	71.207446	28.082688	22.376660
13.520000	43.520594	8.863519	2.630676	16.563989	0.450534	-4.113793	3.212563	0.080470	1.383557	1.738659	6.567189	10.057581	-3.793007	0.459795	-3.487056	3.510629	-0.261007	-16.621698	17.209084	-16.401130	16.668369	7.787814	-30.657133	22.707783	71.191111	35.316378	12.557259
13.530000	42.285461	5.810670	-2.163449	10.400759	5.286629	-2.563388	2.160444	-0.099780	1.128048	1.604283	0.295096	5.500534	-1.613844	0.665547	-0.697258	4.210274	-0.283088	-24.148144	17.200460	-14.021233	-5.099241	0.463668	-38.000390	15.043591	70.536089	9.239660	5.702555
13.540000	44.852877	1.247077	-6.818994	-0.527723	7.960169	-1.537857	2.419063	0.453684	1.241294	1.280817	-2.154687	-0.425138	0.966782	0.637984	1.030142	4.608569	-0.605746	-24.624005	15.346988	-13.993030	-18.704729	-3.698708	-36.820824	7.984410	72.553638	-9.934272	-1.116956
13.550000	40.936451	-5.180151	-10.299253	-6.206884	9.546418	0.877850	2.684522	1.161437	1.767650	1.006339	-0.864494	-5.477318	1.255811	-2.149590	2.171688	4.582345	-0.917377	-29.772944	1.867255	-8.870194	-13.998453	-4.817897	-37.714928	5.085556	72.897461	-4.996332	4.777368
13.560000	37.827594	-8.890777	-12.069128	-7.270744	10.497877	0.860544	2.741780	0.806994	2.049202	1.041624	3.402470	-6.614040	-0.611513	-4.149261	0.819138	4.414871	-1.494095	-26.029865	4.546947	-11.076297	-7.399137	-5.318414	-31.302592	-1.448016	75.437155	0.789510	0.228262
13.570000	29.553151	-14.722838	-9.729832	-7.124463	6.186370	2.382946	4.317309	3.013454	2.459957	0.495739	5.965006	-7.408425	-1.165134	-5.094247	2.696055	4.339188	-2.429243	-18.640536	11.664365	-17.547167	2.622391	-0.987625	-38.503655	-13.669131	65.994546	4.530922	3.091943
13.580000	24.159794	-19.884188	-6.683778	-5.901219	4.599151	-0.371366	0.834059	2.273099	2.617323	0.037331	8.825088	-5.816147	-3.828406	-1.843855	1.355223	4.057094	-2.502703	-7.471337	16.693393	-16.165941	8.035807	10.199727	-37.135246	-8.644090	49.888033	0.023921	1.110686
13.590000	21.176705	-24.896643	-8.767854	1.518093	-0.862494	-2.064253	-3.150060	0.918079	4.248959	-0.245979	12.182683	-2.631817	-6.198484	-0.635173	2.610495	3.056392	-1.472852	-18.624626	-16.504364	-10.889390	71.431495	5.355027	-36.287633	16.324363	30.877358	-1.385189	4.451375
13.600000	21.633477	-28.213677	-7.866414	5.678043	-4.717766	1.186013	-0.026895	2.314978	4.319315	-1.044065	11.468709	-3.724946	-0.499775	0.422379	1.425694	1.887937	-0.934240	-14.191297	-25.360220	-6.164305	108.466512	4.974152	-34.065838	18.587638	24.723776	-8.628251	11.766380
13.610000	20.815935	-21.074231	-6.789646	-0.734798	2.870245	4.664595	-6.196431	-1.547894	3.279004	-1.456173	8.715603	-1.021837	5.277895	12.988574	-3.579000	2.644601	-0.681610	-20.167170	-2.702034	-19.364329	145.049125	-4.391339	-34.194339	6.885461	33.711348	33.885238	9.109892
13.620000	17.405148	-21.813107	-9.221403	1.363274	0.415364	-0.951563	5.345088	0.222626	2.630366	-1.462150	19.799188	-0.863956	-2.431714	10.891953	5.523045	2.714502	-0.539305	-20.819756	-31.345004	-20.743369	79.823998	-48.499115	-40.693038	27.118540	28.295240	4.382303	1.808168
13.630000	28.002667	-17.196724	-0.512550	9.133874	-5.071167	-1.091634	1.418135	-0.302528	1.382678	-1.687813	15.219327	10.425564	0.514969	8.361809	-5.002732	2.398757	-1.211447	-17.250063	10.297523	-13.543393	49.677680	-89.852639	-40.612135	-16.175264	34.151986	-0.852978	-43.519273
13.640000	34.561059	-13.181810	-5.563840	10.181844	-10.025327	-0.335943	0.136559	-2.512779	0.477741	-2.152263	9.483557	11.033338	0.172366	4.696990	0.185362	2.360098	-0.984405	-27.623978	-12.025042	-14.984790	12.333190	-98.887488	-42.995718	-18.544588	31.931457	7.949768	-64.463094
13.650000	43.864937	-10.813904	-6.409684	9.404666	-6.908591	-2.500615	2.062771	1.175127	-0.472551	-2.030894	7.359500	8.529373	3.173162	2.674795	-2.123587	2.083033	-0.878416	-33.557942	-12.339837	-5.130926	-2.027553	-90.069562	-41.829077	-22.269937	38.632232	-17.650156	-75.163305
13.660000	50.111856	-14.245968	-4.523896	8.705394	-3.177431	0.583910	1.030984	0.304858	-1.142815	-2.181732	3.008966	5.553197	2.527957	1.631913	-0.951336	2.103415	-0.486492	-30.651918	-12.309918	9.386027	-5.176713	-70.328377	-46.308489	-28.009023	36.707389	-35.041751	-70.792526
13.670000	53.847466	-14.073439	-3.442895	6.730493	-2.784104	0.710153	1.299718	0.251376	-1.428535	-2.058469	2.246655	5.678114	1.917252	0.227052	-2.211428	2.379779	-0.295956	-24.476615	-11.772002	8.399213	1.977347	-46.307933	-46.719746	-32.787580	34.061256	-37.549344	-60.246896
13.680000	52.613120	-11.667728	-3.004411	7.443321	-1.890509	-1.052240	1.643444	-0.439260	-1.693629	-1.984757	3.398356	6.116704	1.291830	2.917045	-1.018299	2.809388	-0.321333	-13.656114	-11.716219	5.571626	6.618382	-33.053901	-46.896793	-34.115456	28.126024	-27.442078	-48.909001
13.690000	47.136641	-8.559994	-2.889114	9.602183	-0.559731	-2.064880	1.875814	-0.118342	-1.770978	-1.783739	5.753987	6.838821	0.209185	3.389414	-0.825329	3.095702	-0.151289	-5.711300	-13.701166	3.972187	11.992890	-26.449269	-48.103834	-32.527247	21.745697	-17.037016	-45.476895
13.700000	41.433172	-4.725254	-2.087285	11.372294	0.575343	-2.514420	2.519582	0.044194	-1.854369	-1.579802	6.606834	7.493305	-0.089646	3.082934	-0.736722	3.184904	0.106754	1.546520	-11.051597	2.758912	15.905508	-24.306105	-48.439138	-30.624339	16.010426	-13.907044	-49.649272
13.710000	35.693417	-1.107419	-1.492972	11.312015	1.285674	-1.854513	3.363241	0.619650	-1.944240	-1.253544	5.274379	6.766799	-0.244896	2.108684	-0.349659	3.200492	0.461281	6.467138	-9.540454	0.793439	20.352513	-20.369006	-52.177509	-28.055365	8.191463	-11.058484	-54.039381
13.720000	32.950261	1.421977	-1.183021	10.080714	1.241314	-2.121371	3.449752	0.646881	-2.192247	-0.935834	3.828696	5.242784	0.129432	1.852229	-0.524897	3.164203	0.612175	10.298566	-4.077728	-2.171828	22.214585	-20.718878	-55.845377	-25.260276	-0.046696	-11.280875	-60.403291
13.730000	32.166731	2.142544	-1.976412	8.593614	0.204917	-1.305400	2.011995	0.713428	-2.343561	-0.606425	2.990028	2.960458	-0.520629	1.710018	-0.429938	3.048751	0.489722	10.610611	0.140792	-7.578196	23.152645	-20.857653	-60.074232	-23.861646	-3.457223	-9.018099	-64.722762
13.740000	33.325388	1.597005	-3.253001	5.980715	-1.196109	-0.883387	1.522282	0.486712	-2.473735	-0.292260	3.740389	0.180318	-0.902807	3.014503	-0.747395	2.730878	0.188695	9.492246	5.673764	-10.839597	22.041435	-21.652495	-62.154154	-22.986904	-4.336675	-9.213102	-69.675803
13.750000	34.481924	-0.234531	-4.547446	4.275643	-2.079420	-0.285616	1.234502	0.060268	-2.369792	0.094570	5.644972	-2.725161	-2.181544	3.352558	-0.558238	2.347705	-0.113484	6.955354	10.910299	-12.286076	19.990005	-20.040717	-64.828608	-23.229501	-5.790953	-13.236071	-75.955942
13.760000	35.698035	-1.996490	-5.377579	4.264912	-2.771493	-0.439089	0.924414	-0.660888	-2.154690	0.498451	7.186295	-5.032090	-3.145615	2.952633	-0.664301	1.967667	-0.510496	6.276036	17.351707	-13.462274	16.626316	-17.951271	-66.148135	-24.569983	-7.733415	-20.014112	-82.289018
13.770000	35.757742	-3.227942	-5.778738	5.480629	-3.484558	-0.885944	0.527387	-0.911767	-1.775876	0.886733	7.286183	-6.844719	-3.103329	2.177038	-0.864280	1.698288	-0.957114	7.383980	21.189010	-14.148334	16.265148	-13.333974	-67.799593	-26.386972	-10.136458	-24.717660	-85.840426
13.780000	34.677966	-3.489161	-5.628239	6.591845	-4.442475	-1.749009	0.018358	-1.248908	-1.305205	1.205804	5.878380	-7.399739	-2.767208	1.457204	-0.582018	1.441881	-1.488351	9.419161	21.940549	-15.831510	17.025574	-8.401079	-69.231666	-29.257109	-11.668826	-28.292495	-87.360427
13.790000	33.372712	-2.999698	-4.761080	6.970575	-5.585669	-2.282197	0.099467	-1.185042	-0.806569	1.502636	4.009134	-7.584137	-2.088487	1.241711	-0.547875	1.137929	-1.983255	11.683809	19.328119	-16.353709	18.844253	-3.093162	-69.936229	-32.422474	-13.272588	-30.689134	-85.702188
13.800000	32.136686	-2.054772	-3.506830	7.510833	-6.432527	-2.737890	0.331912	-0.783672	-0.298272	1.939537	2.500772	-7.759321	-1.583318	0.586264	-0.060104	0.854700	-2.554275	12.026954	13.421830	-17.539151	22.365117	2.225736	-71.330323	-35.524947	-14.743907	-33.248310	-82.690284
13.810000	31.859975	1.483066	-3.802700	5.068171	-6.120698	-2.555915	0.344706	-1.100062	-0.096652	2.591088	1.386246	-5.681944	-1.154700	-1.069326	0.478005	0.618778	-2.901498	8.369575	5.040329	-21.850030	29.091563	7.752584	-70.041559	-35.230986	-22.824705	-39.574112	-81.913292
13.820000	34.548795	7.590867	-5.286356	3.820271	-6.404043	-1.421701	-0.037585	-1.037533	-0.163756	3.288144	-1.544215	-3.607423	0.658882	-0.926850	0.368122	0.227036	-3.164142	0.099180	1.082253	-25.566553	24.742976	11.695502	-65.053222	-39.149396	-28.209427	-29.125111	-72.500058
13.830000	36.321456	13.737135	-8.505103	1.733769	-5.724401	-2.426841	0.141888	-1.544823	-0.322007	3.941976	-3.312211	-1.887749	1.122427	-1.488223	0.333507	-0.186805	-3.428652	-11.710976	-9.367725	-30.808380	12.987873	4.524754	-60.210509	-38.737267	-30.914220	-21.765326	-72.140940
13.840000	38.494053	21.584742	-11.560372	0.541829	-4.339600	-3.124713	2.115334	-1.443905	-0.895638	4.764559	-2.512759	0.306136	0.785349	0.067422	0.856738	-0.610433	-3.291602	-26.576821	-8.469419	-36.797145	1.381695	-3.825245	-53.143303	-43.562812	-32.384294	-17.637523	-75.279385
13.850000	41.267395	27.137909	-13.195902	-1.534755	-1.525200	-2.822377	4.839371	-1.147612	-1.512246	5.797276	-0.283832	1.384746	0.569124	2.748577	-0.152645	-0.970051	-2.694223	-42.175523	-13.517533	-42.489029	-9.708300	-9.883894	-44.547701	-42.662164	-35.956661	-9.948501	-75.908855
13.860000	45.216208	23.148057	-9.140312	-2.144940	2.198172	-0.686959	6.207997	-1.296381	-1.773323	6.886463	7.056922	0.318870	-0.950665	3.824116	-1.941109	-1.141996	-2.114598	-52.633949	-8.881117	-47.766423	-29.882808	-14.406784	-38.582981	-40.777762	-44.824903	-11.033106	-75.811967
13.870000	48.354845	22.083361	-8.782572	-3.569048	7.243377	-0.710490	2.495436	-0.488202	-2.016468	7.242814	9.004325	1.080549	-2.375337	1.745993	-0.467427	-1.281371	-1.852079	-62.137201	-0.822466	-38.253602	-25.081287	-1.777651	-30.961473	-43.080284	-41.451117	-10.595097	-68.155870
13.880000	48.105021	18.785599	-5.348635	-0.036180	5.648769	0.132084	5.617722	1.506364	-1.733882	8.111839	4.857924	4.708493	1.966755	-1.164008	1.530660	-0.909495	-2.273497	-59.181948	-42.666216	-55.607861	-31.051116	-31.134779	-29.549410	-22.674903	-50.179280	-2.666751	-69.009736
13.890000	51.553550	17.233185	7.983338	7.932656	3.216576	4.703678	5.476957	2.906968	-1.472084	8.663455	1.427731	8.909072	2.240095	-2.612334	2.248072	-1.511855	-1.930030	-55.366747	-49.790284	-48.698835	-16.017459	-35.493042	-35.958901	-55.699670	-62.054068	-0.081249	-56.703787
13.900000	58.077354	7.532831	16.038600	11.744232	5.159250	1.457859	5.321048	-1.413358	-0.945176	8.883078	2.056958	-0.224912	-0.264980	-1.390776	0.539546	-1.825163	-1.358379	-48.156507	-76.902549	-57.771841	-18.226267	-47.637179	-38.895624	-50.514582	-57.413980	-10.099286	-58.735676
13.910000	60.456791	3.597979	23.100305	16.038347	4.960812	0.408994	7.997474	1.036244	-0.745376	9.301385	3.878040	-1.568470	-0.294739	-0.058194	0.391198	-2.050122	-0.983163	-49.397360	-77.413761	-53.448737	-19.382595	-64.571835	-53.518524	-67.262853	-56.850234	-15.771939	-57.399586
13.920000	65.573196	3.140836	21.798310	14.108063	4.284449	-1.118214	4.039551	0.058664	-0.705037	9.265211	8.077491	-2.784190	-0.355128	2.941471	1.553376	-2.208712	-0.089717	-50.461588	-92.975262	-57.913600	-22.383146	-77.747203	-52.905663	-67.789601	-49.133044	-13.585147	-61.617881
13.930000	68.825932	8.008963	17.199561	11.314344	3.741439	-0.533104	5.377633	1.485988	-0.588260	9.431667	11.989156	-0.403647	0.230636	5.572555	1.220745	-1.978486	0.980261	-57.505973	-96.061145	-58.287174	-26.995566	-86.344920	-52.706869	-65.560045	-46.644196	-17.927112	-63.748330
13.940000	72.569017	7.293466	18.839788	9.561213	7.290551	3.498345	1.446982	0.193768	1.345412	8.978563	12.648338	-4.664198	-0.010599	8.235985	2.597728	-1.048174	3.436423	-51.580711	-63.947454	-49.478446	18.058048	-52.794237	-51.093951	-56.874101	-71.565691	-15.895486	-71.171910
13.950000	71.528959	3.910641	10.620288	4.777754	7.473268	-1.136028	-0.526252	1.159270	1.832659	8.574358	13.141682	-4.925320	-2.481750	5.582144	0.336106	-1.204468	4.980904	-53.193006	-78.627261	-62.325114	63.796368	-24.606425	-39.794325	-24.164121	-75.383431	1.379619	-71.271859
13.960000	64.818048	5.895164	9.724953	3.534329	1.882902	-2.205803	1.644179	2.061742	1.804929	8.764288	10.326138	0.126943	-2.375718	4.495738	0.434042	-0.685037	5.313587	-57.613836	-52.008605	-70.528843	90.567675	-39.275426	-28.405030	-38.373799	-71.152908	8.926409	-74.409522
13.970000	55.816984	0.039961	10.784676	2.289653	0.654514	-0.946252	2.510858	-0.374739	1.634955	8.433244	7.085895	-3.634720	-0.474578	7.341651	0.950299	-1.205702	6.150873	-57.070268	-68.040761	-76.493204	116.057503	-44.483744	-18.379365	-19.391355	-69.393799	16.484302	-78.474432
13.980000	55.272093	-4.205903	9.835176	-2.303114	-3.765188	0.112860	-2.077530	-3.271934	1.281407	7.163737	1.609368	-1.403849	-0.367172	2.285261	-3.901759	-1.034897	6.343318	-55.009782	-68.874196	-87.113839	133.287996	-39.456975	-17.394438	-4.624468	-71.044806	75.300926	-54.568201
13.990000	56.416759	-5.240164	8.820193	0.092853	-7.739435	-0.442578	0.515780	-0.092242	0.664686	6.037146	-1.685586	-0.536813	0.774047	1.945826	0.975254	-0.738367	6.203483	-52.512223	-51.094721	-89.682046	149.580592	-35.626885	-11.807672	-8.185772	-69.937339	103.808284	-31.345382
14.000000	54.420080	-8.274578	7.787051	4.757551	-4.461804	-0.035458	2.365313	-0.537049	0.405369	5.021072	-1.509620	-3.112144	-0.713098	3.447795	-0.855074	-1.173239	6.419666	-50.745969	-43.949657	-94.179851	161.267835	-33.263780	-8.457453	-5.101788	-67.769140	114.051640	-20.336367
14.010000	51.705809	-12.032497	5.884095	5.600492	-1.383914	-1.581128	3.515126	0.491885	0.265151	4.247906	-0.670066	-4.342803	-0.416444	0.955205	0.799074	-1.673917	6.544710	-49.244872	-39.797423	-98.408586	169.823259	-31.388454	-4.823202	0.616717	-63.760073	117.679238	-13.406806
14.020000	48.608837	-15.385776	3.985561	5.178502	1.261811	-1.757265	3.423972	0.186478	0.081629	3.770813	0.224084	-4.276923	0.073753	-0.067995	-0.056628	-2.107415	6.497668	-48.254531	-33.741464	-103.225279	178.411299	-29.268727	-1.661937	5.659285	-57.968616	119.240928	-8.296495
14.030000	45.153046	-18.408556	2.258317	4.272815	2.740631	-1.577016	3.655754	0.801407	-0.209679	3.500930	1.221914	-3.778958	0.273281	-0.103492	0.563964	-2.481641	6.223150	-46.523239	-28.468797	-107.908139	187.093145	-26.651729	1.567110	9.820649	-52.068812	119.906902	-3.476247
14.040000	41.013956	-21.161916	0.767383	3.228707	3.449673	-1.510807	2.939857	0.748059	-0.582302	3.268015	2.427369	-3.360765	0.006496	0.005728	0.707404	-2.836508	5.735657	-44.766492	-25.240943	-112.308231	195.049614	-24.003884	4.389839	14.102851	-47.307739	118.174982	0.670180
14.050000	36.722302	-22.664752	-1.108726	1.800017	2.612971	-1.375212	1.873051	1.079942	-1.067472	3.004699	3.850000	-2.927779	-0.055911	0.175714	1.375541	-3.026471	4.967823	-43.205260	-20.438571	-116.131407	202.394897	-21.474184	8.370668	15.563460	-43.592656	114.142692	5.159959
14.060000	32.540896	-22.151453	-3.078210	0.907332	0.677223	-0.693840	0.921034	1.292946	-1.601627	2.684929	5.005771	-2.444647	-0.321673	1.724550	1.559756	-3.007788	4.050573	-42.535811	-7.915306	-119.711396	206.345057	-22.520022	13.440620	15.441422	-41.065152	106.965208	10.381730
14.070000	27.316771	-22.023745	-3.969679	0.748670	-1.602134	-0.700528	0.028325	1.046404	-2.109922	2.359650	5.980296	-2.322387	-0.937590	2.254733	1.843794	-2.952803	3.055304	-41.923548	0.374155	-119.628149	209.020132	-25.794959	17.215365	14.101192	-41.440250	98.126078	12.990862
14.080000	23.006992	-22.236869	-4.591454	1.748586	-3.844098	-0.979089	-0.643628	0.895571	-2.532386	1.983828	7.316807	-2.672901	-0.701490	2.362467	2.057065	-2.844872	2.176398	-40.903851	5.660678	-116.322765	212.137252	-29.009005	22.016831	13.060409	-43.339701	90.254831	14.416525
14.090000	19.289379	-22.439799	-5.399578	3.557751	-5.142103	-1.429182	-0.730496	0.819973	-2.855553	1.581286	8.529859	-3.370689	-0.877086	2.566499	2.037267	-2.695997	1.516194	-41.442349	8.043367	-112.111714	212.923247	-31.862739	26.272130	12.589917	-45.538044	84.069791	15.319325
14.100000	16.804496	-22.115870	-6.423570	5.352395	-5.792267	-1.744363	-0.067981	0.719240	-3.132612	1.188967	9.979852	-3.856710	-0.672951	2.378023	1.732914	-2.463216	1.131565	-42.457617	9.348662	-108.178237	211.893743	-33.491474	30.999493	12.519414	-47.356738	80.572629	16.805418
14.110000	15.253282	-21.093240	-7.420669	7.019417	-5.604553	-1.632081	0.974702	0.658295	-3.424718	0.865714	11.622622	-3.984887	-0.523236	2.374666	1.220403	-2.148536	0.958086	-44.367848	10.162043	-105.807781	208.482850	-34.373429	35.342663	12.236994	-48.816995	79.107499	18.319331
14.120000	14.765772	-19.729626	-8.005915	8.160409	-4.529692	-1.043271	1.900996	0.681461	-3.698006	0.638438	12.927325	-3.542602	-0.416632	2.312384	0.526366	-1.747540	0.914126	-46.805628	10.582368	-104.946354	203.414494	-34.264669	38.730035	11.764154	-50.206549	79.376400	19.718297
14.130000	15.591691	-18.297099	-7.889416	9.334737	-3.163543	-0.317493	2.708129	0.670899	-3.882042	0.511615	13.485371	-2.490536	-0.063052	2.398081	-0.117202	-1.276689	0.900314	-48.916940	10.760746	-105.229247	197.187030	-33.280037	41.052901	10.828942	-51.767515	80.541372	20.415485
14.140000	17.073089	-17.347178	-6.980081	10.549029	-1.473149	0.323876	3.495003	0.643981	-3.884300	0.475502	13.015982	-1.145438	0.315644	2.502771	-0.510733	-0.780418	0.869437	-50.969005	8.846913	-106.446916	189.931351	-31.362765	41.213617	9.398253	-53.565520	82.094041	20.270128
14.150000	19.139156	-16.847020	-5.404912	11.915401	-0.037455	0.568486	4.315327	0.422795	-3.679761	0.465051	11.996891	0.314972	0.918132	2.622550	-0.634639	-0.301858	0.828764	-51.801587	5.159960	-108.025369	182.681000	-28.573012	40.519172	7.154920	-55.343467	84.316081	19.737728
14.160000	20.822771	-16.561904	-3.457548	13.419215	1.227303	0.496944	4.957165	0.075053	-3.296212	0.437305	11.058574	1.285825	1.119545	3.206044	-0.463556	0.113053	0.787905	-52.048792	-1.253190	-110.055095	175.272346	-26.051054	38.787823	3.771325	-57.000607	86.713421	18.557638
14.170000	22.132821	-16.179018	-1.455307	14.161955	2.018108	0.221803	5.036608	-0.153187	-2.791905	0.325308	10.554838	1.524826	1.243851	3.548772	-0.083662	0.455360	0.771209	-51.359846	-9.650489	-112.163794	168.725467	-23.851683	37.058059	-0.470619	-58.434659	89.460379	17.181173
14.180000	22.718112	-15.548658	0.354908	14.520404	2.358028	-0.151126	4.599120	-0.347780	-2.241577	0.165177	10.552563	0.939079	0.537589	4.007787	0.192014	0.700014	0.756316	-50.235864	-19.711262	-114.036369	162.413460	-22.825165	35.193257	-4.892719	-59.713353	92.087513	15.408807
14.190000	22.720580	-14.517131	1.673412	13.938922	1.976078	-0.285526	3.900707	-0.069607	-1.706898	-0.020908	10.706586	-0.045464	0.059040	3.934619	0.529025	0.821943	0.739940	-48.519091	-29.994940	-115.542126	157.646030	-21.816032	34.036149	-8.844551	-60.860074	94.884557	14.373338
14.200000	21.883869	-12.948110	2.370296	12.905054	1.208527	-0.398939	3.420171	0.180311	-1.261168	-0.138426	10.710660	-0.974188	-0.655801	3.801189	0.621953	0.809570	0.673356	-46.910151	-39.434827	-116.999951	153.364974	-21.465039	33.541518	-12.622459	-61.526209	97.750622	14.138497
14.210000	20.441961	-10.870101	2.564592	11.422730	0.263096	-0.532545	3.352121	0.475376	-0.970953	-0.128721	10.531509	-1.421583	-0.978239	3.477077	0.748087	0.682030	0.555246	-45.338994	-47.347223	-118.766400	149.568397	-21.773370	33.948349	-16.739454	-61.611879	101.048782	14.903199
14.220000	18.432846	-8.442073	2.464360	9.942188	-0.293569	-0.491394	3.321079	0.751925	-0.859959	0.009560	10.137595	-1.579890	-1.256399	3.093729	0.586422	0.502098	0.395690	-44.227018	-53.352325	-120.919257	145.557564	-23.106109	35.082976	-21.979190	-60.941952	105.269533	16.540051
14.230000	16.215478	-6.225042	2.418509	8.757493	-0.415089	-0.507756	3.345226	0.818132	-0.902144	0.246381	9.593997	-1.892699	-1.533991	2.752857	0.453348	0.342736	0.221485	-43.207636	-57.991246	-122.788230	141.001296	-26.103811	36.730213	-28.324663	-59.889074	110.156411	18.224090
14.240000	14.196005	-4.297149	2.108086	7.559720	-0.266521	-0.558070	3.374882	0.725296	-1.027564	0.518091	8.931411	-2.391710	-1.271347	2.413833	0.446439	0.238760	0.012032	-42.720570	-61.636746	-124.562681	135.803658	-30.301940	37.619502	-35.108992	-58.504124	114.385790	19.187182
14.250000	12.913872	-3.185763	1.638321	6.329446	0.163839	-0.573261	3.383758	0.551905	-1.182318	0.771551	7.864606	-2.873539	-1.118307	1.988158	0.326064	0.198721	-0.227136	-42.045667	-64.806873	-125.792652	130.585384	-34.690537	37.639069	-40.971747	-57.034314	117.570913	19.572765
14.260000	12.248170	-2.963796	1.065766	5.171685	0.659777	-0.528464	3.300776	0.336656	-1.312139	0.978055	6.429866	-3.139864	-0.978124	1.494227	0.177096	0.199804	-0.492301	-41.262705	-67.677589	-126.553783	125.285912	-38.869057	36.631976	-45.602218	-55.755302	119.322002	19.281432
14.270000	11.846403	-3.479612	0.383736	4.099431	1.008625	-0.499915	3.116939	0.030544	-1.387143	1.112423	4.685671	-3.044863	-0.691060	0.923007	0.039777	0.227677	-0.796100	-40.371089	-70.240547	-126.868629	119.852096	-41.801110	34.797866	-49.054076	-54.706858	119.766533	18.615395
14.280000	11.618855	-4.907071	0.047207	3.137801	1.257269	-0.484095	3.006685	-0.378146	-1.405647	1.174139	2.589995	-2.611207	-0.291810	0.419879	-0.175036	0.281549	-1.130649	-38.559558	-72.736880	-126.377982	114.719170	-43.088075	32.834734	-51.729887	-54.510190	119.610447	17.676577
14.290000	11.105170	-6.579175	-0.244994	2.447734	1.368911	-0.424888	2.833711	-0.761348	-1.383793	1.197643	0.615390	-1.971178	0.143962	0.278450	-0.263268	0.370785	-1.463933	-36.991257	-75.412719	-125.805044	109.677976	-42.583153	30.280223	-54.254711	-54.636218	119.179845	16.467359
14.300000	10.729785	-8.597344	-0.307320	2.100440	1.443143	-0.206725	2.712754	-1.010951	-1.398561	1.210169	-0.796504	-1.346713	0.645283	0.152301	-0.267003	0.519315	-1.790755	-34.742812	-78.227381	-124.801236	106.011379	-40.141381	28.217115	-56.322453	-55.535151	119.301456	15.548415
14.310000	10.120039	-10.997214	-0.339578	2.544355	1.723728	0.165442	2.486207	-0.902113	-1.547664	1.196137	-1.243420	-1.067881	0.881141	0.270841	-0.209166	0.710792	-2.255848	-32.504622	-80.944832	-123.721066	104.491121	-37.232492	26.258578	-58.273811	-57.038757	119.944596	14.803886
14.320000	9.975119	-12.948347	-0.377605	3.022737	1.332964	0.581979	2.471599	-0.748320	-1.867207	1.154183	-0.612091	-1.269796	0.936199	0.980325	-0.093387	0.928390	-2.730755	-30.761873	-82.672886	-122.841525	103.334865	-35.078149	24.960684	-60.509140	-58.647501	120.355815	14.911115
14.330000	10.288205	-14.798048	-0.387857	3.864937	0.666220	0.931868	2.247881	-0.433869	-2.370750	1.101108	1.071283	-1.704044	0.626188	1.711424	0.012661	1.161794	-3.168897	-29.498689	-83.961856	-121.719709	102.518249	-34.326132	23.944261	-62.397812	-60.507309	119.922280	15.428416
14.340000	10.860310	-16.381270	-0.614186	4.568989	-0.163051	1.035827	1.842990	-0.211990	-3.001257	1.013805	3.043661	-2.182335	0.199492	2.145972	0.143995	1.389604	-3.552407	-28.953335	-84.491991	-120.354018	101.456505	-34.988772	22.980284	-64.216155	-61.935215	117.849165	15.953623
14.350000	11.715527	-17.685447	-0.969977	4.888110	-1.054230	0.796542	1.477357	-0.100111	-3.664145	0.884108	4.507780	-2.485373	-0.087707	2.423182	0.284122	1.592139	-3.859214	-28.656008	-84.333375	-118.737021	100.254580	-36.557328	22.110165	-65.646065	-62.934306	114.485139	16.261898
14.360000	12.594616	-18.732661	-1.374204	4.804335	-1.672753	0.336991	1.273312	-0.072928	-4.257644	0.736312	5.144221	-2.325914	-0.294378	2.495192	0.355316	1.745360	-4.070395	-28.616425	-83.794221	-117.075858	98.994076	-38.366850	20.920181	-66.472002	-63.483748	110.541058	16.111277
14.370000	13.564522	-19.797006	-1.626307	4.184086	-1.763641	0.009255	1.249196	-0.150273	-4.725170	0.605754	5.043816	-1.859558	-0.279711	2.329059	0.230929	1.848783	-4.165516	-28.525045	-82.983397	-115.421900	98.556232	-39.732110	19.657932	-66.456617	-63.845506	106.743068	15.493743
14.380000	14.483073	-20.893424	-1.809058	3.614458	-1.437227	-0.202410	1.327394	-0.237263	-5.047210	0.515301	4.620196	-1.112598	-0.300055	2.270309	0.043433	1.907588	-4.162823	-28.457306	-81.684523	-114.189944	99.160749	-40.700413	18.185608	-65.564408	-64.040592	103.189802	14.313154
14.390000	15.456185	-22.225437	-1.811455	2.983382	-0.845102	-0.139147	1.477605	-0.356285	-5.243413	0.469384	4.102613	-0.533570	-0.198558	2.094451	-0.245925	1.930628	-4.082190	-28.093686	-80.133092	-113.179421	101.285273	-40.971022	16.484476	-63.496998	-64.410245	99.803871	12.901817
14.400000	16.366061	-23.589070	-1.711824	2.616083	-0.282397	-0.082540	1.558583	-0.407017	-5.361500	0.445211	3.640851	-0.211292	-0.251155	2.023683	-0.370499	1.927315	-3.975323	-27.294612	-78.212621	-112.304011	104.351297	-40.766072	14.272766	-60.471271	-65.072170	96.328729	11.302028
14.410000	17.230091	-24.727654	-1.744902	2.306039	0.106168	-0.108389	1.605591	-0.395493	-5.442372	0.407812	3.291325	-0.349319	-0.347442	1.936797	-0.296561	1.887747	-3.885439	-26.011168	-76.439930	-111.623767	107.788628	-39.569210	11.826821	-56.396082	-65.966007	92.899686	9.934893
14.420000	17.888992	-25.422513	-1.696034	1.920590	0.315602	-0.210888	1.489410	-0.318039	-5.512820	0.330036	2.895329	-0.744218	-0.542217	1.800189	-0.176081	1.802694	-3.845886	-24.127495	-74.606277	-110.734659	110.712111	-37.760038	9.048592	-52.081552	-67.365034	90.039092	8.718638
14.430000	18.275470	-25.399821	-1.560314	1.400283	0.323948	-0.422508	1.231869	-0.200680	-5.565856	0.196449	2.407233	-1.197673	-0.864611	1.738755	0.062622	1.664523	-3.861901	-21.859330	-72.715075	-109.657368	112.134907	-35.514612	6.064772	-47.657872	-69.106606	88.056904	7.969165
14.440000	18.590002	-24.821398	-1.221881	0.537757	0.274204	-0.522442	0.879794	-0.128982	-5.544732	0.028061	1.767639	-1.686811	-0.951722	1.543859	0.087235	1.476159	-3.906925	-19.223997	-70.842455	-108.258247	112.259638	-32.910272	3.313536	-43.347073	-71.445818	87.517190	7.299995
14.450000	18.781263	-23.819599	-0.794921	-0.359010	0.293846	-0.626704	0.493806	-0.085730	-5.400744	-0.148141	0.928468	-2.162232	-1.109288	1.400484	0.067415	1.248825	-3.954272	-16.736439	-69.562592	-106.651747	110.689580	-30.337097	0.553363	-38.926857	-74.071661	88.231337	6.514972
14.460000	19.111493	-22.545903	-0.378367	-1.252247	0.312565	-0.731045	0.073968	-0.141498	-5.110534	-0.302530	0.063166	-2.701962	-1.203428	1.160147	-0.071784	0.991200	-3.985517	-14.380195	-68.407581	-104.870492	107.636458	-28.079081	-1.792691	-34.138225	-76.747540	90.205336	5.687146
14.470000	19.680054	-20.561500	-0.628354	-2.251966	0.198797	-0.880147	-0.545519	-0.262448	-4.710047	-0.416186	-0.742935	-3.269564	-1.158910	0.825417	-0.254340	0.743250	-4.028720	-12.834046	-65.453142	-103.587055	102.368850	-27.106086	-2.826897	-31.611219	-78.485888	93.096167	3.055099
14.480000	20.054796	-18.677385	-0.807619	-3.025725	0.164734	-1.088270	-0.869342	-0.522089	-4.198802	-0.479134	-1.466401	-4.080499	-1.465831	0.802601	-0.444909	0.538488	-4.029972	-12.235679	-63.832556	-101.818889	95.166475	-26.398527	-4.970435	-27.837993	-79.580042	96.458352	0.919856
14.490000	20.853462	-17.326310	-0.647326	-3.836851	0.276214	-1.113543	-1.311820	-0.721337	-3.696284	-0.504643	-1.746236	-4.933633	-1.087194	0.355866	-0.535021	0.381156	-4.001467	-10.365452	-61.169571	-98.684263	88.172865	-25.240285	-6.765200	-22.988482	-80.720848	100.106764	0.003852
14.500000	21.490533	-16.411965	-0.448563	-3.342843	0.569382	-1.086495	-1.120060	-0.766522	-3.275307	-0.515673	-1.531216	-5.362502	-1.093326	0.252293	-0.447074	0.246204	-3.954039	-8.658901	-58.203226	-95.211187	80.999154	-24.416789	-9.251528	-18.429569	-81.399205	103.291816	-1.222730
14.510000	22.450361	-15.951726	-0.303477	-1.334135	0.859120	-0.805255	-0.229068	-0.532554	-2.982396	-0.537672	-0.447618	-5.139999	-0.964817	0.175884	-0.179477	0.104588	-3.872380	-7.085724	-55.129293	-92.561683	75.996137	-22.809792	-11.197654	-14.791033	-81.942219	104.919630	-3.217524
14.520000	23.646221	-15.882268	-0.085210	1.978826	1.174761	-0.273885	1.332209	-0.071292	-2.819050	-0.564846	1.084894	-4.129530	-0.866574	0.205286	0.092816	-0.048090	-3.742982	-6.027768	-53.509760	-91.613978	73.826726	-20.456351	-12.409576	-12.753701	-82.986304	104.120314	-6.662881
14.530000	25.086696	-15.894413	0.251783	6.179160	1.401458	0.238985	3.204361	0.580366	-2.798630	-0.554204	2.900440	-2.428172	-0.919116	0.591513	0.311593	-0.222572	-3.552949	-6.459687	-53.476365	-92.956039	74.816121	-18.010745	-13.012019	-13.545943	-84.597838	100.378838	-11.990739
14.540000	27.137089	-15.765125	0.714089	9.554022	1.313594	0.546541	4.756511	0.829729	-2.933421	-0.480908	4.662473	-0.633066	-0.429926	1.279130	0.426166	-0.359440	-3.290034	-7.778976	-53.139646	-96.245331	79.292089	-16.308319	-12.251498	-17.485885	-86.839861	93.962789	-18.269138
14.550000	29.110856	-15.699511	1.331290	11.235049	1.405591	0.518217	5.691076	0.962667	-3.147649	-0.326172	6.056929	0.650558	-0.113429	2.143104	0.362556	-0.442534	-2.953700	-10.372075	-52.807109	-100.467584	86.448330	-15.745165	-11.763221	-24.201942	-89.277667	85.133296	-25.016690
14.560000	30.995941	-15.728977	1.843033	10.086006	1.726424	0.360700	5.377498	0.790515	-3.357796	-0.143402	6.559120	0.862172	0.347545	2.440490	0.163227	-0.461384	-2.573994	-12.573694	-51.604026	-104.385120	95.692018	-15.535982	-10.719695	-31.393165	-91.306481	75.045338	-30.421712
14.570000	31.742167	-15.830262	1.779773	7.337546	2.007655	0.343364	4.382052	0.638158	-3.480647	0.026438	6.104814	0.193802	0.167652	2.413916	0.224134	-0.504182	-2.223840	-14.637148	-51.474782	-107.762682	104.718983	-15.278181	-10.515527	-36.665521	-92.483827	64.679834	-35.017204
14.580000	32.014318	-15.433735	1.250214	4.110054	1.821646	0.393843	2.895765	0.518008	-3.595196	0.126978	4.790245	-1.041346	0.366568	1.434710	0.151601	-0.626253	-2.032298	-14.647776	-50.392232	-109.979028	113.368374	-14.508145	-9.552267	-40.943892	-93.155363	55.585290	-38.150996
14.590000	30.632417	-14.928963	0.351644	2.054854	1.468380	0.181010	1.924070	0.473676	-3.714270	0.167240	3.140703	-2.484697	-0.652237	0.974406	0.067681	-0.778997	-1.978106	-14.964792	-51.131646	-111.309448	119.896263	-13.016550	-10.566887	-43.420786	-94.016191	47.914508	-40.655963
14.600000	29.761212	-14.064665	-0.656510	0.068815	0.828389	-0.332993	0.829006	0.481416	-3.947233	0.138269	1.433676	-3.866154	-0.516768	-0.108268	0.008818	-0.927932	-2.073917	-13.442743	-49.453308	-111.642480	126.362175	-10.207551	-9.936558	-45.415072	-94.817787	43.409215	-41.150678
14.610000	27.778215	-13.638043	-1.689586	-0.894626	0.369971	-0.377770	0.681059	0.461411	-4.183395	0.073013	-0.196725	-4.804743	-0.958986	-0.478400	-0.132635	-1.024958	-2.258735	-12.647284	-50.823829	-111.716741	131.270421	-6.563998	-11.027713	-46.046739	-95.899978	40.949540	-42.046119
14.620000	26.592131	-13.701129	-2.773374	-1.951609	0.273570	-0.777980	0.326720	0.377271	-4.427218	-0.025915	-1.330072	-5.333208	-0.663812	-0.943852	-0.123694	-1.069358	-2.511237	-10.816120	-53.225383	-111.576444	136.467183	-1.683097	-10.627334	-44.483449	-96.650398	40.837191	-42.885702
14.630000	24.813404	-15.097126	-4.072985	-2.531721	0.644556	-0.840589	0.488382	0.305006	-4.522993	-0.089755	-2.183905	-5.583381	-0.666482	-1.130843	-0.113260	-1.092466	-2.748252	-9.917676	-61.377491	-111.526385	142.169273	4.666722	-11.107286	-38.079379	-97.320735	40.463376	-45.961298
14.640000	24.283717	-16.280820	-4.737178	-3.005591	0.598354	-1.203636	-0.020909	0.104939	-4.630427	-0.204210	-2.586180	-4.765480	-0.269245	-1.228680	-0.044785	-1.199211	-3.074419	-8.159278	-66.609705	-110.365605	146.384096	9.378319	-10.402650	-31.575326	-97.443411	41.616386	-48.468150
14.650000	23.720217	-16.747924	-4.875401	-2.577535	0.017679	-1.022369	0.054285	-0.085486	-4.646970	-0.327336	-2.501628	-3.252449	-0.107760	-0.630873	-0.188991	-1.361051	-3.370430	-7.600543	-70.762153	-109.082875	148.566985	12.300222	-10.878116	-25.817092	-97.145095	42.397177	-51.566005
14.660000	24.253595	-16.376686	-4.485789	-2.016002	-0.523917	-0.876102	0.241213	-0.253057	-4.557043	-0.440369	-1.964188	-1.305122	0.364793	-0.027014	-0.106847	-1.559188	-3.522712	-7.066162	-73.644000	-107.844454	150.949109	14.209164	-10.505729	-20.640400	-96.800834	42.101187	-54.922812
14.670000	25.187948	-15.139925	-3.665787	-0.819546	-0.990175	-0.335337	0.716910	-0.316346	-4.335690	-0.529509	-1.178046	0.884534	0.666289	0.723077	-0.091292	-1.784872	-3.478717	-7.488207	-76.244369	-107.398859	153.812796	14.882140	-10.600657	-16.737535	-96.794406	40.180966	-59.212230
14.680000	26.887245	-13.193552	-2.443082	0.381773	-1.255187	0.252760	1.238659	-0.323331	-4.007716	-0.598413	-0.308593	2.801878	0.974985	1.319965	0.022635	-2.021006	-3.222860	-8.187014	-78.569538	-107.706910	158.137357	14.532978	-10.192805	-14.000774	-97.539765	37.066488	-64.190775
14.690000	28.602796	-10.505230	-1.260823	1.728399	-1.477487	0.818775	1.749582	-0.263585	-3.605995	-0.631849	0.657327	3.962392	0.997473	1.892302	0.125026	-2.228429	-2.827379	-9.583330	-80.539077	-108.880600	162.893504	13.086896	-10.175344	-12.400780	-98.647141	32.973862	-69.614366
14.700000	30.293703	-7.368110	-0.290766	2.678534	-1.676545	1.137726	1.981384	-0.191432	-3.189211	-0.605818	1.548517	4.061411	0.900056	2.159834	0.228345	-2.374609	-2.376759	-10.762705	-81.544680	-110.337353	167.658627	10.918655	-9.967714	-11.199972	-99.907610	28.723803	-74.715488
14.710000	31.325369	-4.103111	0.267040	3.332918	-1.898779	1.311603	2.003484	-0.073787	-2.816757	-0.511947	2.174947	3.138635	0.602306	2.236579	0.271283	-2.446251	-1.964171	-11.705183	-81.540858	-111.914080	171.477681	8.354269	-10.241874	-10.076986	-100.948486	24.813451	-79.126388
14.720000	31.673620	-1.023740	0.404676	3.627189	-2.095300	1.096676	1.745776	0.020497	-2.541048	-0.364972	2.497018	1.569937	0.152185	2.036619	0.290716	-2.450651	-1.647212	-12.142189	-80.246296	-113.168433	174.262547	5.995275	-10.912491	-8.616735	-101.579082	21.443081	-82.391962
14.730000	31.545687	1.641729	0.166218	3.366262	-2.430660	0.837351	1.443550	0.078931	-2.392754	-0.200372	2.443705	-0.293785	-0.030391	1.611640	0.310157	-2.389499	-1.439782	-11.629673	-77.753904	-114.080286	176.377881	4.307184	-11.526035	-6.734194	-101.725164	19.026437	-84.242791
14.740000	30.661199	3.720995	-0.264782	2.970854	-2.739397	0.394323	1.145301	0.090825	-2.364817	-0.042271	2.230819	-1.841514	-0.532412	1.229335	0.199575	-2.303984	-1.333778	-10.996521	-74.773525	-114.618257	177.513260	3.051952	-12.908709	-4.657919	-101.539886	17.358211	-84.907614
14.750000	29.836974	5.210626	-0.739833	2.022047	-3.118763	-0.062985	0.758104	0.061964	-2.438327	0.080745	1.866261	-2.953563	-0.597997	0.761857	0.174139	-2.201617	-1.310446	-9.499941	-71.337668	-114.809963	178.280157	2.378831	-13.542045	-2.230326	-101.053727	17.069563	-84.069870
14.760000	28.633945	6.219937	-1.063295	1.129782	-3.403316	-0.245189	0.555931	0.019298	-2.538076	0.163708	1.399436	-3.360734	-0.820524	0.606625	-0.038464	-2.134598	-1.349753	-8.287943	-68.814498	-115.110138	178.111106	1.757793	-14.393939	0.102791	-100.469568	18.170400	-82.453191
14.770000	27.639332	6.879482	-1.209682	0.170602	-3.348309	-0.456559	0.232952	-0.039640	-2.598248	0.196389	0.987822	-3.254960	-0.733646	0.389171	-0.153264	-2.095054	-1.444322	-7.191779	-67.273381	-115.581357	177.388555	1.452732	-14.423988	2.532945	-99.738541	20.915251	-80.172904
14.780000	26.672711	7.391799	-1.088898	-0.564435	-2.967225	-0.432473	0.131313	-0.163933	-2.556773	0.182988	0.597009	-2.817939	-0.723873	0.436237	-0.320755	-2.089551	-1.573432	-6.570215	-67.339626	-116.473845	175.985920	1.295505	-13.987853	4.811080	-98.979735	25.212076	-77.691056
14.790000	25.826375	7.805976	-0.763592	-0.979235	-2.120730	-0.326444	0.106903	-0.217551	-2.393432	0.130456	0.487136	-2.281877	-0.474233	0.445098	-0.439575	-2.084007	-1.716158	-6.560050	-68.709839	-117.708009	174.404025	1.555194	-13.212984	6.802832	-98.293716	30.677743	-75.305678
14.800000	25.225441	8.277520	-0.282786	-1.135989	-0.951864	-0.100603	0.247967	-0.267309	-2.120416	0.042052	0.441007	-1.642154	-0.297099	0.584157	-0.496203	-2.054423	-1.831624	-6.816962	-70.980814	-119.152611	172.900021	2.146363	-11.989605	8.513645	-97.838742	36.744151	-73.137924
14.810000	24.741573	8.972420	0.298171	-0.918534	0.235215	0.285363	0.689773	-0.210454	-1.749098	-0.049966	0.374294	-0.783157	-0.109551	0.799374	-0.544785	-1.985982	-1.871848	-7.416287	-73.731182	-120.767820	171.707761	2.822366	-10.862600	9.943830	-97.936803	42.453361	-71.717456
14.820000	24.536095	9.993805	0.946386	-0.521443	1.203899	0.644708	1.267361	-0.152348	-1.297892	-0.119858	0.127424	0.386025	0.180324	1.004390	-0.512535	-1.859026	-1.802121	-7.892798	-76.448444	-122.456065	171.039444	3.257592	-9.566990	11.315747	-98.892716	47.206879	-71.167722
14.830000	24.344482	11.362220	1.560967	0.037078	1.820215	0.930719	1.875465	-0.055614	-0.782103	-0.127941	-0.165915	1.681858	0.388289	1.243125	-0.529300	-1.677918	-1.611011	-8.750359	-78.962491	-124.311367	170.844519	3.254337	-8.751700	12.540235	-100.653765	50.603758	-71.792915
14.840000	24.490976	12.805436	2.119934	0.406509	2.046352	0.944720	2.182317	-0.045993	-0.255451	-0.066917	-0.258550	2.672659	0.723306	1.304653	-0.432702	-1.441269	-1.324238	-9.317982	-80.506712	-126.114437	171.195638	2.725491	-7.548704	13.928740	-102.824655	53.218684	-72.788082
14.850000	24.502387	14.016674	2.560199	0.837027	1.906927	0.915557	2.288778	-0.041492	0.239607	0.065228	0.125654	2.982707	0.811219	1.430546	-0.427270	-1.184485	-0.994641	-10.372998	-81.097628	-127.838981	171.768218	1.791556	-6.918366	15.172194	-104.923698	55.416061	-73.941156
14.860000	24.847400	14.624872	2.845319	1.048803	1.534658	0.674144	1.960200	-0.103226	0.637837	0.230655	0.906565	2.462705	0.853955	1.374303	-0.339329	-0.908139	-0.681530	-11.250766	-80.202062	-129.003283	172.706115	0.761688	-5.895413	16.648981	-106.540793	57.708576	-74.579820
14.870000	25.091209	14.512773	3.062046	1.353913	0.876331	0.557275	1.671505	-0.192042	0.922629	0.402629	1.786218	1.366525	0.527747	1.458226	-0.315567	-0.653771	-0.422251	-12.330875	-78.316561	-129.431453	173.699802	-0.387442	-5.337420	18.265155	-107.829228	59.909092	-74.931964
14.880000	25.543272	13.793106	3.100100	1.603041	0.167054	0.365492	1.248251	-0.248975	1.090140	0.551152	2.606174	0.030376	0.418010	1.386336	-0.252619	-0.401955	-0.239337	-13.332958	-75.293480	-128.955621	174.901146	-1.457703	-4.703519	20.346394	-108.820626	61.834538	-75.018413
14.890000	25.953503	12.689234	3.010853	1.690550	-0.443793	0.193625	1.028150	-0.356535	1.148182	0.684965	3.050915	-1.106852	0.042404	1.398008	-0.206273	-0.175641	-0.121607	-14.311345	-71.822052	-127.751487	176.191539	-2.482323	-4.355907	22.737728	-109.665388	63.213524	-75.043634
14.900000	26.462703	11.472266	2.753285	1.576981	-0.734377	0.081286	0.863397	-0.411198	1.108632	0.808445	3.178963	-1.943909	0.005455	1.274929	-0.147322	0.025227	-0.040538	-15.254020	-68.096376	-126.391214	177.860427	-3.259981	-3.999581	25.302815	-110.293230	64.332417	-75.053468
14.910000	26.940274	10.356112	2.456835	1.755374	-0.843886	0.041781	0.547019	-0.364306	1.110401	0.766494	2.748590	-2.488548	0.091890	1.219467	-0.188664	0.197225	0.009806	-16.401626	-64.080272	-124.728459	178.626287	-4.139982	-3.697809	27.559937	-111.425713	65.291592	-74.716218
14.920000	27.372484	9.431461	2.099554	1.416790	-0.775936	-0.058148	0.713633	-0.294939	1.089719	0.671327	2.073264	-2.615094	-0.004938	0.930789	-0.083610	0.333706	0.020458	-17.232521	-60.644671	-122.964996	179.078937	-4.651430	-3.441169	29.443065	-112.454626	65.765999	-73.918492
14.930000	27.718189	8.805383	1.666599	1.061950	-0.485576	0.028216	0.845357	-0.279131	1.059470	0.562364	1.416414	-2.590176	0.048117	0.757195	-0.020098	0.441637	-0.001609	-17.880826	-57.864482	-121.794936	179.249436	-4.755391	-3.328702	31.080679	-113.161924	66.135268	-72.819293
14.940000	28.014603	8.422517	1.230663	0.793920	-0.086737	0.073419	0.880105	-0.201006	1.023230	0.448809	0.861011	-2.472239	0.018746	0.627101	0.075491	0.508223	-0.068062	-18.117154	-55.633457	-121.011972	178.319192	-4.784740	-3.328290	32.537958	-113.583156	66.410275	-71.502693
14.950000	28.171258	8.241080	0.746298	0.728181	0.226571	0.135300	0.878780	-0.159057	0.971167	0.346645	0.522017	-2.392164	-0.085943	0.507617	0.141770	0.524688	-0.190980	-18.247741	-53.852659	-120.679486	175.763494	-4.803406	-3.478455	33.890863	-113.474411	66.542405	-70.135430
14.960000	28.208873	8.159658	0.307870	0.749810	0.474562	0.094748	0.785724	-0.077538	0.885259	0.265746	0.392164	-2.444119	-0.336700	0.403911	0.140201	0.514865	-0.385755	-18.310243	-52.381503	-120.537025	171.396321	-4.853236	-3.448863	35.227705	-112.686315	66.736619	-68.677999
14.970000	28.049960	8.112458	-0.004071	0.811226	0.542565	0.126451	0.714192	-0.013728	0.759815	0.215114	0.471530	-2.588174	-0.447174	0.345557	0.160134	0.499047	-0.651518	-18.320434	-51.252744	-120.365435	165.345955	-4.956128	-3.100937	36.368531	-111.254883	67.129031	-67.129582
14.980000	27.535491	8.133214	-0.309082	0.978390	0.484885	0.152251	0.648332	0.121397	0.598109	0.205647	0.778289	-2.682077	-0.630410	0.321307	0.236079	0.460931	-0.970059	-18.533029	-50.609061	-120.284012	158.021826	-4.881100	-2.715670	37.152661	-108.936194	67.555730	-65.640762
14.990000	26.993599	8.066363	-0.481332	1.183352	0.320750	0.105345	0.551294	0.282001	0.414934	0.231918	1.123162	-2.654121	-0.550930	0.237721	0.197925	0.428364	-1.323419	-18.187897	-50.043600	-119.937050	150.668281	-4.749894	-1.785910	37.641788	-106.161198	68.560736	-63.939631
15.000000	26.041191	7.789496	-0.545821	1.534246	0.060947	0.122522	0.710645	0.383287	0.248473	0.284459	1.406716	-2.451109	-0.744712	0.356127	0.108356	0.393659	-1.662306	-18.011682	-49.748197	-119.445956	144.262218	-4.439108	-1.213281	37.318922	-103.445014	69.948985	-62.657341
15.010000	25.362356	7.187113	-0.396064	1.602433	-0.496588	0.005274	0.899831	0.311823	0.133314	0.354245	1.621687	-2.072537	-0.714490	0.560391	-0.079963	0.416255	-1.869603	-17.401984	-48.939276	-118.583831	140.538043	-3.929691	-0.241446	36.818320	-101.569220	71.660985	-61.949067
15.020000	24.730244	6.140078	-0.127358	1.707932	-1.338266	-0.080761	1.177245	0.194389	0.111893	0.436729	1.710693	-1.340107	-0.724488	0.904401	-0.249736	0.498676	-1.904757	-16.733335	-47.534061	-117.357481	140.076131	-3.193380	0.170927	36.154024	-101.143804	73.332779	-62.547863
15.030000	24.388223	4.715846	0.163295	1.744244	-2.347318	-0.292694	1.300404	-0.006573	0.188703	0.524282	1.656929	-0.456403	-0.717855	1.157865	-0.389086	0.652665	-1.755100	-15.694861	-44.966775	-115.810829	143.129021	-2.378251	0.274750	35.890239	-102.118430	74.612193	-64.291254
15.040000	24.049830	3.195315	0.364171	1.730936	-3.284937	-0.404164	1.322821	-0.156570	0.342530	0.613833	1.505842	0.263089	-0.519929	1.361284	-0.449505	0.850170	-1.472171	-14.469655	-41.362367	-114.148852	148.819381	-1.496846	-0.289747	35.721689	-103.888491	75.354856	-66.691235
15.050000	23.660209	1.889518	0.422493	1.621208	-3.785244	-0.489648	1.150187	-0.242233	0.530921	0.692787	1.352209	0.593015	-0.345039	1.421787	-0.453170	1.052037	-1.119330	-13.017586	-36.997651	-112.558776	156.072843	-0.672854	-1.264069	35.376855	-105.571184	75.555271	-68.939470
15.060000	23.127027	1.061577	0.359352	1.474646	-3.784351	-0.435202	0.948881	-0.276029	0.712837	0.743675	1.209267	0.477745	-0.090176	1.377495	-0.420822	1.218730	-0.774895	-11.472162	-32.393839	-111.179602	163.629091	0.013845	-2.499623	34.434697	-106.705186	75.273755	-70.553288
15.070000	22.460670	0.813659	0.248937	1.339054	-3.360116	-0.338600	0.807923	-0.253891	0.867037	0.753613	1.035756	0.142348	-0.041669	1.289736	-0.350490	1.327518	-0.485671	-9.933567	-28.010200	-109.992886	170.560330	0.551211	-3.887387	32.836512	-107.278436	74.512178	-71.436167
15.080000	21.884952	1.135210	0.198643	1.207524	-2.789311	-0.197005	0.809905	-0.240068	0.985922	0.733229	0.859078	-0.133770	0.191108	1.181126	-0.268504	1.395207	-0.278418	-8.114936	-23.899987	-108.815503	176.465768	0.941853	-5.033801	30.785758	-107.676199	73.524083	-71.486823
15.090000	21.210988	1.871806	0.203639	1.223063	-2.093992	-0.075760	0.951326	-0.158330	1.083798	0.706563	0.721036	-0.204111	0.032194	1.152058	-0.133946	1.417949	-0.141563	-6.499499	-20.541319	-107.755163	180.939889	1.291203	-6.485328	28.440289	-107.990178	72.330424	-71.217917
15.100000	20.908811	2.901067	0.281237	1.226387	-1.497074	-0.011978	1.091753	-0.106392	1.174948	0.686605	0.636280	-0.189203	0.150003	1.013936	-0.006668	1.434028	-0.065790	-4.668836	-17.429143	-106.694824	183.953834	1.487497	-7.500047	26.460325	-108.267501	71.274130	-70.512518
15.110000	20.664027	4.080529	0.389335	1.405451	-0.967543	0.067044	1.319749	0.013147	1.273417	0.685277	0.633364	-0.052252	0.096189	1.021621	0.163406	1.432927	-0.046489	-3.153239	-14.918722	-105.665955	185.138655	1.511995	-8.744746	24.778352	-108.577761	70.228274	-69.881976
15.120000	20.668190	5.331105	0.506596	1.603072	-0.586770	0.103716	1.432680	0.117934	1.365231	0.715663	0.712658	0.062877	0.080113	0.941840	0.296023	1.429289	-0.076318	-1.792811	-12.648048	-104.577997	184.659380	1.309634	-9.662549	23.658476	-108.841708	69.362457	-69.108799
15.130000	20.661016	6.573691	0.623779	1.868728	-0.375935	0.213179	1.559867	0.230033	1.426258	0.788376	0.837627	0.130507	0.097588	0.954230	0.429628	1.417352	-0.161225	-0.853553	-10.868286	-103.436476	182.727635	0.895620	-10.381846	22.706653	-109.189984	68.812823	-68.298280
15.140000	20.535855	7.755005	0.773713	2.125850	-0.197935	0.359761	1.618552	0.347764	1.439767	0.899473	0.951538	0.169818	0.110226	0.964895	0.488069	1.404858	-0.299248	-0.337177	-9.730034	-102.218324	179.911923	0.283092	-10.638048	21.549076	-109.771970	69.137947	-67.227334
15.150000	20.130002	8.773439	0.976243	2.301374	0.061235	0.594720	1.716357	0.449024	1.407221	1.025982	0.973473	0.188793	0.239575	1.010329	0.479907	1.405640	-0.489894	-0.280659	-9.609554	-101.001960	177.000350	-0.454201	-10.297427	19.611361	-110.792407	71.125562	-65.867290
15.160000	19.307336	9.457234	1.269139	2.244197	0.650630	0.880250	1.874949	0.544219	1.358539	1.119176	0.835685	0.247951	0.470337	1.121233	0.388019	1.443977	-0.726241	-0.631709	-10.943978	-99.880171	175.039047	-1.215624	-9.303812	16.280784	-112.467483	75.783259	-64.243324
15.170000	17.853620	9.594824	1.627290	1.650603	1.793409	1.243247	2.070027	0.578592	1.333360	1.114280	0.487342	0.421294	0.868788	1.287464	0.219494	1.548781	-1.006264	-1.465240	-14.146843	-99.020988	175.406617	-1.728061	-7.678880	10.688443	-114.936796	84.198332	-62.258221
15.180000	15.710109	8.816127	2.067842	0.185117	3.702576	1.729568	2.365568	0.556266	1.363052	0.947921	-0.171132	0.746511	1.375940	1.498728	0.075303	1.744800	-1.307809	-2.743861	-19.762018	-98.605710	179.562932	-1.897705	-5.138142	1.928283	-118.203413	97.608286	-59.551012
15.190000	12.794521	6.872166	2.552725	-2.302540	6.556449	2.399539	2.822624	0.504097	1.460910	0.620481	-1.149970	1.289181	1.860156	1.430133	-0.032902	2.040165	-1.595437	-4.919857	-28.292058	-98.750192	188.047063	-1.419322	-1.792501	-11.128664	-121.892220	116.833699	-55.094317
15.200000	9.601186	3.476719	3.109602	-5.565085	10.406480	3.077297	3.620404	0.692218	1.594499	0.202392	-2.720517	1.527881	1.951748	0.668356	-0.073343	2.408145	-1.805252	-7.294550	-40.115128	-98.995569	199.911547	0.034224	2.671420	-28.886575	-124.858519	141.279316	-47.765754
15.210000	6.538926	-0.652468	3.310724	-8.453319	14.709106	3.250325	4.676509	1.350751	1.691953	-0.207471	-5.221620	0.362708	1.219029	-0.944443	-0.029474	2.730529	-1.862521	-8.776920	-54.789908	-98.563161	211.107695	3.269285	8.028300	-50.394866	-124.879012	164.922488	-38.415685
15.220000	3.881696	-3.611567	3.375236	-8.988369	17.634172	2.085954	5.382662	2.258161	1.675056	-0.618299	-8.726933	-2.735286	-0.308727	-2.956846	0.109384	2.874104	-1.723320	-7.854106	-71.973426	-95.040098	215.701479	7.929588	12.365803	-72.348965	-120.281133	176.094532	-29.986266
15.230000	2.193803	-3.764856	3.355548	-6.721623	17.624497	-0.464596	4.825750	3.213033	1.444345	-1.082281	-11.812612	-6.511335	-1.849307	-5.084252	0.472717	2.858090	-1.450984	-4.961108	-90.120124	-86.985406	209.945995	12.016151	15.722573	-90.200909	-111.352372	168.691546	-24.955191
15.240000	1.526607	-1.184119	3.098362	-2.815509	14.011838	-2.934093	3.425577	3.871027	1.014612	-1.579691	-12.467204	-9.325418	-2.655632	-6.189714	0.997366	2.791217	-1.243229	-1.647500	-104.010292	-75.392050	195.768338	14.206694	18.322918	-102.685364	-101.493993	150.015503	-22.907488
15.250000	0.942841	1.791642	2.720086	1.545571	8.009795	-3.946025	2.309387	3.911313	0.653031	-1.982600	-10.227041	-10.885221	-2.646387	-5.403757	1.602492	2.707170	-1.192014	0.832538	-112.668298	-64.097473	181.611639	15.169866	19.703047	-109.471627	-94.494018	132.543254	-21.963671
15.260000	0.567529	3.310431	2.023767	5.778255	0.916207	-2.724135	1.573006	2.876792	0.515556	-2.251778	-5.430707	-10.360939	-1.711578	-2.992634	1.750061	2.541658	-1.168338	0.680846	-116.879575	-59.024897	174.117619	16.122753	19.076648	-111.067696	-91.934752	125.646186	-20.624775
