Coordinates
version=1
nRows=765
nColumns=34
inDegrees=yes

Units are S.I. units (second, meters, Newtons, ...)
If the header above contains a line with 'inDegrees', this indicates whether rotational values are in degrees (yes) or radians (no).

endheader
time	pelvis_tilt	pelvis_list	pelvis_rotation	pelvis_tx	pelvis_ty	pelvis_tz	hip_flexion_r	hip_adduction_r	hip_rotation_r	knee_angle_r	ankle_angle_r	subtalar_angle_r	mtp_angle_r	hip_flexion_l	hip_adduction_l	hip_rotation_l	knee_angle_l	ankle_angle_l	subtalar_angle_l	mtp_angle_l	lumbar_extension	lumbar_bending	lumbar_rotation	arm_flex_r	arm_add_r	arm_rot_r	elbow_flex_r	pro_sup_r	arm_flex_l	arm_add_l	arm_rot_l	elbow_flex_l	pro_sup_l
      0.00000000	      0.20635800	     -3.83761499	      2.98077912	      0.83985260	      1.05755606	      0.08943419	      6.90808128	      4.69836804	     -2.91647876	     10.92060556	      5.96610020	     -8.63000012	      0.00000000	      4.46533334	     -4.73820054	     -3.18708658	      8.75238645	     13.88719260	     -0.97717204	      0.00000000	     -1.19266891	      4.56108396	     -2.59597927	      4.31061669	     -5.44121814	      7.01246739	     24.66133537	     87.78100063	     -4.22937765	     -1.39672018	     -5.79036126	     28.64009020	     84.91754687
      0.01666670	     -1.09419986	     -2.66227350	      3.47958442	      0.84447587	      1.05412432	      0.08858937	      7.59769266	      3.57619649	     -2.94422915	     10.11764304	      8.51508394	     -5.62644348	      0.00000000	      6.07567133	     -3.03834213	     -3.54662621	      9.21533029	     14.96673036	      0.95883914	      0.00000000	      1.80423780	      3.29191330	     -2.40451767	      3.32614259	     -4.99332021	      3.94352947	     24.00030059	     87.69841644	     -4.57586144	     -1.67795149	     -7.12014630	     28.35259748	     84.48451835
      0.03333330	     -2.01960651	     -1.61716209	      3.36408635	      0.84708853	      1.05220827	      0.08949190	      7.76002980	      2.49450537	     -4.20681123	      8.82333898	      9.31327657	     -3.81606246	      0.00000000	      6.81720988	     -1.90900670	     -4.62191220	      9.30605253	     15.57637463	      2.62431652	      0.00000000	      3.53953542	      1.99654267	     -1.77479963	      2.50993875	     -4.54481561	      2.48185026	     24.06054268	     88.02627664	     -4.74974430	     -2.29185168	     -5.81417794	     27.74909343	     84.35005232
      0.05000000	     -1.89933239	     -1.17967544	      3.59389947	      0.84747033	      1.05332027	      0.09009922	      7.23217779	      1.99459636	     -5.01999675	      8.28681336	     10.06788570	     -2.12466917	      0.00000000	      6.32656084	     -1.46532159	     -4.49600835	      9.03353271	     15.43118655	      2.75466723	      0.00000000	      3.65237106	      1.45832020	     -1.04140265	      1.60774863	     -4.26475355	      0.98170135	     24.54213433	     89.18971992	     -4.29356445	     -3.11113187	     -1.48579422	     26.98427730	     84.13164103
      0.06666670	     -1.98762228	     -1.03003243	      3.59735767	      0.84660126	      1.05357828	      0.09105846	      7.13065532	      1.92947869	     -4.91376906	      7.83644268	     10.11906149	     -2.01192489	      0.00000000	      6.29207762	     -1.37590869	     -4.51415232	      8.89372550	     15.34097053	      2.76969559	      0.00000000	      3.72345144	      1.35934719	     -0.91219150	      1.50236275	     -4.13050693	      1.00810998	     24.50686558	     89.22789312	     -4.30285465	     -3.00670203	     -1.41939982	     27.00519318	     84.11490573
      0.08333330	     -1.94795345	     -0.98031068	      3.59479124	      0.84567932	      1.05371967	      0.09179878	      7.15708732	      1.93561613	     -4.90798603	      7.80945897	     10.11779804	     -2.00262049	      0.00000000	      6.29404344	     -1.40594200	     -4.51085228	      8.88447104	     15.33181829	      2.77184938	      0.00000000	      3.73068771	      1.35284063	     -0.91686476	      1.49193087	     -4.13160754	      1.00843756	     24.50261529	     89.22911168	     -4.29375311	     -3.00213109	     -1.41677737	     27.00833397	     84.11455090
      0.10000000	     -1.36983254	     -0.76938720	      3.43001087	      0.84595093	      1.05502676	      0.09267410	      6.31213082	      1.79805232	     -4.80987263	      7.22823008	     10.17104722	     -0.39670928	      0.00000000	      5.39196425	     -1.28129733	     -4.58645054	      8.21549465	     13.94347654	      2.42009503	      0.00000000	      3.09783899	      0.95501245	     -0.00894327	      1.31008523	     -4.06519940	      1.03170624	     23.96987804	     89.69841507	     -3.35594543	     -3.02571123	     -0.67832061	     26.56839397	     83.93369788
      0.11666670	     -1.36926622	     -0.72265053	      3.49792048	      0.84663472	      1.05534102	      0.09298286	      6.23636368	      1.79217361	     -4.69240610	      7.00959166	     10.01597169	     -0.19871468	      0.00000000	      5.41700775	     -1.28971808	     -4.56322872	      8.10715930	     13.65184808	      2.49569009	      0.00000000	      3.12979082	      0.80217661	     -0.10723177	      1.28229942	     -3.89589162	      1.04089119	     23.97691683	     89.73671376	     -3.15963453	     -2.99480129	     -0.62935729	     26.56531774	     83.91417819
      0.13333330	     -0.90721368	     -0.62694934	      3.44593599	      0.84775362	      1.05660942	      0.09292412	      5.54543460	      1.72602099	     -4.86013872	      6.66611860	      9.69633528	      0.44442265	      0.00000000	      4.71001409	     -1.21544120	     -4.40309889	      7.66787466	     12.75812236	      2.25743540	      0.00000000	      2.55863466	      0.71442423	      0.03861030	      1.31300065	     -3.85480539	      0.83879781	     23.84041740	     90.14242262	     -2.69312471	     -3.05153679	     -0.34496712	     25.98774861	     83.64082428
      0.15000000	     -0.93695164	     -0.62425457	      3.43206451	      0.84924631	      1.05679699	      0.09272009	      5.51174077	      1.72168683	     -4.85825646	      6.67623762	      9.69041282	      0.44815240	      0.00000000	      4.71262700	     -1.21639596	     -4.39934856	      7.66800438	     12.74922551	      2.26134959	      0.00000000	      2.56206456	      0.71050787	      0.03007245	      1.31354666	     -3.85105608	      0.83863690	     23.84117621	     90.14389439	     -2.67222192	     -3.04997910	     -0.34452259	     25.99386319	     83.63984381
      0.16666670	     -0.70786717	     -0.52122026	      3.48404072	      0.85053280	      1.05709441	      0.09277673	      4.96422495	      1.64743499	     -4.95224346	      6.25736895	      9.18073876	      0.69463658	      0.00000000	      4.20122981	     -1.08434536	     -4.33090443	      7.21319818	     12.02789603	      2.39981915	      0.00000000	      2.40205879	      0.53289026	      0.10027263	      1.21113663	     -3.77253725	      0.76646109	     23.82804013	     90.36958423	     -2.36144982	     -3.05432424	     -0.35133705	     25.93549157	     83.47994718
      0.18333330	     -0.73257641	     -0.51699528	      3.48371960	      0.85033205	      1.05629937	      0.09331566	      4.93537700	      1.65386910	     -4.95086896	      6.26473927	      9.18056446	      0.69583555	      0.00000000	      4.20137693	     -1.07643636	     -4.32753946	      7.21334652	     12.02481867	      2.40158695	      0.00000000	      2.39961550	      0.53566878	      0.10280549	      1.21505414	     -3.77096889	      0.76635155	     23.82942962	     90.37088172	     -2.35702230	     -3.05721808	     -0.35219056	     25.93607906	     83.47903064
      0.20000000	     -0.73711038	     -0.49245564	      3.48364790	      0.84928693	      1.05673416	      0.09419761	      4.84037912	      1.67260438	     -4.91096039	      6.11327212	      9.17869379	      0.71899883	      0.00000000	      4.20201353	     -1.06081121	     -4.20459292	      7.17935448	     11.89372966	      2.47913236	      0.00000000	      2.33149659	      0.49045524	      0.21073234	      1.34565102	     -3.70844323	      0.77137813	     23.87532437	     90.40040262	     -2.26509564	     -3.18103177	     -0.38539753	     25.94782179	     83.45851293
      0.21666670	     -0.74743495	     -0.47795576	      3.47655093	      0.84898735	      1.05784310	      0.09461490	      4.81180343	      1.68582617	     -4.91095801	      6.12199198	      9.17630703	      0.71984037	      0.00000000	      4.22082312	     -1.06139453	     -4.20081205	      7.16827947	     11.88769710	      2.48173499	      0.00000000	      2.32625312	      0.48632719	      0.20996556	      1.34343135	     -3.71056476	      0.77107581	     23.87427021	     90.40154710	     -2.26201055	     -3.18057422	     -0.38585471	     25.94867503	     83.45785410
      0.23333330	      0.13202406	     -0.37600660	      3.42824937	      0.84904332	      1.06013575	      0.09506817	      3.58363719	      1.70365630	     -4.75270063	      5.61674529	      8.64500401	      0.65939661	      0.00000000	      2.98790408	     -1.00049181	     -4.00397175	      6.58005688	     11.01299033	      2.39140281	      0.00000000	      0.95987944	      0.29308820	      0.56450368	      1.47497751	     -3.74093788	      0.73173389	     23.96483491	     90.91848252	     -1.76583102	     -3.22933455	     -0.58057452	     26.08895120	     83.20448836
      0.25000000	      0.11743886	     -0.36725960	      3.41585595	      0.84925309	      1.05981708	      0.09525566	      3.56727208	      1.71370518	     -4.75787957	      5.61616014	      8.64342021	      0.65802836	      0.00000000	      2.99473730	     -0.99892084	     -4.00111107	      6.57568347	     11.00836834	      2.39426963	      0.00000000	      0.95645601	      0.29012202	      0.56447722	      1.48007573	     -3.74312599	      0.73104580	     23.96653529	     90.91993138	     -1.76086380	     -3.23233711	     -0.58148753	     26.09035680	     83.20382827
      0.26666670	      0.15493329	     -0.31533993	      3.40214969	      0.84913245	      1.05919832	      0.09557909	      3.37165956	      1.69264624	     -4.87590518	      5.28091653	      8.31607246	      0.68499245	      0.00000000	      2.83852287	     -0.94716672	     -3.98285044	      6.34126869	     10.56834323	      2.56175734	      0.00000000	      0.80255681	      0.14446380	      0.63033224	      1.54290422	     -3.74019059	      0.72016146	     23.99636408	     91.05356290	     -1.60724138	     -3.36826089	     -0.64868665	     26.17667239	     83.15178418
      0.28333330	      0.15227278	     -0.31370707	      3.40144733	      0.84913063	      1.05869083	      0.09554231	      3.37203922	      1.69759459	     -4.87706094	      5.27929701	      8.31589689	      0.68459936	      0.00000000	      2.83299826	     -0.94435852	     -3.98285401	      6.34291618	     10.56802984	      2.56187301	      0.00000000	      0.80169550	      0.14383669	      0.63101959	      1.54396859	     -3.74059607	      0.72004095	     23.99665648	     91.05388576	     -1.60734091	     -3.36862642	     -0.64885568	     26.17666631	     83.15166320
      0.30000000	      0.15050443	     -0.31153213	      3.31052685	      0.84951412	      1.05844307	      0.09549927	      3.31967563	      1.71463926	     -4.96241170	      5.17729904	      8.30482639	      0.64641279	      0.00000000	      2.77542188	     -0.93805222	     -3.99012191	      6.31111349	     10.54660100	      2.56087238	      0.00000000	      0.78721970	      0.08754036	      0.67774326	      1.61200379	     -3.78106406	      0.71092320	     24.01706986	     91.07101775	     -1.60198057	     -3.41887466	     -0.66473877	     26.18327450	     83.14459339
      0.31666670	      0.85943382	     -0.22381201	      3.30821376	      0.84968009	      1.05905572	      0.09524402	      2.36081040	      1.68351070	     -4.96264912	      4.86809005	      7.99257014	      0.47793937	      0.00000000	      1.81476437	     -0.85559631	     -4.07971752	      5.97627216	     10.25299460	      2.45548007	      0.00000000	     -0.16979123	      0.00261993	      0.88163323	      1.68744490	     -3.83779411	      0.62708811	     24.14597433	     91.58392814	     -1.41343608	     -3.42189973	     -0.86605717	     26.45996858	     82.98855792
      0.33333330	      0.84999091	     -0.23099599	      3.30241089	      0.84956297	      1.05911015	      0.09502899	      2.34872175	      1.68997807	     -4.96606061	      4.87441752	      7.99172062	      0.47651156	      0.00000000	      1.81773945	     -0.84070762	     -4.08265900	      5.97668189	     10.25187921	      2.45456212	      0.00000000	     -0.17049310	     -0.00013460	      0.88090491	      1.68791834	     -3.83902573	      0.62652716	     24.14661478	     91.58500933	     -1.41273655	     -3.42517060	     -0.86692686	     26.46010266	     82.98820896
      0.35000000	      0.84271840	     -0.20515130	      3.22072712	      0.84918477	      1.05988675	      0.09497014	      2.35804021	      1.64907633	     -5.04669868	      4.87222034	      7.97087763	      0.44391324	      0.00000000	      1.81611058	     -0.78732965	     -4.15912183	      5.97583787	     10.21243715	      2.42212345	      0.00000000	     -0.21281998	     -0.03520179	      0.86108298	      1.70043931	     -3.88923313	      0.61270861	     24.15899005	     91.60168672	     -1.39587923	     -3.48175162	     -0.88250784	     26.46078476	     82.98251784
      0.36666670	      0.82282815	     -0.17217971	      3.24624023	      0.84860479	      1.06128561	      0.09502977	      2.39111770	      1.60187914	     -5.10798519	      4.88904060	      7.90297900	      0.43854120	      0.00000000	      1.82703271	     -0.72878159	     -4.28625109	      5.88412210	     10.10832727	      2.38052373	      0.00000000	     -0.31412990	     -0.08950392	      0.87641232	      1.78295876	     -3.88888647	      0.60373067	     24.20898453	     91.62864182	     -1.37422807	     -3.52194675	     -0.89981803	     26.46019149	     82.97459560
      0.38333330	      0.81769840	     -0.16552178	      3.12670058	      0.84793994	      1.06370822	      0.09552018	      2.41721279	      1.59660882	     -5.13074940	      4.85436777	      7.87043470	      0.44493704	      0.00000000	      1.83461767	     -0.71084529	     -4.28837158	      5.84791177	     10.04481167	      2.39251119	      0.00000000	     -0.35565869	     -0.11186595	      0.83505072	      1.77839684	     -3.88392754	      0.60167202	     24.21788320	     91.63778955	     -1.32453786	     -3.53242067	     -0.90516689	     26.47184614	     82.97225468
      0.40000000	      0.87049156	     -0.04209326	      3.01913181	      0.84756366	      1.06606431	      0.09610660	      2.30595672	      1.48268474	     -5.15993794	      4.64477125	      7.26824681	      0.69413357	      0.00000000	      1.59133333	     -0.56950769	     -4.47132287	      5.32992866	      9.08947817	      2.48124511	      0.00000000	     -0.67806147	     -0.26380444	      0.77880452	      1.91021400	     -3.79380710	      0.58588272	     24.41943725	     91.78842014	     -1.28165069	     -3.62551896	     -0.98339812	     26.45291765	     82.93521980
      0.41666670	      0.94627109	     -0.01346123	      2.97304516	      0.84780293	      1.06689539	      0.09632583	      2.09270011	      1.49421346	     -5.17094988	      4.27967803	      6.89850610	      0.86958428	      0.00000000	      1.39277966	     -0.53579440	     -4.40723977	      4.96807089	      8.64515997	      2.53620561	      0.00000000	     -0.94957349	     -0.29516095	      0.72064546	      1.98454346	     -3.74077707	      0.57149135	     24.52576937	     91.93512945	     -1.16707069	     -3.66943586	     -1.05427201	     26.47306277	     82.90297203
      0.43333330	      0.89943362	     -0.00567577	      2.90934435	      0.84841685	      1.06550811	      0.09622309	      2.11643673	      1.50595022	     -5.22365443	      4.14349455	      6.87777380	      0.86608563	      0.00000000	      1.42467058	     -0.52745865	     -4.42451300	      4.85263825	      8.62290605	      2.53257201	      0.00000000	     -1.06775450	     -0.30481122	      0.70168854	      2.00882609	     -3.71604746	      0.57211092	     24.53363770	     91.94989743	     -1.12093725	     -3.66902954	     -1.06031058	     26.47825352	     82.90021894
      0.45000000	      0.88872781	     -0.00541480	      2.91177710	      0.84908612	      1.06400808	      0.09578263	      2.10443756	      1.51078242	     -5.22913576	      4.13376210	      6.86984418	      0.86832136	      0.00000000	      1.42729349	     -0.51796601	     -4.42925473	      4.83848994	      8.61733982	      2.53269347	      0.00000000	     -1.08146105	     -0.30563793	      0.70388391	      2.01785151	     -3.70938857	      0.57258742	     24.53649763	     91.95183717	     -1.11653977	     -3.67116794	     -1.06156819	     26.47788254	     82.89980118
      0.46666670	      1.11843760	      0.08892695	      2.94436002	      0.84921213	      1.06379300	      0.09568179	      1.60337191	      1.43294462	     -5.53012316	      3.62897708	      6.24166522	      1.07808238	      0.00000000	      1.02946184	     -0.40628443	     -4.54944429	      4.51143600	      8.20769965	      2.60956340	      0.00000000	     -1.52683688	     -0.41763342	      0.55279963	      2.14399545	     -3.57113775	      0.54389843	     24.55821412	     92.10785637	     -1.04479665	     -3.73555255	     -1.14816851	     26.38724462	     82.86682110
      0.48333330	      1.11194790	      0.07844338	      2.93718115	      0.84866825	      1.06476729	      0.09572152	      1.57725858	      1.42879121	     -5.53343222	      3.63448733	      6.24379030	      1.07644940	      0.00000000	      1.05213391	     -0.40251537	     -4.54998852	      4.49846777	      8.20987757	      2.60858461	      0.00000000	     -1.53382940	     -0.41585019	      0.55489310	      2.14745743	     -3.56905858	      0.54379679	     24.55854801	     92.10909395	     -1.04628277	     -3.73412453	     -1.14856836	     26.38607557	     82.86659274
      0.50000000	      1.09529085	      0.08299232	      2.87698001	      0.84819043	      1.06549912	      0.09579605	      1.53665782	      1.40708376	     -5.60224381	      3.55169430	      6.25011391	      1.05575425	      0.00000000	      1.09439813	     -0.38400855	     -4.56715851	      4.47062396	      8.21087503	      2.59590462	      0.00000000	     -1.67650515	     -0.37138623	      0.58291275	      2.19410967	     -3.52959556	      0.54400500	     24.55557351	     92.12424168	     -1.05717199	     -3.71190174	     -1.15373146	     26.36649388	     82.86376370
      0.51666670	      1.09816294	      0.07828783	      2.86603194	      0.84815732	      1.06568342	      0.09576174	      1.50405667	      1.39733174	     -5.60452748	      3.56389880	      6.24857912	      1.05543922	      0.00000000	      1.12566522	     -0.39022588	     -4.56725185	      4.45707399	      8.21017699	      2.59571253	      0.00000000	     -1.67966246	     -0.37199536	      0.58302618	      2.19560512	     -3.52881685	      0.54382450	     24.55522982	     92.12483458	     -1.05650008	     -3.71131794	     -1.15400506	     26.36608288	     82.86364428
      0.53333330	      1.10164738	      0.07472689	      2.85277358	      0.84835658	      1.06493342	      0.09558860	      1.48239068	      1.38759091	     -5.60915102	      3.56937497	      6.24646452	      1.05477631	      0.00000000	      1.14301141	     -0.39592403	     -4.56712548	      4.45188862	      8.20793839	      2.59580292	      0.00000000	     -1.68873785	     -0.37216566	      0.58390035	      2.19865147	     -3.52641613	      0.54366968	     24.55447611	     92.12576260	     -1.05552116	     -3.71040655	     -1.15444103	     26.36503233	     82.86346208
      0.55000000	      1.88581866	      0.10087454	      2.77133360	      0.84824213	      1.06452495	      0.09536770	      0.58925226	      1.40095222	     -5.79759368	      3.44697543	      6.22533996	      1.24543922	      0.00000000	      0.25928688	     -0.40534303	     -4.59455499	      4.41711782	      8.23072096	      2.50834147	      0.00000000	     -2.93393748	     -0.36194410	      0.57417732	      2.71250825	     -3.45639814	      0.39335456	     24.25931489	     92.42050614	     -0.74328200	     -3.68269816	     -1.33632172	     26.21292208	     82.80378063
      0.56666670	      1.86171442	      0.09344516	      2.77282034	      0.84927624	      1.06296023	      0.09483354	      0.59616994	      1.40035229	     -5.79720875	      3.44404973	      6.22795971	      1.24518416	      0.00000000	      0.22722838	     -0.39591586	     -4.59449238	      4.43617767	      8.23191370	      2.50805533	      0.00000000	     -2.93733882	     -0.36213073	      0.57471363	      2.71771568	     -3.45311551	      0.39340649	     24.26085569	     92.42144207	     -0.74025536	     -3.68192535	     -1.33653530	     26.21380970	     82.80368384
      0.58333330	      1.82840080	      0.08257181	      2.77312335	      0.85029924	      1.06217495	      0.09438694	      0.61139225	      1.40339119	     -5.79744447	      3.43639448	      6.23589816	      1.24333779	      0.00000000	      0.18108852	     -0.37723684	     -4.59414922	      4.46394307	      8.24019842	      2.50564163	      0.00000000	     -2.94108267	     -0.36188602	      0.57549313	      2.72492153	     -3.44836322	      0.39348579	     24.26377877	     92.42265270	     -0.73886582	     -3.67994234	     -1.33647003	     26.21437625	     82.80360979
      0.60000000	      1.84786023	      0.09867000	      2.64317605	      0.85045171	      1.06179435	      0.09444310	      0.63711004	      1.37336335	     -5.70638738	      3.51922666	      6.72742650	      1.17711239	      0.00000000	      0.10458294	     -0.31714898	     -4.58983740	      4.59741064	      9.01759741	      2.29216341	      0.00000000	     -2.96524232	     -0.36039049	      0.48834849	      2.80910510	     -3.40504491	      0.36834310	     24.36685826	     92.49656374	     -0.88320822	     -3.62228979	     -1.33665957	     26.21077500	     82.79821256
      0.61666670	      1.83718918	      0.08518342	      2.64169042	      0.84984644	      1.06141012	      0.09453367	      0.66051609	      1.38711313	     -5.70912513	      3.51105625	      6.73073100	      1.17573553	      0.00000000	      0.07531659	     -0.29783712	     -4.58854852	      4.61105834	      9.02263755	      2.29275422	      0.00000000	     -2.96952468	     -0.35933035	      0.48660071	      2.80596414	     -3.40402305	      0.36830433	     24.36699488	     92.49754226	     -0.88627407	     -3.62286325	     -1.33684633	     26.21048111	     82.79811994
      0.63333330	      1.81479434	      0.04293727	      2.50448885	      0.84930097	      1.06146833	      0.09464238	      0.73658694	      1.43115894	     -5.76083711	      3.54854126	      6.76832413	      1.13795102	      0.00000000	      0.06238536	     -0.32073082	     -4.56154530	      4.59002003	      9.12575419	      2.28316974	      0.00000000	     -3.03927493	     -0.34626708	      0.45642905	      2.76079420	     -3.40366645	      0.36729304	     24.36873420	     92.50677420	     -0.92787810	     -3.61188028	     -1.33450810	     26.20650105	     82.79791197
      0.65000000	      1.74496712	     -0.04135881	      2.46398660	      0.84885344	      1.06184648	      0.09424162	      1.04778236	      1.48168246	     -5.83299005	      3.98197464	      7.07440572	      0.94247885	      0.00000000	      0.22731316	     -0.38778321	     -4.53822082	      4.73027463	      9.87526078	      2.22038456	      0.00000000	     -3.08507676	     -0.19649983	      0.38392229	      2.78542697	     -3.47787851	      0.35682645	     24.67776308	     92.63963408	     -1.09065108	     -3.56078591	     -1.33889373	     26.39766059	     82.79089369
      0.66666670	      1.74886211	     -0.04023092	      2.46212174	      0.84889787	      1.06240524	      0.09407855	      1.05013344	      1.48293656	     -5.83354907	      3.98211928	      7.07421689	      0.94214467	      0.00000000	      0.23116100	     -0.38874957	     -4.53833710	      4.72778704	      9.87584173	      2.22032353	      0.00000000	     -3.08494594	     -0.19671180	      0.38364909	      2.78463769	     -3.47732822	      0.35692808	     24.67798262	     92.63982467	     -1.09089552	     -3.56107130	     -1.33894050	     26.39791335	     82.79088454
      0.68333330	      1.76133092	     -0.05288206	      2.45600560	      0.84864746	      1.06239565	      0.09383248	      1.06119761	      1.48046832	     -5.83724888	      3.98481933	      7.07190802	      0.94011542	      0.00000000	      0.23675576	     -0.38895013	     -4.53960930	      4.71733395	      9.87970384	      2.21950785	      0.00000000	     -3.08646753	     -0.19815355	      0.38143933	      2.78008704	     -3.47551384	      0.35735450	     24.67881323	     92.64063512	     -1.09216043	     -3.56092096	     -1.33876387	     26.39909297	     82.79091808
      0.70000000	      1.76525915	     -0.05352483	      2.45568168	      0.84876822	      1.06178971	      0.09380039	      1.06715796	      1.48023291	     -5.83812869	      3.98501162	      7.07096014	      0.93968588	      0.00000000	      0.23412995	     -0.39128335	     -4.53982808	      4.71589293	      9.88066147	      2.21928603	      0.00000000	     -3.08736652	     -0.19851386	      0.38083349	      2.77960419	     -3.47532787	      0.35742190	     24.67918698	     92.64080935	     -1.09193363	     -3.56053893	     -1.33864534	     26.39953123	     82.79094160
      0.71666670	      1.69143288	     -0.16242513	      2.36646088	      0.84948914	      1.06100575	      0.09374887	      1.35769934	      1.55889069	     -5.99339404	      4.41329714	      6.91028990	      0.84116816	      0.00000000	      0.11845602	     -0.49770259	     -4.54900917	      4.38559103	     10.05539594	      2.19855996	      0.00000000	     -3.07782223	     -0.09354445	      0.38037787	      2.77300485	     -3.46108938	      0.37164429	     24.80389090	     92.67458984	     -1.12972605	     -3.53310794	     -1.32219030	     26.48186297	     82.79566587
      0.73333330	      1.66464485	     -0.16649276	      2.36676563	      0.85033409	      1.06094856	      0.09352872	      1.36381865	      1.55150654	     -5.99317361	      4.41892543	      6.90860562	      0.83918644	      0.00000000	      0.08772591	     -0.50851092	     -4.54651568	      4.40143236	     10.05531446	      2.20012181	      0.00000000	     -3.07255127	     -0.09816075	      0.37911391	      2.77541181	     -3.46553246	      0.37128207	     24.80856405	     92.67554045	     -1.12856423	     -3.53068592	     -1.32136739	     26.48534566	     82.79585995
      0.75000000	      1.67256148	     -0.19444969	      2.36366095	      0.85085935	      1.06152277	      0.09331698	      1.36692790	      1.56683719	     -5.98436797	      4.53510903	      6.88670902	      0.81940681	      0.00000000	     -0.00602318	     -0.54799722	     -4.50910170	      4.39592183	     10.07744390	      2.22504752	      0.00000000	     -2.92860445	     -0.13378026	      0.36375733	      2.75675978	     -3.51455386	      0.36960865	     24.85894656	     92.68697748	     -1.15853422	     -3.50063348	     -1.30996175	     26.51848389	     82.79858064
      0.76666670	      1.63849135	     -0.19959709	      2.36886525	      0.85104088	      1.06157395	      0.09307714	      1.36927154	      1.55671834	     -5.98315639	      4.53910101	      6.88629936	      0.81726162	      0.00000000	     -0.03809747	     -0.55254667	     -4.50664116	      4.40307507	     10.08007034	      2.22685743	      0.00000000	     -2.92388934	     -0.12966925	      0.36420586	      2.75418637	     -3.51409593	      0.37035793	     24.86270427	     92.68801440	     -1.16083074	     -3.50162594	     -1.30961799	     26.52058644	     82.79875380
      0.78333330	      1.56018101	     -0.22639299	      2.35360507	      0.85150202	      1.06028556	      0.09276166	      1.43768025	      1.56210634	     -5.96796822	      4.57361235	      6.91941966	      0.70362187	      0.00000000	     -0.19260060	     -0.54415561	     -4.35273248	      4.09387813	     10.27210234	      2.32883579	      0.00000000	     -2.65443705	     -0.06541900	      0.35612200	      2.58795240	     -3.55971026	      0.39789001	     25.02188844	     92.73397927	     -1.33035661	     -3.48379227	     -1.27730559	     26.59665484	     82.80917874
      0.80000000	      1.54889984	     -0.23584855	      2.36305961	      0.85132527	      1.05884863	      0.09254728	      1.47311718	      1.56158965	     -5.96745258	      4.55442682	      6.92090043	      0.70196904	      0.00000000	     -0.24256551	     -0.53695193	     -4.35259441	      4.11571490	     10.27430161	      2.32975140	      0.00000000	     -2.65015273	     -0.06477893	      0.35538975	      2.58951611	     -3.55907011	      0.39847481	     25.02538378	     92.73469522	     -1.32612826	     -3.48519026	     -1.27715353	     26.59968619	     82.80931289
      0.81666670	      1.51653704	     -0.25745084	      2.30920364	      0.85088538	      1.05854694	      0.09255355	      1.52793589	      1.58079590	     -5.98595889	      4.45272922	      6.95634679	      0.65991364	      0.00000000	     -0.30185669	     -0.52697165	     -4.32105243	      4.09391708	     10.36964680	      2.33870631	      0.00000000	     -2.55979590	     -0.03136887	      0.33785683	      2.64049014	     -3.56459280	      0.40504952	     25.08445608	     92.74402578	     -1.23160790	     -3.49468572	     -1.27338417	     26.65721793	     82.81160293
      0.83333330	      1.51224459	     -0.27188534	      2.32891935	      0.85034059	      1.05930142	      0.09254557	      1.58112843	      1.59304125	     -5.98526664	      4.42478034	      6.95907500	      0.65768724	      0.00000000	     -0.35166397	     -0.50836837	     -4.32130221	      4.11212701	     10.37824280	      2.33838038	      0.00000000	     -2.55595585	     -0.02961439	      0.34013613	      2.64349623	     -3.56423900	      0.40582107	     25.08859001	     92.74477243	     -1.23132536	     -3.49567111	     -1.27302572	     26.65926490	     82.81177573
      0.85000000	      1.42941030	     -0.32714314	      2.33468977	      0.85026135	      1.05962773	      0.09244719	      1.64566704	      1.65895874	     -6.01163344	      4.27287311	      6.99480959	      0.59340107	      0.00000000	     -0.34657348	     -0.52958848	     -4.28800817	      4.01185883	     10.58940487	      2.33060175	      0.00000000	     -2.48088784	      0.04902282	      0.35037320	      2.74621318	     -3.56605109	      0.42109527	     25.18804309	     92.75993938	     -1.12166324	     -3.50817421	     -1.26391848	     26.73618700	     82.81615162
      0.86666670	      1.42147110	     -0.33877129	      2.33914310	      0.85067010	      1.05900961	      0.09224754	      1.65481836	      1.66804482	     -6.01142819	      4.27028340	      6.99385296	      0.59143583	      0.00000000	     -0.36315454	     -0.51515755	     -4.28746330	      4.02285931	     10.59554513	      2.33088384	      0.00000000	     -2.48017096	      0.05087189	      0.34961586	      2.74415294	     -3.56676266	      0.42189026	     25.19043497	     92.76069791	     -1.12166182	     -3.50823472	     -1.26319680	     26.73799979	     82.81639782
      0.88333330	      1.41235728	     -0.34741604	      2.33724266	      0.85116412	      1.05834742	      0.09209444	      1.64472326	      1.67228034	     -6.01383189	      4.27554146	      6.99334343	      0.58748985	      0.00000000	     -0.36303028	     -0.50469620	     -4.28835456	      4.02516918	     10.60425881	      2.32995135	      0.00000000	     -2.47597415	      0.05608723	      0.34803250	      2.74338311	     -3.56778601	      0.42285978	     25.19416521	     92.76159908	     -1.11780104	     -3.50825247	     -1.26232917	     26.74177571	     82.81671213
      0.90000000	      1.14618595	     -0.38677812	      2.37322110	      0.85159725	      1.05764009	      0.09191706	      1.91313194	      1.70312397	     -5.94328852	      4.29202393	      6.81309653	     -0.03807624	      0.00000000	      0.03150405	     -0.53690737	     -4.46273538	      4.25561181	     11.18248608	      2.65635973	      0.00000000	     -2.12149636	      0.14629893	      0.38324818	      2.31781114	     -3.74873242	      0.70896604	     26.15876612	     93.05952404	     -1.27904884	     -3.56662306	     -0.96339957	     27.23150697	     82.91467135
      0.91666670	      1.14104294	     -0.38766079	      2.36947746	      0.85164454	      1.05790191	      0.09192596	      1.89720992	      1.70192054	     -5.94311892	      4.29961804	      6.81354806	     -0.03850334	      0.00000000	      0.04129766	     -0.53585710	     -4.46311066	      4.25071231	     11.18176905	      2.65642063	      0.00000000	     -2.11953673	      0.14780929	      0.38339859	      2.31859044	     -3.74828527	      0.70916371	     26.15943094	     93.05991428	     -1.27663146	     -3.56695002	     -0.96321244	     27.23246138	     82.91476514
      0.93333330	      1.12936421	     -0.38830166	      2.37165344	      0.85187502	      1.05841111	      0.09185236	      1.88217582	      1.69861838	     -5.94144050	      4.30681828	      6.81477975	     -0.03862121	      0.00000000	      0.04071521	     -0.53102688	     -4.46535416	      4.25074787	     11.17708363	      2.65688187	      0.00000000	     -2.11303161	      0.15274952	      0.38512145	      2.32180127	     -3.74557396	      0.70990427	     26.16162042	     93.06066390	     -1.27034371	     -3.56841842	     -0.96302370	     27.23508385	     82.91492550
      0.95000000	      1.11605151	     -0.38907143	      2.38052405	      0.85238596	      1.05891704	      0.09166967	      1.87374945	      1.69400683	     -5.93834551	      4.31083358	      6.81539889	     -0.03775951	      0.00000000	      0.03178721	     -0.52603641	     -4.46813686	      4.25525268	     11.17007796	      2.65789785	      0.00000000	     -2.10679819	      0.15838282	      0.38786115	      2.32496225	     -3.74142731	      0.71088660	     26.16381486	     93.06132889	     -1.26463398	     -3.57000210	     -0.96291209	     27.23760772	     82.91505764
      0.96666670	      1.12462449	     -0.36576198	      2.47527337	      0.85285660	      1.05923522	      0.09128355	      1.82673917	      1.65813224	     -5.91022172	      4.31036860	      6.82036132	     -0.02616041	      0.00000000	      0.01269661	     -0.49319191	     -4.49482132	      4.24857752	     11.09869928	      2.67195815	      0.00000000	     -2.04795997	      0.21199660	      0.41065120	      2.32087098	     -3.70344278	      0.72045534	     26.17313557	     93.06702344	     -1.23901477	     -3.57403531	     -0.95981399	     27.25394417	     82.91641044
      0.98333330	      1.11342435	     -0.37269518	      2.47503013	      0.85323666	      1.05943223	      0.09100891	      1.81002794	      1.65557874	     -5.90887911	      4.31068191	      6.82234631	     -0.02569477	      0.00000000	      0.01680871	     -0.48744689	     -4.49681829	      4.24274207	     11.08762830	      2.67534161	      0.00000000	     -2.04779106	      0.21102536	      0.40992998	      2.31500058	     -3.70027464	      0.72140557	     26.17224215	     93.06785927	     -1.23622501	     -3.57223310	     -0.95862627	     27.25558776	     82.91671626
      1.00000000	      1.12096423	     -0.32729483	      2.57609820	      0.85386863	      1.05948605	      0.09072769	      1.62858765	      1.61647166	     -5.86896514	      4.07496750	      6.96457910	     -0.00000479	      0.00000000	     -0.08964044	     -0.42427008	     -4.53385503	      3.97257951	     10.64512048	      2.84071035	      0.00000000	     -1.97774826	      0.14887563	      0.49068094	      2.11344930	     -3.66677764	      0.74285026	     26.15671455	     93.11218086	     -1.24449942	     -3.54705230	     -0.89781708	     27.29308813	     82.93442551
      1.01666670	      1.12197374	     -0.33155473	      2.57668856	      0.85422084	      1.05945064	      0.09059555	      1.59929171	      1.60988720	     -5.86702497	      4.08911500	      6.96612732	      0.00085545	      0.00000000	     -0.05621349	     -0.42122761	     -4.53656213	      3.95223882	     10.64685497	      2.83946328	      0.00000000	     -1.98467891	      0.15074229	      0.49428960	      2.11299732	     -3.66487157	      0.74324091	     26.15671773	     93.11280551	     -1.24686628	     -3.54619252	     -0.89682114	     27.29241238	     82.93470140
      1.03333330	      1.11038250	     -0.31418027	      2.64743420	      0.85448751	      1.05953563	      0.09056318	      1.56929543	      1.58260123	     -5.84920052	      4.10007235	      6.99100613	      0.00574364	      0.00000000	     -0.01791262	     -0.40311877	     -4.55977767	      3.89852613	     10.65910255	      2.82928296	      0.00000000	     -2.02475417	      0.16659626	      0.52134242	      2.10324394	     -3.65106570	      0.74618639	     26.15298842	     93.11616485	     -1.27417572	     -3.53361325	     -0.89035911	     27.28539881	     82.93626561
      1.05000000	      1.11021542	     -0.31163614	      2.64244699	      0.85459428	      1.05957464	      0.09063032	      1.54020098	      1.57421750	     -5.84793116	      4.11066872	      6.99546839	      0.00571661	      0.00000000	      0.00995894	     -0.40609534	     -4.56078454	      3.88380569	     10.66002529	      2.82887799	      0.00000000	     -2.02765793	      0.16660279	      0.52262132	      2.10063049	     -3.65000228	      0.74638519	     26.15204051	     93.11657357	     -1.27567202	     -3.53143428	     -0.88940962	     27.28525386	     82.93649332
      1.06666670	      1.10688211	     -0.30669462	      2.64378208	      0.85453644	      1.05964644	      0.09066244	      1.51708312	      1.56306799	     -5.84554269	      4.11693877	      7.00084597	      0.00604996	      0.00000000	      0.02835175	     -0.41112884	     -4.56294203	      3.87402153	     10.66021245	      2.82814081	      0.00000000	     -2.03030125	      0.16707674	      0.52582859	      2.09849719	     -3.64814123	      0.74672188	     26.15113549	     93.11698419	     -1.27912341	     -3.52925741	     -0.88849397	     27.28450507	     82.93670823
      1.08333330	      1.13797722	     -0.18023853	      2.69448073	      0.85446394	      1.05985117	      0.09066176	      1.35260235	      1.43135823	     -5.72462588	      3.93342669	      7.32428523	      0.04762357	      0.00000000	      0.01159008	     -0.28401847	     -4.65485577	      3.90759413	     10.58852886	      2.82728482	      0.00000000	     -2.09714092	      0.03972088	      0.61452672	      1.99461364	     -3.58707304	      0.75260132	     26.10468357	     93.13934323	     -1.32189007	     -3.45890427	     -0.84238755	     27.28639476	     82.94948619
      1.10000000	      1.13347604	     -0.18195982	      2.69541214	      0.85430124	      1.06030101	      0.09078641	      1.34982896	      1.42889867	     -5.72412331	      3.93443535	      7.32485919	      0.04804793	      0.00000000	      0.01107927	     -0.28550659	     -4.65507924	      3.90731271	     10.58827178	      2.82732590	      0.00000000	     -2.09684705	      0.03949969	      0.61539781	      1.99538315	     -3.58713544	      0.75253738	     26.10492109	     93.13942661	     -1.32183021	     -3.45951862	     -0.84235057	     27.28644885	     82.94952733
      1.11666670	      1.14208230	     -0.18321038	      2.73205008	      0.85398535	      1.06037142	      0.09108996	      1.34290156	      1.44641136	     -5.68588671	      3.90399999	      7.35491188	      0.08840802	      0.00000000	      0.01327516	     -0.31131394	     -4.67584830	      3.89986642	     10.54664839	      2.83700299	      0.00000000	     -2.11924718	      0.00530161	      0.68351196	      2.07727966	     -3.56131026	      0.75256337	     26.12956423	     93.14523598	     -1.29930644	     -3.50684936	     -0.84071708	     27.29167271	     82.95226884
      1.13333330	      1.14448344	     -0.18131664	      2.73034516	      0.85392629	      1.06001848	      0.09111017	      1.36166222	      1.44565376	     -5.68474604	      3.89225251	      7.35626922	      0.09044720	      0.00000000	     -0.00418460	     -0.31453300	     -4.67686618	      3.90861556	     10.54373510	      2.83766750	      0.00000000	     -2.12220205	      0.00422175	      0.68319561	      2.07757788	     -3.56004476	      0.75259775	     26.12951299	     93.14556291	     -1.29589678	     -3.50764200	     -0.84023496	     27.29270861	     82.95249321
      1.15000000	      1.13911404	     -0.18696708	      2.63520047	      0.85401489	      1.05968748	      0.09113325	      1.38384108	      1.46131315	     -5.67430213	      3.83620864	      7.36354303	      0.12196861	      0.00000000	     -0.01486392	     -0.32673219	     -4.70144206	      3.94165385	     10.50252137	      2.84220282	      0.00000000	     -2.17563639	     -0.01826388	      0.69460055	      2.11107319	     -3.52654790	      0.75537985	     26.13920900	     93.15066160	     -1.24828537	     -3.52002628	     -0.83265900	     27.30690782	     82.95597701
      1.16666670	      1.13182075	     -0.18964351	      2.64132825	      0.85438832	      1.05954473	      0.09087729	      1.39681948	      1.46099407	     -5.67127510	      3.83114804	      7.36213760	      0.12648505	      0.00000000	     -0.03620190	     -0.32606437	     -4.70826522	      3.95440305	     10.49880081	      2.84056031	      0.00000000	     -2.18153907	     -0.01920468	      0.70095111	      2.11833864	     -3.52195057	      0.75587145	     26.14133832	     93.15128552	     -1.24790747	     -3.52162411	     -0.83177766	     27.30705283	     82.95637427
      1.18333330	      1.12484655	     -0.18877912	      2.64097075	      0.85431178	      1.05952846	      0.09079513	      1.39584832	      1.46215249	     -5.67131217	      3.83203144	      7.36173754	      0.12697859	      0.00000000	     -0.04184848	     -0.32594168	     -4.70924938	      3.95760529	     10.49831739	      2.84026917	      0.00000000	     -2.18241651	     -0.01936928	      0.70181891	      2.11907599	     -3.52107604	      0.75598585	     26.14156191	     93.15137672	     -1.24817816	     -3.52176684	     -0.83162798	     27.30697398	     82.95643303
      1.20000000	      1.11055256	     -0.18971804	      2.63922513	      0.85402638	      1.05942606	      0.09071964	      1.38821644	      1.46325203	     -5.67183680	      3.83633872	      7.36111037	      0.12726826	      0.00000000	     -0.04799065	     -0.32421045	     -4.71022853	      3.96107016	     10.49797289	      2.83996725	      0.00000000	     -2.18334895	     -0.01948518	      0.70277229	      2.11930101	     -3.51996221	      0.75615464	     26.14163229	     93.15147092	     -1.24910708	     -3.52186320	     -0.83146122	     27.30668569	     82.95649122
      1.21666670	      1.16577432	     -0.15167117	      2.46979555	      0.85379994	      1.05964665	      0.09072333	      1.39163231	      1.39832194	     -5.73893909	      4.00790843	      7.28936479	      0.14769959	      0.00000000	     -0.10136426	     -0.26595204	     -4.80409062	      4.04811173	     10.49228432	      2.80003014	      0.00000000	     -2.29425209	      0.00818174	      0.81740689	      2.11529563	     -3.41101508	      0.77421740	     26.13720659	     93.16218192	     -1.40087498	     -3.50103517	     -0.80646589	     27.26251174	     82.96381493
      1.23333330	      1.16507594	     -0.15422237	      2.46679524	      0.85384383	      1.05991071	      0.09068283	      1.37677003	      1.39721783	     -5.73971766	      4.02119219	      7.28762176	      0.14865521	      0.00000000	     -0.08820177	     -0.26331040	     -4.80921872	      4.03884398	     10.49419333	      2.79780075	      0.00000000	     -2.29633403	      0.00508999	      0.81879969	      2.11738724	     -3.41226181	      0.77394220	     26.13728366	     93.16249912	     -1.40031706	     -3.50033694	     -0.80559485	     27.26300451	     82.96409546
      1.25000000	      1.16710757	     -0.15543509	      2.46541582	      0.85389686	      1.05969202	      0.09070802	      1.37231517	      1.39522721	     -5.74029595	      4.02573527	      7.28700983	      0.14875360	      0.00000000	     -0.08332517	     -0.26228141	     -4.81074684	      4.03526784	     10.49511304	      2.79709609	      0.00000000	     -2.29746582	      0.00453063	      0.81950257	      2.11784889	     -3.41249499	      0.77389696	     26.13718424	     93.16261141	     -1.40065797	     -3.49999359	     -0.80527206	     27.26294772	     82.96419295
      1.26666670	      1.26945265	     -0.04973646	      2.27004030	      0.85347094	      1.05892071	      0.09101266	      1.47352606	      1.24230381	     -5.86356678	      4.43783996	      7.28552783	      0.14729832	      0.00000000	     -0.25991641	     -0.12910078	     -5.06156903	      3.89935411	     10.67926742	      2.69874108	      0.00000000	     -2.47192376	     -0.11474679	      0.99633076	      2.23342353	     -3.42633222	      0.77379971	     26.11627880	     93.19486078	     -1.38734076	     -3.48450230	     -0.73269888	     27.28243500	     82.98912649
      1.28333330	      1.26802097	     -0.05218411	      2.26959487	      0.85310702	      1.05781828	      0.09112952	      1.47445413	      1.24332542	     -5.86417408	      4.43625412	      7.28637814	      0.14719677	      0.00000000	     -0.26586510	     -0.12456110	     -5.06187985	      3.90161970	     10.67950424	      2.69903121	      0.00000000	     -2.47316842	     -0.11408901	      0.99671790	      2.23213586	     -3.42608508	      0.77392025	     26.11557759	     93.19501556	     -1.38777004	     -3.48456507	     -0.73241042	     27.28229709	     82.98922989
      1.30000000	      1.27725331	     -0.04808414	      2.25469532	      0.85276927	      1.05724954	      0.09123093	      1.49391572	      1.25352151	     -5.87024788	      4.42459595	      7.29282476	      0.14399214	      0.00000000	     -0.27356622	     -0.11110061	     -5.06191828	      3.90617235	     10.68357963	      2.69929753	      0.00000000	     -2.47996116	     -0.11160165	      0.99809045	      2.22881463	     -3.42413165	      0.77462921	     26.11327630	     93.19571136	     -1.38595892	     -3.48549297	     -0.73120403	     27.28301253	     82.98970048
      1.31666670	      1.28253713	     -0.04674364	      2.25099424	      0.85315389	      1.05813011	      0.09120135	      1.50088092	      1.25510527	     -5.87129826	      4.42176549	      7.29408589	      0.14325833	      0.00000000	     -0.27112046	     -0.10964755	     -5.06162412	      3.90624514	     10.68438420	      2.69924588	      0.00000000	     -2.48129866	     -0.11135136	      0.99822653	      2.22911250	     -3.42370359	      0.77475310	     26.11317931	     93.19581851	     -1.38466917	     -3.48568160	     -0.73102914	     27.28346970	     82.98977583
      1.33333330	      1.26863545	     -0.03068875	      2.11577188	      0.85398334	      1.06045919	      0.09134357	      1.51681739	      1.24737594	     -5.89638610	      4.40291896	      7.32427195	      0.13056604	      0.00000000	     -0.26685900	     -0.09524512	     -5.05070724	      3.93281591	     10.69474587	      2.70305086	      0.00000000	     -2.51024945	     -0.10446649	      1.00215207	      2.22311850	     -3.40398618	      0.78042933	     26.10443367	     93.19957663	     -1.35354551	     -3.48835884	     -0.72417939	     27.29480081	     82.99240047
      1.35000000	      1.27671743	     -0.01552745	      2.10724852	      0.85435299	      1.06314881	      0.09145347	      1.50507326	      1.24025203	     -5.89205566	      4.40935849	      7.32554027	      0.13350157	      0.00000000	     -0.24112315	     -0.10661907	     -5.05003971	      3.92624961	     10.69246095	      2.70366288	      0.00000000	     -2.50942390	     -0.10344294	      1.00479332	      2.22447182	     -3.40134412	      0.78122716	     26.10398655	     93.20012458	     -1.35085648	     -3.48781298	     -0.72304512	     27.29613298	     82.99279280
      1.36666670	      1.45389850	      0.11913672	      1.91196154	      0.85434432	      1.06378672	      0.09191982	      1.28591622	      1.11597812	     -5.52592508	      4.36370212	      7.42918606	      0.65493154	      0.00000000	     -0.43691725	     -0.00356542	     -5.32443814	      3.88756122	     10.16923394	      2.73468322	      0.00000000	     -2.62639573	     -0.27228606	      1.29224322	      2.26119737	     -3.33395398	      0.84759053	     25.84781448	     93.30263228	     -1.19347023	     -3.52466609	     -0.48219205	     27.29695974	     83.07611567
      1.38333330	      1.45973601	      0.12929961	      1.90833441	      0.85427330	      1.06158702	      0.09193280	      1.26619898	      1.10271701	     -5.52223821	      4.36904808	      7.42781267	      0.65818971	      0.00000000	     -0.42394803	     -0.01787243	     -5.32251209	      3.88498258	     10.16597031	      2.73630682	      0.00000000	     -2.62569737	     -0.26947006	      1.28933309	      2.25891670	     -3.33373620	      0.84780917	     25.84637534	     93.30301368	     -1.18951453	     -3.52412830	     -0.48117182	     27.29775781	     83.07646044
      1.40000000	      1.49338416	      0.17203543	      1.97340078	      0.85431452	      1.05856309	      0.09162589	      1.19040480	      1.04384002	     -5.43757732	      4.32477157	      7.41853305	      0.72279902	      0.00000000	     -0.41898599	      0.03115901	     -5.33357524	      4.01148713	     10.09853017	      2.75181659	      0.00000000	     -2.60446593	     -0.23421376	      1.21511468	      2.21161968	     -3.33566815	      0.85022257	     25.81766048	     93.30992238	     -1.08887108	     -3.50865086	     -0.45952566	     27.32310193	     83.08345613
      1.41666670	      1.47555867	      0.16005188	      1.98360787	      0.85477496	      1.05718373	      0.09152458	      1.19956718	      1.04978578	     -5.43808282	      4.31578566	      7.41961695	      0.72319331	      0.00000000	     -0.44643250	      0.04190685	     -5.33680080	      4.02916289	     10.09778323	      2.75084438	      0.00000000	     -2.61037514	     -0.23926102	      1.21532586	      2.21419355	     -3.33660405	      0.85002812	     25.81734825	     93.31024127	     -1.08810877	     -3.50777167	     -0.45818559	     27.32238319	     83.08383010
      1.43333330	      1.47437061	      0.13259352	      2.07594773	      0.85540914	      1.05781851	      0.09147417	      1.08475717	      1.08774956	     -5.55527275	      4.10537793	      7.49165395	      0.67040622	      0.00000000	     -0.39696472	      0.01875737	     -5.47586638	      4.23409526	     10.19791512	      2.66859011	      0.00000000	     -2.70130103	     -0.26408044	      1.17996711	      2.19937351	     -3.37602709	      0.84538387	     25.77629899	     93.32698724	     -1.05270535	     -3.47989104	     -0.39240073	     27.31191183	     83.10330344
      1.45000000	      1.46285645	      0.12922953	      2.08720696	      0.85573321	      1.05980976	      0.09167856	      1.09604678	      1.09389024	     -5.55495173	      4.10296037	      7.49073494	      0.67079040	      0.00000000	     -0.41307132	      0.02396559	     -5.47756993	      4.24320410	     10.20041903	      2.66747982	      0.00000000	     -2.70296888	     -0.26463199	      1.18052613	      2.20036482	     -3.37644748	      0.84529954	     25.77616864	     93.32733314	     -1.05365233	     -3.47923216	     -0.39099278	     27.31122306	     83.10370846
      1.46666670	      1.46136973	      0.13653392	      2.10305899	      0.85593412	      1.06212471	      0.09192037	      1.10380940	      1.08812813	     -5.55110796	      4.10313104	      7.48756898	      0.67328425	      0.00000000	     -0.42087559	      0.00807267	     -5.48009342	      4.24745899	     10.20162711	      2.66593274	      0.00000000	     -2.70292709	     -0.26570874	      1.17996410	      2.19797372	     -3.37713786	      0.84520072	     25.77500625	     93.32776833	     -1.05695696	     -3.47759836	     -0.38901080	     27.30963306	     83.10423925
      1.48333330	      1.51650412	      0.13996187	      2.21417476	      0.85656156	      1.06328393	      0.09186242	      1.05466739	      1.08244065	     -5.47758480	      4.17361242	      7.43308466	      0.72579454	      0.00000000	     -0.45905169	     -0.03926993	     -5.48572468	      4.28882517	     10.16679835	      2.67640148	      0.00000000	     -2.67602526	     -0.28740346	      1.15288651	      2.14210624	     -3.36897435	      0.84631591	     25.75566326	     93.33192316	     -1.08745227	     -3.47157765	     -0.37144942	     27.29083199	     83.10903110
      1.50000000	      1.50428971	      0.15557983	      2.21140082	      0.85773678	      1.06216830	      0.09185233	      1.03938925	      1.05993781	     -5.46797476	      4.18423880	      7.42674909	      0.73221800	      0.00000000	     -0.47668276	     -0.07599166	     -5.47959730	      4.30184902	     10.15872379	      2.68101150	      0.00000000	     -2.67352410	     -0.28718994	      1.14631790	      2.13697757	     -3.36832047	      0.84625503	     25.75367021	     93.33233983	     -1.08528616	     -3.47075522	     -0.36948607	     27.28987181	     83.10957147
      1.51666670	      1.62226814	      0.16544643	      2.21100278	      0.85857173	      1.06111987	      0.09184194	      0.90081562	      1.04816340	     -5.30759250	      4.30770047	      7.35597226	      0.83654944	      0.00000000	     -0.59753239	     -0.11611032	     -5.39546485	      4.41923966	     10.05113736	      2.75985161	      0.00000000	     -2.55622880	     -0.29870293	      1.07191016	      2.02700131	     -3.34972577	      0.84710480	     25.72048011	     93.33749767	     -1.13205379	     -3.45993760	     -0.34444585	     27.25542037	     83.11575494
      1.53333330	      1.60075612	      0.17623591	      2.20812908	      0.85897378	      1.06101008	      0.09199891	      0.87316383	      1.03832639	     -5.30121614	      4.31792191	      7.35443227	      0.84044615	      0.00000000	     -0.59761096	     -0.13381058	     -5.39139136	      4.41682899	     10.04774365	      2.76315530	      0.00000000	     -2.55698600	     -0.29680001	      1.07078283	      2.02683150	     -3.34947502	      0.84691861	     25.71983103	     93.33773709	     -1.13451042	     -3.45902745	     -0.34315270	     27.25287984	     83.11604695
      1.55000000	      1.72572701	      0.19532613	      2.19353937	      0.85983867	      1.06186266	      0.09232569	      0.50910687	      1.05726027	     -4.88001763	      4.03130470	      7.37375504	      1.11494092	      0.00000000	     -0.94340145	     -0.12202721	     -5.20611212	      4.10982953	      9.86930728	      3.01937322	      0.00000000	     -2.48932426	     -0.26291061	      0.93879583	      1.96653599	     -3.29566463	      0.83036640	     25.64149929	     93.36057084	     -1.31736148	     -3.46058876	     -0.23903810	     27.01476721	     83.13867903
      1.56666670	      1.71458430	      0.20843273	      2.19972203	      0.85988167	      1.06175175	      0.09278966	      0.48318686	      1.05686226	     -4.87752195	      4.04499939	      7.37333153	      1.11659899	      0.00000000	     -0.94514648	     -0.13494876	     -5.20626111	      4.10699032	      9.86925986	      3.02052298	      0.00000000	     -2.48517611	     -0.26334547	      0.93766494	      1.96757998	     -3.29660947	      0.82992516	     25.64051662	     93.36092075	     -1.31618951	     -3.45850442	     -0.23736858	     27.01316563	     83.13896713
      1.58333330	      1.75186958	      0.20929897	      2.33125376	      0.85939147	      1.06075105	      0.09310939	      0.40410487	      1.08152626	     -4.83024288	      4.08078235	      7.39516574	      1.13158068	      0.00000000	     -0.99424445	     -0.16680849	     -5.19394265	      4.06212761	      9.88910626	      3.04054032	      0.00000000	     -2.44043682	     -0.30154979	      0.93081628	      1.95580033	     -3.28902566	      0.82861642	     25.62658657	     93.36391960	     -1.31704595	     -3.45205703	     -0.22488780	     26.99448611	     83.14092389
      1.60000000	      1.85401759	      0.23074979	      2.54173965	      0.85892523	      1.05943214	      0.09335883	      0.12822688	      1.11912249	     -4.80230817	      3.86403695	      7.71569188	      1.03138926	      0.00000000	     -1.19810025	     -0.17324206	     -4.85882023	      3.81923654	     10.10355695	      3.31178412	      0.00000000	     -2.46702339	     -0.34934475	      0.85154311	      1.86277145	     -3.22840374	      0.81501617	     25.50595861	     93.38277704	     -1.21856502	     -3.50880154	     -0.14639848	     26.85916645	     83.15360964
      1.61666670	      1.85116794	      0.23020905	      2.65797726	      0.85874645	      1.05836585	      0.09347391	      0.12333497	      1.15163658	     -4.80366806	      3.85559012	      7.73290157	      1.02103844	      0.00000000	     -1.17068062	     -0.20493747	     -4.86758502	      3.75680772	     10.13638403	      3.31862548	      0.00000000	     -2.51314051	     -0.40559345	      0.86012800	      1.89113790	     -3.24595168	      0.80861221	     25.50370551	     93.38382317	     -1.21825445	     -3.49401922	     -0.13443235	     26.84336585	     83.15511408
      1.63333330	      1.88843424	      0.24074706	      3.00314080	      0.85954569	      1.05825013	      0.09328050	     -0.02322513	      1.18209150	     -5.02335725	      3.71454053	      7.95751206	      0.75225190	      0.00000000	     -1.16368343	     -0.22965970	     -4.53205920	      3.69873200	     10.40853207	      3.64285538	      0.00000000	     -2.64254400	     -0.48119649	      0.76602575	      1.86395557	     -3.23229730	      0.77294423	     25.42452970	     93.39626069	     -0.98969995	     -3.54149971	     -0.03895107	     26.76068162	     83.16846628
      1.65000000	      1.87594603	      0.23969026	      3.11928230	      0.86083189	      1.05872814	      0.09353092	     -0.04758952	      1.20308763	     -5.02428449	      3.73528804	      7.95204443	      0.74477537	      0.00000000	     -1.14511535	     -0.26062008	     -4.54904555	      3.66844510	     10.42640557	      3.64957652	      0.00000000	     -2.66822828	     -0.52759511	      0.77533752	      1.86910050	     -3.24343922	      0.76696588	     25.42110235	     93.39676132	     -1.01670919	     -3.52983579	     -0.02711047	     26.74029044	     83.16982556
      1.66666670	      1.85270146	      0.25236390	      3.13485849	      0.86151688	      1.05980961	      0.09411935	     -0.07436193	      1.20765637	     -5.02756873	      3.74917033	      7.95106254	      0.74178116	      0.00000000	     -1.13464148	     -0.27129555	     -4.55108792	      3.66113941	     10.42791401	      3.65112525	      0.00000000	     -2.67152827	     -0.53180238	      0.77468244	      1.86822246	     -3.24606000	      0.76595883	     25.42005580	     93.39680012	     -1.01761234	     -3.52776187	     -0.02546633	     26.73852305	     83.17001522
      1.68333330	      1.86219746	      0.29501507	      3.52952947	      0.86191362	      1.06071973	      0.09434283	     -0.27943936	      1.21156187	     -5.47661560	      3.57243277	      7.87896130	      0.44311155	      0.00000000	     -1.18776098	     -0.27229051	     -4.54063863	      3.55256994	     10.36072254	      3.95116292	      0.00000000	     -2.59439613	     -0.69066680	      0.62597175	      1.63316739	     -3.17188982	      0.72396844	     25.34424174	     93.40261164	     -1.00701117	     -3.62229094	      0.06786470	     26.63402214	     83.18198341
      1.70000000	      1.84744431	      0.31280394	      3.54383922	      0.86185830	      1.06057431	      0.09480488	     -0.26850529	      1.22747706	     -5.47796061	      3.56463138	      7.87549247	      0.44301466	      0.00000000	     -1.20753259	     -0.27531289	     -4.54325170	      3.55352123	     10.35998957	      3.95405318	      0.00000000	     -2.59694586	     -0.69469131	      0.62573351	      1.63743152	     -3.17420710	      0.72246554	     25.34544961	     93.40259180	     -1.00850959	     -3.61962003	      0.07024552	     26.63205787	     83.18227184
      1.71666670	      1.84122056	      0.33048531	      3.56023719	      0.86223050	      1.05948875	      0.09518963	     -0.23161828	      1.25013968	     -5.48171675	      3.53999617	      7.87334789	      0.44239093	      0.00000000	     -1.24769731	     -0.27124714	     -4.54745075	      3.55953761	     10.35790336	      3.95652053	      0.00000000	     -2.59869650	     -0.69804411	      0.62500359	      1.64275432	     -3.17516120	      0.72138803	     25.34718417	     93.40258364	     -1.00719087	     -3.61859307	      0.07194512	     26.63123418	     83.18247987
      1.73333330	      1.79314370	      0.33483660	      3.59970529	      0.86364200	      1.05903317	      0.09604816	     -0.40995753	      1.33302044	     -5.63819774	      3.01608674	      7.54060949	      0.46868656	      0.00000000	     -1.56749442	     -0.26910343	     -4.67309465	      2.96013494	      9.98580685	      4.37170043	      0.00000000	     -2.39272472	     -0.75894594	      0.45873411	      1.61733106	     -3.08523548	      0.65520541	     25.37393321	     93.40855721	     -1.12121908	     -3.71425857	      0.22170441	     26.50609862	     83.19953410
      1.75000000	      1.77876317	      0.36494652	      3.60846698	      0.86432038	      1.05916990	      0.09699064	     -0.37282478	      1.35967223	     -5.64021897	      2.99751528	      7.54038938	      0.46874469	      0.00000000	     -1.61521666	     -0.26962566	     -4.67480505	      2.97547970	      9.98410050	      4.37402217	      0.00000000	     -2.39432659	     -0.75613349	      0.45612916	      1.62261398	     -3.08722627	      0.65401741	     25.37529331	     93.40858848	     -1.11575373	     -3.71291232	      0.22355398	     26.50715653	     83.19970814
      1.76666670	      1.75603496	      0.34870789	      3.53144056	      0.86460819	      1.05875878	      0.09791529	     -0.35707883	      1.44198817	     -5.67476566	      2.94374099	      7.55135423	      0.46458105	      0.00000000	     -1.72512592	     -0.31949975	     -4.71548501	      2.83284032	      9.95188495	      4.41340894	      0.00000000	     -2.35044872	     -0.79244957	      0.41377185	      1.66989355	     -3.07127535	      0.64316900	     25.39818032	     93.40960327	     -1.07226769	     -3.74620926	      0.24365201	     26.51044771	     83.20124212
      1.78333330	      1.83853672	      0.40317853	      3.45314527	      0.86465386	      1.05786192	      0.09855245	     -0.46432951	      1.44028524	     -5.61664840	      3.00440645	      7.71418879	      0.57130966	      0.00000000	     -2.11341943	     -0.27955160	     -4.95285142	      2.31727573	      9.58027788	      4.71624804	      0.00000000	     -2.32525510	     -0.75337709	      0.26902395	      1.72725838	     -3.03019447	      0.57208187	     25.44856549	     93.41913503	     -1.24846628	     -3.79260653	      0.41746626	     26.40478280	     83.20985774
      1.80000000	      1.82915130	      0.43441993	      3.46105385	      0.86357071	      1.05776971	      0.09935542	     -0.47198405	      1.45601157	     -5.61557951	      3.00977533	      7.71570861	      0.57305443	      0.00000000	     -2.11389461	     -0.28650322	     -4.95831031	      2.30870267	      9.58071649	      4.71544839	      0.00000000	     -2.32445358	     -0.75160501	      0.26406076	      1.72472586	     -3.03431015	      0.57105485	     25.44751050	     93.41916550	     -1.24457359	     -3.78990212	      0.41898281	     26.40613902	     83.20990167
      1.81666670	      1.78617400	      0.45831104	      3.59052724	      0.86176887	      1.05907892	      0.10049573	     -0.43515157	      1.47884247	     -5.58553837	      3.04547125	      7.74561734	      0.59529746	      0.00000000	     -2.09962972	     -0.29678488	     -5.08271547	      2.12380519	      9.55791651	      4.70364343	      0.00000000	     -2.36687335	     -0.78671395	      0.14685285	      1.71291725	     -3.07513426	      0.55703181	     25.43781764	     93.41934893	     -1.08966799	     -3.77871499	      0.43679914	     26.44586850	     83.21017219
      1.83333330	      1.76871079	      0.48724736	      3.54388843	      0.85995955	      1.06122315	      0.10229304	     -0.31579010	      1.49194569	     -5.71090793	      3.24475896	      7.81917315	      0.62279741	      0.00000000	     -2.13882501	     -0.30417104	     -5.32925259	      1.84425983	      9.04820998	      4.96117221	      0.00000000	     -2.55370183	     -0.76639074	      0.03906806	      1.87260989	     -3.06162301	      0.51384926	     25.46766610	     93.42565160	     -0.90818827	     -3.82697841	      0.54384003	     26.41140929	     83.20870149
      1.85000000	      1.71611530	      0.49820749	      3.63576669	      0.85988005	      1.06205023	      0.10375692	     -0.29188788	      1.54539694	     -5.72059096	      3.25854888	      7.79951187	      0.63613451	      0.00000000	     -2.07397963	     -0.34673065	     -5.41798105	      1.70919501	      9.01912418	      4.96581118	      0.00000000	     -2.65573630	     -0.78017193	     -0.01387002	      1.85623471	     -3.08891192	      0.50515952	     25.44609856	     93.42671386	     -0.81783599	     -3.81622491	      0.56055149	     26.42584089	     83.20828773
      1.86666670	      1.65698558	      0.48304693	      3.71428706	      0.86091112	      1.06081976	      0.10517679	     -0.24209485	      1.62906138	     -5.79946678	      3.33526935	      7.73268109	      0.62421029	      0.00000000	     -2.00733185	     -0.43217770	     -5.53248648	      1.56241165	      8.90403657	      5.01871277	      0.00000000	     -2.79306523	     -0.75749476	     -0.07333403	      1.87791636	     -3.11011103	      0.49483454	     25.42754315	     93.42863844	     -0.62759262	     -3.82938062	      0.57987763	     26.46409037	     83.20699233
      1.88333330	      1.63894046	      0.53229547	      3.72330734	      0.86204807	      1.05930388	      0.10680911	     -0.28008919	      1.64497406	     -5.80516744	      3.36597953	      7.72670662	      0.62291812	      0.00000000	     -1.97923854	     -0.46038040	     -5.53789252	      1.54326521	      8.89669781	      5.02278531	      0.00000000	     -2.80292795	     -0.74874847	     -0.07324994	      1.88395805	     -3.11585915	      0.49356948	     25.42733638	     93.42866994	     -0.61835402	     -3.82504404	      0.58167799	     26.46617409	     83.20697623
      1.90000000	      1.62034052	      0.46896399	      3.88250758	      0.86210285	      1.05897516	      0.10832188	     -0.09830612	      1.76284340	     -6.15298257	      3.79727465	      7.58432984	      0.43800662	      0.00000000	     -1.98344365	     -0.62354886	     -5.74194231	      1.30055899	      8.48186940	      5.35881558	      0.00000000	     -3.09042669	     -0.62625741	     -0.04360336	      2.00395738	     -3.14212519	      0.46557365	     25.40005686	     93.43542135	     -0.29572369	     -3.85683347	      0.64476268	     26.52766157	     83.20156118
      1.91666670	      1.58909576	      0.52669260	      3.90250325	      0.86327288	      1.05978030	      0.10985788	     -0.11905364	      1.77790902	     -6.15079716	      3.81894858	      7.58214108	      0.43851556	      0.00000000	     -1.97837323	     -0.66067465	     -5.74862979	      1.28738040	      8.48043020	      5.36049596	      0.00000000	     -3.09766986	     -0.62521043	     -0.04435855	      2.00892884	     -3.15020453	      0.46390634	     25.39973179	     93.43541239	     -0.29024351	     -3.85003582	      0.64688264	     26.52913527	     83.20156528
      1.93333330	      1.62825426	      0.51579447	      4.00634532	      0.86480261	      1.06037938	      0.11109121	     -0.08056932	      1.87051460	     -6.18536283	      4.06497337	      7.58619065	      0.31355632	      0.00000000	     -2.13525201	     -0.78179668	     -6.04164794	      1.00151248	      8.08123075	      5.83960333	      0.00000000	     -3.32219846	     -0.62648711	      0.01658093	      2.10709391	     -3.19161443	      0.41807109	     25.29983198	     93.45132440	     -0.11182027	     -3.84066755	      0.75708334	     26.53285808	     83.18787675
      1.95000000	      1.60769605	      0.58661175	      4.02580329	      0.86652718	      1.05957406	      0.11258215	     -0.07415316	      1.88788149	     -6.18054348	      4.06240530	      7.58547820	      0.31622744	      0.00000000	     -2.15371544	     -0.82255000	     -6.04627449	      1.00656726	      8.08049349	      5.84009087	      0.00000000	     -3.32879076	     -0.61950938	      0.01603790	      2.11351586	     -3.19759929	      0.41685003	     25.29941362	     93.45138728	     -0.10472591	     -3.83687352	      0.75820329	     26.53444231	     83.18774093
      1.96666670	      1.57732500	      0.61295746	      4.15481060	      0.86739786	      1.05886017	      0.11434341	     -0.08734016	      1.97960195	     -6.11005033	      3.96889811	      7.60310781	      0.34988036	      0.00000000	     -2.13696759	     -0.93606612	     -6.09555039	      1.00563211	      8.04454012	      5.86487961	      0.00000000	     -3.35898725	     -0.65333871	      0.03929004	      2.20586466	     -3.21875391	      0.40864108	     25.30104505	     93.45288726	     -0.05917580	     -3.85933265	      0.76004811	     26.53514745	     83.18468635
      1.98333330	      1.55066893	      0.60937484	      4.09299166	      0.86730701	      1.05908409	      0.11672854	     -0.13354078	      2.11033146	     -5.99855931	      3.74309471	      7.65509869	      0.40771983	      0.00000000	     -2.08317608	     -1.09883155	     -6.09695795	      1.18531479	      7.93379636	      5.95344921	      0.00000000	     -3.40570345	     -0.62820933	      0.05122639	      2.37825010	     -3.25046568	      0.39432897	     25.29226100	     93.45563680	      0.04672291	     -3.90285262	      0.75991525	     26.53592292	     83.17856863
      2.00000000	      1.53942715	      0.57399533	      4.20547493	      0.86647672	      1.06031209	      0.11936668	     -0.21820271	      2.28299306	     -5.69779128	      3.53658701	      7.72549387	      0.55844197	      0.00000000	     -1.91443535	     -1.31961236	     -6.21454000	      1.54364183	      7.81001108	      6.04659511	      0.00000000	     -3.61730473	     -0.47215275	      0.04819083	      2.63319261	     -3.27918178	      0.37492842	     25.20169225	     93.46420554	      0.15969296	     -3.91602072	      0.76985753	     26.48997034	     83.16504893
      2.01666670	      1.49985173	      0.65759015	      4.23353118	      0.86712379	      1.06087226	      0.12225480	     -0.22151333	      2.29572241	     -5.69098485	      3.54020352	      7.72712932	      0.56235793	      0.00000000	     -1.93205434	     -1.37885211	     -6.21830427	      1.55732081	      7.80963202	      6.04570497	      0.00000000	     -3.62502160	     -0.46040486	      0.05318278	      2.64980911	     -3.28856503	      0.37320930	     25.20165585	     93.46427367	      0.15905556	     -3.90985157	      0.77085986	     26.48804995	     83.16478852
      2.03333330	      1.47188822	      0.55268383	      4.37905447	      0.86885592	      1.06040835	      0.12517255	     -0.25024560	      2.56498001	     -5.31784686	      3.48380932	      7.97739729	      0.72413876	      0.00000000	     -1.60632768	     -1.72900988	     -6.39141932	      2.16993126	      7.72906738	      6.06332097	      0.00000000	     -3.98304542	     -0.26535977	      0.05204834	      3.09148307	     -3.29127337	      0.35949043	     25.07027966	     93.47828340	      0.34891885	     -4.02923646	      0.75650735	     26.41890832	     83.14356936
      2.05000000	      1.41388526	      0.60168450	      4.51036222	      0.87230248	      1.05915857	      0.12766303	     -0.28939164	      2.64729184	     -5.28532127	      3.54399903	      8.00707249	      0.73690952	      0.00000000	     -1.60231222	     -1.85682965	     -6.41999601	      2.22704591	      7.73846454	      6.05421665	      0.00000000	     -4.02326533	     -0.30415030	      0.10418259	      3.17918756	     -3.31160009	      0.35540207	     25.05878269	     93.48019973	      0.29289714	     -4.03669048	      0.75588927	     26.38460265	     83.14042663
      2.06666670	      1.41448297	      0.45131252	      4.58836089	      0.87419593	      1.05763543	      0.13021020	     -0.26908068	      2.97108598	     -5.16980021	      3.74409421	      8.49559407	      0.72977429	      0.00000000	     -1.33554785	     -2.26619075	     -6.61790619	      2.96361548	      8.02254226	      5.96922813	      0.00000000	     -4.31516062	     -0.08067082	      0.04701708	      3.57346736	     -3.33204547	      0.36858054	     24.67491394	     93.51383992	      0.42724642	     -4.06337601	      0.72537094	     26.25937292	     83.09842760
      2.08333330	      1.35878770	      0.42605759	      4.66613358	      0.87526620	      1.05609371	      0.13261844	     -0.18334722	      3.15947279	     -5.20902444	      3.93698176	      8.79060470	      0.68000104	      0.00000000	     -1.10091266	     -2.50777875	     -6.64938467	      3.58324068	      8.36286248	      5.88622941	      0.00000000	     -4.46073945	      0.01122624	      0.06781325	      3.83609072	     -3.31044222	      0.41925309	     24.34478938	     93.55375612	      0.49380523	     -4.20153523	      0.64895538	     26.15686475	     83.04844616
      2.10000000	      1.27290103	      0.40758178	      4.68921957	      0.87687223	      1.05454448	      0.13482518	     -0.11818031	      3.34930597	     -5.26028947	      3.98968074	      9.06969582	      0.59791093	      0.00000000	     -0.73784640	     -2.72973781	     -6.64785607	      4.37741897	      8.68191370	      5.71537083	      0.00000000	     -4.60546467	      0.08461748	      0.10274778	      4.07846269	     -3.35097773	      0.46812907	     24.14930098	     93.58790564	      0.55066935	     -4.29592387	      0.56994592	     26.09758424	     83.00354880
      2.11666670	      1.18263892	      0.39645643	      4.74891923	      0.88046876	      1.05332106	      0.13693067	     -0.09813883	      3.53905216	     -5.29837714	      3.99164940	      9.35799489	      0.50939296	      0.00000000	     -0.25325098	     -2.95766226	     -6.62788936	      5.38996471	      9.07810153	      5.43352124	      0.00000000	     -4.72780403	      0.16738805	      0.13755889	      4.25751006	     -3.39164014	      0.52618435	     24.02106138	     93.62225465	      0.57691414	     -4.39347564	      0.47648296	     26.04823010	     82.95659160
      2.13333330	      0.52066822	      0.34051413	      4.88292786	      0.88596915	      1.05268908	      0.13880294	      0.54556745	      3.70593351	     -5.57016286	      4.13742364	      9.65344269	      0.46694104	      0.00000000	      0.98020389	     -3.17258584	     -6.17759604	      6.64370407	      9.69792055	      4.80872933	      0.00000000	     -4.02390305	      0.27173274	     -0.11475868	      4.39118288	     -3.40002169	      0.93753387	     23.68018759	     93.83208456	      0.26099641	     -4.43061500	     -0.01386470	     25.86645221	     82.67854057
      2.15000000	      0.47504601	      0.35775851	      4.88788317	      0.89128009	      1.05381988	      0.14063205	      0.35038030	      3.85705028	     -5.55967387	      4.07970190	      9.92087050	      0.44960055	      0.00000000	      1.52829519	     -3.38019861	     -6.02974002	      7.91411981	     10.04974743	      4.39024588	      0.00000000	     -4.18188757	      0.32187642	     -0.03569144	      4.42223912	     -3.45665103	      1.03958521	     23.72019741	     93.88529934	      0.16608188	     -4.52785352	     -0.16428920	     25.84945614	     82.59998767
      2.16666670	      0.05397364	      0.45471265	      5.08513509	      0.89590398	      1.05311973	      0.14154655	      0.52701869	      3.85844532	     -5.79817346	      4.07254061	     10.25178275	      0.44389409	      0.00000000	      2.84669197	     -3.45357854	     -5.39166472	      9.78328654	     10.37808642	      3.37430689	      0.00000000	     -3.76602477	      0.30669127	     -0.20827174	      4.14359721	     -3.52550970	      1.26542381	     24.06753126	     94.01592347	     -0.18379172	     -4.60320613	     -0.54456225	     25.83756665	     82.39301549
      2.18333330	      0.01164476	      0.49354040	      5.18119826	      0.90073151	      1.05128313	      0.14205316	      0.28941447	      3.93705701	     -5.70844589	      4.18349422	     10.72616394	      0.42733363	      0.00000000	      4.12091363	     -3.65932774	     -4.96617054	     12.34255622	     10.77137395	      2.50669951	      0.00000000	     -3.93587169	      0.36144853	     -0.15439062	      4.01565736	     -3.57687186	      1.31678988	     24.20443403	     94.06172210	     -0.32164250	     -4.70966943	     -0.71657006	     25.83307541	     82.30610628
      2.20000000	     -0.79908017	      0.51225883	      5.44315441	      0.90748724	      1.04833389	      0.14193269	      0.83099846	      3.90435476	     -5.94489452	      4.41510695	     11.26841625	      0.53468025	      0.00000000	      6.66957509	     -3.70868246	     -3.90304064	     15.70920412	     10.79847792	      0.50304966	      0.00000000	     -2.95039168	      0.33036123	     -0.36508240	      3.44268837	     -3.63065928	      1.34864859	     24.76904509	     94.16334937	     -0.88545116	     -4.74609352	     -1.14307566	     25.78992548	     82.08279652
      2.21666670	     -1.30829330	      0.45266531	      5.52152365	      0.91504976	      1.04810613	      0.14187741	      0.98383904	      3.95431157	     -5.95152893	      4.65106904	     11.87517243	      0.72393411	      0.00000000	      9.05214873	     -3.83656838	     -3.08291393	     19.40210028	     10.85267955	     -1.35469591	      0.00000000	     -2.30571570	      0.46077914	     -0.31634980	      2.99501489	     -3.76947925	      1.27526982	     25.10705083	     94.25457486	     -1.40387000	     -4.66240773	     -1.55041224	     25.63006741	     81.87220020
      2.23333330	     -1.35034288	      0.33152461	      5.36783109	      0.92276504	      1.05108527	      0.14196705	      0.52877925	      4.11050503	     -5.58228662	      4.72755390	     12.37619904	      0.94278991	      0.00000000	     10.87480995	     -4.06129087	     -2.59986641	     22.91807835	     10.87454952	     -2.64936033	      0.00000000	     -2.21369822	      0.80426068	     -0.09477514	      2.76629052	     -4.00601750	      1.20977774	     25.21602778	     94.29418218	     -1.91295350	     -4.50893343	     -1.73746584	     25.43259113	     81.77879694
      2.25000000	     -2.33250753	      0.32559144	      5.28973204	      0.93072567	      1.05439267	      0.14188695	      1.12881353	      3.98427062	     -5.70845298	      4.91534660	     12.62368767	      1.26415728	      0.00000000	     13.64533136	     -3.83540120	     -1.51679345	     25.89391358	      9.96367614	     -5.07301833	      0.00000000	     -0.79448901	      0.80774233	      0.04339535	      2.09215797	     -4.15130367	      1.09563345	     25.76592838	     94.41208969	     -2.73101363	     -4.40051043	     -2.35385422	     24.98206586	     81.52409959
      2.26666670	     -2.66636284	      0.39870154	      4.98663207	      0.93759196	      1.05838063	      0.14215085	      1.02632072	      3.83345102	     -5.57071064	      4.96977998	     12.74912387	      1.60504262	      0.00000000	     15.49363119	     -3.58479455	     -0.94357414	     27.95790971	      9.26659944	     -6.51209342	      0.00000000	     -0.29902809	      0.87343356	      0.43181077	      1.78287347	     -4.38942202	      0.96358600	     26.08457114	     94.52333398	     -3.31302555	     -4.22327233	     -2.85917599	     24.61884726	     81.32333843
      2.28333330	     -2.85614135	      0.50852441	      4.61846261	      0.94372517	      1.05990254	      0.14260015	      0.89019544	      3.65708948	     -5.33202770	      5.11256846	     12.75042627	      1.97655332	      0.00000000	     17.08535419	     -3.27499686	     -0.53933624	     29.22120017	      8.70596557	     -7.52038531	      0.00000000	     -0.02577114	      0.88420925	      0.81127633	      1.58941114	     -4.55759756	      0.87692508	     26.40590460	     94.61546801	     -3.86104962	     -4.15934182	     -3.28400425	     24.27123355	     81.17117657
      2.30000000	     -3.10369493	      0.76276691	      4.23613345	      0.94989624	      1.05994455	      0.14292384	      0.95672336	      3.30056123	     -5.37162135	      5.36723795	     12.80575353	      2.24160863	      0.00000000	     18.62720810	     -2.75308934	     -0.26131628	     29.62557591	      8.29664386	     -8.42140176	      0.00000000	      0.30589934	      0.66051966	      1.22335044	      1.39749106	     -4.71183280	      0.79511023	     26.83370624	     94.73098598	     -4.33618477	     -4.10392122	     -3.85896760	     23.85052508	     80.98225215
      2.31666670	     -2.92369368	      0.88017750	      3.87294764	      0.95673498	      1.06058935	      0.14321193	      0.52252756	      3.16882392	     -5.31297885	      5.41277190	     12.78517681	      2.34309793	      0.00000000	     19.69637400	     -2.46046071	     -0.15350848	     29.50968600	      8.31282576	     -8.49797442	      0.00000000	      0.09342470	      0.59271701	      1.53959143	      1.57956535	     -4.87585199	      0.75599183	     26.92792815	     94.74227997	     -4.78921888	     -4.11968753	     -3.94657419	     23.63319266	     80.95492864
      2.33333330	     -3.20207036	      0.91534370	      3.34149055	      0.96386007	      1.06076170	      0.14342449	      0.73066600	      3.05507594	     -5.30369072	      5.69411276	     12.96338643	      2.86513030	      0.00000000	     21.06626591	     -2.22116668	      0.04059545	     28.72879911	      7.96112917	     -9.30397431	      0.00000000	      0.55855177	      0.63880236	      2.16900424	      1.27667360	     -5.11105956	      0.73144187	     27.41740974	     94.88970196	     -5.18146125	     -3.92079280	     -4.94353251	     22.96551654	     80.65802181
      2.35000000	     -3.03631015	      0.87048379	      2.88180979	      0.96995955	      1.06138384	      0.14366841	      0.41596939	      3.07198320	     -5.34011030	      5.81616761	     12.83029306	      2.94423044	      0.00000000	     21.86929748	     -2.12990094	      0.20962961	     27.57446069	      8.02043421	     -9.29424426	      0.00000000	      0.40393289	      0.78792477	      2.46520856	      1.46568498	     -5.28247506	      0.69161696	     27.50302781	     94.89840958	     -5.66429785	     -3.89315889	     -5.04213293	     22.74269655	     80.63027254
      2.36666670	     -3.00026274	      0.91021236	      2.31114225	      0.97640805	      1.06171222	      0.14446067	      0.21488730	      2.97977161	     -5.40906299	      5.80141590	     12.32599541	      3.20879287	      0.00000000	     22.59999526	     -2.05847028	      0.02492429	     25.97347122	      7.42016512	     -9.36288090	      0.00000000	      0.38490457	      0.75890770	      2.93386216	      1.51632484	     -5.40332546	      0.69494791	     27.64011410	     94.94127725	     -6.09889764	     -3.83414487	     -5.45886426	     22.30999276	     80.51571621
      2.38333330	     -2.93531365	      0.85117550	      1.89877026	      0.98447876	      1.06203745	      0.14526713	     -0.08185047	      2.98568556	     -5.67610575	      5.64770607	     11.70989367	      3.29408217	      0.00000000	     23.19701083	     -2.06241720	     -0.05979638	     24.15559727	      6.63168871	     -9.35461297	      0.00000000	      0.33235965	      0.86579132	      3.44569295	      1.50922905	     -5.58620743	      0.70666970	     27.72815275	     94.98154248	     -6.35669952	     -3.74972361	     -5.96804970	     21.83627822	     80.38023868
      2.40000000	     -2.84112235	      0.74901982	      1.59665915	      0.99414500	      1.06287477	      0.14601632	     -0.54860826	      3.05790171	     -6.01583856	      5.30083485	     11.02453263	      3.28178564	      0.00000000	     23.61342798	     -2.11131453	     -0.18922381	     22.16332246	      5.78610995	     -9.11623144	      0.00000000	      0.28670989	      0.94366050	      3.93293026	      1.49716627	     -5.75101147	      0.71310545	     27.78754404	     95.00476778	     -6.60577897	     -3.67969504	     -6.44481626	     21.33972065	     80.25834149
      2.41666670	     -2.74006075	      0.70286102	      1.40674797	      1.00364852	      1.06495213	      0.14638881	     -1.14075846	      3.09556126	     -6.34878001	      4.79535861	     10.39711207	      3.23935731	      0.00000000	     23.84665362	     -2.07198634	     -0.39270641	     19.98729614	      4.78733329	     -8.57856930	      0.00000000	      0.21593529	      0.90786567	      4.40172735	      1.46770262	     -5.85699171	      0.71813850	     27.80442293	     95.01311741	     -6.77935431	     -3.67306734	     -6.91005116	     20.82012203	     80.14480684
      2.43333330	     -2.26722811	      0.81819160	      1.17548405	      1.01152195	      1.06785951	      0.14651287	     -2.13810134	      2.98030837	     -6.47492762	      4.22138851	      9.73902441	      3.17247132	      0.00000000	     23.46651053	     -1.87173757	     -0.79452086	     17.50635102	      3.78730504	     -7.76224286	      0.00000000	     -0.41694211	      0.65188725	      5.05594956	      1.55333247	     -5.93466296	      0.66999095	     27.78042403	     94.98298949	     -6.49435788	     -3.59653876	     -7.96169602	     19.80099915	     79.91163297
      2.45000000	     -2.29127285	      0.87279148	      1.22285413	      1.01828537	      1.06798141	      0.14610928	     -2.53322596	      2.93830009	     -6.69986196	      3.63494292	      9.14431210	      3.31351710	      0.00000000	     23.77807715	     -1.60820919	     -0.96965555	     15.16002428	      2.40029398	     -6.76822828	      0.00000000	     -0.55221486	      0.39045686	      5.25064218	      1.62331259	     -5.94551329	      0.64244618	     27.79837336	     94.95994471	     -6.58210597	     -3.69859580	     -8.24590230	     19.51494927	     79.86237852
      2.46666670	     -2.13809741	      1.03187184	      1.21698249	      1.02506384	      1.06633764	      0.14543870	     -2.93719856	      2.73962207	     -6.89516735	      3.25358415	      8.21366531	      3.52212813	      0.00000000	     23.91628747	     -1.23530255	     -1.34874941	     12.79581620	      0.90607849	     -5.81571482	      0.00000000	     -1.02071578	      0.05209728	      5.54373674	      1.85068974	     -5.89624610	      0.60933925	     27.75971753	     94.91678664	     -6.40592187	     -3.82882429	     -8.62217325	     19.10068445	     79.79878602
      2.48333330	     -1.94937253	      1.12833959	      1.24779880	      1.03373052	      1.06436209	      0.14433037	     -3.24093182	      2.57053290	     -7.08592743	      3.23266688	      7.39774209	      3.63943228	      0.00000000	     24.08569118	     -0.88771732	     -1.58054057	     10.62173970	     -0.42225995	     -4.99131788	      0.00000000	     -1.64014967	     -0.26245573	      5.80173971	      2.13179848	     -5.87392842	      0.55525088	     27.68138535	     94.85209489	     -6.10754145	     -3.89766437	     -9.00235080	     18.65907461	     79.73845405
      2.50000000	     -1.81206921	      1.21184273	      1.29983242	      1.04449587	      1.06342927	      0.14255678	     -3.50571255	      2.36776667	     -7.30178598	      3.68498945	      7.37852426	      3.62817419	      0.00000000	     24.28740906	     -0.50719412	     -1.70016663	      8.67660932	     -1.36446889	     -4.26062148	      0.00000000	     -2.20155053	     -0.56933216	      6.00537705	      2.37549766	     -5.85706806	      0.48420196	     27.59787007	     94.76537793	     -5.77986289	     -3.94283989	     -9.37427021	     18.22124253	     79.68431853
      2.51666670	     -1.86201712	      1.27360659	      1.41042526	      1.05600992	      1.06257008	      0.14019293	     -3.74906510	      2.15525740	     -7.51285339	      4.73724914	      7.94873859	      3.45948739	      0.00000000	     24.68699955	     -0.07965285	     -1.44666515	      7.11789377	     -1.56447136	     -3.76707740	      0.00000000	     -2.43166085	     -0.80678272	      6.09355530	      2.56296900	     -5.90653622	      0.44040436	     27.60564656	     94.72704303	     -5.59965715	     -3.96210868	     -9.50125546	     18.07473736	     79.66683787
      2.53333330	     -1.74707626	      1.94888525	      1.46817261	      1.06759623	      1.06149093	      0.13797586	     -4.42786191	      1.16021451	     -8.99187919	      6.87024028	     10.81102585	      5.67709151	      0.00000000	     24.71228656	      0.91028917	     -2.13939366	      5.87172415	     -1.62289899	     -2.54755139	      0.00000000	     -2.73893299	     -1.78256498	      6.50539870	      2.39480201	     -5.73599969	      0.09831516	     27.44858977	     94.34899524	     -5.11814495	     -4.07407353	    -10.36628825	     17.22991414	     79.60141380
      2.55000000	     -2.17399404	      2.87936186	      1.55211399	      1.07816001	      1.05868287	      0.13581802	     -4.75688134	     -0.13473275	    -10.16370224	      9.76230449	     13.03442244	      7.05590422	      0.00000000	     25.35717187	      2.14742713	     -2.42653250	      5.23274134	     -1.51515157	     -2.19064139	      0.00000000	     -2.39534566	     -3.04185958	      6.67920988	      2.17009365	     -5.48722942	     -0.17114042	     27.61305470	     94.03557671	     -5.12910298	     -4.33778782	    -10.69420085	     17.27864805	     79.69660353
      2.56666670	     -2.68835746	      4.10934111	      1.61124951	      1.08882637	      1.05572141	      0.13386477	     -5.15998608	     -1.72671941	    -10.94792952	     12.86231165	     14.42281335	      7.83703440	      0.00000000	     26.07653535	      3.60311032	     -2.80449377	      5.05575782	     -1.20009536	     -2.12949928	      0.00000000	     -1.99991035	     -4.72424634	      6.87395517	      1.93436235	     -5.17939623	     -0.33276696	     27.74799332	     93.84695263	     -5.04092179	     -4.70147958	    -10.84387943	     17.33967816	     79.79262368
      2.58333330	     -2.99897640	      5.20668852	      1.55682254	      1.10105140	      1.05295849	      0.13185486	     -5.74107721	     -3.16779012	    -11.56291133	     15.63434904	     13.84205584	      7.82099432	      0.00000000	     26.67467523	      4.84329418	     -3.16621342	      5.47998884	     -0.34508950	     -2.62158631	      0.00000000	     -1.82025260	     -6.18725943	      6.94248733	      1.95700739	     -4.92915130	     -0.34974729	     27.85188699	     93.80967479	     -4.94177944	     -4.97301680	    -10.88575922	     17.35728563	     79.81614658
      2.60000000	     -3.59022691	      6.30390835	      1.39496453	      1.11625827	      1.04889536	      0.12979488	     -5.80820593	     -4.79596840	    -12.57016357	     18.28836510	     13.38400768	      9.22473731	      0.00000000	     27.31612998	      6.01141611	     -4.05216419	      5.85929488	      0.61997620	     -2.84897897	      0.00000000	     -1.02867244	     -7.60725777	      7.50075423	      1.41797719	     -4.62642282	     -0.62826885	     27.96677437	     93.59777388	     -4.94758059	     -5.29884155	    -10.98114869	     17.58839728	     79.98489179
      2.61666670	     -3.79173235	      7.08405013	      1.23897050	      1.13179975	      1.04495662	      0.12750656	     -6.20932519	     -6.01357556	    -13.10320731	     20.18651636	     11.59780387	      9.26937706	      0.00000000	     27.52372038	      6.87376400	     -4.70947995	      6.57866290	      1.58879057	     -3.68013901	      0.00000000	     -0.80833707	     -8.64497148	      7.47865498	      1.36172143	     -4.39342225	     -0.66587000	     28.02942602	     93.56165176	     -4.92716561	     -5.48368702	    -11.00477365	     17.57088938	     80.02205741
      2.63333330	     -4.04055856	      7.67048757	      1.10625621	      1.14759657	      1.04218349	      0.12499041	     -6.55201841	     -7.04243599	    -13.69045140	     21.46406367	      9.18805784	      9.25174471	      0.00000000	     27.52164101	      7.55376197	     -5.33748841	      7.15432626	      2.11069864	     -4.49495710	      0.00000000	     -0.33257549	     -9.50135352	      7.59853939	      0.97922076	     -4.13071889	     -0.73809764	     27.97417778	     93.50606534	     -5.03420091	     -5.68511330	    -11.04968117	     17.61673866	     80.08746941
      2.65000000	     -4.22813644	      7.95296595	      0.94181288	      1.16313520	      1.04153440	      0.12213736	     -6.89048187	     -7.68255541	    -13.95109269	     22.22968679	      6.33679143	      8.34562213	      0.00000000	     27.40347667	      7.93095220	     -5.77527271	      7.81667693	      1.92439054	     -5.72105746	      0.00000000	      0.11442828	     -9.95071345	      7.69048279	      0.63318162	     -3.95477223	     -1.00458218	     27.88171514	     93.36834798	     -5.13439679	     -5.72888402	    -11.12930246	     17.73531942	     80.28141455
      2.66666670	     -4.33348455	      8.18283130	      0.68387490	      1.17916885	      1.04247443	      0.11921688	     -7.37171151	     -8.26811131	    -14.23215937	     22.49545072	      4.26411646	      8.45511783	      0.00000000	     27.17447754	      8.19762136	     -6.60267349	      8.55280550	      1.86401580	     -6.43445071	      0.00000000	      0.55943988	    -10.36313694	      7.59255722	      0.38153496	     -3.76786779	     -1.01481113	     27.84687216	     93.35253441	     -5.30308733	     -5.77469617	    -11.14910727	     17.70795201	     80.32154350
      2.68333330	     -4.40254729	      8.25938108	      0.45653699	      1.19547447	      1.04387636	      0.11589355	     -8.05731656	     -8.54439542	    -13.99753050	     22.14047153	      2.27452264	      8.07634854	      0.00000000	     26.81084867	      8.38241820	     -6.95384458	      9.06318687	      1.20041354	     -7.21066412	      0.00000000	      0.93054827	    -10.48750053	      7.52224155	     -0.02360577	     -3.60298788	     -1.05407897	     27.66576218	     93.32886331	     -5.47946582	     -5.74006701	    -11.17109753	     17.80929257	     80.41233670
      2.70000000	     -4.46602725	      8.28805337	      0.38673879	      1.21221933	      1.04475751	      0.11249838	     -8.82025649	     -8.66314691	    -13.40184290	     21.68829484	      2.24636318	      7.90282075	      0.00000000	     26.58020608	      8.52681534	     -7.47019719	      9.90082487	      0.92605234	     -7.79666527	      0.00000000	      1.30678096	    -10.66951001	      7.28778205	     -0.40427552	     -3.39690852	     -1.05815291	     27.55717667	     93.32368855	     -5.52397584	     -5.80945010	    -11.17045264	     17.88330932	     80.45817086
      2.71666670	     -4.32270388	      8.37308608	      0.22704200	      1.22890242	      1.04604207	      0.10913806	     -9.50918345	     -8.82955143	    -12.04831506	     21.78881844	      2.26830064	      6.79761719	      0.00000000	     25.97273910	      8.77423127	     -7.53854703	     10.52149517	      0.14653737	     -9.05332934	      0.00000000	      1.28498241	    -10.91225741	      7.09567802	     -0.65927036	     -3.20403975	     -1.24097907	     27.25876207	     93.30841311	     -5.57665768	     -5.79293914	    -11.09472399	     18.33344084	     80.69587816
      2.73333330	     -4.24703101	      8.52976871	      0.08563686	      1.24600337	      1.04749075	      0.10560480	     -9.93794092	     -9.18325448	    -10.92920569	     22.39569904	      2.43947406	      6.14444882	      0.00000000	     25.26867930	      9.12443153	     -7.80792043	     11.10012201	      0.11257873	     -9.53072385	      0.00000000	      1.50358860	    -11.16162079	      6.84198022	     -0.89305583	     -2.99391344	     -1.34200892	     27.06590993	     93.32091660	     -5.63426095	     -5.78878132	    -11.04479637	     18.49928524	     80.85176335
      2.75000000	     -4.27978248	      8.77464532	      0.03209111	      1.26430247	      1.04940221	      0.10197906	    -10.31763015	     -9.60309991	     -9.98871813	     22.80524672	      2.47876426	      5.71312722	      0.00000000	     24.45027368	      9.62510189	     -8.02017532	     11.50513524	      0.39801435	     -9.89203204	      0.00000000	      1.93349585	    -11.56580820	      6.62350510	     -1.21083306	     -2.73506432	     -1.37210625	     26.89074931	     93.33475561	     -5.65157917	     -5.90391986	    -11.02886747	     18.57523210	     80.91793007
      2.76666670	     -4.25076203	      9.12394568	     -0.20026781	      1.28305931	      1.05183842	      0.09826938	    -10.69668047	    -10.13554992	     -8.77941080	     22.91749341	      3.21038092	      4.58613349	      0.00000000	     23.37122503	     10.21619067	     -8.32225177	     11.57664388	      0.57057222	    -10.14041318	      0.00000000	      2.22251599	    -12.00329515	      6.56867753	     -1.42557269	     -2.48819928	     -1.53906742	     26.43499847	     93.36877865	     -5.63181135	     -5.94387620	    -10.97492344	     18.77025553	     81.06287525
      2.78333330	     -4.27252262	      9.33856151	     -0.26932337	      1.30112405	      1.05444760	      0.09460409	    -11.09539824	    -10.47595265	     -7.70944480	     22.72151228	      4.88915128	      3.90721368	      0.00000000	     22.31744729	     10.72512567	     -8.40091018	     11.61664408	      1.07378468	    -10.33908148	      0.00000000	      2.75675027	    -12.34731549	      6.37779011	     -1.77286551	     -2.23193018	     -1.68895219	     26.05918562	     93.39639076	     -5.63489682	     -6.01133953	    -10.93549709	     18.84042290	     81.16411657
      2.80000000	     -4.21977140	      9.49097213	     -0.29596011	      1.31695887	      1.05488629	      0.09132594	    -11.29338002	    -10.79920160	     -6.54904058	     23.19888542	      7.27124028	      3.25294401	      0.00000000	     21.35368853	     11.15913025	     -8.43013508	     11.78931495	      1.66908193	    -10.49997554	      0.00000000	      3.10912927	    -12.59268406	      6.16085215	     -2.09564103	     -1.97369063	     -1.89795671	     25.58585749	     93.42250444	     -5.51979329	     -6.08010495	    -10.87255218	     18.90575611	     81.27278367
      2.81666670	     -4.06666833	      9.50609330	     -0.20877017	      1.33098016	      1.05419007	      0.08841659	    -11.17132938	    -10.99221004	     -5.37281964	     24.97128504	      9.70533604	      2.55045079	      0.00000000	     20.45753227	     11.47277707	     -8.12539681	     12.12720586	      2.52444034	    -10.65964628	      0.00000000	      3.31929934	    -12.72287828	      5.85539957	     -2.44100076	     -1.76040416	     -2.06156911	     25.17397466	     93.43488141	     -5.30147745	     -6.09778447	    -10.79899458	     18.96966877	     81.35076748
      2.83333330	     -4.04888576	      9.31480054	     -0.27824757	      1.34389696	      1.05401437	      0.08597903	    -10.05975342	    -10.99649927	     -3.86781819	     28.34925996	     12.01404577	      1.73726578	      0.00000000	     19.99974486	     11.40576196	     -8.29184780	     12.84316896	      3.79334409	    -10.47418727	      0.00000000	      3.63882699	    -12.63078234	      5.74828219	     -2.56821237	     -1.48153636	     -2.92481713	     23.85552210	     93.48284118	     -5.05408483	     -6.11270482	    -10.39212877	     19.10434076	     81.71819798
      2.85000000	     -3.61856089	      8.95844217	     -0.07440423	      1.35692972	      1.05633972	      0.08321060	     -8.70140186	    -10.79796709	     -2.94830805	     32.77801613	     13.43094743	      0.61360814	      0.00000000	     19.12352339	     11.29380426	     -7.61364655	     13.52455171	      5.18555807	    -10.69369207	      0.00000000	      3.17092620	    -12.49453703	      5.17814502	     -2.79363510	     -1.33645579	     -3.14046120	     23.53506695	     93.50333392	     -4.64345785	     -6.10883850	    -10.23635658	     19.21656552	     81.83397943
      2.86666670	     -3.58330338	      8.20951481	      0.01996612	      1.37093113	      1.05887187	      0.08016289	     -5.97071965	    -10.10198144	     -1.67892675	     37.91475087	     13.27010925	     -1.42044538	      0.00000000	     18.63481365	     10.67162411	     -7.26928705	     14.04516909	      6.70092574	    -10.34605632	      0.00000000	      3.26106366	    -11.77904394	      4.58788497	     -2.86446381	     -1.31204603	     -3.75759933	     22.76690885	     93.55571921	     -4.50380156	     -5.93385214	     -9.74256487	     19.56982020	     82.15757246
      2.88333330	     -3.43774443	      7.45892293	      0.19014849	      1.38655641	      1.06175175	      0.07651809	     -2.85392830	     -9.40018283	     -0.92666536	     43.15244567	     12.24782707	     -3.26644631	      0.00000000	     17.83869455	     10.06754128	     -6.98130627	     14.19171390	      7.93459061	     -9.87259084	      0.00000000	      3.15421009	    -11.12701954	      3.88267962	     -2.87248380	     -1.26029940	     -4.23941502	     22.09873642	     93.63826019	     -4.24701289	     -5.82811528	     -9.27355974	     19.92179138	     82.45608233
      2.90000000	     -3.40602652	      6.72991716	      0.36409690	      1.40393072	      1.06565357	      0.07241085	      0.53734657	     -8.63368077	     -0.29805236	     47.95511216	     10.59703122	     -5.20922475	      0.00000000	     16.90612567	      9.49467473	     -6.85085753	     14.01010756	      8.95715716	     -9.16914007	      0.00000000	      3.30114121	    -10.44203652	      3.13365612	     -2.91124305	     -1.24845167	     -4.65298606	     21.37205371	     93.73929849	     -4.00779012	     -5.69968516	     -8.79090958	     20.28024665	     82.73713474
      2.91666670	     -3.42054288	      6.07023506	      0.51368059	      1.42132239	      1.07135462	      0.06858984	      3.81294201	     -7.77865090	      0.32237747	     51.88073164	      8.88362477	     -7.26331304	      0.00000000	     15.72628225	      8.99566563	     -6.77176837	     13.53646976	      9.90425327	     -8.26064198	      0.00000000	      3.64970140	     -9.75566647	      2.34299091	     -3.01383036	     -1.27908058	     -4.98854696	     20.70898216	     93.81993574	     -3.86129589	     -5.53656081	     -8.32838755	     20.64016619	     82.96590760
      2.93333330	     -3.49347930	      5.39553392	      0.72181345	      1.43705435	      1.07669629	      0.06520791	      7.00843252	     -6.72893533	      0.95114841	     54.93290938	      7.15651911	     -9.34766174	      0.00000000	     14.44089510	      8.47100365	     -6.69511955	     12.90902490	     10.90723920	     -6.89712577	      0.00000000	      4.04958739	     -9.09020263	      1.48045872	     -3.16212105	     -1.28243055	     -5.33687657	     19.99361544	     93.90821333	     -3.69897434	     -5.44345411	     -7.76276275	     21.16455722	     83.20947916
      2.95000000	     -3.47458086	      4.70145698	      0.86576988	      1.45105319	      1.08071755	      0.06196015	     10.37263953	     -5.58057633	      1.64286783	     57.49619786	      5.31895968	    -11.43318750	      0.00000000	     12.95091557	      7.91475585	     -6.68582786	     11.99739181	     12.00571191	     -5.66980086	      0.00000000	      4.31190463	     -8.33235419	      0.47193084	     -3.23950608	     -1.32606983	     -5.61934241	     19.51282581	     93.95476409	     -3.48958454	     -5.34650208	     -7.23864549	     21.67666975	     83.40070673
      2.96666670	     -3.50818056	      3.82572404	      1.20284869	      1.46387000	      1.08402503	      0.05808451	     14.25837956	     -4.30328243	      2.05687996	     59.83532100	      3.03720297	    -13.74190309	      0.00000000	     11.59586542	      7.19356895	     -6.70212191	     11.00426433	     12.92040529	     -3.90719238	      0.00000000	      4.52898039	     -7.37119006	     -0.60285810	     -3.27278838	     -1.44167322	     -5.93332498	     18.92190283	     93.99445448	     -3.09571915	     -5.22812876	     -6.56937449	     22.39779006	     83.61345552
      2.98333330	     -3.54893669	      2.95216685	      1.57953400	      1.47632153	      1.08691936	      0.05417527	     18.54656298	     -3.09024537	      2.37572215	     61.96094141	      0.79758427	    -15.91608059	      0.00000000	     10.36292037	      6.45373005	     -6.93931591	     10.06695173	     13.83042951	     -1.89981298	      0.00000000	      4.66817491	     -6.42538179	     -1.74596452	     -3.13994736	     -1.54292802	     -6.29168775	     18.28475713	     94.04852290	     -2.60919332	     -5.19252231	     -5.67043120	     23.20655453	     83.86432143
      3.00000000	     -3.54693740	      2.10745776	      1.96547306	      1.48977401	      1.08996212	      0.05061220	     22.62664320	     -1.97132084	      2.50793116	     63.30048692	     -1.29747637	    -17.20270209	      0.00000000	      9.09178443	      5.72254811	     -7.24470835	      9.17676029	     14.41199103	      0.15984583	      0.00000000	      4.83582866	     -5.49840021	     -2.93580900	     -2.98508690	     -1.64521582	     -6.63074254	     17.80321949	     94.10018116	     -2.15110720	     -5.19340451	     -4.73092483	     23.99142617	     84.08871596
      3.01666670	     -3.42279781	      1.34984667	      2.38324445	      1.50478396	      1.09482432	      0.04740445	     25.96739237	     -0.93978428	      2.40537540	     63.48297597	     -2.62965411	    -17.79270175	      0.00000000	      7.67388158	      5.03144601	     -7.68888610	      8.38413345	     14.58281951	      2.37850017	      0.00000000	      4.89724244	     -4.68132053	     -4.06200749	     -2.85461961	     -1.71255073	     -6.96732498	     17.39934173	     94.14609189	     -1.74275644	     -5.23095260	     -3.80789146	     24.81212802	     84.27382225
      3.03333330	     -3.11532638	      0.66989895	      2.83427862	      1.52178772	      1.10074329	      0.04397998	     28.29083161	      0.01064473	      2.02870349	     62.28595467	     -3.30618896	    -17.99813299	      0.00000000	      5.96898130	      4.39063493	     -8.16845035	      7.54323564	     14.33838149	      4.56278269	      0.00000000	      4.81497250	     -3.92911437	     -5.02504521	     -2.81748172	     -1.75510392	     -7.32409036	     17.03494769	     94.18486797	     -1.37003494	     -5.25355709	     -2.95059677	     25.62667989	     84.41327858
      3.05000000	     -2.65020137	      0.09681201	      3.27097756	      1.54022401	      1.10495821	      0.04026824	     29.74728516	      0.84359555	      1.44580309	     60.19434168	     -3.75914790	    -18.36844639	      0.00000000	      3.99728775	      3.83953001	     -8.76032718	      6.53536066	     14.01195691	      6.71593453	      0.00000000	      4.67064803	     -3.28671612	     -5.79025731	     -2.89463842	     -1.76197637	     -7.79092641	     16.63463853	     94.22468083	     -1.10045990	     -5.26598427	     -2.04957464	     26.45193406	     84.51912914
      3.06666670	     -2.24042541	     -0.40473120	      3.69020773	      1.55798877	      1.10643224	      0.03656846	     30.61898856	      1.55665814	      0.73132081	     57.12183760	     -4.17367973	    -18.91698740	      0.00000000	      2.18475654	      3.35496376	     -9.47232289	      5.64231981	     13.46551735	      8.22018696	      0.00000000	      4.61430294	     -2.74654351	     -6.45701264	     -3.08084129	     -1.77329097	     -8.30153206	     16.29416775	     94.25305511	     -0.84365758	     -5.24645529	     -1.27618201	     27.14868633	     84.57234234
      3.08333330	     -1.98848047	     -0.72304055	      3.99166231	      1.57331504	      1.10347023	      0.03352288	     31.31243469	      2.07312731	      0.06726731	     53.60470078	     -4.27189081	    -19.56193473	      0.00000000	      0.70602772	      3.06922733	    -10.38565011	      4.93057185	     12.87772268	      9.14267637	      0.00000000	      4.67285392	     -2.36244515	     -7.01345410	     -3.26627054	     -1.79069364	     -8.78849934	     16.01134283	     94.26709320	     -0.59631834	     -5.23204560	     -0.63347307	     27.84388160	     84.58876937
      3.10000000	     -2.04505605	     -0.80338656	      4.17517556	      1.58680411	      1.09860230	      0.03140988	     32.22531055	      2.33798091	     -0.49646984	     50.05142541	     -3.33589327	    -20.33827016	      0.00000000	     -0.35804049	      3.09239178	    -10.99578532	      4.23106388	     12.60069575	      9.30119596	      0.00000000	      5.04071126	     -2.28826271	     -7.33616606	     -3.53987645	     -1.81250291	     -8.93786601	     15.86525020	     94.26555349	     -0.27140298	     -5.16028597	     -0.43718962	     28.27900845	     84.59090756
      3.11666670	     -1.96433564	     -0.90140440	      4.16831459	      1.60089270	      1.09387767	      0.02996701	     32.78373564	      2.73021593	     -0.81393594	     46.15691290	     -2.37748439	    -21.32270759	      0.00000000	     -1.46718508	      3.03108770	    -11.95892115	      3.45561679	     13.03659296	      9.96011776	      0.00000000	      5.10595227	     -2.07923143	     -7.77962017	     -3.45944093	     -1.75631349	     -9.62216431	     15.73760870	     94.22078888	     -0.21397336	     -5.38620589	      0.40107720	     29.67433608	     84.57018284
      3.13333330	     -2.23670440	     -0.86163670	      4.06052915	      1.61712503	      1.09019796	      0.02812383	     33.43423707	      2.99481354	     -0.83914389	     41.90052282	     -0.82419412	    -22.00429957	      0.00000000	     -2.20380207	      3.18683420	    -12.00168597	      2.22316078	     13.68459456	      9.88516768	      0.00000000	      5.63117481	     -2.04485069	     -7.92136883	     -3.61125580	     -1.76283603	     -9.78238571	     15.72698788	     94.21128656	      0.07573321	     -5.38928640	      0.54121468	     30.15587500	     84.53968628
      3.15000000	     -2.37381287	     -0.98187994	      3.93608935	      1.63421209	      1.08856304	      0.02590010	     33.45893953	      3.39612991	     -0.97243387	     36.81933284	      0.97608233	    -21.14472822	      0.00000000	     -3.09233683	      3.17315173	    -11.84922021	      0.77090176	     14.13300968	      9.86380666	      0.00000000	      5.90625285	     -1.76255548	     -8.13615877	     -3.77430540	     -1.73252251	    -10.50615462	     15.92216211	     94.13620590	     -0.00607552	     -5.53293226	      1.08952902	     31.51133735	     84.36648083
      3.16666670	     -2.53739349	     -1.28740554	      3.98383518	      1.65082662	      1.08687090	      0.02365564	     33.15078227	      3.93260598	     -1.16078581	     31.02689303	      2.70208629	    -19.47275137	      0.00000000	     -3.92317013	      2.96404286	    -11.70226624	      0.00000000	     14.63460044	     10.17543495	      0.00000000	      6.28701467	     -1.24129612	     -8.41498153	     -3.92841448	     -1.76525129	    -11.12650856	     16.08781313	     94.09518847	      0.07145795	     -5.49567644	      1.33807262	     32.19479941	     84.11291293
      3.18333330	     -2.41540419	     -1.78886898	      4.20827469	      1.66677898	      1.08554100	      0.02125599	     32.31599966	      4.59000977	     -1.41436921	     24.90668051	      4.26104538	    -16.57407005	      0.00000000	     -5.28790651	      2.59964747	    -11.67021758	      0.00000000	     15.51265436	     10.60947696	      0.00000000	      6.34091761	     -0.45441066	     -8.79354895	     -4.02090557	     -1.86946812	    -11.60880395	     16.26205472	     94.07726951	      0.18677252	     -5.36381962	      1.51465347	     32.84023724	     83.87491478
      3.20000000	     -1.87672622	     -2.40404508	      4.35628249	      1.68211006	      1.08612095	      0.01907753	     30.95683524	      5.42356985	     -1.38140332	     19.00503021	      5.58139007	    -12.88385085	      0.00000000	     -7.42888605	      2.18533462	    -11.53698054	      0.22628865	     16.36974489	     10.62806979	      0.00000000	      5.78605644	      0.54989118	     -9.01343147	     -3.99659624	     -1.99306871	    -11.97249436	     16.47938618	     94.09254516	      0.39953651	     -5.18134413	      1.58839722	     33.53327431	     83.62584588
      3.21666670	     -1.35750466	     -2.93938231	      4.53386379	      1.69655975	      1.08874574	      0.01711828	     29.75803168	      6.10641304	     -1.21004803	     13.98987984	      6.13264263	     -9.18853158	      0.00000000	     -8.96747798	      1.73938505	    -11.69227204	      1.65034898	     18.00073659	     10.75919619	      0.00000000	      5.13095647	      1.48336280	     -9.27247755	     -3.86803965	     -2.13672615	    -12.20480350	     16.75921522	     94.15501610	      0.48760808	     -4.97866480	      1.59651492	     34.21205975	     83.37695293
      3.23333330	     -0.80470729	     -3.41763472	      4.65225593	      1.71091145	      1.09237154	      0.01499268	     28.65725080	      6.67515893	     -0.96355267	     10.05348750	      5.90570906	     -6.26746270	      0.00000000	    -10.23749460	      1.27950436	    -11.73037586	      3.06232847	     19.72641828	     10.81648497	      0.00000000	      4.27068010	      2.36667548	     -9.36816722	     -3.63075399	     -2.27914172	    -12.24321872	     16.98550152	     94.27030644	      0.65345695	     -4.75223613	      1.54326703	     34.82939468	     83.17600461
      3.25000000	     -0.29208845	     -3.83220811	      4.76845386	      1.72495638	      1.09393097	      0.01243699	     27.76473178	      7.08312221	     -0.75476702	      7.33177790	      5.31620853	     -4.41781657	      0.00000000	    -11.26573140	      0.83332363	    -11.71276604	      4.23570830	     21.25588993	     10.89083238	      0.00000000	      3.34575920	      3.21186811	     -9.38257187	     -3.27678432	     -2.43817288	    -12.13019274	     17.14692819	     94.41459395	      0.89273983	     -4.50349581	      1.51207722	     35.30468931	     83.04355318
      3.26666670	     -0.05960866	     -4.20035299	      4.85319029	      1.73836058	      1.09178316	      0.01000445	     27.46185263	      7.35379574	     -0.59842950	      6.04042213	      4.56265205	     -3.88825940	      0.00000000	    -11.89056867	      0.43619545	    -11.71894367	      5.31708997	     22.30703995	     10.88185483	      0.00000000	      2.66144067	      4.07488274	     -9.32607912	     -2.84032759	     -2.68794228	    -12.00458340	     17.22950608	     94.51077309	      1.14419469	     -4.15847113	      1.56338557	     35.55447165	     82.99789034
      3.28333330	      0.38587660	     -4.64671249	      5.01606366	      1.75223786	      1.08927488	      0.00831713	     27.11882701	      7.72020885	     -0.47485878	      5.88173528	      3.69245665	     -4.68400961	      0.00000000	    -12.75416920	     -0.13974013	    -12.01713568	      6.37582903	     22.59524961	     11.36849112	      0.00000000	      1.62148461	      5.00786732	     -9.35984865	     -2.17474498	     -2.92390640	    -11.71013994	     17.33661642	     94.67829916	      1.42144249	     -3.90535093	      1.63765277	     35.68679416	     82.95030072
      3.30000000	      0.62764916	     -5.18656724	      5.16419478	      1.76892701	      1.08731703	      0.00663726	     27.23203610	      8.22098437	     -0.18899297	      6.84052945	      2.29935619	     -7.30226223	      0.00000000	    -13.57072718	     -0.80913103	    -12.60667725	      7.27802920	     21.82848889	     12.06366376	      0.00000000	      0.95015296	      6.04538527	     -9.42620808	     -1.56903222	     -3.18757768	    -11.29947896	     17.37589350	     94.89567522	      1.54368172	     -3.59330190	      1.71623995	     35.62735663	     82.90504152
      3.31666670	      0.72907772	     -5.66517471	      5.26793936	      1.78836301	      1.08687827	      0.00495318	     27.61722670	      8.75034254	      0.14834808	      8.55627304	      0.20376749	    -11.26415318	      0.00000000	    -14.50141271	     -1.39275023	    -13.21389912	      7.85823932	     20.36775491	     12.69787782	      0.00000000	      0.60810660	      6.94450240	     -9.40991365	     -1.12116205	     -3.43928616	    -10.76738017	     17.37422919	     95.18224383	      1.47788456	     -3.26194141	      1.74725718	     35.35829413	     82.84615485
      3.33333330	      0.84593963	     -6.15520671	      5.49880181	      1.81008045	      1.08810582	      0.00337799	     27.75279459	      9.30333529	      0.13027237	     10.30280820	     -2.18723710	    -15.17819967	      0.00000000	    -15.69266723	     -2.04373702	    -13.57429258	      7.98932672	     17.99452576	     13.25373296	      0.00000000	      0.54398290	      7.80723295	     -9.50009218	     -0.87573677	     -3.67465256	    -10.32202659	     17.47377491	     95.44256625	      1.20740967	     -2.91738130	      1.81642130	     34.83094997	     82.80472039
      3.35000000	      0.94853679	     -6.52105963	      5.74907275	      1.83325870	      1.08820782	      0.00248603	     27.59768778	      9.78883395	      0.04500618	     11.91791902	     -4.59764865	    -18.76218023	      0.00000000	    -16.88202904	     -2.65366248	    -13.78045473	      7.89353037	     15.30196888	     13.64671527	      0.00000000	      0.71933618	      8.49195432	     -9.48629796	     -0.84305900	     -3.87919773	     -9.93008149	     17.65298417	     95.68648921	      0.77363544	     -2.58688248	      1.95201822	     34.14076182	     82.77969823
      3.36666670	      1.00603636	     -6.78828945	      5.98342230	      1.85653132	      1.08780234	      0.00226835	     27.18012535	     10.24624577	      0.01153084	     13.31487256	     -6.57583374	    -21.77515225	      0.00000000	    -17.78336641	     -3.30728457	    -13.77572026	      7.94092559	     12.89284070	     13.76838265	      0.00000000	      1.03558598	      8.97156976	     -9.26399039	     -1.01026140	     -4.00033008	     -9.54725143	     17.87343376	     95.93219820	      0.24217633	     -2.34465241	      2.15830800	     33.34255087	     82.76043901
      3.38333330	      1.07177498	     -6.94403813	      6.17872565	      1.87939862	      1.08870009	      0.00220044	     26.54344143	     10.65914888	      0.08070902	     14.55194223	     -8.00277005	    -23.90744903	      0.00000000	    -18.37736376	     -3.98037770	    -13.57586113	      8.32786535	     10.93937604	     13.60986095	      0.00000000	      1.47290728	      9.31358715	     -9.00625097	     -1.26686255	     -4.12442190	     -9.23764892	     18.13308169	     96.14704072	     -0.43057974	     -2.11023517	      2.43753840	     32.44049598	     82.74224034
      3.40000000	      1.21718109	     -7.04209218	      6.37763991	      1.90193109	      1.09128221	      0.00221154	     25.73997889	     11.04232002	      0.02703327	     15.79149994	     -8.07641972	    -24.39129447	      0.00000000	    -18.54209110	     -4.81115726	    -13.38396542	      9.81990290	      9.48516773	     13.64891409	      0.00000000	      1.84402117	      9.53294003	     -8.71112428	     -1.47703632	     -4.13718134	     -9.18700479	     18.14878809	     96.18033738	     -1.30402113	     -1.97739698	      2.51935149	     32.01175646	     82.73952227
      3.41666670	      1.51240070	     -6.95157998	      6.45697913	      1.92240942	      1.09598456	      0.00233389	     24.58096843	     11.33311297	      0.50723116	     16.77358953	     -8.18937398	    -24.81540039	      0.00000000	    -18.29008144	     -5.57752507	    -13.01475137	     12.56240851	      7.85850238	     13.33184857	      0.00000000	      2.07024913	      9.52324111	     -8.39780030	     -1.65381794	     -4.10474393	     -9.11158535	     18.22008364	     96.22067162	     -2.22205741	     -1.91179193	      2.58136541	     31.40370561	     82.73198001
      3.43333330	      1.66264669	     -6.55173707	      6.54112157	      1.94014385	      1.09914641	      0.00225102	     23.53590812	     11.33655711	      1.70517787	     17.70985616	     -9.09692193	    -26.78325298	      0.00000000	    -17.14389087	     -5.94309974	    -11.26576486	     16.55967196	      5.30803431	      9.86835483	      0.00000000	      2.35486520	      9.21884925	     -8.02113033	     -1.99463608	     -4.14367500	     -8.68737960	     18.69095113	     96.45284654	     -2.86753073	     -1.77529019	      2.75297762	     29.49978506	     82.67221218
      3.45000000	      1.67898228	     -6.11948328	      6.44928602	      1.95651667	      1.10181121	      0.00299983	     22.63580215	     11.22287284	      2.66285516	     18.55881679	     -8.88192048	    -27.49140698	      0.00000000	    -14.95225657	     -6.42623544	    -10.34695175	     22.18024990	      3.96570480	      7.89593831	      0.00000000	      2.51721147	      8.81907785	     -7.30356116	     -2.21943419	     -4.16831287	     -8.31722855	     19.00795190	     96.67634944	     -3.44115235	     -1.75991454	      2.99555208	     28.35582070	     82.59804125
      3.46666670	      1.60034664	     -5.75765746	      6.26814789	      1.97470400	      1.10340931	      0.00478627	     21.71807391	     11.11748264	      3.35898785	     19.07895836	     -7.89403789	    -27.62732547	      0.00000000	    -12.32834479	     -6.96607624	     -9.66910730	     28.13665029	      3.57835396	      6.02540681	      0.00000000	      2.67316038	      8.48942384	     -6.62135877	     -2.36673904	     -4.18575214	     -8.00033959	     19.39352365	     96.85734844	     -4.03412653	     -1.78058892	      3.13770497	     27.19875753	     82.49510441
      3.48333330	      1.32199289	     -5.52768673	      5.96547525	      1.99469814	      1.10544612	      0.00673015	     20.80731184	     11.09096840	      3.61648449	     19.14927493	     -6.47659870	    -27.32486950	      0.00000000	     -9.56071086	     -7.55824581	     -9.22626489	     33.24193063	      3.61751968	      4.63161251	      0.00000000	      3.07786130	      8.27861157	     -5.80993178	     -2.62844608	     -4.23418399	     -7.66684682	     19.81941615	     97.02857413	     -4.62306561	     -1.78729226	      3.22299513	     25.89352266	     82.34544402
      3.50000000	      1.07647837	     -5.27942545	      5.64578152	      2.01415694	      1.10711745	      0.00739550	     19.72206731	     11.00708318	      3.63283242	     18.94396268	     -4.70007349	    -26.60321415	      0.00000000	     -6.78387747	     -8.10703030	     -8.64256613	     38.10097982	      3.28181879	      3.27518015	      0.00000000	      3.55630235	      8.04907441	     -5.00871702	     -2.87607330	     -4.25829137	     -7.34272160	     20.18985628	     97.16732708	     -5.16468343	     -1.82698993	      3.26575296	     24.54532453	     82.14867691
      3.51666670	      0.79626812	     -4.97233970	      5.34862748	      2.03117840	      1.10888411	      0.00651626	     18.65357905	     10.78507886	      3.47484433	     18.66463523	     -2.64714682	    -25.47401093	      0.00000000	     -3.84033960	     -8.50145098	     -7.76144794	     43.05510922	      2.60451386	      1.88019447	      0.00000000	      4.11353385	      7.75252800	     -4.27652805	     -3.04394490	     -4.28187464	     -7.01663573	     20.53539533	     97.26295214	     -5.69134300	     -1.88076666	      3.25479855	     23.27199537	     81.89768014
      3.53333330	      0.50904463	     -4.64756271	      5.18440998	      2.04585225	      1.11214968	      0.00520448	     17.61016051	     10.40870116	      3.17668319	     18.29895857	     -0.37172070	    -23.71419260	      0.00000000	     -0.80909260	     -8.66620095	     -6.54846366	     48.08548747	      2.28385750	      0.22960591	      0.00000000	      4.61961385	      7.43592704	     -3.70849184	     -3.08818800	     -4.33062768	     -6.66449984	     20.92735155	     97.31509965	     -6.15674861	     -1.92383553	      3.15398822	     22.12928707	     81.59689260
      3.55000000	      0.30124520	     -4.28523889	      5.10055460	      2.06040886	      1.11720733	      0.00483092	     16.47288533	      9.92936315	      2.77825979	     17.83237646	      2.14889392	    -21.38368683	      0.00000000	      1.94879947	     -8.50739887	     -5.34114559	     52.43050898	      2.90865386	     -1.64172502	      0.00000000	      4.92691521	      7.03993998	     -3.17409706	     -3.08896645	     -4.34739039	     -6.22355711	     21.28738602	     97.32423458	     -6.52493899	     -2.01365654	      2.95557571	     21.13871292	     81.21884000
      3.56666670	      0.16273358	     -3.78173508	      5.12672111	      2.07653093	      1.12413795	      0.00524390	     15.11411893	      9.27915145	      2.40529302	     17.02774937	      4.08395571	    -19.24779905	      0.00000000	      4.53491640	     -7.87729868	     -4.06528466	     55.72706320	      3.93288091	     -4.06631756	      0.00000000	      5.05156899	      6.48215829	     -2.72470214	     -3.00056760	     -4.36210187	     -5.80902950	     21.57884628	     97.29587403	     -6.83203524	     -2.10500236	      2.72699275	     20.32557077	     80.88967361
      3.58333330	      0.06386524	     -3.16784119	      5.24838164	      2.09376466	      1.13169484	      0.00652013	     13.68256363	      8.57910284	      2.00362105	     16.10154445	      5.50428240	    -17.72024562	      0.00000000	      7.20377710	     -7.02094813	     -2.81630984	     57.92337982	      4.80991739	     -6.64748937	      0.00000000	      4.88746275	      5.72400058	     -2.09617013	     -2.95987247	     -4.22760027	     -5.45284118	     21.73653621	     97.26282855	     -6.95994466	     -2.36786359	      2.49853009	     19.68774248	     80.65000893
      3.60000000	     -0.11463001	     -2.42094658	      5.47755294	      2.11106805	      1.13768594	      0.00769979	     12.19181478	      7.75209978	      1.50971080	     14.93352189	      6.77333313	    -16.18880340	      0.00000000	      9.95025189	     -5.91268095	     -1.53661098	     58.93860674	      5.19314512	     -9.13926000	      0.00000000	      4.77284535	      4.81408375	     -1.38021368	     -3.08538929	     -4.09246323	     -5.12589982	     21.95096421	     97.19791996	     -7.01081348	     -2.66733418	      2.28199079	     19.05049640	     80.42739147
      3.61666670	     -0.31404801	     -1.71354517	      5.79913901	      2.12642379	      1.14112173	      0.00819730	     10.69760329	      6.95645104	      0.87731846	     13.64996054	      7.66861067	    -14.74153143	      0.00000000	     12.69190079	     -4.76120201	     -0.26225735	     58.97453888	      4.80809347	    -11.06860192	      0.00000000	      4.53758643	      3.91912895	     -0.55951562	     -3.29681333	     -3.99474416	     -4.89359582	     22.28823387	     97.09185910	     -6.90963059	     -2.99773512	      2.09774833	     18.52786144	     80.23020295
      3.63333330	     -0.42149618	     -1.10136651	      5.98521826	      2.13918790	      1.14285085	      0.00861733	      9.24086450	      6.28427849	      0.30387242	     12.40860243	      8.52434170	    -13.07887782	      0.00000000	     15.29580994	     -3.67373449	      0.84534651	     58.42297264	      3.84412067	    -12.44615570	      0.00000000	      4.15971450	      3.17393381	      0.33914779	     -3.47306350	     -3.98975011	     -4.72813303	     22.77701610	     96.91900620	     -6.68773703	     -3.27217108	      1.91673044	     18.01504501	     80.01631997
      3.65000000	     -0.38942920	     -0.60717003	      6.00143528	      2.15088379	      1.14389103	      0.00902637	      7.94650624	      5.71149487	     -0.19482050	     11.48351060	      8.81790272	    -11.55505965	      0.00000000	     17.72368552	     -2.67309000	      1.80396241	     57.64795905	      2.97994510	    -12.97986196	      0.00000000	      3.58762534	      2.54581396	      1.28436748	     -3.31167418	     -4.08228080	     -4.56527115	     23.10252427	     96.76971204	     -6.29769121	     -3.48119998	      1.71491498	     17.67048206	     79.82748675
      3.66666670	     -0.26116634	     -0.30509826	      5.86041155	      2.16415176	      1.14454944	      0.00910345	      6.78733233	      5.32891396	     -0.56005846	     10.86434076	      9.31525521	     -9.77480077	      0.00000000	     19.89513644	     -1.97970021	      2.42831653	     56.89347559	      2.64659662	    -13.30115310	      0.00000000	      3.11516524	      2.13202403	      2.11338687	     -2.99819073	     -4.23657963	     -4.28053409	     23.23083184	     96.62274714	     -5.90235173	     -3.57634362	      1.43155969	     17.23720032	     79.60726994
      3.68333330	     -0.15269098	     -0.23049587	      5.67006753	      2.17875261	      1.14529071	      0.00842179	      5.82955405	      5.21576541	     -0.37135017	     10.59107383	      9.33370959	     -9.42857147	      0.00000000	     21.86660298	     -1.61707398	      2.74648009	     55.79763291	      2.75857230	    -13.28827504	      0.00000000	      2.78257103	      1.99652167	      2.50862982	     -2.42818435	     -4.40036434	     -4.26034051	     23.35555135	     96.61013703	     -5.82901881	     -3.62028365	      1.38629171	     17.19685622	     79.58208957
      3.70000000	     -0.09705573	     -0.19237214	      5.36978578	      2.19382924	      1.14648090	      0.00722015	      5.16036037	      4.97370741	     -1.30640964	     10.97988257	     10.31142332	     -6.76055671	      0.00000000	     23.41190314	     -1.28614246	      2.85561629	     53.51842257	      2.77159161	    -13.43428752	      0.00000000	      2.74052809	      1.85168077	      3.59774337	     -2.26404556	     -4.70145420	     -3.61372439	     22.94658004	     96.54032119	     -5.39115157	     -3.48300572	      0.84855163	     16.66523427	     79.28132031
      3.71666670	     -0.08085439	     -0.31053000	      5.01533563	      2.20781238	      1.14802365	      0.00657813	      4.64905505	      4.95305910	     -1.68728321	     11.57965326	      9.95431498	     -6.05825170	      0.00000000	     24.60030882	     -1.16825355	      2.91156008	     49.83933346	      3.13670389	    -13.37635103	      0.00000000	      2.71791202	      1.93831038	      3.95684692	     -1.82436275	     -4.90664786	     -3.40768631	     23.06408350	     96.50347637	     -5.42933657	     -3.40778123	      0.69385372	     16.56776384	     79.18970408
      3.73333330	     -0.16252487	     -0.55246730	      4.51938646	      2.22096268	      1.14805102	      0.00590332	      4.52270776	      4.95845080	     -2.43214998	     12.59907849	     10.03943358	     -4.56078655	      0.00000000	     25.43753480	     -1.18898869	      3.04587052	     44.90324017	      3.51647831	    -13.05730269	      0.00000000	      2.75334700	      2.22330172	      4.78690370	     -1.70118823	     -5.38850466	     -2.74887479	     23.12185050	     96.43761354	     -5.23521900	     -3.14135605	      0.23989933	     16.49538112	     78.94304527
      3.75000000	     -0.25823315	     -0.94851533	      4.00415043	      2.23358230	      1.14566524	      0.00530167	      4.66953262	      5.14118086	     -2.96979188	     13.72878031	      9.34221079	     -4.10469620	      0.00000000	     26.15267313	     -1.42808674	      3.31440758	     39.66956973	      4.25736463	    -13.11630961	      0.00000000	      2.70062309	      2.70459306	      5.06446527	     -1.28065682	     -5.70664930	     -2.57898350	     23.43426219	     96.40307427	     -5.24352022	     -2.95752220	      0.13403955	     16.50859244	     78.88046475
      3.76666670	     -0.65042251	     -1.27208095	      3.49766344	      2.24700707	      1.14286523	      0.00494280	      5.21141604	      5.19778631	     -3.70415896	     14.81963281	      9.49340909	     -2.98255810	      0.00000000	     27.09719268	     -1.61928276	      3.64091998	     34.47086314	      4.61162357	    -13.18157418	      0.00000000	      2.97560511	      3.06471764	      5.69187128	     -1.41726286	     -6.16769529	     -1.83563433	     24.25384384	     96.32465397	     -5.14938561	     -2.74882225	     -0.23946859	     16.74525900	     78.67450887
      3.78333330	     -0.94252733	     -1.52860543	      3.10209648	      2.26169055	      1.14211145	      0.00514088	      5.32831125	      5.30385802	     -4.11393477	     15.13284881	      9.41185542	     -2.57369759	      0.00000000	     27.73172892	     -1.86684161	      3.87590145	     29.29494291	      4.81298539	    -13.31777233	      0.00000000	      3.09630923	      3.30734471	      5.74650133	     -1.13993152	     -6.36661892	     -1.59389516	     24.79104485	     96.27302899	     -5.11559018	     -2.63407819	     -0.32885337	     16.87371668	     78.61607199
      3.80000000	     -1.20218338	     -1.55045499	      2.78038723	      2.27741779	      1.14212583	      0.00519977	      4.98296332	      5.18815008	     -4.61553113	     14.97917024	     10.40346371	     -0.91663716	      0.00000000	     27.96233481	     -1.92842056	      4.23091109	     24.08292088	      3.73744735	    -13.84187577	      0.00000000	      3.09894899	      3.24268817	      6.00623363	     -1.26409151	     -6.68645092	     -0.70865935	     25.96974432	     96.11702899	     -5.05982608	     -2.55778283	     -0.59674518	     17.39860978	     78.44307532
      3.81666670	     -1.18238613	     -1.35918108	      2.54797468	      2.29296742	      1.14076977	      0.00552108	      3.68284389	      5.03822403	     -4.89277564	     14.53971016	     11.83081951	      0.92875086	      0.00000000	     27.66859668	     -1.90883122	      4.27281934	     19.11454662	      2.85482304	    -13.29750373	      0.00000000	      2.92578592	      2.82898863	      5.94600546	     -1.17364961	     -6.67269537	      0.00804632	     26.58960262	     95.88160453	     -4.96622257	     -2.67772655	     -0.76964062	     17.78679780	     78.32433474
      3.83333330	     -1.24649487	     -0.82217880	      2.16115426	      2.30781034	      1.13790387	      0.00618325	      2.19387778	      4.58155259	     -5.31497115	     14.80110791	     13.62451154	      3.09309886	      0.00000000	     27.44158490	     -1.60744389	      3.95101240	     14.69374410	      2.21353813	    -12.11747311	      0.00000000	      2.80934289	      1.98803265	      6.04666362	     -1.02658322	     -6.57736919	      0.60047890	     27.13058129	     95.67042494	     -4.86615935	     -2.87869231	     -0.87064170	     18.24113097	     78.25988048
      3.85000000	     -1.38297926	     -0.08639407	      1.65318256	      2.32240231	      1.13531204	      0.00669994	      0.89187974	      3.88370029	     -5.91075580	     16.08158291	     15.34528360	      5.27396367	      0.00000000	     27.35787174	     -1.09582350	      3.35180081	     10.84466013	      2.06148147	    -10.50252302	      0.00000000	      2.74448456	      0.92388026	      6.23828414	     -0.85187648	     -6.42732206	      1.07563832	     27.67829811	     95.51320212	     -4.69919076	     -3.08836268	     -0.92693929	     18.70799449	     78.23375783
      3.86666670	     -1.51188686	      0.59244511	      1.25807537	      2.33722826	      1.13192272	      0.00608935	     -0.24914760	      3.11840944	     -6.84052622	     17.72219336	     17.02543047	      7.76951064	      0.00000000	     27.40558835	     -0.46962079	      2.89287194	      7.62272783	      2.85446601	     -8.38671817	      0.00000000	      2.68382935	     -0.14357237	      6.43205789	     -0.79878918	     -6.26873915	      1.60535149	     28.23956711	     95.31230615	     -4.51808777	     -3.35829558	     -0.96284692	     19.17840252	     78.22622300
      3.88333330	     -1.83905896	      1.20272766	      0.92742711	      2.35229722	      1.12557703	      0.00452737	     -0.73335067	      2.27068083	     -7.50216040	     19.61753820	     18.43852950	      9.44442554	      0.00000000	     27.80224744	      0.25415529	      2.38197152	      5.01438193	      3.56936837	     -6.59709077	      0.00000000	      2.86346942	     -1.08960998	      6.56171417	     -0.63595634	     -6.16706659	      1.97924518	     28.60051844	     95.11798851	     -4.25400321	     -3.50505793	     -0.91179777	     19.51337893	     78.24053268
      3.90000000	     -2.31639061	      1.75285739	      0.85505333	      2.36850576	      1.11824335	      0.00285562	     -0.83231622	      1.41471967	     -7.96540137	     21.21366300	     20.08745297	     10.40397231	      0.00000000	     28.43580197	      1.12192206	      1.95600227	      3.09485106	      4.02131279	     -5.41660145	      0.00000000	      3.31492246	     -1.94576906	      6.40381695	     -0.52952178	     -5.98314084	      2.20225597	     28.77848010	     94.96399550	     -3.96177511	     -3.68921276	     -0.78707303	     19.71167026	     78.26316876
      3.91666670	     -2.91183471	      2.28091992	      1.04471072	      2.38664125	      1.11328770	      0.00109344	     -0.90901597	      0.56430981	     -8.43558671	     21.98895070	     21.91850220	     10.99725304	      0.00000000	     29.13583993	      2.14089458	      1.64937967	      1.99247356	      4.46789958	     -4.69982185	      0.00000000	      4.08789920	     -2.78947313	      6.10554375	     -0.53838351	     -5.79833011	      2.34307685	     28.81616023	     94.80051573	     -3.72435890	     -3.89571600	     -0.56249973	     19.87509385	     78.29228102
      3.93333330	     -3.27555099	      2.63392246	      1.41337349	      2.40567217	      1.11274592	     -0.00130223	     -1.66491124	      0.06700198	     -8.49174388	     21.49038398	     23.21099332	     10.66570998	      0.00000000	     29.52758919	      3.10588004	      1.56446777	      1.88227800	      4.64948982	     -4.73571080	      0.00000000	      4.64219040	     -3.42037009	      5.83638360	     -0.81035004	     -5.63930071	      2.38534484	     28.78179626	     94.77564764	     -3.50360498	     -4.04950280	     -0.52330387	     19.95777210	     78.29542554
      3.95000000	     -3.62826948	      2.99843606	      1.64439150	      2.42410114	      1.11432499	     -0.00458792	     -2.33994916	     -0.53858689	     -8.57903272	     21.07022603	     24.80403339	     10.75306656	      0.00000000	     29.72510932	      4.05730575	      1.48444257	      2.44789509	      4.57554485	     -4.70905602	      0.00000000	      5.40865837	     -4.02156730	      5.52633869	     -1.01751851	     -5.44610077	      2.37967019	     28.75693645	     94.69715349	     -3.44462886	     -4.22967539	     -0.33423588	     20.07338685	     78.31990385
      3.96666670	     -3.72840408	      2.97999717	      1.70059142	      2.44184845	      1.11725706	     -0.00790936	     -3.49016136	     -0.66242985	     -8.26220824	     20.06621943	     25.34547683	     10.94317593	      0.00000000	     29.74541763	      4.53769625	      1.21799911	      3.96269887	      4.03939437	     -4.77890368	      0.00000000	      5.98533609	     -4.11018967	      5.43869323	     -1.34259068	     -5.40316453	      2.37695252	     28.68519982	     94.66936158	     -3.50012385	     -4.28695844	     -0.25541088	     20.15600689	     78.32895411
      3.98333330	     -3.11972880	      2.73149634	      1.60189610	      2.45992202	      1.12215242	     -0.01079934	     -5.45212411	     -0.52149017	     -7.83571622	     18.82759559	     25.35364438	     11.13849802	      0.00000000	     28.91521029	      4.69253107	      1.29159459	      5.65828852	      2.90162813	     -5.37606974	      0.00000000	      5.63755502	     -3.86033684	      5.32656267	     -1.49670751	     -5.45168329	      2.17741941	     28.74286813	     94.48209826	     -3.60447771	     -4.31218021	      0.28563114	     20.53509595	     78.39994538
      4.00000000	     -2.37082181	      2.34916716	      1.31801203	      2.48002501	      1.12720008	     -0.01338165	     -7.57837318	     -0.20139571	     -7.00348131	     17.49838013	     24.65049141	     10.62659990	      0.00000000	     27.82020076	      4.54985836	      0.90289992	      7.20769540	      1.53026336	     -5.78364815	      0.00000000	      5.24583396	     -3.41661227	      5.41072253	     -1.72489347	     -5.55254991	      2.02974078	     28.73109240	     94.36146960	     -3.67272155	     -4.24158240	      0.60751194	     20.70413984	     78.42578613
      4.01666670	     -1.54827356	      2.07295558	      1.05939388	      2.50197537	      1.12961455	     -0.01681246	     -9.80079653	     -0.00811279	     -6.25925267	     16.32104532	     23.67407868	      9.87806365	      0.00000000	     26.54972266	      4.48501675	      0.33467611	      8.49330959	      0.25366653	     -6.31419340	      0.00000000	      4.80837506	     -3.07780621	      5.47891448	     -2.02197169	     -5.57850984	      1.83010061	     28.56956688	     94.26148605	     -3.75792477	     -4.19657307	      0.88947086	     20.82128958	     78.45119719
      4.03333330	     -0.92059042	      2.04251311	      0.90558976	      2.52362740	      1.12845803	     -0.02143800	    -11.66788214	     -0.11995853	     -5.77852467	     15.64471408	     22.61680311	      9.02872282	      0.00000000	     25.51804378	      4.70880980	     -0.29144834	      9.72406700	     -0.68011934	     -7.06347788	      0.00000000	      4.67098292	     -3.00941359	      5.55314116	     -2.43494296	     -5.54778191	      1.52765083	     28.21132617	     94.17445592	     -3.84137920	     -4.16051951	      1.16198475	     20.88786671	     78.47801959
      4.05000000	     -0.51509196	      2.19423506	      0.83083095	      2.54235450	      1.12780356	     -0.02594810	    -12.92228354	     -0.47747249	     -5.46703118	     15.72335715	     21.32127893	      8.12923994	      0.00000000	     24.83135623	      5.13677219	     -0.87772031	     11.03389113	     -1.25178769	     -8.00651531	      0.00000000	      4.76366690	     -3.14253735	      5.61590276	     -2.90958297	     -5.47375309	      1.12065108	     27.71251243	     94.09858862	     -3.86582162	     -4.12721854	      1.43158796	     20.92619432	     78.50512311
      4.06666670	     -0.28248621	      2.42136068	      0.78640857	      2.55859650	      1.12959276	     -0.02938381	    -13.29932996	     -1.05229486	     -5.59479652	     17.07857873	     20.06930947	      7.92023753	      0.00000000	     24.47974073	      5.58664934	     -1.60559840	     12.54499759	     -1.27126181	     -8.60882604	      0.00000000	      4.93767626	     -3.35845614	      5.48196024	     -3.29967572	     -5.41863958	      1.02473355	     27.47360080	     94.08498192	     -3.88035731	     -4.10794312	      1.49449319	     20.93143577	     78.51289749
      4.08333330	      0.14646636	      2.58649595	      0.62364508	      2.57474090	      1.13462936	     -0.03150607	    -13.29380278	     -1.47034277	     -4.86101768	     19.39791763	     17.28734854	      5.76253262	      0.00000000	     23.71283445	      5.89041647	     -1.85780008	     13.73717073	     -1.59124477	     -9.87133920	      0.00000000	      4.88643366	     -3.55610901	      5.64963690	     -3.56725909	     -5.16659117	      0.15383689	     26.41509271	     93.98993436	     -3.67145458	     -4.14434266	      1.95057393	     20.94420174	     78.58430385
      4.10000000	      0.39150448	      2.75647477	      0.44726295	      2.59197236	      1.13859649	     -0.03327806	    -12.32662749	     -2.02055003	     -4.62748908	     23.20887361	     14.42157179	      4.44116337	      0.00000000	     22.96091393	      6.12947640	     -2.18273023	     14.76959925	     -1.16572737	    -10.32853793	      0.00000000	      5.06547957	     -3.75694400	      5.81643519	     -3.98750788	     -4.98345451	     -0.34289137	     25.69173905	     93.99003963	     -3.57893034	     -4.19217492	      2.22805568	     21.00067116	     78.62085572
      4.11666670	      0.53677651	      2.85072189	      0.15911849	      2.60868587	      1.14029474	     -0.03433259	    -10.42135549	     -2.48904642	     -4.11710596	     28.38477268	     11.46552138	      2.38757567	      0.00000000	     22.20784772	      6.21762449	     -2.41265572	     15.70009227	     -0.14989540	    -10.59798780	      0.00000000	      5.30076507	     -3.86234344	      5.85486874	     -4.31078371	     -4.77594431	     -0.77821707	     25.05085855	     94.02978068	     -3.61568590	     -4.25011781	      2.46973654	     21.05058288	     78.64761844
      4.13333330	      0.50290144	      2.86212376	     -0.20855436	      2.62362097	      1.14196027	     -0.03462877	     -7.54257313	     -2.79421392	     -3.35413685	     34.53914235	      8.15174301	     -0.24269092	      0.00000000	     21.55966426	      6.16752964	     -2.50904728	     16.41119227	      1.25255388	    -10.66764163	      0.00000000	      5.66418089	     -3.87392116	      5.87148544	     -4.62565410	     -4.57266132	     -1.10835162	     24.51407673	     94.10733719	     -3.73004784	     -4.30722014	      2.64560593	     21.17158763	     78.65525065
      4.15000000	      0.28220448	      2.70042479	     -0.50650088	      2.63623060	      1.14552526	     -0.03468933	     -3.84096715	     -2.71666155	     -2.44650901	     41.03144357	      4.17906375	     -3.21740355	      0.00000000	     21.19302690	      5.90612194	     -2.49478014	     17.12140416	      2.67916833	    -10.41962626	      0.00000000	      6.04999730	     -3.74696242	      5.77106439	     -4.85032383	     -4.34783986	     -1.40001164	     24.08323653	     94.24105168	     -3.80051438	     -4.39625482	      2.78724940	     21.37063932	     78.64566051
      4.16666670	      0.13326957	      2.66189905	     -0.71839451	      2.64825689	      1.14982457	     -0.03547267	      0.05389408	     -2.62168238	     -1.58788031	     47.20607022	      0.23002661	     -5.83956023	      0.00000000	     20.58768163	      5.81745079	     -2.46237721	     17.37810759	      4.12216008	    -10.07388496	      0.00000000	      6.21072718	     -3.77585497	      5.46110744	     -5.02975860	     -4.15386773	     -1.58546566	     23.83697407	     94.37371705	     -3.87774302	     -4.48535735	      2.88973893	     21.63035088	     78.63666450
      4.18333330	     -0.06574848	      2.48009916	     -0.63338819	      2.66099312	      1.15336735	     -0.03724395	      3.87527987	     -2.31357371	     -1.17412928	     52.40062757	     -3.41999173	     -7.99659078	      0.00000000	     20.01099249	      5.63776270	     -2.48276816	     17.53221097	      5.48796926	     -9.23060271	      0.00000000	      6.32354244	     -3.71266871	      4.97581935	     -5.13960696	     -3.88536548	     -1.74927784	     23.60872761	     94.54788222	     -3.83150483	     -4.61869883	      2.99991853	     22.03239673	     78.62997285
      4.20000000	     -0.16735018	      2.42261174	     -0.41778302	      2.67494265	      1.15737026	     -0.03938944	      7.25853561	     -2.19089421	     -1.01319464	     56.37914040	     -5.93480036	     -9.64631574	      0.00000000	     18.94250534	      5.64926445	     -2.63019059	     16.98209720	      6.69092784	     -8.06629158	      0.00000000	      6.41764679	     -3.80096912	      4.34184513	     -5.24719634	     -3.62392755	     -1.87834252	     23.36723265	     94.71494463	     -3.81590522	     -4.74238646	      3.14243506	     22.39820943	     78.63874330
      4.21666670	     -0.27400509	      2.24215588	     -0.12179292	      2.68868221	      1.16120436	     -0.04150751	     10.22271402	     -1.92637843	     -0.98384486	     59.00611623	     -7.30507325	    -11.03036029	      0.00000000	     17.61760038	      5.51985359	     -3.02981896	     15.96367410	      7.72402109	     -6.41161465	      0.00000000	      6.57974997	     -3.71572101	      3.66044591	     -5.31801831	     -3.37567624	     -1.98996203	     22.99556513	     94.90121447	     -3.78098801	     -4.83495060	      3.34913956	     22.78665196	     78.66320925
      4.23333330	     -0.37619870	      2.01213022	      0.22042831	      2.70049145	      1.16480306	     -0.04401542	     12.73669625	     -1.56659348	     -0.95974044	     60.15766811	     -7.79970191	    -12.07257980	      0.00000000	     16.18659929	      5.34534549	     -3.60113862	     14.64074275	      8.57661679	     -4.49096014	      0.00000000	      6.74061590	     -3.56713418	      2.88847939	     -5.30512018	     -3.15194460	     -2.07990554	     22.58225531	     95.08555529	     -3.72280714	     -4.90722842	      3.62196394	     23.10447153	     78.70446696
      4.25000000	     -0.53848639	      1.57914510	      0.68525371	      2.71091974	      1.16772674	     -0.04698365	     14.68552681	     -0.89999564	     -0.99227197	     59.41099374	     -7.51554142	    -12.94389663	      0.00000000	     14.88468127	      4.97913746	     -4.16292441	     13.24623043	      9.19131135	     -2.39535974	      0.00000000	      7.05887828	     -3.13536481	      2.04117726	     -5.33910962	     -3.00469196	     -2.16877840	     22.14072433	     95.26346133	     -3.69350322	     -4.89819961	      3.97637529	     23.41321259	     78.76451443
      4.26666670	     -0.74963723	      1.14271974	      1.21238997	      2.72177181	      1.16922047	     -0.04992384	     16.14251102	     -0.20583074	     -1.04471760	     56.69686268	     -6.41261203	    -13.80916120	      0.00000000	     13.90916378	      4.60219760	     -4.70538056	     12.20624117	      9.90481675	     -0.39174484	      0.00000000	      7.38386072	     -2.68998307	      1.17077176	     -5.37239479	     -2.88127536	     -2.27123750	     21.70819721	     95.46473143	     -3.64865425	     -4.89236492	      4.42656291	     23.82403158	     78.84136356
      4.28333330	     -0.90971604	      0.78546248	      1.82852703	      2.73383375	      1.17086613	     -0.05252431	     17.34670659	      0.29039303	     -1.17795397	     52.99791585	     -4.15286380	    -14.71816470	      0.00000000	     13.14121247	      4.31005218	     -5.19007911	     11.58638655	     10.33318335	      1.34485622	      0.00000000	      7.58888933	     -2.32701119	      0.29557644	     -5.41940350	     -2.79535290	     -2.39212260	     21.40454866	     95.64448608	     -3.54258338	     -4.87700365	      4.88257540	     24.28826349	     78.92001737
      4.30000000	     -0.94246203	      0.41278196	      2.37143862	      2.74567878	      1.17303718	     -0.05428710	     18.80553760	      0.69743569	     -1.28470650	     50.02387112	     -0.66838492	    -15.78699496	      0.00000000	     12.49094165	      3.97356385	     -5.59619493	     11.40110976	     10.97383630	      2.95638411	      0.00000000	      7.46135190	     -1.91025728	     -0.48825014	     -5.28419812	     -2.76738854	     -2.50497573	     21.14472610	     95.78629182	     -3.29978179	     -4.81556358	      5.29184925	     24.73493950	     78.99267845
      4.31666670	     -0.97441506	     -0.00566802	      2.85296815	      2.75669048	      1.17560362	     -0.05517937	     20.32729695	      1.11036278	     -1.38218497	     46.81824193	      2.49123778	    -16.30614922	      0.00000000	     11.86698511	      3.56037483	     -5.90911402	     11.23001922	     11.56103038	      4.53765059	      0.00000000	      7.45626727	     -1.48008497	     -1.11480410	     -5.18489247	     -2.72914555	     -2.58948736	     20.76325762	     95.92852619	     -3.07369027	     -4.76666966	      5.71512649	     25.18054410	     79.07150339
      4.33333330	     -0.85579927	     -0.40815057	      3.28532693	      2.76716763	      1.17736718	     -0.05593325	     21.46960350	      1.49006890	     -1.45109917	     43.47649618	      4.60321829	    -15.90415765	      0.00000000	     11.09287112	      3.10091947	     -6.19917942	     10.91733462	     11.99228005	      6.27840948	      0.00000000	      7.37001663	     -1.08807389	     -1.69061606	     -5.01207942	     -2.67769316	     -2.64465246	     20.30606125	     96.08477306	     -2.82670937	     -4.74804088	      6.19749047	     25.60327603	     79.16226904
      4.35000000	     -0.70218255	     -0.69734315	      3.65326864	      2.77818606	      1.17845130	     -0.05739149	     22.10706524	      1.73756128	     -1.48883135	     39.73035805	      5.58412673	    -15.05033190	      0.00000000	     10.24147700	      2.74461565	     -6.43988641	     10.30025493	     12.15955648	      7.69116131	      0.00000000	      7.26211867	     -0.81575907	     -2.08783302	     -4.88511397	     -2.60603379	     -2.67465030	     19.90156901	     96.23088830	     -2.57349712	     -4.73831973	      6.67763587	     25.98606826	     79.24731415
      4.36666670	     -0.46145741	     -0.94543149	      3.97574985	      2.79010522	      1.18063883	     -0.05946347	     22.15831776	      1.95468064	     -1.49458152	     35.73214591	      6.10309841	    -13.89856514	      0.00000000	      9.24314114	      2.42500180	     -6.59735938	      9.42689196	     12.11803128	      8.85487005	      0.00000000	      7.12962228	     -0.53847579	     -2.40914804	     -4.80091049	     -2.54559752	     -2.72228893	     19.60108370	     96.33949776	     -2.33331057	     -4.70232189	      7.12099795	     26.32137295	     79.31936499
      4.38333330	      0.17619991	     -1.09127040	      4.14264343	      2.80303058	      1.18379018	     -0.06154484	     21.40635513	      2.12413135	     -1.54423071	     31.68663805	      6.74917763	    -12.40397940	      0.00000000	      7.59332286	      2.18136077	     -6.72677585	      8.22767139	     12.37836584	     10.19839901	      0.00000000	      6.61795154	     -0.28429405	     -2.64389052	     -4.62108983	     -2.49725546	     -2.84106896	     19.23827123	     96.49461545	     -2.15927040	     -4.67163208	      7.79035332	     26.67886414	     79.40694793
      4.40000000	      0.75050535	     -1.27721552	      4.17052838	      2.81571691	      1.18363132	     -0.06330430	     20.58029050	      2.39789024	     -1.68847704	     27.69488398	      7.14283837	    -11.15940157	      0.00000000	      5.94084979	      1.89151815	     -6.61989746	      7.03272842	     12.62847842	     11.14450261	      0.00000000	      6.25370904	      0.04971092	     -2.66180979	     -4.57570937	     -2.49393194	     -2.99544835	     19.01350735	     96.64056102	     -1.99760042	     -4.58188069	      8.34329562	     26.98347257	     79.44528941
      4.41666670	      1.31188076	     -1.43301181	      4.07817152	      2.82597804	      1.18265893	     -0.06470666	     19.83224417	      2.67948843	     -1.93278122	     23.94336908	      7.51741157	    -10.10048548	      0.00000000	      4.29883366	      1.65116136	     -6.38037428	      5.89689661	     13.07200009	     11.79252005	      0.00000000	      5.87206586	      0.39356710	     -2.58104575	     -4.53268204	     -2.50497535	     -3.16641407	     18.89025985	     96.77144284	     -1.82765167	     -4.45758252	      8.80107732	     27.28668715	     79.44966497
      4.43333330	      1.71356355	     -1.57388552	      3.93314577	      2.83470984	      1.17963159	     -0.06607197	     19.39289620	      2.92647603	     -2.18104889	     20.44430607	      7.92198374	     -9.30196549	      0.00000000	      2.97703287	      1.47602384	     -6.13772819	      5.12680925	     13.72600376	     11.99964635	      0.00000000	      5.55691511	      0.73181520	     -2.44060474	     -4.48084706	     -2.58802177	     -3.28689341	     18.86433320	     96.87024608	     -1.68939924	     -4.29234983	      9.13813414	     27.60757565	     79.43938050
      4.45000000	      2.18757626	     -1.66157805	      3.81018715	      2.84300942	      1.17893302	     -0.06743774	     18.88119091	      3.08099520	     -2.35316143	     17.11232418	      8.33996218	     -8.57817188	      0.00000000	      1.59805106	      1.40423298	     -5.82703593	      4.45817385	     14.61013870	     11.91336706	      0.00000000	      4.97658977	      1.05309669	     -2.39338470	     -4.28792096	     -2.67420189	     -3.37559069	     18.98936924	     96.97380211	     -1.50083778	     -4.14063437	      9.47976547	     27.93655371	     79.42067300
      4.46666670	      2.68546479	     -1.75710410	      3.75582041	      2.85198508	      1.17931195	     -0.06881300	     18.19101258	      3.18779110	     -2.48334866	     13.94037596	      8.51617492	     -7.87852312	      0.00000000	      0.26787659	      1.32650308	     -5.48034748	      3.94893500	     15.57593736	     11.57499490	      0.00000000	      4.27135844	      1.38589340	     -2.40424534	     -4.05589599	     -2.80106840	     -3.41537084	     19.21329204	     97.08419774	     -1.29393640	     -3.96814368	      9.79094469	     28.25521822	     79.39075839
      4.48333330	      3.19034688	     -1.82777663	      3.72819503	      2.86125090	      1.17856063	     -0.06973392	     17.39571830	      3.24564866	     -2.56885935	     11.26991729	      8.52091429	     -7.24116822	      0.00000000	     -0.97266833	      1.24752151	     -5.07085739	      3.54715928	     16.54480122	     11.13175375	      0.00000000	      3.49454399	      1.70878856	     -2.40294304	     -3.79868035	     -2.93558596	     -3.40982581	     19.49369795	     97.20499167	     -1.07255852	     -3.79523542	     10.06613739	     28.55669240	     79.34747311
      4.50000000	      3.17077105	     -1.74628901	      3.60386481	      2.87060529	      1.17609731	     -0.06968650	     17.29024469	      3.16506442	     -2.34258512	      9.55632461	      8.55087204	     -7.00061113	      0.00000000	     -1.49035050	      1.29530492	     -4.76912915	      3.32961570	     17.38003879	     10.92649952	      0.00000000	      3.50087775	      1.85105193	     -2.33000136	     -3.68717871	     -3.04578088	     -3.40992163	     19.57181650	     97.22994182	     -1.04508903	     -3.60587976	     10.14339927	     28.67195072	     79.34007917
      4.51666670	      3.84325805	     -1.79721921	      3.71468955	      2.88008329	      1.17468310	     -0.07010532	     16.38279524	      3.21181348	     -2.66478034	      8.38176893	      8.20402974	     -6.92084741	      0.00000000	     -2.68142628	      1.11392411	     -4.14523904	      3.18960968	     17.94328100	     10.57995706	      0.00000000	      2.46199330	      2.20219266	     -2.32328642	     -3.36569332	     -3.22978920	     -3.37828045	     19.87376996	     97.31646625	     -0.68244049	     -3.38069893	     10.34876422	     28.91791042	     79.30647707
      4.53333330	      4.21945982	     -1.77290430	      3.81642608	      2.89021816	      1.17430749	     -0.07084307	     15.81784288	      3.17338638	     -2.57351287	      7.96203442	      8.12087835	     -7.21317047	      0.00000000	     -3.66095072	      1.06576977	     -3.66477616	      3.08538626	     17.76926451	     10.67022744	      0.00000000	      2.06610759	      2.40731263	     -2.35891490	     -3.20550910	     -3.32652775	     -3.36166493	     20.19717358	     97.39586744	     -0.57621139	     -3.21741037	     10.50425811	     28.93754020	     79.25878326
      4.55000000	      4.23670637	     -1.95610411	      4.03702557	      2.89885682	      1.17497663	     -0.07210398	     15.70138195	      3.26855083	     -2.59183677	      8.07641025	      7.94170947	     -7.40731823	      0.00000000	     -4.16237706	      0.92161218	     -3.33877388	      3.36142013	     17.23613482	     11.01498289	      0.00000000	      2.10245721	      2.83168985	     -2.40206157	     -3.06675801	     -3.51237753	     -3.37342184	     20.35526799	     97.41747897	     -0.40489329	     -2.98632104	     10.55455558	     28.98153408	     79.24370562
      4.56666670	      4.65946307	     -2.26987486	      4.42765206	      2.90651630	      1.17475168	     -0.07353639	     15.01753735	      3.53319819	     -2.38792481	      8.18695900	      7.07422386	     -8.18064373	      0.00000000	     -5.15259608	      0.69696196	     -3.20467890	      3.61560048	     16.34451842	     11.62415426	      0.00000000	      1.60499581	      3.39581587	     -2.67982344	     -2.92159274	     -3.74080242	     -3.31721379	     21.04353017	     97.51440653	     -0.19414615	     -2.70445824	     10.63077816	     28.75279700	     79.17644485
      4.58333330	      4.83609719	     -2.66940178	      4.81375872	      2.91509013	      1.17172244	     -0.07434125	     14.74539403	      3.89792709	     -2.05394760	      8.77005613	      6.36643524	     -9.10130908	      0.00000000	     -5.74542851	      0.39882422	     -3.36050921	      4.01184328	     15.77287417	     12.21432510	      0.00000000	      1.34855564	      4.04049070	     -2.74119371	     -2.91388892	     -4.02924210	     -3.22052730	     21.70237845	     97.64526976	      0.07971038	     -2.39129880	     10.64867976	     28.63467877	     79.09029370
      4.60000000	      4.82968114	     -2.96697901	      5.20959876	      2.92568302	      1.16712722	     -0.07360931	     14.74738333	      4.18557972	     -1.86657401	      9.73289982	      6.24412945	     -9.20449815	      0.00000000	     -6.00703362	      0.11194776	     -3.32983297	      4.52617193	     15.73477352	     12.28041517	      0.00000000	      1.31971394	      4.54685745	     -2.76968325	     -2.85552716	     -4.20485775	     -3.22740066	     21.78809211	     97.65817945	      0.15248415	     -2.17236222	     10.67774781	     28.64932107	     79.08349923
      4.61666670	      4.94020092	     -3.10572708	      5.65748234	      2.93674282	      1.16577754	     -0.07163212	     14.50582372	      4.45627248	     -1.22390481	     10.63240876	      6.11873290	    -10.06807274	      0.00000000	     -6.18794227	     -0.22482099	     -3.50909715	      5.36340050	     16.98418434	     12.37637725	      0.00000000	      1.15901890	      4.79857565	     -2.92300093	     -2.84956407	     -4.32395893	     -3.16500890	     22.35410548	     97.72862563	      0.25890168	     -2.05219635	     10.67815316	     28.40942826	     79.03080469
      4.63333330	      4.98235058	     -3.14808657	      6.08912154	      2.94741416	      1.16647445	     -0.06988943	     14.27884381	      4.66744816	     -0.71437705	     11.50797431	      6.20224269	    -10.44866791	      0.00000000	     -6.24455465	     -0.57820227	     -3.53226429	      6.18840815	     18.06479549	     12.26670971	      0.00000000	      1.03110896	      5.02853618	     -2.88378620	     -2.78417111	     -4.38132803	     -3.14610441	     22.63532042	     97.75838547	      0.31251324	     -1.98233671	     10.68553789	     28.30999467	     79.00427410
      4.65000000	      5.02874416	     -3.01714949	      6.57663865	      2.95749587	      1.16715956	     -0.06850221	     13.81195561	      4.73922784	     -0.07677763	     11.98366870	      6.45085980	    -10.80701148	      0.00000000	     -6.18975876	     -0.83813842	     -3.57681487	      7.25777885	     19.39562477	     12.11767818	      0.00000000	      0.96157853	      4.93534872	     -2.85861065	     -2.85795826	     -4.30789241	     -3.11136698	     22.96124666	     97.78879579	      0.27249110	     -2.03714982	     10.67810327	     28.15457008	     78.97192493
      4.66666670	      5.01545665	     -2.90845749	      7.02002410	      2.96694090	      1.16676243	     -0.06726979	     13.35287393	      4.82841195	      0.58199077	     12.32393501	      6.33921889	    -11.80077962	      0.00000000	     -6.00693047	     -1.13405447	     -3.98411152	      8.46844722	     21.20499837	     12.79302831	      0.00000000	      0.90782951	      4.95885499	     -2.70110010	     -3.37440091	     -4.35700833	     -3.05972998	     24.30047411	     97.90783465	      0.23218021	     -2.01304843	     10.68507237	     27.80252511	     78.81990602
      4.68333330	      5.03811496	     -2.81162074	      7.27582765	      2.97541345	      1.16649499	     -0.06608497	     12.83960501	      4.90698309	      1.04667300	     12.55580916	      6.89716063	    -11.92749522	      0.00000000	     -5.77073873	     -1.38490222	     -4.13560953	      9.91132744	     22.85878155	     12.16805753	      0.00000000	      0.76798614	      4.95318465	     -2.51231677	     -3.35575641	     -4.34356538	     -3.07072375	     24.55772144	     97.93333021	      0.05989098	     -2.08294064	     10.68916036	     27.68215772	     78.77801402
      4.70000000	      5.06598236	     -2.61498792	      7.45255509	      2.98296334	      1.16793110	     -0.06509379	     12.29084669	      4.83348492	      1.23344316	     12.69329487	      7.35599085	    -11.99400741	      0.00000000	     -5.29375293	     -1.54738222	     -4.39749008	     11.88390193	     24.63450714	     11.53320225	      0.00000000	      0.60866113	      4.84729799	     -2.36999486	     -3.37691590	     -4.34167626	     -3.05170671	     24.95553785	     97.96933861	     -0.18193231	     -2.15141798	     10.66767714	     27.48639423	     78.71810733
      4.71666670	      5.07689570	     -2.29764925	      7.51852091	      2.99008240	      1.17075198	     -0.06388745	     11.70379640	      4.58355345	      1.27594544	     12.67309059	      7.82077086	    -11.87538991	      0.00000000	     -4.42300424	     -1.65032436	     -4.94147044	     14.72879214	     26.26404963	     10.77786424	      0.00000000	      0.46857897	      4.66305474	     -2.22478261	     -3.39914232	     -4.35866155	     -2.98866035	     25.41355398	     98.02317387	     -0.46292539	     -2.22311847	     10.60123212	     27.21762261	     78.62937999
      4.73333330	      5.07961496	     -1.94622843	      7.51724698	      2.99746276	      1.17331735	     -0.06205776	     11.04331931	      4.29675661	      1.22515304	     12.45968510	      8.30591176	    -11.53806348	      0.00000000	     -3.13335873	     -1.83730188	     -5.64467931	     18.48602354	     27.44470730	      9.83828966	      0.00000000	      0.35247735	      4.39699881	     -2.03533804	     -3.33823443	     -4.33698391	     -2.88351410	     25.77476822	     98.08423906	     -0.76293953	     -2.35119340	     10.49812388	     26.90237049	     78.53001816
      4.75000000	      4.59701993	     -1.70054881	      7.61957161	      3.00564679	      1.17451809	     -0.06091961	     10.80020010	      3.97444877	      0.65171357	     12.04935022	      9.17320870	    -10.26451454	      0.00000000	     -1.07122278	     -2.09114041	     -6.02805687	     22.59962185	     28.14026845	      8.66499509	      0.00000000	      1.03504195	      4.10252350	     -1.99203400	     -3.56807593	     -4.31824566	     -2.55901369	     26.31284684	     98.25134711	     -1.16809029	     -2.46873756	     10.23599977	     26.31646750	     78.25718462
      4.76666670	      4.37123405	     -1.48635182	      7.66723893	      3.01322039	      1.17596640	     -0.06040932	     10.21242554	      3.71800538	      0.16244580	     11.49040660	      9.90528955	     -9.02668313	      0.00000000	      0.68783522	     -2.29140991	     -6.09071447	     26.10524284	     27.90380874	      6.68460560	      0.00000000	      1.23125142	      3.93764851	     -1.79457282	     -3.54118500	     -4.36684459	     -2.29928305	     26.44921239	     98.38803350	     -1.44632661	     -2.53831045	     10.06916032	     25.85302724	     77.99787600
      4.78333330	      4.12857045	     -1.24165536	      7.71677092	      3.02034326	      1.17811755	     -0.05982283	      9.59695539	      3.42643356	     -0.30589031	     10.86611396	     10.44948568	     -7.82397081	      0.00000000	      2.47049669	     -2.36612559	     -5.83074113	     28.64980620	     26.94552131	      4.29455484	      0.00000000	      1.37315631	      3.73354402	     -1.55160932	     -3.49021983	     -4.40870607	     -2.07938856	     26.47374850	     98.48913823	     -1.67919618	     -2.61670257	      9.96481160	     25.37293967	     77.76073776
      4.80000000	      3.88431947	     -0.88369936	      7.77775541	      3.02758665	      1.18128555	     -0.05869602	      8.98611103	      3.05170073	     -0.77402299	     10.24453853	     10.79853439	     -6.56450763	      0.00000000	      4.26300838	     -2.27272733	     -5.24302282	     30.21314447	     25.22996028	      1.49513480	      0.00000000	      1.48029759	      3.37884421	     -1.26073777	     -3.39909053	     -4.40844249	     -1.87285963	     26.39101102	     98.56498677	     -1.79819492	     -2.72061819	      9.90335684	     24.84727216	     77.51827479
      4.81666670	      3.63957148	     -0.47235658	      7.85186710	      3.03525127	      1.18489128	     -0.05750034	      8.31886939	      2.66036871	     -1.31288114	      9.45021730	     10.77930283	     -5.42546837	      0.00000000	      5.87378165	     -2.10889389	     -4.53184534	     30.78824755	     22.85292834	     -1.45696469	      0.00000000	      1.54237104	      2.93051500	     -0.96444125	     -3.27689711	     -4.34405771	     -1.70036921	     26.22516667	     98.60885328	     -1.89429122	     -2.89824055	      9.89233367	     24.32841290	     77.29786613
      4.83333330	      3.42853570	     -0.03033452	      7.98856511	      3.04236790	      1.18762458	     -0.05644690	      7.65116980	      2.25966623	     -1.76672716	      8.64698873	     10.62431740	     -4.37006081	      0.00000000	      7.06866132	     -1.84425764	     -3.62149404	     30.28216760	     20.13060710	     -4.52602198	      0.00000000	      1.58301882	      2.43179487	     -0.76630345	     -3.16080173	     -4.25016956	     -1.53979706	     26.00385151	     98.62818114	     -1.96251345	     -3.10522212	      9.95447343	     23.79155455	     77.06741963
      4.85000000	      3.26762440	      0.36416384	      8.17904846	      3.04843371	      1.18984454	     -0.05554936	      6.92998974	      1.89509814	     -2.05969923	      7.77426037	     10.29461658	     -3.57442409	      0.00000000	      7.75472536	     -1.56945513	     -2.76840772	     28.77389180	     17.52980236	     -7.41931985	      0.00000000	      1.54051937	      1.99081556	     -0.66660255	     -3.04569543	     -4.17570369	     -1.40783806	     25.78746729	     98.62448788	     -1.99410904	     -3.31753297	     10.08419463	     23.27032960	     76.84802330
      4.86666670	      3.19174971	      0.62672264	      8.39512274	      3.05388450	      1.19099566	     -0.05434882	      6.20355815	      1.68884364	     -2.06590351	      6.99209923	     10.03630916	     -3.05758935	      0.00000000	      7.90449810	     -1.36517709	     -1.95969629	     26.41139495	     15.60091055	     -9.97308159	      0.00000000	      1.48904058	      1.70303165	     -0.64608544	     -2.95478301	     -4.10089125	     -1.27403737	     25.60843849	     98.60394178	     -2.01568897	     -3.54092452	     10.27403955	     22.76996801	     76.62518178
      4.88333330	      2.99141681	      0.82259779	      8.63287395	      3.05902467	      1.19077814	     -0.05307752	      5.66509511	      1.55714252	     -1.82255698	      6.17397307	      9.76663189	     -2.75379805	      0.00000000	      8.02554924	     -1.26361378	     -1.85516474	     23.87396269	     14.99032598	    -11.01507553	      0.00000000	      1.58875442	      1.36785827	     -0.73173633	     -2.88063659	     -3.99783012	     -1.19956065	     25.60587976	     98.58942402	     -2.05702567	     -3.79166305	     10.35533797	     22.48711786	     76.52131209
      4.90000000	      3.20775175	      0.91277183	      8.79721822	      3.06366917	      1.19080926	     -0.05293420	      4.95348620	      1.56538583	     -1.74031129	      5.78121776	      9.59445060	     -2.81810792	      0.00000000	      7.39537072	     -1.16456903	     -1.52970144	     20.84318461	     13.64758983	    -12.96694324	      0.00000000	      1.13162409	      1.34821818	     -0.75476820	     -2.66994185	     -4.01119314	     -1.00995358	     25.43156239	     98.56104714	     -1.92297447	     -3.92203980	     10.53598065	     22.01328961	     76.30277610
      4.91666670	      3.00939402	      0.77529133	      8.96962832	      3.06894986	      1.19084350	     -0.05389734	      4.78681911	      1.73065291	     -1.80018412	      5.46142495	      9.51997797	     -2.86540536	      0.00000000	      7.31816058	     -1.23824508	     -1.58475392	     18.17833205	     13.64845809	    -13.03340724	      0.00000000	      1.33217253	      1.48642701	     -0.79956365	     -2.63920301	     -4.11377395	     -0.98972224	     25.47064248	     98.55079084	     -2.11763623	     -3.95907818	     10.56731892	     21.88282648	     76.26365593
      4.93333330	      3.31951602	      0.88923969	      8.93347763	      3.07461001	      1.19173269	     -0.05464328	      4.01545572	      1.71178728	     -1.60542472	      5.03149555	      9.18508249	     -3.14238395	      0.00000000	      6.43627053	     -1.05999100	     -1.84604683	     15.25775331	     12.55147880	    -13.11970708	      0.00000000	      0.70034686	      1.43709755	     -0.74723999	     -2.39849870	     -4.12745898	     -0.71392665	     25.46640741	     98.53224076	     -2.00009835	     -4.07357151	     10.58661176	     21.59357571	     76.05098789
      4.95000000	      3.18904466	      0.90094092	      8.98389906	      3.08062141	      1.19091695	     -0.05520795	      3.77254049	      1.70648178	     -1.73476434	      4.72378513	      9.02539545	     -3.31920983	      0.00000000	      6.29211180	     -0.83410305	     -1.81403798	     12.93546259	     12.11113500	    -12.67224056	      0.00000000	      0.68054968	      1.45259269	     -0.71911403	     -2.36101633	     -4.19236530	     -0.61696453	     25.53644540	     98.52013389	     -2.13097092	     -4.14523555	     10.57547115	     21.49796765	     75.97138370
      4.96666670	      3.22263046	      1.01087004	      8.92257815	      3.08556744	      1.19024819	     -0.05507260	      3.40084747	      1.63450036	     -1.81212831	      4.57130627	      8.84772092	     -3.57453618	      0.00000000	      6.09991217	     -0.56278577	     -1.85607211	     11.01480382	     11.44959490	    -11.99947130	      0.00000000	      0.30690503	      1.33980847	     -0.57059153	     -2.25967824	     -4.22571069	     -0.46005025	     25.61962877	     98.50678163	     -2.12006264	     -4.25948493	     10.52490055	     21.43008129	     75.86358248
      4.98333330	      3.23732359	      1.13527585	      8.87653551	      3.08956190	      1.18984380	     -0.05512671	      3.09764531	      1.54661936	     -2.00500645	      4.54075317	      8.71333645	     -3.83868976	      0.00000000	      6.05129906	     -0.26521751	     -1.64808536	      9.50138115	     10.84176834	    -11.14461914	      0.00000000	     -0.03502914	      1.19784880	     -0.35945269	     -2.15876508	     -4.27056954	     -0.32992934	     25.67906224	     98.49269691	     -2.05075854	     -4.35646468	     10.47360480	     21.40678959	     75.77998405
      5.00000000	      3.33142266	      1.27466482	      8.81575486	      3.09338276	      1.18969533	     -0.05563823	      2.71159378	      1.45680334	     -2.22246765	      4.50839843	      8.55661216	     -4.12182352	      0.00000000	      5.91450920	      0.02867607	     -1.50198868	      8.36567561	     10.22143416	    -10.02421325	      0.00000000	     -0.41539539	      1.01623656	     -0.11190411	     -2.09064324	     -4.29306484	     -0.16602766	     25.70910938	     98.46912543	     -1.87334205	     -4.47756858	     10.41823268	     21.40344358	     75.69017945
      5.01666670	      3.71037027	      1.35658691	      8.70715774	      3.09771795	      1.18948170	     -0.05670059	      2.03078244	      1.47405896	     -2.18447296	      4.48385986	      8.27151533	     -4.48567987	      0.00000000	      5.40443437	      0.19233542	     -1.75733310	      7.66037838	     10.15875912	     -8.18161679	      0.00000000	     -1.14206272	      0.86317042	      0.19580930	     -1.96514197	     -4.38005212	      0.18266225	     25.72654908	     98.37136565	     -1.59015124	     -4.52859936	     10.41218578	     21.38126106	     75.52353120
      5.03333330	      3.69362637	      1.22265191	      8.75817298	      3.10263026	      1.18923093	     -0.05857323	      1.94172824	      1.60275771	     -2.53905114	      4.83122868	      8.28476063	     -4.76081158	      0.00000000	      5.36376980	      0.22378840	     -1.53226639	      7.50240088	      9.82879231	     -7.63399792	      0.00000000	     -1.19003472	      0.89568496	      0.28174626	     -1.97500726	     -4.46671256	      0.22771329	     25.67871436	     98.35245708	     -1.49093221	     -4.52148634	     10.41692524	     21.44026981	     75.50397153
      5.05000000	      3.65694804	      1.11352001	      8.63588424	      3.10752123	      1.19042117	     -0.06020860	      1.78131669	      1.70438810	     -2.60611176	      5.06370247	      8.26967892	     -4.81343142	      0.00000000	      5.23791351	      0.20918043	     -1.44746789	      7.66207727	      9.71062852	     -7.49082156	      0.00000000	     -1.08422625	      0.84080887	      0.30114338	     -1.96263714	     -4.49311362	      0.23407447	     25.67972010	     98.34919944	     -1.48565307	     -4.51901566	     10.42021924	     21.45498494	     75.50205391
      5.06666670	      3.68236416	      0.90229103	      8.64036794	      3.11139241	      1.19224790	     -0.06205016	      1.72527051	      1.88849193	     -2.90870435	      5.62169356	      8.36693042	     -5.12465231	      0.00000000	      5.03156221	      0.02203919	     -1.33141499	      7.86062954	      9.20807970	     -6.84522687	      0.00000000	     -1.21739100	      1.08638661	      0.41344763	     -2.02521366	     -4.59604916	      0.29624122	     25.58354360	     98.33908194	     -1.41399361	     -4.44037751	     10.44629148	     21.55554241	     75.49909458
      5.08333330	      3.85283487	      0.84716398	      8.37975883	      3.11568756	      1.19347762	     -0.06289197	      1.33920684	      1.96994526	     -2.75699498	      5.70812408	      8.46217349	     -5.39225594	      0.00000000	      4.54559519	     -0.12456992	     -1.92861300	      7.98580343	      9.50514370	     -5.12535663	      0.00000000	     -1.46640609	      1.03605178	      0.65725837	     -1.96055878	     -4.70705187	      0.75085075	     25.45083330	     98.25755797	     -1.32597973	     -4.47337616	     10.65923366	     21.98164363	     75.52660449
      5.10000000	      3.73717594	      0.78235007	      8.19066641	      3.12056467	      1.19382416	     -0.06343691	      1.28137265	      1.98967830	     -2.77447718	      5.69143756	      8.48818752	     -5.40766124	      0.00000000	      4.42199001	     -0.19354910	     -1.83695514	      8.10018955	      9.47037250	     -5.06933493	      0.00000000	     -1.40728400	      1.00703982	      0.61408471	     -1.95746675	     -4.72147646	      0.75198484	     25.45197016	     98.25552640	     -1.25769170	     -4.45255827	     10.66319173	     22.01292156	     75.52797349
      5.11666670	      3.71641054	      0.56850156	      8.22429258	      3.12566804	      1.19430987	     -0.06437275	      0.93541883	      2.21656778	     -2.55527442	      5.34972771	      8.72632639	     -5.37025979	      0.00000000	      4.21783010	     -0.43965248	     -1.45831528	      8.16388785	      9.33828121	     -4.70535779	      0.00000000	     -1.14357646	      1.19461139	      0.65724511	     -2.11843994	     -4.75391015	      0.79720187	     25.32752258	     98.24459112	     -1.26597378	     -4.38656627	     10.70610773	     22.13375062	     75.54529401
      5.13333330	      3.66064975	      0.50976347	      8.17201977	      3.12931817	      1.19512421	     -0.06581325	      0.81729699	      2.23208899	     -2.52160424	      5.41360101	      8.71935893	     -5.35072353	      0.00000000	      4.05109093	     -0.50953068	     -1.44166792	      8.24385414	      9.32941206	     -4.67152733	      0.00000000	     -1.00591828	      1.13195650	      0.58582473	     -2.16265792	     -4.76053924	      0.80027705	     25.30132704	     98.24249683	     -1.17068844	     -4.34372352	     10.71756238	     22.19087147	     75.55009746
      5.15000000	      3.68732900	      0.44588625	      8.27943501	      3.13218496	      1.19522699	     -0.06812819	      0.63414110	      2.24457316	     -2.41774317	      5.61806614	      8.69377077	     -5.30060957	      0.00000000	      3.79387337	     -0.55431954	     -1.46467831	      8.32863012	      9.32246089	     -4.63123922	      0.00000000	     -0.76975437	      1.14812246	      0.51336063	     -2.27795595	     -4.73445318	      0.81090541	     25.23435675	     98.24106936	     -1.08814924	     -4.28422022	     10.73598838	     22.26056327	     75.55799855
      5.16666670	      4.18554355	      0.43984438	      8.09097899	      3.13486985	      1.19535359	     -0.06981659	     -0.03256306	      2.26510328	     -2.11326802	      5.86302023	      8.98205524	     -5.13796856	      0.00000000	      2.76815207	     -0.60291360	     -2.02435321	      8.07245829	      9.65267880	     -3.61295620	      0.00000000	     -1.17087786	      1.16886291	      0.89007744	     -2.12339545	     -4.68093753	      0.87638990	     24.05675155	     98.17162387	     -0.93858597	     -4.25913695	     11.15193894	     22.66056420	     75.77070669
      5.18333330	      4.19459398	      0.32311391	      8.08846832	      3.13737363	      1.19552417	     -0.07111219	     -0.00610721	      2.31268039	     -2.19251264	      6.31200756	      8.94685025	     -5.20346871	      0.00000000	      2.45713870	     -0.64458065	     -2.07539714	      8.08761932	      9.84473106	     -3.58200804	      0.00000000	     -1.08876244	      1.29082155	      0.73379216	     -2.18304221	     -4.65807990	      0.88700853	     23.97548502	     98.15994859	     -0.85884746	     -4.19086623	     11.21882535	     22.70834286	     75.80569073
      5.20000000	      4.17300947	      0.21461185	      8.04088510	      3.13998796	      1.19645254	     -0.07209313	      0.08327096	      2.36353726	     -2.18983972	      6.71174162	      9.04758460	     -5.31643153	      0.00000000	      2.15836717	     -0.67153268	     -2.05337428	      8.03227717	     10.16299096	     -3.46744815	      0.00000000	     -1.06773568	      1.39240780	      0.67857940	     -2.15696961	     -4.65523074	      0.89189007	     23.85709178	     98.14487466	     -0.69960702	     -4.14791048	     11.31097027	     22.82374830	     75.85892925
      5.21666670	      4.13662443	      0.12748299	      7.95379050	      3.14239750	      1.19714219	     -0.07355699	      0.14604432	      2.39234400	     -2.15623750	      6.94487609	      9.14474914	     -5.43837501	      0.00000000	      1.87742678	     -0.67932861	     -2.02620890	      7.92386074	     10.61331443	     -3.27289352	      0.00000000	     -1.04745763	      1.45899889	      0.73408160	     -2.14112688	     -4.65001513	      0.89339147	     23.68444188	     98.12472820	     -0.52441425	     -4.13992128	     11.45534000	     23.00863270	     75.94341291
      5.23333330	      4.15790460	      0.07558395	      7.85398823	      3.14436861	      1.19742130	     -0.07531527	      0.05479462	      2.39826210	     -2.03743748	      6.95762983	      9.10280097	     -5.64234101	      0.00000000	      1.59983056	     -0.68075458	     -2.30490795	      7.86426030	     11.31294725	     -2.53869649	      0.00000000	     -1.14099938	      1.45037277	      0.98647378	     -2.13320761	     -4.62171315	      0.87595754	     23.24864155	     98.04879593	     -0.23543719	     -4.22435035	     12.04179821	     23.47999539	     76.27657887
      5.25000000	      4.07393305	     -0.02579313	      7.73747364	      3.14638251	      1.19728137	     -0.07637118	      0.11080002	      2.43141122	     -2.11348121	      7.01818841	      9.05417484	     -5.67553352	      0.00000000	      1.41576868	     -0.69965778	     -2.31369524	      7.62241439	     11.42328614	     -2.52490836	      0.00000000	     -1.04636807	      1.53302290	      0.91799905	     -2.07863468	     -4.58917480	      0.87552399	     23.26980612	     98.04155531	     -0.06073419	     -4.21572396	     12.08797986	     23.54949643	     76.30596530
      5.26666670	      4.00376526	     -0.08551352	      7.58831347	      3.14869424	      1.19671292	     -0.07666122	      0.10974280	      2.43722897	     -2.15357242	      7.02301554	      9.04754477	     -5.69308839	      0.00000000	      1.32650059	     -0.69431744	     -2.30518680	      7.57526351	     11.44818363	     -2.51606640	      0.00000000	     -1.01312205	      1.53909590	      0.84564095	     -2.10155276	     -4.57864761	      0.87615534	     23.26300841	     98.04030514	      0.05557302	     -4.19892169	     12.09950746	     23.59631671	     76.31326734
      5.28333330	      3.96324223	     -0.15864307	      7.44562165	      3.15136439	      1.19579478	     -0.07741615	      0.08361206	      2.45517825	     -2.24942439	      7.12427068	      9.02431774	     -5.75188228	      0.00000000	      0.97495476	     -0.69262943	     -2.39392942	      6.99173199	     11.56123455	     -2.42285476	      0.00000000	     -0.87870857	      1.62789879	      0.87007777	     -2.13724287	     -4.55501724	      0.87676527	     23.24560714	     98.02760679	      0.13375065	     -4.18563891	     12.27739122	     23.77870065	     76.40358716
      5.30000000	      3.90395430	     -0.21439464	      7.35695950	      3.15304272	      1.19509388	     -0.07886396	      0.05730774	      2.45206027	     -2.25370580	      7.11109825	      9.05177193	     -5.76336733	      0.00000000	      0.93610650	     -0.69649725	     -2.43392397	      6.94825648	     11.57539987	     -2.43071109	      0.00000000	     -0.86336663	      1.60522016	      0.78171969	     -2.16880747	     -4.53333073	      0.87947922	     23.24135345	     98.02672209	      0.27283824	     -4.16636396	     12.29532378	     23.84233117	     76.41346313
      5.31666670	      3.84446506	     -0.28280976	      7.33661159	      3.15402338	      1.19433722	     -0.08029239	      0.04213940	      2.46403601	     -2.23911485	      7.08206992	      9.12493595	     -5.78176005	      0.00000000	      0.89546512	     -0.71596261	     -2.53240830	      6.80701442	     11.62527616	     -2.46444605	      0.00000000	     -0.83152316	      1.60891841	      0.66952573	     -2.18860812	     -4.48096054	      0.88720586	     23.25162225	     98.02576820	      0.48111006	     -4.14987211	     12.32655667	     23.94841788	     76.43023234
      5.33333330	      3.81664697	     -0.32704908	      7.32848440	      3.15484409	      1.19339100	     -0.08113816	      0.01849202	      2.44668460	     -2.23577460	      7.09273278	      9.13137082	     -5.78344828	      0.00000000	      0.88900891	     -0.71633708	     -2.53569520	      6.80242673	     11.62824308	     -2.46477150	      0.00000000	     -0.83280069	      1.60604989	      0.66346613	     -2.18601620	     -4.47383198	      0.88819941	     23.25417011	     98.02572399	      0.49662450	     -4.15332086	     12.32901740	     23.95642494	     76.43166781
      5.35000000	      3.77687967	     -0.46387459	      7.31940137	      3.15539805	      1.19309081	     -0.08142502	      0.04399039	      2.56523342	     -2.13955797	      7.10585560	      9.30153302	     -5.80202557	      0.00000000	      0.84885546	     -0.84341207	     -2.54284145	      6.66450272	     11.73392047	     -2.45093165	      0.00000000	     -0.79180905	      1.67440629	      0.55723554	     -2.15963765	     -4.34566367	      0.91196805	     23.31339854	     98.02484899	      0.76775316	     -4.19761521	     12.40712382	     24.15282285	     76.47047918
      5.36666670	      3.75803599	     -0.50013661	      7.30038025	      3.15593380	      1.19399034	     -0.08182434	      0.04580289	      2.54193293	     -2.13707671	      7.10365455	      9.30696526	     -5.80403135	      0.00000000	      0.83474921	     -0.85680724	     -2.53318877	      6.67909323	     11.73486133	     -2.44512706	      0.00000000	     -0.79391517	      1.67132298	      0.55040867	     -2.16047343	     -4.34070714	      0.91298707	     23.31558344	     98.02481387	      0.78016085	     -4.20056880	     12.41091771	     24.16195304	     76.47230240
      5.38333330	      3.70488736	     -0.66854080	      7.31048845	      3.15597107	      1.19575942	     -0.08226260	      0.11148321	      2.70166790	     -2.04255906	      7.00238242	      9.36090188	     -5.79822568	      0.00000000	      0.96024211	     -1.02975726	     -2.31401541	      6.80588314	     11.76578763	     -2.27374604	      0.00000000	     -0.82259667	      1.73339065	      0.51961900	     -2.07586143	     -4.17193138	      0.95388243	     23.42354789	     98.02581972	      1.06243491	     -4.29852479	     12.52737862	     24.43390356	     76.52711578
      5.40000000	      3.68830164	     -0.70789762	      7.30815765	      3.15726973	      1.19756702	     -0.08380933	      0.12584901	      2.67979360	     -2.04273706	      6.99418393	      9.35810768	     -5.79971624	      0.00000000	      0.94427076	     -1.03843550	     -2.30987165	      6.82143634	     11.76488706	     -2.26866442	      0.00000000	     -0.82781524	      1.72774851	      0.51510927	     -2.07591538	     -4.16761853	      0.95497243	     23.42592870	     98.02583177	      1.07420068	     -4.30437520	     12.53105187	     24.44312168	     76.52893202
      5.41666670	      3.56107981	     -0.92376608	      7.62897476	      3.15929139	      1.19840585	     -0.08584095	      0.06897278	      2.87801844	     -2.18619127	      6.62843393	      8.61212018	     -6.36281315	      0.00000000	      1.21581701	     -1.26275703	     -2.30489602	      7.07010392	     12.16159765	     -1.20655130	      0.00000000	     -0.90317234	      1.84554121	      0.19777051	     -2.32331284	     -4.16927694	      1.11988427	     24.27112173	     97.96885770	      0.82018449	     -5.06344644	     14.77399578	     26.45736099	     77.45793606
      5.43333330	      3.50806716	     -0.98010073	      7.62707796	      3.16133945	      1.19780542	     -0.08780432	      0.04154919	      2.84740005	     -2.18430939	      6.64600689	      8.60750323	     -6.36211457	      0.00000000	      1.18775692	     -1.26486218	     -2.30143302	      7.08140327	     12.16034592	     -1.20383963	      0.00000000	     -0.90467304	      1.83916337	      0.19767173	     -2.31782112	     -4.15917311	      1.12133525	     24.27271865	     97.96893670	      0.83646707	     -5.07163658	     14.77355201	     26.46023859	     77.45863519
      5.45000000	      3.50026684	     -1.03678335	      7.68533703	      3.16231522	      1.19615761	     -0.08955845	     -0.03613439	      2.82734010	     -2.17120718	      6.70195288	      8.53891488	     -6.32696423	      0.00000000	      1.06413535	     -1.26312427	     -2.15127485	      6.97620945	     12.21631573	     -1.12038126	      0.00000000	     -0.76394513	      1.81140407	      0.18674575	     -2.35713492	     -4.04262867	      1.14158941	     24.25611173	     97.97030992	      1.02661180	     -5.14461607	     14.78570040	     26.52025181	     77.47452306
      5.46666670	      3.46664380	     -1.09496248	      7.68897199	      3.16199193	      1.19435368	     -0.09125263	     -0.05469407	      2.80337520	     -2.16706610	      6.70918837	      8.53824023	     -6.32553766	      0.00000000	      1.03680642	     -1.24219291	     -2.14229541	      6.98516197	     12.22144632	     -1.11496222	      0.00000000	     -0.76658354	      1.79910144	      0.19130492	     -2.35864950	     -4.03511041	      1.14261288	     24.25451436	     97.97038772	      1.02644089	     -5.15121479	     14.78690351	     26.51990970	     77.47541710
      5.48333330	      3.49439349	     -0.93995690	      7.88736352	      3.16052986	      1.19351867	     -0.09239220	     -0.13314734	      2.58285514	     -2.03946080	      6.74114698	      8.71671523	     -6.28002312	      0.00000000	      0.95557009	     -0.96592001	     -1.55601679	      7.00280140	     12.77072836	     -0.90266627	      0.00000000	     -0.83448911	      1.41905893	      0.32911611	     -2.48142618	     -3.89648272	      1.14891297	     24.11089412	     97.96674904	      1.17266743	     -5.26681855	     14.91618681	     26.62824839	     77.54559891
      5.50000000	      3.56616771	     -0.92244392	      8.00666440	      3.15832713	      1.19381067	     -0.09312048	     -0.06089622	      2.51833927	     -2.00486480	      6.99343893	      8.94836741	     -6.26254581	      0.00000000	      1.05156467	     -0.87443469	     -1.57740668	      7.34761703	     13.03159337	     -0.91562969	      0.00000000	     -1.07126188	      1.27692993	      0.35040227	     -2.43546509	     -3.80969016	      1.11999049	     24.04405542	     97.95440626	      1.36977566	     -5.36271980	     15.07083407	     26.74462326	     77.62508847
      5.51666670	      3.57234769	     -0.98599116	      8.01929648	      3.15846064	      1.19379502	     -0.09501789	     -0.04733649	      2.51605090	     -1.99860449	      7.00015167	      8.95093184	     -6.26066758	      0.00000000	      1.04266430	     -0.82773970	     -1.58646763	      7.35502877	     13.03460646	     -0.91773691	      0.00000000	     -1.07818982	      1.26656706	      0.34910387	     -2.43607881	     -3.80393696	      1.12002194	     24.04337770	     97.95428573	      1.37451598	     -5.36989086	     15.07212879	     26.74606487	     77.62609351
      5.53333330	      3.58938726	     -0.88138363	      8.04340161	      3.15977738	      1.19330580	     -0.09791553	      0.25827977	      2.28163127	     -1.97360153	      7.72689917	      9.32439864	     -6.33949942	      0.00000000	      1.15882711	     -0.60261834	     -1.76799074	      7.59248904	     13.22217526	     -1.01883302	      0.00000000	     -1.44119599	      1.01405852	      0.27762197	     -2.31168796	     -3.74864624	      1.06170861	     24.06779223	     97.93677844	      1.55650711	     -5.51370106	     15.22662425	     26.88833278	     77.70413757
      5.55000000	      3.57970843	     -0.97145605	      8.03001796	      3.16134479	      1.19275593	     -0.10050726	      0.24205638	      2.24944156	     -1.97125124	      7.74531785	      9.33023941	     -6.34156340	      0.00000000	      1.16376459	     -0.56283897	     -1.77374206	      7.58916875	     13.22383637	     -1.01927784	      0.00000000	     -1.45183258	      1.00413562	      0.27459207	     -2.31563994	     -3.74336737	      1.06136693	     24.06668691	     97.93659632	      1.55776973	     -5.52159759	     15.22831213	     26.88934229	     77.70522140
      5.56666670	      3.53666990	     -0.85421412	      7.78178039	      3.16008953	      1.19259148	     -0.10160554	      0.54048739	      1.93649085	     -1.94832211	      8.31975952	      9.77590928	     -6.41510398	      0.00000000	      1.01229288	     -0.26739783	     -1.91633254	      7.25912263	     13.40256486	     -1.06382725	      0.00000000	     -1.45853068	      0.82038092	      0.24877454	     -2.35395972	     -3.83920760	      0.97464891	     24.10828159	     97.91538744	      1.33709055	     -5.57773656	     15.41237108	     26.99555474	     77.78307395
      5.58333330	      3.57524307	     -0.92427975	      7.76951221	      3.15669530	      1.19344077	     -0.10229019	      0.57022044	      1.90534083	     -1.94401632	      8.30187354	      9.78241439	     -6.41356850	      0.00000000	      1.02002512	     -0.23865550	     -1.91741752	      7.25189876	     13.40208017	     -1.06143156	      0.00000000	     -1.45825439	      0.81025863	      0.24788678	     -2.36517415	     -3.83320215	      0.97458999	     24.10652508	     97.91525336	      1.32882119	     -5.58780823	     15.41409881	     26.99465038	     77.78413804
      5.60000000	      3.17096031	     -0.93478125	      7.47674487	      3.15394510	      1.19347248	     -0.10328843	      1.40050041	      1.74172830	     -1.79583566	      8.78835074	     10.44255455	     -5.80562112	      0.00000000	      1.53810876	     -0.09996005	     -2.13682614	      7.29988502	     13.29456011	     -0.90139440	      0.00000000	     -1.15402323	      0.59911624	      0.42202948	     -2.47148559	     -3.81299816	      0.66512712	     24.38559135	     97.83392628	      1.10350007	     -5.93785810	     16.12749438	     27.65751944	     78.15126564
      5.61666670	      3.23810940	     -1.00662632	      7.45843665	      3.15325663	      1.19321059	     -0.10584592	      1.45878452	      1.72241200	     -1.79812585	      8.76574610	     10.44049241	     -5.80595910	      0.00000000	      1.53385817	     -0.06727577	     -2.13833010	      7.30479583	     13.29434612	     -0.90004177	      0.00000000	     -1.15728886	      0.58018310	      0.42050500	     -2.47465252	     -3.80719785	      0.66482629	     24.38651802	     97.83377863	      1.09677412	     -5.94763134	     16.12826409	     27.65318636	     78.15203795
      5.63333330	      3.26225859	     -1.02220592	      7.19223036	      3.15267123	      1.19283073	     -0.10791814	      1.82453959	      1.59155659	     -1.95812472	      9.25126543	     10.24120918	     -5.79938955	      0.00000000	      1.56683301	      0.04884050	     -2.27683111	      7.34072116	     13.33026930	     -0.92813292	      0.00000000	     -1.32307051	      0.47186630	      0.32557592	     -2.31381448	     -3.85577302	      0.59983851	     24.54841935	     97.81881665	      0.96216474	     -6.06286287	     16.20562306	     27.55373965	     78.19870865
      5.65000000	      3.28341609	     -1.13691160	      7.07073387	      3.15125090	      1.19321053	     -0.10943708	      1.96878683	      1.60872706	     -2.00634585	      9.31019046	     10.23350329	     -5.82145744	      0.00000000	      1.58383859	      0.05117029	     -2.26594067	      7.32367907	     13.34285354	     -0.91118783	      0.00000000	     -1.40194401	      0.37682167	      0.30476982	     -2.32698893	     -3.88524162	      0.58368942	     24.57482021	     97.81564263	      0.87163320	     -6.10642486	     16.22387832	     27.51122388	     78.20880638
      5.66666670	      3.34367560	     -1.21193647	      7.06263799	      3.14871226	      1.19301800	     -0.11122026	      2.03491624	      1.59497158	     -2.00860782	      9.29697768	     10.23137663	     -5.82329419	      0.00000000	      1.57668931	      0.09013572	     -2.26755234	      7.31997077	     13.34684103	     -0.90882510	      0.00000000	     -1.40544258	      0.36365977	      0.30621079	     -2.33073897	     -3.88080704	      0.58328872	     24.57861161	     97.81546390	      0.85506249	     -6.12056672	     16.22468348	     27.50362075	     78.20962032
      5.68333330	      2.66874197	     -1.31561030	      6.78508252	      3.14560189	      1.19110908	     -0.11306014	      3.49649192	      1.47087941	     -2.03923009	     10.34926098	     10.26234201	     -6.10142474	      0.00000000	      2.49578858	      0.17692117	     -2.41150186	      7.47634013	     13.71496515	     -0.65906715	      0.00000000	     -0.92875174	      0.30388308	      0.06688849	     -2.44844693	     -3.95771496	      0.37936887	     25.69753297	     97.76945077	      0.43032376	     -6.34703250	     16.60918583	     27.51854775	     78.49809570
      5.70000000	      2.76477660	     -1.39617653	      6.76978732	      3.14291967	      1.19045751	     -0.11556698	      3.55655544	      1.44396361	     -2.04207289	     10.32657081	     10.26078071	     -6.10340831	      0.00000000	      2.52345563	      0.20756747	     -2.41606788	      7.45646206	     13.71727753	     -0.65958721	      0.00000000	     -0.93731425	      0.28522946	      0.07088088	     -2.45545468	     -3.95345100	      0.37934964	     25.69724909	     97.76944237	      0.41452661	     -6.35764434	     16.60960360	     27.51148474	     78.49872714
      5.71666670	      2.72309983	     -1.42169803	      6.56599842	      3.13892482	      1.18963735	     -0.11733768	      4.19904114	      1.26877179	     -2.27053034	     11.01932262	     10.07450129	     -6.16301891	      0.00000000	      2.77047707	      0.30674462	     -2.61006106	      7.42972501	     13.67233448	     -0.79820149	      0.00000000	     -1.35494204	      0.15419230	      0.08682967	     -2.19212366	     -4.05635358	      0.31976019	     25.92440974	     97.75900980	      0.41579640	     -6.38332468	     16.65867449	     27.44400425	     78.54779833
      5.73333330	      2.73548765	     -1.49549138	      6.53664116	      3.13527801	      1.18889593	     -0.11905098	      4.40502581	      1.18663735	     -2.31769461	     11.00507053	     10.09810101	     -6.18915894	      0.00000000	      2.94490988	      0.34031846	     -2.64716463	      7.36697165	     13.63582962	     -0.81694364	      0.00000000	     -1.54859086	      0.12078577	      0.10572062	     -2.17793623	     -4.08670541	      0.30758099	     25.95599085	     97.75709070	      0.36230227	     -6.43770379	     16.66373262	     27.39844402	     78.55691297
      5.75000000	      2.63512913	     -1.50590254	      6.42346345	      3.13079842	      1.18851239	     -0.12051231	      5.02808217	      0.98167982	     -2.53531858	     11.48729469	     10.13721724	     -6.24599273	      0.00000000	      3.38773206	      0.44711358	     -2.79737613	      7.48375897	     13.32184243	     -0.88391422	      0.00000000	     -1.72091589	      0.00027986	      0.03595405	     -1.93319563	     -4.15308125	      0.25288561	     26.26291945	     97.74636032	      0.52436051	     -6.51758731	     16.68558289	     27.36105925	     78.60643927
      5.76666670	      2.64266623	     -1.59543472	      6.40504426	      3.12720226	      1.18903180	     -0.12185629	      5.20529938	      0.92171072	     -2.62606035	     11.40318088	     10.16244090	     -6.26827857	      0.00000000	      3.59045233	      0.45209861	     -2.82064209	      7.38272147	     13.28056809	     -0.89803844	      0.00000000	     -1.86914710	     -0.05095350	      0.11010932	     -1.89238503	     -4.18895225	      0.23958851	     26.31023610	     97.74429213	      0.40284072	     -6.58030483	     16.69042659	     27.29718652	     78.61502189
      5.78333330	      1.87767039	     -1.72477877	      6.32196020	      3.12356871	      1.18876317	     -0.12283173	      6.49946437	      0.74785574	     -3.26745298	     11.87505365	     10.21812000	     -5.93928467	      0.00000000	      4.75068518	      0.52659200	     -2.73146982	      7.43113245	     12.64312940	     -1.47266696	      0.00000000	     -1.07353068	     -0.07275393	      0.15827289	     -2.25359312	     -4.30033807	      0.02750219	     27.32582059	     97.71001885	      0.26053451	     -6.65378446	     16.81151803	     27.11326053	     78.90419461
      5.80000000	      1.90680452	     -1.83675206	      6.29616598	      3.11999604	      1.19077096	     -0.12334496	      6.65962964	      0.71947497	     -3.67864855	     11.86249818	      9.95730102	     -5.96592959	      0.00000000	      4.92936389	      0.48310390	     -2.83142825	      7.25478972	     12.33189482	     -1.46558320	      0.00000000	     -1.26132136	     -0.07052920	      0.29402247	     -2.08369273	     -4.33925888	     -0.01543419	     27.42598554	     97.70483225	      0.30105696	     -6.76200540	     16.80541006	     27.07940577	     78.94269337
      5.81666670	      1.93278633	     -2.00444885	      6.30980666	      3.11691035	      1.19228306	     -0.12392051	      6.70906477	      0.75488564	     -4.16518240	     11.72269873	      9.58390753	     -5.99358937	      0.00000000	      5.05397826	      0.36938495	     -2.72582604	      6.96488848	     11.84462289	     -1.38357442	      0.00000000	     -1.40215265	     -0.03870650	      0.40392741	     -2.03886085	     -4.38328756	     -0.06312856	     27.55800415	     97.69955597	      0.26921975	     -6.82702409	     16.81113294	     27.03330835	     79.00304386
      5.83333330	      1.96056627	     -2.12509910	      6.23766160	      3.11404757	      1.19176288	     -0.12452452	      6.67854732	      0.75697132	     -4.33896099	     11.61937489	      9.59402242	     -6.06595959	      0.00000000	      5.20811441	      0.27240744	     -2.62189419	      6.84739621	     11.76995027	     -1.33488185	      0.00000000	     -1.49282639	     -0.06120119	      0.58775770	     -1.88064079	     -4.38968716	     -0.07084922	     27.62595509	     97.69868769	      0.13659038	     -6.95499723	     16.79873522	     26.96058753	     79.00934463
      5.85000000	      2.07733372	     -2.39508980	      6.39031173	      3.11095131	      1.19009993	     -0.12515282	      6.47944117	      0.87280695	     -4.94369314	     11.69410201	      9.56288646	     -6.36586665	      0.00000000	      5.29076273	      0.00304581	     -2.22739270	      6.68701000	     11.37455936	     -1.15183187	      0.00000000	     -1.61711467	      0.15875477	      0.70891281	     -1.84736682	     -4.46920575	     -0.08783616	     27.73447992	     97.69925243	      0.22720998	     -7.04976428	     16.75571184	     26.90285639	     79.04504247
      5.86666670	      2.27364951	     -2.56343592	      6.52424930	      3.10726794	      1.18869883	     -0.12512855	      6.13453194	      0.89016572	     -5.40325640	     12.00456989	      9.77078623	     -6.75795844	      0.00000000	      5.38320305	     -0.19788478	     -1.74834902	      6.73434727	     11.20526475	     -1.15865703	      0.00000000	     -1.83935365	      0.18077512	      0.83282426	     -1.76338375	     -4.53270525	     -0.10322229	     27.93879039	     97.70163608	      0.29556090	     -7.09251759	     16.69902291	     26.71681611	     79.09650673
      5.88333330	      2.36007567	     -2.68457438	      6.47972806	      3.10361580	      1.18819205	     -0.12503774	      5.78739749	      0.85378975	     -5.55253230	     12.39703876	      9.88027841	     -6.90859913	      0.00000000	      5.56118293	     -0.38418562	     -1.52534467	      6.76835210	     11.11067805	     -1.09261433	      0.00000000	     -1.80513675	      0.18844654	      1.05494550	     -1.63681789	     -4.52138792	     -0.09990188	     28.02022954	     97.70329085	      0.14000525	     -7.26824029	     16.66495811	     26.59424702	     79.10170737
      5.90000000	      2.44003671	     -2.75368618	      6.73606873	      3.09989607	      1.18821208	     -0.12650760	      5.50351161	      0.65998682	     -5.93822159	     13.28501645	     10.54704504	     -7.54339324	      0.00000000	      5.80559320	     -0.46167540	     -0.95784159	      6.75050672	     10.84650210	     -0.96718227	      0.00000000	     -1.98981351	      0.23340107	      1.18031818	     -1.58904067	     -4.56270571	     -0.07439366	     28.17184044	     97.71403198	      0.29265371	     -7.30915792	     16.58150999	     26.40504500	     79.12347291
      5.91666670	      2.41995457	     -2.69847418	      6.86531248	      3.09749180	      1.18862543	     -0.12795349	      5.03057555	      0.32999448	     -6.05322604	     13.93798843	     10.98068670	     -7.91717299	      0.00000000	      6.02872583	     -0.38498637	     -0.43149884	      6.65516840	     10.58395860	     -0.84853039	      0.00000000	     -1.87041122	      0.07453890	      1.34799495	     -1.62800412	     -4.54278659	     -0.03139364	     28.32861115	     97.72813655	      0.16778045	     -7.43205693	     16.51187002	     26.14410951	     79.13957282
      5.93333330	      2.32065660	     -2.61670493	      6.99538804	      3.09510885	      1.19027609	     -0.12828663	      4.47227899	     -0.00010214	     -6.19536684	     14.49615760	     11.35138376	     -8.25775606	      0.00000000	      6.21808032	     -0.26963691	      0.09750366	      6.40750132	     10.21459599	     -0.69350683	      0.00000000	     -1.58078420	     -0.08913539	      1.54296545	     -1.65933871	     -4.49149323	      0.03504353	     28.52080505	     97.74939524	      0.04789695	     -7.54669670	     16.43134373	     25.87217402	     79.15191482
      5.95000000	      2.23085700	     -2.57677886	      7.08716765	      3.09267102	      1.19249261	     -0.12790524	      3.81382103	     -0.21437927	     -6.40983778	     15.01047069	     11.54569578	     -8.52522688	      0.00000000	      6.31770743	     -0.21194305	      0.56149940	      6.11226116	      9.80064751	     -0.54341660	      0.00000000	     -1.23973290	     -0.22937409	      1.75887237	     -1.72105129	     -4.44328848	      0.12009686	     28.72007646	     97.77768195	     -0.11668689	     -7.65649084	     16.33820498	     25.58047263	     79.15781337
      5.96666670	      2.19643468	     -2.61767779	      7.09547246	      3.09049795	      1.19393254	     -0.12796953	      3.12351377	     -0.30335029	     -6.67521726	     15.67757589	     11.47331919	     -8.67542708	      0.00000000	      6.34202180	     -0.24996923	      0.85533944	      5.85449668	      9.51672324	     -0.42403002	      0.00000000	     -0.97578701	     -0.21849917	      2.00331577	     -1.77696665	     -4.40370350	      0.19141920	     28.85836019	     97.80050215	     -0.40355217	     -7.77111536	     16.26676120	     25.33345107	     79.15499688
      5.98333330	      2.43869925	     -2.63184696	      7.15564744	      3.08895775	      1.19449391	     -0.12887971	      2.06442746	     -0.39127568	     -7.03806501	     16.40670742	     11.04989248	     -8.94499836	      0.00000000	      5.86018964	     -0.24953725	      1.35417533	      5.20707088	      8.80820096	     -0.79529431	      0.00000000	     -0.98118466	     -0.23080022	      2.31125006	     -1.99148547	     -4.53469813	      0.64004781	     29.68636116	     97.96572608	     -0.34017800	     -7.61326698	     15.76070413	     24.45794502	     79.11853368
      6.00000000	      2.42761362	     -2.72753178	      7.15745698	      3.08768862	      1.19465916	     -0.12989720	      1.40831249	     -0.45476474	     -7.30698209	     17.55783789	     10.69836975	     -8.95858796	      0.00000000	      5.70110724	     -0.30531862	      1.58471413	      4.73129155	      8.80678568	     -0.66398152	      0.00000000	     -0.60939152	     -0.09972703	      2.54975351	     -2.05671572	     -4.54370973	      0.68078092	     29.75137637	     97.98245003	     -0.75849716	     -7.63237486	     15.72543684	     24.30973172	     79.11489915
      6.01666670	      2.43289236	     -2.79201140	      7.19023485	      3.08554968	      1.19568787	     -0.13083738	      0.67776207	     -0.53399746	     -7.55509508	     18.71483601	     10.30172173	     -8.92351193	      0.00000000	      5.39877407	     -0.31319680	      1.87912908	      4.05193124	      8.82415541	     -0.49876828	      0.00000000	     -0.15108111	     -0.00582275	      2.75926373	     -2.13143189	     -4.55679724	      0.75038671	     29.89045254	     98.00736204	     -1.16985504	     -7.60075356	     15.65984726	     24.10605903	     79.09910260
      6.03333330	      2.48215242	     -2.85264898	      7.26016570	      3.08235323	      1.19706331	     -0.13160098	     -0.19875983	     -0.55864001	     -7.72736038	     19.75160927	     10.11225150	     -8.89317512	      0.00000000	      5.02516095	     -0.31076969	      2.21548764	      3.34331168	      8.93772095	     -0.35083760	      0.00000000	      0.29470056	      0.13520366	      2.93582374	     -2.22433779	     -4.57417785	      0.86162088	     30.11637379	     98.04430890	     -1.55432735	     -7.54069876	     15.54408036	     23.81617259	     79.06479949
      6.05000000	      2.84711778	     -2.77642760	      7.43202267	      3.07915994	      1.19748438	     -0.13178847	     -1.56742881	     -0.59714741	     -7.92871919	     20.57043483	     10.50640009	     -8.71056236	      0.00000000	      4.36156262	     -0.21040255	      2.62916574	      2.74289265	      9.09111303	     -0.23707696	      0.00000000	      0.26775986	      0.15226569	      3.01873537	     -2.46848696	     -4.62358237	      1.29811729	     30.94707049	     98.18861894	     -1.70119520	     -7.42261501	     14.99320643	     23.00665281	     78.89416484
      6.06666670	      2.85749107	     -2.79242988	      7.46976269	      3.07624501	      1.19506238	     -0.13097153	     -2.43446408	     -0.57346796	     -8.21257482	     21.52146648	     10.72905412	     -8.85752211	      0.00000000	      4.29752123	     -0.18952478	      2.60519160	      2.48607899	      9.35475598	     -0.34794553	      0.00000000	      0.70001911	      0.35705313	      3.23087368	     -2.55663357	     -4.60387930	      1.36183856	     31.06446671	     98.20977147	     -2.08043496	     -7.38544437	     14.92644739	     22.85222864	     78.86649128
      6.08333330	      2.90056550	     -2.60595361	      7.58512817	      3.07257758	      1.19228629	     -0.12928169	     -3.19798476	     -0.78672397	     -8.74927115	     22.84249209	     12.14792889	     -8.16774161	      0.00000000	      4.27084057	      0.03440168	      2.68946435	      2.31460160	      9.47176565	     -0.66383498	      0.00000000	      0.94847983	      0.25218212	      3.50203126	     -2.86068798	     -4.69171322	      1.87132464	     32.16734907	     98.39921766	     -2.12358467	     -7.20596028	     14.06670656	     22.18661460	     78.53508942
      6.10000000	      2.90480653	     -2.46894207	      7.72636268	      3.06754620	      1.19231440	     -0.12757568	     -3.81879771	     -0.86354998	     -9.03223866	     24.12472513	     12.25720690	     -8.29344053	      0.00000000	      4.37382507	      0.18550637	      2.71006920	      2.19656095	      9.42685555	     -0.71582791	      0.00000000	      1.26812751	      0.18732250	      3.69337060	     -2.86702974	     -4.58695433	      1.92329518	     32.25120791	     98.41709555	     -2.39597878	     -7.23726968	     13.98603522	     22.05572078	     78.49680873
      6.11666670	      2.86857530	     -2.26746459	      7.87810782	      3.06076626	      1.19531233	     -0.12628576	     -4.21864050	     -0.99501817	     -9.21311925	     25.74023359	     11.86563320	     -7.97957358	      0.00000000	      4.63212746	      0.40779990	      2.69110104	      2.19768604	      8.88756281	     -0.73863246	      0.00000000	      1.50651558	      0.02266149	      3.87007952	     -2.73620193	     -4.44357053	      2.00693207	     32.42454986	     98.44111207	     -2.44773519	     -7.28727307	     13.84910598	     21.89113718	     78.43644311
      6.13333330	      2.58260294	     -2.00381891	      7.95228058	      3.05295746	      1.19674113	     -0.12486609	     -4.36656351	     -1.27451768	     -9.66983173	     27.67073085	     11.22067999	     -6.38678668	      0.00000000	      5.10744796	      0.76081564	      2.88757888	      2.06351270	      7.68023566	     -1.34903289	      0.00000000	      2.13095994	     -0.23432209	      4.32992526	     -2.91475406	     -4.38374136	      2.37630178	     32.76952419	     98.55124785	     -2.35319059	     -7.17903656	     13.19905792	     21.29303948	     78.13824821
      6.15000000	      2.49237778	     -1.48282480	      7.88726052	      3.04391578	      1.19443930	     -0.12168090	     -4.79163347	     -1.66748070	     -9.95330751	     29.78367344	      9.49729800	     -5.31501678	      0.00000000	      5.51873513	      1.30667840	      2.51867508	      2.19365060	      6.99029850	     -1.45838400	      0.00000000	      2.16386308	     -0.76513426	      4.58611957	     -2.58150961	     -4.19059674	      2.48672484	     32.98273322	     98.57724364	     -2.34501081	     -7.31504216	     13.02229566	     21.18410055	     78.06017855
      6.16666670	      2.08504074	     -0.82294658	      7.68286402	      3.03546059	      1.18966600	     -0.11770025	     -5.03447025	     -2.22708564	    -10.37437525	     31.65624857	      8.10068870	     -3.17016272	      0.00000000	      6.24478250	      2.00147243	      2.20849216	      2.16022348	      5.94073767	     -1.74902046	      0.00000000	      2.46195205	     -1.55562459	      5.21929455	     -2.47661701	     -4.02774458	      2.86077244	     33.34667392	     98.66860233	     -2.30968432	     -7.40411681	     12.46053759	     21.18232824	     77.82647317
      6.18333330	      1.65212626	     -0.11350295	      7.38259467	      3.02760899	      1.18545246	     -0.11388483	     -5.44739140	     -2.79000450	    -10.73936838	     32.72764035	      7.13771108	     -1.29424885	      0.00000000	      7.18897186	      2.70360211	      1.63211253	      2.37984211	      5.30986842	     -2.14712065	      0.00000000	      2.66309547	     -2.35195781	      5.62322564	     -2.21730645	     -3.83537913	      3.22881142	     33.89916601	     98.75659446	     -2.41624529	     -7.57590791	     11.85820595	     21.34979306	     77.59060473
      6.20000000	      1.32226020	      0.54379818	      7.02423448	      3.01957514	      1.18232354	     -0.11031567	     -6.10903122	     -3.21481900	    -10.92382527	     32.71692467	      6.16034232	     -0.49649781	      0.00000000	      8.19487405	      3.27278710	      0.92176796	      2.81887654	      4.99276831	     -2.51958712	      0.00000000	      2.63650615	     -3.02710879	      5.89102298	     -1.77452431	     -3.54874259	      3.35755623	     34.23331418	     98.78087165	     -2.45631570	     -7.77609480	     11.69407846	     21.37897822	     77.53327343
      6.21666670	      0.74244925	      1.10256901	      6.70529547	      3.01075917	      1.17840122	     -0.10746075	     -6.40627921	     -3.76332446	    -11.59903692	     32.31618147	      5.87988896	      1.38655949	      0.00000000	      9.43157417	      3.80647280	      0.45155478	      3.02570726	      4.46622593	     -3.01715377	      0.00000000	      3.10720738	     -3.64935905	      6.35349832	     -1.68545094	     -3.53589937	      3.89657622	     35.11800669	     98.89883662	     -2.63614821	     -7.84816708	     10.95575139	     21.88235151	     77.26432389
      6.23333330	      0.50187055	      1.59941158	      6.41429153	      3.00080056	      1.17375764	     -0.10470136	     -6.82134481	     -4.18910997	    -11.91540873	     31.68977451	      5.18529090	      1.81585306	      0.00000000	     10.43298369	      4.22281713	     -0.20237958	      3.36094420	      4.27335400	     -3.37283319	      0.00000000	      3.02743814	     -4.11940892	      6.50364583	     -1.22022450	     -3.38848816	      3.99316319	     35.43271705	     98.91505151	     -2.53119922	     -7.90536401	     10.82613298	     21.94317775	     77.21954250
      6.25000000	     -0.06686552	      1.88996022	      6.18574222	      2.99110696	      1.16956801	     -0.10188227	     -6.51639259	     -4.65787671	    -12.58066807	     31.28470630	      4.51021990	      3.24142348	      0.00000000	     11.75566113	      4.49431939	     -0.53746537	      3.52681086	      3.79863507	     -3.79989743	      0.00000000	      3.40890473	     -4.43157999	      6.70612277	     -1.15369492	     -3.50136312	      4.57092613	     36.33606107	     99.00703633	     -2.59866050	     -7.81864823	     10.16291152	     22.24682566	     76.97457440
      6.26666670	     -0.28637889	      2.05115758	      5.90845546	      2.98160207	      1.16755607	     -0.09791443	     -6.27916618	     -4.90040298	    -12.88828785	     30.89138421	      3.61995998	      4.07191282	      0.00000000	     12.73070604	      4.54818723	     -1.01325234	      3.72837936	      3.39523368	     -4.08106697	      0.00000000	      3.37724563	     -4.47877699	      6.78005262	     -0.78162614	     -3.55455124	      4.82473467	     36.75669948	     99.03298293	     -2.53115183	     -7.66680477	      9.88406175	     22.35401353	     76.86845754
      6.28333330	     -0.40934998	      2.12381213	      5.70686210	      2.97131102	      1.16558588	     -0.09315317	     -6.00322542	     -4.87007660	    -12.95190193	     30.27276976	      3.12087737	      4.72045394	      0.00000000	     13.70993844	      4.45203412	     -1.34707282	      4.12281429	      2.91478859	     -4.17290485	      0.00000000	      3.11644262	     -4.50932727	      6.81373469	     -0.44078518	     -3.52592128	      4.97863684	     37.03341441	     99.04558682	     -2.33900506	     -7.63879092	      9.75081297	     22.43545012	     76.82064471
      6.30000000	     -0.96972967	      2.02465540	      5.52575707	      2.96038657	      1.16177691	     -0.08917661	     -5.18963148	     -4.72729501	    -13.25581436	     29.47236682	      3.32253283	      6.08170256	      0.00000000	     15.13774708	      4.21692614	     -1.39703359	      4.39037494	      2.46762735	     -4.41146970	      0.00000000	      3.56706340	     -4.34737635	      6.74027825	     -0.37543563	     -3.80171154	      5.73621844	     37.88304613	     99.09322977	     -2.47684199	     -7.43565789	      9.20740794	     22.60153813	     76.61439144
      6.31666670	     -0.98834156	      1.99498482	      5.38468797	      2.94926736	      1.15910705	     -0.08519272	     -4.95409981	     -4.45660018	    -13.37040286	     28.41430292	      3.69938818	      6.29784017	      0.00000000	     16.02089605	      3.97443190	     -1.62746221	      4.68833356	      1.90378741	     -4.36079305	      0.00000000	      3.23106308	     -4.19505703	      6.69621934	     -0.02063758	     -3.83959070	      5.85477633	     38.09141600	     99.08932718	     -2.17616556	     -7.35202302	      9.11381204	     22.73298805	     76.57958475
      6.33333330	     -1.35834071	      1.88101227	      5.32809174	      2.93911731	      1.15759932	     -0.08092426	     -4.30131750	     -4.18799222	    -13.73216891	     27.49237476	      4.77308494	      7.25312157	      0.00000000	     17.28804624	      3.68216127	     -1.65737125	      5.01414609	      1.34120587	     -4.51938520	      0.00000000	      3.42413204	     -3.97006257	      6.39233456	      0.09297342	     -4.02979153	      6.42158223	     38.85606802	     99.05767851	     -2.15957746	     -7.21571749	      8.79391146	     22.94312581	     76.44510942
      6.35000000	     -1.35300518	      1.85871725	      5.25849310	      2.92784648	      1.15703505	     -0.07563499	     -4.14131044	     -3.88322090	    -14.02447133	     26.40138765	      5.39413103	      7.30469926	      0.00000000	     18.13890251	      3.39199394	     -1.90770517	      5.35662526	      0.67812481	     -4.46334708	      0.00000000	      3.16092268	     -3.85730871	      6.32535142	      0.28278150	     -4.03569484	      6.52038855	     39.00812236	     99.04256630	     -1.77435390	     -7.17359619	      8.73453346	     23.13104796	     76.42323158
      6.36666670	     -1.78838350	      1.81403971	      5.11539559	      2.91524733	      1.15361234	     -0.07041307	     -3.49366187	     -3.60453188	    -14.32544285	     25.42817295	      6.78662780	      8.25381151	      0.00000000	     19.50269226	      3.08532768	     -1.96553237	      5.71247380	      0.02292301	     -4.83551112	      0.00000000	      3.44896596	     -3.76349670	      6.04691555	      0.27670290	     -4.18161824	      6.95564096	     39.80488216	     98.95136526	     -1.73664739	     -7.13842213	      8.57482867	     23.55697638	     76.35312222
      6.38333330	     -2.09678400	      1.97695998	      4.87001707	      2.90266742	      1.14806138	     -0.06558634	     -3.09585352	     -3.47557584	    -14.41429477	     24.35904013	      8.07535597	      9.00560287	      0.00000000	     20.71691977	      2.93383419	     -2.19985191	      6.02698713	     -0.65919660	     -5.26295025	      0.00000000	      3.62090246	     -3.89862514	      5.88851029	      0.34710643	     -4.22148494	      7.33006200	     40.26523657	     98.82659827	     -1.60330514	     -7.17475373	      8.43896404	     24.05238167	     76.30665626
      6.40000000	     -2.47999487	      2.26567447	      4.58251465	      2.89127731	      1.14193384	     -0.06132570	     -2.61463145	     -3.49363708	    -14.34872807	     23.50480954	      9.38752069	      9.92335218	      0.00000000	     21.94720630	      2.90843008	     -2.44590372	      6.24979491	     -1.26632121	     -5.81820732	      0.00000000	      3.93684520	     -4.20254303	      5.62870050	      0.42103286	     -4.20304550	      7.70140587	     40.51181487	     98.67425398	     -1.54681411	     -7.24911477	      8.33564658	     24.53711204	     76.28562760
      6.41666670	     -2.86415775	      2.60786903	      4.26365419	      2.88050616	      1.13747072	     -0.05752635	     -2.02946089	     -3.60058513	    -14.13041466	     23.00848332	     10.45833416	     10.77678433	      0.00000000	     23.03270000	      2.95000411	     -2.61107099	      6.27382512	     -1.71436712	     -6.37127675	      0.00000000	      4.33623387	     -4.52961172	      5.33481015	      0.49642474	     -4.19952255	      8.01409529	     40.48105581	     98.52094048	     -1.53533141	     -7.30254651	      8.28301054	     24.91300865	     76.29097253
      6.43333330	     -2.97847176	      2.87062810	      3.91896540	      2.86956887	      1.13638750	     -0.05364617	     -1.67898186	     -3.54775357	    -13.73343971	     22.49438582	     11.15276101	     11.06355488	      0.00000000	     23.65058020	      2.90588402	     -2.88897849	      5.98880064	     -1.88590137	     -6.64706437	      0.00000000	      4.46943263	     -4.71396268	      5.02500585	      0.52817842	     -4.14814918	      8.08740946	     40.41316012	     98.46595618	     -1.42829496	     -7.31077814	      8.29677651	     25.01030399	     76.30501094
      6.45000000	     -3.00741155	      3.03252056	      3.68343635	      2.85814251	      1.13782182	     -0.04970069	     -1.30414913	     -3.43923406	    -13.77675016	     21.95235748	     11.39865907	     11.06499605	      0.00000000	     24.02424829	      2.85795302	     -3.02326297	      5.30822134	     -1.77105636	     -6.77396200	      0.00000000	      4.33867529	     -4.78370842	      4.75171461	      0.48731320	     -4.25941814	      8.07204951	     40.32811541	     98.45347315	     -1.15421808	     -7.14934106	      8.32407767	     25.11984751	     76.31330781
      6.46666670	     -3.21566062	      3.01348378	      3.29335177	      2.84696196	      1.13958000	     -0.04459309	     -0.67833967	     -3.05094657	    -13.42101359	     21.23182666	     12.67379768	     10.93138829	      0.00000000	     24.19490119	      2.61049621	     -3.04399211	      3.85706244	     -1.89081836	     -6.79189358	      0.00000000	      4.78079990	     -4.59402572	      4.46054981	      0.32158004	     -4.30509011	      8.09181688	     39.91832339	     98.40098315	     -1.22173897	     -7.03362376	      8.42011328	     25.16859893	     76.35244470
      6.48333330	     -3.56097884	      3.01052243	      3.08109335	      2.83476569	      1.13911305	     -0.03875466	      0.17701687	     -2.62007410	    -13.06261030	     20.58809824	     13.88568588	     10.52472470	      0.00000000	     24.55876349	      2.40378977	     -3.10287208	      2.47573769	     -1.76839159	     -6.75343310	      0.00000000	      5.08031774	     -4.57462464	      4.03186885	      0.31113768	     -4.28030231	      8.11411698	     39.07840195	     98.30696428	     -1.00975807	     -6.97099251	      8.58960730	     25.26329886	     76.43519210
      6.50000000	     -4.17594666	      2.93105054	      2.85168047	      2.82123207	      1.13514387	     -0.03257254	      1.42892104	     -2.08334345	    -12.69371426	     20.11396817	     14.87938423	      9.58218005	      0.00000000	     25.14021789	      2.06724393	     -3.15373610	      1.03649189	     -0.97523744	     -6.29341100	      0.00000000	      5.69606874	     -4.53720924	      3.47959444	      0.66883315	     -4.04083877	      8.23488928	     37.19677849	     98.03151355	     -1.01384541	     -7.08005698	      9.06393624	     25.25265992	     76.69884761
      6.51666670	     -4.49418375	      2.83960943	      2.87055937	      2.80695799	      1.13078701	     -0.02740654	      2.26211122	     -1.49672810	    -12.62297664	     19.61223725	     16.14940046	      9.02045675	      0.00000000	     25.60842701	      1.76692620	     -2.71851360	      0.00000000	      0.10459294	     -6.21189430	      0.00000000	      5.61040223	     -4.50494704	      2.99657091	      0.47099526	     -4.07833218	      8.25440058	     36.78281570	     97.96518130	     -0.57842740	     -7.10298131	      9.14537653	     25.38585021	     76.76153780
      6.53333330	     -5.89136873	      2.74371882	      3.05090407	      2.79467646	      1.12701667	     -0.02302964	      4.38967239	     -0.98173925	    -12.43712746	     19.48712631	     17.34407104	      7.72982274	      0.00000000	     27.65532841	      1.52363956	     -2.79978086	      0.00000000	      1.59604840	     -5.83932306	      0.00000000	      7.06048224	     -4.56000663	      2.11307435	      0.37532158	     -3.84317067	      8.15933959	     35.49061751	     97.71917247	     -0.58230481	     -7.28266949	      9.54559615	     25.44054840	     77.01185857
      6.55000000	     -7.01441160	      2.71984983	      3.23357480	      2.78561268	      1.12824600	     -0.01902003	      6.10899907	     -0.62106648	    -12.44658687	     19.41248554	     17.44698858	      6.64970009	      0.00000000	     29.13450933	      1.40303594	     -2.91795598	      0.00000000	      2.82325549	     -5.94151861	      0.00000000	      8.30770079	     -4.61357200	      1.49786855	      0.09275252	     -3.73061106	      8.04051042	     34.06887047	     97.42773778	     -0.43810517	     -7.32524985	      9.99598636	     25.55393128	     77.30885633
      6.56666670	     -7.81044946	      2.89438711	      3.41297322	      2.77867384	      1.13330209	     -0.01493963	      7.23119905	     -0.49551935	    -12.45538941	     19.08774782	     16.72054551	      5.72197407	      0.00000000	     29.81743094	      1.53294355	     -3.23242092	      0.00000000	      3.50158258	     -6.31233603	      0.00000000	      9.35526563	     -4.85092233	      0.96779119	     -0.31782432	     -3.56527105	      7.83003987	     32.69854026	     97.10709213	     -0.33232012	     -7.40380238	     10.51791706	     25.60150133	     77.63842836
      6.58333330	     -7.94731766	      3.19479690	      3.43691151	      2.77140544	      1.13917199	     -0.01110411	      7.51457125	     -0.53131290	    -12.50163107	     18.22620475	     16.73025620	      5.50772477	      0.00000000	     29.36086673	      1.81852037	     -3.91663991	      0.00000000	      3.80807491	     -6.83623014	      0.00000000	      9.63339380	     -5.13416552	      0.53769461	     -0.97133814	     -3.60860634	      7.79334335	     32.29118801	     97.06184304	     -0.20554820	     -7.34115774	     10.61924271	     25.66646249	     77.69262726
      6.60000000	     -7.87734634	      3.49546709	      3.18300843	      2.76366859	      1.14345736	     -0.00702090	      7.71109937	     -0.46441355	    -11.48522206	     16.68390000	     17.34258378	      3.83472684	      0.00000000	     28.32539586	      2.07291436	     -4.72399492	      0.00000000	      3.49434987	     -7.74492454	      0.00000000	      9.93114495	     -5.34779495	      0.41066276	     -1.24032798	     -3.27697774	      7.15693063	     30.04682942	     96.59648472	     -0.14572158	     -7.44468045	     11.68207572	     25.76081170	     78.24671009
      6.61666670	     -7.34822448	      3.72971777	      2.82815569	      2.75705193	      1.14629219	     -0.00305598	      7.49199543	     -0.41012186	    -10.51016810	     14.62915417	     19.38685352	      3.07664221	      0.00000000	     26.48016433	      2.29325025	     -5.76353782	      0.00000000	      2.83230798	     -8.76407050	      0.00000000	      9.65232954	     -5.37477954	      0.26823069	     -1.82923400	     -3.25850443	      6.88330515	     29.14985014	     96.36939197	     -0.08459634	     -7.38643670	     12.21015618	     25.78648253	     78.52804274
      6.63333330	     -6.31393750	      3.97604313	      2.66326737	      2.75176474	      1.14924025	      0.00028153	      6.46356236	     -0.35142360	     -9.34859224	     11.93201163	     20.31678633	      2.16286896	      0.00000000	     23.93468042	      2.61898865	     -6.29413902	      0.31714451	      1.77808651	    -10.29567997	      0.00000000	      8.91083635	     -5.51277775	      0.12585349	     -2.28840881	     -3.08145843	      6.21448285	     27.63988245	     95.93712435	      0.18433393	     -7.38240404	     13.21960893	     25.83592073	     79.05010642
      6.65000000	     -5.78844491	      3.96541674	      2.73859504	      2.74609146	      1.15108294	      0.00262757	      6.01838410	     -0.10050807	     -8.38706291	      9.58529780	     20.40639217	      1.14023949	      0.00000000	     22.67610980	      2.65741652	     -6.85265397	      2.60731021	      1.90927226	    -11.60618978	      0.00000000	      8.87865457	     -5.42844659	     -0.33421773	     -2.95043179	     -2.94376758	      5.44946784	     26.43258932	     95.49899774	      0.26189345	     -7.33396540	     14.20458076	     25.84928420	     79.55462898
      6.66666670	     -5.27172477	      4.02398641	      2.71010228	      2.74000699	      1.15363210	      0.00492625	      5.50732340	      0.08157435	     -7.45809636	      7.46737705	     19.54491360	      0.32124695	      0.00000000	     21.22410073	      2.68333362	     -7.37537556	      4.87919253	      2.13379136	    -12.68192171	      0.00000000	      8.89720787	     -5.43749495	     -0.59360099	     -3.73375931	     -2.84674784	      4.67821046	     25.39824211	     95.10135902	      0.26534122	     -7.25025575	     15.05132511	     25.91146324	     79.99329136
      6.68333330	     -4.97754832	      4.05381519	      2.49634329	      2.73321596	      1.15662295	      0.00715170	      5.30837316	      0.25226358	     -6.92203425	      5.79954046	     18.30122686	      0.57853765	      0.00000000	     19.89905841	      2.61739698	     -7.87828308	      7.16755851	      2.53327141	    -13.46562607	      0.00000000	      9.22423994	     -5.32963856	     -0.76726353	     -4.64738711	     -2.96634929	      4.42140590	     24.81261608	     94.98871037	      0.05098815	     -7.00220151	     15.34667429	     26.03804208	     80.12289824
      6.70000000	     -4.13821637	      4.08521138	      2.30119142	      2.72479151	      1.16099621	      0.00897335	      4.46846633	      0.49625608	     -6.01028972	      4.34117394	     16.11669424	     -1.05503990	      0.00000000	     17.98514428	      2.57438651	     -7.91446738	      9.51592031	      2.68145516	    -14.46874291	      0.00000000	      8.72717386	     -5.25288675	     -0.97328016	     -5.08405054	     -2.81798328	      3.19697218	     23.65265642	     94.48421974	      0.11494458	     -6.95456486	     16.55624596	     26.48022118	     80.67955807
      6.71666670	     -3.79663812	      3.84989948	      1.93468314	      2.71409485	      1.16448411	      0.00973735	      4.55094230	      0.89111622	     -5.89551660	      3.97847145	     14.65075560	     -0.88375889	      0.00000000	     16.75406827	      2.28365219	     -8.02150174	     12.05745302	      3.21811169	    -15.02156186	      0.00000000	      8.64801553	     -4.71372279	     -0.94093393	     -5.82896758	     -3.08295329	      2.86871389	     23.11094664	     94.35278852	      0.16250490	     -6.53689830	     16.92901065	     26.80371854	     80.84576120
      6.73333330	     -3.07237600	      3.53223727	      1.61026127	      2.70066354	      1.16719649	      0.01030505	      4.41694076	      1.36067202	     -5.55258650	      4.14021766	     12.92509467	     -2.17283101	      0.00000000	     15.10716527	      1.98097270	     -7.88543228	     14.32553177	      3.86621079	    -15.27677007	      0.00000000	      7.79930326	     -4.08444203	     -1.12425200	     -6.10189622	     -3.18948617	      1.66087699	     22.21553878	     93.86642502	      0.46707056	     -6.32069475	     18.19607831	     27.45591995	     81.45537904
      6.75000000	     -2.72114014	      3.04803446	      1.20994846	      2.68603327	      1.16813012	      0.01169949	      5.09614635	      1.96264681	     -5.16424678	      4.95150265	     11.64506412	     -3.07164328	      0.00000000	     13.90052109	      1.52052966	     -7.57385121	     16.33018857	      4.54140596	    -15.35854962	      0.00000000	      7.13236013	     -3.25339101	     -1.00580541	     -6.41789647	     -3.33966195	      0.39694996	     21.56950377	     93.33358369	      1.01297369	     -6.01347916	     19.33357855	     27.96723974	     82.18786544
      6.76666670	     -2.55300063	      2.59180628	      0.88795847	      2.67238593	      1.16798787	      0.01359097	      6.19772741	      2.50084799	     -5.19475257	      6.10734486	     11.00932164	     -3.16833758	      0.00000000	     12.84163001	      1.11298372	     -7.05268266	     17.91182941	      4.84761314	    -15.57446091	      0.00000000	      6.48215731	     -2.48823752	     -1.06263384	     -6.65595632	     -3.71532112	      0.19513037	     21.18242672	     93.26371280	      1.53868129	     -5.54856008	     19.46733001	     28.36893791	     82.29212375
      6.78333330	     -2.30109246	      2.32124607	      0.70053700	      2.66003982	      1.16937301	      0.01541837	      7.06446836	      2.92196828	     -4.76675297	      6.96981128	      9.93213831	     -4.40390523	      0.00000000	     11.65058781	      0.90351928	     -6.21069296	     19.20959464	      4.42786182	    -16.32167783	      0.00000000	      5.67725568	     -1.95728217	     -1.20762545	     -6.57392744	     -3.80805304	     -0.85166319	     20.22269359	     92.87385709	      1.99923894	     -5.38936456	     20.10802897	     29.33806283	     82.83850086
      6.80000000	     -2.22990846	      2.23869699	      0.65434648	      2.64895767	      1.16952166	      0.01664560	      8.04266671	      3.11988468	     -4.74727036	      7.85300741	      9.70868636	     -4.58149916	      0.00000000	     10.71207651	      0.76574266	     -5.89582936	     20.71373706	      3.97196132	    -16.31193539	      0.00000000	      5.13884864	     -1.68036545	     -1.41027109	     -6.78957878	     -3.89842591	     -0.98698629	     19.95331970	     92.82822069	      2.55065267	     -5.13506423	     20.16357853	     29.67135448	     82.90446542
      6.81666670	     -1.84966884	      2.28596433	      0.86836837	      2.63791772	      1.16937637	      0.01761781	      8.33859785	      3.21931509	     -4.19360306	      8.18696393	      9.39329630	     -5.92153332	      0.00000000	      9.37134503	      0.83934546	     -5.09549678	     22.21873548	      2.43000166	    -18.35415289	      0.00000000	      4.26489286	     -1.71397544	     -1.64355434	     -6.84203700	     -3.73085210	     -2.15388600	     18.95788002	     92.43137300	      3.03574529	     -5.20164145	     20.82680637	     31.05158083	     83.42348574
      6.83333330	     -1.81457379	      2.29020706	      1.18563004	      2.62798949	      1.16504094	      0.01896363	      8.92743388	      3.32461905	     -4.00741679	      8.50911851	      9.73637156	     -6.26832924	      0.00000000	      8.30529189	      0.73548449	     -4.82851704	     23.81301398	      1.72847994	    -18.35518216	      0.00000000	      4.01557119	     -1.66878459	     -2.01864053	     -7.20459518	     -3.68809167	     -2.36326308	     18.68403065	     92.36249422	      3.50541205	     -5.04432244	     20.92797220	     31.41025682	     83.51742245
      6.85000000	     -1.39826907	      2.21256037	      1.47854252	      2.61750028	      1.16235431	      0.01978713	      8.97030112	      3.55975322	     -3.24974430	      8.59855488	      9.78267615	     -7.52831671	      0.00000000	      6.46986892	      0.73387964	     -3.72359046	     24.76152541	      0.48059130	    -20.06172514	      0.00000000	      3.31454486	     -1.58368099	     -2.56437867	     -7.18194223	     -3.49666797	     -3.83078525	     17.82228680	     91.89048818	      3.69838486	     -5.24236215	     21.74637969	     32.89591458	     84.11113434
      6.86666670	     -1.30976803	      1.90859180	      1.71339535	      2.60521510	      1.15874608	      0.01945375	      9.44506703	      3.98658334	     -2.74821241	      8.72854408	      9.93541585	     -8.39514207	      0.00000000	      4.94065219	      0.50751045	     -2.91470345	     25.63759506	      0.74946848	    -20.28292366	      0.00000000	      3.12697256	     -1.24197802	     -2.98914491	     -7.39645924	     -3.43107288	     -5.00386695	     17.43553597	     91.53671946	      3.94647430	     -5.15350002	     22.07009743	     33.67671415	     84.59610176
      6.88333330	     -1.40549710	      1.44401024	      1.93573934	      2.59074673	      1.15516873	      0.01835336	     10.15948671	      4.52941211	     -2.40659230	      8.75890552	     10.39816735	     -8.77259100	      0.00000000	      3.60967554	      0.19528553	     -2.17909027	     26.18503218	      1.38001160	    -20.44936269	      0.00000000	      3.17661634	     -0.73176437	     -3.30439725	     -7.66428940	     -3.58352358	     -5.22468915	     17.24205089	     91.47590083	      4.27506863	     -4.84103089	     22.11906919	     34.05137037	     84.68375857
      6.90000000	     -1.27237359	      0.90007620	      2.35212913	      2.57601770	      1.15394248	      0.01697870	     10.57654756	      5.11616690	     -1.95662872	      8.47738432	      9.68059347	    -10.11941481	      0.00000000	      2.14544167	     -0.20299355	     -1.64714515	     26.55795993	      2.99319827	    -20.07966302	      0.00000000	      2.59352689	     -0.10084010	     -4.14080759	     -7.45860232	     -3.57707756	     -6.35279459	     17.04948427	     91.13597111	      4.47791684	     -4.86482944	     22.20269604	     35.29193035	     85.11332357
      6.91666670	     -1.36408399	      0.24797581	      2.79883010	      2.56376938	      1.15340052	      0.01559616	     11.31909473	      5.72725142	     -1.88576213	      8.32096729	      9.41652598	    -10.55773489	      0.00000000	      0.94734905	     -0.65362092	     -1.34254107	     26.93339503	      3.97838672	    -20.06167440	      0.00000000	      2.38217819	      0.62453872	     -4.52493245	     -7.43852317	     -3.70464475	     -6.68613182	     17.05109282	     91.03993306	      4.92302523	     -4.55510710	     22.13621310	     35.76476489	     85.25017217
      6.93333330	     -1.02366299	     -0.51596110	      3.45690840	      2.55340091	      1.15307827	      0.01430608	     11.52781070	      6.45102398	     -1.89499970	      8.03278172	      7.98984710	    -11.91324520	      0.00000000	     -0.89603872	     -1.33759177	     -1.55211658	     26.82887152	      3.78633766	    -17.40140488	      0.00000000	      1.68403864	      1.56823982	     -5.31582348	     -7.22889922	     -3.79526482	     -7.73467314	     17.45978193	     90.73620896	      5.09558867	     -4.38887036	     21.89099072	     36.78809658	     85.69550528
      6.95000000	     -0.90743052	     -1.37592695	      4.22965023	      2.54319529	      1.15198407	      0.01299526	     12.08951164	      7.19563469	     -2.48129856	      7.82086673	      6.67141696	    -12.50613399	      0.00000000	     -2.58188228	     -2.07433176	     -1.89434643	     26.63484491	      2.73818531	    -15.15138208	      0.00000000	      1.41980612	      2.59432566	     -6.03027618	     -7.14390350	     -3.97136954	     -8.28399807	     17.77466528	     90.59670889	      5.32566455	     -4.06574392	     21.82786345	     37.17601719	     85.97440636
      6.96666670	     -0.59503031	     -2.29708469	      5.08497393	      2.53105230	      1.15047727	      0.01160770	     12.56078132	      8.01975328	     -3.10975133	      7.73091070	      5.57557552	    -13.64346872	      0.00000000	     -4.34627829	     -3.00637637	     -2.52205946	     26.35587385	      2.22180576	    -11.98408881	      0.00000000	      0.90776763	      3.65859840	     -6.66378374	     -6.96247335	     -4.01414013	     -8.96186437	     18.19869852	     90.44472654	      5.67403656	     -3.83381263	     21.74983703	     37.62385825	     86.34974713
      6.98333330	     -0.49470315	     -3.13678766	      5.87838012	      2.51687941	      1.14660747	      0.00972026	     13.37474379	      8.68776075	     -3.79806437	      7.72552122	      4.52671694	    -14.36807879	      0.00000000	     -5.68613504	     -3.82185431	     -3.02195089	     25.96539615	      2.14771317	     -9.24610923	      0.00000000	      0.68808638	      4.66892944	     -7.39900009	     -6.69643542	     -4.14087732	     -9.37165991	     18.52332750	     90.37092797	      5.94347009	     -3.59383473	     21.76827269	     37.75052762	     86.61270976
      7.00000000	     -0.42127143	     -3.87616425	      6.51825413	      2.50141090	      1.14229735	      0.00794128	     14.42728034	      9.21562884	     -4.43020754	      8.01399304	      3.68390027	    -15.34904568	      0.00000000	     -6.61349208	     -4.55433738	     -3.62310422	     25.73257054	      3.12035209	     -6.33176556	      0.00000000	      0.38892349	      5.54548993	     -7.91864295	     -6.26395949	     -4.21363248	     -9.68065432	     18.77492894	     90.33531290	      6.23528304	     -3.41386931	     21.70596276	     37.85929529	     86.85089315
      7.01666670	     -0.45227407	     -4.45022254	      6.93943861	      2.48645675	      1.13752605	      0.00633858	     15.71412580	      9.54145510	     -4.95163150	      8.53595109	      2.83088095	    -16.27494095	      0.00000000	     -7.14125596	     -5.08065053	     -4.24059857	     25.53062175	      4.77149486	     -3.63309362	      0.00000000	      0.14919343	      6.26908373	     -8.24162531	     -5.74584844	     -4.27734717	     -9.85603223	     18.92915720	     90.34045333	      6.43041424	     -3.28644871	     21.54375738	     37.93355551	     87.04600792
      7.03333330	     -0.54958563	     -4.88986711	      7.19472600	      2.47240416	      1.13219853	      0.00447547	     17.07970601	      9.69817248	     -5.41499903	      9.15528677	      1.90614840	    -17.09190702	      0.00000000	     -7.38319581	     -5.43844372	     -4.88633620	     25.33556793	      6.72802525	     -1.05547976	      0.00000000	      0.01127780	      6.83466632	     -8.39283750	     -5.19871006	     -4.34918926	     -9.91230431	     19.02712900	     90.37658656	      6.50736051	     -3.19056059	     21.29385830	     37.92653174	     87.20128929
      7.05000000	     -0.68593867	     -5.22908678	      7.38046614	      2.45872566	      1.12884836	      0.00281292	     18.36787449	      9.73967747	     -5.87130759	      9.65811070	      0.89924509	    -17.74911501	      0.00000000	     -7.49848443	     -5.69199728	     -5.49158252	     24.96022870	      8.58155505	      1.43569800	      0.00000000	     -0.02565792	      7.27868903	     -8.45047883	     -4.64040191	     -4.45806482	     -9.87741864	     19.09569855	     90.43587618	      6.52915088	     -3.04267884	     21.00508969	     37.80226145	     87.33110839
      7.06666670	     -0.81855903	     -5.53232695	      7.56889336	      2.44562120	      1.12731106	      0.00162689	     19.43039570	      9.75273815	     -6.37071242	      9.87399213	     -0.19644061	    -18.23611365	      0.00000000	     -7.60097722	     -5.92782103	     -5.97135848	     24.34658808	     10.07308912	      3.83909252	      0.00000000	      0.02526224	      7.63683521	     -8.42821529	     -4.09827086	     -4.57370484	     -9.75404702	     19.15379785	     90.52139084	      6.51840334	     -2.85130454	     20.71809811	     37.52692527	     87.45440874
      7.08333330	     -0.94191186	     -5.78729059	      7.76403928	      2.43274153	      1.12486206	      0.00053594	     20.32319666	      9.71635096	     -6.94832026	      9.90792501	     -1.36576678	    -18.49775033	      0.00000000	     -7.63011230	     -6.11815478	     -6.25212981	     23.68066929	     11.25734619	      6.18029005	      0.00000000	      0.10069326	      7.89225523	     -8.28034694	     -3.62247647	     -4.65804416	     -9.55293439	     19.24489271	     90.62650246	      6.49077090	     -2.68345255	     20.46973422	     37.14483375	     87.56215438
      7.10000000	     -1.14519203	     -6.01173290	      7.82782239	      2.41996622	      1.11930796	     -0.00091036	     21.23853030	      9.65327660	     -7.46903386	      9.90010911	     -2.44250156	    -18.61734327	      0.00000000	     -7.47681130	     -6.22509126	     -6.56238320	     22.96973798	     12.09034357	      8.63431655	      0.00000000	      0.25164611	      8.10385399	     -7.96842254	     -3.21200487	     -4.74799694	     -9.29189915	     19.39554527	     90.74423128	      6.41032943	     -2.52715783	     20.22677969	     36.72193355	     87.63950348
      7.11666670	     -1.39562220	     -6.10762538	      7.64676400	      2.40710552	      1.11449525	     -0.00233565	     22.21633369	      9.49700127	     -7.80671896	      9.97306161	     -3.23646914	    -18.77922673	      0.00000000	     -7.16365529	     -6.12424854	     -7.10934466	     22.31771157	     12.85448168	     10.99844925	      0.00000000	      0.45498844	      8.18681099	     -7.48588916	     -2.77289616	     -4.85665083	     -8.95392909	     19.56223157	     90.88465165	      6.22356155	     -2.38734994	     19.93348137	     36.20047017	     87.68446690
      7.13333330	     -1.66414463	     -6.09775851	      7.34833249	      2.39416037	      1.11275770	     -0.00369806	     23.14376812	      9.24993382	     -8.00348040	      9.94980891	     -3.79961210	    -18.91353857	      0.00000000	     -6.75114506	     -5.84741237	     -7.71909451	     21.47974389	     13.47431972	     12.98199488	      0.00000000	      0.69422718	      8.17719015	     -6.95110415	     -2.31165337	     -4.97686889	     -8.56140672	     19.66873752	     91.04082793	      5.93346061	     -2.26225894	     19.61028115	     35.57854175	     87.69409507
      7.15000000	     -1.87704439	     -6.03950156	      7.06834654	      2.38060955	      1.11316706	     -0.00491402	     23.92258820	      8.96191955	     -8.15135382	      9.78569300	     -4.15465636	    -19.02953460	      0.00000000	     -6.29153239	     -5.51221278	     -8.29073568	     20.48874857	     14.12338923	     14.37336720	      0.00000000	      0.95374044	      8.11843953	     -6.43067650	     -1.85373195	     -5.07834850	     -8.09553510	     19.68980795	     91.22172311	      5.55655544	     -2.15064273	     19.24896678	     34.84275586	     87.67164589
      7.16666670	     -1.82267071	     -5.96677694	      6.96388193	      2.36586558	      1.11545512	     -0.00591822	     24.24901739	      8.66281591	     -8.42282189	      9.32332999	     -4.27082358	    -19.04935100	      0.00000000	     -5.96218525	     -5.17165197	     -8.42331041	     19.36977792	     14.45986694	     14.50063896	      0.00000000	      0.92118732	      8.09724771	     -6.01652812	     -1.31503627	     -5.09932634	     -8.02932591	     19.87033598	     91.24612856	      5.15903535	     -2.21332909	     19.21786402	     34.59511384	     87.66585646
      7.18333330	     -1.86578326	     -5.85046585	      6.79605272	      2.35105240	      1.11665947	     -0.00612599	     24.59901792	      8.38375010	     -8.38732584	      8.75925627	     -4.33939393	    -18.91245249	      0.00000000	     -5.45002259	     -4.80747860	     -8.74543670	     18.16965956	     14.96206213	     14.62672837	      0.00000000	      0.96537826	      7.91709579	     -5.64533795	     -0.91213779	     -5.06215641	     -7.86701971	     20.05217510	     91.30638465	      4.63245257	     -2.31097457	     19.07130767	     34.10321970	     87.63429327
      7.20000000	     -2.27672006	     -5.81781263	      6.48828482	      2.33608088	      1.11677557	     -0.00567242	     25.28050649	      8.20661491	     -8.22990719	      8.09668462	     -3.68882180	    -18.52424927	      0.00000000	     -4.31685754	     -4.54269534	     -9.36905311	     17.36545579	     15.37214018	     14.69770290	      0.00000000	      1.50253903	      7.82492036	     -5.07711874	     -0.63900501	     -5.14536355	     -7.00780247	     20.44969636	     91.63736819	      4.23435117	     -2.10944489	     18.12443043	     32.82496995	     87.42239650
      7.21666670	     -2.33602867	     -5.82389295	      6.20572028	      2.32000572	      1.11715218	     -0.00537397	     25.30702807	      8.18227196	     -7.78473535	      6.86815894	     -3.37684426	    -18.15084760	      0.00000000	     -3.59980810	     -4.31752604	     -9.73707550	     16.40314425	     15.66802717	     14.29242179	      0.00000000	      1.45649954	      7.82810259	     -4.70962064	     -0.06463347	     -5.10669611	     -6.83099693	     20.81022737	     91.70072480	      3.69013961	     -2.34302112	     17.98629695	     32.47352631	     87.38629108
      7.23333330	     -2.74776601	     -5.79429243	      5.72455542	      2.30319038	      1.11652823	     -0.00576748	     25.71044643	      8.07332964	     -7.70233566	      5.75413025	     -2.09630058	    -16.54438197	      0.00000000	     -2.39395063	     -3.95488340	     -9.94649989	     15.59814209	     15.53749687	     13.08140101	      0.00000000	      1.71067432	      7.80212555	     -3.98614712	      0.18512736	     -5.35633000	     -5.65316295	     21.88912359	     92.12080913	      3.24078308	     -2.24775151	     16.88916106	     31.66035646	     87.09045240
      7.25000000	     -2.88632502	     -5.69151168	      5.34970624	      2.28718050	      1.11777879	     -0.00587266	     25.49243885	      7.97299373	     -7.11212478	      4.10935677	     -1.93086437	    -15.99500625	      0.00000000	     -1.35882682	     -3.65400246	    -10.26722009	     14.92483117	     15.83540464	     12.73258067	      0.00000000	      1.53931904	      7.72853371	     -3.53507390	      0.88607831	     -5.35742526	     -5.51054699	     22.27833967	     92.16710471	      2.72848338	     -2.53816700	     16.77100651	     31.33128732	     87.05527566
      7.26666670	     -3.13896003	     -5.45066452	      4.87917241	      2.27327488	      1.11871449	     -0.00495764	     25.26609773	      7.74856791	     -6.88451026	      2.50402046	     -1.24055866	    -14.44294376	      0.00000000	     -0.11457410	     -3.26271810	    -10.37274304	     14.36182520	     15.44739062	     11.64584526	      0.00000000	      1.59634597	      7.45838768	     -2.66248152	      1.10008177	     -5.62963365	     -4.33156889	     23.45379733	     92.53865515	      2.27503060	     -2.48980880	     15.72379854	     30.44287698	     86.72648342
      7.28333330	     -3.22783378	     -4.96820856	      4.66503132	      2.25984226	      1.11936324	     -0.00374967	     24.60983865	      7.22912766	     -6.34799002	      0.71092889	     -1.26214239	    -13.95224104	      0.00000000	      1.23143716	     -2.83615782	    -10.53004172	     14.19152993	     15.47086973	     11.45899228	      0.00000000	      1.40444142	      6.86943971	     -2.15395516	      1.71196050	     -5.53913504	     -4.19636065	     23.80095313	     92.57536892	      1.74515681	     -2.87414975	     15.59720895	     30.08718731	     86.68426366
      7.30000000	     -3.82497423	     -4.25095145	      4.23231315	      2.24548789	      1.12080821	     -0.00293624	     24.80586048	      6.41384842	     -6.00442994	      0.00000000	     -1.10422624	    -13.37369589	      0.00000000	      3.06947978	     -2.12573861	    -10.36598056	     13.75033351	     14.85940594	     10.35853421	      0.00000000	      1.86861793	      5.95955565	     -1.17371890	      1.82221337	     -5.65452657	     -3.15532558	     24.80094901	     92.85616488	      1.19224869	     -3.00423661	     14.71580694	     29.16755892	     86.33307915
      7.31666670	     -4.29702564	     -3.45659503	      3.92291955	      2.22927498	      1.12552788	     -0.00311765	     25.01703151	      5.41311189	     -5.74274047	      0.00000000	     -0.78401026	    -13.24934459	      0.00000000	      4.53345309	     -1.30490618	    -10.12061886	     12.69962774	     14.52195602	      9.84651632	      0.00000000	      2.08052234	      5.00652424	     -0.42003145	      2.19158290	     -5.62337966	     -2.66071786	     25.40790091	     92.97408499	      0.58194651	     -3.31389256	     14.31614274	     28.57817525	     86.13945361
      7.33333330	     -4.46498392	     -2.93572698	      3.92643289	      2.21294202	      1.12968110	     -0.00330514	     24.73772408	      4.60779697	     -5.71762593	      0.00000000	     -0.87857689	    -13.23130507	      0.00000000	      5.48752500	     -0.72616907	     -9.60201075	     11.37136963	     14.66694785	      9.63511366	      0.00000000	      2.02353183	      4.30029404	      0.13020577	      2.56649261	     -5.53169626	     -2.43205009	     25.88548013	     93.02385231	      0.02770211	     -3.67558492	     14.11078865	     28.08268811	     86.04495203
      7.35000000	     -4.48906967	     -2.88297634	      4.11563323	      2.19865790	      1.13222271	     -0.00284881	     24.04988553	      4.26405469	     -5.29866244	      0.00000000	     -1.20181740	    -14.00254369	      0.00000000	      5.85733005	     -0.44699071	     -8.25152978	      9.40128103	     13.94911147	      7.95079044	      0.00000000	      2.01126465	      4.25870580	      0.66105122	      2.47208194	     -5.86174021	     -1.55843941	     27.43195355	     93.21215956	     -0.33286068	     -3.65375717	     13.31337109	     27.00253609	     85.62846437
      7.36666670	     -3.98126857	     -3.21980226	      4.52959400	      2.18673014	      1.13434884	     -0.00151403	     22.64895204	      4.36933807	     -4.95694622	      0.45222092	     -1.43680666	    -15.15795418	      0.00000000	      5.52810126	     -0.66501348	     -7.30307080	      7.65611548	     13.29661856	      7.40165320	      0.00000000	      1.52442175	      4.63158758	      0.76811418	      2.66828529	     -5.97013836	     -1.07954176	     28.45874760	     93.29246883	     -0.85707662	     -3.83755774	     12.82552060	     26.34727114	     85.31240271
      7.38333330	     -3.64820117	     -3.60528835	      4.80738740	      2.17568488	      1.13593041	     -0.00034821	     22.05522378	      4.50589294	     -4.85036016	      2.98132792	     -0.88220916	    -16.86735015	      0.00000000	      5.39520998	     -0.94249313	     -6.69183880	      6.42813814	     12.18635273	      6.58324498	      0.00000000	      1.36497183	      5.00548333	      1.20157404	      2.66914590	     -6.24835299	     -0.59162638	     29.47915603	     93.36740495	     -1.39577499	     -3.98147532	     12.21179499	     25.74695122	     84.92880874
      7.40000000	     -3.18949962	     -4.00385783	      5.30477311	      2.16496906	      1.13829680	     -0.00005945	     21.17663064	      4.57851035	     -5.18901475	      5.92233000	     -0.45339807	    -18.78470120	      0.00000000	      5.16591250	     -1.26521077	     -6.24388041	      5.60292438	     10.66794277	      5.96192170	      0.00000000	      1.13410164	      5.37893561	      1.36324378	      2.64405977	     -6.34939766	     -0.24226609	     30.42109086	     93.40134280	     -1.97357056	     -4.18441991	     11.69210521	     25.03485774	     84.58405920
      7.41666670	     -2.62081720	     -4.32185865	      5.98707139	      2.15408652	      1.14195080	     -0.00004856	     19.90076981	      4.51781557	     -5.65519315	      8.86991784	     -0.27925442	    -20.83872300	      0.00000000	      4.90819293	     -1.53603237	     -5.74277610	      5.05346646	      9.00507708	      5.13405149	      0.00000000	      0.77641819	      5.65749412	      1.62358393	      2.42240407	     -6.45528159	      0.11392708	     31.44876287	     93.41643548	     -2.37585479	     -4.38902749	     11.05018278	     24.34386985	     84.13327868
      7.43333330	     -2.11782996	     -4.43744750	      6.68566393	      2.14371118	      1.14518537	      0.00044503	     18.52403805	      4.22669257	     -6.23391541	     11.97826714	      0.06767361	    -22.37389176	      0.00000000	      4.74469977	     -1.61103331	     -5.57852364	      4.56292972	      7.65779000	      4.59005408	      0.00000000	      0.44070504	      5.68667418	      1.72885824	      2.25811828	     -6.46037226	      0.29600562	     32.33002583	     93.40122197	     -2.89423262	     -4.72264734	     10.61554747	     23.64505152	     83.80089621
      7.45000000	     -1.73863532	     -4.44336619	      7.49568785	      2.13381908	      1.14678406	      0.00160365	     17.17357605	      3.80820564	     -6.97128969	     15.17668773	      0.58567938	    -23.43661462	      0.00000000	      4.92130365	     -1.59677683	     -5.48724850	      4.48451982	      6.81999771	      4.54096671	      0.00000000	      0.23675973	      5.52552307	      1.85314503	      2.10226673	     -6.32671633	      0.39590820	     32.79067700	     93.40014035	     -3.34976398	     -5.19708863	     10.40055471	     23.15552471	     83.67532219
      7.46666670	     -0.98790780	     -4.36723181	      8.13839998	      2.12395973	      1.14812813	      0.00284753	     15.22481516	      3.46667758	     -7.45704535	     18.17763782	      0.77563134	    -24.50658782	      0.00000000	      4.55245994	     -1.49953683	     -5.17215809	      4.32354940	      5.96318005	      3.56435271	      0.00000000	     -0.49984311	      5.41067602	      2.01458382	      1.66588585	     -6.33751210	      0.65740651	     34.56525889	     93.39557589	     -3.67204934	     -5.45072722	      9.58866489	     22.25844838	     83.16332982
      7.48333330	     -0.65536249	     -4.16884559	      8.51079432	      2.11257561	      1.14774285	      0.00450001	     13.70599740	      2.98340494	     -7.98150809	     21.08597453	      0.96031129	    -25.08018539	      0.00000000	      4.77164224	     -1.22756357	     -5.20523225	      4.58568242	      5.77806069	      3.45667911	      0.00000000	     -0.57951970	      5.01401657	      2.09658620	      1.59622306	     -6.06209399	      0.75531899	     35.09180772	     93.39615802	     -4.28256038	     -5.92499514	      9.30224813	     21.71811679	     83.00495153
      7.50000000	     -0.02378765	     -4.02939629	      8.52448390	      2.09891296	      1.14691442	      0.00655897	     11.74805325	      2.67956272	     -8.49222680	     23.33482053	      0.68455715	    -25.78495726	      0.00000000	      4.61156846	     -1.03569463	     -5.03556288	      4.67368787	      5.73016513	      2.91672021	      0.00000000	     -0.99832383	      4.83234626	      2.19353787	      1.56731422	     -5.94455598	      1.19867568	     36.38063634	     93.44174203	     -4.78002823	     -6.06889712	      8.28627090	     20.70921804	     82.46394049
      7.51666670	      0.37349817	     -3.92456262	      8.23772096	      2.08464409	      1.14411131	      0.00905916	     10.08548026	      2.38857960	     -8.94060891	     25.20549542	     -0.88333796	    -26.92322770	      0.00000000	      4.81899780	     -0.87113221	     -4.78193448	      4.87257304	      5.83452067	      2.20665424	      0.00000000	     -1.07112761	      4.56738221	      2.47914437	      1.73890894	     -5.87226888	      2.05836262	     36.88056590	     93.49824909	     -5.27105879	     -6.11328165	      6.63942547	     19.78645110	     81.57085652
      7.53333330	      0.61644069	     -3.83249993	      7.92188263	      2.07201885	      1.14067593	      0.01161351	      8.55734795	      2.07717895	     -9.42698195	     26.83504948	     -2.94306800	    -28.35695283	      0.00000000	      5.15110135	     -0.72788336	     -4.22795832	      4.93065653	      6.22906344	      1.53221205	      0.00000000	     -0.83766866	      4.28388376	      2.49347155	      2.10221823	     -5.67442720	      2.95425706	     36.83510123	     93.48179296	     -5.98622742	     -6.22610217	      5.26570245	     19.03587490	     80.81077904
      7.55000000	      0.79533490	     -3.70761897	      7.72660647	      2.06038194	      1.13933893	      0.01429253	      6.90445728	      1.72896799	    -10.07159663	     27.98736703	     -4.98969732	    -29.15755934	      0.00000000	      5.51203768	     -0.58768171	     -3.54359319	      4.90489896	      6.64466624	      0.81780773	      0.00000000	     -0.53345320	      3.87112816	      2.66963536	      2.21374603	     -5.42754360	      3.62410619	     36.89273905	     93.42198320	     -6.56642914	     -6.45085698	      4.26954359	     18.41176425	     80.28971426
      7.56666670	      0.90390235	     -3.48901352	      7.49179201	      2.04721390	      1.13879695	      0.01750264	      5.13497114	      1.43913270	    -10.22010188	     28.50871660	     -7.12730135	    -29.87149348	      0.00000000	      5.90837852	     -0.35292170	     -2.84454362	      4.75690174	      6.76786320	     -0.36485142	      0.00000000	     -0.23025353	      3.37720330	      2.75254416	      2.36101618	     -5.19142963	      4.38765801	     37.04842013	     93.25629487	     -7.11378580	     -6.64449576	      2.93141318	     17.72900781	     79.60836319
      7.58333330	      0.74614666	     -3.21025025	      7.20974717	      2.03117657	      1.13656681	      0.02155063	      3.53467815	      1.15644856	    -10.35521084	     28.41135803	     -7.55828711	    -29.59106238	      0.00000000	      6.82366632	     -0.07259906	     -2.82766270	      4.90206257	      7.03662101	     -0.67779739	      0.00000000	      0.11378157	      2.75616116	      3.11367456	      2.41743841	     -4.86461236	      4.51894428	     37.16816381	     93.25057937	     -7.53904636	     -7.07533317	      2.79022921	     17.50791247	     79.55322071
      7.60000000	      0.67741155	     -2.94127981	      7.04835384	      2.01337787	      1.13371355	      0.02554061	      1.94926572	      0.89188802	    -10.81568909	     28.01230611	     -7.31727629	    -29.17561203	      0.00000000	      7.81544241	      0.25653213	     -1.69625476	      5.06229028	      6.82451938	     -2.72864778	      0.00000000	      0.08424698	      2.19132137	      3.44233228	      2.58341295	     -4.80515325	      5.28575369	     37.73027607	     93.09017750	     -7.38548055	     -7.24134597	      1.59790400	     16.89710198	     79.01577319
      7.61666670	      0.32816991	     -2.63640847	      6.60843232	      1.99747859	      1.13081811	      0.02995385	      0.90443611	      0.62067533	    -10.96162909	     27.37161579	     -5.61325666	    -27.86223751	      0.00000000	      9.08461154	      0.52821347	     -1.36791461	      5.19407020	      6.24495683	     -4.17815193	      0.00000000	      0.21044303	      1.58396177	      3.94266864	      2.78672941	     -4.68552971	      5.96487702	     38.21330674	     92.77947579	     -7.39029195	     -7.44863908	      0.43740030	     16.80482714	     78.49420157
      7.63333330	      0.11534000	     -2.37379901	      6.32827288	      1.98395163	      1.12821628	      0.03415400	     -0.26160379	      0.56090563	    -10.85924635	     26.43867026	     -5.30091020	    -27.74053807	      0.00000000	     10.28021744	      0.64599357	     -1.41893926	      5.58166381	      5.90971313	     -4.28431400	      0.00000000	      0.23097635	      1.03467184	      4.21555350	      3.11706580	     -4.39968923	      6.06461855	     38.39621489	     92.76178849	     -7.33372633	     -7.77184921	      0.32534789	     16.77344884	     78.45563240
      7.65000000	     -0.01735487	     -1.99282599	      6.09222053	      1.97183652	      1.12493326	      0.03785805	     -1.62165179	      0.20035659	    -11.64409131	     25.98005762	     -3.73200542	    -24.24422935	      0.00000000	     11.21577218	      0.94745462	     -0.65264768	      5.79425019	      4.30389997	     -6.28041668	      0.00000000	      0.18701952	      0.39529476	      4.80526099	      3.09652007	     -4.37604125	      6.75357944	     39.11810446	     92.44586811	     -7.02008369	     -7.95665829	     -0.85584903	     16.54002642	     77.99607631
      7.66666670	     -0.31269884	     -1.27777678	      5.72388536	      1.95971242	      1.12147397	      0.04171167	     -3.03732211	     -0.50599296	    -12.47409665	     26.29187615	     -4.39605640	    -20.85754005	      0.00000000	     12.31847735	      1.55021985	     -0.75326197	      6.21800068	      3.18274581	     -7.05618324	      0.00000000	      0.43243307	     -0.64237714	      5.14264416	      3.23730980	     -4.07877262	      7.13024981	     39.31876328	     92.02667751	     -7.12372023	     -8.19932359	     -1.86847724	     16.61792076	     77.64792487
      7.68333330	     -0.76150528	     -0.21450306	      5.11746732	      1.94661957	      1.11804489	      0.04587358	     -4.56646265	     -1.54852625	    -13.23163869	     26.93921817	     -6.08856979	    -17.04265358	      0.00000000	     13.42393533	      2.47656965	     -1.13972029	      6.37998329	      2.07376105	     -7.87108286	      0.00000000	      0.90558417	     -2.04126732	      5.82085844	      3.18894244	     -3.75199515	      7.55036282	     39.61416027	     91.71064123	     -7.24201105	     -8.52293812	     -2.72585037	     16.75340602	     77.40700683
      7.70000000	     -1.26100255	      0.99481633	      4.38089259	      1.93260926	      1.11302819	      0.05049510	     -6.04618290	     -2.74774822	    -13.96839480	     27.55749073	     -7.51504738	    -13.30216489	      0.00000000	     14.59752169	      3.49198590	     -1.75330706	      6.42566125	      1.16693069	     -8.56414708	      0.00000000	      1.41089300	     -3.49754191	      6.59197388	      3.10748403	     -3.41925177	      7.87445747	     40.01372050	     91.45430909	     -7.37739481	     -8.81465613	     -3.50707232	     16.94612252	     77.22672142
      7.71666670	     -1.73878327	      2.03516560	      3.64585779	      1.91859672	      1.10590595	      0.05602505	     -7.21872410	     -3.74416944	    -14.52112125	     27.97634413	     -8.51378677	    -10.65076673	      0.00000000	     15.81976391	      4.26128346	     -2.36567719	      6.36998149	      0.32224895	     -9.08636805	      0.00000000	      1.91366275	     -4.74173394	      7.42215168	      2.99341046	     -3.11718029	      8.12499256	     40.34579993	     91.30449418	     -7.42314313	     -9.09283633	     -4.10461012	     17.11525126	     77.10450053
      7.73333330	     -2.15643507	      2.83636431	      3.01859491	      1.90426761	      1.09882894	      0.06196352	     -7.93049838	     -4.47442080	    -14.96324411	     28.03723451	     -8.23663912	     -8.63131397	      0.00000000	     17.15650083	      4.75009560	     -2.83006485	      6.45364469	     -0.37203668	     -9.75748981	      0.00000000	      2.45965935	     -5.62163830	      8.12995314	      2.87948766	     -2.91379871	      8.32015266	     40.69242720	     91.15974902	     -7.35409313	     -9.21999740	     -4.73308925	     17.24854449	     76.98576820
      7.75000000	     -2.55387901	      3.29483168	      2.60319912	      1.88898059	      1.09418500	      0.06758154	     -8.22295062	     -4.71769926	    -15.31583836	     27.39585446	     -6.84529161	     -7.38488429	      0.00000000	     18.64789756	      4.87107551	     -3.07306603	      6.70198148	     -1.05795496	    -10.31409922	      0.00000000	      2.90197435	     -6.17069414	      8.58474715	      2.78299921	     -2.75202280	      8.47065169	     40.88929424	     91.01947852	     -7.17375083	     -9.22824735	     -5.30428811	     17.31048896	     76.89814611
      7.76666670	     -2.84453460	      3.42746408	      2.41029237	      1.87275113	      1.09143655	      0.07231977	     -8.27026326	     -4.47029443	    -15.58973917	     26.17568983	     -4.75233857	     -6.60539272	      0.00000000	     20.16916674	      4.67667197	     -3.12111422	      7.15777365	     -1.68055156	    -10.69693007	      0.00000000	      3.19670417	     -6.34621933	      8.78587756	      2.74577811	     -2.61004806	      8.59791973	     40.93746470	     90.88559658	     -6.84108968	     -9.20290492	     -5.76755224	     17.35149952	     76.85837347
      7.78333330	     -3.03255308	      3.32143934	      2.35922079	      1.85582208	      1.08867464	      0.07595880	     -8.06685825	     -3.94032926	    -15.93230541	     24.82192466	     -2.55033015	     -6.19904032	      0.00000000	     21.68778024	      4.29268311	     -3.03319971	      7.81535519	     -2.31601465	    -10.96901103	      0.00000000	      3.31981525	     -6.26335319	      8.82840154	      2.71748887	     -2.54093604	      8.71385419	     40.84284821	     90.76147388	     -6.41262678	     -9.10269078	     -6.11564905	     17.39419732	     76.86469103
      7.80000000	     -2.94453861	      3.06841176	      2.40047004	      1.83805813	      1.08677038	      0.07902757	     -7.88380105	     -3.22864185	    -16.45349996	     23.54463438	     -1.31303706	     -6.52053085	      0.00000000	     22.88466668	      3.81875552	     -2.93280163	      8.42691496	     -3.01031573	    -10.83946196	      0.00000000	      3.02375418	     -6.01696299	      8.77615453	      2.74491021	     -2.58084351	      8.75962958	     40.66401327	     90.72250246	     -5.85125824	     -8.91861126	     -6.19779150	     17.55119995	     76.88062977
      7.81666670	     -3.26148732	      2.68914484	      2.59317502	      1.81975209	      1.08511838	      0.08172564	     -7.02336817	     -2.41984766	    -17.21582509	     22.49824533	     -1.19344872	     -6.81096985	      0.00000000	     24.51817116	      3.37921218	     -2.38701124	      9.04244553	     -3.53295763	    -11.32270649	      0.00000000	      3.27666092	     -5.59024950	      8.38729403	      2.77613047	     -2.54542498	      8.81290438	     40.20474768	     90.60004221	     -5.34279632	     -8.66721495	     -6.38546305	     17.46523886	     76.96715340
      7.83333330	     -3.46105807	      2.40591036	      2.71115216	      1.80084726	      1.08361359	      0.08513273	     -6.09787496	     -1.73811086	    -18.09290104	     21.81842675	     -3.14059969	     -8.25536507	      0.00000000	     25.72946052	      3.06920776	     -1.99464434	      9.00997211	     -4.21766782	    -11.47910606	      0.00000000	      3.21447785	     -5.25838310	      7.91672201	      3.02683923	     -2.54027529	      8.90203211	     39.49037628	     90.46000792	     -4.80995111	     -8.37237168	     -6.47832617	     17.56979268	     77.15179334
      7.85000000	     -3.59656926	      2.34212508	      2.87928910	      1.78223460	      1.08163757	      0.08885199	     -5.33838722	     -1.35968263	    -19.62644456	     21.29883956	     -5.80998819	     -9.01047473	      0.00000000	     26.49350026	      3.04377951	     -1.72718247	      8.20083602	     -4.61329165	    -11.07173868	      0.00000000	      2.98425442	     -5.19771334	      7.64151573	      3.09354038	     -2.61287979	      8.97620845	     39.01467491	     90.41945696	     -4.09847637	     -8.14897946	     -6.45570435	     17.96207805	     77.25351406
      7.86666670	     -3.99402071	      2.28034445	      2.84888456	      1.76366619	      1.07782922	      0.09234516	     -4.12078411	     -0.89397552	    -20.12400322	     21.07933111	    -10.33720989	    -13.04132367	      0.00000000	     27.37355894	      2.95773448	     -1.40586320	      6.98553809	     -4.38661356	    -10.48985634	      0.00000000	      2.91395398	     -5.10299129	      6.97100429	      3.72636512	     -2.49455852	      9.14660259	     37.94628814	     90.31497916	     -3.73339723	     -7.96606326	     -6.31898938	     18.56384163	     77.61787936
      7.88333330	     -4.55648890	      2.46962710	      2.92253813	      1.74627500	      1.07178652	      0.09426937	     -2.84190868	     -0.87170638	    -21.06333856	     20.94955584	    -13.27137720	    -15.33102363	      0.00000000	     28.08925345	      3.19597617	     -1.26044503	      5.21804756	     -3.74589417	     -9.68050132	      0.00000000	      3.12379112	     -5.26935695	      6.47610534	      3.94643800	     -2.51302917	      9.33760655	     37.13443161	     90.25345071	     -3.27591977	     -7.78819697	     -6.18615804	     19.25761054	     77.96164263
      7.90000000	     -5.39769014	      2.82708018	      3.05916358	      1.72831762	      1.06562970	      0.09557359	     -1.09237257	     -1.12271789	    -21.69836968	     21.06388327	    -14.61588109	    -17.75816449	      0.00000000	     28.99851241	      3.63292657	     -1.24627565	      3.33913747	     -2.91123430	     -9.06216060	      0.00000000	      3.60869334	     -5.65957797	      5.95564602	      4.11056580	     -2.50818297	      9.41778274	     36.32170904	     90.20024890	     -2.82847164	     -7.68812607	     -5.96838252	     19.98818891	     78.34687142
      7.91666670	     -6.24443750	      3.12547960	      3.30374564	      1.71067898	      1.06444748	      0.09657282	      0.74620071	     -1.35498594	    -22.09221971	     21.17110244	    -14.92463311	    -19.81417217	      0.00000000	     29.79835724	      4.06794963	     -1.38198943	      1.59526671	     -2.33542813	     -8.90671811	      0.00000000	      4.11681822	     -5.91599945	      5.32829794	      4.07538874	     -2.54643132	      9.36275969	     35.61436469	     90.16215727	     -2.38403160	     -7.55678706	     -5.62291573	     20.59529070	     78.74597622
      7.93333330	     -6.92886491	      3.39570382	      3.64367437	      1.69611695	      1.06886238	      0.09729985	      2.31951215	     -1.58833508	    -22.41882924	     21.06135031	    -15.02198850	    -21.44233407	      0.00000000	     30.26564640	      4.55094611	     -1.66753260	      0.39431952	     -2.22921537	     -9.18763402	      0.00000000	      4.50284296	     -6.10973314	      4.65363401	      3.89734344	     -2.58859193	      9.14093777	     34.88434222	     90.13750464	     -1.98844157	     -7.40542898	     -5.08497842	     21.10732389	     79.18282464
      7.95000000	     -7.11221188	      3.57162972	      3.96533975	      1.68515162	      1.07386605	      0.09778499	      3.13357955	     -1.68441040	    -22.57185430	     20.54845778	    -14.93056220	    -21.58939098	      0.00000000	     30.03292221	      4.96666315	     -2.09929438	      0.00000000	     -2.05763501	     -9.46737233	      0.00000000	      4.26995122	     -6.09469884	      4.07809321	      3.51694251	     -2.85281289	      9.09410848	     34.65479042	     90.13346201	     -1.40912625	     -7.03904151	     -4.99977415	     21.33519555	     79.21173414
      7.96666670	     -7.66482690	      3.98329549	      4.37256990	      1.67636037	      1.07566072	      0.09797298	      4.33294584	     -2.25026618	    -23.26624660	     20.15375248	    -14.14725829	    -22.87709042	      0.00000000	     29.94333937	      5.71149614	     -2.48755758	      0.23130682	     -2.50876745	    -10.85597383	      0.00000000	      5.02582557	     -6.44523654	      3.37032224	      3.14692446	     -2.65829221	      8.33264113	     33.05055936	     90.09848194	     -1.40517972	     -6.97766334	     -3.65767055	     21.97271024	     79.89842250
      7.98333330	     -7.79556641	      4.17009921	      4.50161871	      1.66649085	      1.07972448	      0.09871352	      5.14929130	     -2.39655776	    -23.09027285	     19.05467750	    -10.81798800	    -22.42702965	      0.00000000	     29.29596612	      6.08364263	     -3.12090935	      1.05319708	     -2.64541194	    -12.28152252	      0.00000000	      5.36949367	     -6.40525414	      2.97897661	      2.54877249	     -2.72804770	      7.80675667	     32.03985746	     90.14506991	     -1.13168622	     -6.70952203	     -2.47582245	     22.18237778	     80.47253360
      8.00000000	     -7.76112586	      4.04004809	      4.68822947	      1.65606928	      1.08430060	      0.09999680	      5.79706090	     -2.03203517	    -22.38742500	     17.01942292	     -4.34246878	    -19.90135502	      0.00000000	     28.45185074	      6.11384570	     -3.58671731	      2.41629550	     -2.86403641	    -13.62070455	      0.00000000	      5.64462111	     -5.99751116	      2.52140801	      1.86220134	     -2.84514880	      7.12047680	     30.83048483	     90.23043047	     -0.89600991	     -6.40402644	     -1.08878732	     22.41698481	     81.08622243
      8.01666670	     -7.34526305	      3.72234691	      4.73609496	      1.64556703	      1.08890591	      0.10217076	      6.07452044	     -1.32306870	    -21.05132485	     14.35537852	      1.82498004	    -16.71173520	      0.00000000	     27.20105079	      5.78180896	     -4.23553770	      4.14935017	     -2.88958084	    -14.74160520	      0.00000000	      5.49587160	     -5.35841457	      1.98702085	      1.28450676	     -2.97205006	      6.46372350	     29.72123940	     90.34633012	     -0.64848099	     -6.06173174	      0.13829857	     22.62682751	     81.58148839
      8.03333330	     -6.70308218	      3.23304571	      4.74077883	      1.63556461	      1.09269305	      0.10450281	      6.01502507	     -0.35425033	    -19.45022887	     11.31702920	      5.09957304	    -14.49706577	      0.00000000	     25.67638215	      5.13428253	     -4.87516954	      6.06755816	     -2.64115135	    -15.38316176	      0.00000000	      5.11550548	     -4.56352258	      1.37105938	      0.75375787	     -3.11031631	      5.88506320	     28.62631615	     90.45343427	     -0.42797881	     -5.67282873	      1.18995526	     22.89755350	     81.96596384
      8.05000000	     -6.28303441	      2.75959076	      4.64083941	      1.62605094	      1.09423506	      0.10623393	      6.16399598	      0.51032453	    -17.84249911	      8.64728754	      5.70565542	    -13.65229344	      0.00000000	     24.37986535	      4.42197610	     -5.37993611	      8.29617278	     -1.95624848	    -15.93021740	      0.00000000	      5.20185327	     -3.76633502	      0.83745177	     -0.02853421	     -3.43468621	      5.66759296	     27.90718511	     90.47202043	     -0.39219240	     -5.17569609	      1.60355476	     23.12018547	     82.09370403
      8.06666670	     -5.64895030	      2.51006204	      4.58009810	      1.61581149	      1.09579197	      0.10742392	      5.99136373	      1.05096115	    -17.04266039	      6.77718318	      5.48155034	    -12.97901631	      0.00000000	     22.88824006	      3.88532049	     -5.82346066	     10.96087438	     -0.48904727	    -16.00659452	      0.00000000	      4.88715975	     -3.36964103	      0.18945249	     -0.45159317	     -3.50952919	      5.17630123	     26.44043845	     90.48854022	     -0.30296614	     -4.89034694	      2.65005006	     23.58060197	     82.42211658
      8.08333330	     -5.32105662	      2.43860279	      4.23392595	      1.60474605	      1.09580656	      0.10824193	      6.23444079	      1.28833165	    -16.03348035	      6.13138910	      5.25847343	    -12.49702082	      0.00000000	     21.85585153	      3.46820564	     -6.18848890	     14.16744930	      1.12632926	    -16.75050058	      0.00000000	      4.96617900	     -3.06658949	     -0.22556629	     -1.04755212	     -3.70903832	      4.99630622	     25.67971310	     90.49232878	     -0.26569140	     -4.49532669	      3.14486601	     23.86649341	     82.55980757
      8.10000000	     -5.21888622	      2.37979735	      3.95481615	      1.59369947	      1.09635458	      0.10933539	      6.73234449	      1.46948414	    -15.40323376	      6.24964151	      4.77829009	    -12.53954334	      0.00000000	     21.34038180	      2.92215581	     -6.89502669	     18.08048154	      3.37567756	    -16.55948686	      0.00000000	      5.33470265	     -2.89739190	     -0.83266129	     -1.24828839	     -3.65159900	      4.39856400	     23.98214144	     90.48552618	     -0.39126736	     -4.45332494	      4.93435667	     24.55808728	     83.05887906
      8.11666670	     -4.95044220	      2.30134051	      3.49879221	      1.58397421	      1.09819220	      0.11096635	      7.08534482	      1.67327718	    -14.51689443	      6.75093491	      4.57281521	    -12.19277047	      0.00000000	     20.43279975	      2.25340486	     -7.30251907	     21.70365141	      4.46337351	    -17.71306361	      0.00000000	      5.42130585	     -2.56468499	     -1.05051377	     -1.79126606	     -3.92347094	      4.24489157	     23.43791760	     90.48102261	     -0.24658709	     -4.03373076	      5.40430898	     24.90292597	     83.16831438
      8.13333330	     -4.78302405	      2.11198518	      3.15090764	      1.57494132	      1.10131377	      0.11321290	      7.40118748	      2.04279531	    -13.48758791	      7.08776326	      4.39648639	    -11.78816835	      0.00000000	     19.35433215	      1.39100236	     -7.63789550	     24.93808853	      4.74214422	    -18.80446165	      0.00000000	      5.75928762	     -2.17540380	     -1.27675754	     -2.38715730	     -4.09237086	      4.00746753	     22.75121053	     90.45019409	     -0.28205883	     -3.74665502	      6.06868804	     25.44918442	     83.32862330
      8.15000000	     -4.71390963	      2.00604547	      2.93099437	      1.56516492	      1.10342668	      0.11554466	      7.72182781	      2.36030771	    -12.28438086	      7.33613857	      4.54284094	    -11.53350309	      0.00000000	     18.05706205	      0.69163103	     -7.74646290	     27.46172017	      3.25806740	    -21.33241913	      0.00000000	      6.20621976	     -2.03295414	     -1.42471299	     -2.87859667	     -3.97466660	      3.15120432	     21.38617829	     90.30391475	     -0.51632650	     -3.98509549	      8.26945110	     26.97783542	     83.87099588
      8.16666670	     -4.44294276	      1.89223879	      2.82230280	      1.55360379	      1.10521766	      0.11706808	      7.73600261	      2.70526610	    -11.18896037	      7.43349918	      4.97598142	    -11.04980211	      0.00000000	     16.44260005	     -0.00981015	     -8.15626519	     29.51042479	      0.51748935	    -23.69299970	      0.00000000	      6.26603563	     -1.83691521	     -1.65317111	     -3.46461597	     -3.93940220	      2.21333855	     20.73852749	     90.14646278	     -0.39185313	     -4.09488280	     10.14691264	     27.75278512	     84.28624479
      8.18333330	     -4.29561443	      1.78617592	      2.80584979	      1.53931409	      1.10459367	      0.11781015	      7.96835645	      3.03206387	    -10.07170588	      7.52878698	      5.77237425	    -10.82562722	      0.00000000	     15.11861937	     -0.67740623	     -8.70894055	     31.62428947	     -2.78572642	    -25.84527951	      0.00000000	      6.20158870	     -1.64440286	     -1.85889128	     -3.97131961	     -3.91185413	      1.27740420	     20.05384132	     89.97794438	     -0.13493075	     -4.22509618	     11.57554398	     28.84774674	     84.59028202
      8.20000000	     -4.24723594	      1.53416841	      2.86151958	      1.52178406	      1.10294072	      0.11778075	      8.59629362	      3.46156361	     -9.02461508	      7.80112068	      6.59160790	    -11.13393895	      0.00000000	     14.01163325	     -1.35032758	     -8.86502724	     33.78673013	     -5.99282750	    -27.64761103	      0.00000000	      5.92658948	     -1.26245623	     -2.24959319	     -4.25829554	     -3.92010794	      0.22497792	     19.54192352	     89.78263769	      0.29818070	     -4.33265182	     12.89214978	     29.95417990	     84.88369981
      8.21666670	     -4.33434833	      1.12430954	      2.84624340	      1.50392127	      1.09756330	      0.11697326	      9.74692004	      3.98915554	     -7.88390185	      8.38200001	      7.27244193	    -12.10396294	      0.00000000	     12.96637067	     -1.97181382	     -8.54377796	     35.76689264	     -7.96716010	    -28.57952764	      0.00000000	      5.51969078	     -0.65210536	     -2.65017873	     -4.32552813	     -4.07678669	     -0.81836531	     19.25605426	     89.59686959	      0.89087501	     -4.34585695	     13.94571831	     31.09891485	     85.14280566
      8.23333330	     -4.45708352	      0.63170689	      2.86361876	      1.48859294	      1.09190197	      0.11578330	     11.11860681	      4.50875263	     -7.15119398	      9.09910947	      7.94722000	    -12.55060507	      0.00000000	     11.65717941	     -2.42948182	     -7.75048226	     37.11427990	     -8.66076491	    -28.18764350	      0.00000000	      5.08022353	      0.09797185	     -3.10060417	     -4.26642145	     -4.41116693	     -1.01152276	     19.14670457	     89.56069374	      1.71598760	     -4.01000721	     14.09815399	     31.57635106	     85.18438207
      8.25000000	     -4.48190735	      0.18708202	      2.95351145	      1.47579365	      1.08903033	      0.11528476	     12.25598936	      5.06623341	     -5.73554456	      9.58910212	      7.31058755	    -15.28493619	      0.00000000	      9.77394256	     -2.74127326	     -6.96045147	     37.31822355	     -9.47646161	    -28.43972442	      0.00000000	      4.49713397	      0.68959542	     -3.80539107	     -4.01745164	     -4.44199614	     -2.35882174	     18.86324384	     89.27432040	      2.09674946	     -4.24014205	     15.12594760	     33.34544164	     85.51292769
      8.26666670	     -4.36795630	     -0.11961421	      3.15640284	      1.46361391	      1.09017680	      0.11426836	     13.05455555	      5.38453404	     -4.97715032	      9.86980287	      6.62753891	    -17.04190336	      0.00000000	      7.19781748	     -2.81405074	     -6.47796811	     36.01526940	     -9.52390962	    -27.66657241	      0.00000000	      3.94622714	      1.12336621	     -4.45505604	     -3.86409996	     -4.49856994	     -3.34414362	     18.73209381	     89.09143989	      2.72199269	     -4.13363220	     15.53197498	     33.98849263	     85.71252310
      8.28333330	     -4.14290547	     -0.46066749	      3.41687068	      1.45039014	      1.09245674	      0.11209950	     13.74630612	      5.67343459	     -4.53927560	     10.16525520	      5.52352353	    -18.70179657	      0.00000000	      4.15364045	     -2.86411551	     -6.34280824	     33.46341738	     -8.80965729	    -26.39265367	      0.00000000	      3.35236927	      1.56174434	     -5.10156870	     -3.69896704	     -4.55154451	     -4.21442006	     18.57864544	     88.94309803	      3.27086969	     -4.03927166	     15.84195219	     34.76719201	     85.91062510
      8.30000000	     -3.93092404	     -0.93425665	      3.66529321	      1.43605949	      1.09229075	      0.10881458	     14.61845559	      6.02190584	     -4.27887620	     10.60278415	      3.97277035	    -20.50413315	      0.00000000	      0.98554326	     -2.99561355	     -6.47545676	     29.91364226	     -6.62258043	    -24.61026526	      0.00000000	      2.79542526	      2.17377650	     -5.78896487	     -3.58143271	     -4.60667087	     -5.08211975	     18.50209740	     88.81230655	      3.72931212	     -3.95762788	     16.01907401	     35.52694134	     86.13558569
      8.31666670	     -3.86068714	     -1.53069393	      3.99459912	      1.42178983	      1.08872489	      0.10512746	     15.89141801	      6.37404387	     -4.18976073	     11.34137424	      2.37826681	    -22.14427730	      0.00000000	     -1.84389463	     -3.16689831	     -6.39416379	     26.12783612	     -3.92321015	    -22.37577489	      0.00000000	      2.38203692	      2.95617082	     -6.64603976	     -3.34740531	     -4.79871589	     -5.77452802	     18.60169287	     88.70867625	      4.22886878	     -3.78825456	     16.15278737	     36.21900145	     86.35113786
      8.33333330	     -3.94164716	     -2.45341370	      4.34928382	      1.40959514	      1.08310966	      0.10224000	     17.34584009	      7.03832813	     -4.35355925	     12.12926191	      0.73615726	    -23.94165578	      0.00000000	     -4.36894034	     -3.79649524	     -6.70739528	     22.64967513	     -1.95055936	    -19.17653311	      0.00000000	      2.20793496	      4.10851748	     -7.31956745	     -3.26888514	     -5.02008677	     -6.49872648	     18.72465759	     88.60619593	      4.64696963	     -3.58714509	     16.23785917	     36.93703412	     86.61165855
      8.35000000	     -4.11956060	     -3.53608773	      4.81456036	      1.39818835	      1.07621378	      0.09991027	     18.98621327	      7.80595957	     -4.77435375	     13.14701234	     -0.71093792	    -25.43772106	      0.00000000	     -6.58293842	     -4.68548186	     -7.07887991	     20.00108744	     -1.64264248	    -15.39165913	      0.00000000	      2.30524593	      5.39703265	     -8.07277551	     -3.28614581	     -5.25481682	     -7.18013749	     18.97203310	     88.52078671	      5.04829476	     -3.35720878	     16.33015338	     37.47191913	     86.89426581
      8.36666670	     -4.37344950	     -4.75784319	      5.30568424	      1.38573631	      1.07000990	      0.09757650	     20.71894712	      8.66648690	     -5.39223875	     14.15551901	     -1.80821027	    -26.57597907	      0.00000000	     -8.36814013	     -5.79370031	     -7.44031649	     18.32550305	     -2.75155619	    -11.32167015	      0.00000000	      2.60003572	      6.77933951	     -8.74415193	     -3.34386700	     -5.54113382	     -7.78721356	     19.30814701	     88.46311979	      5.44073814	     -3.04785753	     16.41355536	     37.87971807	     87.17284870
      8.38333330	     -4.77428372	     -5.89304687	      5.67545036	      1.37235493	      1.06235306	      0.09512566	     22.50345812	      9.41736641	     -5.95737003	     14.84886868	     -2.57232908	    -27.06561811	      0.00000000	     -9.59660822	     -6.81977639	     -7.50555450	     17.18757750	     -4.35947340	     -7.89308027	      0.00000000	      3.06400531	      8.07325584	     -9.37625321	     -3.35296625	     -5.84827420	     -8.15155382	     19.65515852	     88.43340461	      5.73131521	     -2.73927958	     16.49353643	     38.10238310	     87.35584997
      8.40000000	     -5.23334393	     -6.83627273	      5.88743987	      1.35850876	      1.05519379	      0.09278441	     24.20292679	     10.00123296	     -6.38511501	     15.24217954	     -3.04207099	    -27.80947998	      0.00000000	    -10.20172122	     -7.72700255	     -7.62401327	     16.48964171	     -4.78305070	     -4.51770112	      0.00000000	      3.51244307	      9.12037082	     -9.71151371	     -3.37442995	     -6.05344453	     -8.51766108	     20.09451952	     88.41751494	      5.99583709	     -2.46104302	     16.46533673	     38.31942009	     87.57414161
      8.41666670	     -5.54316847	     -7.42972816	      6.00964613	      1.34516249	      1.05049106	      0.09047720	     25.43374204	     10.28170431	     -6.70424625	     15.19884354	     -3.30516800	    -28.00229591	      0.00000000	    -10.58670354	     -8.24412723	     -7.22933329	     15.65299112	     -5.53682103	     -3.01777410	      0.00000000	      3.77302200	      9.75731566	     -9.82808710	     -3.32313882	     -6.23224192	     -8.61451696	     20.24943338	     88.41664995	      6.28043885	     -2.20727295	     16.44941503	     38.45945888	     87.64545256
      8.43333330	     -6.11681184	     -7.76364984	      5.87508894	      1.33300121	      1.04692586	      0.08888955	     26.67550820	     10.40873063	     -6.69907496	     14.85801279	     -3.96661984	    -28.29072097	      0.00000000	    -10.37982818	     -8.54169661	     -7.50909028	     14.80976509	     -4.99011005	     -0.86506539	      0.00000000	      4.32353964	     10.12432866	     -9.82449286	     -3.29716968	     -6.30827639	     -8.76685289	     20.73491123	     88.43167866	      6.29778224	     -2.07049615	     16.31269139	     38.33330332	     87.84908936
      8.45000000	     -6.34220052	     -7.82344952	      5.79466129	      1.32095787	      1.04569155	      0.08759123	     27.28803886	     10.31044341	     -6.88151925	     14.18879417	     -4.46304594	    -28.10316220	      0.00000000	    -10.46244917	     -8.47285146	     -7.22228419	     13.41045621	     -4.92984282	     -0.38156941	      0.00000000	      4.40845883	     10.16524191	     -9.63909349	     -3.15966021	     -6.29829972	     -8.77048356	     20.83171173	     88.44034615	      6.32903189	     -2.03277334	     16.27743601	     38.32576747	     87.88732790
      8.46666670	     -6.80758307	     -7.78402055	      5.70858174	      1.30851186	      1.04417735	      0.08681815	     28.08613829	     10.10289184	     -7.23598453	     13.41983576	     -5.53938243	    -28.39262226	      0.00000000	    -10.03720149	     -8.32651107	     -7.45865384	     11.94802723	     -4.13486553	      1.10248510	      0.00000000	      4.82185426	     10.05417995	     -9.28600203	     -3.28140401	     -6.22253303	     -8.71398033	     21.08237400	     88.50134411	      6.31890148	     -1.92404208	     16.09519287	     38.02920096	     88.09543220
      8.48333330	     -6.91712300	     -7.49408193	      5.64244668	      1.29532584	      1.04390393	      0.08633358	     28.63317615	      9.68811246	     -7.69738265	     12.98869247	     -6.24412371	    -28.27241259	      0.00000000	     -9.95366425	     -7.81655640	     -7.14908723	     10.05066219	     -3.57861652	      1.46979449	      0.00000000	      4.67756850	      9.68999026	     -9.00191364	     -3.13812183	     -6.06028520	     -8.66655133	     21.15210975	     88.52195382	      6.18553047	     -2.03665911	     16.04994292	     37.93195905	     88.13507465
      8.50000000	     -7.26529938	     -7.02311609	      5.61252683	      1.28281083	      1.04131632	      0.08581673	     29.69046116	      9.04647674	     -7.95333235	     13.14313258	     -7.53615780	    -29.42371030	      0.00000000	     -9.33941760	     -7.14511215	     -7.14411676	      8.45789395	     -2.36434208	      2.98308513	      0.00000000	      4.82495659	      9.03473256	     -8.51234456	     -3.17006469	     -5.82154844	     -8.43444747	     21.14866121	     88.63961551	      6.10347048	     -2.13811787	     15.83146875	     37.70128763	     88.34378861
      8.51666670	     -7.27795521	     -6.43561400	      5.53078461	      1.27073412	      1.03762025	      0.08474907	     30.43640275	      8.33418346	     -8.04150091	     13.53634377	     -8.31468124	    -29.67062279	      0.00000000	     -9.10631010	     -6.31152363	     -6.86341875	      6.81445347	     -1.91944419	      3.45110175	      0.00000000	      4.56429102	      8.31215258	     -8.16356173	     -2.93771250	     -5.53345246	     -8.30508209	     21.19878897	     88.69469053	      5.90428959	     -2.36476323	     15.71567547	     37.53068333	     88.42133905
      8.53333330	     -7.39014009	     -5.76597579	      5.41037447	      1.25745757	      1.03415089	      0.08326490	     31.42818187	      7.51738788	     -7.80826975	     14.27109519	     -8.87678099	    -30.27194521	      0.00000000	     -8.63302456	     -5.38764862	     -6.74615762	      5.47105866	     -1.63851546	      3.71970691	      0.00000000	      4.47806951	      7.49565589	     -7.71074100	     -2.74795473	     -5.27760638	     -8.13482807	     21.18535308	     88.76629283	      5.70666307	     -2.59692341	     15.52976420	     37.37488307	     88.49753313
      8.55000000	     -7.62285451	     -5.07558660	      5.29688336	      1.24228935	      1.03372009	      0.08170390	     32.48211350	      6.66302698	     -7.31222038	     14.74284369	     -9.44069508	    -30.90694999	      0.00000000	     -7.82906248	     -4.40970520	     -6.83251869	      4.37251181	     -2.07773187	      3.48231013	      0.00000000	      4.53039943	      6.68327266	     -7.25132329	     -2.52334760	     -5.03558313	     -7.90508463	     21.15495526	     88.85989519	      5.51067282	     -2.84919716	     15.30233339	     37.22329920	     88.59023509
      8.56666670	     -8.08108734	     -4.46208940	      5.27002600	      1.22672139	      1.03403256	      0.08049643	     33.60071280	      5.83568223	     -6.77731079	     14.60863057	    -10.28973343	    -31.57776787	      0.00000000	     -6.59624788	     -3.45887210	     -6.69410638	      3.29818327	     -3.41014953	      1.59017242	      0.00000000	      4.95175361	      5.92506108	     -6.92482746	     -2.27853602	     -4.87018757	     -7.36503404	     20.97390232	     89.08168038	      5.22203861	     -3.06613029	     14.96203922	     37.03838740	     88.85276020
      8.58333330	     -8.24209178	     -3.84511558	      5.35959884	      1.21191438	      1.03465219	      0.07992331	     34.19599810	      5.01460277	     -6.30680192	     13.92297023	    -10.11419666	    -31.01709001	      0.00000000	     -5.54162338	     -2.51924366	     -6.92806840	      2.10343739	     -5.34017798	     -0.65932638	      0.00000000	      4.88509841	      5.13691250	     -6.68733169	     -1.83787484	     -4.66102748	     -6.83416363	     20.85573931	     89.28948278	      5.11091399	     -3.34466106	     14.68703977	     36.79212681	     89.11499302
      8.60000000	     -8.37044152	     -3.36240772	      5.47058475	      1.19904962	      1.03722607	      0.07996585	     34.51922209	      4.33906250	     -5.96377412	     12.92089984	     -9.33414138	    -29.75515862	      0.00000000	     -4.61407917	     -1.70729113	     -7.48296507	      0.49769501	     -7.43803027	     -3.23989741	      0.00000000	      4.88355470	      4.46806309	     -6.45028787	     -1.46723908	     -4.45042977	     -6.32925552	     20.79346784	     89.49024903	      5.00041258	     -3.58130207	     14.40196447	     36.29572587	     89.34359153
      8.61666670	     -8.71479429	     -3.03099202	      5.85464093	      1.18608668	      1.04410869	      0.08025406	     34.81558615	      3.66575295	     -6.01581387	     11.73514925	     -8.29835950	    -28.01164500	      0.00000000	     -2.90119725	     -1.16628740	     -8.61749023	      0.00000000	     -8.90445112	     -5.48173542	      0.00000000	      5.19254032	      3.87078829	     -6.58242394	     -1.14637513	     -4.19481406	     -5.86736745	     20.88939663	     89.70240419	      4.80672782	     -3.81693228	     14.14953222	     35.54965022	     89.56426037
      8.63333330	     -8.85889231	     -2.97011031	      6.25604176	      1.17216659	      1.04775333	      0.08040378	     34.62058459	      3.33745958	     -5.89699490	     10.21664414	     -8.10125903	    -27.15708982	      0.00000000	     -1.25585268	     -0.98673554	    -10.62841153	      0.00000000	     -9.19485170	     -6.50120473	      0.00000000	      5.16596038	      3.63057964	     -6.80453810	     -0.77244456	     -3.97270701	     -5.73952144	     21.19999089	     89.76327209	      4.61920409	     -4.13486096	     14.06472829	     35.08017264	     89.61290207
      8.65000000	     -9.42107719	     -2.95590125	      6.56535326	      1.15739308	      1.04542018	      0.08011803	     34.87025475	      2.96812899	     -6.33836447	      8.80245013	     -6.50149104	    -24.82631510	      0.00000000	      0.62344899	     -0.76957563	    -12.10213544	      0.00000000	     -8.79204468	     -7.71738582	      0.00000000	      5.81595231	      3.35838845	     -6.76797746	     -0.74654447	     -3.84491309	     -5.21063566	     21.69740550	     90.03372741	      4.42628056	     -4.22519732	     13.59489106	     34.04348135	     89.67783435
      8.66666670	     -9.72840400	     -2.98904155	      6.73915842	      1.14230136	      1.04141631	      0.07973038	     34.79985146	      2.76471409	     -6.43502417	      7.23263376	     -5.37232223	    -22.67948553	      0.00000000	      2.02740980	     -0.60031071	    -13.20224425	      0.00000000	     -5.77216788	     -7.54093430	      0.00000000	      5.93497829	      3.19159951	     -6.81174785	     -0.45862984	     -3.79411437	     -4.67380675	     22.29864693	     90.34563552	      4.20152161	     -4.42303824	     13.18283959	     33.46877491	     89.75288096
      8.68333330	    -10.02817793	     -3.02004363	      6.62633030	      1.12849604	      1.03944462	      0.07915440	     34.68932914	      2.67434971	     -6.07941015	      5.76362337	     -4.25822809	    -21.10785738	      0.00000000	      3.14040608	     -0.40172668	    -14.18056479	      0.00000000	     -1.60873005	     -6.24482257	      0.00000000	      6.08882524	      3.14251639	     -6.63024847	     -0.23233401	     -3.83773580	     -4.15724527	     23.02150897	     90.66488792	      3.85477614	     -4.52750607	     12.63673341	     32.81309086	     89.76886623
      8.70000000	    -10.08561607	     -3.01371511	      6.39418630	      1.11537820	      1.04063577	      0.07824389	     34.21768174	      2.60270325	     -5.44946575	      4.44042614	     -3.37057053	    -19.90260145	      0.00000000	      3.72989096	     -0.17718323	    -14.66544833	      0.00000000	      2.04828045	     -4.67099175	      0.00000000	      5.96642247	      3.14540334	     -6.25393597	     -0.05717973	     -3.95413585	     -3.72526998	     23.88227066	     90.95357679	      3.51477228	     -4.58389694	     12.05292869	     32.19044680	     89.73668284
      8.71666670	    -10.07261095	     -3.02264876	      6.05376385	      1.10232178	      1.04192283	      0.07685343	     33.67416224	      2.52942312	     -4.63022052	      3.51888159	     -2.92497809	    -19.47789016	      0.00000000	      4.07515607	      0.02717252	    -14.39469439	      0.00000000	      4.24383411	     -4.60541568	      0.00000000	      5.93545794	      3.16805267	     -5.82249814	      0.21556135	     -4.03683286	     -3.60065032	     24.37723270	     91.03385715	      3.02261036	     -4.71861883	     11.84256174	     31.77939095	     89.70911568
      8.73333330	     -9.74273653	     -3.15082458	      5.79140292	      1.08972361	      1.04351152	      0.07505213	     32.71170602	      2.48393812	     -4.07205430	      2.95926992	     -2.43674329	    -18.77873507	      0.00000000	      3.99578686	      0.04475076	    -14.89522152	      0.00000000	      6.36857627	     -1.89441496	      0.00000000	      5.49230112	      3.34343963	     -5.20904463	     -0.05039703	     -4.40739345	     -3.09920644	     25.95046051	     91.34059086	      2.80506936	     -4.51160948	     10.93483063	     30.83566233	     89.54916459
      8.75000000	     -9.48621553	     -3.30670459	      5.50787210	      1.07718071	      1.04619379	      0.07394441	     32.06885722	      2.43687788	     -3.51963694	      3.38017432	     -2.33969611	    -18.95840874	      0.00000000	      3.94246760	      0.00901037	    -14.90978342	      0.00000000	      7.54571138	     -0.53061760	      0.00000000	      5.22330737	      3.56320522	     -4.79533893	      0.01997734	     -4.64600775	     -2.90208777	     26.89735258	     91.54630676	      2.33279067	     -4.46199630	     10.39390035	     30.34151920	     89.45778709
      8.76666670	     -9.22662357	     -3.48062509	      5.19850379	      1.06431321	      1.04741178	      0.07367257	     31.62775345	      2.45384840	     -2.87977843	      4.60108855	     -2.27405156	    -19.81104383	      0.00000000	      3.84922777	     -0.09024426	    -14.91695081	      0.00000000	      7.94558462	      0.53525916	      0.00000000	      4.96433306	      3.82179178	     -4.34218350	     -0.02251087	     -4.94070692	     -2.70566260	     28.04498086	     91.74874180	      1.85112166	     -4.46525277	      9.76444989	     29.84591986	     89.34741803
      8.78333330	     -9.04074324	     -3.68055420	      4.83897663	      1.05016808	      1.04670446	      0.07418274	     31.63984430	      2.57843800	     -2.25024979	      6.76457012	     -2.46157934	    -21.51228698	      0.00000000	      3.90718769	     -0.25133478	    -14.79469612	      0.00000000	      7.68474657	      1.09557849	      0.00000000	      4.73040491	      4.10415337	     -3.68871261	     -0.18367186	     -5.29695713	     -2.52308716	     29.40997000	     91.99068332	      1.37157246	     -4.43575498	      8.95843575	     29.57179924	     89.22061387
      8.80000000	     -8.83748332	     -3.70109422	      4.43953134	      1.03609772	      1.04729196	      0.07544425	     31.93275424	      2.64009716	     -1.54533054	      9.76357277	     -2.58790563	    -23.42493253	      0.00000000	      4.10282170	     -0.26865099	    -14.33363728	      0.00000000	      6.65444584	      0.85465483	      0.00000000	      4.35579580	      4.18358236	     -3.03226663	     -0.21156894	     -5.53305638	     -2.42901581	     30.61228524	     92.20000689	      0.89058093	     -4.54245394	      8.23393951	     29.40146470	     89.13567045
      8.81666670	     -8.48116347	     -3.62560306	      4.12627685	      1.02561174	      1.05008485	      0.07669692	     32.01217707	      2.64805054	     -0.96355303	     13.23928710	     -2.64611671	    -25.34218284	      0.00000000	      4.26224996	     -0.24812813	    -13.77938731	      0.00000000	      5.12390737	      0.28307893	      0.00000000	      3.84914811	      4.11055963	     -2.43773765	     -0.26237736	     -5.66434748	     -2.37865158	     31.66397491	     92.39472420	      0.40614739	     -4.69683235	      7.54472876	     29.18142483	     89.07442637
      8.83333330	     -7.96586566	     -3.52041920	      4.02509901	      1.01917318	      1.05531822	      0.07763556	     31.48283205	      2.53367038	     -0.92389395	     16.66160891	     -2.18333518	    -26.34540733	      0.00000000	      4.21534662	     -0.24060337	    -13.42618793	      0.00000000	      3.73248524	      0.45028251	      0.00000000	      3.39133620	      3.93479767	     -2.14505449	     -0.26045657	     -5.64270325	     -2.35949815	     32.05732561	     92.45579297	     -0.22436326	     -4.96599618	      7.28816565	     28.78134304	     89.04981709
      8.85000000	     -7.26323366	     -3.49477703	      3.90181059	      1.01362227	      1.05958055	      0.07868770	     30.30729630	      2.52493746	     -0.96213190	     19.69822446	     -1.98083066	    -27.41977070	      0.00000000	      3.80237586	     -0.33082063	    -13.13308527	      0.00000000	      2.62269626	     -0.11071183	      0.00000000	      2.78118454	      3.86562857	     -1.63417434	     -0.51955313	     -5.79190611	     -2.31774604	     32.95459550	     92.60954522	     -0.82131248	     -5.09342693	      6.56039249	     28.36210612	     88.95095964
      8.86666670	     -6.75344195	     -3.47504894	      3.99323074	      1.00646987	      1.06268430	      0.08006006	     28.95338579	      2.40350749	     -1.33473298	     22.21814429	     -1.29832353	    -28.04808959	      0.00000000	      3.44734057	     -0.39110476	    -12.84843522	      0.00000000	      2.20473370	      0.06931588	      0.00000000	      2.58544232	      3.70222279	     -1.40605844	     -0.81716855	     -5.71751458	     -2.29889384	     33.27010416	     92.67979008	     -1.60615596	     -5.33252185	      6.19659221	     27.91631689	     88.90177669
      8.88333330	     -5.85148901	     -3.51514434	      4.00399417	      0.99702730	      1.06581492	      0.08134946	     26.91474532	      2.35126847	     -1.94186276	     24.15368067	     -0.32932822	    -27.96969918	      0.00000000	      2.62366162	     -0.49920948	    -12.83206644	      0.00000000	      2.33613478	      0.18475230	      0.00000000	      1.76563393	      3.70577897	     -1.10737758	     -0.96747913	     -5.76745711	     -2.27086753	     34.00847429	     92.84666132	     -2.23900767	     -5.42956354	      5.26138802	     27.40482953	     88.75927226
      8.90000000	     -5.47932226	     -3.46346236	      3.97024197	      0.98703491	      1.06731723	      0.08283233	     25.37199269	      2.17609353	     -2.41653801	     25.85410275	      0.43713792	    -28.33530880	      0.00000000	      2.46412309	     -0.48031011	    -12.66657490	      0.00000000	      2.53687943	      0.26137561	      0.00000000	      1.65438913	      3.54524893	     -0.83205682	     -1.09621353	     -5.66852699	     -2.23169437	     34.15924416	     92.90395409	     -2.98051932	     -5.70004459	      4.92272370	     27.00712878	     88.71113128
      8.91666670	     -4.56852132	     -3.42951169	      3.88397071	      0.97698474	      1.06951976	      0.08456923	     23.00795780	      2.01785901	     -3.17097385	     27.05574076	      1.00138850	    -28.14909356	      0.00000000	      1.79904675	     -0.50290995	    -12.63175545	      0.00000000	      2.80063301	      0.20415589	      0.00000000	      0.61313095	      3.42383383	     -0.60487459	     -0.98531267	     -5.63371506	     -2.12918433	     34.48477273	     93.01737410	     -3.48136202	     -5.81043567	      4.15543470	     26.46186006	     88.58539154
      8.93333330	     -4.47655235	     -3.43299342	      3.55434948	      0.96729230	      1.06912865	      0.08695560	     21.32259553	      1.83929302	     -3.97887669	     27.70284131	      1.04750109	    -28.27531268	      0.00000000	      2.09096214	     -0.52848243	    -12.83627025	      0.00000000	      2.98252211	     -0.00403410	      0.00000000	      0.81867072	      3.32465560	     -0.15501567	     -1.07726662	     -5.60615958	     -2.09136436	     34.51810308	     93.03929987	     -4.34054323	     -5.98814450	      4.00000362	     26.13768100	     88.55949844
      8.95000000	     -3.26636151	     -3.47707736	      3.46568889	      0.95756854	      1.07066399	      0.08908544	     18.11504799	      1.65899574	     -5.22928418	     27.68980574	      1.58432455	    -27.28183600	      0.00000000	      1.58222060	     -0.77984329	    -12.87537845	      0.70582471	      3.58768905	     -0.14033044	      0.00000000	     -0.77903014	      3.35834806	     -0.00984079	     -0.67604362	     -5.64522929	     -1.81335273	     34.97355944	     93.23839307	     -4.63901170	     -5.85590398	      2.28195215	     25.65109663	     88.28795806
      8.96666670	     -3.12670691	     -3.45219515	      3.29864760	      0.94979040	      1.06958554	      0.09129628	     15.99058967	      1.39274083	     -6.14564067	     27.60016252	      1.74303608	    -26.88282712	      0.00000000	      2.40519684	     -0.97181899	    -12.80534198	      1.83493330	      4.59639917	     -0.53907180	      0.00000000	     -0.87562943	      3.17976442	      0.37561890	     -0.73219131	     -5.59959868	     -1.73680115	     34.97099507	     93.28463241	     -5.29045139	     -5.97167991	      1.83439647	     25.41215627	     88.23261656
      8.98333330	     -2.51147248	     -3.29439349	      3.22534111	      0.94238229	      1.06927002	      0.09313671	     13.14688560	      0.89952515	     -7.38097568	     27.26666196	      3.18333954	    -24.64329795	      0.00000000	      2.57606450	     -1.03951950	    -12.83296289	      2.74301382	      5.13794867	     -0.82378213	      0.00000000	     -1.52669681	      2.89411774	      0.48548389	     -0.53927793	     -5.50433383	     -1.59264417	     35.03150570	     93.39456750	     -5.90591129	     -5.88563677	      0.27491059	     24.96146298	     88.05807777
      9.00000000	     -2.46199103	     -3.04829145	      3.12324410	      0.93476328	      1.06828592	      0.09510783	     10.91846674	      0.38399197	     -8.03934411	     26.78718367	      3.36235800	    -23.91023666	      0.00000000	      3.50160354	     -1.01964370	    -12.71704098	      3.95972336	      5.84496421	     -1.42297375	      0.00000000	     -1.52797759	      2.49820093	      0.98590343	     -0.64007962	     -5.45558664	     -1.53206931	     34.81548264	     93.42127188	     -6.48011250	     -5.97008979	     -0.13222177	     24.69592037	     88.02654313
      9.01666670	     -2.08040141	     -2.69135826	      3.08613871	      0.92744511	      1.06761838	      0.09700726	      8.35460191	     -0.33443192	     -9.04385181	     26.17965750	      4.46977285	    -21.86947999	      0.00000000	      3.92875774	     -0.83232572	    -12.34653016	      4.82073344	      5.96036603	     -2.36657845	      0.00000000	     -1.82464261	      1.97742647	      1.25173333	     -0.47157127	     -5.27940926	     -1.49915624	     34.31297822	     93.43886604	     -6.89801742	     -5.95976378	     -1.12589214	     23.96651001	     87.94021527
      9.03333330	     -1.96851831	     -2.27505382	      2.93419448	      0.92045422	      1.06760791	      0.09914479	      6.38699298	     -1.13398764	     -9.84995482	     25.64976321	      4.74486447	    -20.63378573	      0.00000000	      4.70123481	     -0.56211864	    -12.16257959	      5.71146464	      6.01233001	     -3.28431252	      0.00000000	     -1.82887859	      1.42605925	      1.63344491	     -0.36997953	     -5.16381443	     -1.44928859	     33.78353708	     93.44352758	     -7.33240369	     -5.91976489	     -1.95245045	     23.40535581	     87.88652592
      9.05000000	     -1.96778353	     -1.89168856	      2.62428741	      0.91332494	      1.06780687	      0.10170299	      4.78393353	     -1.83916249	    -10.41788822	     24.94495365	      4.33091916	    -20.27448724	      0.00000000	      5.58414306	     -0.35008947	    -12.36589836	      6.51907261	      6.07659214	     -3.77600980	      0.00000000	     -1.69294540	      0.91316670	      2.08095867	     -0.33308107	     -5.03805087	     -1.41461628	     33.61747977	     93.44553600	     -7.81043913	     -6.01104702	     -2.14802256	     23.08269054	     87.86786533
      9.06666670	     -1.65597922	     -1.66990592	      2.58134381	      0.90525660	      1.06821633	      0.10357527	      2.79467224	     -2.33770603	    -11.40760523	     23.60284952	      4.18825684	    -19.32713774	      0.00000000	      6.12324913	     -0.24069617	    -11.57035447	      7.16492890	      5.77887771	     -5.16075972	      0.00000000	     -1.88234714	      0.66978064	      2.39549098	      0.04755878	     -5.01059498	     -1.47668757	     32.56020242	     93.39994508	     -7.75264379	     -5.77476664	     -3.02667149	     21.90025431	     87.77813099
      9.08333330	     -1.68993447	     -1.54412843	      2.43311461	      0.89644257	      1.06794491	      0.10580474	      1.26179168	     -2.63418823	    -12.22007112	     21.88084944	      3.59574706	    -18.72003491	      0.00000000	      7.08721119	     -0.28812831	    -11.27348927	      7.95642532	      5.78902180	     -5.75253320	      0.00000000	     -1.79085005	      0.52232251	      2.90162852	      0.11040395	     -5.09542212	     -1.46628549	     32.06551963	     93.38406997	     -7.90090637	     -5.65220399	     -3.35286919	     21.48880737	     87.74941567
      9.10000000	     -1.55376708	     -1.37960751	      2.40233411	      0.88731248	      1.06764858	      0.10869805	     -0.50114992	     -2.84398511	    -13.10445139	     19.80193445	      3.60969293	    -17.63881869	      0.00000000	      7.83688595	     -0.30758432	    -10.42862804	      8.73607223	      5.59598349	     -6.84840162	      0.00000000	     -1.92567190	      0.32489115	      3.18506460	      0.50096424	     -5.03222734	     -1.50487617	     31.19720179	     93.32115335	     -7.67621045	     -5.52467586	     -3.96237484	     20.45445229	     87.70344593
      9.11666670	     -1.68890814	     -1.34188850	      2.29013315	      0.87788272	      1.06605064	      0.11203050	     -1.89572999	     -2.78609221	    -13.51683923	     17.49021286	      3.56458131	    -16.78000979	      0.00000000	      8.85485875	     -0.49333159	     -9.89927858	      9.50572263	      5.65254617	     -7.20895791	      0.00000000	     -1.81797039	      0.33221332	      3.66179461	      0.56063686	     -5.14838427	     -1.51387385	     30.81559908	     93.30034162	     -7.62433487	     -5.38204504	     -4.16428683	     20.22693829	     87.68736434
      9.13333330	     -1.66774845	     -1.13115938	      2.33307551	      0.86776815	      1.06368861	      0.11595055	     -3.20633909	     -2.87548907	    -14.30570567	     15.49389986	      4.53487682	    -14.42219035	      0.00000000	      9.73312353	     -0.49566736	     -8.89553658	     10.31786966	      5.44816435	     -8.15201889	      0.00000000	     -2.05211156	      0.04914367	      3.87533498	      0.89519913	     -5.04531294	     -1.64194931	     30.10520163	     93.20761498	     -7.19966118	     -5.32380991	     -4.65440148	     19.34847107	     87.66114415
      9.15000000	     -1.82305810	     -1.02398649	      2.34804055	      0.85764128	      1.06094679	      0.11993689	     -4.08409771	     -2.74869912	    -14.57068936	     13.62119620	      5.43072644	    -12.39194802	      0.00000000	     10.80053190	     -0.61025571	     -8.16576610	     11.09838880	      5.29172775	     -8.64119458	      0.00000000	     -2.04603087	     -0.06322300	      4.12801141	      1.01932979	     -5.05164631	     -1.76456529	     29.71253866	     93.11863129	     -6.92857696	     -5.23882362	     -4.96980779	     19.01740712	     87.67797316
      9.16666670	     -1.91936206	     -1.00058985	      2.31097943	      0.84796137	      1.05834702	      0.12426188	     -4.73384279	     -2.42665090	    -14.21286622	     11.97055980	      5.43933129	    -11.58982677	      0.00000000	     11.89649516	     -0.86176491	     -7.71249890	     12.01771238	      5.24743782	     -8.74354477	      0.00000000	     -2.20575839	     -0.13103652	      4.38450712	      1.18816224	     -5.09250069	     -1.78665428	     29.59467265	     93.10620755	     -6.66620932	     -5.20943330	     -5.03319242	     19.01635927	     87.67683356
      9.18333330	     -2.09371895	     -0.93505210	      2.46235784	      0.83971894	      1.05512767	      0.12811521	     -5.05916972	     -2.20735854	    -14.61737476	     10.71457509	      5.74523611	     -9.76344740	      0.00000000	     13.15656067	     -0.96116002	     -6.92511550	     13.02224977	      5.13031453	     -9.34289500	      0.00000000	     -2.21113079	     -0.17695043	      4.50087453	      1.37957255	     -5.14032577	     -1.93291206	     29.24999113	     93.04912525	     -6.16019907	     -5.11689653	     -5.22720617	     18.58999592	     87.67142268
      9.20000000	     -2.14887169	     -0.93500425	      2.49908835	      0.83344856	      1.05126733	      0.13247240	     -5.44951529	     -1.77779193	    -14.41028502	      9.44200747	      5.81808912	     -9.10752195	      0.00000000	     14.15704973	     -1.20418423	     -6.64202667	     13.84226314	      4.97336715	     -9.42990145	      0.00000000	     -2.28908259	     -0.17307842	      4.64858533	      1.50321590	     -5.20078993	     -1.97072025	     29.15269669	     93.03785511	     -5.87161252	     -5.04697117	     -5.27783477	     18.59635147	     87.66380041
      9.21666670	     -2.18473994	     -0.73613883	      2.57335856	      0.82814338	      1.04731219	      0.13673169	     -5.71161025	     -1.54858575	    -14.27577163	      8.47309360	      6.00137858	     -8.80135072	      0.00000000	     15.01110013	     -1.23398181	     -6.45548730	     14.53151005	      4.85554922	     -9.44676613	      0.00000000	     -2.34310096	     -0.45597595	      4.68631985	      1.59196029	     -5.16406498	     -1.97573736	     29.10968560	     93.03630703	     -5.55467813	     -5.09273945	     -5.31609115	     18.64050888	     87.65251052
      9.23333330	     -2.62245246	     -0.81373219	      2.80659133	      0.82281272	      1.04401030	      0.14005261	     -5.39826337	     -1.06505903	    -14.94859045	      7.63418016	      6.55487190	     -7.73346565	      0.00000000	     16.29717509	     -1.43310703	     -5.72030668	     15.29322361	      5.01847624	     -9.81468103	      0.00000000	     -1.69381374	     -0.34892866	      4.67198053	      1.55542454	     -5.16401256	     -2.11543619	     28.86599751	     93.00523739	     -5.25004458	     -4.99166756	     -5.49801333	     18.33674612	     87.57613842
      9.25000000	     -2.65153554	     -0.73170701	      2.86449520	      0.81658845	      1.04306206	      0.14364312	     -5.40966778	     -0.69054148	    -15.02715727	      6.73578526	      6.90951674	     -7.77578933	      0.00000000	     16.76502540	     -1.51833808	     -5.50448487	     15.49582722	      4.92540084	     -9.74296156	      0.00000000	     -1.60513823	     -0.44114857	      4.65387570	      1.60226340	     -5.14032034	     -2.11342153	     28.83844802	     93.00681498	     -4.88565012	     -4.97193425	     -5.52250407	     18.45130717	     87.55973455
      9.26666670	     -2.92013370	     -0.88117538	      2.96135773	      0.80952400	      1.04296291	      0.14738283	     -4.97970394	     -0.11409289	    -15.44762803	      5.96724648	      6.98252612	     -7.93228006	      0.00000000	     17.55712493	     -1.76619278	     -4.84148129	     15.80311946	      5.16340086	     -9.84043015	      0.00000000	     -1.17372697	     -0.24078345	      4.54029761	      1.60356431	     -5.20702310	     -2.13285716	     28.81576888	     93.00939159	     -4.56505835	     -4.81042232	     -5.57431995	     18.52931861	     87.50216567
      9.28333330	     -3.01195821	     -0.88979265	      2.88772214	      0.80272893	      1.04414921	      0.15178509	     -4.70540741	      0.33994935	    -15.59222226	      5.17382229	      7.14697587	     -8.17456401	      0.00000000	     18.06059890	     -1.94708346	     -4.50632852	     15.94841550	      5.04338518	     -9.79243201	      0.00000000	     -1.04427962	     -0.26341574	      4.46567734	      1.64294342	     -5.18483582	     -2.10777245	     28.83216459	     93.01927862	     -4.26585857	     -4.74066904	     -5.58555328	     18.67966433	     87.47504424
      9.30000000	     -3.39149838	     -0.98077612	      2.81389386	      0.79680749	      1.04421819	      0.15539696	     -4.01089602	      0.80809634	    -15.73792002	      4.59181694	      6.77526820	     -8.92057853	      0.00000000	     18.90356630	     -2.15164523	     -3.93677654	     16.13081161	      5.10894331	    -10.05092945	      0.00000000	     -0.51585880	     -0.03047374	      4.24330149	      1.63539018	     -5.24134823	     -2.02901023	     28.93730056	     93.05879378	     -4.13233638	     -4.55356226	     -5.57771437	     18.99486923	     87.39607125
      9.31666670	     -3.36188105	     -0.86116348	      2.59885831	      0.79081882	      1.04399040	      0.15921183	     -3.70690914	      1.02499588	    -15.81801967	      4.14560860	      6.86887700	     -9.04880366	      0.00000000	     19.08625347	     -2.21556286	     -3.86282064	     16.00269132	      5.05145671	    -10.00980499	      0.00000000	     -0.59737475	     -0.07367377	      4.16024755	      1.75229110	     -5.22706848	     -2.01757587	     28.96749148	     93.06356124	     -3.81921283	     -4.41183733	     -5.55729294	     19.13467293	     87.39220265
      9.33333330	     -3.37514046	     -0.98927249	      2.60210473	      0.78342884	      1.04240353	      0.16307774	     -3.25961976	      1.50762480	    -15.73383659	      3.82639699	      7.00938408	     -9.58736376	      0.00000000	     19.52232471	     -2.48152238	     -3.58494318	     16.14825968	      4.95072469	     -9.93852896	      0.00000000	     -0.63359754	      0.18130166	      4.06203057	      1.76992510	     -5.37446658	     -1.98659142	     28.98239990	     93.08599751	     -3.38884796	     -4.22741695	     -5.50848270	     19.52383945	     87.36905628
      9.35000000	     -3.47671379	     -1.11319216	      2.48953673	      0.77553498	      1.04069730	      0.16702479	     -2.56872511	      1.90818545	    -15.50598117	      3.78589913	      7.06524468	    -10.30558015	      0.00000000	     20.04011703	     -2.76938350	     -3.52398494	     16.26491947	      5.19566391	    -10.08781902	      0.00000000	     -0.66210604	      0.46501229	      3.96689800	      1.86913090	     -5.54087996	     -1.94501246	     29.10984723	     93.11649856	     -2.99759634	     -4.00722761	     -5.41382056	     20.02503427	     87.34522625
      9.36666670	     -3.45879937	     -1.03698277	      2.42203173	      0.76905746	      1.04125392	      0.17052250	     -2.19601427	      2.09685656	    -15.53085913	      3.52166765	      7.07450923	    -10.42366357	      0.00000000	     20.20438207	     -2.84311035	     -3.65721886	     15.98494148	      5.25675019	    -10.14725682	      0.00000000	     -0.71851038	      0.52467478	      3.77717870	      1.93548901	     -5.57530122	     -1.94017374	     29.14178982	     93.12114684	     -2.53228281	     -3.86425169	     -5.37972027	     20.25174373	     87.34502255
      9.38333330	     -4.01425677	     -1.24579543	      2.17152126	      0.76395250	      1.04133343	      0.17368108	     -1.11948480	      2.54780953	    -14.91983310	      3.38877743	      5.94886994	    -12.22830589	      0.00000000	     21.16147787	     -3.29426580	     -3.98847913	     16.06940712	      5.25351446	    -10.15297934	      0.00000000	     -0.19660002	      0.90038181	      4.03862203	      1.67357965	     -5.89319137	     -1.74242639	     29.61671207	     93.23737296	     -2.42188312	     -3.67275266	     -5.00939890	     21.69502959	     87.30681887
      9.40000000	     -4.01832755	     -1.17674803	      2.06736527	      0.75995235	      1.04131349	      0.17660758	     -0.78447094	      2.67891454	    -15.18651496	      3.17257822	      5.49557550	    -12.38963620	      0.00000000	     21.24538383	     -3.43838514	     -4.49054238	     15.66646667	      4.84733455	    -10.10948153	      0.00000000	     -0.32654550	      0.97087646	      3.81638321	      1.88887110	     -5.94839638	     -1.74539629	     29.70946720	     93.25213561	     -1.86768216	     -3.51499131	     -4.92226142	     21.94518923	     87.30317907
      9.41666670	     -4.03420655	     -1.07826493	      2.00009036	      0.75632602	      1.04061517	      0.17953643	     -0.57423313	      2.77089178	    -15.48147042	      2.80332272	      4.82378353	    -12.53308557	      0.00000000	     21.25364316	     -3.57409604	     -5.18791499	     15.19072967	      4.34626073	    -10.10704373	      0.00000000	     -0.28354918	      1.01659332	      3.67816276	      1.92013352	     -6.01490597	     -1.73644273	     29.73367974	     93.27458154	     -1.38185287	     -3.34889021	     -4.79252969	     22.31910548	     87.30536051
      9.43333330	     -4.05187026	     -0.92375169	      1.99205024	      0.75332842	      1.04043116	      0.18223702	     -0.41567439	      2.78091289	    -15.73172268	      2.46973864	      4.05112990	    -12.76086246	      0.00000000	     21.18907014	     -3.63861282	     -5.93684826	     14.77730871	      3.77005219	    -10.09597262	      0.00000000	     -0.16937675	      1.00485618	      3.59076323	      1.79742942	     -6.06051374	     -1.73111551	     29.67613894	     93.30457246	     -0.95255431	     -3.23031279	     -4.59377386	     22.81268169	     87.31466612
      9.45000000	     -4.06514742	     -0.70749993	      2.01842079	      0.75189556	      1.04056162	      0.18457200	     -0.37320984	      2.73887377	    -15.38853485	      2.06431879	      2.85193764	    -14.12871878	      0.00000000	     20.99885533	     -3.61367022	     -6.61345087	     14.57300926	      3.46153978	    -10.17431072	      0.00000000	     -0.02460425	      0.85930509	      3.62041071	      1.54054617	     -6.07289388	     -1.89965874	     29.45352979	     93.40882022	     -0.80728027	     -3.26815379	     -3.66278014	     23.95977408	     87.35190469
      9.46666670	     -4.08716269	     -0.49907740	      2.18243689	      0.75200795	      1.04010853	      0.18659127	     -0.33708438	      2.65605835	    -15.75435684	      1.91049412	      2.60235334	    -14.19102514	      0.00000000	     20.76463025	     -3.54777569	     -7.23246650	     14.88991498	      3.32688833	    -10.30399031	      0.00000000	      0.23748920	      0.75083261	      3.34343375	      1.23521323	     -6.06409030	     -1.92434300	     29.33548951	     93.41823977	     -0.54050137	     -3.12967523	     -3.57520768	     24.10905643	     87.34900243
      9.48333330	     -4.09673721	     -0.23239793	      2.41982061	      0.75227101	      1.03871263	      0.18872264	     -0.35626003	      2.52001836	    -15.98834209	      1.84339336	      2.38343544	    -14.20659104	      0.00000000	     20.33484800	     -3.37324090	     -7.73070361	     15.53589543	      3.42664943	    -10.48065402	      0.00000000	      0.66774764	      0.52718437	      3.08831900	      0.76430171	     -6.01572678	     -1.95814694	     29.13233918	     93.42526274	     -0.36805103	     -3.05217892	     -3.47666519	     24.30873132	     87.34978337
      9.50000000	     -4.39160780	     -0.02792877	      2.66265628	      0.75185996	      1.03847006	      0.19084975	     -0.12892850	      2.44776716	    -16.19427843	      1.80703904	      2.18503408	    -14.16161619	      0.00000000	     20.06307311	     -3.24904635	     -8.28888739	     16.63495002	      4.14031104	    -10.29447995	      0.00000000	      1.50675535	      0.28334525	      2.98313254	      0.26247450	     -5.82688677	     -2.49600798	     28.41041410	     93.44105946	     -0.41961741	     -3.16231850	     -2.62374161	     25.17614820	     87.36599041
      9.51666670	     -4.43155067	      0.20247352	      2.84792860	      0.75006923	      1.03911600	      0.19285183	     -0.16957396	      2.34882230	    -16.07675947	      1.85438911	      2.32130365	    -14.08101177	      0.00000000	     19.31601252	     -3.07098928	     -8.80653519	     17.92258529	      4.59250363	    -10.79404283	      0.00000000	      1.95543292	      0.03337963	      2.67600405	     -0.16539172	     -5.68536998	     -2.55236773	     28.25629088	     93.45256131	     -0.27488501	     -3.15715789	     -2.48532662	     25.30051439	     87.36182903
      9.53333330	     -4.48643086	      0.33090150	      3.11094835	      0.74758955	      1.03851572	      0.19434014	     -0.14956570	      2.33719723	    -15.89126182	      1.98357627	      2.45647114	    -13.96191671	      0.00000000	     18.46049912	     -2.91849974	     -9.32748542	     19.28204169	      4.85465491	    -11.23938104	      0.00000000	      2.34996447	     -0.12195665	      2.35813385	     -0.65932212	     -5.60908570	     -2.58985625	     28.05765497	     93.45769998	     -0.13299602	     -3.06912119	     -2.36989735	     25.44595376	     87.36787075
      9.55000000	     -4.56860569	      0.26978569	      3.32621388	      0.74521140	      1.03617264	      0.19565613	     -0.03828371	      2.54141616	    -15.47810776	      2.11964051	      3.14363524	    -13.60404098	      0.00000000	     17.57043533	     -2.95778151	     -9.89275972	     20.66069424	      5.51919234	    -12.14151150	      0.00000000	      2.71776074	     -0.08591977	      2.22944529	     -0.90134154	     -5.51903412	     -2.76963233	     27.73516800	     93.46179656	      0.18286992	     -3.07233514	     -1.99159237	     25.86009332	     87.40031330
      9.56666670	     -4.61133791	      0.28175515	      3.67542336	      0.74421877	      1.03601820	      0.19620384	      0.14444020	      2.57990233	    -15.87805875	      2.55921204	      4.63832126	    -11.80133687	      0.00000000	     16.38371290	     -2.79108957	    -10.31051544	     21.52641686	      5.37428584	    -12.98849620	      0.00000000	      2.96633238	     -0.08344389	      2.10881253	     -1.16386924	     -5.26389465	     -3.70513111	     26.84389293	     93.49179629	      0.24950046	     -3.32045169	     -0.10598883	     26.75455622	     87.55123919
      9.58333330	     -4.68655779	      0.18166347	      4.04447641	      0.74512608	      1.03883420	      0.19673001	      0.24873784	      2.79738879	    -15.59261908	      2.75260537	      4.97411317	    -11.70230182	      0.00000000	     15.10373825	     -2.73112886	    -10.74091880	     22.04423595	      5.63385211	    -13.30910374	      0.00000000	      3.35754021	     -0.00966693	      1.76844697	     -1.57717223	     -5.17894564	     -3.78236842	     26.72080154	     93.50975421	      0.36347348	     -3.23095747	      0.07846121	     26.80324903	     87.54884323
      9.60000000	     -4.24200186	      0.21505137	      4.30755734	      0.74704701	      1.04107346	      0.19759487	     -0.16655787	      2.87320471	    -15.51401929	      3.16881557	      5.75366591	    -10.75034958	      0.00000000	     13.01086143	     -2.59404197	    -11.32358169	     21.89368943	      5.35448103	    -13.38502469	      0.00000000	      2.89938578	     -0.09326624	      1.74265660	     -1.78700974	     -4.97012043	     -4.38934352	     26.02932444	     93.61828998	      0.60168114	     -3.32200221	      1.22268324	     27.21397235	     87.56078933
      9.61666670	     -4.30351339	      0.14318927	      4.56857868	      0.74791032	      1.04157027	      0.19869171	      0.00441677	      3.02442209	    -15.25478445	      3.67614582	      6.16052909	    -10.68440999	      0.00000000	     11.50524695	     -2.57426472	    -11.81391436	     21.51788238	      4.77455717	    -13.25912039	      0.00000000	      3.29649366	     -0.03226620	      1.44191218	     -2.19135349	     -4.87722950	     -4.51319830	     25.78447670	     93.65064109	      0.51198676	     -3.23748922	      1.48612457	     27.29426855	     87.56267558
      9.63333330	     -4.13903031	      0.13680647	      4.62165914	      0.74636219	      1.04153239	      0.20045285	      0.10145619	      3.11093011	    -14.90507393	      4.39956955	      6.69743572	    -10.48056942	      0.00000000	      9.68745848	     -2.56597201	    -12.35798413	     20.61800482	      3.90779440	    -13.08412372	      0.00000000	      3.23214150	     -0.18470757	      1.44479116	     -2.34774111	     -4.61928560	     -4.72064409	     25.19124469	     93.71713962	      0.48975060	     -3.32337732	      1.95024607	     27.55892147	     87.57698814
      9.65000000	     -3.98184795	      0.06206304	      4.65914123	      0.74382485	      1.04217426	      0.20152713	      0.24977487	      3.24182166	    -14.66772326	      5.03013959	      7.19849889	    -10.43475404	      0.00000000	      7.88441959	     -2.56836883	    -12.61082683	     19.22567578	      3.34044409	    -12.69532207	      0.00000000	      3.17147446	     -0.17889102	      1.36459337	     -2.34168421	     -4.47526965	     -4.91185794	     24.59792852	     93.79159154	      0.47963104	     -3.34632223	      2.40666275	     27.78986844	     87.59766599
      9.66666670	     -3.56925191	     -0.05575654	      4.59854385	      0.74096715	      1.04501142	      0.20215531	      0.16920806	      3.40601300	    -14.32341206	      5.56280026	      7.64519324	    -10.29644536	      0.00000000	      5.80053694	     -2.59434200	    -12.76917705	     17.31863521	      3.35732663	    -11.74622228	      0.00000000	      2.67564766	     -0.02883084	      1.27489783	     -2.01045354	     -4.34642255	     -5.15953522	     23.67516816	     93.96530676	      0.58600452	     -3.40997405	      3.09980729	     28.13149852	     87.61698221
      9.68333330	     -3.36173433	     -0.17802251	      4.56704701	      0.73853301	      1.04841720	      0.20243671	      0.30216219	      3.52877934	    -13.94495329	      5.98897062	      8.05231430	    -10.38713100	      0.00000000	      3.93347619	     -2.51980245	    -12.69330669	     14.89057530	      3.81651789	    -10.33778521	      0.00000000	      2.40368394	      0.05599733	      1.02131249	     -1.74376908	     -4.21121465	     -5.25301161	     23.17960016	     94.16159802	      0.62436250	     -3.48103169	      3.52356683	     28.30634205	     87.60529405
      9.70000000	     -3.04320660	     -0.31658700	      4.51295275	      0.73658849	      1.05073901	      0.20251524	      0.24276182	      3.68637840	    -13.56907920	      6.19375064	      8.32513546	    -10.53256366	      0.00000000	      2.02140318	     -2.43415248	    -12.65561866	     12.21488381	      4.73214218	     -8.50304377	      0.00000000	      1.92346427	      0.17041419	      0.75773278	     -1.41118688	     -4.11095372	     -5.29077440	     22.72064023	     94.41128749	      0.70915919	     -3.52224703	      3.85525133	     28.53821647	     87.58639788
      9.71666670	     -3.20664080	     -0.61455725	      4.53048110	      0.73540098	      1.04966215	      0.20194406	      0.77118172	      3.93223843	    -13.38348352	      6.53721572	      8.48355417	    -10.62876959	      0.00000000	      0.87912950	     -2.42039725	    -11.94246807	      9.69039561	      5.33108351	     -7.91163366	      0.00000000	      2.13350426	      0.40419754	      0.55765139	     -1.43253357	     -4.08732847	     -5.29880551	     22.67470176	     94.44672998	      0.69272531	     -3.45727665	      3.91765229	     28.57621534	     87.59083139
      9.73333330	     -2.49333700	     -0.66455986	      4.49551432	      0.73388378	      1.04874892	      0.20139186	      0.16421026	      4.02656595	    -12.93223365	      6.61125631	      8.83097371	    -10.80579307	      0.00000000	     -1.18317432	     -2.29699907	    -12.61661832	      7.12952458	      6.52865141	     -4.89556540	      0.00000000	      1.09633527	      0.43611824	      0.11849685	     -0.84192300	     -3.93359481	     -5.31700994	     22.27673896	     94.72312525	      0.83997510	     -3.58490869	      4.17935803	     28.82032075	     87.61028854
      9.75000000	     -2.35765907	     -0.83801702	      4.53691565	      0.73180533	      1.04651155	      0.20019719	      0.28065423	      4.15421172	    -12.59459039	      6.91056928	      9.18209825	    -10.98289382	      0.00000000	     -2.23651344	     -2.24543450	    -12.63487954	      5.16974623	      7.36795936	     -3.21006608	      0.00000000	      0.82647601	      0.55657675	     -0.24439475	     -0.60627835	     -3.82597915	     -5.30182832	     22.15008362	     94.97239632	      0.88444463	     -3.67287445	      4.31582591	     28.93027916	     87.62099757
      9.76666670	     -2.43231150	     -1.04454070	      4.60177621	      0.72936562	      1.04605236	      0.19833516	      0.62602889	      4.26134891	    -12.35339647	      7.14147711	      9.39856663	    -11.07937087	      0.00000000	     -2.77877250	     -2.19339205	    -12.20103176	      3.63196018	      7.77797888	     -2.73864798	      0.00000000	      0.80607828	      0.71653098	     -0.44207000	     -0.54059024	     -3.83611727	     -5.31491358	     22.14148687	     95.01167615	      0.94961629	     -3.60262140	      4.36649227	     28.94900091	     87.63013729
      9.78333330	     -2.02059585	     -1.10196341	      4.62220867	      0.72693185	      1.04852194	      0.19661076	      0.40012352	      4.27321181	    -11.88806452	      7.18344899	      9.60024376	    -11.37249749	      0.00000000	     -3.69351331	     -2.06957029	    -12.61694943	      2.39950920	      8.11027587	     -1.19997407	      0.00000000	      0.05037761	      0.82731934	     -0.93953106	     -0.09900778	     -3.65176338	     -5.36448680	     22.00987404	     95.20239303	      1.05275665	     -3.76105593	      4.55244358	     28.90120150	     87.67568525
      9.80000000	     -2.01214001	     -1.19014142	      4.68123231	      0.72487494	      1.05062611	      0.19459211	      0.66161460	      4.23781630	    -11.72976399	      7.26473058	      9.51058129	    -11.34302501	      0.00000000	     -3.97202466	     -1.93251801	    -12.51026480	      1.54685585	      8.16532545	     -0.94113432	      0.00000000	     -0.03521310	      0.93667434	     -1.07725434	     -0.01199133	     -3.65795897	     -5.38316655	     22.00506977	     95.22931528	      1.13044633	     -3.67637199	      4.60053238	     28.92052069	     87.68604774
      9.81666670	     -1.62275631	     -1.14227255	      4.62325742	      0.72324517	      1.05243890	      0.19306349	      0.42240319	      4.12019148	    -11.39898160	      7.21586291	      9.34618502	    -11.48447418	      0.00000000	     -4.66365020	     -1.69350194	    -13.03924733	      0.77595414	      7.66572097	     -0.26474969	      0.00000000	     -0.61984672	      0.94081137	     -1.42999451	      0.31177000	     -3.54622839	     -5.46773845	     21.92883072	     95.34758616	      1.09642257	     -3.73922438	      4.75376227	     28.78268668	     87.72555110
      9.83333330	     -1.54590447	     -1.16071434	      4.51641944	      0.72151723	      1.05141226	      0.19155733	      0.62716336	      3.99865464	    -11.32734051	      7.42832818	      9.16375151	    -11.43536625	      0.00000000	     -4.80617131	     -1.53146929	    -13.09197530	      0.43908838	      7.67476806	     -0.19508529	      0.00000000	     -0.86548566	      1.01172986	     -1.48330892	      0.43854551	     -3.54436706	     -5.48749356	     21.93758845	     95.36666922	      1.07931287	     -3.68203848	      4.79324354	     28.75160571	     87.73353092
      9.85000000	     -1.46081868	     -1.21679626	      4.51198231	      0.71939948	      1.04915905	      0.19028077	      0.67844078	      3.97727797	    -11.32488771	      7.40926829	      9.16098608	    -11.43533936	      0.00000000	     -4.80375239	     -1.48735596	    -13.09906374	      0.43146046	      7.67162658	     -0.19401720	      0.00000000	     -0.86834445	      1.01225485	     -1.47894567	      0.44155100	     -3.53691808	     -5.48724825	     21.93863032	     95.36731272	      1.06673328	     -3.68953045	      4.79346221	     28.74596464	     87.73367298
      9.86666670	     -1.05471532	     -1.04728652	      3.90019834	      0.71544827	      1.04727676	      0.18973445	      0.72313207	      3.67463194	    -10.83943875	      7.99427712	      9.18811833	    -11.63090925	      0.00000000	     -5.29374494	     -1.13535912	    -13.92325251	      0.17381160	      7.28794684	     -0.26843642	      0.00000000	     -1.72520275	      1.01967886	     -1.53982848	      1.15029135	     -3.44603388	     -5.57850859	     22.06319837	     95.44588376	      0.93872348	     -3.83341394	      4.89614419	     28.65493394	     87.75661217
      9.88333330	     -0.95811650	     -1.03245586	      3.63410574	      0.71150725	      1.04584672	      0.18872888	      0.87061991	      3.56498038	    -10.82231453	      8.08248536	      9.07773503	    -11.64615557	      0.00000000	     -5.24928633	     -1.01285292	    -14.10207219	      0.20459105	      7.33492900	     -0.38121061	      0.00000000	     -2.04923782	      1.07735145	     -1.47696345	      1.42358065	     -3.48358526	     -5.61089240	     22.12247054	     95.47050865	      0.95589704	     -3.88267043	      4.91487154	     28.68798770	     87.76064720
      9.90000000	     -0.90581362	     -1.01194610	      3.46438379	      0.70876233	      1.04572804	      0.18751022	      0.92633089	      3.47145789	    -10.84253524	      7.96803738	      9.08274059	    -11.65635550	      0.00000000	     -5.15362664	     -0.90813048	    -14.14907722	      0.25299583	      7.31852922	     -0.41723571	      0.00000000	     -2.16928053	      1.17338756	     -1.43940603	      1.47142412	     -3.45693672	     -5.61230896	     22.13518756	     95.47532211	      0.93831474	     -3.96034097	      4.90690728	     28.68057593	     87.76027312
      9.91666670	     -0.81514908	     -0.91457961	      3.22716041	      0.70644569	      1.04622846	      0.18645029	      0.93269333	      3.29138865	    -10.65484425	      7.90201817	      8.92971394	    -11.45459535	      0.00000000	     -4.92291160	     -0.77800032	    -14.65427347	      0.63703637	      7.17781511	     -0.79965850	      0.00000000	     -2.54197295	      1.04393605	     -1.33623280	      1.84896759	     -3.46164961	     -5.65097521	     22.28472170	     95.49904928	      0.93366040	     -4.12011690	      4.91263077	     28.74807483	     87.76270142
      9.93333330	     -0.74149693	     -0.84518323	      3.07047807	      0.70462978	      1.04670692	      0.18557401	      0.79339167	      3.13820623	    -10.56853608	      7.71919380	      8.85767640	    -11.24406680	      0.00000000	     -4.74856280	     -0.67116284	    -14.88380729	      0.90266773	      6.99741851	     -1.09534886	      0.00000000	     -2.73427196	      1.01011510	     -1.18329915	      1.98863513	     -3.45104812	     -5.68469794	     22.37253840	     95.52783623	      0.82971766	     -4.27553115	      4.90717354	     28.84044583	     87.76162845
      9.95000000	     -0.71310262	     -0.80383228	      2.95465254	      0.70265988	      1.04711508	      0.18535315	      0.65261340	      3.01435636	    -10.60812706	      7.54720455	      8.82986710	    -11.16144065	      0.00000000	     -4.54631978	     -0.59473101	    -14.91544431	      1.11105492	      6.89223969	     -1.18645944	      0.00000000	     -2.82577682	      1.00948765	     -1.00485020	      2.08716046	     -3.46968551	     -5.69687303	     22.41821014	     95.53712328	      0.67468692	     -4.43527156	      4.88350682	     28.81578942	     87.75791210
      9.96666670	     -0.67412445	     -0.73960634	      2.95175434	      0.70073193	      1.04779706	      0.18546191	      0.41949601	      2.90910304	    -10.63596630	      7.26763580	      8.65587890	    -10.85058635	      0.00000000	     -4.21126744	     -0.57497874	    -15.12065837	      1.54829696	      6.69438097	     -1.49962650	      0.00000000	     -2.95624223	      0.82894340	     -0.81699274	      2.14850156	     -3.43344497	     -5.70816627	     22.47931138	     95.55951345	      0.62139653	     -4.67530198	      4.82812507	     28.85209829	     87.74720082
      9.98333330	     -0.61282587	     -0.76116496	      2.95846842	      0.69937964	      1.04855220	      0.18480424	      0.19254080	      2.84245204	    -11.21778979	      7.04186095	      8.62869345	     -9.78915594	      0.00000000	     -3.99587528	     -0.58548092	    -14.68215391	      1.80226932	      6.31911661	     -2.60307397	      0.00000000	     -3.10436389	      0.89785965	     -0.48319183	      2.00254708	     -3.49901396	     -5.81219312	     22.78006930	     95.69359795	      0.54080249	     -4.82822542	      4.62737021	     29.07540782	     87.68818594
     10.00000000	     -0.57552865	     -0.71793594	      3.00321004	      0.69814524	      1.04941958	      0.18400227	      0.00313598	      2.76415242	    -11.20369503	      6.80873624	      8.67997351	     -9.66555123	      0.00000000	     -3.72103432	     -0.56759450	    -14.68679803	      2.15890129	      6.24707003	     -2.69578145	      0.00000000	     -3.17296203	      0.74868092	     -0.38546037	      2.03019670	     -3.42838935	     -5.81695337	     22.85717424	     95.71544721	      0.42524467	     -5.08610759	      4.54620806	     28.96804357	     87.67219829
     10.01666670	     -0.52517621	     -0.73229871	      3.08895646	      0.69622408	      1.04932918	      0.18327433	     -0.14613003	      2.73419393	    -11.23612638	      6.60332525	      8.64105877	     -9.45963582	      0.00000000	     -3.45962002	     -0.59714616	    -14.58767927	      2.56136669	      6.32092418	     -2.84281024	      0.00000000	     -3.24102607	      0.68122276	     -0.27045636	      2.05980798	     -3.42267745	     -5.82254030	     22.97789970	     95.74172047	      0.30191617	     -5.33036244	      4.43159375	     28.83762377	     87.64678055
     10.03333330	     -0.47347857	     -0.79175540	      3.24979125	      0.69276990	      1.04769298	      0.18300532	     -0.19624218	      2.75185255	    -11.33747899	      6.48107078	      8.67109864	     -9.25828776	      0.00000000	     -3.15768960	     -0.67217902	    -14.35154647	      3.04680224	      6.56541407	     -3.05328840	      0.00000000	     -3.36635993	      0.67611528	     -0.17831546	      2.12815312	     -3.42435864	     -5.81629898	     23.18219327	     95.77858661	      0.24151476	     -5.56892456	      4.26152266	     28.68406974	     87.60591237
     10.05000000	     -0.41416437	     -0.86272056	      3.46137675	      0.68861404	      1.04481646	      0.18316912	     -0.11119515	      2.79065775	    -11.49120160	      6.54551243	      8.81581334	     -9.19105371	      0.00000000	     -2.84571707	     -0.76154499	    -14.10306174	      3.57038028	      6.85997404	     -3.28941843	      0.00000000	     -3.54448296	      0.67160243	     -0.11577875	      2.24801891	     -3.43426915	     -5.79838611	     23.41113151	     95.81705334	      0.23660916	     -5.82605450	      4.06556696	     28.51952399	     87.55764098
     10.06666670	     -0.35491271	     -0.91954147	      3.70886766	      0.68566347	      1.04188356	      0.18325448	      0.05978132	      2.82169715	    -11.66013226	      6.73891593	      9.03700995	     -9.23943201	      0.00000000	     -2.51663947	     -0.85334189	    -13.87783996	      4.14693927	      7.18742886	     -3.57679041	      0.00000000	     -3.72914341	      0.66453197	     -0.09711125	      2.36659209	     -3.42944424	     -5.76883522	     23.63728829	     95.85830824	      0.23272222	     -6.07821669	      3.84600976	     28.31932324	     87.50075526
     10.08333330	     -0.26417494	     -0.97103432	      3.84421253	      0.68484639	      1.04113084	      0.18289040	      0.15499535	      2.85868952	    -11.72477401	      6.85872210	      9.11537937	     -9.28949751	      0.00000000	     -2.39384546	     -0.90934411	    -13.76232145	      4.42448676	      7.26334565	     -3.64582513	      0.00000000	     -3.84370199	      0.62029385	      0.05235956	      2.42486181	     -3.47634858	     -5.76643198	     23.70492279	     95.86985834	     -0.01003286	     -6.32136247	      3.74971707	     28.14441312	     87.47810899
     10.10000000	     -0.59541729	     -1.05205159	      4.33698823	      0.68447086	      1.04144625	      0.18160913	      0.81958893	      2.87576134	    -12.06562990	      7.24009852	      9.42788248	     -9.50370144	      0.00000000	     -1.49537943	     -1.03177569	    -13.01710575	      5.24641638	      7.65573297	     -4.61095198	      0.00000000	     -3.48424836	      0.64564343	     -0.45344234	      2.31867386	     -3.43201132	     -5.61712064	     24.35398033	     96.09184285	     -0.10446430	     -6.37635691	      2.59773904	     27.23563495	     87.11701635
     10.11666670	     -0.46775048	     -1.08417388	      4.48281596	      0.68441917	      1.04359746	      0.18055957	      0.85720903	      2.88986597	    -12.07992928	      7.40361003	      9.45612661	     -9.55014726	      0.00000000	     -1.45178177	     -1.07176183	    -12.96424108	      5.48724411	      7.68024240	     -4.63677560	      0.00000000	     -3.58605978	      0.61332154	     -0.31397325	      2.29710133	     -3.55026650	     -5.63292005	     24.34254193	     96.09985970	     -0.36745875	     -6.59391835	      2.51576917	     27.09591671	     87.09637616
     10.13333330	     -0.40039706	     -1.10805226	      4.82406785	      0.68368436	      1.04560597	      0.17964553	      0.96053313	      2.89290194	    -12.27277696	      7.58447083	      9.56005033	     -9.84911207	      0.00000000	     -1.16194639	     -1.14430394	    -12.74017504	      6.04209195	      8.06972036	     -4.87132902	      0.00000000	     -3.76375851	      0.58316708	     -0.44720833	      2.34291143	     -3.55702624	     -5.63526950	     24.44598393	     96.14746803	     -0.44479409	     -6.77067959	      2.16088298	     26.76308750	     86.98673850
     10.15000000	     -0.33696623	     -1.11741127	      5.00114115	      0.68313500	      1.04711797	      0.17900925	      0.97610703	      2.88216949	    -12.25857977	      7.61441507	      9.53348357	     -9.84654416	      0.00000000	     -1.14394252	     -1.12863099	    -12.72401535	      6.09020044	      8.07139520	     -4.87646707	      0.00000000	     -3.77653242	      0.59108145	     -0.34548994	      2.34842543	     -3.59508750	     -5.64128460	     24.45228042	     96.14975624	     -0.62237652	     -6.87713626	      2.12248684	     26.67208692	     86.97718986
     10.16666670	     -0.33860786	     -1.14564405	      5.32022841	      0.68284701	      1.04839081	      0.17852861	      0.99120430	      2.89269068	    -12.56582369	      7.54166381	      9.01380711	    -10.17756774	      0.00000000	     -0.90779829	     -1.16519393	    -12.11667296	      6.48179275	      8.26638037	     -5.07728864	      0.00000000	     -3.58608309	      0.60364106	     -0.89477014	      2.30160903	     -3.62928140	     -5.70050998	     24.67830526	     96.24606889	     -0.89403702	     -6.98897322	      1.15519812	     25.60881079	     86.66614560
     10.18333330	     -0.26266931	     -1.13087887	      5.37439044	      0.68287170	      1.04901465	      0.17831423	      0.94802634	      2.86740823	    -12.52035763	      7.54681286	      8.99018271	    -10.16624126	      0.00000000	     -0.93097011	     -1.15123562	    -12.10896440	      6.60377853	      8.22926253	     -5.09625794	      0.00000000	     -3.57907179	      0.54304107	     -0.80575195	      2.21226136	     -3.67156782	     -5.71104274	     24.64789670	     96.25562711	     -1.12784035	     -7.16277214	      1.04605312	     25.45571251	     86.63436806
     10.20000000	     -0.17253517	     -1.11290464	      5.44314176	      0.68319142	      1.04868028	      0.17789539	      0.86167624	      2.84270772	    -12.43757411	      7.56214985	      8.95249626	    -10.12353913	      0.00000000	     -0.99938490	     -1.13971381	    -12.04628700	      6.72361992	      8.21225629	     -5.09717813	      0.00000000	     -3.50458208	      0.49027750	     -0.75355444	      2.14544788	     -3.70761169	     -5.72399685	     24.63646523	     96.26281741	     -1.35043552	     -7.31609853	      0.93757450	     25.27883527	     86.60230430
     10.21666670	      0.01280494	     -1.10666639	      5.60440172	      0.68364923	      1.04767951	      0.17719469	      0.58342763	      2.85720538	    -12.35469325	      7.43898703	      8.93350267	     -9.99547417	      0.00000000	     -1.22786990	     -1.13267010	    -11.74748513	      6.72508042	      8.21324093	     -5.29388630	      0.00000000	     -3.45118796	      0.55182772	     -1.26406829	      2.28941512	     -3.63123079	     -5.84859837	     24.67108095	     96.38740124	     -1.37120638	     -7.10945069	     -0.55949939	     23.72600900	     86.07934564
     10.23333330	      0.09579929	     -1.09914956	      5.63492969	      0.68381538	      1.04706759	      0.17665070	      0.49322345	      2.83096582	    -12.23997978	      7.45680390	      8.98293253	     -9.95333688	      0.00000000	     -1.30433821	     -1.12555852	    -11.65833745	      6.85038661	      8.23448275	     -5.28326511	      0.00000000	     -3.33650133	      0.50515046	     -1.17276546	      2.18438395	     -3.66766115	     -5.85924993	     24.62688986	     96.39710352	     -1.55317210	     -7.22024216	     -0.65715139	     23.64151173	     86.04566533
     10.25000000	      0.14576699	     -1.08768488	      5.65020149	      0.68364001	      1.04697198	      0.17635314	      0.39929059	      2.82382097	    -11.94834043	      7.38401386	      9.22704342	     -9.86231218	      0.00000000	     -1.40483599	     -1.09590079	    -11.47403436	      6.84285601	      8.42092493	     -5.31272922	      0.00000000	     -3.18334202	      0.48202571	     -1.17235928	      2.09102578	     -3.67894781	     -5.88882216	     24.58238167	     96.41786608	     -1.72367372	     -7.23475810	     -0.91450580	     23.40767604	     85.94759159
     10.26666670	      0.22030662	     -1.08620660	      5.65114499	      0.68293334	      1.04698842	      0.17611560	      0.37054491	      2.79352818	    -11.90046098	      7.44364883	      9.25125266	     -9.84379176	      0.00000000	     -1.44519681	     -1.08465393	    -11.40366426	      6.94706934	      8.42506988	     -5.29480377	      0.00000000	     -3.12482641	      0.51158724	     -1.12102558	      2.09949934	     -3.70292558	     -5.89778928	     24.58506845	     96.41990681	     -1.83383323	     -7.27609691	     -0.96492237	     23.32865212	     85.92965513
     10.28333330	      0.28848158	     -1.09719244	      5.55067887	      0.68259413	      1.04683972	      0.17614767	      0.34580749	      2.78343965	    -11.81478543	      7.48723520	      9.31458892	     -9.82307009	      0.00000000	     -1.48645916	     -1.08112267	    -11.28829682	      7.04705510	      8.47014883	     -5.28020162	      0.00000000	     -3.08414109	      0.50426600	     -1.13776425	      2.06269857	     -3.74164784	     -5.91228920	     24.57206946	     96.42094032	     -1.92789069	     -7.28066142	     -1.02341194	     23.22843799	     85.90728618
     10.30000000	      0.30474195	     -1.10479485	      5.55778329	      0.68247538	      1.04670213	      0.17594728	      0.39006301	      2.75955948	    -11.70662034	      7.61857200	      9.72472220	     -9.55603582	      0.00000000	     -1.42388267	     -1.05850746	    -11.01085099	      7.15909073	      8.71612549	     -5.48533533	      0.00000000	     -2.89573757	      0.57255663	     -1.40096918	      2.28437202	     -3.69781462	     -6.08774643	     24.32582062	     96.49214860	     -1.64250296	     -6.83970422	     -2.93363236	     21.58790641	     85.14130844
     10.31666670	      0.34255508	     -1.11029524	      5.47631841	      0.68251609	      1.04681047	      0.17604157	      0.35890693	      2.75688168	    -11.70928662	      7.63878450	      9.72938619	     -9.56161598	      0.00000000	     -1.42431032	     -1.05925364	    -10.98501028	      7.20723724	      8.72354233	     -5.48793625	      0.00000000	     -2.87913639	      0.56656977	     -1.38115337	      2.25007505	     -3.68976131	     -6.08730605	     24.31373242	     96.49355134	     -1.69989127	     -6.84229035	     -2.94960258	     21.57620302	     85.13360469
     10.33333330	      0.34475390	     -1.10771080	      5.46927313	      0.68249841	      1.04650611	      0.17609592	      0.33633049	      2.75678316	    -11.70831458	      7.65092267	      9.72891551	     -9.56155174	      0.00000000	     -1.40789725	     -1.06149714	    -10.98362949	      7.20429097	      8.72453020	     -5.48901028	      0.00000000	     -2.87643510	      0.56559536	     -1.37877661	      2.24845579	     -3.68944294	     -6.08734472	     24.31310395	     96.49361749	     -1.70507069	     -6.84052306	     -2.95081353	     21.57469450	     85.13295468
     10.35000000	      0.42854949	     -1.10068998	      5.38721276	      0.68232928	      1.04562938	      0.17624947	      0.26259561	      2.75060334	    -11.68450139	      7.74866345	      9.72479854	     -9.55985752	      0.00000000	     -1.45567375	     -1.07876611	    -10.95620774	      7.35417547	      8.73753008	     -5.52021451	      0.00000000	     -2.79175740	      0.52207288	     -1.33743288	      2.20205016	     -3.67354202	     -6.08725941	     24.29837128	     96.49444792	     -1.81432899	     -6.77857962	     -2.97408638	     21.53715065	     85.11945721
     10.36666670	      0.41857079	     -1.09973126	      5.38597415	      0.68190134	      1.04499335	      0.17625119	      0.25207628	      2.75022030	    -11.68423323	      7.75317821	      9.72481204	     -9.55987703	      0.00000000	     -1.45726823	     -1.08066572	    -10.95637382	      7.35484523	      8.73786077	     -5.52091294	      0.00000000	     -2.79114303	      0.52193090	     -1.33705854	      2.20140664	     -3.67319337	     -6.08723036	     24.29810650	     96.49445687	     -1.81521128	     -6.77762788	     -2.97444786	     21.53671423	     85.11925423
     10.38333330	      0.47536939	     -1.10398299	      5.32564221	      0.68153459	      1.04546281	      0.17628517	      0.20785501	      2.74639940	    -11.66250115	      7.82599651	      9.74235627	     -9.56756817	      0.00000000	     -1.48034778	     -1.10297818	    -10.96372064	      7.45946660	      8.75128788	     -5.57994865	      0.00000000	     -2.71380232	      0.47810292	     -1.31293250	      2.19603436	     -3.62932004	     -6.08211009	     24.29776749	     96.49505466	     -1.84442934	     -6.64623297	     -2.99653447	     21.51552531	     85.10381603
     10.40000000	      0.47695257	     -1.10666647	      5.32385168	      0.68186235	      1.04635950	      0.17623092	      0.20606145	      2.74235817	    -11.66193760	      7.82732676	      9.74289546	     -9.56793250	      0.00000000	     -1.47480252	     -1.10488922	    -10.96406727	      7.45890216	      8.75139502	     -5.58138200	      0.00000000	     -2.71318157	      0.47790819	     -1.31235290	      2.19660479	     -3.62823187	     -6.08196094	     24.29793570	     96.49506698	     -1.84405936	     -6.64412401	     -2.99717687	     21.51522096	     85.10344555
     10.41666670	      0.51466329	     -1.12124042	      5.24602949	      0.68282180	      1.04699147	      0.17614320	      0.14614369	      2.73627273	    -11.66759666	      7.84242215	      9.75379921	     -9.57843338	      0.00000000	     -1.49994399	     -1.12146141	    -10.98853065	      7.54430220	      8.73286693	     -5.64021262	      0.00000000	     -2.62495559	      0.44051307	     -1.30255286	      2.18985968	     -3.55814806	     -6.07156946	     24.29919046	     96.49597523	     -1.83664242	     -6.46193587	     -3.01266887	     21.50511796	     85.08874017
     10.43333330	      0.54578957	     -1.12239531	      5.21998551	      0.68333164	      1.04669327	      0.17602658	      0.06608787	      2.71968222	    -11.68482790	      7.82449210	      9.75638593	     -9.59079710	      0.00000000	     -1.52664636	     -1.11913971	    -11.05868918	      7.59299199	      8.71344347	     -5.74695894	      0.00000000	     -2.53273359	      0.44683075	     -1.26825270	      2.14468766	     -3.49119582	     -6.06129322	     24.28045491	     96.49664302	     -1.84979433	     -6.27147005	     -3.05355716	     21.47283378	     85.06228877
     10.45000000	      0.55305262	     -1.21206204	      5.08745294	      0.68332434	      1.04587775	      0.17610145	     -0.02242983	      2.80843878	    -11.71113456	      7.70311708	      9.55077004	     -9.58733016	      0.00000000	     -1.60357867	     -1.18511177	    -11.08206016	      7.48995377	      8.49661892	     -6.40226328	      0.00000000	     -2.37190797	      0.48158564	     -0.92916869	      1.96869261	     -3.61611799	     -6.09740202	     24.09089893	     96.48227136	     -1.67806715	     -6.06102332	     -3.69891113	     21.13718558	     84.75750199
     10.46666670	      0.57574225	     -1.17954269	      5.03532704	      0.68293698	      1.04534349	      0.17612033	     -0.06304028	      2.75212688	    -11.78711961	      7.71630881	      9.56071358	     -9.64926720	      0.00000000	     -1.60841326	     -1.13389291	    -11.07335158	      7.54022250	      8.48063242	     -6.43005082	      0.00000000	     -2.32736840	      0.47461784	     -0.95882721	      1.95489885	     -3.51978756	     -6.08715428	     24.09100186	     96.48137334	     -1.62800924	     -5.86598265	     -3.72571176	     21.14837325	     84.73358296
     10.48333330	      0.58361532	     -1.19047820	      4.94231402	      0.68292455	      1.04507345	      0.17621220	     -0.07573057	      2.75501156	    -11.84634343	      7.70922839	      9.55612592	     -9.67960661	      0.00000000	     -1.62267585	     -1.13304897	    -11.07743039	      7.55259219	      8.48003516	     -6.44411652	      0.00000000	     -2.30599401	      0.44672069	     -0.99673910	      1.92435036	     -3.52018176	     -6.08919338	     24.08119724	     96.48056136	     -1.59580792	     -5.82007164	     -3.73274751	     21.15990125	     84.72725743
     10.50000000	      0.62970131	     -1.17251914	      4.92290344	      0.68329872	      1.04542055	      0.17596651	     -0.15333800	      2.71530381	    -12.14642646	      7.68485566	      9.47892088	     -9.82271414	      0.00000000	     -1.69957196	     -1.10741430	    -11.20850699	      7.53777930	      8.48841173	     -6.55882361	      0.00000000	     -2.17156152	      0.42762103	     -0.99803661	      1.86432327	     -3.47057913	     -6.08853264	     24.06016315	     96.47812990	     -1.57295933	     -5.58808316	     -3.76689975	     21.19084111	     84.69566802
     10.51666670	      0.63345815	     -1.16989879	      4.91820727	      0.68350157	      1.04596708	      0.17586372	     -0.15028142	      2.71618970	    -12.14872821	      7.68279006	      9.47841125	     -9.82370526	      0.00000000	     -1.69817608	     -1.10913993	    -11.20820220	      7.53708610	      8.48825683	     -6.55912018	      0.00000000	     -2.17085554	      0.42698364	     -0.99975896	      1.86269020	     -3.47084225	     -6.08866121	     24.05961488	     96.47809615	     -1.57123414	     -5.58721874	     -3.76720341	     21.19159141	     84.69544064
     10.53333330	      0.67867896	     -1.16987581	      4.91500790	      0.68401930	      1.04707492	      0.17563114	     -0.33648678	      2.70968927	    -12.63766110	      7.41631013	      9.06771046	     -9.96987076	      0.00000000	     -1.87931262	     -1.08183629	    -11.13441693	      7.29397135	      8.34200788	     -6.61393940	      0.00000000	     -1.95416184	      0.40418695	     -0.97679776	      1.57258603	     -3.49397108	     -6.13650327	     23.94112723	     96.46260034	     -1.50348306	     -5.41030504	     -3.96178961	     21.32182163	     84.56812043
     10.55000000	      0.68498464	     -1.16913643	      4.84237299	      0.68340073	      1.04776620	      0.17591302	     -0.33406266	      2.70968544	    -12.65529446	      7.36374168	      9.07036350	     -9.98071746	      0.00000000	     -1.87254889	     -1.08162016	    -11.12168842	      7.24915892	      8.34367089	     -6.61305555	      0.00000000	     -1.94896101	      0.39296113	     -1.03191743	      1.53143758	     -3.48038335	     -6.13882661	     23.92824038	     96.46155832	     -1.44658478	     -5.35030060	     -3.96470525	     21.35180349	     84.56154221
     10.56666670	      0.67767644	     -1.15753694	      4.91220964	      0.68279071	      1.04764502	      0.17605021	     -0.38771893	      2.71589014	    -12.68731760	      7.19920167	      9.05820819	     -9.99344142	      0.00000000	     -1.91194434	     -1.05542305	    -11.07896407	      7.00473205	      8.35011160	     -6.58825821	      0.00000000	     -1.86940144	      0.40175774	     -1.10520966	      1.43805923	     -3.43159280	     -6.14787615	     23.89832681	     96.45787630	     -1.33584215	     -5.18633308	     -3.98183054	     21.45077885	     84.53528527
     10.58333330	      0.70540485	     -1.14564406	      4.89538161	      0.68237163	      1.04692660	      0.17639619	     -0.40344003	      2.71590140	    -12.69085099	      7.19672038	      9.05721099	     -9.99400517	      0.00000000	     -1.88452691	     -1.06675975	    -11.07445790	      6.98103551	      8.34979842	     -6.58562122	      0.00000000	     -1.86114157	      0.39949844	     -1.11563916	      1.42702986	     -3.43343043	     -6.14893658	     23.89504645	     96.45765231	     -1.32705518	     -5.18014063	     -3.98215509	     21.45686877	     84.53435106
     10.60000000	      0.77852881	     -1.13552395	      5.01973521	      0.68298049	      1.04650434	      0.17638203	     -0.69281783	      2.75692414	    -12.82994790	      6.86244549	      8.95997038	     -9.96846766	      0.00000000	     -2.12082298	     -1.04381653	    -10.93091159	      6.57543552	      8.24053665	     -6.42926725	      0.00000000	     -1.61758641	      0.34186740	     -1.18633948	      1.14091509	     -3.40112385	     -6.19624838	     23.81749673	     96.44559471	     -1.26007803	     -5.04872684	     -4.03194600	     21.68918635	     84.46676543
     10.61666670	      0.79612528	     -1.11971486	      5.01611895	      0.68266227	      1.04657371	      0.17668173	     -0.71638880	      2.75498683	    -12.82894323	      6.87198847	      8.95821784	     -9.96680812	      0.00000000	     -2.09218027	     -1.05822019	    -10.93308134	      6.55679850	      8.24019263	     -6.42987511	      0.00000000	     -1.60953302	      0.34011932	     -1.19165675	      1.13830544	     -3.40165631	     -6.19693385	     23.81737486	     96.44543867	     -1.25343349	     -5.04368410	     -4.03168769	     21.69410310	     84.46619774
     10.63333330	      0.88247142	     -1.10155999	      5.09041802	      0.68166894	      1.04749894	      0.17693895	     -0.80667289	      2.76245671	    -12.80382258	      6.89632901	      8.93362114	     -9.93557633	      0.00000000	     -2.14749262	     -1.08078066	    -11.01314047	      6.46823938	      8.21456166	     -6.44816061	      0.00000000	     -1.44619983	      0.27397621	     -1.30552172	      1.09486134	     -3.37395858	     -6.20216295	     23.81807701	     96.44396305	     -1.08283146	     -4.94423745	     -4.02177853	     21.80132551	     84.45856814
     10.65000000	      0.92040306	     -1.08421228	      5.08532129	      0.68040281	      1.04859383	      0.17721389	     -0.81681736	      2.76055076	    -12.80643471	      6.89031905	      8.93299147	     -9.93463395	      0.00000000	     -2.11226876	     -1.09111923	    -11.01818262	      6.43587957	      8.21116862	     -6.44824315	      0.00000000	     -1.43787587	      0.27392706	     -1.30950692	      1.08596280	     -3.37076832	     -6.20245973	     23.81626938	     96.44388911	     -1.08112661	     -4.93875680	     -4.02125481	     21.80657191	     84.45778775
     10.66666670	      1.41240232	     -0.99570583	      5.06361621	      0.67997141	      1.05047378	      0.17738026	     -1.47855431	      2.74584952	    -12.97508522	      6.56695070	      8.81425829	     -9.61144993	      0.00000000	     -2.87149970	     -1.01004038	    -11.27488439	      5.79989042	      7.59940142	     -6.34645943	      0.00000000	     -1.95328811	      0.18560646	     -1.19652935	      1.00603503	     -3.27498314	     -6.47328044	     23.96217717	     96.40202964	     -1.11758362	     -4.88781149	     -4.05101611	     22.75933494	     84.15557769
     10.68333330	      1.45780491	     -0.98418751	      5.05460663	      0.67962145	      1.05107085	      0.17750272	     -1.46643542	      2.74558936	    -12.97733675	      6.55679676	      8.81378337	     -9.61135373	      0.00000000	     -2.84149303	     -1.01814750	    -11.27383952	      5.77564412	      7.59934812	     -6.34489205	      0.00000000	     -1.94924897	      0.18452035	     -1.20219318	      1.00213203	     -3.27456180	     -6.47375576	     23.96167717	     96.40203320	     -1.11302907	     -4.88281563	     -4.05027028	     22.76236086	     84.15493961
     10.70000000	      1.47418520	     -0.99103021	      4.99666714	      0.67932950	      1.05072188	      0.17771895	     -1.43543331	      2.76051451	    -13.01875159	      6.50661342	      8.79158003	     -9.61368375	      0.00000000	     -2.85704224	     -1.02209164	    -11.26990770	      5.63435209	      7.58598904	     -6.32134895	      0.00000000	     -1.93443943	      0.16692361	     -1.26393021	      0.99160681	     -3.25640653	     -6.47612220	     23.96286959	     96.40273305	     -1.02067325	     -4.81178829	     -4.03878765	     22.81197948	     84.14872259
     10.71666670	      1.51656007	     -0.97914941	      4.99628748	      0.67874791	      1.04974996	      0.17797053	     -1.42017448	      2.76450551	    -13.02305906	      6.49804051	      8.78892811	     -9.61371064	      0.00000000	     -2.84363738	     -1.02356369	    -11.26984977	      5.61389432	      7.58514601	     -6.31911892	      0.00000000	     -1.93120899	      0.16892595	     -1.26391247	      0.98924431	     -3.25572403	     -6.47633110	     23.96230081	     96.40282821	     -1.02171860	     -4.80710703	     -4.03804176	     22.81366206	     84.14814660
     10.73333330	      1.66061217	     -0.95273067	      4.93742298	      0.67818438	      1.04897800	      0.17810040	     -1.51080068	      2.71978312	    -13.26725801	      6.55479536	      8.58373059	     -9.63231118	      0.00000000	     -3.16217975	     -0.95580763	    -11.23740595	      5.17162394	      7.46528765	     -6.13767235	      0.00000000	     -1.99391085	      0.20069864	     -1.17881029	      0.95054189	     -3.29513230	     -6.51476074	     23.92309223	     96.41119661	     -1.04934886	     -4.70392989	     -4.01762833	     22.95389347	     84.08706751
     10.75000000	      1.69882641	     -0.94078990	      4.93384040	      0.67711966	      1.04880936	      0.17841689	     -1.49863669	      2.72492587	    -13.26826414	      6.54820828	      8.58391548	     -9.63219945	      0.00000000	     -3.14873456	     -0.95921435	    -11.23862948	      5.15984857	      7.46659521	     -6.13736478	      0.00000000	     -1.99206467	      0.19832766	     -1.18020555	      0.94751746	     -3.29493318	     -6.51519106	     23.92200815	     96.41133854	     -1.04950902	     -4.69952665	     -4.01686150	     22.95585480	     84.08632371
     10.76666670	      1.73557767	     -0.92831819	      4.92943263	      0.67606728	      1.04932683	      0.17878427	     -1.48421156	      2.72836768	    -13.26970810	      6.54442499	      8.58364228	     -9.63236927	      0.00000000	     -3.13788947	     -0.96398624	    -11.23899433	      5.14754360	      7.46840699	     -6.13696252	      0.00000000	     -1.99059473	      0.19542983	     -1.18033825	      0.94559336	     -3.29559492	     -6.51576440	     23.92101009	     96.41148112	     -1.05126066	     -4.69342002	     -4.01587518	     22.95744292	     84.08559760
     10.78333330	      1.77308279	     -0.91269404	      4.92518578	      0.67521364	      1.05019363	      0.17913848	     -1.46244952	      2.73683244	    -13.27252539	      6.54143820	      8.58184874	     -9.63262662	      0.00000000	     -3.13365046	     -0.96609012	    -11.23897637	      5.13728945	      7.46939863	     -6.13609485	      0.00000000	     -1.99022501	      0.19219200	     -1.17872353	      0.94494376	     -3.29665278	     -6.51641485	     23.92008695	     96.41163378	     -1.05511801	     -4.68604492	     -4.01474438	     22.95831775	     84.08486778
     10.80000000	      1.88029075	     -0.91185451	      4.81017553	      0.67456172	      1.05120454	      0.17956858	     -1.42639185	      2.74432304	    -13.36552429	      6.68264666	      8.48998104	     -9.64923933	      0.00000000	     -3.26232080	     -0.96949408	    -11.24554529	      5.05189114	      7.43899879	     -6.10654972	      0.00000000	     -2.06498192	      0.12543321	     -1.11334823	      0.99553830	     -3.29031755	     -6.52527474	     23.91123853	     96.41520678	     -1.11142655	     -4.56919890	     -3.99766760	     22.96943665	     84.07024808
     10.81666670	      1.92306839	     -0.88957757	      4.81495894	      0.67398521	      1.05172217	      0.17970982	     -1.39437713	      2.75806110	    -13.37159786	      6.67076427	      8.48509025	     -9.64985912	      0.00000000	     -3.26362613	     -0.95922325	    -11.25047028	      5.04373195	      7.43591330	     -6.10593381	      0.00000000	     -2.06648508	      0.13382005	     -1.10851607	      0.99451379	     -3.29034129	     -6.52559964	     23.90935228	     96.41542348	     -1.11582911	     -4.57033760	     -3.99805723	     22.96913941	     84.06935988
     10.83333330	      1.96579374	     -0.86766201	      4.81412712	      0.67326610	      1.05183990	      0.17984632	     -1.36302041	      2.77109807	    -13.38506451	      6.65769986	      8.47603729	     -9.65218578	      0.00000000	     -3.26928597	     -0.95035591	    -11.25679546	      5.03456567	      7.42863253	     -6.10423252	      0.00000000	     -2.06976898	      0.14133029	     -1.10133082	      0.99421686	     -3.28989329	     -6.52592503	     23.90708982	     96.41570326	     -1.12353535	     -4.57016315	     -3.99830512	     22.96746824	     84.06832181
     10.85000000	      2.82712612	     -0.76502603	      4.66728583	      0.67220312	      1.05243786	      0.18018065	     -2.32825053	      2.75363555	    -13.71575215	      6.40703168	      7.60497813	     -9.91048849	      0.00000000	     -4.46276326	     -0.85904530	    -11.69049062	      4.44053965	      6.64920405	     -5.87208562	      0.00000000	     -3.16235013	      0.15880037	     -0.76314328	      1.29221153	     -3.30403352	     -6.65976164	     23.53502773	     96.49611655	     -0.92461839	     -4.50203602	     -4.03720786	     23.03935548	     83.76336655
     10.86666670	      2.87420471	     -0.74842681	      4.66330776	      0.67086653	      1.05181722	      0.18050541	     -2.30020987	      2.76976405	    -13.72318032	      6.39306046	      7.60200552	     -9.91194411	      0.00000000	     -4.45353407	     -0.85289709	    -11.69188844	      4.43425201	      6.64665151	     -5.87097498	      0.00000000	     -3.16083917	      0.15871374	     -0.75987636	      1.29295193	     -3.30422597	     -6.66005671	     23.53522644	     96.49642963	     -0.93181923	     -4.50132414	     -4.03717317	     23.03675080	     83.76231857
     10.88333330	      2.92383051	     -0.73261801	      4.65521184	      0.66954646	      1.05195635	      0.18082502	     -2.27336536	      2.78848923	    -13.73393628	      6.37857104	      7.59746802	     -9.91392986	      0.00000000	     -4.43727189	     -0.84452982	    -11.69436574	      4.42376403	      6.64208133	     -5.86981543	      0.00000000	     -3.16127767	      0.15757556	     -0.75470628	      1.29509294	     -3.30387777	     -6.66018461	     23.53564363	     96.49671614	     -0.94089434	     -4.50074109	     -4.03720683	     23.03304210	     83.76139432
     10.90000000	      3.03289631	     -0.68190099	      4.51116359	      0.66835389	      1.05249189	      0.18134687	     -2.27156360	      2.73661743	    -14.09541732	      6.41045348	      7.10710431	     -9.92470790	      0.00000000	     -4.54539268	     -0.78647670	    -11.98957383	      4.29127663	      6.19292825	     -5.84663945	      0.00000000	     -3.38493648	      0.11531696	     -0.66201126	      1.50275759	     -3.27225888	     -6.66618026	     23.54143090	     96.51832428	     -0.92768255	     -4.51018514	     -4.05306120	     22.95022564	     83.69204130
     10.91666670	      3.07746329	     -0.66578071	      4.51212828	      0.66730608	      1.05257194	      0.18176303	     -2.25081942	      2.75298637	    -14.09571429	      6.39659557	      7.10539668	     -9.92403995	      0.00000000	     -4.52921738	     -0.78090376	    -11.98997561	      4.27855988	      6.18936569	     -5.84588402	      0.00000000	     -3.38792476	      0.11401335	     -0.65836571	      1.50011650	     -3.27363291	     -6.66643239	     23.53961635	     96.51866552	     -0.93724079	     -4.50886951	     -4.05311592	     22.94585072	     83.69096103
     10.93333330	      3.11940383	     -0.64845166	      4.51310196	      0.66613443	      1.05186520	      0.18212788	     -2.22197452	      2.76634919	    -14.09585115	      6.37841963	      7.10334093	     -9.92275860	      0.00000000	     -4.52187489	     -0.77831781	    -11.99048738	      4.26871882	      6.18449638	     -5.84497176	      0.00000000	     -3.39471107	      0.11248320	     -0.65255636	      1.49944397	     -3.27480211	     -6.66661401	     23.53823358	     96.51898683	     -0.94918252	     -4.50805464	     -4.05327128	     22.94017497	     83.68991445
     10.95000000	      3.15767586	     -0.63626508	      4.51510597	      0.66525392	      1.05105092	      0.18231489	     -2.18418362	      2.77326594	    -14.09421098	      6.35728322	      7.10205406	     -9.92109628	      0.00000000	     -4.52346974	     -0.77753137	    -11.99040764	      4.26465590	      6.17905655	     -5.84396520	      0.00000000	     -3.40502934	      0.11120235	     -0.64532842	      1.50086469	     -3.27567043	     -6.66673071	     23.53736705	     96.51927773	     -0.96197037	     -4.50790576	     -4.05355348	     22.93387782	     83.68891991
     10.96666670	      3.37594343	     -0.59879245	      4.25953745	      0.66443372	      1.05081175	      0.18268641	     -2.29754681	      2.75328472	    -13.66488721	      6.38695772	      7.08476597	     -9.88034265	      0.00000000	     -4.80896696	     -0.72584229	    -12.23567300	      4.10552852	      5.61815036	     -6.03153573	      0.00000000	     -3.96965112	      0.10884124	     -0.47162450	      1.77982991	     -3.28597076	     -6.66075718	     23.45126005	     96.57253997	     -0.92964883	     -4.47614773	     -4.11423258	     22.69369835	     83.51254474
     10.98333330	      3.40264984	     -0.59362764	      4.26367209	      0.66409496	      1.04992981	      0.18268861	     -2.27464230	      2.75216871	    -13.66202426	      6.37653608	      7.08618173	     -9.88022080	      0.00000000	     -4.81533042	     -0.72461679	    -12.23243738	      4.11194069	      5.61780591	     -6.03143468	      0.00000000	     -3.97019266	      0.11157038	     -0.46862206	      1.77860031	     -3.28774147	     -6.66089518	     23.45015250	     96.57281846	     -0.93509606	     -4.47640560	     -4.11465950	     22.69127316	     83.51152336
     11.00000000	      3.44908128	     -0.55471891	      4.29198468	      0.66368295	      1.04821525	      0.18275497	     -2.28221100	      2.70699708	    -13.56343785	      6.43004441	      7.12878764	     -9.87299179	      0.00000000	     -4.79169576	     -0.68827595	    -12.17723398	      4.22427693	      5.62315635	     -6.04100608	      0.00000000	     -4.03560496	      0.17231594	     -0.43442004	      1.73685276	     -3.32447190	     -6.66520648	     23.42277468	     96.57634016	     -1.03039188	     -4.48617809	     -4.12254442	     22.64656136	     83.49634888
     11.01666670	      3.48912093	     -0.53808545	      4.25401242	      0.66326447	      1.04733937	      0.18307132	     -2.26794621	      2.68970233	    -13.37088558	      6.51737625	      7.26499162	     -9.87540045	      0.00000000	     -4.75317321	     -0.67624755	    -12.11592424	      4.36516229	      5.68380888	     -6.09933959	      0.00000000	     -4.11249562	      0.16073608	     -0.48199727	      1.65120311	     -3.38471491	     -6.67485733	     23.37896421	     96.58155526	     -1.06810389	     -4.47491778	     -4.13141442	     22.61112793	     83.47073188
     11.03333330	      3.47268496	     -0.49342018	      4.21131506	      0.66289491	      1.04812955	      0.18354924	     -2.20467997	      2.66212443	    -12.95693345	      6.58884045	      7.70646494	     -9.93725007	      0.00000000	     -4.63579841	     -0.63325392	    -12.03797430	      4.52916563	      5.88588958	     -6.30494303	      0.00000000	     -4.13824523	      0.17764138	     -0.46455621	      1.70876612	     -3.35118331	     -6.66914310	     23.38310193	     96.59853533	     -1.09518456	     -4.52853125	     -4.17422682	     22.54215989	     83.39629536
     11.05000000	      3.47988405	     -0.48520572	      4.22223982	      0.66285432	      1.05015784	      0.18396567	     -2.20126526	      2.66437474	    -12.94867227	      6.59253557	      7.71081936	     -9.93615666	      0.00000000	     -4.62100584	     -0.63668898	    -12.03917407	      4.52261136	      5.88683561	     -6.30896099	      0.00000000	     -4.13697040	      0.17613363	     -0.46212393	      1.70669179	     -3.35350865	     -6.66931427	     23.38210355	     96.59895321	     -1.10346529	     -4.52656383	     -4.17499812	     22.53846618	     83.39438032
     11.06666670	      3.48051969	     -0.48482504	      4.22596561	      0.66310728	      1.05151640	      0.18416980	     -2.19989273	      2.66302965	    -12.94554324	      6.59288131	      7.71197742	     -9.93546787	      0.00000000	     -4.61617567	     -0.63638181	    -12.03904688	      4.52208874	      5.88670604	     -6.30958906	      0.00000000	     -4.13713558	      0.17658878	     -0.46118694	      1.70609111	     -3.35399321	     -6.66933195	     23.38186399	     96.59902957	     -1.10606017	     -4.52675889	     -4.17525583	     22.53734617	     83.39402291
     11.08333330	      3.45435432	     -0.42119523	      4.26969442	      0.66361028	      1.05165882	      0.18451143	     -2.23982257	      2.64449298	    -12.61261128	      6.52616690	      7.84811718	     -9.83863475	      0.00000000	     -4.54400267	     -0.61377301	    -11.98714762	      4.66430106	      5.80859320	     -6.33418721	      0.00000000	     -4.08156235	      0.11104878	     -0.46071814	      1.54208443	     -3.34741469	     -6.66387605	     23.32893573	     96.60874672	     -1.32169108	     -4.59437083	     -4.21169847	     22.42272410	     83.35208172
     11.10000000	      3.45284757	     -0.41969487	      4.27154929	      0.66353701	      1.05119221	      0.18451994	     -2.24153416	      2.64470379	    -12.61141402	      6.52643265	      7.84860008	     -9.83821041	      0.00000000	     -4.54482386	     -0.61445398	    -11.98744693	      4.66439331	      5.80830816	     -6.33451738	      0.00000000	     -4.08085509	      0.11118843	     -0.45984987	      1.54250105	     -3.34700686	     -6.66376997	     23.32907542	     96.60880725	     -1.32273490	     -4.59463137	     -4.21190843	     22.42216500	     83.35185357
     11.11666670	      3.44814239	     -0.39997781	      4.37153220	      0.66337319	      1.05086894	      0.18459714	     -2.25997938	      2.64757554	    -12.54866382	      6.52350572	      7.87353753	     -9.81871851	      0.00000000	     -4.52929605	     -0.61698080	    -11.99745495	      4.66768670	      5.79545408	     -6.34708472	      0.00000000	     -4.05424961	      0.11010232	     -0.41234640	      1.54163761	     -3.32930407	     -6.65917469	     23.32992592	     96.61137559	     -1.40065180	     -4.61933500	     -4.22325127	     22.38618214	     83.34218515
     11.13333330	      3.44540635	     -0.39220868	      4.40539615	      0.66328866	      1.05095413	      0.18486236	     -2.28546482	      2.66776387	    -12.39846934	      6.49422624	      7.95717058	     -9.77796422	      0.00000000	     -4.50370924	     -0.62837583	    -11.97298597	      4.70459284	      5.75425275	     -6.35914449	      0.00000000	     -3.98220843	      0.06049475	     -0.38843513	      1.42522021	     -3.30616143	     -6.65149787	     23.29536271	     96.61842382	     -1.56115469	     -4.68742429	     -4.25697521	     22.29744338	     83.31318563
     11.15000000	      3.45591091	     -0.38814201	      4.40396693	      0.66285116	      1.05135019	      0.18504989	     -2.28880365	      2.66865504	    -12.39225518	      6.49390975	      7.96159729	     -9.77640117	      0.00000000	     -4.48867252	     -0.62741429	    -11.97188368	      4.69565094	      5.75364924	     -6.35984022	      0.00000000	     -3.97434955	      0.06039535	     -0.38905464	      1.42142501	     -3.30539127	     -6.65108465	     23.29440316	     96.61883503	     -1.56375434	     -4.68851587	     -4.25868805	     22.29482976	     83.31147523
     11.16666670	      3.46955460	     -0.38356101	      4.41054272	      0.66229489	      1.05187745	      0.18528009	     -2.29376157	      2.66677430	    -12.38222145	      6.49687013	      7.96564396	     -9.77332862	      0.00000000	     -4.46989859	     -0.62753527	    -11.97004397	      4.68369958	      5.75331660	     -6.35998000	      0.00000000	     -3.96669839	      0.06016682	     -0.38611115	      1.41633046	     -3.30449929	     -6.65056004	     23.29289533	     96.61930700	     -1.57281285	     -4.69157274	     -4.26097607	     22.28960513	     83.30955173
     11.18333330	      3.48730040	     -0.37773274	      4.41917357	      0.66161429	      1.05238394	      0.18558639	     -2.29687508	      2.66617984	    -12.37034481	      6.50112167	      7.96903983	     -9.76925675	      0.00000000	     -4.44994167	     -0.62756040	    -11.96641096	      4.66935252	      5.75308959	     -6.35911093	      0.00000000	     -3.95845623	      0.05933924	     -0.38068253	      1.40900217	     -3.30367919	     -6.64989739	     23.29034271	     96.61991101	     -1.58740193	     -4.69690446	     -4.26418615	     22.28162025	     83.30712704
     11.20000000	      3.51045093	     -0.37226061	      4.42143588	      0.66096783	      1.05292577	      0.18596748	     -2.29456928	      2.67078604	    -12.36467669	      6.50314031	      7.96998175	     -9.76693378	      0.00000000	     -4.42996354	     -0.62778864	    -11.96200508	      4.65416218	      5.75316704	     -6.35740397	      0.00000000	     -3.95234802	      0.05790322	     -0.37495878	      1.40222079	     -3.30353489	     -6.64935650	     23.28757362	     96.62044747	     -1.60166592	     -4.70221072	     -4.26718963	     22.27390478	     83.30501110
     11.21666670	      3.53822737	     -0.36500626	      4.42065333	      0.66051023	      1.05297996	      0.18625378	     -2.28448695	      2.68131880	    -12.36466136	      6.50186045	      7.96897843	     -9.76630803	      0.00000000	     -4.41409706	     -0.62859375	    -11.95769866	      4.64125842	      5.75339211	     -6.35538344	      0.00000000	     -3.94910481	      0.05601180	     -0.36875733	      1.39728834	     -3.30378167	     -6.64893849	     23.28509654	     96.62088439	     -1.61460009	     -4.70685144	     -4.26972792	     22.26709776	     83.30332658
     11.23333330	      3.55133475	     -0.40008711	      4.42082452	      0.66048758	      1.05241819	      0.18648040	     -2.23929623	      2.74265304	    -12.39517615	      6.53943638	      7.93713781	     -9.77338603	      0.00000000	     -4.41270445	     -0.68330626	    -11.89299748	      4.59306959	      5.75321794	     -6.32436717	      0.00000000	     -3.95018749	      0.01713657	     -0.27093865	      1.36449877	     -3.30102004	     -6.64244274	     23.25634957	     96.62682370	     -1.76456541	     -4.77352195	     -4.30486577	     22.18232580	     83.28118584
     11.25000000	      3.58045826	     -0.39063272	      4.41724678	      0.65996026	      1.05206692	      0.18667680	     -2.22109581	      2.75023507	    -12.40047183	      6.53518271	      7.93371069	     -9.77501396	      0.00000000	     -4.40525032	     -0.68631881	    -11.88811319	      4.58703683	      5.75409028	     -6.32166351	      0.00000000	     -3.94407165	      0.02038461	     -0.26865450	      1.35725456	     -3.30149270	     -6.64179091	     23.25180231	     96.62748952	     -1.76764425	     -4.77494633	     -4.30805379	     22.17851892	     83.27881585
     11.26666670	      3.60730644	     -0.38367790	      4.41854865	      0.65875481	      1.05173245	      0.18702842	     -2.20488668	      2.75472875	    -12.40609401	      6.53319334	      7.93068344	     -9.77708550	      0.00000000	     -4.39624354	     -0.69532048	    -11.88385826	      4.57906600	      5.75616628	     -6.31956298	      0.00000000	     -3.94063280	      0.02218196	     -0.26458269	      1.35039059	     -3.30250710	     -6.64131648	     23.24740133	     96.62805057	     -1.77362457	     -4.77625827	     -4.31080898	     22.17431777	     83.27682945
     11.28333330	      3.49844310	     -0.48075514	      4.53122522	      0.65738674	      1.05016817	      0.18705465	     -1.89181569	      2.81472211	    -12.75983757	      6.81923619	      7.76053587	    -10.04465450	      0.00000000	     -4.15162518	     -0.81892615	    -11.65177074	      4.67763908	      6.01288245	     -6.23698237	      0.00000000	     -3.83266394	      0.09523481	     -0.06307047	      1.28136319	     -3.40729611	     -6.59584882	     22.97620559	     96.68678630	     -1.55489426	     -4.65703983	     -4.56953440	     22.00364289	     83.06297826
     11.30000000	      3.52780042	     -0.47361062	      4.53474087	      0.65693481	      1.04844140	      0.18700605	     -1.87546682	      2.81555685	    -12.75736643	      6.81781208	      7.76061149	    -10.04564970	      0.00000000	     -4.14262908	     -0.82370572	    -11.65331167	      4.67391904	      6.01553917	     -6.23830895	      0.00000000	     -3.83287711	      0.09807377	     -0.06164220	      1.27623377	     -3.40490789	     -6.59499438	     22.97285682	     96.68743672	     -1.55868639	     -4.66389786	     -4.57311632	     21.99952763	     83.06053124
     11.31666670	      3.47640116	     -0.49908298	      4.53051606	      0.65660203	      1.04761873	      0.18712395	     -1.59483183	      2.81037169	    -12.75682057	      7.16649137	      7.88204979	    -10.28896920	      0.00000000	     -3.93821924	     -0.88582300	    -11.69799465	      4.89674948	      6.21612732	     -6.34711210	      0.00000000	     -3.82628770	      0.12645996	     -0.01443569	      1.34700838	     -3.39973190	     -6.56091596	     22.87001098	     96.72853918	     -1.47009786	     -4.68129000	     -4.75533076	     21.88453474	     82.89759616
     11.33333330	      3.49081975	     -0.49078119	      4.53524697	      0.65621646	      1.04887863	      0.18757720	     -1.57666243	      2.81104049	    -12.75464201	      7.16108436	      7.88198832	    -10.28966002	      0.00000000	     -3.93551832	     -0.88995892	    -11.69739032	      4.89531281	      6.21644337	     -6.34709328	      0.00000000	     -3.82400698	      0.12755477	     -0.01612727	      1.34144065	     -3.40280934	     -6.56098623	     22.86701517	     96.72894736	     -1.47210391	     -4.67986778	     -4.75696339	     21.88322063	     82.89585657
     11.35000000	      3.49793177	     -0.48323050	      4.54170518	      0.65547015	      1.05031474	      0.18811051	     -1.56293324	      2.81125991	    -12.75279671	      7.15813179	      7.88201047	    -10.29020202	      0.00000000	     -3.93430992	     -0.89616268	    -11.69698047	      4.89247434	      6.21672229	     -6.34704771	      0.00000000	     -3.82120695	      0.12892164	     -0.01744356	      1.33773900	     -3.40558083	     -6.56109033	     22.86497660	     96.72923080	     -1.47222395	     -4.67893609	     -4.75813415	     21.88301225	     82.89464403
     11.36666670	      3.50336328	     -0.47634339	      4.55212618	      0.65478338	      1.05065639	      0.18845687	     -1.55000474	      2.81522024	    -12.74951251	      7.15730034	      7.88158909	    -10.29077801	      0.00000000	     -3.93077112	     -0.90210486	    -11.69659446	      4.88504200	      6.21653960	     -6.34649037	      0.00000000	     -3.81900112	      0.12958487	     -0.01937354	      1.33610533	     -3.40883665	     -6.56108429	     22.86304844	     96.72967102	     -1.46683898	     -4.67910877	     -4.76004288	     21.88459617	     82.89286069
     11.38333330	      3.50969828	     -0.47216963	      4.55427714	      0.65486938	      1.05030105	      0.18843863	     -1.54318639	      2.81783843	    -12.74900436	      7.15474081	      7.88148661	    -10.29076402	      0.00000000	     -3.93040579	     -0.90330803	    -11.69657535	      4.88358711	      6.21627365	     -6.34631844	      0.00000000	     -3.81897311	      0.12956246	     -0.01955566	      1.33660147	     -3.40940141	     -6.56107656	     22.86295974	     96.72974623	     -1.46530519	     -4.67911817	     -4.76035619	     21.88509783	     82.89256549
     11.40000000	      3.29400681	     -0.48001921	      4.68153340	      0.65556458	      1.04949940	      0.18835141	     -1.33810482	      2.87532265	    -12.66909840	      6.98389710	      7.76866730	    -10.39723634	      0.00000000	     -3.66933294	     -0.92049414	    -11.57952001	      4.85470677	      5.89690366	     -6.22995914	      0.00000000	     -3.59393502	      0.08386853	      0.04373444	      1.29732088	     -3.44014942	     -6.51691804	     22.78368254	     96.77896959	     -1.35051056	     -4.66471118	     -4.92674793	     21.95646944	     82.72393882
     11.41666670	      3.30173202	     -0.46170407	      4.68076144	      0.65614313	      1.04908358	      0.18839809	     -1.32263921	      2.88707656	    -12.67141315	      6.97194169	      7.76780278	    -10.39822550	      0.00000000	     -3.67754268	     -0.91627441	    -11.58255443	      4.86199391	      5.89576721	     -6.23227858	      0.00000000	     -3.59027909	      0.08282941	      0.04409895	      1.29926686	     -3.44196508	     -6.51688116	     22.78437677	     96.77934817	     -1.35271214	     -4.66118480	     -4.92758471	     21.95617733	     82.72247164
     11.43333330	      3.29174731	     -0.39305905	      4.59326132	      0.65581324	      1.04845240	      0.18874886	     -1.40213875	      2.84473365	    -12.71372542	      6.75201634	      7.75951340	    -10.41419900	      0.00000000	     -3.64068015	     -0.85019994	    -11.64437878	      4.98901460	      5.84483602	     -6.26974935	      0.00000000	     -3.47903141	      0.02327742	      0.07211140	      1.32241447	     -3.45903669	     -6.51525447	     22.80202684	     96.78573408	     -1.45563887	     -4.60004370	     -4.94074244	     21.93677470	     82.69812861
     11.45000000	      3.29464569	     -0.38017772	      4.59538948	      0.65438706	      1.04737908	      0.18931046	     -1.41401260	      2.84973121	    -12.71399139	      6.73942000	      7.75865841	    -10.41340356	      0.00000000	     -3.62874283	     -0.84878665	    -11.65085455	      4.98997733	      5.84366344	     -6.27416201	      0.00000000	     -3.47134194	      0.02122933	      0.07231238	      1.31718146	     -3.45990204	     -6.51503097	     22.80118585	     96.78624811	     -1.46418809	     -4.59899305	     -4.94230083	     21.93546648	     82.69619705
     11.46666670	      3.18040505	     -0.35184128	      4.63349800	      0.65363151	      1.04685728	      0.18973162	     -1.53182759	      2.88211246	    -12.65732703	      6.28797838	      7.72662082	    -10.38190405	      0.00000000	     -3.35707459	     -0.87041974	    -11.80335794	      5.31012722	      5.88799226	     -6.48016962	      0.00000000	     -3.23036248	     -0.10042512	      0.00750792	      1.19119350	     -3.41394069	     -6.49324997	     22.81150281	     96.81277296	     -1.57512388	     -4.64417037	     -5.03193969	     21.98960648	     82.59724704
     11.48333330	      3.17531778	     -0.34988520	      4.63117893	      0.65348254	      1.04759873	      0.18958025	     -1.54422166	      2.87811269	    -12.65815572	      6.28966382	      7.72766167	    -10.38318936	      0.00000000	     -3.34008256	     -0.87352752	    -11.80199026	      5.30790386	      5.88972436	     -6.48147852	      0.00000000	     -3.22927372	     -0.09837137	      0.01032257	      1.19317735	     -3.41439254	     -6.49310550	     22.81280142	     96.81307070	     -1.57909174	     -4.64400219	     -5.03293101	     21.98975673	     82.59604472
     11.50000000	      2.74751787	     -0.42561790	      4.81979084	      0.65374866	      1.04826332	      0.18898208	     -1.11446431	      2.92650971	    -12.77541606	      6.24308164	      7.70998933	    -10.52345689	      0.00000000	     -2.62176627	     -0.97005452	    -11.48235543	      5.78642998	      6.29021231	     -6.76956288	      0.00000000	     -2.71711096	     -0.03218292	     -0.12898146	      1.03397866	     -3.45860490	     -6.46241445	     23.03868216	     96.89831284	     -1.87367368	     -4.58666093	     -5.28623456	     22.33620460	     82.25296956
     11.51666670	      2.74975614	     -0.40923721	      4.90002105	      0.65327001	      1.04889138	      0.18871794	     -1.12860705	      2.89822718	    -12.75625404	      6.24934594	      7.71210251	    -10.52131531	      0.00000000	     -2.59821179	     -0.95347698	    -11.50975466	      5.80102761	      6.27414830	     -6.77687284	      0.00000000	     -2.70475227	     -0.01708092	     -0.13425618	      1.01806159	     -3.45942193	     -6.46150537	     23.03789049	     96.90076020	     -1.87556384	     -4.58142911	     -5.29161969	     22.34530796	     82.24411524
     11.53333330	      2.76520581	     -0.41183747	      4.90919211	      0.65218137	      1.04858057	      0.18878217	     -1.13119274	      2.89025891	    -12.75477978	      6.24792142	      7.71298978	    -10.52189805	      0.00000000	     -2.58115856	     -0.95364382	    -11.51313753	      5.79807460	      6.27191554	     -6.77750564	      0.00000000	     -2.70179492	     -0.01770463	     -0.13674763	      1.01253950	     -3.46050168	     -6.46150776	     23.03721173	     96.90111236	     -1.87665672	     -4.57940469	     -5.29208768	     22.34688513	     82.24288214
     11.55000000	      2.70364697	     -0.39148626	      5.13828015	      0.65102707	      1.04800484	      0.18869625	     -1.03384440	      2.86739913	    -12.84614204	      6.24441102	      7.74819013	    -10.64469497	      0.00000000	     -2.26838074	     -0.97252906	    -11.51201124	      6.10430578	      6.12571379	     -6.76490665	      0.00000000	     -2.72252026	     -0.06798063	     -0.23646025	      0.98057144	     -3.46996500	     -6.45379781	     23.10282354	     96.92379683	     -1.78558121	     -4.56256494	     -5.32898958	     22.48898184	     82.16550142
     11.56666670	      2.73512166	     -0.38873715	      5.14542203	      0.65070240	      1.04776507	      0.18890068	     -1.02971362	      2.86483176	    -12.84551585	      6.24457225	      7.74705716	    -10.64532061	      0.00000000	     -2.23878402	     -0.97275031	    -11.51362085	      6.08856631	      6.12667969	     -6.76625925	      0.00000000	     -2.72039988	     -0.06500048	     -0.23755169	      0.97937755	     -3.47000965	     -6.45364216	     23.10356924	     96.92416334	     -1.78578023	     -4.56217197	     -5.32942856	     22.49091059	     82.16434434
     11.58333330	      2.74542466	     -0.37752849	      5.23017646	      0.65046419	      1.04804156	      0.18900621	     -1.00454129	      2.86184732	    -12.84562403	      6.24927194	      7.73805182	    -10.65213356	      0.00000000	     -2.18029163	     -0.96973166	    -11.53023495	      6.06104683	      6.12169324	     -6.77367543	      0.00000000	     -2.72798971	     -0.05168936	     -0.24037149	      0.99584136	     -3.46864540	     -6.45240515	     23.11316798	     96.92637263	     -1.76821730	     -4.55880690	     -5.33131825	     22.50773863	     82.15799751
     11.60000000	      2.75965980	     -0.36907616	      5.23429256	      0.65000957	      1.04847398	      0.18908476	     -1.00709877	      2.86572407	    -12.84904052	      6.25082037	      7.73668085	    -10.65454667	      0.00000000	     -2.15057546	     -0.97102655	    -11.53208691	      6.04859950	      6.11971706	     -6.77397797	      0.00000000	     -2.72861657	     -0.05130454	     -0.24279204	      0.99637290	     -3.46889710	     -6.45231171	     23.11395174	     96.92673224	     -1.76466925	     -4.55759463	     -5.33140029	     22.51069444	     82.15704445
     11.61666670	      2.71538189	     -0.35185576	      5.39511044	      0.64921218	      1.04849979	      0.18886915	     -0.94415072	      2.86502207	    -12.90243658	      6.24315808	      7.71112927	    -10.69121502	      0.00000000	     -2.03748956	     -0.96615274	    -11.57401301	      6.02208888	      6.07536073	     -6.77763753	      0.00000000	     -2.77808605	     -0.05487949	     -0.27491839	      1.03083899	     -3.46068919	     -6.44946264	     23.12803276	     96.93173145	     -1.67942483	     -4.54290732	     -5.33150400	     22.55822507	     82.14536108
     11.63333330	      2.73590809	     -0.34324522	      5.39144512	      0.64840249	      1.04839916	      0.18885114	     -0.92345794	      2.87499065	    -12.91422403	      6.23664300	      7.70832239	    -10.69731197	      0.00000000	     -2.02173142	     -0.96240613	    -11.57401384	      6.02191822	      6.06841194	     -6.77547763	      0.00000000	     -2.77992131	     -0.05736930	     -0.28488382	      1.02570667	     -3.45997785	     -6.44929793	     23.12691767	     96.93231817	     -1.66935152	     -4.54165813	     -5.33127470	     22.56383779	     82.14407879
     11.65000000	      2.61227764	     -0.33678229	      5.61730042	      0.64757543	      1.04822057	      0.18868840	     -0.65655290	      2.84721027	    -13.35131296	      6.36831924	      7.53213190	    -10.95796388	      0.00000000	     -1.68208539	     -0.98682573	    -11.51919748	      6.25637538	      5.74189343	     -6.67922362	      0.00000000	     -2.87087458	     -0.11597107	     -0.45693046	      1.07412318	     -3.40899620	     -6.43837487	     23.16143013	     96.96156124	     -1.45037465	     -4.56154611	     -5.32537968	     22.74015783	     82.08198173
     11.66666670	      2.63087785	     -0.33297424	      5.62705780	      0.64762440	      1.04827000	      0.18874717	     -0.63184391	      2.85067967	    -13.35089887	      6.35815327	      7.53092863	    -10.95857804	      0.00000000	     -1.68360358	     -0.98311472	    -11.52093073	      6.25479133	      5.74208411	     -6.68079868	      0.00000000	     -2.87094120	     -0.11427067	     -0.46031100	      1.07036302	     -3.40839755	     -6.43827803	     23.16035575	     96.96193910	     -1.45069080	     -4.56003048	     -5.32491235	     22.74141059	     82.08127733
     11.68333330	      2.64404531	     -0.33224661	      5.62984957	      0.64792391	      1.04815360	      0.18876445	     -0.62163814	      2.85107892	    -13.35078675	      6.35382040	      7.53066928	    -10.95860700	      0.00000000	     -1.68111638	     -0.98185295	    -11.52157453	      6.25355407	      5.74188676	     -6.68108886	      0.00000000	     -2.87130286	     -0.11385486	     -0.46107536	      1.06984512	     -3.40821554	     -6.43824930	     23.16016561	     96.96200701	     -1.45024101	     -4.55951027	     -5.32477931	     22.74179000	     82.08116950
     11.70000000	      2.62712894	     -0.32237269	      5.75264771	      0.64811412	      1.04784139	      0.18870100	     -0.59075614	      2.86349178	    -13.35800916	      6.33331656	      7.51198405	    -10.96516645	      0.00000000	     -1.65913129	     -0.97873970	    -11.56813504	      6.22631870	      5.72503615	     -6.69899505	      0.00000000	     -2.88601465	     -0.09676174	     -0.50339385	      1.03503749	     -3.39365075	     -6.43617345	     23.14788972	     96.96554437	     -1.42748640	     -4.53008349	     -5.31707075	     22.76106471	     82.07620899
     11.71666670	      2.62737252	     -0.31997021	      5.75216927	      0.64801705	      1.04804197	      0.18854488	     -0.59109271	      2.86556597	    -13.35903061	      6.33320899	      7.51152003	    -10.96559138	      0.00000000	     -1.65700567	     -0.97994039	    -11.56866849	      6.22508040	      5.72441945	     -6.69908945	      0.00000000	     -2.88553929	     -0.09702493	     -0.50466221	      1.03399311	     -3.39325496	     -6.43613917	     23.14760201	     96.96562845	     -1.42695220	     -4.52972481	     -5.31691036	     22.76151674	     82.07608947
     11.73333330	      2.64255427	     -0.32577449	      5.76067273	      0.64749068	      1.04877355	      0.18826873	     -0.57825537	      2.87296601	    -13.36445439	      6.32784404	      7.50801384	    -10.96734764	      0.00000000	     -1.65169345	     -0.97229039	    -11.57335922	      6.21786719	      5.72093266	     -6.69918496	      0.00000000	     -2.88248578	     -0.09764377	     -0.51137311	      1.02785232	     -3.39124394	     -6.43596380	     23.14577718	     96.96605542	     -1.42444809	     -4.52599556	     -5.31580138	     22.76380261	     82.07555420
     11.75000000	      2.57391603	     -0.38062730	      6.00307795	      0.64734867	      1.04922184	      0.18772483	     -0.50675046	      2.91894438	    -13.83936114	      6.30393728	      7.16873649	    -11.11145062	      0.00000000	     -1.62611710	     -1.01077619	    -11.55556049	      5.99919058	      5.35842385	     -6.54150969	      0.00000000	     -2.74183970	      0.00467720	     -0.74897801	      0.93803464	     -3.36257313	     -6.44370642	     23.11454279	     96.99821087	     -1.43585720	     -4.43735142	     -5.25578742	     22.84044550	     82.02702647
     11.76666670	      2.58600321	     -0.37826803	      6.01316997	      0.64694685	      1.04900006	      0.18796288	     -0.49280284	      2.92538495	    -13.83742881	      6.30023810	      7.16527230	    -11.11001087	      0.00000000	     -1.62899046	     -1.00715980	    -11.55601081	      5.99630966	      5.35756132	     -6.54135355	      0.00000000	     -2.74015371	      0.00192957	     -0.75317593	      0.93582538	     -3.36354200	     -6.44405079	     23.11367730	     96.99867839	     -1.43635224	     -4.43570485	     -5.25480833	     22.84111980	     82.02632186
     11.78333330	      2.59702880	     -0.37469670	      6.03293842	      0.64635660	      1.04836314	      0.18845358	     -0.47956137	      2.93408843	    -13.83550833	      6.30023311	      7.16031040	    -11.10822303	      0.00000000	     -1.63298931	     -1.00659378	    -11.55759093	      5.98772095	      5.35603177	     -6.54075085	      0.00000000	     -2.73799377	     -0.00099520	     -0.75720784	      0.93530789	     -3.36425539	     -6.44435879	     23.11335387	     96.99922711	     -1.43620913	     -4.43240007	     -5.25346227	     22.84203101	     82.02557355
     11.80000000	      2.60140360	     -0.39728594	      6.15004552	      0.64575228	      1.04780258	      0.18869568	     -0.44946438	      2.97064789	    -13.82814638	      6.34702164	      7.12800384	    -11.10311778	      0.00000000	     -1.64116642	     -1.03744373	    -11.56248773	      5.90997876	      5.34344222	     -6.53131478	      0.00000000	     -2.73386733	     -0.03049740	     -0.77831331	      0.95663688	     -3.35819568	     -6.44483772	     23.12007259	     97.00290388	     -1.41925646	     -4.41941267	     -5.24594518	     22.85027281	     82.02078337
     11.81666670	      2.59961771	     -0.45033687	      6.18470910	      0.64527396	      1.04764527	      0.18881972	     -0.36381417	      3.03073682	    -13.87502343	      6.43879190	      7.07290391	    -11.13105142	      0.00000000	     -1.67268382	     -1.09035391	    -11.51085140	      5.77158490	      5.29818595	     -6.47487523	      0.00000000	     -2.74238563	     -0.03239373	     -0.85451793	      0.98842463	     -3.33217911	     -6.44441371	     23.13264359	     97.01222654	     -1.35972009	     -4.42303123	     -5.23257949	     22.86963635	     82.00843122
     11.83333330	      2.61138911	     -0.44831278	      6.19220275	      0.64515873	      1.04795674	      0.18872030	     -0.34711155	      3.03156941	    -13.87643162	      6.43712232	      7.07138421	    -11.13275787	      0.00000000	     -1.67717593	     -1.08957483	    -11.50878164	      5.76967892	      5.29597584	     -6.47226119	      0.00000000	     -2.74223986	     -0.02885467	     -0.85335771	      0.99163460	     -3.33094726	     -6.44430099	     23.13395903	     97.01271087	     -1.36343262	     -4.42399591	     -5.23212215	     22.86840629	     82.00777131
     11.85000000	      2.61671127	     -0.44600394	      6.19392711	      0.64537804	      1.04827880	      0.18861154	     -0.34064099	      3.03241661	    -13.87640713	      6.43663339	      7.07104118	    -11.13301957	      0.00000000	     -1.67747543	     -1.09132864	    -11.50815625	      5.76889862	      5.29560535	     -6.47171821	      0.00000000	     -2.74228210	     -0.02860247	     -0.85310285	      0.99290595	     -3.33062257	     -6.44426881	     23.13446600	     97.01279848	     -1.36374040	     -4.42410488	     -5.23202010	     22.86827741	     82.00765677
     11.86666670	      2.64560417	     -0.51305234	      6.22803401	      0.64585332	      1.04833056	      0.18828463	     -0.24443525	      3.07011911	    -13.91224945	      6.70500873	      7.01711351	    -11.20008864	      0.00000000	     -1.77295193	     -1.15082020	    -11.37492830	      5.63975152	      5.24144397	     -6.35578577	      0.00000000	     -2.72787978	      0.03326321	     -0.93448172	      1.06696784	     -3.30818809	     -6.44522067	     23.17791279	     97.02722646	     -1.38622487	     -4.40899301	     -5.20695652	     22.85253634	     81.98927521
     11.88333330	      2.63690797	     -0.51674736	      6.23344623	      0.64635026	      1.04807831	      0.18794225	     -0.23776697	      3.06692808	    -13.91226341	      6.70484390	      7.01732073	    -11.20258576	      0.00000000	     -1.78684563	     -1.14735277	    -11.37457177	      5.64416577	      5.24125715	     -6.35437491	      0.00000000	     -2.72980352	      0.03558401	     -0.93708499	      1.06862808	     -3.30828637	     -6.44537888	     23.17883571	     97.02770753	     -1.38724397	     -4.40920762	     -5.20624840	     22.85171128	     81.98863254
     11.90000000	      2.62439698	     -0.52353729	      6.23883418	      0.64669383	      1.04799165	      0.18766390	     -0.23386455	      3.06331403	    -13.91083990	      6.70925581	      7.01746058	    -11.20472353	      0.00000000	     -1.80547586	     -1.14350564	    -11.37371100	      5.64809112	      5.24243328	     -6.35290593	      0.00000000	     -2.72876010	      0.03778387	     -0.94294535	      1.06684517	     -3.30894124	     -6.44570597	     23.17902119	     97.02813799	     -1.38753266	     -4.40805361	     -5.20524375	     22.85126022	     81.98807541
     11.91666670	      2.61177525	     -0.52891111	      6.24130273	      0.64664524	      1.04868559	      0.18771767	     -0.23704131	      3.05999154	    -13.90969120	      6.71283781	      7.01749955	    -11.20497950	      0.00000000	     -1.81320189	     -1.14251788	    -11.37341471	      5.65026173	      5.24302438	     -6.35266724	      0.00000000	     -2.72770520	      0.03840386	     -0.94464793	      1.06593792	     -3.30926370	     -6.44581016	     23.17899154	     97.02821229	     -1.38756244	     -4.40742635	     -5.20496861	     22.85127729	     81.98798499
     11.93333330	      2.63478098	     -0.48870969	      6.25410413	      0.64675126	      1.04903888	      0.18748895	     -0.23696273	      2.94536986	    -13.67831329	      7.00949078	      7.15410261	    -11.28012607	      0.00000000	     -2.09565901	     -1.01800716	    -11.16056566	      5.26485428	      5.45721461	     -6.19272941	      0.00000000	     -2.49483185	      0.11548510	     -1.24035080	      0.97086678	     -3.35115098	     -6.46874427	     23.23620112	     97.05260081	     -1.66542391	     -4.30433820	     -5.13088386	     22.75644007	     81.95691155
     11.95000000	      2.62903067	     -0.49520844	      6.25480692	      0.64545416	      1.04816304	      0.18788273	     -0.26229930	      2.92629820	    -13.66599456	      7.02227193	      7.15805985	    -11.27864577	      0.00000000	     -2.09013477	     -1.02221641	    -11.16028386	      5.25496859	      5.46223623	     -6.19084276	      0.00000000	     -2.48327248	      0.11716856	     -1.24970636	      0.96790118	     -3.35081364	     -6.46886802	     23.23730021	     97.05330365	     -1.66306490	     -4.30441688	     -5.12958112	     22.75819971	     81.95605081
     11.96666670	      2.65816266	     -0.45142458	      6.22073375	      0.64428444	      1.04662411	      0.18812159	     -0.29159451	      2.85467536	    -13.43958988	      7.11532565	      7.26441299	    -11.24797259	      0.00000000	     -2.13973510	     -0.95800419	    -11.12792752	      5.17226658	      5.56487998	     -6.17269534	      0.00000000	     -2.34971990	      0.14239236	     -1.38286555	      0.97174782	     -3.35753280	     -6.47207956	     23.26674642	     97.06152101	     -1.60059433	     -4.30998603	     -5.11245285	     22.79050243	     81.94562773
     11.98333330	      2.66643137	     -0.45166731	      6.21153811	      0.64404896	      1.04661351	      0.18810876	     -0.31343189	      2.84702521	    -13.43429081	      7.12390872	      7.26885590	    -11.24814757	      0.00000000	     -2.10892538	     -0.96383702	    -11.12590302	      5.15529004	      5.56777066	     -6.17176937	      0.00000000	     -2.35005807	      0.14057121	     -1.38208524	      0.97298653	     -3.35769655	     -6.47213130	     23.26777911	     97.06178172	     -1.60639598	     -4.31036154	     -5.11200116	     22.78866547	     81.94527684
     12.00000000	      2.62003590	     -0.37116635	      6.05295221	      0.64485906	      1.04825186	      0.18789516	     -0.25560993	      2.75326895	    -12.82299988	      7.25388143	      7.73994309	    -11.21401626	      0.00000000	     -2.16306359	     -0.83335941	    -11.06551577	      4.96068753	      5.77822251	     -6.07847193	      0.00000000	     -2.23657093	      0.08682428	     -1.47949828	      1.07674752	     -3.34490160	     -6.46860810	     23.37257748	     97.09766171	     -1.87452886	     -4.33607657	     -5.05761248	     22.72534860	     81.89840850
     12.01666670	      2.62187940	     -0.36531428	      6.11165573	      0.64540171	      1.05034013	      0.18753336	     -0.29559355	      2.73933997	    -12.80289017	      7.30039953	      7.73799965	    -11.20694896	      0.00000000	     -2.15181632	     -0.82785550	    -11.06844331	      4.97534432	      5.76785281	     -6.06149868	      0.00000000	     -2.22037830	      0.09111060	     -1.44487570	      1.08250159	     -3.34768215	     -6.46755841	     23.37695345	     97.10136078	     -1.94166013	     -4.33674586	     -5.05499309	     22.70731493	     81.89328896
     12.03333330	      2.66150906	     -0.33451487	      6.15358590	      0.64543612	      1.05149385	      0.18746871	     -0.36444916	      2.69852899	    -12.74575719	      7.37316262	      7.71035044	    -11.17673602	      0.00000000	     -2.19824986	     -0.79113001	    -11.02064050	      5.01265733	      5.73450850	     -5.97405036	      0.00000000	     -2.15183605	      0.08012105	     -1.43700644	      1.00502950	     -3.36957911	     -6.46869670	     23.36258207	     97.11262424	     -2.09295604	     -4.31709971	     -5.04479856	     22.66211104	     81.87679741
     12.05000000	      2.66446837	     -0.32927305	      6.22409046	      0.64466408	      1.05090302	      0.18766853	     -0.37912294	      2.69253452	    -12.72926293	      7.37989044	      7.70200594	    -11.16822991	      0.00000000	     -2.19955211	     -0.77507986	    -11.02237613	      4.99144637	      5.73559412	     -5.96044207	      0.00000000	     -2.14382831	      0.08393592	     -1.41519490	      1.01118453	     -3.36480725	     -6.46739854	     23.36663622	     97.11528020	     -2.12939019	     -4.32033911	     -5.04475469	     22.64818806	     81.87262348
     12.06666670	      2.69207105	     -0.32256173	      6.23125354	      0.64297187	      1.04877394	      0.18836508	     -0.37326644	      2.70005918	    -12.72932447	      7.37233670	      7.70153723	    -11.16755112	      0.00000000	     -2.19092190	     -0.76720909	    -11.02193321	      4.98163707	      5.73633044	     -5.95763868	      0.00000000	     -2.14136517	      0.08419554	     -1.41311085	      1.00752930	     -3.36536530	     -6.46737827	     23.36583281	     97.11570041	     -2.13756773	     -4.32094434	     -5.04484192	     22.64474293	     81.87187875
     12.08333330	      2.73842882	     -0.30679060	      6.23661388	      0.64132696	      1.04719790	      0.18904300	     -0.35225344	      2.71161951	    -12.73148149	      7.35507021	      7.70301087	    -11.16834722	      0.00000000	     -2.16923699	     -0.76604515	    -11.02100675	      4.96659621	      5.73703332	     -5.95489780	      0.00000000	     -2.14369037	      0.08269055	     -1.40885692	      1.00766789	     -3.36551916	     -6.46722800	     23.36601268	     97.11615306	     -2.14468959	     -4.32451669	     -5.04546260	     22.64068027	     81.87098016
     12.10000000	      2.70210121	     -0.31991403	      6.26373029	      0.64139365	      1.04760682	      0.18918947	     -0.28098865	      2.76977372	    -12.76537356	      7.23770776	      7.72824495	    -11.19640898	      0.00000000	     -2.05037660	     -0.80863739	    -10.99094667	      4.95061579	      5.71001032	     -5.90930990	      0.00000000	     -2.29146709	      0.01540364	     -1.33764213	      1.12220122	     -3.34010236	     -6.46103859	     23.39821272	     97.12266472	     -2.13585386	     -4.42276264	     -5.06174121	     22.60427758	     81.85721360
     12.11666670	      2.71105275	     -0.31243915	      6.26344145	      0.64314880	      1.04975688	      0.18859266	     -0.26963495	      2.76827410	    -12.76482941	      7.23546158	      7.72700584	    -11.19719452	      0.00000000	     -2.04385653	     -0.81765980	    -10.98707355	      4.96185371	      5.70365032	     -5.90371167	      0.00000000	     -2.29554780	      0.01427376	     -1.33868764	      1.12744497	     -3.33666976	     -6.46028724	     23.39987011	     97.12335630	     -2.12596392	     -4.42793489	     -5.06271040	     22.60430072	     81.85585683
     12.13333330	      2.69478482	     -0.31526763	      6.27502177	      0.64452725	      1.05160826	      0.18810826	     -0.27247250	      2.75964202	    -12.76225946	      7.24151627	      7.72302092	    -11.19615171	      0.00000000	     -2.05675236	     -0.82438365	    -10.98357364	      4.98088398	      5.69579615	     -5.89738789	      0.00000000	     -2.29635259	      0.01369548	     -1.33525285	      1.13277576	     -3.33288945	     -6.45952394	     23.40165554	     97.12399088	     -2.12452937	     -4.43122633	     -5.06354024	     22.60188630	     81.85459242
     12.15000000	      2.74049763	     -0.29775045	      6.37779563	      0.64465527	      1.05181315	      0.18790913	     -0.34287445	      2.72881605	    -12.74714784	      7.29971748	      7.67381295	    -11.17807526	      0.00000000	     -2.11358664	     -0.81788518	    -10.95583367	      5.06490851	      5.63893601	     -5.83847176	      0.00000000	     -2.24023222	      0.02306803	     -1.30730560	      1.12661215	     -3.31075802	     -6.45518895	     23.40205543	     97.12898313	     -2.17599907	     -4.43185298	     -5.06747172	     22.56470600	     81.84431241
     12.16666670	      2.72295157	     -0.30814675	      6.37969673	      0.64422127	      1.05039922	      0.18799264	     -0.34805791	      2.72256528	    -12.74863808	      7.30000042	      7.67039404	    -11.17786783	      0.00000000	     -2.14283880	     -0.81375077	    -10.95354605	      5.07679061	      5.63668813	     -5.83401958	      0.00000000	     -2.23666827	      0.02224727	     -1.31008976	      1.12241820	     -3.31029720	     -6.45521223	     23.40058043	     97.12933882	     -2.17715837	     -4.43062260	     -5.06759055	     22.56239971	     81.84348390
     12.18333330	      3.08355169	     -0.23063444	      6.49403097	      0.64398678	      1.04893703	      0.18795401	     -0.87975840	      2.69712257	    -12.96077211	      7.06180683	      7.29881093	    -11.25365214	      0.00000000	     -2.67775634	     -0.74613922	    -10.91770151	      4.86817622	      5.77146236	     -5.12901464	      0.00000000	     -2.43540961	     -0.00925299	     -1.55082200	      1.15745390	     -3.25028950	     -6.48406704	     23.23852289	     97.23412477	     -2.09651960	     -4.39991062	     -5.16834220	     22.02312372	     81.57011786
     12.20000000	      3.11464905	     -0.22715481	      6.48811207	      0.64341964	      1.04732158	      0.18811167	     -0.85251752	      2.70487036	    -12.96594182	      7.04685992	      7.30193563	    -11.25700491	      0.00000000	     -2.68543262	     -0.73734577	    -10.91955888	      4.86796477	      5.77560661	     -5.12994945	      0.00000000	     -2.43368231	     -0.00764758	     -1.55219296	      1.15380261	     -3.25145309	     -6.48433926	     23.23668256	     97.23446606	     -2.09713853	     -4.39927947	     -5.16845190	     22.02259917	     81.56919898
     12.21666670	      3.13809384	     -0.22507047	      6.37276905	      0.64333593	      1.04655607	      0.18832215	     -0.80569623	      2.71702347	    -13.03121805	      7.00128539	      7.33039385	    -11.30180979	      0.00000000	     -2.69514208	     -0.72719888	    -10.92491591	      4.85736141	      5.81305346	     -5.13989190	      0.00000000	     -2.45151096	      0.00108981	     -1.56579358	      1.13120468	     -3.25930246	     -6.48640153	     23.22082050	     97.23680053	     -2.08463642	     -4.39963870	     -5.16990310	     22.02332815	     81.56231112
     12.23333330	      3.14996096	     -0.21981493	      6.29257325	      0.64363154	      1.04704660	      0.18845464	     -0.75349831	      2.72993918	    -13.13250758	      6.95734015	      7.35939203	    -11.36924997	      0.00000000	     -2.69075826	     -0.72183384	    -10.94846694	      4.84167287	      5.86266524	     -5.15879199	      0.00000000	     -2.48878081	      0.01089477	     -1.54221004	      1.11803351	     -3.26409633	     -6.48754242	     23.19922460	     97.24074451	     -2.09605585	     -4.39963711	     -5.17267111	     22.01705216	     81.55078450
     12.25000000	      3.17036792	     -0.20744206	      6.29034770	      0.64400715	      1.04812056	      0.18854842	     -0.72963323	      2.73931465	    -13.14064195	      6.94717966	      7.35962507	    -11.37339979	      0.00000000	     -2.69022876	     -0.72037522	    -10.95051610	      4.84271154	      5.86451120	     -5.15969875	      0.00000000	     -2.48955809	      0.01155198	     -1.54045150	      1.11583771	     -3.26485563	     -6.48763414	     23.19697662	     97.24108193	     -2.09624173	     -4.39852848	     -5.17273814	     22.01727250	     81.54980004
     12.26666670	      3.17632352	     -0.20089470	      6.28638273	      0.64425309	      1.04909949	      0.18852436	     -0.72217657	      2.74193508	    -13.14388926	      6.94317743	      7.35939366	    -11.37470426	      0.00000000	     -2.68755230	     -0.72233860	    -10.95075220	      4.84250923	      5.86442001	     -5.15974786	      0.00000000	     -2.48997002	      0.01159402	     -1.54067947	      1.11427944	     -3.26499882	     -6.48764923	     23.19600535	     97.24117836	     -2.09566810	     -4.39811851	     -5.17272909	     22.01760079	     81.54953019
     12.28333330	      3.14859505	     -0.16975285	      6.28026674	      0.64463707	      1.04980174	      0.18873758	     -0.78848109	      2.72780003	    -13.51574455	      6.73211228	      7.07903606	    -11.41759855	      0.00000000	     -2.66621131	     -0.72131684	    -11.09526135	      4.87515979	      5.72129074	     -5.12287294	      0.00000000	     -2.38148863	     -0.08029421	     -1.40222894	      0.93203311	     -3.25871048	     -6.48347134	     23.03153978	     97.26531124	     -2.04873865	     -4.37406772	     -5.18062232	     22.06973360	     81.48098959
     12.30000000	      3.14295567	     -0.17017991	      6.27207922	      0.64473453	      1.05011965	      0.18873745	     -0.80011558	      2.72234218	    -13.51563698	      6.73273652	      7.07646051	    -11.41632504	      0.00000000	     -2.65621317	     -0.72234302	    -11.09299622	      4.87117978	      5.71962946	     -5.12093919	      0.00000000	     -2.38253087	     -0.07736134	     -1.40291062	      0.92857604	     -3.25748345	     -6.48332353	     23.02947867	     97.26557670	     -2.04735050	     -4.37465144	     -5.18072236	     22.07017816	     81.48022131
     12.31666670	      3.13893625	     -0.16909512	      6.27003456	      0.64459802	      1.04995519	      0.18875879	     -0.80312695	      2.72057762	    -13.51558403	      6.73199630	      7.07568507	    -11.41577925	      0.00000000	     -2.65712763	     -0.72381529	    -11.09244121	      4.87126472	      5.71907312	     -5.12041185	      0.00000000	     -2.38233208	     -0.07658201	     -1.40340599	      0.92711214	     -3.25718768	     -6.48328056	     23.02880212	     97.26563992	     -2.04695365	     -4.37462688	     -5.18072169	     22.07034358	     81.48005176
     12.33333330	      3.11933282	     -0.14261324	      6.19442574	      0.64397009	      1.04931511	      0.18889588	     -0.83761306	      2.69453957	    -13.50141523	      6.63305431	      7.02901694	    -11.37336876	      0.00000000	     -2.65016280	     -0.68892880	    -11.07130135	      4.86766428	      5.68546687	     -5.09268932	      0.00000000	     -2.35352108	     -0.04531355	     -1.42585945	      0.86183553	     -3.23941760	     -6.48034322	     22.99768025	     97.26926743	     -2.01235438	     -4.37270518	     -5.18078116	     22.08434702	     81.47052244
     12.35000000	      3.11860718	     -0.12977457	      6.26661986	      0.64288669	      1.04927913	      0.18892008	     -0.88087238	      2.69915738	    -13.46841820	      6.58465583	      6.98528926	    -11.32615201	      0.00000000	     -2.63824779	     -0.67857497	    -11.08122844	      4.84700990	      5.65637739	     -5.08086239	      0.00000000	     -2.30561381	     -0.06487269	     -1.39659480	      0.87051674	     -3.23844597	     -6.47957438	     22.99382287	     97.27225007	     -2.01243730	     -4.36294438	     -5.18025295	     22.08612000	     81.46171292
     12.36666670	      3.09141614	     -0.09268690	      6.28987985	      0.64245816	      1.05083867	      0.18898220	     -1.00509599	      2.69182116	    -13.37426731	      6.36351981	      6.79998413	    -11.12558463	      0.00000000	     -2.63347070	     -0.63369751	    -11.10189528	      4.81075211	      5.46882942	     -5.00243977	      0.00000000	     -2.15937027	     -0.12419437	     -1.36574299	      0.82567829	     -3.23001344	     -6.47717807	     22.94900501	     97.28727874	     -1.94470801	     -4.34386525	     -5.18180627	     22.09580948	     81.41583838
     12.38333330	      3.07432502	     -0.09836553	      6.28809790	      0.64241105	      1.05302253	      0.18911607	     -1.01586346	      2.69117816	    -13.37431083	      6.36913413	      6.79966877	    -11.12536429	      0.00000000	     -2.63112517	     -0.63145907	    -11.10191577	      4.80994154	      5.46849215	     -5.00233015	      0.00000000	     -2.15888570	     -0.12403665	     -1.36582614	      0.82578482	     -3.23002159	     -6.47718192	     22.94901448	     97.28735632	     -1.94427317	     -4.34391920	     -5.18182994	     22.09586057	     81.41558965
     12.40000000	      3.06344380	     -0.10634931	      6.28186488	      0.64217053	      1.05369892	      0.18925921	     -1.03541401	      2.68833650	    -13.37283247	      6.37813425	      6.79771154	    -11.12304900	      0.00000000	     -2.62315290	     -0.62640049	    -11.10169917	      4.80202842	      5.46751264	     -5.00116681	      0.00000000	     -2.15616524	     -0.12271298	     -1.36641917	      0.82608157	     -3.22880721	     -6.47697204	     22.94912671	     97.28759820	     -1.94288590	     -4.34351384	     -5.18182678	     22.09599854	     81.41492353
     12.41666670	      3.08040112	     -0.10923110	      6.26316087	      0.64063474	      1.05174217	      0.18962304	     -1.04982145	      2.68593983	    -13.37087470	      6.38111850	      6.79599929	    -11.11920624	      0.00000000	     -2.60431572	     -0.61736932	    -11.10085315	      4.77970445	      5.46844614	     -4.99952711	      0.00000000	     -2.15156819	     -0.11952416	     -1.36852473	      0.82619275	     -3.22611703	     -6.47642003	     22.94941659	     97.28803291	     -1.94019789	     -4.34231785	     -5.18173749	     22.09636335	     81.41382796
     12.43333330	      3.09903365	     -0.03958355	      5.91003951	      0.63823690	      1.04928740	      0.19054945	     -0.91396875	      2.57863752	    -13.09978687	      6.55786868	      6.84728554	    -10.94650769	      0.00000000	     -2.66652125	     -0.48335043	    -11.22192587	      4.50240680	      5.48946669	     -5.05049885	      0.00000000	     -2.32981907	     -0.14184859	     -1.27289830	      1.08948463	     -3.19874903	     -6.44597671	     23.01840867	     97.31983222	     -1.84482172	     -4.32676485	     -5.19330311	     22.08039603	     81.33109517
     12.45000000	      3.14042333	     -0.01350182	      5.76650367	      0.63678496	      1.04786658	      0.19112851	     -0.82500006	      2.56631515	    -13.05750624	      6.63768875	      7.03652397	    -10.97291006	      0.00000000	     -2.49296555	     -0.49100536	    -11.38454079	      4.63735790	      5.41684563	     -5.14553409	      0.00000000	     -2.57560052	     -0.19721738	     -1.16511553	      1.26902789	     -3.18730124	     -6.40584205	     23.05620703	     97.35197149	     -1.64773881	     -4.35502221	     -5.21383815	     22.12780144	     81.25239307
     12.46666670	      3.18468973	      0.00240836	      5.74166182	      0.63740318	      1.04812833	      0.19088839	     -0.82761030	      2.56627643	    -13.06106264	      6.63768604	      7.03893897	    -10.97470655	      0.00000000	     -2.43968014	     -0.50246947	    -11.38261709	      4.61813504	      5.41507756	     -5.14557254	      0.00000000	     -2.58228894	     -0.19965294	     -1.16422744	      1.27075658	     -3.18770660	     -6.40541434	     23.05660725	     97.35236211	     -1.64628643	     -4.35500460	     -5.21397318	     22.12788917	     81.25138843
     12.48333330	      3.16812396	      0.03829609	      5.56965451	      0.63759407	      1.04920202	      0.19096625	     -0.62992899	      2.51167897	    -13.07245129	      6.82240947	      7.10915871	    -10.98266045	      0.00000000	     -2.20666027	     -0.51092282	    -11.56358601	      4.90782442	      5.18075230	     -5.27318688	      0.00000000	     -2.87909002	     -0.27122259	     -1.03120752	      1.46969260	     -3.18975099	     -6.36531061	     23.12142706	     97.38135746	     -1.46064229	     -4.36174741	     -5.22819613	     22.18606668	     81.17886018
     12.50000000	      3.17735362	      0.04441172	      5.56707697	      0.63780492	      1.05063182	      0.19093384	     -0.62148508	      2.50948382	    -13.07275854	      6.81912818	      7.10974236	    -10.98292587	      0.00000000	     -2.20062268	     -0.51733572	    -11.56338823	      4.90596534	      5.17993811	     -5.27366927	      0.00000000	     -2.87928208	     -0.27127857	     -1.03092009	      1.46945038	     -3.18991796	     -6.36518156	     23.12150404	     97.38147066	     -1.46082876	     -4.36135901	     -5.22818029	     22.18611870	     81.17857614
     12.51666670	      3.19185735	      0.05327900	      5.55452961	      0.63759707	      1.05091080	      0.19104590	     -0.59850856	      2.50150804	    -13.07592980	      6.80913613	      7.11005005	    -10.98294492	      0.00000000	     -2.20386589	     -0.52828692	    -11.56477673	      4.91636721	      5.16999528	     -5.27489443	      0.00000000	     -2.88248252	     -0.27240689	     -1.03019111	      1.46797824	     -3.18980360	     -6.36437416	     23.12164223	     97.38207920	     -1.46068307	     -4.35738890	     -5.22777227	     22.18651691	     81.17713951
     12.53333330	      3.19241235	      0.05317718	      5.55171952	      0.63807680	      1.04977607	      0.19077944	     -0.57627751	      2.50093217	    -13.07828995	      6.80290158	      7.10895098	    -10.98275110	      0.00000000	     -2.22707286	     -0.52647531	    -11.56740594	      4.93555089	      5.16217146	     -5.27587059	      0.00000000	     -2.88554352	     -0.27302729	     -1.02947251	      1.46914765	     -3.18879664	     -6.36378968	     23.12226612	     97.38244476	     -1.45890832	     -4.35468286	     -5.22745444	     22.18720724	     81.17630944
     12.55000000	      3.21330864	      0.05731005	      5.45188660	      0.63831148	      1.04870054	      0.19055667	     -0.43272268	      2.44830512	    -13.25530774	      7.05192366	      7.02314325	    -11.00027468	      0.00000000	     -2.16722783	     -0.54422589	    -11.90061207	      5.17971402	      4.71731933	     -5.49042051	      0.00000000	     -3.00369639	     -0.25040124	     -0.92951734	      1.50726295	     -3.22646304	     -6.33286402	     23.15878358	     97.41299732	     -1.40859989	     -4.25663018	     -5.22151348	     22.22046763	     81.09642485
     12.56666670	      3.20836665	      0.05623167	      5.46064576	      0.63826555	      1.04895537	      0.19058883	     -0.41179771	      2.45331786	    -13.25559241	      7.04641837	      7.02286505	    -11.00032536	      0.00000000	     -2.19636170	     -0.53621283	    -11.90157245	      5.19383631	      4.71551646	     -5.49238820	      0.00000000	     -3.00021602	     -0.24859313	     -0.92793630	      1.50680695	     -3.22564280	     -6.33244449	     23.15914024	     97.41330411	     -1.40990880	     -4.25564181	     -5.22144007	     22.22042298	     81.09563254
     12.58333330	      3.20541521	      0.05674995	      5.47522607	      0.63735753	      1.05053048	      0.19108425	     -0.38902194	      2.45839920	    -13.25623333	      7.04278384	      7.02195063	    -11.00057670	      0.00000000	     -2.22680495	     -0.52702414	    -11.90429679	      5.20665342	      4.71367940	     -5.49590579	      0.00000000	     -2.99149292	     -0.24453375	     -0.92651703	      1.50336121	     -3.22488672	     -6.33194059	     23.15896731	     97.41372346	     -1.41389634	     -4.25213343	     -5.22101577	     22.22002161	     81.09457413
     12.60000000	      3.20518773	      0.05867063	      5.49732470	      0.63615974	      1.05228832	      0.19169816	     -0.36225777	      2.46280484	    -13.25348843	      7.03967589	      7.02026426	    -10.99931671	      0.00000000	     -2.25937830	     -0.51862679	    -11.90767988	      5.21557192	      4.71271277	     -5.50006073	      0.00000000	     -2.98051457	     -0.23910260	     -0.92656740	      1.49907426	     -3.22279594	     -6.33119163	     23.15882396	     97.41423879	     -1.41658509	     -4.24707749	     -5.22029817	     22.22019558	     81.09337325
     12.61666670	      3.21610052	      0.06038765	      5.61000193	      0.63563689	      1.05323956	      0.19184495	     -0.33727739	      2.46039853	    -13.19354105	      7.09745671	      7.00268812	    -10.97497074	      0.00000000	     -2.32273073	     -0.50657985	    -11.91431164	      5.16837470	      4.71592954	     -5.52395162	      0.00000000	     -2.92745646	     -0.20783476	     -0.95338871	      1.48077713	     -3.19057640	     -6.32345703	     23.16187479	     97.41863396	     -1.38776893	     -4.21250336	     -5.21401876	     22.23337008	     81.08382572
     12.63333330	      3.21184872	      0.05958078	      5.61926468	      0.63568714	      1.05339720	      0.19188900	     -0.31127344	      2.46665981	    -13.18854181	      7.08941380	      7.00261117	    -10.97285835	      0.00000000	     -2.35195583	     -0.50060843	    -11.91290219	      5.17517019	      4.71678721	     -5.52475455	      0.00000000	     -2.92670739	     -0.20680697	     -0.95725062	      1.47914627	     -3.18908013	     -6.32307779	     23.16189393	     97.41893750	     -1.38468039	     -4.21047872	     -5.21352571	     22.23425848	     81.08312721
     12.65000000	      3.20056489	      0.05853206	      5.63468182	      0.63592239	      1.05346215	      0.19188865	     -0.29399803	      2.47272595	    -13.17790535	      7.08722408	      7.00227029	    -10.96855539	      0.00000000	     -2.37905725	     -0.49654739	    -11.91080494	      5.17638909	      4.71961365	     -5.52560385	      0.00000000	     -2.92652176	     -0.20491638	     -0.96240275	      1.47811189	     -3.18595867	     -6.32243569	     23.16220007	     97.41933052	     -1.37982486	     -4.20723207	     -5.21275682	     22.23559880	     81.08231450
     12.66666670	      3.19263507	      0.02651860	      5.68442316	      0.63608288	      1.05347858	      0.19190652	     -0.31146266	      2.53159049	    -12.79805038	      7.06844146	      7.08323270	    -10.84861077	      0.00000000	     -2.52832984	     -0.48812641	    -11.65323923	      4.88786724	      4.86262233	     -5.49652334	      0.00000000	     -2.89974139	     -0.12899462	     -1.11904546	      1.48080227	     -3.11245089	     -6.30267698	     23.19669084	     97.44149793	     -1.39266175	     -4.15377520	     -5.18491686	     22.20192152	     81.02788865
     12.68333330	      3.18558042	      0.02500556	      5.68708900	      0.63589562	      1.05308351	      0.19199670	     -0.31219125	      2.53210669	    -12.79742384	      7.06847553	      7.08342384	    -10.84838387	      0.00000000	     -2.53602085	     -0.48700161	    -11.65356079	      4.89091770	      4.86284860	     -5.49672009	      0.00000000	     -2.89992435	     -0.12910053	     -1.11953256	      1.48060083	     -3.11260643	     -6.30266326	     23.19661265	     97.44156801	     -1.39274446	     -4.15336865	     -5.18480184	     22.20181914	     81.02771262
     12.70000000	      3.18066685	      0.02554395	      5.69055525	      0.63564408	      1.05235522	      0.19205184	     -0.31243522	      2.53397449	    -12.79627948	      7.06817561	      7.08371709	    -10.84792418	      0.00000000	     -2.54345402	     -0.48646352	    -11.65391419	      4.89348263	      4.86334743	     -5.49693003	      0.00000000	     -2.90020389	     -0.12925946	     -1.12011386	      1.48018400	     -3.11260559	     -6.30262623	     23.19642944	     97.44164448	     -1.39291697	     -4.15273357	     -5.18464601	     22.20166782	     81.02753339
     12.71666670	      3.20402399	      0.02230073	      5.80188261	      0.63524127	      1.05176216	      0.19220770	     -0.33293564	      2.56521098	    -12.71902900	      7.07030637	      7.11400853	    -10.83008141	      0.00000000	     -2.53986454	     -0.50738878	    -11.65980244	      4.88423266	      4.90510372	     -5.51003443	      0.00000000	     -2.92683460	     -0.14526312	     -1.16174774	      1.46765774	     -3.10415360	     -6.29984801	     23.18920644	     97.44571425	     -1.37599650	     -4.12291702	     -5.17645003	     22.20137160	     81.01817973
     12.73333330	      3.20462495	      0.02407568	      5.80154447	      0.63530457	      1.05168720	      0.19217665	     -0.33080396	      2.56560137	    -12.71812350	      7.06894300	      7.11482493	    -10.83003980	      0.00000000	     -2.54219511	     -0.50928991	    -11.65918492	      4.88583179	      4.90572170	     -5.50998831	      0.00000000	     -2.92761421	     -0.14515013	     -1.16292978	      1.46727067	     -3.10396066	     -6.29980212	     23.18896836	     97.44578927	     -1.37519230	     -4.12269695	     -5.17633540	     22.20145863	     81.01799548
