Coordinates
version=1
nRows=916
nColumns=34
inDegrees=yes

Units are S.I. units (second, meters, Newtons, ...)
If the header above contains a line with 'inDegrees', this indicates whether rotational values are in degrees (yes) or radians (no).

endheader
time	pelvis_tilt	pelvis_list	pelvis_rotation	pelvis_tx	pelvis_ty	pelvis_tz	hip_flexion_r	hip_adduction_r	hip_rotation_r	knee_angle_r	ankle_angle_r	subtalar_angle_r	mtp_angle_r	hip_flexion_l	hip_adduction_l	hip_rotation_l	knee_angle_l	ankle_angle_l	subtalar_angle_l	mtp_angle_l	lumbar_extension	lumbar_bending	lumbar_rotation	arm_flex_r	arm_add_r	arm_rot_r	elbow_flex_r	pro_sup_r	arm_flex_l	arm_add_l	arm_rot_l	elbow_flex_l	pro_sup_l
0.000000	1.398543	-2.201895	0.602149	0.866061	0.925999	-0.077724	2.225324	-2.806073	-7.841166	4.003502	1.888161	-6.910191	0.000000	1.742222	-7.499286	-8.491404	2.752570	5.608694	-4.435251	0.000000	-5.406122	2.637226	-5.604483	13.281140	-11.458974	18.776707	30.861979	85.884500	13.843828	-8.317943	8.843202	34.297350	80.976226
0.016667	0.447893	-1.375586	0.406694	0.867835	0.924646	-0.077525	2.844408	-3.432015	-8.345478	3.031240	2.878819	-5.549295	0.000000	2.270234	-6.444285	-10.381978	2.145234	5.871795	-3.166045	0.000000	-3.612646	1.768366	-4.852829	13.295478	-11.395477	17.811791	30.758746	85.793514	14.554042	-8.064550	7.169420	33.003187	80.529080
0.033333	-0.358967	-0.655490	0.263202	0.869129	0.923511	-0.077363	3.334142	-3.983020	-8.800897	2.129460	3.672477	-4.376004	0.000000	2.704407	-5.523950	-12.003944	1.557407	6.011925	-2.055317	0.000000	-2.111900	1.020667	-4.136064	13.499568	-11.382040	17.015608	30.756697	85.729945	15.326540	-7.919444	5.798929	32.050214	80.146124
0.050000	-0.943621	-0.113900	0.208721	0.869710	0.922750	-0.077246	3.633159	-4.401593	-9.182541	1.357908	4.173349	-3.494380	0.000000	3.007300	-4.826487	-13.201157	1.019455	5.969599	-1.190171	0.000000	-1.059949	0.474216	-3.487615	13.997149	-11.445402	16.478976	30.923843	85.703309	16.202394	-7.928209	4.871015	31.608078	79.857867
0.066667	-1.303138	0.231065	0.251771	0.869640	0.922398	-0.077150	3.754562	-4.665395	-9.501337	0.754189	4.393587	-2.905378	0.000000	3.198309	-4.372667	-13.968053	0.571181	5.751486	-0.568634	0.000000	-0.457183	0.142893	-2.927791	14.780968	-11.582629	16.204632	31.290564	85.706676	17.185954	-8.069559	4.345312	31.662318	79.654624
0.083333	-1.477425	0.408415	0.374770	0.869124	0.922373	-0.077041	3.748677	-4.790461	-9.793457	0.329931	4.403183	-2.541288	0.000000	3.316120	-4.128420	-14.403839	0.244638	5.405287	-0.129269	0.000000	-0.217110	-0.014655	-2.454914	15.779081	-11.776048	16.148902	31.866861	85.733979	18.251360	-8.291636	4.087378	32.121125	79.487405
0.100000	-1.517268	0.468041	0.549919	0.868376	0.922534	-0.076931	3.667500	-4.814967	-10.095240	0.072219	4.286119	-2.315114	0.000000	3.389486	-4.034637	-14.634496	0.045439	5.003407	0.204372	0.000000	-0.231555	-0.058632	-2.054799	16.906568	-12.010222	16.260383	32.650105	85.790098	19.352952	-8.543320	3.950915	32.897062	79.280206
0.116667	-1.468864	0.457326	0.754767	0.867596	0.922762	-0.076872	3.546618	-4.779028	-10.427460	-0.052957	4.108457	-2.156387	0.000000	3.431905	-4.032749	-14.761289	-0.049026	4.616588	0.494644	0.000000	-0.400237	-0.039255	-1.716285	18.092451	-12.278048	16.497941	33.621206	85.890965	20.434074	-8.787528	3.819842	33.931020	78.945658
0.133333	-1.372025	0.411084	0.978363	0.866968	0.923043	-0.076930	3.406817	-4.714345	-10.791669	-0.090341	3.903028	-2.026653	0.000000	3.452037	-4.077425	-14.846981	-0.074773	4.283260	0.779765	0.000000	-0.634825	0.011526	-1.436863	19.288967	-12.573047	16.827615	34.726680	86.056857	21.441909	-9.002030	3.624464	35.173169	78.406759
0.150000	-1.267120	0.350983	1.218933	0.866635	0.923451	-0.077135	3.269291	-4.642030	-11.170655	-0.081397	3.677635	-1.923316	0.000000	3.468174	-4.139212	-14.917997	-0.065218	4.005731	1.070235	0.000000	-0.850916	0.076699	-1.219656	20.472687	-12.873230	17.205828	35.858037	86.299579	22.345696	-9.175395	3.346114	36.541420	77.631561
0.166667	-1.189887	0.288207	1.478910	0.866657	0.924041	-0.077440	3.155389	-4.572630	-11.537384	-0.055743	3.435443	-1.866323	0.000000	3.503411	-4.202811	-14.974845	-0.043675	3.769858	1.356637	0.000000	-0.978052	0.147234	-1.063611	21.632444	-13.143048	17.575112	36.880999	86.606822	23.149684	-9.302135	3.013510	37.911029	76.672765
0.183333	-1.153522	0.227069	1.760364	0.866978	0.924762	-0.077748	3.069176	-4.507989	-11.870584	-0.030112	3.190236	-1.871279	0.000000	3.564944	-4.263353	-15.009144	-0.022997	3.564154	1.629080	0.000000	-0.987060	0.215480	-0.951994	22.752874	-13.357344	17.880354	37.708257	86.934735	23.894235	-9.378865	2.689383	39.151486	75.681005
0.200000	-1.147466	0.169275	2.061122	0.867432	0.925487	-0.077956	2.996832	-4.445993	-12.162072	-0.011407	2.965347	-1.935069	0.000000	3.641336	-4.320950	-15.016819	-0.008256	3.386331	1.889391	0.000000	-0.893368	0.272436	-0.856121	23.815916	-13.513954	18.089338	38.334542	87.227925	24.635453	-9.405486	2.441726	40.175077	74.839925
0.216667	-1.155167	0.117245	2.371556	0.867851	0.926087	-0.077993	2.924601	-4.385599	-12.412217	-0.000607	2.783140	-2.038881	0.000000	3.718067	-4.375874	-15.004789	0.000056	3.239238	2.148336	0.000000	-0.731167	0.309229	-0.753184	24.814029	-13.624837	18.205521	38.814467	87.456253	25.411606	-9.390354	2.310176	40.967394	74.255132
0.233333	-1.167005	0.074419	2.673018	0.868197	0.926438	-0.077826	2.848924	-4.328199	-12.622598	0.004015	2.661746	-2.154104	0.000000	3.785550	-4.427442	-14.992581	0.003473	3.126061	2.417293	0.000000	-0.528399	0.319980	-0.634958	25.751922	-13.704729	18.262481	39.224906	87.627413	26.228424	-9.351745	2.298578	41.575550	73.918247
0.250000	-1.178449	0.043000	2.942001	0.868592	0.926473	-0.077472	2.769595	-4.275306	-12.795972	0.004839	2.613922	-2.248740	0.000000	3.833426	-4.476038	-15.006076	0.003946	3.048464	2.708514	0.000000	-0.300250	0.303731	-0.502168	26.634204	-13.769729	18.306282	39.637723	87.772499	27.068977	-9.312534	2.397516	42.068332	73.758461
0.266667	-1.182123	0.022664	3.158137	0.869213	0.926316	-0.077003	2.678703	-4.226934	-12.942300	0.003874	2.639383	-2.295186	0.000000	3.843490	-4.523700	-15.067822	0.003077	3.006328	3.041179	0.000000	-0.057074	0.264668	-0.357173	27.453116	-13.840499	18.382807	40.107264	87.930823	27.904175	-9.292391	2.606866	42.507651	73.695920
0.283333	-1.167528	0.012158	3.308064	0.870135	0.926220	-0.076508	2.563202	-4.183057	-13.078817	0.002430	2.721844	-2.275498	0.000000	3.794738	-4.571151	-15.191165	0.001888	2.998883	3.432993	0.000000	0.190293	0.210324	-0.200695	28.190501	-13.936595	18.527218	40.663011	88.136837	28.698976	-9.302423	2.935987	42.934498	73.667461
0.300000	-1.131137	0.011010	3.385947	0.871259	0.926311	-0.076045	2.421036	-4.145298	-13.222169	0.001178	2.835082	-2.186962	0.000000	3.680566	-4.615247	-15.373889	0.000887	3.022173	3.873616	0.000000	0.436822	0.148909	-0.033658	28.835531	-14.060487	18.746879	41.295562	88.401908	29.424247	-9.341595	3.379549	43.359574	73.637506
0.316667	-1.085062	0.019109	3.394951	0.872379	0.926480	-0.075637	2.272200	-4.116507	-13.381621	0.000344	2.951531	-2.045824	0.000000	3.521832	-4.650060	-15.592080	0.000235	3.062704	4.307505	0.000000	0.690881	0.087641	0.137740	29.400392	-14.188048	19.010924	41.948692	88.702836	30.070023	-9.395158	3.897168	43.763867	73.599004
0.333333	-1.050571	0.035860	3.347413	0.873341	0.926582	-0.075299	2.148536	-4.099697	-13.559752	-0.000094	3.053010	-1.873531	0.000000	3.357617	-4.669934	-15.811524	-0.000098	3.100373	4.661079	0.000000	0.966729	0.031921	0.302138	29.912071	-14.286511	19.273126	42.550598	89.001841	30.646358	-9.444018	4.442607	44.118662	73.563501
0.350000	-1.040805	0.060276	3.262141	0.874118	0.926610	-0.075057	2.069820	-4.097505	-13.756908	-0.000249	3.139167	-1.672842	0.000000	3.219586	-4.671759	-16.011570	-0.000209	3.121744	4.894803	0.000000	1.268106	-0.015317	0.449383	30.385067	-14.347008	19.513285	43.066926	89.284524	31.168296	-9.481623	5.020075	44.412476	73.545820
0.366667	-1.053333	0.091144	3.160290	0.874763	0.926670	-0.074923	2.032891	-4.111367	-13.971845	-0.000246	3.223020	-1.426731	0.000000	3.118158	-4.655636	-16.191943	-0.000198	3.125916	5.019257	0.000000	1.583812	-0.053627	0.574173	30.807976	-14.388972	19.745933	43.513367	89.567603	31.639637	-9.516591	5.685324	44.657434	73.555009
0.383333	-1.077211	0.126626	3.060575	0.875301	0.926848	-0.074858	2.021891	-4.139920	-14.197495	-0.000178	3.314224	-1.128129	0.000000	3.049223	-4.624690	-16.359555	-0.000140	3.118886	5.069362	0.000000	1.894134	-0.083945	0.673444	31.158735	-14.430415	19.988129	43.921731	89.867808	32.050011	-9.555592	6.474078	44.875600	73.592599
0.400000	-1.101014	0.163719	2.975433	0.875682	0.927122	-0.074797	2.022050	-4.177987	-14.416946	-0.000102	3.405263	-0.807746	0.000000	3.004808	-4.584741	-16.515854	-0.000079	3.107715	5.077869	0.000000	2.176641	-0.106827	0.741267	31.424032	-14.462947	20.227487	44.306733	90.171510	32.380456	-9.588593	7.336110	45.086997	73.653472
0.416667	-1.117111	0.198527	2.909689	0.875839	0.927386	-0.074686	2.026308	-4.217913	-14.610394	-0.000043	3.476664	-0.518867	0.000000	2.978999	-4.543299	-16.656843	-0.000032	3.097755	5.067258	0.000000	2.410664	-0.122018	0.769095	31.600785	-14.460603	20.428228	44.668821	90.444478	32.610793	-9.599367	8.171557	45.311387	73.731620
0.433333	-1.124235	0.227507	2.861546	0.875781	0.927567	-0.074512	2.035886	-4.252578	-14.770477	-0.000007	3.515444	-0.292254	0.000000	2.970519	-4.507601	-16.781239	-0.000004	3.090889	5.053398	0.000000	2.581447	-0.129492	0.752832	31.686669	-14.408615	20.564845	45.020027	90.669434	32.728211	-9.590929	8.935859	45.575704	73.828003
0.450000	-1.125752	0.248651	2.826009	0.875613	0.927681	-0.074284	2.054655	-4.277568	-14.904990	0.000010	3.523550	-0.120071	0.000000	2.980113	-4.482738	-16.893479	0.000009	3.085319	5.048208	0.000000	2.683565	-0.129852	0.696526	31.675276	-14.315842	20.638461	45.386791	90.858884	32.730572	-9.589361	9.667654	45.907136	73.949446
0.466667	-1.123949	0.262235	2.799144	0.875481	0.927765	-0.074033	2.080813	-4.292120	-15.023642	0.000014	3.511727	0.020090	0.000000	3.004456	-4.470378	-16.999591	0.000011	3.077412	5.055922	0.000000	2.722387	-0.124367	0.610102	31.563065	-14.202376	20.667398	45.778615	91.031987	32.624860	-9.614533	10.410200	46.305681	74.096199
0.483333	-1.116267	0.270775	2.779499	0.875496	0.927780	-0.073799	2.104164	-4.299159	-15.126767	0.000012	3.492101	0.139774	0.000000	3.033197	-4.468628	-17.103181	0.000010	3.064613	5.069636	0.000000	2.711721	-0.115180	0.506938	31.360815	-14.084269	20.675063	46.160178	91.190756	32.426999	-9.650824	11.134804	46.720914	74.251158
0.500000	-1.097775	0.277390	2.766774	0.875681	0.927639	-0.073616	2.112117	-4.303404	-15.208871	0.000008	3.474870	0.237524	0.000000	3.052696	-4.473853	-17.205079	0.000006	3.047860	5.077298	0.000000	2.669166	-0.103899	0.400911	31.092681	-13.970521	20.681034	46.468880	91.322114	32.158733	-9.658957	11.760337	47.073331	74.388721
0.516667	-1.067241	0.283806	2.760674	0.876011	0.927311	-0.073490	2.098361	-4.308411	-15.271141	0.000004	3.467155	0.312883	0.000000	3.053340	-4.483081	-17.305886	0.000003	3.032540	5.073941	0.000000	2.611384	-0.089693	0.302231	30.782653	-13.867819	20.693992	46.663507	91.417955	31.840587	-9.617070	12.239835	47.306612	74.497884
0.533333	-1.029031	0.290245	2.760455	0.876480	0.926882	-0.073398	2.064675	-4.315356	-15.326247	0.000001	3.472979	0.375073	0.000000	3.032533	-4.494612	-17.408145	0.000001	3.027304	5.067568	0.000000	2.551049	-0.070315	0.215771	30.444006	-13.781912	20.711075	46.743508	91.485738	31.487868	-9.538232	12.601648	47.406073	74.593231
0.550000	-0.989045	0.296829	2.764529	0.877125	0.926523	-0.073312	2.014641	-4.323983	-15.392922	-0.000000	3.494508	0.441079	0.000000	2.990764	-4.507048	-17.517043	-0.000000	3.041006	5.076179	0.000000	2.498028	-0.044853	0.143256	30.075994	-13.713828	20.722783	46.729510	91.543515	31.109101	-9.454560	12.922848	47.375240	74.708664
0.566667	-0.950995	0.304217	2.769649	0.878007	0.926344	-0.073209	1.948665	-4.333439	-15.489408	-0.000001	3.534541	0.531332	0.000000	2.927464	-4.518893	-17.639945	-0.000001	3.080034	5.121911	0.000000	2.462338	-0.014857	0.086150	29.666916	-13.658293	20.717541	46.642938	91.612418	30.707626	-9.398589	13.292077	47.214681	74.886608
0.583333	-0.916795	0.313139	2.770062	0.879139	0.926337	-0.073065	1.866581	-4.342358	-15.626969	-0.000001	3.597657	0.663308	0.000000	2.842344	-4.529067	-17.783023	-0.000001	3.146755	5.223001	0.000000	2.451715	0.016027	0.046104	29.206232	-13.607407	20.685259	46.499869	91.709985	30.289228	-9.393599	13.777052	46.920909	75.163247
0.600000	-0.887430	0.324121	2.758320	0.880418	0.926457	-0.072856	1.771908	-4.349270	-15.801036	-0.000001	3.685933	0.838987	0.000000	2.738457	-4.537040	-17.944681	-0.000000	3.236751	5.380207	0.000000	2.463964	0.043290	0.022516	28.698716	-13.555756	20.624268	46.314177	91.840931	29.863591	-9.445707	14.384460	46.499697	75.543126
0.616667	-0.861860	0.337429	2.728034	0.881645	0.926695	-0.072566	1.671259	-4.352993	-15.987711	-0.000000	3.792741	1.035187	0.000000	2.621719	-4.542642	-18.111914	-0.000000	3.336674	5.567101	0.000000	2.484376	0.063724	0.009717	28.167616	-13.502574	20.548005	46.101387	91.990561	29.434984	-9.538852	15.035140	45.977791	75.979851
0.633333	-0.838318	0.352815	2.676711	0.882658	0.927033	-0.072206	1.572631	-4.352590	-16.158447	-0.000000	3.905665	1.217798	0.000000	2.500182	-4.546042	-18.268135	-0.000000	3.429406	5.746821	0.000000	2.495942	0.076438	-0.001454	27.644183	-13.449339	20.477848	45.873111	92.134003	29.003207	-9.643087	15.607252	45.388274	76.402163
0.650000	-0.818160	0.369564	2.606540	0.883413	0.927403	-0.071810	1.485538	-4.347666	-16.302051	-0.000000	4.016723	1.371381	0.000000	2.384913	-4.547521	-18.406260	-0.000000	3.504440	5.904447	0.000000	2.493054	0.081765	-0.017787	27.153530	-13.396482	20.425566	45.627355	92.256020	28.577159	-9.731934	16.023006	44.741170	76.770180
0.666667	-0.805895	0.386763	2.522382	0.883938	0.927744	-0.071420	1.420006	-4.338691	-16.427251	0.000000	4.125145	1.506191	0.000000	2.287965	-4.547175	-18.530596	0.000000	3.562150	6.052538	0.000000	2.481590	0.080464	-0.039895	26.708914	-13.344234	20.387655	45.352630	92.357746	28.177112	-9.792231	16.281321	44.025854	77.092048
0.683333	-0.804693	0.403612	2.428484	0.884229	0.928023	-0.071065	1.383451	-4.326951	-16.546247	0.000000	4.230581	1.635990	0.000000	2.217124	-4.544790	-18.646840	0.000000	3.608633	6.204684	0.000000	2.465345	0.074308	-0.063162	26.315589	-13.297072	20.355558	45.048621	92.445968	27.821172	-9.825834	16.423059	43.255011	77.388296
0.700000	-0.812417	0.419877	2.326561	0.884242	0.928230	-0.070762	1.377161	-4.314452	-16.660887	0.000000	4.327147	1.757023	0.000000	2.171947	-4.539791	-18.753568	0.000000	3.648039	6.352345	0.000000	2.435950	0.066413	-0.081046	25.975314	-13.266170	20.326139	44.742398	92.521694	27.512030	-9.849489	16.491855	42.500441	77.655503
0.716667	-0.822858	0.435903	2.216799	0.883966	0.928363	-0.070516	1.396333	-4.303531	-16.763626	0.000000	4.405691	1.853021	0.000000	2.145770	-4.531576	-18.844446	0.000000	3.680206	6.471822	0.000000	2.379263	0.060355	-0.088684	25.688648	-13.263951	20.301790	44.475183	92.580041	27.240581	-9.885967	16.518450	41.862296	77.869340
0.733333	-0.831291	0.452017	2.100310	0.883455	0.928425	-0.070330	1.435069	-4.296255	-16.847830	0.000000	4.461125	1.917456	0.000000	2.132650	-4.520031	-18.917143	0.000000	3.704345	6.550170	0.000000	2.289665	0.058755	-0.084850	25.458288	-13.294831	20.283251	44.269831	92.617928	27.004355	-9.947594	16.520583	41.396719	78.014811
0.750000	-0.836942	0.468370	1.980119	0.882802	0.928434	-0.070205	1.489385	-4.294258	-16.913963	0.000000	4.494916	1.964138	0.000000	2.130405	-4.505435	-18.978179	0.000000	3.722126	6.596892	0.000000	2.174092	0.062466	-0.069950	25.289818	-13.353529	20.265771	44.116394	92.637874	26.814695	-10.030268	16.506849	41.088274	78.101067
0.766667	-0.840252	0.485327	1.860015	0.882090	0.928433	-0.070127	1.555198	-4.298727	-16.968390	0.000000	4.511581	2.020445	0.000000	2.137501	-4.487978	-19.041741	0.000000	3.737471	6.635447	0.000000	2.045668	0.070574	-0.041832	25.188040	-13.430501	20.241320	43.982400	92.645493	26.686194	-10.121045	16.479463	40.877840	78.152082
0.783333	-0.840663	0.503370	1.743054	0.881366	0.928446	-0.070072	1.626896	-4.309965	-17.019820	-0.000000	4.515719	2.116882	0.000000	2.150836	-4.467856	-19.125625	-0.000000	3.755460	6.691929	0.000000	1.917329	0.080756	0.004842	25.155134	-13.516044	20.201812	43.828670	92.646423	26.628914	-10.205325	16.436906	40.697120	78.194248
0.800000	-0.837552	0.522516	1.631558	0.880664	0.928449	-0.070015	1.698945	-4.327020	-17.075576	-0.000000	4.511571	2.276365	0.000000	2.167306	-4.445826	-19.244001	-0.000000	3.780717	6.786554	0.000000	1.797907	0.090087	0.074558	25.190716	-13.602467	20.141648	43.623988	92.644923	26.647656	-10.270806	16.377092	40.492344	78.248362
0.816667	-0.832296	0.541856	1.529417	0.880023	0.928407	-0.069945	1.768011	-4.347786	-17.137718	-0.000000	4.503828	2.498349	0.000000	2.186509	-4.423447	-19.396001	-0.000000	3.814664	6.923389	0.000000	1.690681	0.096510	0.164551	25.288019	-13.686480	20.061238	43.363140	92.643422	26.737678	-10.313018	16.301602	40.244071	78.322672
0.833333	-0.828720	0.559309	1.444791	0.879480	0.928303	-0.069880	1.832867	-4.369194	-17.200526	-0.000000	4.497806	2.746642	0.000000	2.211251	-4.402972	-19.557446	-0.000000	3.853224	7.082536	0.000000	1.596217	0.099908	0.260200	25.428768	-13.769046	19.970119	43.080454	92.642665	26.879025	-10.338374	16.219363	39.978771	78.408772
0.850000	-0.830722	0.572398	1.387989	0.879082	0.928134	-0.069851	1.892097	-4.388092	-17.253921	-0.000000	4.497321	2.966109	0.000000	2.244138	-4.386683	-19.692518	-0.000000	3.888629	7.230165	0.000000	1.515895	0.101657	0.341245	25.586857	-13.851992	19.883041	42.832454	92.642301	27.041672	-10.359166	16.143537	39.749129	78.488331
0.866667	-0.839327	0.579831	1.364610	0.878875	0.927924	-0.069885	1.942820	-4.402961	-17.291702	-0.000000	4.502368	3.120203	0.000000	2.283638	-4.375694	-19.779622	-0.000000	3.914865	7.342085	0.000000	1.450477	0.103374	0.395077	25.738583	-13.934943	19.810203	42.656777	92.641617	27.198335	-10.384265	16.082992	39.591055	78.547703
0.883333	-0.851961	0.581935	1.372670	0.878868	0.927719	-0.069998	1.981140	-4.414491	-17.315762	-0.000000	4.509797	3.205594	0.000000	2.323791	-4.369447	-19.821354	-0.000000	3.930876	7.414332	0.000000	1.396743	0.106272	0.420231	25.865940	-14.014132	19.752647	42.554499	92.639833	27.328929	-10.413779	16.038916	39.504286	78.584740
0.900000	-0.863721	0.579672	1.406770	0.879029	0.927542	-0.070195	2.002557	-4.424349	-17.334515	-0.000000	4.515729	3.237249	0.000000	2.356788	-4.366483	-19.833349	-0.000000	3.939797	7.456572	0.000000	1.347182	0.111381	0.419631	25.955373	-14.084274	19.703715	42.504661	92.635761	27.418205	-10.441240	16.007224	39.465719	78.605025
0.916667	-0.868779	0.573664	1.462256	0.879293	0.927349	-0.070473	2.002350	-4.433598	-17.360434	-0.000000	4.517136	3.231684	0.000000	2.375325	-4.365542	-19.831069	-0.000000	3.947417	7.483978	0.000000	1.292368	0.119900	0.395453	26.000084	-14.142052	19.650697	42.482142	92.627379	27.456187	-10.459312	15.980560	39.446748	78.616818
0.933333	-0.861039	0.563836	1.534809	0.879558	0.927055	-0.070814	1.976377	-4.441808	-17.407117	-0.000000	4.512269	3.199845	0.000000	2.373218	-4.366126	-19.823844	-0.000000	3.960969	7.511976	0.000000	1.224681	0.133093	0.348956	26.000089	-14.185406	19.578306	42.467083	92.612092	27.437531	-10.462657	15.950301	39.422393	78.628042
0.950000	-0.835545	0.549820	1.618465	0.879709	0.926621	-0.071187	1.923174	-4.447250	-17.483937	-0.000000	4.500752	3.147112	0.000000	2.346480	-4.368196	-19.814787	0.000000	3.987373	7.551620	0.000000	1.140438	0.151939	0.282568	25.958005	-14.210496	19.475371	42.448103	92.587888	27.358335	-10.447882	15.910000	39.375123	78.644281
0.966667	-0.791962	0.532007	1.704986	0.879676	0.926091	-0.071557	1.847791	-4.448384	-17.588287	0.000000	4.484358	3.077737	0.000000	2.296807	-4.371206	-19.803803	0.000000	4.030326	7.605356	0.000000	1.039323	0.176240	0.202112	25.876834	-14.213993	19.342641	42.421027	92.555185	27.215360	-10.414271	15.859420	39.296245	78.667402
0.983333	-0.736844	0.512250	1.784953	0.879487	0.925513	-0.071898	1.762818	-4.445587	-17.701113	0.000000	4.468131	2.998714	0.000000	2.233642	-4.373578	-19.790489	0.000000	4.088289	7.665128	0.000000	0.925234	0.203891	0.117421	25.760213	-14.197933	19.196759	42.385578	92.518030	27.006954	-10.364881	15.806555	39.184726	78.695143
1.000000	-0.680170	0.492912	1.851998	0.879268	0.924916	-0.072213	1.681527	-4.441031	-17.795511	0.000000	4.459584	2.916904	0.000000	2.169805	-4.373797	-19.773671	0.000000	4.157765	7.717807	0.000000	0.807821	0.232673	0.037303	25.611179	-14.167787	19.060529	42.341369	92.481822	26.732762	-10.304757	15.762046	39.039718	78.723211
1.016667	-0.629517	0.475021	1.907377	0.879187	0.924372	-0.072533	1.609551	-4.436852	-17.852834	0.000000	4.465717	2.832866	0.000000	2.114684	-4.372073	-19.748711	0.000000	4.238883	7.755240	0.000000	0.699840	0.262970	-0.039086	25.430004	-14.125361	18.944666	42.284006	92.448791	26.394329	-10.236967	15.728784	38.850578	78.748851
1.033333	-0.588973	0.458025	1.959447	0.879364	0.924003	-0.072898	1.545445	-4.434346	-17.868226	0.000000	4.490621	2.741427	0.000000	2.072977	-4.369985	-19.707717	0.000000	4.334839	7.777726	0.000000	0.612707	0.297177	-0.123377	25.215657	-14.066352	18.841802	42.203319	92.416550	25.998996	-10.160838	15.698345	38.595251	78.772158
1.050000	-0.561506	0.441455	2.018617	0.879767	0.923888	-0.073329	1.487548	-4.434988	-17.845484	0.000000	4.534601	2.638558	0.000000	2.047750	-4.368110	-19.643949	0.000000	4.445571	7.789107	0.000000	0.554046	0.336687	-0.228865	24.971213	-13.984552	18.735704	42.084551	92.380513	25.564239	-10.073068	15.656409	38.248906	78.794680
1.066667	-0.549587	0.426526	2.091293	0.880207	0.924013	-0.073809	1.438742	-4.441334	-17.793096	0.000000	4.592957	2.528492	0.000000	2.042167	-4.364206	-19.557399	-0.000000	4.560813	7.790948	0.000000	0.524163	0.379000	-0.358747	24.708398	-13.879011	18.614036	41.911946	92.337347	25.119447	-9.969681	15.591393	37.799120	78.817534
1.083333	-0.553575	0.416234	2.176156	0.880479	0.924318	-0.074285	1.405049	-4.456369	-17.722760	-0.000000	4.655604	2.426552	0.000000	2.057853	-4.353777	-19.456507	-0.000000	4.657417	7.780074	0.000000	0.514270	0.416656	-0.500577	24.445434	-13.758478	18.476568	41.671773	92.287157	24.701122	-9.847405	15.500719	37.255668	78.840328
1.100000	-0.571290	0.413527	2.265792	0.880526	0.924740	-0.074698	1.390903	-4.481285	-17.647299	-0.000000	4.711986	2.351136	0.000000	2.092987	-4.333041	-19.351898	-0.000000	4.708773	7.749839	0.000000	0.514549	0.440990	-0.634042	24.199522	-13.634315	18.330722	41.351324	92.231931	24.341219	-9.703793	15.387343	36.635508	78.861755
1.116667	-0.600327	0.418919	2.351750	0.880439	0.925183	-0.075020	1.397513	-4.513656	-17.578281	-0.000000	4.758003	2.310402	0.000000	2.144095	-4.301986	-19.248822	-0.000000	4.701603	7.694318	0.000000	0.523147	0.448139	-0.745025	23.982550	-13.509274	18.180283	40.941510	92.172372	24.058718	-9.538614	15.251558	35.943200	78.881103
1.133333	-0.637970	0.430044	2.427407	0.880324	0.925505	-0.075261	1.422337	-4.548297	-17.523427	-0.000001	4.795819	2.299108	0.000000	2.206575	-4.264653	-19.149123	-0.000000	4.643945	7.614929	0.000000	0.540781	0.440659	-0.830268	23.799855	-13.382782	18.027183	40.457315	92.109396	23.855546	-9.359952	15.096003	35.195252	78.898458
1.150000	-0.677831	0.443296	2.487788	0.880226	0.925605	-0.075439	1.457137	-4.579856	-17.484757	-0.000001	4.828014	2.305561	0.000000	2.271566	-4.226950	-19.058698	-0.000000	4.560448	7.525513	0.000000	0.558525	0.424947	-0.892017	23.648116	-13.266155	17.883635	39.959827	92.048670	23.713740	-9.189947	14.939158	34.464612	78.913644
1.166667	-0.710913	0.455811	2.530061	0.880125	0.925519	-0.075558	1.490594	-4.605017	-17.459876	-0.000001	4.854902	2.318484	0.000000	2.327809	-4.193810	-18.987086	-0.000000	4.479344	7.446542	0.000000	0.560302	0.408282	-0.933346	23.518199	-13.180158	17.769906	39.533834	91.999204	23.604847	-9.056924	14.809997	33.859025	78.925883
1.183333	-0.731386	0.466512	2.554854	0.879978	0.925366	-0.075623	1.515266	-4.623369	-17.445582	0.000000	4.876250	2.330432	0.000000	2.368564	-4.167252	-18.939286	0.000001	4.418359	7.391399	0.000000	0.538546	0.396207	-0.957489	23.403496	-13.136945	17.697297	39.231084	91.966313	23.509413	-8.977022	14.725146	33.442882	78.934395
1.200000	-0.739434	0.475664	2.565587	0.879779	0.925214	-0.075647	1.530595	-4.636553	-17.440513	0.000002	4.892964	2.338435	0.000000	2.394140	-4.146744	-18.911720	0.000002	4.381265	7.360786	0.000000	0.499750	0.390928	-0.967219	23.303688	-13.133130	17.660657	39.046663	91.948502	23.425498	-8.947010	14.678371	33.205214	78.938429
1.216667	-0.739296	0.483887	2.566974	0.879580	0.925069	-0.075657	1.539717	-4.646888	-17.445698	0.000005	4.907250	2.343064	0.000000	2.408901	-4.130738	-18.895216	0.000005	4.364705	7.347791	0.000000	0.456376	0.391660	-0.963083	23.221006	-13.158518	17.645395	38.939386	91.940158	23.362191	-8.951891	14.648100	33.091526	78.936413
1.233333	-0.736145	0.491581	2.565051	0.879461	0.924933	-0.075687	1.544748	-4.656453	-17.463831	0.000008	4.921986	2.347389	0.000000	2.417782	-4.117809	-18.879121	0.000007	4.365051	7.343730	0.000000	0.420942	0.395674	-0.942537	23.157488	-13.204270	17.635457	38.857151	91.934701	23.332516	-8.972580	14.607111	33.040402	78.925320
1.250000	-0.734215	0.498416	2.567402	0.879503	0.924803	-0.075761	1.544540	-4.666264	-17.497967	0.000012	4.939537	2.355966	0.000000	2.424220	-4.107468	-18.854219	0.000009	4.381280	7.341073	0.000000	0.406348	0.399078	-0.901034	23.117716	-13.263956	17.617225	38.753558	91.926307	23.352194	-8.988905	14.529201	33.002785	78.901077
1.266667	-0.736436	0.503167	2.581288	0.879758	0.924670	-0.075891	1.536033	-4.676016	-17.549786	0.000013	4.960785	2.373167	0.000000	2.429367	-4.100167	-18.815095	0.000007	4.414252	7.334782	0.000000	0.424758	0.398321	-0.835455	23.109965	-13.332493	17.581603	38.599322	91.911016	23.436567	-8.983494	14.396080	32.949644	78.860327
1.283333	-0.744445	0.504353	2.610475	0.880219	0.924524	-0.076069	1.517351	-4.684589	-17.616336	0.000007	4.984617	2.400481	0.000000	2.432452	-4.096455	-18.763182	-0.000003	4.462990	7.323129	0.000000	0.482679	0.392870	-0.750055	23.141986	-13.405573	17.526315	38.393576	91.888007	23.590647	-8.950362	14.207927	32.874294	78.804011
1.300000	-0.758539	0.500943	2.654480	0.880820	0.924360	-0.076270	1.489323	-4.690493	-17.686960	-0.000012	5.007954	2.434402	0.000000	2.432398	-4.096692	-18.708541	-0.000024	4.521288	7.308104	0.000000	0.578323	0.386693	-0.660227	23.218651	-13.478911	17.457311	38.171316	91.860464	23.803519	-8.902262	13.990998	32.792602	78.740320
1.316667	-0.778728	0.492413	2.711730	0.881458	0.924177	-0.076448	1.455727	-4.691975	-17.747199	-0.000050	5.027655	2.467920	0.000000	2.431055	-4.101429	-18.663750	-0.000059	4.579605	7.294662	0.000000	0.703271	0.385392	-0.585855	23.345128	-13.549007	17.384755	37.985792	91.833706	24.060498	-8.863105	13.784122	32.733461	78.681062
1.333333	-0.806392	0.478443	2.782624	0.881997	0.924007	-0.076560	1.424146	-4.687071	-17.788050	-0.000110	5.043034	2.494521	0.000000	2.435940	-4.111473	-18.633073	-0.000106	4.630160	7.288796	0.000000	0.843982	0.391205	-0.538597	23.530190	-13.615292	17.315671	37.872732	91.811405	24.362130	-8.849083	13.610710	32.721031	78.633233
1.350000	-0.844067	0.458909	2.868865	0.882278	0.923924	-0.076591	1.405708	-4.673944	-17.809276	-0.000183	5.055441	2.509668	0.000000	2.458783	-4.127361	-18.609804	-0.000151	4.667928	7.295598	0.000000	0.982435	0.401902	-0.517402	23.785089	-13.680193	17.251668	37.836072	91.794104	24.726990	-8.860619	13.467962	32.765761	78.595649
1.366667	-0.892764	0.434322	2.970628	0.882189	0.923986	-0.076563	1.411341	-4.651776	-17.814910	-0.000240	5.065365	2.508983	0.000000	2.509624	-4.148589	-18.583116	-0.000160	4.687799	7.317514	0.000000	1.099982	0.413864	-0.513336	24.119160	-13.747154	17.192644	37.861360	91.780726	25.177829	-8.888674	13.338276	32.868150	78.562368
1.383333	-0.949159	0.406253	3.084669	0.881705	0.924185	-0.076519	1.446594	-4.621674	-17.807831	-0.000222	5.070372	2.486411	0.000000	2.590822	-4.173309	-18.545384	-0.000079	4.683830	7.352539	0.000000	1.184343	0.424885	-0.514786	24.536490	-13.819273	17.140834	37.932036	91.770428	25.728047	-8.921773	13.203124	33.025376	78.526876
1.400000	-1.005992	0.376948	3.204018	0.880884	0.924450	-0.076490	1.510052	-4.586405	-17.786381	-0.000031	5.065191	2.433546	0.000000	2.696201	-4.199201	-18.494659	0.000170	4.651960	7.393643	0.000000	1.232257	0.434739	-0.510095	25.037417	-13.899840	17.102525	38.037835	91.763513	26.379409	-8.949242	13.049288	33.236612	78.483972
1.416667	-1.055318	0.348084	3.318774	0.879846	0.924685	-0.076472	1.595649	-4.548590	-17.742956	0.000450	5.043250	2.339549	0.000000	2.814637	-4.225321	-18.432223	0.000661	4.593122	7.430476	0.000000	1.245048	0.444337	-0.488403	25.622416	-13.993454	17.088067	38.176679	91.761512	27.127930	-8.962881	12.868355	33.506368	78.429567
1.433333	-1.090821	0.319731	3.417941	0.878760	0.924801	-0.076413	1.694062	-4.508577	-17.664564	0.001322	4.999003	2.192434	0.000000	2.932586	-4.253701	-18.358958	0.001420	4.513914	7.452133	0.000000	1.225223	0.454520	-0.439776	26.291325	-14.105120	17.110643	38.352115	91.766756	27.966894	-8.958382	12.654419	33.843304	78.360027
1.450000	-1.109321	0.290510	3.491819	0.877809	0.924725	-0.076247	1.793985	-4.464056	-17.536601	0.002570	4.931123	1.983998	0.000000	3.036269	-4.288977	-18.274382	0.002330	4.425031	7.449888	0.000000	1.179552	0.465438	-0.357284	27.038853	-14.237037	17.182204	38.569067	91.781497	28.884953	-8.936873	12.405277	34.253710	78.273091
1.466667	-1.115429	0.258902	3.534783	0.877082	0.924434	-0.075958	1.889580	-4.412645	-17.352274	0.003913	4.846474	1.720643	0.000000	3.119783	-4.335021	-18.178672	0.003012	4.339675	7.420705	0.000000	1.125649	0.477458	-0.242293	27.854274	-14.384138	17.303927	38.829387	91.806365	29.866578	-8.906118	12.129574	34.730780	78.171505
1.483333	-1.125534	0.224829	3.547783	0.876482	0.923978	-0.075628	1.989556	-4.355647	-17.120840	0.004610	4.759164	1.429053	0.000000	3.194377	-4.390487	-18.074333	0.002694	4.270245	7.367809	0.000000	1.093134	0.492387	-0.108417	28.726646	-14.532813	17.460961	39.128554	91.839822	30.897282	-8.878837	11.855720	35.247151	78.066490
1.500000	-1.159942	0.190421	3.538206	0.875786	0.923517	-0.075402	2.112285	-4.299344	-16.857827	0.003285	4.675494	1.131910	0.000000	3.282959	-4.447315	-17.962706	0.000164	4.218234	7.288911	0.000000	1.107544	0.512319	0.024480	29.651453	-14.671528	17.643548	39.457337	91.882185	31.970499	-8.865571	11.631454	35.764628	77.974047
1.516667	-1.227584	0.159660	3.517004	0.874783	0.923293	-0.075413	2.269724	-4.252976	-16.562553	-0.002072	4.573886	0.806656	0.000000	3.402424	-4.493068	-17.836904	-0.006073	4.163396	7.158277	0.000000	1.167326	0.537160	0.142688	30.635420	-14.806848	17.883769	39.807592	91.942005	33.092487	-8.868042	11.514220	36.254306	77.905843
1.533333	-1.321606	0.137053	3.495658	0.873346	0.923528	-0.075731	2.460796	-4.225674	-16.211339	-0.013695	4.403083	0.378450	0.000000	3.555319	-4.514731	-17.678861	-0.017213	4.066399	6.925001	0.000000	1.241423	0.564441	0.242617	31.695930	-14.964642	18.263082	40.174157	92.036671	34.281654	-8.881278	11.565118	36.701893	77.865895
1.550000	-1.426943	0.125651	3.484296	0.871437	0.924346	-0.076345	2.677264	-4.223508	-15.774610	-0.032899	4.102767	-0.239819	0.000000	3.735390	-4.502712	-17.464198	-0.032948	3.885221	6.535016	0.000000	1.286977	0.591345	0.325442	32.853003	-15.174149	18.875331	40.549659	92.184363	35.560014	-8.899761	11.843208	37.097907	77.854604
1.566667	-1.529046	0.125432	3.491297	0.869103	0.925754	-0.077170	2.911222	-4.247497	-15.247538	-0.057917	3.637564	-1.081750	0.000000	3.936340	-4.454221	-17.176442	-0.049529	3.597101	5.969834	0.000000	1.267911	0.616383	0.392277	34.116615	-15.445884	19.757292	40.916782	92.389261	36.939753	-8.917656	12.380910	37.432882	77.872540
1.583333	-1.620748	0.133186	3.523180	0.866474	0.927546	-0.078084	3.161570	-4.293964	-14.673252	-0.080666	3.026780	-2.078391	0.000000	4.159425	-4.374395	-16.823256	-0.057323	3.215803	5.276687	0.000000	1.167939	0.639259	0.442890	35.479474	-15.757051	20.831564	41.246413	92.629427	38.415719	-8.925878	13.153595	37.702494	77.921292
1.600000	-1.707473	0.144047	3.581715	0.863713	0.929255	-0.078966	3.441160	-4.357068	-14.123105	-0.083048	2.337031	-3.095763	0.000000	4.419542	-4.274632	-16.434260	-0.038735	2.787372	4.545916	0.000000	0.997221	0.659237	0.477411	36.924607	-16.064860	21.947000	41.510536	92.865845	39.971417	-8.917373	14.092050	37.912625	78.002936
1.616667	-1.808400	0.153288	3.659651	0.860904	0.930344	-0.079741	3.781870	-4.431632	-13.645995	-0.034536	1.644349	-4.032807	0.000000	4.747513	-4.169400	-16.040901	0.031613	2.367905	3.850396	0.000000	0.789304	0.674540	0.499281	38.440013	-16.338207	22.991302	41.699718	93.067167	41.590898	-8.897172	15.130532	38.078626	78.118706
1.633333	-1.949197	0.157219	3.740657	0.857980	0.930492	-0.080389	4.228972	-4.514780	-13.245635	0.105558	1.011336	-4.863195	0.000000	5.182227	-4.072842	-15.662209	0.181374	2.004881	3.214134	0.000000	0.584648	0.683823	0.517111	40.025619	-16.570464	23.940372	41.820829	93.221147	43.265248	-8.880743	16.227316	38.220373	78.266999
1.650000	-2.149583	0.153560	3.804619	0.854796	0.929766	-0.080938	4.823122	-4.605978	-12.896107	0.376658	0.485749	-5.605014	0.000000	5.753755	-3.995690	-15.303945	0.430862	1.727286	2.622152	0.000000	0.410365	0.687671	0.543615	41.687880	-16.768250	24.822542	41.880172	93.327802	44.988374	-8.882333	17.349240	38.357259	78.441899
1.666667	-2.416252	0.141339	3.835411	0.851310	0.928498	-0.081425	5.581115	-4.705079	-12.562402	0.797946	0.095253	-6.288910	0.000000	6.471468	-3.944143	-14.961437	0.789217	1.541816	2.039583	0.000000	0.274689	0.688871	0.588839	43.425711	-16.939313	25.676804	41.880967	93.390314	46.744054	-8.911527	18.461839	38.508702	78.634376
1.683333	-2.743534	0.119938	3.826380	0.847681	0.926970	-0.081868	6.488380	-4.809340	-12.211888	1.357740	-0.162468	-6.950025	0.000000	7.324460	-3.921943	-14.620364	1.261161	1.438240	1.424916	0.000000	0.175708	0.691674	0.652615	45.219348	-17.089214	26.534939	41.836091	93.410199	48.497871	-8.979662	19.535655	38.698961	78.835439
1.700000	-3.119942	0.088115	3.778867	0.844158	0.925250	-0.082253	7.511069	-4.912288	-11.819895	2.024691	-0.315902	-7.627245	0.000000	8.292082	-3.933096	-14.258491	1.855088	1.402587	0.737145	0.000000	0.113167	0.700677	0.726588	47.031413	-17.221103	27.415653	41.772452	93.385376	50.204450	-9.100653	20.550164	38.955072	79.037719
1.716667	-3.537661	0.044144	3.696859	0.840903	0.923312	-0.082540	8.619226	-5.005434	-11.370711	2.769850	-0.403092	-8.359774	0.000000	9.358752	-3.981874	-13.850608	2.583661	1.426512	-0.060256	0.000000	0.094789	0.719727	0.802672	48.818201	-17.334078	28.324024	41.719837	93.310161	51.823702	-9.283582	21.491472	39.293675	79.235168
1.733333	-3.997099	-0.012956	3.584687	0.837871	0.921221	-0.082691	9.802262	-5.081403	-10.854494	3.581738	-0.457963	-9.182090	0.000000	10.523002	-4.069971	-13.373679	3.458519	1.503781	-0.997087	0.000000	0.130635	0.750664	0.876809	50.547087	-17.420994	29.255418	41.692379	93.176859	53.336144	-9.527587	22.354075	39.705822	79.423525
1.750000	-4.502712	-0.082053	3.449076	0.834862	0.919111	-0.082711	11.068805	-5.137234	-10.265503	4.470390	-0.503453	-10.117216	0.000000	11.795471	-4.193342	-12.811755	4.486080	1.621474	-2.091557	0.000000	0.220978	0.791966	0.946242	52.210922	-17.468860	30.198312	41.675411	92.979301	54.750649	-9.821281	23.144785	40.150171	79.601243
1.766667	-5.056515	-0.159691	3.301326	0.831675	0.917024	-0.082660	12.437546	-5.176100	-9.604047	5.463544	-0.548705	-11.173568	0.000000	13.191540	-4.341547	-12.159314	5.669015	1.760826	-3.342800	0.000000	0.352297	0.838804	1.005219	53.826948	-17.464805	31.134769	41.634245	92.716607	56.098621	-10.145697	23.880809	40.563611	79.768938
1.783333	-5.655456	-0.241401	3.155550	0.828244	0.914850	-0.082626	13.927013	-5.205774	-8.875210	6.597171	-0.587820	-12.350452	0.000000	14.724385	-4.500253	-11.418902	7.010428	1.911837	-4.729398	0.000000	0.504498	0.885894	1.043616	55.423225	-17.404389	32.047851	41.539161	92.393773	57.419071	-10.481690	24.585791	40.884400	79.928193
1.800000	-6.290062	-0.323095	3.024729	0.824657	0.912431	-0.082683	15.544052	-5.235024	-8.084731	7.901465	-0.599176	-13.639243	0.000000	16.396584	-4.654687	-10.597373	8.513751	2.086935	-6.211582	0.000000	0.657133	0.930095	1.049953	57.024418	-17.294788	32.928411	41.381741	92.020172	58.747501	-10.814344	25.283861	41.067182	80.080053
1.816667	-6.945577	-0.401474	2.918672	0.821062	0.909690	-0.082853	17.277619	-5.270687	-7.240151	9.388181	-0.554052	-15.018441	0.000000	18.195692	-4.792040	-9.706806	10.177130	2.312739	-7.738700	0.000000	0.791729	0.969130	1.016465	58.643332	-17.151455	33.773756	41.171789	91.607654	60.111572	-11.129589	25.993193	41.083447	80.223601
1.833333	-7.609429	-0.473897	2.843686	0.817552	0.906702	-0.083111	19.106378	-5.316383	-6.355910	11.046732	-0.439458	-16.459659	0.000000	20.101213	-4.902834	-8.766002	11.987797	2.601558	-9.268412	0.000000	0.897438	0.998940	0.943890	60.279821	-16.992698	34.592174	40.920942	91.165042	61.526969	-11.410643	26.731011	40.917619	80.356838
1.850000	-8.275313	-0.538566	2.802521	0.814144	0.903622	-0.083397	21.008806	-5.372582	-5.456867	12.851158	-0.271795	-17.937440	0.000000	22.091829	-4.982181	-7.799399	13.922247	2.936738	-10.776809	0.000000	0.973190	1.014386	0.843591	61.925518	-16.835889	35.407745	40.630435	90.691375	62.993389	-11.639248	27.518512	40.567488	80.477842
1.866667	-8.935971	-0.595173	2.794880	0.810793	0.900509	-0.083655	22.964187	-5.437786	-4.577852	14.775159	-0.075887	-19.421863	0.000000	24.142576	-5.031063	-6.836586	15.953977	3.296879	-12.240751	0.000000	1.017536	1.013262	0.734002	63.569593	-16.695634	36.239393	40.300739	90.181227	64.496058	-11.798593	28.359487	40.051728	80.582120
1.883333	-9.581028	-0.645607	2.817498	0.807423	0.897256	-0.083857	24.957292	-5.509235	-3.754492	16.805473	0.144495	-20.871043	0.000000	26.227867	-5.056166	-5.907838	18.063615	3.687006	-13.622242	0.000000	1.025195	0.998933	0.633884	65.200430	-16.582691	37.074990	39.948070	89.637872	66.012146	-11.875348	29.218340	39.411070	80.659470
1.900000	-10.204670	-0.693795	2.863226	0.803977	0.893676	-0.083995	26.987376	-5.582374	-3.009007	18.944142	0.401231	-22.251942	0.000000	28.332843	-5.067901	-5.034844	20.243369	4.131603	-14.886126	0.000000	0.995968	0.978356	0.558782	66.809991	-16.504898	37.892124	39.595931	89.067189	67.523194	-11.861618	30.050500	38.689861	80.696719
1.916667	-10.800365	-0.743478	2.921652	0.800458	0.889609	-0.084064	29.056777	-5.652105	-2.348773	21.200735	0.699016	-23.556971	0.000000	30.446094	-5.078231	-4.232373	22.492203	4.646604	-16.017231	0.000000	0.926063	0.957323	0.520661	68.403231	-16.469126	38.694698	39.257412	88.459774	69.029241	-11.758146	30.848466	37.922102	80.683165
1.933333	-11.354557	-0.795281	2.982298	0.796926	0.885000	-0.084056	31.155748	-5.716705	-1.777860	23.581415	1.033430	-24.783460	0.000000	32.547979	-5.097877	-3.518118	24.805892	5.229305	-17.007929	0.000000	0.799620	0.937455	0.525596	69.992869	-16.477995	39.501913	38.939595	87.795817	70.543364	-11.576533	31.632840	37.138504	80.612553
1.950000	-11.859825	-0.846054	3.038642	0.793454	0.879940	-0.083982	33.269413	-5.780709	-1.302577	26.078216	1.403023	-25.909678	0.000000	34.620586	-5.131609	-2.910050	27.168667	5.863194	-17.849504	0.000000	0.609213	0.917161	0.569872	71.577726	-16.523549	40.309302	38.655621	87.071644	72.065068	-11.336790	32.408338	36.375912	80.484655
1.966667	-12.318465	-0.890614	3.091198	0.790094	0.874624	-0.083883	35.377888	-5.853836	-0.927290	28.660111	1.817285	-26.895141	0.000000	36.650086	-5.175236	-2.414908	29.550413	6.525040	-18.540720	0.000000	0.362117	0.894180	0.640054	73.133036	-16.588915	41.067423	38.425750	86.321523	73.565153	-11.061537	33.137120	35.683276	80.309018
1.983333	-12.728135	-0.924535	3.147660	0.786878	0.869251	-0.083800	37.443422	-5.946057	-0.648154	31.273334	2.293945	-27.700687	0.000000	38.612865	-5.218478	-2.023615	31.912310	7.193658	-19.090516	0.000000	0.059108	0.866488	0.718768	74.625396	-16.659690	41.707029	38.266886	85.606734	75.002886	-10.769799	33.760117	35.110682	80.103660
2.000000	-13.080765	-0.946125	3.218050	0.783837	0.863960	-0.083748	39.418885	-6.062435	-0.449604	33.854872	2.847028	-28.310473	0.000000	40.478107	-5.250879	-1.715990	34.218053	7.856300	-19.512757	0.000000	-0.308880	0.831914	0.791158	76.033434	-16.732627	42.197626	38.178356	84.972097	76.353953	-10.474017	34.251877	34.675440	79.884633
2.016667	-13.373525	-0.955361	3.306125	0.780963	0.858816	-0.083727	41.271745	-6.201568	-0.306604	36.349801	3.480326	-28.731925	0.000000	42.223793	-5.265767	-1.469969	36.442057	8.510992	-19.823570	0.000000	-0.748601	0.788136	0.846952	77.357070	-16.810370	42.568040	38.141880	84.416151	77.620827	-10.184482	34.640143	34.349655	79.655074
2.033333	-13.611171	-0.951007	3.402759	0.778148	0.853778	-0.083733	42.995955	-6.356882	-0.190305	38.722883	4.190275	-28.982201	0.000000	43.844657	-5.262033	-1.269785	38.572483	9.165806	-20.041559	0.000000	-1.266495	0.732893	0.879463	78.620011	-16.888336	42.872124	38.135494	83.900425	78.831496	-9.916048	34.973917	34.084480	79.403622
2.050000	-13.806503	-0.929012	3.487001	0.775204	0.848694	-0.083744	44.614463	-6.519548	-0.072753	40.963118	4.968943	-29.084335	0.000000	45.357944	-5.244427	-1.109227	40.612340	9.835222	-20.185995	0.000000	-1.869952	0.663200	0.885288	79.865624	-16.949474	43.155519	38.144785	83.376306	80.034792	-9.688789	35.292094	33.833846	79.112602
2.066667	-13.982890	-0.882815	3.534675	0.772002	0.843374	-0.083714	46.173256	-6.682926	0.068961	43.080003	5.795576	-29.079054	0.000000	46.804089	-5.221433	-0.990155	42.575735	10.529404	-20.276108	0.000000	-2.556056	0.574364	0.865263	81.137638	-16.970140	43.437708	38.168745	82.817324	81.279652	-9.524726	35.607167	33.570366	78.775104
2.083333	-14.164698	-0.805145	3.528515	0.768586	0.837710	-0.083589	47.717227	-6.846223	0.247124	45.092772	6.620369	-29.039364	0.000000	48.226051	-5.202191	-0.918601	44.477236	11.240387	-20.334418	0.000000	-3.310784	0.461108	0.825527	82.456878	-16.928968	43.694695	38.221452	82.248346	82.584653	-9.444579	35.891744	33.304879	78.412841
2.100000	-14.364867	-0.691270	3.463658	0.765139	0.831677	-0.083340	49.269009	-7.015601	0.457228	47.022292	7.377214	-29.053284	0.000000	49.647885	-5.195474	-0.900984	46.326136	11.948400	-20.380036	0.000000	-4.115524	0.319570	0.777820	83.814075	-16.815921	43.873597	38.320172	81.732190	83.929042	-9.460180	36.094995	33.080488	78.068528
2.116667	-14.587793	-0.541440	3.346528	0.761860	0.825265	-0.082978	50.832841	-7.202910	0.677261	48.888443	8.024994	-29.180205	0.000000	51.078495	-5.210234	-0.942950	48.132342	12.644691	-20.412517	0.000000	-4.944590	0.148075	0.736930	85.182301	-16.637222	43.942151	38.465101	81.316052	85.274183	-9.565585	36.189185	32.932962	77.773807
2.133333	-14.839402	-0.359389	3.188307	0.758841	0.818502	-0.082557	52.409561	-7.421189	0.878561	50.704246	8.561787	-29.433171	0.000000	52.523814	-5.254952	-1.050618	49.906574	13.338314	-20.408715	0.000000	-5.764032	-0.053309	0.715482	86.535212	-16.407883	43.912365	38.631582	81.002179	86.587297	-9.739762	36.190472	32.865881	77.530959
2.150000	-15.130433	-0.149798	2.997768	0.756042	0.811525	-0.082131	54.003392	-7.678138	1.039280	52.466514	9.002313	-29.793910	0.000000	53.986748	-5.336553	-1.228955	51.646891	14.042922	-20.335492	0.000000	-6.539415	-0.282945	0.721303	87.857099	-16.139342	43.823656	38.775480	80.760793	87.847143	-9.957410	36.141755	32.859263	77.319856
2.166667	-15.469069	0.080019	2.779614	0.753361	0.804525	-0.081744	55.616361	-7.972111	1.146569	54.155820	9.357115	-30.228993	0.000000	55.461645	-5.460225	-1.474807	53.335549	14.759950	-20.170872	0.000000	-7.251339	-0.533932	0.758703	89.147366	-15.835798	43.718489	38.842167	80.553599	89.043066	-10.194047	36.088029	32.888595	77.113035
2.183333	-15.851050	0.317590	2.537064	0.750680	0.797612	-0.081441	57.242267	-8.292797	1.193509	55.753506	9.630709	-30.695650	0.000000	56.937011	-5.628923	-1.772349	54.957927	15.471874	-19.923106	0.000000	-7.907326	-0.789686	0.829832	90.423224	-15.496685	43.628327	38.777064	80.350150	90.176234	-10.426635	36.059172	32.936743	76.887234
2.200000	-16.262963	0.548712	2.273582	0.747920	0.790746	-0.081258	58.875496	-8.625280	1.182130	57.263666	9.832905	-31.140712	0.000000	58.408690	-5.842161	-2.098565	56.520935	16.157370	-19.622670	0.000000	-8.529263	-1.027952	0.934983	91.712433	-15.118647	43.576341	38.533616	80.131244	91.255167	-10.637929	36.066844	32.993951	76.624681
2.216667	-16.694049	0.762094	1.995288	0.745077	0.783788	-0.081191	60.521390	-8.955692	1.124248	58.717468	9.992254	-31.498512	0.000000	59.888867	-6.093868	-2.429525	58.051745	16.810324	-19.296877	0.000000	-9.130627	-1.228411	1.071946	93.037615	-14.701975	43.585740	38.085924	79.884921	92.287089	-10.820562	36.109805	33.054903	76.310053
2.233333	-17.137540	0.948188	1.714652	0.742216	0.776643	-0.081211	62.186290	-9.274780	1.033237	60.155999	10.160526	-31.696667	0.000000	61.395391	-6.370684	-2.737611	59.580475	17.435878	-18.963546	0.000000	-9.715157	-1.374665	1.232999	94.405333	-14.261092	43.675926	37.451103	79.606598	93.275792	-10.974921	36.174555	33.120725	75.934312
2.250000	-17.584288	1.099191	1.449073	0.739425	0.769329	-0.081276	63.861129	-9.576560	0.920835	61.609463	10.399275	-31.677378	0.000000	62.930837	-6.654123	-2.993111	61.120003	18.040199	-18.635213	0.000000	-10.288479	-1.458460	1.400391	95.803390	-13.823204	43.852392	36.696528	79.299887	94.226554	-11.107290	36.236706	33.197805	75.499498
2.266667	-18.020634	1.213883	1.214467	0.736770	0.761974	-0.081327	65.518283	-9.855310	0.802027	63.084515	10.752746	-31.424354	0.000000	64.471470	-6.925396	-3.176210	62.655599	18.630608	-18.317479	0.000000	-10.862344	-1.487022	1.546454	97.202063	-13.415103	44.102135	35.919409	78.971766	95.149199	-11.230619	36.269959	33.291619	75.015977
2.283333	-18.430636	1.297944	1.021792	0.734316	0.754761	-0.081303	67.118279	-10.105067	0.693851	64.562901	11.227678	-30.973660	0.000000	65.973909	-7.168959	-3.282262	64.153146	19.210672	-18.018094	0.000000	-11.450783	-1.479203	1.642421	98.558091	-13.055314	44.395869	35.216029	78.625635	96.051762	-11.360829	36.254394	33.406911	74.494358
2.300000	-18.800009	1.359177	0.877535	0.732125	0.747837	-0.081174	68.622001	-10.321647	0.609677	66.012635	11.793753	-30.399940	0.000000	67.394616	-7.374092	-3.317211	65.580103	19.770714	-17.761673	0.000000	-12.063620	-1.453373	1.669772	99.824842	-12.753945	44.697087	34.655198	78.255387	96.930691	-11.509807	36.178536	33.554332	73.935309
2.316667	-19.120897	1.405499	0.783735	0.730196	0.741260	-0.080938	70.006119	-10.505362	0.557844	67.403632	12.407215	-29.777578	0.000000	68.709080	-7.535567	-3.294373	66.920469	20.292780	-17.579422	0.000000	-12.702460	-1.421471	1.626279	100.969394	-12.512615	44.979096	34.261320	77.841012	97.769106	-11.681512	36.037990	33.752238	73.319509
2.333333	-19.396149	1.445223	0.737646	0.728443	0.735002	-0.080618	71.273005	-10.661355	0.544131	68.718207	13.040228	-29.143999	0.000000	69.920794	-7.653704	-3.232630	68.176186	20.765642	-17.481346	0.000000	-13.360516	-1.389868	1.525723	101.986648	-12.325844	45.238381	34.012404	77.353886	98.545189	-11.870669	35.834443	34.018903	72.611557
2.350000	-19.638769	1.485224	0.733796	0.726751	0.728963	-0.080259	72.448480	-10.795467	0.576635	69.955311	13.678342	-28.516139	0.000000	71.058379	-7.733037	-3.150686	69.363245	21.187878	-17.450860	0.000000	-14.027775	-1.361734	1.392855	102.899484	-12.190479	45.478761	33.864182	76.787684	99.250474	-12.058885	35.576252	34.355971	71.802908
2.366667	-19.866422	1.528503	0.767119	0.725020	0.722963	-0.079917	73.573719	-10.910470	0.667716	71.131264	14.296382	-27.934676	0.000000	72.164938	-7.780522	-3.061040	70.508930	21.562610	-17.462432	0.000000	-14.697474	-1.339535	1.255760	103.747585	-12.116127	45.680179	33.785989	76.193326	99.907221	-12.210798	35.277193	34.732570	70.962536
2.383333	-20.096880	1.574452	0.833955	0.723189	0.716809	-0.079616	74.695857	-11.008679	0.825448	72.273779	14.867730	-27.449877	0.000000	73.283649	-7.804863	-2.970618	71.645376	21.900222	-17.489339	0.000000	-15.364684	-1.325211	1.138427	104.574555	-12.119712	45.805091	33.769462	75.655923	100.560721	-12.282537	34.947280	35.092678	70.204965
2.400000	-20.345064	1.620371	0.931148	0.721248	0.710414	-0.079341	75.853124	-11.096114	1.041407	73.407130	15.398935	-27.063931	0.000000	74.442339	-7.816097	-2.884699	72.794951	22.221675	-17.497866	0.000000	-16.021141	-1.318359	1.054263	105.415434	-12.207985	45.838502	33.810718	75.225927	101.251318	-12.241700	34.581447	35.382260	69.593442
2.416667	-20.619483	1.661765	1.056190	0.719235	0.703835	-0.079063	77.061033	-11.182016	1.289023	74.542230	15.930121	-26.724705	0.000000	75.645189	-7.824112	-2.806773	73.959278	22.551764	-17.448879	0.000000	-16.655913	-1.316135	1.001675	106.286752	-12.368532	45.803083	33.898662	74.892288	101.999026	-12.080727	34.163416	35.562721	69.104279
2.433333	-20.919038	1.691986	1.208843	0.717250	0.697182	-0.078763	78.308351	-11.277171	1.532910	75.680009	16.496097	-26.380351	0.000000	76.876024	-7.835998	-2.735581	75.124176	22.908626	-17.313146	0.000000	-17.261805	-1.312554	0.964647	107.187007	-12.572920	45.736435	34.016413	74.614018	102.808507	-11.817688	33.687186	35.608194	68.675771
2.450000	-21.232589	1.703462	1.389877	0.715425	0.690568	-0.078447	79.562189	-11.392884	1.739696	76.815368	17.092436	-26.022746	0.000000	78.107306	-7.854550	-2.665926	76.271908	23.297829	-17.085812	0.000000	-17.841006	-1.297549	0.920118	108.105410	-12.783957	45.665824	34.143672	74.355392	103.677778	-11.489638	33.175266	35.504887	68.261206
2.466667	-21.543541	1.691906	1.595167	0.713803	0.684111	-0.078126	80.782672	-11.537428	1.885862	77.934802	17.678726	-25.674132	0.000000	79.310171	-7.880685	-2.595071	77.386762	23.712655	-16.783764	0.000000	-18.403844	-1.263027	0.851416	109.028728	-12.968407	45.602962	34.259027	74.095156	104.601342	-11.135934	32.670174	35.248992	67.839582
2.483333	-21.836170	1.660352	1.809806	0.712300	0.677903	-0.077801	81.941049	-11.710082	1.962617	79.017986	18.208224	-25.350412	0.000000	80.462772	-7.918713	-2.527414	78.454853	24.135761	-16.437223	0.000000	-18.963367	-1.211827	0.759738	109.944878	-13.110084	45.551146	34.346608	73.821009	105.568323	-10.782933	32.209785	34.847352	67.402325
2.500000	-22.098702	1.617866	2.009740	0.710820	0.671961	-0.077458	83.026880	-11.898930	1.976148	80.048982	18.647365	-25.058650	0.000000	81.553226	-7.978986	-2.471044	79.465435	24.540488	-16.090057	0.000000	-19.530973	-1.156909	0.662309	110.845169	-13.210015	45.507557	34.402872	73.529740	106.558072	-10.449175	31.818415	34.331809	66.951700
2.516667	-22.326495	1.574073	2.173592	0.709400	0.666229	-0.077071	84.044356	-12.088533	1.942575	81.027552	18.979987	-24.813168	0.000000	82.580363	-8.073084	-2.430989	80.415188	24.901736	-15.786757	0.000000	-20.108265	-1.111754	0.579350	111.720218	-13.277883	45.461538	34.435613	73.231442	107.534260	-10.157664	31.510430	33.768690	66.507356
2.533333	-22.525961	1.534580	2.295256	0.708158	0.660608	-0.076603	85.008558	-12.270996	1.880618	81.970009	19.209668	-24.632481	0.000000	83.555777	-8.205292	-2.405854	81.312093	25.212151	-15.543146	0.000000	-20.678176	-1.082509	0.522865	112.552033	-13.326212	45.396965	34.456764	72.946383	108.444026	-9.934986	31.288121	33.246217	66.100969
2.550000	-22.711935	1.498806	2.386981	0.707163	0.654967	-0.076011	85.944344	-12.449386	1.804909	82.903358	19.357530	-24.526764	0.000000	84.503736	-8.368585	-2.387128	82.176517	25.484650	-15.335168	0.000000	-21.210016	-1.065630	0.493918	113.317558	-13.368239	45.296742	34.476159	72.693179	109.234515	-9.799557	31.139292	32.843322	65.759008
2.566667	-22.901063	1.460045	2.471912	0.706390	0.649145	-0.075279	86.884799	-12.632536	1.723276	83.859510	19.457283	-24.490558	0.000000	85.458111	-8.547975	-2.360134	83.039804	25.744228	-15.114464	0.000000	-21.674021	-1.050273	0.486525	114.004213	-13.417077	45.147411	34.498048	72.475396	109.879253	-9.749302	31.041620	32.597378	65.484727
2.583333	-23.109562	1.409252	2.569466	0.705801	0.643027	-0.074462	87.863896	-12.825421	1.640613	84.864010	19.551265	-24.501887	0.000000	86.454361	-8.728565	-2.309110	83.936754	26.018514	-14.835491	0.000000	-22.049103	-1.025322	0.494276	114.617851	-13.482771	44.944199	34.520166	72.279555	110.387090	-9.761372	30.970982	32.500242	65.255791
2.600000	-23.350754	1.341909	2.683353	0.705362	0.636649	-0.073657	88.901297	-13.021999	1.564673	85.919479	19.681246	-24.527677	0.000000	87.513224	-8.901495	-2.224804	84.889226	26.321562	-14.481614	0.000000	-22.327530	-0.987803	0.514767	115.178407	-13.566777	44.696111	34.533913	72.085796	110.790767	-9.805347	30.909089	32.518919	65.038444
2.616667	-23.627648	1.262330	2.802220	0.704938	0.630199	-0.072910	89.991362	-13.206203	1.506659	86.999487	19.871851	-24.535514	0.000000	88.627833	-9.062872	-2.106952	85.891018	26.637653	-14.076156	0.000000	-22.524727	-0.946350	0.547661	115.717417	-13.658764	44.429755	34.521675	71.876819	111.138630	-9.856544	30.848273	32.609353	64.799168
2.633333	-23.928351	1.180718	2.909574	0.704249	0.623881	-0.072183	91.109303	-13.358585	1.476112	88.061271	20.113558	-24.512572	0.000000	89.769457	-9.209977	-1.958961	86.908907	26.926362	-13.668192	0.000000	-22.684218	-0.915703	0.588014	116.281548	-13.736214	44.189377	34.451928	71.634761	111.498139	-9.902540	30.797043	32.714065	64.501409
2.650000	-24.228814	1.105895	2.994744	0.703020	0.617791	-0.071417	92.226467	-13.464924	1.475652	89.067649	20.359478	-24.481467	0.000000	90.904897	-9.339781	-1.782803	87.901304	27.146478	-13.305305	0.000000	-22.868279	-0.905406	0.621864	116.932917	-13.766683	44.032955	34.276527	71.330481	111.955415	-9.942489	30.787289	32.756271	64.093399
2.666667	-24.501700	1.040006	3.060218	0.701217	0.611922	-0.070591	93.317413	-13.524717	1.499589	90.002039	20.547464	-24.493377	0.000000	92.008736	-9.449149	-1.579698	88.839547	27.275238	-13.014101	0.000000	-23.134427	-0.911841	0.630429	117.734003	-13.717257	44.024301	33.933823	70.918432	112.591363	-9.977828	30.873964	32.647542	63.503166
2.683333	-24.728087	0.978020	3.120415	0.699118	0.606241	-0.069720	94.357432	-13.553459	1.535040	90.868445	20.633516	-24.600582	0.000000	93.066208	-9.536668	-1.352458	89.716830	27.313615	-12.793643	0.000000	-23.508637	-0.920206	0.599925	118.717050	-13.568700	44.214324	33.367747	70.350010	113.442670	-10.001841	31.114671	32.314247	62.658942
2.700000	-24.903817	0.911250	3.190927	0.697088	0.600715	-0.068814	95.323718	-13.573898	1.564559	91.680893	20.609920	-24.831042	0.000000	94.072337	-9.606814	-1.106313	90.543374	27.281083	-12.622733	0.000000	-23.976244	-0.914763	0.527708	119.856182	-13.327922	44.599710	32.576202	69.617064	114.479093	-10.001113	31.520983	31.737074	61.554426
2.716667	-25.038565	0.831201	3.279558	0.695345	0.595322	-0.067866	96.205609	-13.605105	1.570373	92.452939	20.505350	-25.174151	0.000000	95.032721	-9.670776	-0.848641	91.334607	27.204502	-12.474998	0.000000	-24.494460	-0.887611	0.420106	121.064371	-13.033001	45.087085	31.653655	68.795321	115.614156	-9.966585	32.017634	30.978963	60.313808
2.733333	-25.149963	0.731419	3.390644	0.693945	0.590037	-0.066862	97.011053	-13.663277	1.538818	93.195233	20.380406	-25.575184	0.000000	95.962330	-9.737520	-0.587780	92.101480	27.107584	-12.329968	0.000000	-25.013545	-0.837906	0.282433	122.230464	-12.738802	45.537635	30.751091	68.011722	116.747512	-9.901630	32.489540	30.156761	59.139770
2.750000	-25.254240	0.608417	3.532865	0.692862	0.584826	-0.065813	97.759918	-13.767279	1.463782	93.919298	20.316852	-25.942705	0.000000	96.877734	-9.804275	-0.331210	92.849433	27.006584	-12.177706	0.000000	-25.495106	-0.765959	0.111477	123.274940	-12.489178	45.871281	29.976686	67.350698	117.812932	-9.821823	32.890862	29.369958	58.167895
2.766667	-25.359520	0.462119	3.714074	0.692000	0.579656	-0.064770	98.473211	-13.932208	1.347808	94.637910	20.385405	-26.180219	0.000000	97.788414	-9.859870	-0.082971	93.580438	26.914845	-12.014658	0.000000	-25.920809	-0.671105	-0.096097	124.179161	-12.300770	46.106457	29.345602	66.808941	118.796800	-9.744324	33.281385	28.652322	57.397282
2.783333	-25.465827	0.296111	3.929312	0.691192	0.574538	-0.063820	99.168236	-14.156869	1.201278	95.360376	20.604047	-26.233145	0.000000	98.693092	-9.895041	0.158023	94.292044	26.849611	-11.833899	0.000000	-26.291975	-0.554135	-0.328170	124.977253	-12.165170	46.312421	28.803566	66.327110	119.724064	-9.673898	33.762330	27.973862	56.739256
2.800000	-25.570897	0.117192	4.158684	0.690325	0.569528	-0.063046	99.859800	-14.420588	1.040818	96.088672	20.924723	-26.117258	0.000000	99.583291	-9.908202	0.396842	94.979135	26.830773	-11.622252	0.000000	-26.620299	-0.418975	-0.555879	125.722954	-12.062172	46.544689	28.287000	65.851123	120.625077	-9.603198	34.384217	27.292381	56.107328
2.816667	-25.675363	-0.068170	4.377864	0.689383	0.564659	-0.062464	100.560566	-14.690122	0.885705	96.816524	21.259125	-25.911143	0.000000	100.451549	-9.904615	0.641383	95.640105	26.871442	-11.365906	0.000000	-26.916369	-0.270290	-0.749761	126.453624	-11.973526	46.807286	27.775471	65.378928	121.508085	-9.524544	35.091868	26.611403	55.484210
2.833333	-25.777879	-0.257725	4.572022	0.688360	0.559895	-0.062003	101.274984	-14.932056	0.753113	97.534377	21.524061	-25.718205	0.000000	101.294931	-9.889353	0.902461	96.281319	26.968715	-11.058734	0.000000	-27.192115	-0.109903	-0.898318	127.186416	-11.883180	47.070549	27.279127	64.946462	122.373275	-9.431932	35.775513	25.961162	54.904976
2.850000	-25.866976	-0.452904	4.741759	0.687239	0.555158	-0.061578	101.992947	-15.124726	0.654793	98.239418	21.677648	-25.621954	0.000000	102.112000	-9.861426	1.190713	96.917459	27.102723	-10.710092	0.000000	-27.469824	0.063705	-1.012727	127.939402	-11.769780	47.324881	26.785708	64.569912	123.247113	-9.314142	36.390579	25.327847	54.379962
2.866667	-25.926185	-0.655708	4.897813	0.686105	0.550395	-0.061152	102.693643	-15.262235	0.595496	98.939069	21.724100	-25.666046	0.000000	102.901249	-9.816800	1.510000	97.566141	27.245315	-10.347168	0.000000	-27.773410	0.253866	-1.115641	128.730770	-11.611163	47.597883	26.260501	64.224056	124.174188	-9.158459	36.998111	24.649704	53.865807
2.883333	-25.947523	-0.866056	5.051727	0.685136	0.545617	-0.060740	103.356519	-15.350371	0.573920	99.642802	21.694744	-25.858791	0.000000	103.661801	-9.753903	1.853660	98.236544	27.372681	-10.006627	0.000000	-28.109639	0.463205	-1.227431	129.556223	-11.397819	47.927714	25.692595	63.866172	125.177173	-8.962286	37.712162	23.876179	53.297180
2.900000	-25.934775	-1.079582	5.208444	0.684460	0.540889	-0.060374	103.967913	-15.398750	0.585947	100.353268	21.624927	-26.184087	0.000000	104.390595	-9.676477	2.206736	98.921645	27.476166	-9.714354	0.000000	-28.466966	0.688632	-1.359540	130.388628	-11.134399	48.351261	25.097604	63.448146	126.249702	-8.731974	38.669715	22.980473	52.598966
2.916667	-25.896880	-1.287123	5.363714	0.684095	0.536274	-0.060074	104.523385	-15.415098	0.627548	101.067524	21.540897	-26.609879	0.000000	105.080316	-9.595145	2.550952	99.603916	27.565732	-9.467817	0.000000	-28.828540	0.917896	-1.515979	131.198416	-10.830218	48.910132	24.485913	62.912471	127.379274	-8.475043	40.026247	21.934060	51.677474
2.933333	-25.845228	-1.477744	5.506967	0.684000	0.531792	-0.059853	105.030778	-15.405207	0.695330	101.782893	21.462161	-27.091040	0.000000	105.725905	-9.526008	2.869421	100.268998	27.662621	-9.239399	0.000000	-29.176378	1.133558	-1.699484	131.956720	-10.494661	49.629544	23.870148	62.212452	128.547812	-8.205883	41.888978	20.731181	50.455482
2.950000	-25.795012	-1.644191	5.625372	0.684134	0.527423	-0.059723	105.508362	-15.374380	0.783964	102.497729	21.405811	-27.576539	0.000000	106.334086	-9.487102	3.151567	100.915112	27.788564	-8.992652	0.000000	-29.486615	1.322071	-1.912021	132.623180	-10.135114	50.469093	23.289166	61.360626	129.705350	-7.952866	44.183182	19.441000	48.957084
2.966667	-25.761622	-1.786141	5.708317	0.684479	0.523124	-0.059696	105.975363	-15.329681	0.884689	103.210050	21.383254	-28.024135	0.000000	106.924509	-9.493030	3.395411	101.553754	27.957372	-8.698472	0.000000	-29.730087	1.480515	-2.146403	133.145491	-9.755368	51.296706	22.796525	60.459949	130.752678	-7.747490	46.573189	18.214243	47.364451
2.983333	-25.751407	-1.907719	5.754150	0.685014	0.518857	-0.059790	106.442017	-15.285433	0.989449	103.918958	21.396460	-28.409840	0.000000	107.518049	-9.546300	3.603251	102.202442	28.164078	-8.354987	0.000000	-29.884247	1.615690	-2.380704	133.481815	-9.362687	51.946143	22.425192	59.656719	131.569316	-7.601362	48.611406	17.215585	45.937894
3.000000	-25.755880	-2.013214	5.773233	0.685675	0.514595	-0.060007	106.907041	-15.263880	1.094676	104.626003	21.438967	-28.728151	0.000000	108.122410	-9.632774	3.777634	102.873802	28.379145	-8.000062	0.000000	-29.948692	1.737013	-2.583445	133.631999	-8.974640	52.324506	22.160148	59.042242	132.081378	-7.490239	50.029899	16.524827	44.843569
3.016667	-25.755794	-2.106124	5.782443	0.686327	0.510305	-0.060292	107.364939	-15.284665	1.199514	105.334381	21.502016	-28.983463	0.000000	108.730826	-9.728268	3.924361	103.569429	28.562835	-7.692860	0.000000	-29.950013	1.850684	-2.724792	133.646227	-8.612786	52.449212	21.945741	58.615669	132.304844	-7.363690	50.841627	16.109698	44.085341
3.033333	-25.728800	-2.189788	5.796822	0.686784	0.505957	-0.060557	107.813252	-15.353168	1.303675	106.046125	21.581094	-29.176103	0.000000	109.329931	-9.809666	4.055492	104.280979	28.687123	-7.477959	0.000000	-29.934370	1.959189	-2.784884	133.605249	-8.291189	52.398705	21.718526	58.324915	132.329040	-7.173438	51.210326	15.878126	43.573428
3.050000	-25.657194	-2.266932	5.823756	0.686872	0.501567	-0.060748	108.253457	-15.458118	1.407150	106.757319	21.675025	-29.296019	0.000000	109.906486	-9.862437	4.186183	104.992942	28.742265	-7.366375	0.000000	-29.951053	2.062738	-2.755851	133.591359	-8.010747	52.258020	21.428594	58.110246	132.268766	-6.894420	51.315506	15.729129	43.200583
3.066667	-25.536007	-2.338340	5.860390	0.686518	0.497233	-0.060867	108.688405	-15.577713	1.509161	107.454576	21.778976	-29.329685	0.000000	110.451031	-9.884039	4.328098	105.684518	28.730528	-7.338982	0.000000	-30.032610	2.159370	-2.642832	133.660752	-7.760644	52.093033	21.048577	57.923710	132.218948	-6.531935	51.296945	15.579353	42.878041
3.083333	-25.375412	-2.401492	5.896460	0.685809	0.493150	-0.060951	109.115991	-15.690937	1.607231	108.115007	21.880372	-29.274341	0.000000	110.955177	-9.882377	4.482204	106.330580	28.658973	-7.362110	0.000000	-30.185100	2.244729	-2.468097	133.824201	-7.529431	51.946390	20.591731	57.740956	132.228637	-6.121399	51.242763	15.386174	42.558401
3.100000	-25.197535	-2.451431	5.921499	0.684941	0.489564	-0.061049	109.525597	-15.788796	1.696708	108.708677	21.961494	-29.147067	0.000000	111.408713	-9.869206	4.635671	106.902921	28.533964	-7.406050	0.000000	-30.390271	2.313449	-2.271397	134.047687	-7.318624	51.842425	20.122965	57.566131	132.301014	-5.717777	51.196084	15.161831	42.246149
3.116667	-25.029574	-2.485008	5.928870	0.684078	0.486651	-0.061181	109.902328	-15.876227	1.768915	109.204974	22.007539	-28.975320	0.000000	111.803436	-9.854981	4.769472	107.376703	28.358473	-7.455653	0.000000	-30.614890	2.362017	-2.097051	134.277820	-7.140193	51.790471	19.724709	57.417792	132.414430	-5.371777	51.169873	14.950741	41.973534
3.133333	-24.892800	-2.504418	5.914495	0.683304	0.484478	-0.061331	110.229248	-15.963623	1.809818	109.581869	22.015715	-28.779523	0.000000	112.133874	-9.849690	4.871223	107.739796	28.136336	-7.510415	0.000000	-30.824408	2.390526	-1.975920	134.469866	-7.000957	51.787512	19.441267	57.305895	132.542466	-5.109631	51.162952	14.784063	41.759042
3.150000	-24.795341	-2.516034	5.875995	0.682686	0.483064	-0.061460	110.485265	-16.057837	1.802949	109.830570	21.995627	-28.571550	0.000000	112.391099	-9.864424	4.939851	107.994664	27.881113	-7.577814	0.000000	-30.992295	2.401732	-1.920693	134.593897	-6.895280	51.822963	19.265847	57.223881	132.659071	-4.935341	51.171103	14.662579	41.592728
3.166667	-24.735397	-2.526564	5.814815	0.682265	0.482428	-0.061531	110.649060	-16.159395	1.735972	109.952207	21.957620	-28.366828	0.000000	112.561212	-9.907712	4.980080	108.148649	27.617319	-7.663443	0.000000	-31.101506	2.399550	-1.932882	134.633321	-6.811130	51.882833	19.168242	57.155092	132.741885	-4.844560	51.192196	14.573638	41.447928
3.183333	-24.708609	-2.540457	5.738568	0.682002	0.482581	-0.061522	110.708451	-16.263815	1.606985	109.951184	21.898237	-28.194011	0.000000	112.631255	-9.979714	4.995263	108.200185	27.371829	-7.762197	0.000000	-31.143165	2.389181	-2.008196	134.590971	-6.739597	51.950985	19.118634	57.078542	132.780164	-4.831205	51.227943	14.510183	41.291983
3.200000	-24.710598	-2.559394	5.659657	0.681777	0.483521	-0.061442	110.662982	-16.362309	1.426641	109.829740	21.793340	-28.094976	0.000000	112.593075	-10.070605	4.985384	108.133346	27.164616	-7.856849	0.000000	-31.115252	2.377482	-2.138081	134.486683	-6.680383	52.010539	19.095578	56.970530	132.775023	-4.887830	51.284424	14.477322	41.088621
3.216667	-24.735788	-2.582527	5.590212	0.681470	0.485270	-0.061329	110.517648	-16.441833	1.214643	109.585036	21.605231	-28.113198	0.000000	112.441630	-10.163636	4.949360	107.924762	27.003885	-7.927535	0.000000	-31.020291	2.371552	-2.310640	134.340989	-6.641283	52.048368	19.086403	56.805212	132.730074	-5.006049	51.371502	14.488362	40.796804
3.233333	-24.777787	-2.606032	5.538606	0.681034	0.487866	-0.061227	110.276566	-16.487950	0.993535	109.210386	21.303439	-28.275110	0.000000	112.172366	-10.240032	4.886162	107.555903	26.887859	-7.963871	0.000000	-30.862015	2.375409	-2.511130	134.163484	-6.635227	52.060022	19.085876	56.560526	132.642536	-5.176047	51.498475	14.555856	40.378116
3.250000	-24.831762	-2.622960	5.510233	0.680539	0.491352	-0.061134	109.940348	-16.490151	0.783287	108.700361	20.892746	-28.565928	0.000000	111.780857	-10.284259	4.793590	107.021834	26.809797	-7.968534	0.000000	-30.642137	2.386441	-2.722318	133.953946	-6.678803	52.052461	19.095535	56.236996	132.500666	-5.382087	51.662786	14.681433	39.826896
3.266667	-24.897195	-2.624458	5.508509	0.680149	0.495759	-0.061003	109.505734	-16.444495	0.597683	108.053218	20.430428	-28.912620	0.000000	111.264154	-10.288826	4.666262	106.330923	26.759959	-7.954699	0.000000	-30.357953	2.393497	-2.924334	133.707958	-6.790967	52.043730	19.123740	55.875519	132.286075	-5.597235	51.838700	14.851711	39.200110
3.283333	-24.977677	-2.600544	5.532045	0.679991	0.501104	-0.060793	108.967835	-16.350970	0.443498	107.268373	20.001659	-29.212740	0.000000	110.621382	-10.256729	4.494324	105.497729	26.725028	-7.945928	0.000000	-30.003046	2.377174	-3.093876	133.418021	-6.988982	52.056130	19.187502	55.538954	131.975098	-5.788477	51.983191	15.055546	38.588315
3.300000	-25.075825	-2.540828	5.571161	0.680062	0.507350	-0.060509	108.324874	-16.210383	0.322352	106.346557	19.664668	-29.397358	0.000000	109.853366	-10.199212	4.266555	104.537371	26.686615	-7.977137	0.000000	-29.572753	2.314250	-3.207202	133.070776	-7.282191	52.105284	19.312882	55.266194	131.540539	-5.932938	52.056301	15.309556	38.041970
3.316667	-25.187928	-2.437297	5.609604	0.680231	0.514384	-0.060181	107.582502	-16.024879	0.232673	105.293310	19.423961	-29.458307	0.000000	108.964690	-10.129327	3.977344	103.464430	26.619944	-8.088666	0.000000	-29.072518	2.186471	-3.247490	132.652664	-7.666376	52.193705	19.524881	55.054462	130.964324	-6.027436	52.033001	15.653612	37.546632
3.333333	-25.301440	-2.287425	5.630002	0.680262	0.522042	-0.059819	106.753179	-15.797948	0.170140	104.118981	19.243440	-29.428589	0.000000	107.966626	-10.056450	3.631840	102.292746	26.495535	-8.311973	0.000000	-28.525972	1.987915	-3.208879	132.167644	-8.118095	52.309161	19.821907	54.881655	130.258583	-6.081847	51.906213	16.112433	37.069407
3.350000	-25.397342	-2.095358	5.618119	0.679969	0.530181	-0.059395	105.849740	-15.531929	0.127443	102.838085	19.067571	-29.360723	0.000000	106.875218	-9.987035	3.246371	101.034335	26.286329	-8.655775	0.000000	-27.972145	1.726476	-3.094169	131.644485	-8.593711	52.425817	20.158024	54.732136	129.469591	-6.108783	51.687861	16.666541	36.609242
3.366667	-25.462092	-1.871614	5.565588	0.679473	0.538727	-0.058870	104.879414	-15.228279	0.094174	101.471243	18.837642	-29.319192	0.000000	105.706886	-9.929591	2.843488	99.698436	25.979369	-9.102119	0.000000	-27.439761	1.420778	-2.911558	131.109857	-9.046789	52.511936	20.477253	54.602460	128.643667	-6.125325	51.389994	17.279006	36.195081
3.383333	-25.499580	-1.631045	5.471604	0.679191	0.547676	-0.058235	103.842576	-14.891936	0.057794	100.042139	18.503528	-29.372053	0.000000	104.475094	-9.895941	2.442005	98.291088	25.585265	-9.614309	0.000000	-26.919102	1.094699	-2.673845	130.549214	-9.455452	52.539035	20.776476	54.492210	127.781898	-6.162461	50.990956	17.954435	35.847191
3.400000	-25.527392	-1.388065	5.342333	0.679497	0.557045	-0.057537	102.736198	-14.534145	0.007373	98.568200	18.035371	-29.568877	0.000000	103.186971	-9.895013	2.048041	96.815332	25.135724	-10.154788	0.000000	-26.368967	0.770171	-2.398528	129.907257	-9.829143	52.481413	21.114971	54.397526	126.839224	-6.262879	50.427944	18.754102	35.559876
3.416667	-25.562808	-1.152235	5.188593	0.680443	0.566796	-0.056853	101.562859	-14.170628	-0.061909	97.057084	17.442692	-29.906543	0.000000	101.844861	-9.925019	1.655834	95.273668	24.671951	-10.696943	0.000000	-25.752955	0.461898	-2.107946	129.134200	-10.187013	52.313715	21.559999	54.314230	125.775627	-6.461666	49.636933	19.742940	35.320673
3.433333	-25.612490	-0.927757	5.023502	0.681814	0.576799	-0.056243	100.337892	-13.817422	-0.146955	95.513701	16.787006	-30.309448	0.000000	100.452691	-9.972136	1.257123	93.673005	24.235299	-11.217491	0.000000	-25.065931	0.178150	-1.827562	128.228716	-10.533170	52.021834	22.130973	54.244376	124.605496	-6.765879	48.613821	20.918177	35.133985
3.450000	-25.670557	-0.714469	4.860585	0.683373	0.586897	-0.055723	99.082468	-13.486555	-0.237901	93.945020	16.157872	-30.661669	0.000000	99.015733	-10.016891	0.847590	92.025418	23.855170	-11.693681	0.000000	-24.332072	-0.077050	-1.579615	127.238197	-10.856199	51.625079	22.789380	54.198666	123.398022	-7.151583	47.446348	22.187311	35.021406
3.466667	-25.722707	-0.508175	4.711638	0.685002	0.597006	-0.055265	97.806900	-13.183528	-0.322314	92.356347	15.624816	-30.871093	0.000000	97.533867	-10.042689	0.426416	90.342742	23.532680	-12.118728	0.000000	-23.586218	-0.305629	-1.377323	126.225706	-11.147592	51.188705	23.468842	54.192581	122.238155	-7.579365	46.293302	23.408040	35.002273
3.483333	-25.751558	-0.302781	4.584841	0.686662	0.607100	-0.054817	96.503076	-12.909178	-0.390799	90.748523	15.210856	-30.906286	0.000000	96.001873	-10.039478	-0.004086	88.633155	23.237450	-12.511247	0.000000	-22.857142	-0.515947	-1.226929	125.237200	-11.412535	50.797443	24.115866	54.239347	121.184541	-8.016297	45.313765	24.459783	35.080394
3.500000	-25.741847	-0.095964	4.483840	0.688262	0.617144	-0.054347	95.155384	-12.662549	-0.440869	89.119725	14.895317	-30.796284	0.000000	94.421085	-10.001658	-0.434744	86.902407	22.923149	-12.904204	0.000000	-22.161341	-0.716445	-1.132546	124.294261	-11.663004	50.506303	24.710292	54.342017	120.254847	-8.448752	44.589235	25.297609	35.242870
3.516667	-25.683365	0.106349	4.407007	0.689657	0.627072	-0.053868	93.757837	-12.440383	-0.477146	87.471359	14.629876	-30.611412	0.000000	92.808089	-9.926567	-0.847214	85.158080	22.550554	-13.323058	0.000000	-21.506504	-0.907967	-1.094903	123.411241	-11.903111	50.326198	25.245258	54.489558	119.446710	-8.875509	44.117046	25.936230	35.462423
3.533333	-25.569063	0.294000	4.348273	0.690819	0.636783	-0.053427	92.319774	-12.237067	-0.505121	85.818085	14.361840	-30.432490	0.000000	91.186593	-9.815929	-1.220952	83.415789	22.102254	-13.775223	0.000000	-20.896356	-1.084968	-1.107606	122.603882	-12.125944	50.243443	25.708138	54.664386	118.756175	-9.297335	43.859359	26.411052	35.709107
3.550000	-25.393454	0.460596	4.299658	0.691919	0.646173	-0.053073	90.858065	-12.046323	-0.523856	84.190486	14.054910	-30.320253	0.000000	89.572371	-9.676947	-1.543750	81.701144	21.586772	-14.249256	0.000000	-20.327042	-1.242615	-1.155107	121.873231	-12.325314	50.234074	26.092874	54.855004	118.164439	-9.718493	43.773771	26.775292	35.966954
3.566667	-25.154929	0.605505	4.252469	0.693206	0.655207	-0.052834	89.384464	-11.860770	-0.527315	82.621326	13.696687	-30.301209	0.000000	87.966709	-9.521366	-1.814090	80.040814	21.039501	-14.709483	0.000000	-19.779531	-1.379268	-1.211133	121.190684	-12.505655	50.271146	26.406243	55.060083	117.620057	-10.148913	43.822633	27.096225	36.237556
3.583333	-24.856886	0.732641	4.198947	0.694874	0.663962	-0.052711	87.895508	-11.672662	-0.509876	81.126765	13.293043	-30.376870	0.000000	86.355809	-9.360892	-2.038633	78.446019	20.509110	-15.108674	0.000000	-19.223778	-1.496851	-1.244062	120.502984	-12.686354	50.330471	26.666396	55.286624	117.044004	-10.602502	43.975827	27.444002	36.534291
3.600000	-24.507676	0.850067	4.135714	0.697038	0.672587	-0.052680	86.374189	-11.478388	-0.468777	79.699778	12.860422	-30.537669	0.000000	84.716995	-9.201253	-2.230453	76.904303	20.033505	-15.417237	0.000000	-18.630520	-1.602765	-1.229335	119.749153	-12.902467	50.391293	26.911581	55.547383	116.350895	-11.093275	44.201259	27.889941	36.875840
3.616667	-24.123222	0.967337	4.064288	0.699759	0.681199	-0.052695	84.804293	-11.280545	-0.404821	78.318719	12.424180	-30.763049	0.000000	83.034622	-9.042284	-2.405391	75.389285	19.631083	-15.629260	0.000000	-17.973071	-1.708330	-1.157385	118.874470	-13.195142	50.435625	27.200342	55.855294	115.466818	-11.628134	44.452292	28.495457	37.276928
3.633333	-23.726179	1.092491	3.988358	0.703104	0.689821	-0.052723	83.181550	-11.086084	-0.321806	76.960467	12.012977	-31.024437	0.000000	81.309325	-8.882402	-2.578099	73.877945	19.299989	-15.755768	0.000000	-17.225305	-1.824935	-1.037020	117.834975	-13.595679	50.446454	27.601282	56.221979	114.336025	-12.208124	44.667923	29.304894	37.746837
3.650000	-23.340009	1.229879	3.912903	0.707102	0.698388	-0.052757	81.517958	-10.904673	-0.226567	75.609853	11.648195	-31.295322	0.000000	79.557641	-8.719703	-2.758391	72.362914	19.015209	-15.827174	0.000000	-16.366681	-1.960521	-0.896656	116.601688	-14.111253	50.406496	28.171476	56.657474	112.930444	-12.832772	44.785882	30.338392	38.291991
3.666667	-22.984947	1.376376	3.844383	0.711572	0.706759	-0.052797	79.846813	-10.745803	-0.131416	74.263529	11.342937	-31.548126	0.000000	77.814845	-8.551218	-2.946089	70.855246	18.737086	-15.887908	0.000000	-15.390482	-2.115223	-0.776370	115.177069	-14.712474	50.307639	28.912865	57.155398	111.274710	-13.487666	44.763402	31.549054	38.900043
3.683333	-22.674695	1.521216	3.788222	0.716098	0.714822	-0.052823	78.215662	-10.613181	-0.052927	72.922390	11.098187	-31.754418	0.000000	76.128103	-8.374411	-3.131131	69.371858	18.423005	-15.982170	0.000000	-14.315395	-2.280301	-0.711297	113.612521	-15.334974	50.164168	29.751383	57.680959	109.463658	-14.135634	44.601307	32.802489	39.526517
3.700000	-22.411542	1.651862	3.746749	0.720276	0.722654	-0.052822	76.657721	-10.502634	-0.006556	71.572952	10.883514	-31.907056	0.000000	74.529038	-8.188020	-3.301308	67.912108	18.029592	-16.142979	0.000000	-13.192588	-2.441033	-0.715050	111.999302	-15.906175	50.008985	30.574064	58.187626	107.635584	-14.728601	44.349689	33.936671	40.116098
3.716667	-22.183107	1.758750	3.720713	0.723934	0.730513	-0.052816	75.164672	-10.406745	-0.003799	70.177885	10.631712	-32.035076	0.000000	73.009416	-7.991011	-3.448591	66.444717	17.518210	-16.384246	0.000000	-12.094023	-2.579397	-0.772053	110.432095	-16.375428	49.876659	31.274425	58.642629	105.913039	-15.215821	44.083095	34.826802	40.632773
3.733333	-21.965773	1.837526	3.710946	0.727121	0.738651	-0.052843	73.688726	-10.320278	-0.049857	68.690207	10.268705	-32.190106	0.000000	71.523318	-7.781794	-3.570653	64.916230	16.867375	-16.702677	0.000000	-11.085795	-2.680194	-0.846479	108.969961	-16.725595	49.789496	31.777504	59.036741	104.356998	-15.547369	43.864581	35.405675	41.069847
3.750000	-21.735088	1.890704	3.718314	0.730015	0.747172	-0.052914	72.170283	-10.242362	-0.141283	67.078557	9.755618	-32.415713	0.000000	70.010736	-7.558889	-3.670842	63.273031	16.085275	-17.079999	0.000000	-10.203014	-2.739201	-0.902109	107.613828	-16.969470	49.750723	32.059200	59.380542	102.955762	-15.687720	43.722336	35.667857	41.445160
3.766667	-21.472617	1.926378	3.742003	0.732876	0.756029	-0.052994	70.562697	-10.175451	-0.270251	65.340870	9.106445	-32.720626	0.000000	68.419851	-7.323718	-3.756821	61.483395	15.218831	-17.470364	0.000000	-9.441557	-2.763472	-0.915997	106.308322	-17.136198	49.745951	32.145546	59.691121	101.642227	-15.626354	43.651010	35.652672	41.786730
3.783333	-21.165964	1.954725	3.775588	0.735992	0.765104	-0.053030	68.840298	-10.120166	-0.431078	63.498273	8.367302	-33.079987	0.000000	66.715817	-7.083233	-3.837499	59.546815	14.344278	-17.801880	0.000000	-8.767886	-2.765898	-0.879221	104.961865	-17.255300	49.743562	32.097041	59.980412	100.322084	-15.378903	43.623258	35.417097	42.120824
3.800000	-20.809031	1.984377	3.805453	0.739603	0.774274	-0.052975	66.996110	-10.069398	-0.620878	61.579287	7.581442	-33.460749	0.000000	64.882405	-6.849042	-3.919341	57.487428	13.536566	-18.005493	0.000000	-8.136541	-2.760976	-0.791172	103.475508	-17.350671	49.687452	31.998944	60.255668	98.901199	-14.983410	43.593281	35.030711	42.473550
3.816667	-20.400523	2.018412	3.816584	0.743779	0.783439	-0.052821	65.035303	-10.008435	-0.836981	59.607234	6.774295	-33.841396	0.000000	62.922285	-6.633431	-4.002885	55.342487	12.837507	-18.042900	0.000000	-7.511904	-2.760570	-0.653375	101.777977	-17.445773	49.499145	31.941037	60.524281	97.314142	-14.485196	43.502564	34.575656	42.874777
3.833333	-19.940178	2.051756	3.803191	0.748333	0.792505	-0.052610	62.973735	-9.922898	-1.076012	57.597658	5.968333	-34.209071	0.000000	60.859334	-6.444451	-4.080956	53.157448	12.239668	-17.921312	0.000000	-6.885569	-2.767389	-0.467294	99.858987	-17.566767	49.109832	31.980634	60.792442	95.547358	-13.921010	43.305154	34.136260	43.348862
3.850000	-19.430706	2.072506	3.775350	0.752909	0.801361	-0.052412	60.842962	-9.808229	-1.336379	55.563271	5.202914	-34.540472	0.000000	58.741026	-6.283073	-4.140208	50.982856	11.697030	-17.689574	0.000000	-6.272081	-2.769936	-0.238295	97.780165	-17.732732	48.509871	32.115769	61.057174	93.641078	-13.322390	43.004612	33.785913	43.894312
3.866667	-18.883261	2.066763	3.753480	0.757220	0.809895	-0.052280	58.687424	-9.670577	-1.620971	53.517250	4.517421	-34.801591	0.000000	56.628768	-6.144860	-4.164506	48.863726	11.157575	-17.414387	0.000000	-5.688526	-2.745532	0.020752	95.650741	-17.942325	47.767507	32.287994	61.303893	91.672561	-12.724279	42.666757	33.560865	44.477121
3.883333	-18.317666	2.023795	3.755426	0.761208	0.818020	-0.052238	56.551071	-9.518127	-1.934484	51.471627	3.917012	-34.975385	0.000000	54.576580	-6.023689	-4.136869	46.827923	10.594038	-17.154722	0.000000	-5.140405	-2.669466	0.290033	93.584457	-18.170456	46.999050	32.411235	61.515033	89.733995	-12.161770	42.395018	33.432187	45.048065
3.900000	-17.752781	1.937579	3.789269	0.765025	0.825718	-0.052292	54.457176	-9.352104	-2.278378	49.430907	3.379470	-35.073385	0.000000	52.609574	-5.914804	-4.040856	44.881930	10.011321	-16.948123	0.000000	-4.625973	-2.523118	0.544137	91.659660	-18.378871	46.309805	32.417765	61.679485	87.906669	-11.662738	42.285221	33.322035	45.569055
3.916667	-17.195483	1.806206	3.853821	0.768876	0.833063	-0.052435	52.395619	-9.165375	-2.649381	47.387449	2.884600	-35.118151	0.000000	50.717182	-5.817660	-3.867655	43.014130	9.429262	-16.807601	0.000000	-4.146911	-2.300699	0.756970	89.894723	-18.535544	45.740792	32.298435	61.796712	86.234137	-11.242135	42.382318	33.160927	46.031789
3.933333	-16.643562	1.633401	3.939490	0.772852	0.840160	-0.052662	50.340380	-8.949170	-3.040261	45.329062	2.418234	-35.123991	0.000000	48.871512	-5.736183	-3.626370	41.202944	8.860847	-16.725139	0.000000	-3.705322	-2.012538	0.911685	88.253406	-18.626744	45.271197	32.101261	61.874679	84.709899	-10.901080	42.672047	32.928799	46.452494
3.950000	-16.094377	1.430271	4.027567	0.776875	0.847070	-0.052973	48.277482	-8.700256	-3.441234	43.250697	1.962928	-35.087811	0.000000	47.049823	-5.675599	-3.344043	39.425280	8.302677	-16.682921	0.000000	-3.297235	-1.680320	1.008438	86.676243	-18.654457	44.862218	31.892965	61.923877	83.289267	-10.632146	43.104675	32.653708	46.850920
3.966667	-15.547105	1.214253	4.092806	0.780824	0.853774	-0.053358	46.213217	-8.423443	-3.842201	41.158442	1.504651	-34.988353	0.000000	45.242173	-5.639201	-3.054583	37.665821	7.739992	-16.666081	0.000000	-2.913645	-1.329582	1.063411	85.110709	-18.627900	44.487869	31.722964	61.953167	81.913141	-10.426118	43.614746	32.388588	47.236278
3.983333	-15.001509	1.004885	4.112653	0.784667	0.860188	-0.053795	44.164066	-8.130917	-4.237274	39.065652	1.047636	-34.793572	0.000000	43.448832	-5.626452	-2.786710	35.924969	7.158184	-16.667167	0.000000	-2.544248	-0.983761	1.098414	83.525006	-18.556294	44.138578	31.611945	61.968410	80.527749	-10.278085	44.131708	32.189273	47.606776
4.000000	-14.453479	0.818143	4.076703	0.788458	0.866258	-0.054249	42.138087	-7.838713	-4.630104	36.983383	0.611335	-34.474493	0.000000	41.668822	-5.632854	-2.558103	34.212886	6.546148	-16.686321	0.000000	-2.185437	-0.659170	1.129900	81.906830	-18.445858	43.801865	31.560994	61.972807	79.094132	-10.189392	44.590872	32.101360	47.962057
4.016667	-13.894713	0.664508	3.986823	0.792291	0.872012	-0.054677	40.128637	-7.561157	-5.030831	34.916151	0.215775	-34.018609	0.000000	39.890771	-5.652157	-2.379414	32.533371	5.896084	-16.729472	0.000000	-1.839837	-0.366056	1.166968	80.250583	-18.300700	43.446175	31.564102	61.969027	77.583614	-10.163774	44.938349	32.153982	48.314754
4.033333	-13.320573	0.549121	3.850610	0.796292	0.877465	-0.055022	38.127415	-7.305188	-5.447294	32.868545	-0.121747	-33.433803	0.000000	38.099958	-5.681075	-2.261463	30.880345	5.214484	-16.799419	0.000000	-1.503459	-0.112287	1.214280	78.545987	-18.122933	43.030179	31.613405	61.961615	75.970855	-10.200542	45.127844	32.352940	48.687490
4.050000	-12.735665	0.469389	3.677284	0.800545	0.882560	-0.055236	36.136148	-7.067189	-5.883227	30.848588	-0.387041	-32.741616	0.000000	36.292897	-5.723386	-2.218593	29.247426	4.530818	-16.882217	0.000000	-1.161344	0.098782	1.272718	76.779746	-17.912111	42.521718	31.699828	61.958506	74.240123	-10.286216	45.120152	32.670731	49.103112
4.066667	-12.151940	0.414936	3.477193	0.804998	0.887272	-0.055317	34.166698	-6.836370	-6.342070	28.861189	-0.582210	-31.967261	0.000000	34.480848	-5.786834	-2.267782	27.628040	3.885604	-16.939629	0.000000	-0.797235	0.271053	1.339462	74.941594	-17.669071	41.907629	31.816880	61.971992	72.392662	-10.391095	44.887926	33.048868	49.579906
4.083333	-11.578804	0.373131	3.262426	0.809493	0.891699	-0.055312	32.229974	-6.603262	-6.830443	26.901938	-0.736540	-31.130952	0.000000	32.673643	-5.874219	-2.421967	26.003728	3.308957	-16.918033	0.000000	-0.409559	0.413276	1.408701	73.023937	-17.401526	41.182496	31.972157	62.019640	70.439208	-10.478586	44.411966	33.426492	50.139122
4.100000	-11.013165	0.335176	3.047693	0.813909	0.896009	-0.055285	30.322110	-6.365984	-7.360079	24.957911	-0.896051	-30.242616	0.000000	30.862611	-5.978033	-2.683424	24.341808	2.810217	-16.768351	0.000000	-0.019256	0.533621	1.471159	71.017338	-17.124125	40.325954	32.193941	62.125680	68.386600	-10.520165	43.669531	33.775024	50.820357
4.116667	-10.442343	0.298196	2.848930	0.818218	0.900313	-0.055290	28.424920	-6.129406	-7.944277	23.013752	-1.104199	-29.307756	0.000000	29.026849	-6.082942	-3.045367	22.611947	2.380672	-16.461776	0.000000	0.342919	0.636024	1.515253	68.912726	-16.854302	39.314300	32.515497	62.320539	66.236336	-10.502854	42.648619	34.101314	51.678051
4.133333	-9.852680	0.263721	2.678398	0.822447	0.904614	-0.055377	26.517126	-5.900048	-8.591042	21.060377	-1.387567	-28.337114	0.000000	27.150027	-6.172405	-3.498460	20.805622	2.002952	-15.994482	0.000000	0.652238	0.721665	1.531884	66.713384	-16.607977	38.157846	32.952814	62.637148	63.994776	-10.427902	41.378806	34.422798	52.758427
4.150000	-9.235243	0.235346	2.540190	0.826619	0.908790	-0.055575	24.586041	-5.683087	-9.301094	19.102893	-1.741566	-27.338326	0.000000	25.229599	-6.234073	-4.034628	18.941036	1.666032	-15.380094	0.000000	0.895577	0.791666	1.519402	64.438157	-16.394285	36.887299	33.505171	63.108271	61.675836	-10.304156	39.909870	34.753789	54.098565
4.166667	-8.594479	0.215969	2.431422	0.830724	0.912613	-0.055873	22.640674	-5.481751	-10.069393	17.162538	-2.126772	-26.303198	0.000000	23.285626	-6.262294	-4.645137	17.056124	1.374412	-14.637594	0.000000	1.079768	0.847712	1.484247	62.111903	-16.212532	35.517268	34.161973	63.757670	59.295708	-10.140761	38.274913	35.105029	55.728900
4.183333	-7.947498	0.205699	2.347688	0.834758	0.915872	-0.056247	20.707180	-5.296397	-10.885516	15.267140	-2.483540	-25.211525	0.000000	21.356972	-6.258197	-5.318167	15.197807	1.141838	-13.781873	0.000000	1.230957	0.891920	1.435618	59.765096	-16.057290	34.086941	34.890133	64.565970	56.878464	-9.949017	36.540524	35.471985	57.606011
4.200000	-7.304692	0.203105	2.285461	0.838777	0.918546	-0.056682	18.799622	-5.124336	-11.736993	13.434442	-2.745084	-24.031365	0.000000	19.473555	-6.227485	-6.041605	13.410534	0.983212	-12.814332	0.000000	1.369518	0.925962	1.378643	57.435777	-15.926797	32.713982	35.635227	65.438387	54.461457	-9.749835	34.864688	35.828041	59.537856
4.216667	-6.663631	0.206776	2.241238	0.842844	0.920778	-0.057168	16.912873	-4.961326	-12.614641	11.667012	-2.851940	-22.721549	0.000000	17.646012	-6.177154	-6.801933	11.729510	0.909678	-11.732050	0.000000	1.498008	0.951309	1.311526	55.149911	-15.823353	31.530134	36.361850	66.244321	52.075262	-9.568483	33.416249	36.145559	61.265437
4.233333	-6.030512	0.215422	2.210816	0.846936	0.922649	-0.057691	15.055559	-4.804176	-13.505866	9.964712	-2.780804	-21.265805	0.000000	15.891439	-6.111910	-7.575759	10.179544	0.918113	-10.562979	0.000000	1.624201	0.970477	1.228432	52.900152	-15.747026	30.573607	37.083644	66.905588	49.719471	-9.419483	32.247151	36.417769	62.643543
4.250000	-5.430445	0.229673	2.187314	0.850940	0.924106	-0.058225	13.266730	-4.653244	-14.382465	8.333608	-2.557686	-19.700124	0.000000	14.244372	-6.031711	-8.332850	8.771441	0.987466	-9.374078	0.000000	1.773523	0.984689	1.125897	50.653131	-15.694068	29.790679	37.846527	67.427446	47.370971	-9.303254	31.293925	36.653092	63.695043
4.266667	-4.887230	0.253682	2.160568	0.854747	0.925130	-0.058736	11.586794	-4.512697	-15.211192	6.779215	-2.232945	-18.081264	0.000000	12.729258	-5.932798	-9.054098	7.495338	1.092227	-8.224065	0.000000	1.963581	0.990656	1.006044	48.369461	-15.661135	29.105134	38.702253	67.863293	45.010586	-9.214581	30.463408	36.859801	64.530705
4.283333	-4.403767	0.293259	2.121875	0.858288	0.925846	-0.059197	10.028917	-4.389198	-15.977808	5.302975	-1.848541	-16.440730	0.000000	11.337996	-5.810457	-9.740710	6.322824	1.215100	-7.122872	0.000000	2.179298	0.982204	0.874673	46.017224	-15.646134	28.452139	39.692402	68.277729	42.637895	-9.146888	29.684293	37.037118	65.274545
4.300000	-3.967185	0.353296	2.068141	0.861514	0.926399	-0.059620	8.589533	-4.292136	-16.690064	3.917446	-1.426398	-14.791329	0.000000	10.042992	-5.660100	-10.406502	5.222534	1.348247	-6.050769	0.000000	2.382890	0.954172	0.742492	43.583180	-15.645161	27.784752	40.824563	68.727235	40.271625	-9.088942	28.924895	37.167997	66.028721
4.316667	-3.566982	0.436736	1.998470	0.864390	0.926848	-0.060040	7.277971	-4.234391	-17.364349	2.663444	-0.970892	-13.151900	0.000000	8.825864	-5.478309	-11.069937	4.176889	1.489072	-4.997808	0.000000	2.542285	0.903507	0.632174	41.072238	-15.653908	27.068705	42.063210	69.255225	37.937831	-9.021243	28.184349	37.226355	66.864771
4.333333	-3.204961	0.543438	1.909077	0.866897	0.927219	-0.060472	6.127620	-4.228954	-18.016681	1.604460	-0.477341	-11.540788	0.000000	7.693062	-5.266531	-11.750086	3.188074	1.631540	-3.970658	0.000000	2.645798	0.828445	0.575557	38.492668	-15.669293	26.266375	43.353278	69.897113	35.654327	-8.920194	27.457068	37.196002	67.833939
4.350000	-2.889982	0.668241	1.796372	0.869005	0.927578	-0.060883	5.177811	-4.281144	-18.655854	0.798225	0.053591	-9.970745	0.000000	6.671247	-5.035095	-12.457528	2.276254	1.762007	-2.979071	0.000000	2.694407	0.729378	0.591642	35.856598	-15.682275	25.350379	44.633634	70.676171	33.431552	-8.770277	26.722563	37.068409	68.964717
4.366667	-2.627747	0.799749	1.664216	0.870635	0.927958	-0.061226	4.447637	-4.381979	-19.273862	0.265216	0.604713	-8.469823	0.000000	5.793669	-4.804000	-13.186743	1.475839	1.870450	-2.031100	0.000000	2.688906	0.612744	0.664779	33.208442	-15.671462	24.360923	45.813808	71.576005	31.285821	-8.575708	25.982556	36.823241	70.225518
4.383333	-2.416266	0.922362	1.524732	0.871655	0.928270	-0.061476	3.925514	-4.508926	-19.845686	-0.024625	1.147628	-7.085068	0.000000	5.088189	-4.598638	-13.923743	0.826800	1.963805	-1.127568	0.000000	2.625671	0.492996	0.747640	30.641626	-15.611744	23.436443	46.762603	72.518303	29.243131	-8.361963	25.289663	36.425749	71.495659
4.400000	-2.243604	1.022553	1.393979	0.871959	0.928349	-0.061642	3.573254	-4.636042	-20.348781	-0.137627	1.661902	-5.849078	0.000000	4.564547	-4.439929	-14.657518	0.358394	2.063042	-0.252407	0.000000	2.492864	0.385562	0.789378	28.262850	-15.492342	22.738889	47.357905	73.398781	27.333185	-8.159427	24.712890	35.844839	72.620616
4.416667	-2.086774	1.094295	1.288340	0.871582	0.928068	-0.061776	3.335149	-4.745488	-20.779345	-0.147140	2.142385	-4.764759	0.000000	4.202487	-4.334766	-15.374752	0.071494	2.185648	0.611893	0.000000	2.269306	0.298123	0.762880	26.136034	-15.324168	22.340756	47.543817	74.154351	25.581402	-7.981338	24.281254	35.068165	73.511366
4.433333	-1.919762	1.138706	1.220027	0.870757	0.927413	-0.061968	3.152864	-4.830863	-21.144100	-0.111366	2.588844	-3.827136	0.000000	3.955086	-4.275338	-16.051960	-0.066229	2.330799	1.455615	0.000000	1.940457	0.231647	0.670300	24.262239	-15.131864	22.206259	47.329906	74.780991	23.996080	-7.821957	23.978993	34.108651	74.170987
4.450000	-1.726392	1.161096	1.192384	0.869829	0.926525	-0.062290	2.981668	-4.894321	-21.446041	-0.066549	2.997025	-3.038601	0.000000	3.768435	-4.245905	-16.661456	-0.105211	2.478183	2.238586	0.000000	1.517064	0.184777	0.533967	22.595163	-14.942122	22.251401	46.759908	75.302643	22.557951	-7.672887	23.778216	33.009215	74.649342
4.466667	-1.504757	1.169542	1.200381	0.869094	0.925727	-0.062760	2.796414	-4.943597	-21.685308	-0.030092	3.355007	-2.403216	0.000000	3.599633	-4.229113	-17.181301	-0.092915	2.597087	2.912057	0.000000	1.032923	0.153776	0.384737	21.069106	-14.771422	22.392198	45.883600	75.743322	21.227373	-7.533634	23.659062	31.832021	75.000766
4.483333	-1.262370	1.174146	1.235838	0.868708	0.925452	-0.063360	2.586982	-4.989691	-21.869467	-0.006923	3.643405	-1.913107	0.000000	3.422625	-4.209074	-17.603101	-0.062769	2.658886	3.446753	0.000000	0.528367	0.131656	0.251072	19.626814	-14.614977	22.559406	44.734599	76.119578	19.965225	-7.408706	23.609329	30.631325	75.268431
4.500000	-1.008861	1.185266	1.291383	0.868704	0.926020	-0.064032	2.350782	-5.043571	-22.017179	0.004509	3.843695	-1.539585	0.000000	3.224380	-4.173583	-17.936251	-0.033388	2.646702	3.849691	0.000000	0.038155	0.109150	0.152436	18.237457	-14.444556	22.698804	43.318162	76.446000	18.751253	-7.300101	23.616756	29.432429	75.484568
4.516667	-0.750743	1.210584	1.360736	0.869001	0.927429	-0.064665	2.087852	-5.111832	-22.151511	0.008012	3.949421	-1.239389	0.000000	2.998766	-4.116971	-18.204846	-0.012251	2.559857	4.159578	0.000000	-0.414173	0.077553	0.096361	16.898710	-14.221965	22.771183	41.629995	76.740375	17.588674	-7.206590	23.662610	28.237969	75.673226
4.533333	-0.490922	1.252362	1.438316	0.869414	0.929391	-0.065135	1.801329	-5.193620	-22.290303	0.007296	3.967208	-0.975386	0.000000	2.745684	-4.041672	-18.436736	-0.000220	2.412144	4.423601	0.000000	-0.820895	0.033080	0.077284	15.623549	-13.923173	22.755130	39.706944	77.016272	16.493496	-7.132121	23.721496	27.063710	75.846344
4.550000	-0.230664	1.307206	1.519006	0.869732	0.931525	-0.065381	1.499133	-5.281425	-22.442003	0.005032	3.910043	-0.731368	0.000000	2.471989	-3.956209	-18.653517	0.004806	2.225337	4.676044	0.000000	-1.188801	-0.021291	0.083124	14.425369	-13.549786	22.646579	37.642191	77.274344	15.482314	-7.088339	23.765651	25.957374	76.000489
4.566667	0.029198	1.368454	1.597667	0.869885	0.933460	-0.065418	1.191096	-5.364908	-22.608680	0.002739	3.794908	-0.506993	0.000000	2.187585	-3.871204	-18.869097	0.005584	2.024347	4.935584	0.000000	-1.528529	-0.078778	0.106175	13.310628	-13.120851	22.453462	35.544396	77.506216	14.567062	-7.085909	23.767991	24.975117	76.122838
4.583333	0.286577	1.429012	1.670482	0.870008	0.934907	-0.065323	0.884557	-5.435211	-22.791051	0.001054	3.643261	-0.306486	0.000000	1.900736	-3.795920	-19.091210	0.004398	1.835247	5.212246	0.000000	-1.843892	-0.132532	0.144706	12.275276	-12.662420	22.190814	33.505184	77.702607	13.750296	-7.128452	23.705150	24.155497	76.199930
4.600000	0.535706	1.483096	1.737126	0.870276	0.935781	-0.065191	0.584899	-5.487758	-22.991005	0.000074	3.479579	-0.132065	0.000000	1.618411	-3.735976	-19.321415	0.002722	1.682641	5.511949	0.000000	-2.130830	-0.176866	0.196659	11.306516	-12.202294	21.878509	31.597382	77.857595	13.023326	-7.213276	23.562199	23.512957	76.223324
4.616667	0.767507	1.526650	1.799485	0.870692	0.936178	-0.065080	0.299715	-5.522160	-23.209276	-0.000351	3.329079	0.017737	0.000000	1.349023	-3.693149	-19.555677	0.001296	1.585344	5.835320	0.000000	-2.385982	-0.207242	0.256944	10.392603	-11.766143	21.539811	29.879030	77.969349	12.373676	-7.333958	23.335627	23.041028	76.191859
4.633333	0.973791	1.557293	1.858081	0.871047	0.936170	-0.064984	0.040596	-5.540206	-23.442016	-0.000431	3.215759	0.145858	0.000000	1.102971	-3.666897	-19.787163	0.000357	1.553642	6.175618	0.000000	-2.614867	-0.220304	0.319189	9.534649	-11.372270	21.197283	28.388401	78.038994	11.796423	-7.483176	23.031062	22.718486	76.110392
4.650000	1.151045	1.573917	1.911022	0.871045	0.935729	-0.064868	-0.178798	-5.543793	-23.679240	-0.000348	3.160856	0.256258	0.000000	0.891765	-3.656187	-20.011130	-0.000126	1.592734	6.525757	0.000000	-2.831135	-0.213977	0.375345	8.752688	-11.026042	20.862953	27.131301	78.069649	11.298077	-7.655290	22.653577	22.515490	75.985266
4.666667	1.301065	1.575785	1.956381	0.870460	0.934898	-0.064733	-0.347059	-5.533597	-23.903903	-0.000220	3.180659	0.356813	0.000000	0.726292	-3.661040	-20.228565	-0.000292	1.707579	6.889796	0.000000	-3.050064	-0.188627	0.413588	8.081281	-10.718530	20.529260	26.073321	78.065850	10.889078	-7.847473	22.197667	22.398731	75.819442
4.683333	1.429100	1.562735	1.995703	0.869249	0.933944	-0.064606	-0.460075	-5.509569	-24.097528	-0.000108	3.281458	0.458590	0.000000	0.613282	-3.682371	-20.443739	-0.000282	1.898214	7.283014	0.000000	-3.282701	-0.149558	0.421508	7.553066	-10.432806	20.174736	25.152453	78.033394	10.573667	-8.057834	21.651210	22.336715	75.612951
4.700000	1.538924	1.536731	2.034792	0.867577	0.933244	-0.064506	-0.520913	-5.473013	-24.249045	-0.000032	3.450951	0.567550	0.000000	0.554363	-3.719547	-20.652848	-0.000201	2.144779	7.710968	0.000000	-3.533321	-0.106950	0.394298	7.177411	-10.158919	19.790723	24.320825	77.980830	10.347885	-8.283785	21.024000	22.303762	75.373234
4.716667	1.627494	1.502062	2.080746	0.865757	0.933005	-0.064424	-0.534708	-5.427293	-24.353508	0.000008	3.653718	0.675569	0.000000	0.549085	-3.768914	-20.833013	-0.000114	2.398619	8.141678	0.000000	-3.799888	-0.071071	0.338548	6.929040	-9.908860	19.408827	23.591228	77.921290	10.203035	-8.524208	20.378448	22.277713	75.126732
4.733333	1.688397	1.463577	2.138151	0.864134	0.933149	-0.064359	-0.510166	-5.376308	-24.409023	0.000022	3.843399	0.764407	0.000000	0.592132	-3.825372	-20.953392	-0.000047	2.601253	8.514703	0.000000	-4.076110	-0.047739	0.267105	6.759590	-9.710088	19.083278	23.023482	77.868482	10.124779	-8.777841	19.797818	22.235176	74.905918
4.750000	1.722922	1.425119	2.205626	0.862910	0.933421	-0.064306	-0.466019	-5.323024	-24.421672	0.000022	3.985095	0.820702	0.000000	0.665275	-3.884601	-21.002064	-0.000007	2.718896	8.787105	0.000000	-4.354982	-0.037859	0.190291	6.625569	-9.579695	18.834642	22.655569	77.828068	10.091706	-9.034713	19.300414	22.151231	74.715079
4.766667	1.744825	1.388763	2.275377	0.862084	0.933566	-0.064235	-0.428453	-5.268665	-24.405542	0.000016	4.066440	0.842208	0.000000	0.738958	-3.944413	-20.992445	0.000012	2.753170	8.955860	0.000000	-4.632560	-0.039423	0.110210	6.506412	-9.510684	18.624475	22.474344	77.794880	10.082891	-9.273331	18.800155	22.000918	74.514894
4.783333	1.774806	1.354756	2.337602	0.861546	0.933476	-0.064091	-0.421224	-5.212707	-24.374022	0.000009	4.093743	0.831777	0.000000	0.783889	-4.005029	-20.946258	0.000016	2.725516	9.041719	0.000000	-4.909320	-0.049480	0.020899	6.402686	-9.479280	18.379447	22.443935	77.757896	10.087184	-9.466990	18.144938	21.761414	74.238552
4.800000	1.831401	1.322500	2.384958	0.861181	0.933193	-0.063859	-0.457593	-5.154729	-24.333921	0.000004	4.083803	0.792430	0.000000	0.781267	-4.067344	-20.880117	0.000014	2.662780	9.068655	0.000000	-5.187875	-0.064504	-0.086273	6.326260	-9.458827	18.030865	22.530983	77.706993	10.102722	-9.592110	17.193526	21.420755	73.824408
4.816667	1.921618	1.291533	2.414057	0.860899	0.932831	-0.063579	-0.534543	-5.096362	-24.286291	0.000001	4.056734	0.729042	0.000000	0.729392	-4.130665	-20.803468	0.000009	2.592584	9.054748	0.000000	-5.465757	-0.080930	-0.214030	6.290530	-9.433335	17.558978	22.703507	77.639609	10.129157	-9.643029	15.921673	20.997259	73.262600
4.833333	2.035562	1.261657	2.425016	0.860636	0.932543	-0.063315	-0.631529	-5.041019	-24.230050	-0.000001	4.030018	0.651616	0.000000	0.645465	-4.192549	-20.720053	0.000005	2.539929	9.011010	0.000000	-5.728772	-0.097408	-0.353044	6.303723	-9.405592	17.022591	22.921531	77.564822	10.161511	-9.648052	14.498120	20.553067	72.629065
4.850000	2.153539	1.232976	2.419942	0.860358	0.932470	-0.063123	-0.721901	-4.992435	-24.164781	-0.000001	4.012481	0.572015	0.000000	0.555106	-4.249957	-20.629466	0.000002	2.517289	8.939811	0.000000	-5.957539	-0.115352	-0.485823	6.367113	-9.391624	16.522331	23.144421	77.497720	10.191785	-9.655925	13.190104	20.168287	72.043270
4.866667	2.261289	1.206357	2.401872	0.860058	0.932617	-0.063049	-0.791351	-4.954113	-24.091088	-0.000001	4.000404	0.495365	0.000000	0.474780	-4.299523	-20.528913	-0.000000	2.514506	8.830502	0.000000	-6.142695	-0.136067	-0.597776	6.476784	-9.405888	16.118411	23.352290	77.447388	10.215905	-9.695163	12.150933	19.890762	71.572739
4.883333	2.356804	1.183407	2.374820	0.859753	0.932806	-0.063127	-0.844324	-4.929181	-24.008313	-0.000001	3.981367	0.416437	0.000000	0.405114	-4.337502	-20.413570	-0.000001	2.505054	8.659710	0.000000	-6.291171	-0.158107	-0.685372	6.626865	-9.452995	15.797651	23.553502	77.412395	10.236803	-9.756709	11.337651	19.719499	71.196042
4.900000	2.445146	1.165665	2.344706	0.859474	0.932802	-0.063373	-0.895733	-4.919564	-23.913040	-0.000000	3.944333	0.324504	0.000000	0.338178	-4.360831	-20.277263	-0.000001	2.466500	8.403097	0.000000	-6.419493	-0.177348	-0.756840	6.811078	-9.529456	15.508525	23.770385	77.385984	10.260932	-9.812933	10.607306	19.627254	70.846855
4.916667	2.529197	1.154041	2.320128	0.859293	0.932497	-0.063784	-0.959222	-4.925636	-23.804679	-0.000000	3.888767	0.214088	0.000000	0.268264	-4.368187	-20.120759	-0.000001	2.396047	8.062019	0.000000	-6.537337	-0.189437	-0.823609	7.020368	-9.628372	15.212847	24.014471	77.362590	10.292984	-9.841192	9.856683	19.584956	70.479117
4.933333	2.603391	1.148958	2.309678	0.859320	0.932031	-0.064343	-1.038148	-4.947231	-23.693564	0.000000	3.827124	0.094784	0.000000	0.198269	-4.359668	-19.961863	-0.000000	2.311838	7.686699	0.000000	-6.632895	-0.192865	-0.889362	7.241097	-9.744273	14.917949	24.267983	77.341141	10.333536	-9.836144	9.109747	19.572653	70.108641
4.950000	2.657094	1.150995	2.317325	0.859614	0.931727	-0.065013	-1.124901	-4.984832	-23.597072	0.000000	3.776380	-0.012852	0.000000	0.136859	-4.335218	-19.827948	-0.000000	2.240042	7.354749	0.000000	-6.681810	-0.189278	-0.950725	7.458057	-9.874836	14.664027	24.494230	77.323928	10.380416	-9.807126	8.481361	19.579735	69.794857
4.966667	2.684311	1.161167	2.341960	0.860098	0.931851	-0.065734	-1.208785	-5.039141	-23.526515	0.000000	3.744725	-0.092664	0.000000	0.090380	-4.293829	-19.734966	-0.000000	2.197058	7.117098	0.000000	-6.672485	-0.181446	-1.005992	7.658947	-10.017079	14.481171	24.668736	77.312779	10.430663	-9.764449	8.055925	19.600740	69.580921
4.983333	2.687392	1.180143	2.380413	0.860606	0.932409	-0.066431	-1.282056	-5.109040	-23.483130	0.000000	3.728458	-0.139618	0.000000	0.060040	-4.235177	-19.679416	0.000000	2.183601	6.976362	0.000000	-6.615242	-0.172647	-1.057792	7.835615	-10.163726	14.368092	24.794265	77.306831	10.481600	-9.711486	7.828113	19.634216	69.464758
5.000000	2.672837	1.207341	2.429800	0.861009	0.933139	-0.067024	-1.340184	-5.190257	-23.465406	0.000000	3.720236	-0.153837	0.000000	0.045234	-4.161775	-19.646700	0.000000	2.191784	6.907274	0.000000	-6.531626	-0.167002	-1.109948	7.981795	-10.305181	14.301484	24.894116	77.302540	10.530873	-9.647003	7.732920	19.686105	69.414357
5.016667	2.646426	1.240793	2.489278	0.861295	0.933672	-0.067466	-1.381434	-5.275882	-23.476363	0.000000	3.717646	-0.133229	0.000000	0.046245	-4.079593	-19.619588	0.000000	2.213059	6.879565	0.000000	-6.443014	-0.168443	-1.165257	8.088970	-10.433722	14.248125	25.004036	77.293870	10.574199	-9.568715	7.684494	19.773655	69.387276
5.033333	2.610995	1.277688	2.561238	0.861555	0.933756	-0.067759	-1.407062	-5.358367	-23.526343	0.000000	3.726402	-0.069602	0.000000	0.064133	-3.996695	-19.581335	0.000000	2.241836	6.868363	0.000000	-6.364660	-0.179155	-1.225319	8.143136	-10.545589	14.170191	25.168900	77.272303	10.602828	-9.473651	7.593623	19.926921	69.339390
5.050000	2.566428	1.315538	2.650929	0.861891	0.933393	-0.067954	-1.420214	-5.432466	-23.631565	-0.000000	3.758116	0.051082	0.000000	0.099800	-3.920079	-19.516831	0.000000	2.275927	6.857257	0.000000	-6.303865	-0.198884	-1.291000	8.125991	-10.641127	14.029465	25.437727	77.227793	10.603209	-9.356902	7.377745	20.184494	69.229781
5.066667	2.511566	1.352597	2.763286	0.862334	0.932806	-0.068107	-1.423967	-5.496163	-23.806546	-0.000000	3.823807	0.241113	0.000000	0.152504	-3.853721	-19.415822	0.000000	2.314682	6.838678	0.000000	-6.262148	-0.225156	-1.361572	8.021913	-10.721922	13.797514	25.846948	77.152268	10.560019	-9.213142	6.978785	20.576389	69.029480
5.083333	2.447680	1.386659	2.896439	0.862835	0.932274	-0.068236	-1.420664	-5.548132	-24.048557	-0.000000	3.923699	0.492772	0.000000	0.216897	-3.800073	-19.281114	0.000000	2.355894	6.814761	0.000000	-6.237071	-0.254237	-1.433444	7.833281	-10.784949	13.477822	26.383942	77.047182	10.467704	-9.041855	6.401980	21.089778	68.740628
5.100000	2.380662	1.414589	3.038527	0.863332	0.932004	-0.068331	-1.412967	-5.585912	-24.325699	-0.000000	4.039189	0.762773	0.000000	0.281972	-3.761555	-19.134703	-0.000000	2.394176	6.797865	0.000000	-6.221595	-0.282386	-1.500886	7.594780	-10.819486	13.123837	26.958399	76.929774	10.343974	-8.850186	5.747871	21.643186	68.412252
5.116667	2.318322	1.433978	3.175135	0.863817	0.932042	-0.068392	-1.404345	-5.607726	-24.592168	-0.000000	4.140739	0.989300	0.000000	0.336184	-3.739059	-19.007375	-0.000000	2.423268	6.806395	0.000000	-6.205681	-0.306829	-1.558719	7.359336	-10.812136	12.815271	27.440506	76.825650	10.222008	-8.647651	5.167016	22.120965	68.117958
5.133333	2.265399	1.444693	3.299932	0.864329	0.932251	-0.068455	-1.398233	-5.614882	-24.820418	-0.000000	4.208013	1.132845	0.000000	0.374213	-3.730171	-18.918454	-0.000000	2.440673	6.855625	0.000000	-6.180837	-0.326266	-1.604985	7.162729	-10.756137	12.604427	27.746114	76.751484	10.124976	-8.438536	4.758961	22.448874	67.906258
5.150000	2.222651	1.448604	3.414717	0.864904	0.932433	-0.068564	-1.397822	-5.611599	-25.008209	-0.000000	4.239276	1.193474	0.000000	0.396958	-3.730202	-18.869886	-0.000000	2.449879	6.948787	0.000000	-6.143788	-0.340536	-1.640973	7.011139	-10.655735	12.494827	27.872668	76.708302	10.054532	-8.223668	4.532160	22.623059	67.781142
5.166667	2.189729	1.448246	3.520917	0.865549	0.932483	-0.068729	-1.406926	-5.602866	-25.160186	0.000000	4.245198	1.196099	0.000000	0.405943	-3.734922	-18.855916	-0.000000	2.458698	7.075717	0.000000	-6.097137	-0.349956	-1.669821	6.896105	-10.522498	12.462188	27.868780	76.688371	9.999316	-8.006709	4.442946	22.679913	67.721330
5.183333	2.166700	1.445591	3.616073	0.866240	0.932410	-0.068927	-1.430261	-5.592286	-25.280219	0.000000	4.239556	1.170941	0.000000	0.400289	-3.742347	-18.872023	-0.000000	2.476596	7.226385	0.000000	-6.044999	-0.354958	-1.696126	6.807447	-10.368159	12.478510	27.791339	76.682564	9.945892	-7.793177	4.439085	22.660898	67.700961
5.200000	2.153294	1.441490	3.697939	0.866946	0.932285	-0.069122	-1.471966	-5.581175	-25.379001	0.000000	4.233316	1.142496	0.000000	0.378689	-3.752687	-18.918251	0.000000	2.513577	7.410778	0.000000	-5.986762	-0.355646	-1.725312	6.737003	-10.199528	12.522829	27.677805	76.683174	9.884119	-7.585688	4.478221	22.594269	67.697654
5.216667	2.148286	1.436029	3.767418	0.867656	0.932226	-0.069296	-1.533114	-5.569462	-25.474870	0.000000	4.232752	1.127370	0.000000	0.341933	-3.766900	-18.999351	0.000000	2.579645	7.661951	0.000000	-5.916624	-0.351573	-1.762324	6.680698	-10.018009	12.583291	27.539658	76.684577	9.808870	-7.383366	4.532215	22.491017	67.694649
5.233333	2.149537	1.429378	3.826825	0.868336	0.932333	-0.069446	-1.609594	-5.557333	-25.583518	0.000000	4.240042	1.136100	0.000000	0.293635	-3.784869	-19.120820	0.000000	2.681368	8.014260	0.000000	-5.829440	-0.342333	-1.809867	6.640220	-9.824122	12.654377	27.374372	76.683383	9.721279	-7.186290	4.585496	22.352499	67.681676
5.250000	2.154397	1.422149	3.877109	0.868887	0.932582	-0.069573	-1.691681	-5.545830	-25.707712	0.000000	4.254118	1.171285	0.000000	0.240038	-3.804580	-19.278581	0.000000	2.813585	8.465138	0.000000	-5.727917	-0.328655	-1.864660	6.620822	-9.623549	12.731676	27.185938	76.678631	9.628642	-6.999220	4.631184	22.185368	67.656049
5.266667	2.160867	1.415054	3.915890	0.869184	0.932823	-0.069670	-1.766616	-5.536218	-25.835271	0.000000	4.271526	1.223074	0.000000	0.188247	-3.822886	-19.449350	0.000000	2.953428	8.948516	0.000000	-5.625175	-0.312700	-1.915398	6.624379	-9.428040	12.807969	26.999394	76.671782	9.541018	-6.828684	4.667630	22.013199	67.623001
5.283333	2.168469	1.408407	3.937947	0.869182	0.932867	-0.069726	-1.823456	-5.529066	-25.948817	0.000000	4.288001	1.273080	0.000000	0.143208	-3.837250	-19.599219	0.000000	3.070360	9.365471	0.000000	-5.537857	-0.296991	-1.948720	6.646051	-9.249279	12.874752	26.850821	76.665517	9.466909	-6.677547	4.696044	21.868578	67.591820
5.300000	2.177562	1.401930	3.939702	0.868951	0.932598	-0.069722	-1.857030	-5.523492	-26.039010	0.000000	4.300611	1.306872	0.000000	0.106604	-3.847343	-19.706466	0.000000	3.146498	9.652550	0.000000	-5.475817	-0.283381	-1.957998	6.679423	-9.092037	12.927128	26.761450	76.661754	9.410695	-6.544329	4.718587	21.771374	67.569219
5.316667	2.187857	1.394922	3.922810	0.868661	0.932013	-0.069652	-1.868474	-5.517163	-26.107371	0.000000	4.309000	1.320478	0.000000	0.078241	-3.855345	-19.770911	-0.000000	3.183916	9.807900	0.000000	-5.439451	-0.272923	-1.944657	6.721672	-8.954231	12.965293	26.728089	76.660811	9.372576	-6.426942	4.736935	21.720263	67.556498
5.333333	2.197826	1.386565	3.892569	0.868533	0.931230	-0.069555	-1.863349	-5.507562	-26.160626	-0.000000	4.314895	1.316905	0.000000	0.056704	-3.864565	-19.804945	-0.000000	3.195974	9.864723	0.000000	-5.423312	-0.265813	-1.913579	6.773047	-8.830589	12.992406	26.734632	76.662042	9.349636	-6.323984	4.752075	21.702003	67.551543
5.350000	2.205766	1.376401	3.855264	0.868745	0.930438	-0.069502	-1.849979	-5.493943	-26.205667	-0.000000	4.320787	1.301381	0.000000	0.038515	-3.877081	-19.823168	-0.000000	3.197599	9.861819	0.000000	-5.418612	-0.260976	-1.870426	6.832888	-8.715390	13.012803	26.764495	76.664666	9.336066	-6.232607	4.765093	21.701867	67.551386
5.366667	2.211481	1.364993	3.818069	0.869307	0.929810	-0.069531	-1.837748	-5.478360	-26.246231	-0.000000	4.329234	1.279620	0.000000	0.018795	-3.892006	-19.837142	-0.000000	3.200972	9.830477	0.000000	-5.414482	-0.256291	-1.822557	6.895452	-8.607388	13.031033	26.805860	76.668144	9.323766	-6.149963	4.777572	21.708641	67.553473
5.383333	2.216429	1.353718	3.788023	0.870027	0.929394	-0.069609	-1.833187	-5.464228	-26.282367	-0.000000	4.343696	1.257371	0.000000	-0.005527	-3.906385	-19.853829	-0.000000	3.215001	9.791639	0.000000	-5.400686	-0.250290	-1.779503	6.950929	-8.512244	13.052310	26.854886	76.672391	9.304889	-6.076331	4.791942	21.716814	67.556023
5.400000	2.221365	1.343564	3.768714	0.870647	0.929093	-0.069667	-1.835657	-5.453635	-26.313230	-0.000000	4.370070	1.240052	0.000000	-0.032483	-3.917928	-19.876450	-0.000000	3.246234	9.758167	0.000000	-5.370978	-0.243815	-1.751088	6.991515	-8.438052	13.084846	26.919518	76.678061	9.274499	-6.014575	4.812540	21.727503	67.557948
5.416667	2.223545	1.334604	3.759608	0.871002	0.928755	-0.069671	-1.837329	-5.446593	-26.338870	-0.000000	4.416587	1.233092	0.000000	-0.054282	-3.926155	-19.905715	0.000000	3.299384	9.738572	0.000000	-5.324476	-0.238795	-1.745393	7.014384	-8.391578	13.141481	27.020071	76.686648	9.230567	-5.969331	4.846170	21.747696	67.558583
5.433333	2.216390	1.326594	3.758789	0.871087	0.928314	-0.069627	-1.827248	-5.442290	-26.359682	0.000000	4.491529	1.242379	0.000000	-0.059502	-3.931426	-19.940569	0.000000	3.377040	9.739613	0.000000	-5.264513	-0.235237	-1.767614	7.019784	-8.378239	13.238187	27.183915	76.700177	9.171935	-5.947226	4.901038	21.787506	67.557446
5.450000	2.192746	1.319475	3.764673	0.871031	0.927840	-0.069554	-1.796590	-5.439952	-26.376039	0.000000	4.599942	1.272645	0.000000	-0.038111	-3.934251	-19.979074	0.000000	3.479000	9.765845	0.000000	-5.195917	-0.231040	-1.819009	7.009419	-8.401069	13.388020	27.433786	76.720349	9.097501	-5.954210	4.983655	21.855471	67.554235
5.466667	2.151048	1.313440	3.775456	0.870976	0.927515	-0.069459	-1.744792	-5.438776	-26.388598	0.000000	4.737432	1.322911	0.000000	0.011334	-3.935468	-20.018806	0.000000	3.599055	9.815534	0.000000	-5.123524	-0.224988	-1.893847	6.987448	-8.456220	13.587901	27.765708	76.746794	9.009215	-5.989532	5.092173	21.950893	67.549139
5.483333	2.099571	1.309003	3.788359	0.870974	0.927527	-0.069354	-1.683301	-5.438033	-26.398108	0.000000	4.883551	1.382910	0.000000	0.077208	-3.936074	-20.056069	0.000000	3.720020	9.877219	0.000000	-5.053823	-0.218774	-1.976067	6.961836	-8.529620	13.806574	28.129274	76.775473	8.916315	-6.042281	5.210125	22.057572	67.543135
5.500000	2.051879	1.307007	3.799942	0.871026	0.927939	-0.069286	-1.630160	-5.437665	-26.405212	0.000000	5.008518	1.437774	0.000000	0.140335	-3.936282	-20.086948	0.000000	3.818091	9.934395	0.000000	-4.993978	-0.215867	-2.044551	6.941941	-8.603315	13.997109	28.448381	76.800257	8.831135	-6.096730	5.313091	22.150560	67.537595
5.516667	2.016863	1.308536	3.806717	0.871139	0.928647	-0.069308	-1.598768	-5.438896	-26.410965	0.000000	5.091422	1.478367	0.000000	0.185792	-3.934589	-20.110837	0.000000	3.876528	9.975737	0.000000	-4.946230	-0.218781	-2.085730	6.932917	-8.667883	14.128633	28.673412	76.817004	8.757484	-6.142036	5.385701	22.212658	67.533404
5.533333	1.995015	1.314836	3.805023	0.871311	0.929476	-0.069458	-1.592376	-5.444521	-26.416989	0.000000	5.127515	1.505461	0.000000	0.208277	-3.927657	-20.131496	-0.000000	3.891653	9.999113	0.000000	-4.906440	-0.227147	-2.099423	6.932520	-8.726234	14.199499	28.802259	76.825276	8.687270	-6.175294	5.428592	22.241616	67.530635
5.550000	1.982464	1.327059	3.790983	0.871504	0.930318	-0.069731	-1.606023	-5.458403	-26.424767	-0.000000	5.120966	1.525837	0.000000	0.209312	-3.911174	-20.154415	-0.000000	3.867916	10.007744	0.000000	-4.868947	-0.237473	-2.094732	6.932760	-8.786858	14.225170	28.859655	76.826817	8.608670	-6.197322	5.451582	22.244739	67.528947
5.566667	1.975317	1.345440	3.762233	0.871635	0.931144	-0.070072	-1.629888	-5.483419	-26.434754	-0.000000	5.077957	1.547272	0.000000	0.194365	-3.881978	-20.183700	-0.000001	3.812940	10.005889	0.000000	-4.831275	-0.244888	-2.083261	6.925722	-8.856111	14.224024	28.874421	76.823818	8.515772	-6.208920	5.465557	22.232432	67.527999
5.583333	1.970831	1.368576	3.720070	0.871627	0.931912	-0.070392	-1.652420	-5.519067	-26.445981	-0.000001	5.005041	1.575595	0.000000	0.171819	-3.840440	-20.220386	-0.000001	3.735775	9.996955	0.000000	-4.795558	-0.245830	-2.073831	6.909878	-8.934605	14.210594	28.869929	76.818126	8.413119	-6.210406	5.478469	22.214974	67.527601
5.600000	1.967215	1.394237	3.668403	0.871486	0.932539	-0.070617	-1.664186	-5.562020	-26.456715	-0.000001	4.908540	1.613820	0.000000	0.150211	-3.790235	-20.263103	-0.000001	3.644752	9.982952	0.000000	-4.766468	-0.239017	-2.070532	6.889646	-9.018856	14.193821	28.861525	76.810969	8.311252	-6.202522	5.494600	22.200297	67.527685
5.616667	1.964094	1.420614	3.611227	0.871317	0.932959	-0.070714	-1.661633	-5.608261	-26.465677	-0.000001	4.795780	1.661584	0.000000	0.134065	-3.736301	-20.309419	-0.000001	3.546378	9.964858	0.000000	-4.747441	-0.224707	-2.073522	6.868930	-9.104339	14.178070	28.856513	76.803033	8.217963	-6.187692	5.515192	22.192087	67.528179
5.633333	1.963051	1.445724	3.552668	0.871259	0.933157	-0.070702	-1.648349	-5.653010	-26.472328	-0.000001	4.679242	1.713990	0.000000	0.122365	-3.684509	-20.355537	-0.000000	3.448077	9.943380	0.000000	-4.739068	-0.204314	-2.080382	6.847382	-9.184721	14.165051	28.855591	76.794826	8.136340	-6.170766	5.538795	22.189677	67.528927
5.650000	1.967181	1.467094	3.496791	0.871398	0.933163	-0.070616	-1.632380	-5.691139	-26.476066	-0.000000	4.574371	1.764065	0.000000	0.110250	-3.640922	-20.397669	0.000002	3.357763	9.918303	0.000000	-4.739542	-0.180291	-2.087660	6.821977	-9.252624	14.154966	28.856034	76.786659	8.066622	-6.157329	5.562833	22.190235	67.529756
5.666667	1.980079	1.483439	3.444918	0.871705	0.933024	-0.070497	-1.621730	-5.720166	-26.475500	0.000002	4.489781	1.808707	0.000000	0.091481	-3.608754	-20.436010	0.000007	3.277809	9.886873	0.000000	-4.744929	-0.155470	-2.092595	6.789883	-9.305240	14.146685	28.855406	76.778161	8.005082	-6.150596	5.586489	22.191350	67.530601
5.683333	2.004523	1.495619	3.394638	0.872072	0.932796	-0.070378	-1.621413	-5.741481	-26.468527	0.000007	4.424102	1.850380	0.000000	0.060747	-3.587090	-20.474897	0.000014	3.203914	9.844693	0.000000	-4.750200	-0.132027	-2.094341	6.749673	-9.346293	14.138235	28.853100	76.768323	7.945054	-6.150890	5.611379	22.192199	67.531526
5.700000	2.040324	1.505551	3.342923	0.872389	0.932544	-0.070285	-1.632138	-5.758272	-26.453341	0.000013	4.373334	1.892426	0.000000	0.016680	-3.572725	-20.517273	0.000021	3.132660	9.790478	0.000000	-4.751384	-0.110891	-2.094566	6.702045	-9.381355	14.128113	28.849642	76.756479	7.883463	-6.157761	5.638922	22.193348	67.532606
5.716667	2.082569	1.514673	3.290312	0.872600	0.932355	-0.070234	-1.649943	-5.773090	-26.429317	0.000020	4.338857	1.934166	0.000000	-0.035508	-3.562353	-20.559688	0.000026	3.069401	9.730449	0.000000	-4.746800	-0.092437	-2.097364	6.651812	-9.412777	14.116289	28.846099	76.743266	7.827081	-6.171632	5.667625	22.196333	67.533813
5.733333	2.123368	1.523545	3.240729	0.872694	0.932315	-0.070224	-1.668478	-5.787098	-26.396045	0.000022	4.328087	1.971953	0.000000	-0.086262	-3.553387	-20.594493	0.000019	3.026821	9.675456	0.000000	-4.736821	-0.077337	-2.107804	6.608420	-9.439227	14.103525	28.844478	76.730088	7.790728	-6.194349	5.694093	22.203547	67.535099
5.750000	2.156125	1.532535	3.197018	0.872682	0.932472	-0.070238	-1.682800	-5.800744	-26.351676	0.000015	4.348735	2.004495	0.000000	-0.127838	-3.543778	-20.617068	-0.000008	3.015717	9.632738	0.000000	-4.723424	-0.066364	-2.129642	6.583699	-9.458896	14.089606	28.848261	76.717487	7.789022	-6.229181	5.716764	22.218169	67.536577
5.766667	2.177313	1.542045	3.158842	0.872588	0.932782	-0.070249	-1.690298	-5.813987	-26.294314	-0.000013	4.403544	2.034709	0.000000	-0.156833	-3.532268	-20.629228	-0.000070	3.039211	9.602657	0.000000	-4.710182	-0.060040	-2.163838	6.590272	-9.471673	14.072838	28.862019	76.704671	7.831881	-6.279529	5.737182	22.243712	67.538558
5.783333	2.185182	1.551674	3.124409	0.872424	0.933081	-0.070233	-1.688630	-5.825472	-26.227058	-0.000072	4.487015	2.066180	0.000000	-0.171967	-3.519326	-20.637004	-0.000174	3.092696	9.582263	0.000000	-4.701664	-0.058354	-2.208235	6.640920	-9.479311	14.051388	28.889764	76.690734	7.925933	-6.346139	5.757554	22.283098	67.541341
5.800000	2.178692	1.559449	3.091832	0.872164	0.933098	-0.070173	-1.673735	-5.832005	-26.160666	-0.000168	4.584214	2.098596	0.000000	-0.171742	-3.507631	-20.647285	-0.000312	3.165688	9.568616	0.000000	-4.702105	-0.060062	-2.258166	6.747906	-9.485878	14.024822	28.933898	76.675760	8.077715	-6.425612	5.778376	22.338587	67.545000
5.816667	2.157490	1.562266	3.058668	0.871731	0.932577	-0.070061	-1.639070	-5.829401	-26.106201	-0.000292	4.676980	2.124741	0.000000	-0.153488	-3.501199	-20.664584	-0.000443	3.247474	9.557849	0.000000	-4.716404	-0.062617	-2.307937	6.924085	-9.498219	13.994620	28.997761	76.660140	8.296600	-6.513464	5.799766	22.414047	67.549445
5.833333	2.122514	1.557171	3.020994	0.871038	0.931425	-0.069894	-1.576893	-5.814002	-26.062379	-0.000399	4.753463	2.128462	0.000000	-0.114203	-3.503840	-20.687953	-0.000469	3.333541	9.541832	0.000000	-4.752070	-0.063497	-2.351882	7.183272	-9.525126	13.964341	29.090132	76.642741	8.594024	-6.608550	5.825446	22.517913	67.554661
5.850000	2.076950	1.542335	2.973912	0.870048	0.929751	-0.069661	-1.482083	-5.783520	-26.010834	-0.000399	4.808621	2.082745	0.000000	-0.053282	-3.518243	-20.710027	-0.000226	3.424480	9.506132	0.000000	-4.816361	-0.061618	-2.384132	7.536309	-9.576247	13.940506	29.226933	76.620006	8.979103	-6.713502	5.864920	22.664319	67.560730
5.866667	2.025935	1.517647	2.914321	0.868857	0.927809	-0.069364	-1.355889	-5.737623	-25.921273	-0.000138	4.836057	1.949784	0.000000	0.025900	-3.545372	-20.719001	0.000511	3.518833	9.431039	0.000000	-4.911529	-0.057853	-2.398191	7.986807	-9.661749	13.933191	29.429695	76.586245	9.455545	-6.832742	5.932748	22.872445	67.567633
5.883333	1.973876	1.485133	2.843662	0.867667	0.925963	-0.069053	-1.205358	-5.679153	-25.760640	0.000585	4.822339	1.686832	0.000000	0.118175	-3.583367	-20.702288	0.001961	3.608615	9.295662	0.000000	-5.034812	-0.054424	-2.387547	8.531975	-9.792046	13.954341	29.722466	76.534465	10.022134	-6.971211	6.046040	23.164090	67.575124
5.900000	1.920811	1.448540	2.767082	0.866612	0.924588	-0.068809	-1.036809	-5.614587	-25.505866	0.001954	4.751312	1.262373	0.000000	0.221441	-3.626841	-20.651223	0.004192	3.682016	9.085868	0.000000	-5.180610	-0.053508	-2.347787	9.168422	-9.976012	14.012465	30.125167	76.458561	10.675792	-7.132694	6.218148	23.557078	67.582677
5.916667	1.859604	1.412082	2.690806	0.865677	0.923900	-0.068689	-0.848771	-5.552467	-25.163700	0.003994	4.619003	0.689459	0.000000	0.340955	-3.667902	-20.567399	0.006858	3.730353	8.809118	0.000000	-5.335034	-0.057085	-2.280717	9.897398	-10.215301	14.102477	30.638071	76.358606	11.413300	-7.315850	6.444349	24.050272	67.589319
5.933333	1.775489	1.379221	2.621350	0.864796	0.923886	-0.068698	-0.630657	-5.500635	-24.782955	0.006324	4.445646	0.051122	0.000000	0.490449	-3.698736	-20.465701	0.008833	3.752178	8.504820	0.000000	-5.468383	-0.067930	-2.197261	10.726558	-10.499006	14.198700	31.230207	76.245818	12.231847	-7.511778	6.689228	24.611838	67.593448
5.950000	1.651659	1.351763	2.563722	0.863861	0.924362	-0.068800	-0.367689	-5.463263	-24.426507	0.007837	4.261526	-0.543913	0.000000	0.687330	-3.714264	-20.363484	0.007843	3.748445	8.221458	0.000000	-5.548636	-0.088840	-2.112349	11.669543	-10.811050	14.269156	31.864225	76.137587	13.133239	-7.710201	6.902020	25.199367	67.593008
5.966667	1.479223	1.329456	2.517828	0.862673	0.925044	-0.068931	-0.049024	-5.439131	-24.119980	0.006378	4.074917	-1.052996	0.000000	0.943067	-3.713256	-20.262490	0.000318	3.712323	7.971605	0.000000	-5.567722	-0.120395	-2.035083	12.742259	-11.147020	14.304149	32.542996	76.044796	14.128120	-7.909723	7.052615	25.799824	67.585838
5.983333	1.261228	1.310185	2.478979	0.861037	0.925629	-0.069043	0.327449	-5.422495	-23.837013	-0.001325	3.860596	-1.531071	0.000000	1.258160	-3.697898	-20.144017	-0.018117	3.625866	7.716150	0.000000	-5.547007	-0.159825	-1.965319	13.958593	-11.520596	14.326665	33.318976	75.966690	15.234612	-8.119683	7.145419	26.439615	67.569654
6.000000	1.008547	1.290312	2.443098	0.858863	0.925918	-0.069106	0.756384	-5.405132	-23.526839	-0.019118	3.576746	-2.081140	0.000000	1.626039	-3.673359	-19.978211	-0.050934	3.466456	7.388769	0.000000	-5.521838	-0.201681	-1.897408	15.330444	-11.954472	14.378001	34.256628	75.896524	16.474526	-8.353000	7.203707	27.157616	67.542131
6.016667	0.734859	1.265213	2.411523	0.856155	0.925900	-0.069079	1.228047	-5.377953	-23.151156	-0.049726	3.191693	-2.781068	0.000000	2.039789	-3.647947	-19.737299	-0.097141	3.218049	6.935779	0.000000	-5.524760	-0.239862	-1.824593	16.872178	-12.464060	14.494510	35.377660	75.829585	17.872447	-8.617975	7.249209	27.968625	67.502202
6.033333	0.452978	1.230049	2.392669	0.852972	0.925649	-0.068902	1.731799	-5.332551	-22.707621	-0.091369	2.703156	-3.637208	0.000000	2.497736	-3.633033	-19.405161	-0.145580	2.881430	6.343810	0.000000	-5.574570	-0.269608	-1.741912	18.603847	-13.044662	14.692469	36.624785	75.768356	19.455756	-8.914268	7.290952	28.840952	67.451454
6.050000	0.170503	1.180214	2.399825	0.849460	0.925216	-0.068534	2.262341	-5.263127	-22.215770	-0.132528	2.128170	-4.615472	0.000000	3.009022	-3.642354	-18.970505	-0.167767	2.473255	5.622389	0.000000	-5.673060	-0.287760	-1.648060	20.542193	-13.677780	14.981852	37.893257	75.721255	21.246081	-9.236097	7.330231	29.714357	67.392103
6.066667	-0.116706	1.111986	2.446171	0.845899	0.924605	-0.068004	2.829624	-5.169826	-21.686108	-0.145608	1.482180	-5.707256	0.000000	3.601015	-3.689878	-18.417337	-0.111856	2.023457	4.770814	0.000000	-5.802667	-0.292316	-1.545572	22.683907	-14.348490	15.387714	39.100454	75.696105	23.243153	-9.577706	7.373368	30.542845	67.323045
6.083333	-0.429366	1.024065	2.540093	0.842612	0.923743	-0.067396	3.467376	-5.062763	-21.123041	-0.082120	0.790836	-6.923494	0.000000	4.323894	-3.786205	-17.741621	0.096700	1.585571	3.792259	0.000000	-5.921518	-0.283486	-1.438178	25.002522	-15.046672	15.933773	40.201277	75.695855	25.417634	-9.932803	7.432267	31.309822	67.239882
6.100000	-0.798007	0.918493	2.682445	0.839847	0.922470	-0.066787	4.226986	-4.962079	-20.541531	0.125353	0.106684	-8.254722	0.000000	5.237535	-3.935475	-16.969236	0.538716	1.229584	2.712937	0.000000	-5.971942	-0.264354	-1.326448	27.458976	-15.759916	16.617680	41.163648	75.719761	27.718394	-10.291577	7.517435	32.014458	67.137644
6.116667	-1.246259	0.799927	2.865667	0.837781	0.920691	-0.066230	5.152429	-4.891747	-19.959407	0.546017	-0.510941	-9.679855	0.000000	6.379009	-4.133191	-16.140007	1.267701	1.003243	1.554404	0.000000	-5.903633	-0.238934	-1.205505	30.006711	-16.478169	17.422269	41.967495	75.765764	30.082727	-10.641259	7.638934	32.662040	67.011203
6.133333	-1.780956	0.674178	3.074595	0.836472	0.918558	-0.065776	6.256210	-4.869901	-19.384491	1.219066	-1.022115	-11.182066	0.000000	7.739771	-4.365635	-15.283118	2.282431	0.909878	0.312062	0.000000	-5.689656	-0.209822	-1.066066	32.591985	-17.197569	18.333276	42.611103	75.830558	32.445821	-10.967863	7.810845	33.260421	66.854844
6.150000	-2.393769	0.547198	3.288985	0.835715	0.916466	-0.065456	7.516127	-4.901621	-18.812552	2.131402	-1.412581	-12.738106	0.000000	9.272021	-4.612887	-14.413373	3.530277	0.919779	-1.027699	0.000000	-5.331395	-0.178074	-0.897215	35.163877	-17.912550	19.338098	43.100104	75.908751	34.753953	-11.257398	8.052653	33.813249	66.664224
6.166667	-3.063477	0.425023	3.487686	0.835103	0.914831	-0.065261	8.887214	-4.979697	-18.231682	3.227685	-1.689242	-14.305164	0.000000	10.907597	-4.853893	-13.540555	4.933124	0.987281	-2.459325	0.000000	-4.861878	-0.144847	-0.689648	37.689715	-18.607152	20.413777	43.435566	75.993041	36.977351	-11.497284	8.387287	34.315061	66.441277
6.183333	-3.762292	0.312743	3.653358	0.834240	0.913797	-0.065183	10.323436	-5.091249	-17.629109	4.443020	-1.869689	-15.827988	0.000000	12.581548	-5.070940	-12.673249	6.416568	1.068738	-3.952845	0.000000	-4.335484	-0.111306	-0.438857	40.161626	-19.257983	21.525521	43.612768	76.076103	39.114909	-11.677826	8.840416	34.752666	66.197428
6.200000	-4.469269	0.212267	3.776543	0.832836	0.913112	-0.065250	11.802255	-5.224357	-16.992089	5.732205	-1.974765	-17.273770	0.000000	14.257928	-5.252264	-11.812112	7.932110	1.140541	-5.479842	0.000000	-3.802602	-0.075819	-0.149035	42.595208	-19.847616	22.652884	43.625574	76.153175	41.190164	-11.794939	9.445658	35.108020	65.949370
6.216667	-5.171057	0.122823	3.857825	0.830746	0.912349	-0.065507	13.324515	-5.372703	-16.309936	7.080155	-2.024799	-18.647233	0.000000	15.930067	-5.392124	-10.952094	9.462770	1.204144	-7.021349	0.000000	-3.301438	-0.033289	0.164710	45.022811	-20.371395	23.799647	43.473905	76.221355	43.240664	-11.852666	10.240511	35.363948	65.714543
6.233333	-5.856131	0.043015	3.905282	0.828027	0.911193	-0.065951	14.900009	-5.536059	-15.581512	8.498056	-2.033735	-19.969200	0.000000	17.603768	-5.490407	-10.094033	11.014478	1.278804	-8.553517	0.000000	-2.860208	0.021672	0.482843	47.476117	-20.832948	24.971137	43.168969	76.277201	45.301897	-11.861374	11.253117	35.514177	65.513034
6.250000	-6.521264	-0.029290	3.928262	0.824870	0.909519	-0.066502	16.547477	-5.715870	-14.815191	10.014798	-2.009734	-21.264878	0.000000	19.293349	-5.553065	-9.244447	12.603273	1.391477	-10.053540	0.000000	-2.486274	0.091145	0.792547	49.966287	-21.240130	26.164820	42.732981	76.317173	47.391962	-11.834113	12.495534	35.571838	65.368173
6.266667	-7.168905	-0.096596	3.934713	0.821496	0.907350	-0.067022	18.283460	-5.911250	-14.026418	11.661078	-1.961495	-22.555000	0.000000	21.009134	-5.590829	-8.413277	14.238173	1.568217	-11.495547	0.000000	-2.172391	0.171647	1.087899	52.476981	-21.600583	27.364175	42.206755	76.338886	49.504826	-11.787013	13.950827	35.574251	65.304090
6.283333	-7.791514	-0.159902	3.933906	0.818131	0.904835	-0.067391	20.095406	-6.118742	-13.238985	13.449545	-1.901375	-23.841848	0.000000	22.733492	-5.615242	-7.616994	15.905688	1.825296	-12.830780	0.000000	-1.921406	0.254788	1.360091	54.974672	-21.915370	28.534860	41.654078	76.341844	51.616420	-11.741614	15.569000	35.572988	65.344415
6.300000	-8.372626	-0.218689	3.937395	0.814976	0.902168	-0.067572	21.941825	-6.334055	-12.481758	15.366582	-1.844978	-25.116061	0.000000	24.424899	-5.635096	-6.874624	17.571591	2.163463	-13.998797	0.000000	-1.746157	0.330870	1.596760	57.428437	-22.180337	29.651271	41.134989	76.328236	53.700895	-11.719061	17.295298	35.607054	65.508231
6.316667	-8.903452	-0.271953	3.954770	0.812142	0.899451	-0.067613	23.781013	-6.554508	-11.782033	17.380364	-1.803056	-26.364916	0.000000	26.048343	-5.655339	-6.201503	19.199768	2.575002	-14.952546	0.000000	-1.649022	0.390993	1.793025	59.822615	-22.392736	30.711510	40.672275	76.302014	55.744302	-11.725506	19.084073	35.686437	65.801965
6.333333	-9.392384	-0.318032	3.989382	0.809608	0.896583	-0.067584	25.595227	-6.781060	-11.157441	19.457414	-1.768508	-27.569315	0.000000	27.599077	-5.677361	-5.606596	20.773016	3.056728	-15.669446	0.000000	-1.612489	0.427177	1.954579	62.157809	-22.551322	31.720177	40.251185	76.267651	57.750192	-11.747425	20.881399	35.793959	66.214663
6.350000	-9.859561	-0.354442	4.039116	0.807225	0.893323	-0.067544	27.393003	-7.018330	-10.610309	21.576502	-1.717665	-28.711824	0.000000	29.104110	-5.699561	-5.090693	22.303055	3.608918	-16.158957	0.000000	-1.608209	0.434661	2.086079	64.447965	-22.652495	32.681706	39.845514	76.230281	59.741235	-11.765886	22.627474	35.889222	66.721491
6.366667	-10.321374	-0.378640	4.099968	0.804783	0.889523	-0.067544	29.189863	-7.271994	-10.132973	23.727309	-1.625754	-29.785272	0.000000	30.601668	-5.718817	-4.648297	23.824011	4.221788	-16.464201	0.000000	-1.617105	0.415418	2.182421	66.711323	-22.691027	33.604717	39.442898	76.195323	61.750825	-11.770846	24.277932	35.917977	67.289968
6.383333	-10.780077	-0.388214	4.166936	0.802123	0.885298	-0.067610	30.988802	-7.544478	-9.714417	25.897138	-1.476611	-30.783225	0.000000	32.117731	-5.732240	-4.272126	25.375041	4.871047	-16.647245	0.000000	-1.642324	0.377281	2.233964	68.956839	-22.662444	34.499090	39.051429	76.166703	63.804757	-11.763301	25.815280	35.832402	67.887145
6.400000	-11.231955	-0.379507	4.231967	0.799161	0.880885	-0.067722	32.787416	-7.833518	-9.337410	28.066963	-1.265804	-31.691097	0.000000	33.665741	-5.736809	-3.955555	26.986027	5.527093	-16.768593	0.000000	-1.699143	0.326937	2.235597	71.179094	-22.562682	35.376977	38.687746	76.144577	65.911753	-11.753790	27.256545	35.606471	68.489770
6.416667	-11.682637	-0.346619	4.284023	0.795857	0.876395	-0.067845	34.598727	-8.135565	-8.976261	30.220774	-1.003355	-32.492044	0.000000	35.261522	-5.727655	-3.692649	28.672479	6.164608	-16.878069	0.000000	-1.794685	0.263259	2.187927	73.361240	-22.386534	36.247878	38.370244	76.123682	68.067085	-11.759760	28.638902	35.240165	69.084418
6.433333	-12.147389	-0.283981	4.313332	0.792231	0.871768	-0.067943	36.449586	-8.447809	-8.603891	32.350064	-0.706811	-33.175698	0.000000	36.925112	-5.699875	-3.476721	30.437863	6.767505	-17.016165	0.000000	-1.922481	0.179251	2.092261	75.480583	-22.127153	37.099903	38.123963	76.093840	70.257073	-11.798273	29.980450	34.758753	69.654446
6.450000	-12.636167	-0.192130	4.315238	0.788391	0.866864	-0.067988	38.355143	-8.764673	-8.203561	34.448002	-0.383485	-33.739312	0.000000	38.667862	-5.655096	-3.298944	32.281880	7.333403	-17.210341	0.000000	-2.072947	0.071916	1.950691	77.521951	-21.779226	37.906235	37.964696	76.043610	72.465619	-11.876206	31.279857	34.197171	70.178094
6.466667	-13.139745	-0.080705	4.288963	0.784517	0.861579	-0.067975	40.297227	-9.074254	-7.777517	36.504746	-0.021578	-34.180391	0.000000	40.478163	-5.606239	-3.150563	34.204496	7.876016	-17.461670	0.000000	-2.245627	-0.050993	1.774197	79.489260	-21.343737	38.654006	37.867789	75.966057	74.680242	-11.982951	32.546555	33.580893	70.638308
6.483333	-13.632075	0.036865	4.233202	0.780797	0.855920	-0.067918	42.230313	-9.361315	-7.343629	38.512055	0.401185	-34.489731	0.000000	42.317119	-5.573092	-3.029450	36.195074	8.420265	-17.739994	0.000000	-2.448523	-0.176161	1.587081	81.395994	-20.828201	39.348614	37.767823	75.862091	76.883943	-12.092743	33.795145	32.928341	71.021387
6.500000	-14.086811	0.151721	4.144961	0.777367	0.850005	-0.067835	44.107505	-9.614168	-6.921953	40.470070	0.904945	-34.656549	0.000000	44.130798	-5.571822	-2.941972	38.221189	8.989742	-18.003502	0.000000	-2.683478	-0.294107	1.421510	83.248512	-20.245020	40.009234	37.581100	75.737047	79.046352	-12.176242	35.040211	32.251984	71.314579
6.516667	-14.487060	0.261603	4.022799	0.774306	0.844005	-0.067737	45.894119	-9.827780	-6.525211	42.383561	1.498940	-34.679320	0.000000	45.865807	-5.608728	-2.894099	40.235014	9.593367	-18.227723	0.000000	-2.942545	-0.400892	1.307251	85.044447	-19.612695	40.672038	37.227143	75.593990	81.133041	-12.212128	36.314141	31.550928	71.513048
6.533333	-14.826063	0.368329	3.868805	0.771643	0.838085	-0.067637	47.569468	-10.003295	-6.155726	44.253372	2.175145	-34.571098	0.000000	47.480434	-5.680158	-2.882974	42.189834	10.223725	-18.417114	0.000000	-3.218426	-0.496084	1.261002	86.774743	-18.954453	41.369655	36.665311	75.431628	83.115625	-12.195752	37.642570	30.828554	71.618805
6.550000	-15.109944	0.476490	3.688127	0.769339	0.832338	-0.067565	49.133954	-10.148478	-5.805857	46.075597	2.908394	-34.359140	0.000000	48.957066	-5.774023	-2.898376	44.053032	10.867681	-18.595282	0.000000	-3.507339	-0.582378	1.282207	88.422978	-18.292633	42.100335	35.927114	75.246620	84.969127	-12.140486	38.995928	30.120749	71.631236
6.566667	-15.356632	0.592938	3.489247	0.767309	0.826776	-0.067541	50.609262	-10.278366	-5.465058	47.845041	3.669898	-34.073658	0.000000	50.307048	-5.872612	-2.929660	45.810887	11.516833	-18.783887	0.000000	-3.805065	-0.664206	1.359960	89.976165	-17.643133	42.837320	35.088640	75.033088	86.673388	-12.065169	40.307325	29.482563	71.543404
6.583333	-15.586087	0.724506	3.284410	0.765479	0.821370	-0.067560	52.021716	-10.411427	-5.128424	49.554252	4.439897	-33.736803	0.000000	51.559105	-5.958800	-2.971480	47.465509	12.169900	-18.985025	0.000000	-4.107545	-0.746209	1.481901	91.433733	-17.017530	43.558129	34.220263	74.782048	88.220444	-11.979106	41.524383	28.951148	71.347297
6.600000	-15.809000	0.873872	3.087808	0.763833	0.816095	-0.067595	53.381272	-10.561068	-4.798454	51.189230	5.203158	-33.369334	0.000000	52.738753	-6.023669	-3.024114	49.026572	12.828339	-19.180910	0.000000	-4.416068	-0.832985	1.636398	92.794884	-16.434624	44.239119	33.389629	74.486144	89.609497	-11.879445	42.600469	28.546174	71.039502
6.616667	-16.025249	1.037920	2.912738	0.762384	0.810953	-0.067629	54.677387	-10.731858	-4.482046	52.731860	5.954252	-32.984195	0.000000	53.856800	-6.068773	-3.091200	50.502343	13.494435	-19.339892	0.000000	-4.733874	-0.928127	1.808814	94.048906	-15.916603	44.855696	32.661616	74.138360	90.838097	-11.758799	43.486637	28.278890	70.614796
6.633333	-16.232271	1.210474	2.770696	0.761116	0.805938	-0.067660	55.894764	-10.924623	-4.187304	54.171164	6.717505	-32.563436	0.000000	54.914911	-6.101251	-3.179242	51.896619	14.173322	-19.420632	0.000000	-5.055210	-1.032898	1.977241	95.187241	-15.467873	45.415259	32.054996	73.725791	91.908140	-11.613615	44.178399	28.133548	70.059227
6.650000	-16.430147	1.385160	2.671136	0.759990	0.801014	-0.067701	57.027404	-11.140827	-3.920290	55.510352	7.529925	-32.078197	0.000000	55.914467	-6.128338	-3.295438	53.211593	14.867603	-19.388689	0.000000	-5.367124	-1.146625	2.117504	96.211396	-15.076779	45.943958	31.548050	73.245879	92.833055	-11.445131	44.712067	28.072996	69.375833
6.666667	-16.620985	1.556789	2.618045	0.758963	0.796155	-0.067756	58.081391	-11.380352	-3.682200	56.762028	8.394260	-31.536448	0.000000	56.859539	-6.155662	-3.443826	54.449217	15.566884	-19.237477	0.000000	-5.661063	-1.268900	2.217316	97.125202	-14.739861	46.428291	31.137749	72.734995	93.632581	-11.253634	45.097997	28.076102	68.623984
6.683333	-16.807375	1.722715	2.604528	0.757981	0.791390	-0.067816	59.072258	-11.637805	-3.470067	57.940629	9.275217	-30.975639	0.000000	57.756208	-6.189566	-3.625782	55.611116	16.249589	-18.988302	0.000000	-5.938923	-1.401170	2.282599	97.933564	-14.466370	46.814737	30.849766	72.255566	94.328604	-11.037571	45.306698	28.148578	67.898510
6.700000	-16.988128	1.882262	2.611762	0.756994	0.786775	-0.067852	60.016631	-11.901559	-3.281262	59.058564	10.134592	-30.419341	0.000000	58.607434	-6.240549	-3.841080	56.699927	16.891380	-18.679351	0.000000	-6.215150	-1.543165	2.328547	98.654039	-14.258660	47.068366	30.696025	71.848424	94.949447	-10.801280	45.320036	28.299746	67.260756
6.716667	-17.154355	2.033087	2.615945	0.755967	0.782348	-0.067843	60.922941	-12.154674	-3.115663	60.124768	10.940335	-29.878508	0.000000	59.409227	-6.322465	-4.083866	57.720732	17.463756	-18.363506	0.000000	-6.516504	-1.686374	2.367155	99.321594	-14.101243	47.197801	30.656377	71.516103	95.531829	-10.559482	45.161651	28.525542	66.716692
6.733333	-17.294704	2.169150	2.598304	0.754829	0.778087	-0.067791	61.795343	-12.378484	-2.972280	61.148173	11.656225	-29.378870	0.000000	60.160870	-6.447000	-4.340313	58.685146	17.939251	-18.096466	0.000000	-6.871835	-1.815326	2.401951	99.979194	-13.969565	47.232574	30.692197	71.244042	96.116527	-10.330545	44.882376	28.809691	66.249415
6.750000	-17.406085	2.283243	2.549369	0.753468	0.773893	-0.067717	62.645982	-12.558147	-2.845795	62.141969	12.249316	-28.958711	0.000000	60.880151	-6.618325	-4.591510	59.615052	18.311889	-17.907156	0.000000	-7.296987	-1.916747	2.431625	100.668197	-13.841645	47.203117	30.755447	71.018506	96.742261	-10.126438	44.537287	29.128515	65.843837
6.766667	-17.495500	2.371253	2.467970	0.751801	0.769626	-0.067638	63.496188	-12.687335	-2.726873	63.123674	12.711476	-28.642168	0.000000	61.600966	-6.831570	-4.818527	60.540282	18.607854	-17.781332	0.000000	-7.790633	-1.986080	2.456638	101.425214	-13.702545	47.139165	30.790009	70.827230	97.437238	-9.948924	44.168548	29.458399	65.482927
6.783333	-17.571960	2.434070	2.361579	0.749833	0.765136	-0.067566	64.367132	-12.771554	-2.605342	64.116199	13.076219	-28.416946	0.000000	62.358694	-7.075084	-5.008535	61.497295	18.876408	-17.674470	0.000000	-8.340880	-2.026410	2.480716	102.280728	-13.544567	47.075181	30.735911	70.653051	98.211491	-9.791665	43.794724	29.784862	65.133961
6.800000	-17.640870	2.475132	2.245928	0.747617	0.760290	-0.067519	65.273234	-12.826173	-2.475009	65.146054	13.408794	-28.238543	0.000000	63.181414	-7.334353	-5.156140	62.526558	19.169039	-17.541893	0.000000	-8.932161	-2.041853	2.507978	103.256716	-13.365080	47.050254	30.542278	70.474996	99.059718	-9.644598	43.416647	30.100761	64.752782
6.816667	-17.705796	2.497054	2.139792	0.745214	0.755035	-0.067499	66.222020	-12.868522	-2.336758	66.233383	13.771003	-28.058188	0.000000	64.086508	-7.595070	-5.258272	63.657929	19.513635	-17.368390	0.000000	-9.548384	-2.033734	2.540674	104.359377	-13.165303	47.095954	30.192615	70.280704	99.973019	-9.498152	43.038238	30.394328	64.313450
6.833333	-17.772392	2.502020	2.058431	0.742725	0.749415	-0.067480	67.216199	-12.912202	-2.197010	67.382137	14.193722	-27.848023	0.000000	65.077884	-7.844393	-5.311242	64.895152	19.900559	-17.176431	0.000000	-10.172870	-2.004311	2.577780	105.569135	-12.952342	47.220850	29.725506	70.077533	100.946497	-9.346468	42.682586	30.641044	63.835178
6.850000	-17.848971	2.494222	2.008651	0.740310	0.743543	-0.067440	68.251987	-12.966590	-2.063253	68.576932	14.677119	-27.604261	0.000000	66.143659	-8.072239	-5.314095	66.214289	20.299794	-16.998432	0.000000	-10.788330	-1.960488	2.612973	106.841101	-12.735465	47.409625	29.219808	69.887791	101.975071	-9.191550	42.384196	30.808088	63.371478
6.866667	-17.942865	2.480234	1.986333	0.738127	0.737564	-0.067407	69.315160	-13.037531	-1.940100	69.788635	15.207982	-27.331478	0.000000	67.255859	-8.273832	-5.273122	67.573703	20.695376	-16.838303	0.000000	-11.379654	-1.911300	2.634402	108.119861	-12.516480	47.639380	28.750785	69.732186	103.045278	-9.044915	42.167227	30.866189	62.970318
6.883333	-18.056274	2.466788	1.978450	0.736243	0.731607	-0.067432	70.383332	-13.127567	-1.828467	70.987737	15.776595	-27.022843	0.000000	68.376341	-8.451667	-5.201662	68.928254	21.100936	-16.664910	0.000000	-11.937869	-1.862928	2.630704	109.359596	-12.289105	47.901358	28.353444	69.619248	104.135811	-8.919431	42.039957	30.794619	62.647559
6.900000	-18.184666	2.458259	1.969053	0.734608	0.725738	-0.067539	71.435267	-13.236113	-1.727778	72.157299	16.383382	-26.653649	0.000000	69.468339	-8.614911	-5.115692	70.241682	21.547057	-16.437724	0.000000	-12.463036	-1.816618	2.597535	110.538221	-12.046314	48.214775	28.013776	69.545518	105.226586	-8.818978	42.005634	30.579485	62.386620
6.916667	-18.318315	2.455672	1.946239	0.733109	0.719955	-0.067703	72.459066	-13.358877	-1.637275	73.296599	17.025556	-26.206628	0.000000	70.506641	-8.775340	-5.029041	71.492276	22.053104	-16.143101	0.000000	-12.965135	-1.770254	2.535438	111.656034	-11.785814	48.613757	27.696216	69.500297	106.306395	-8.739950	42.065228	30.222820	62.154146
6.933333	-18.446572	2.457530	1.907070	0.731644	0.714240	-0.067871	73.452357	-13.487726	-1.554428	74.412777	17.676714	-25.706528	0.000000	71.481412	-8.941033	-4.950248	72.671511	22.603629	-15.816054	0.000000	-13.460041	-1.721260	2.444743	112.721661	-11.513763	49.115549	27.383959	69.470999	107.370860	-8.679659	42.210407	29.757076	61.920400
6.950000	-18.562561	2.461363	1.857978	0.730171	0.708592	-0.068005	74.416692	-13.614282	-1.474655	75.508564	18.295353	-25.209783	0.000000	72.397602	-9.112237	-4.882192	73.781610	23.156577	-15.516353	0.000000	-13.959963	-1.668119	2.324158	113.739040	-11.242838	49.708868	27.086849	69.446800	108.413865	-8.639218	42.422981	29.234678	61.669133
6.966667	-18.666681	2.464014	1.809735	0.728684	0.703021	-0.068115	75.354537	-13.733653	-1.394553	76.576452	18.850938	-24.765290	0.000000	73.273376	-9.282800	-4.822721	74.833895	23.671328	-15.283932	0.000000	-14.465105	-1.610074	2.170563	114.700638	-10.984018	50.355461	26.827162	69.420288	109.422277	-8.622854	42.675506	28.706028	61.399131
6.983333	-18.767855	2.460674	1.770966	0.727194	0.697540	-0.068243	76.270315	-13.842927	-1.314133	77.601765	19.327017	-24.404446	0.000000	74.135230	-9.444561	-4.764081	75.843336	24.118433	-15.130354	0.000000	-14.964027	-1.546579	1.979167	115.586047	-10.742640	50.979426	26.638810	69.388127	110.377290	-8.639328	42.923354	28.220765	61.127430
7.000000	-18.879521	2.445298	1.747602	0.725721	0.692169	-0.068425	77.171388	-13.940216	-1.235426	78.573303	19.717257	-24.144627	0.000000	75.008558	-9.588913	-4.694033	76.822616	24.479638	-15.054145	0.000000	-15.442971	-1.477183	1.744726	116.374584	-10.520448	51.485924	26.558251	69.350373	111.265384	-8.698813	43.113347	27.823746	60.881547
7.016667	-19.012412	2.412950	1.746942	0.724268	0.686899	-0.068668	78.067310	-14.028414	-1.160965	79.493311	20.033712	-23.978361	0.000000	75.909485	-9.705585	-4.599746	77.781423	24.756224	-15.045409	0.000000	-15.895575	-1.401231	1.464024	117.066636	-10.317237	51.818977	26.594716	69.308423	112.092692	-8.802609	43.214821	27.527386	60.678447
7.033333	-19.170672	2.361827	1.776786	0.722839	0.681708	-0.068955	78.964738	-14.115177	-1.093030	80.373332	20.301937	-23.875093	0.000000	76.841191	-9.783889	-4.471336	78.724947	24.967893	-15.087905	0.000000	-16.324251	-1.316981	1.140393	117.686509	-10.130637	51.984817	26.721720	69.263365	112.882187	-8.938262	43.232668	27.304711	60.515637
7.050000	-19.351182	2.294456	1.838284	0.721408	0.676619	-0.069259	79.860204	-14.205226	-1.030750	81.219637	20.542314	-23.801211	0.000000	77.792636	-9.817541	-4.305040	79.647062	25.138107	-15.164125	0.000000	-16.737055	-1.222022	0.788718	118.265670	-9.955492	52.024068	26.897577	69.215812	113.654759	-9.085194	43.191568	27.113079	60.380211
7.066667	-19.542958	2.217857	1.922793	0.719869	0.671688	-0.069564	80.741567	-14.295551	-0.967324	82.027954	20.760593	-23.735485	0.000000	78.742580	-9.807739	-4.105996	80.529680	25.283609	-15.257058	0.000000	-17.148080	-1.115423	0.435456	118.832215	-9.785443	51.980756	27.082806	69.166202	114.418547	-9.222490	43.117358	26.917024	60.258805
7.083333	-19.728899	2.140837	2.019666	0.718065	0.666916	-0.069863	81.599285	-14.381305	-0.891892	82.793811	20.949235	-23.674999	0.000000	79.671354	-9.759890	-3.886448	81.356442	25.414151	-15.351023	0.000000	-17.578153	-0.998242	0.110281	119.412920	-9.618630	51.887791	27.244571	69.114750	115.173921	-9.332464	43.027790	26.699074	60.141485
7.100000	-19.893022	2.069187	2.125842	0.715942	0.662232	-0.070160	82.434713	-14.462664	-0.795497	83.523677	21.093852	-23.633986	0.000000	80.571994	-9.678992	-3.658798	82.126891	25.534975	-15.432633	0.000000	-18.048835	-0.872635	-0.165004	120.034276	-9.463031	51.764327	27.357247	69.061349	115.922371	-9.400782	42.930342	26.461487	60.021842
7.116667	-20.030416	2.003071	2.244335	0.713590	0.657550	-0.070433	83.260405	-14.541563	-0.676647	84.234036	21.182896	-23.635156	0.000000	81.453853	-9.571712	-3.429784	82.857144	25.645963	-15.491795	0.000000	-18.572587	-0.743179	-0.382094	120.718130	-9.334220	51.619673	27.404889	69.005583	116.673396	-9.417479	42.823352	26.219677	59.895087
7.133333	-20.151798	1.938877	2.374902	0.711120	0.652760	-0.070633	84.099560	-14.614402	-0.540944	84.944175	21.214619	-23.696603	0.000000	82.341208	-9.451291	-3.200783	83.572499	25.742298	-15.524165	0.000000	-19.147613	-0.618554	-0.542976	121.480025	-9.246689	51.458463	27.383982	68.946620	117.448170	-9.378934	42.698662	25.990364	59.755512
7.150000	-20.278353	1.873281	2.508965	0.708560	0.647717	-0.070737	84.983514	-14.671637	-0.394376	85.672063	21.195339	-23.820812	0.000000	83.266072	-9.336608	-2.972941	84.298589	25.820895	-15.531830	0.000000	-19.758703	-0.509408	-0.650171	122.329987	-9.207663	51.285299	27.302214	68.883191	118.271857	-9.286935	42.546070	25.781337	59.594876
7.166667	-20.431346	1.805721	2.633491	0.705925	0.642315	-0.070780	85.939793	-14.704901	-0.237639	86.431138	21.133693	-23.992851	0.000000	84.254706	-9.245385	-2.751368	85.053084	25.887271	-15.518420	0.000000	-20.379293	-0.423655	-0.699630	123.265482	-9.218527	51.109401	27.173016	68.814068	119.153197	-9.144796	42.358533	25.588734	59.402620
7.183333	-20.624384	1.737458	2.738930	0.703314	0.636546	-0.070826	86.977734	-14.714696	-0.067615	87.225492	21.039819	-24.187692	0.000000	85.318350	-9.187721	-2.543954	85.843559	25.957430	-15.481507	0.000000	-20.973549	-0.363369	-0.684398	124.259523	-9.278998	50.947207	27.010752	68.738972	120.069343	-8.954682	42.135544	25.402934	59.168491
7.200000	-20.861984	1.668874	2.823376	0.700870	0.630487	-0.070918	88.084745	-14.711287	0.116430	88.047307	20.930463	-24.376915	0.000000	86.453068	-9.164363	-2.356288	86.669376	26.053399	-15.409344	0.000000	-21.500970	-0.324505	-0.604761	125.257950	-9.386799	50.819430	26.832356	68.659745	120.969334	-8.721629	41.884724	25.221526	58.889323
7.216667	-21.141594	1.597762	2.891591	0.698682	0.624278	-0.071070	89.233282	-14.708512	0.309330	88.880376	20.831481	-24.531210	0.000000	87.642332	-9.168589	-2.187200	87.521825	26.193433	-15.285550	0.000000	-21.925517	-0.297431	-0.475488	126.190494	-9.534153	50.743300	26.661900	68.580972	121.791129	-8.462555	41.621313	25.059954	58.576225
7.233333	-21.454760	1.519908	2.951961	0.696749	0.618091	-0.071267	90.390519	-14.716291	0.502308	89.707732	20.766467	-24.628536	0.000000	88.860865	-9.189542	-2.028598	88.385410	26.380292	-15.098656	0.000000	-22.229378	-0.269024	-0.326046	126.993893	-9.706063	50.725416	26.526305	68.507983	122.487289	-8.206322	41.361485	24.942004	58.250245
7.250000	-21.785267	1.431656	3.013043	0.695002	0.612088	-0.071484	91.524390	-14.737034	0.688316	90.518783	20.739738	-24.669074	0.000000	90.078338	-9.215454	-1.869971	89.243163	26.593843	-14.855089	0.000000	-22.426845	-0.227198	-0.195811	127.638107	-9.879512	50.757529	26.444604	68.443469	123.050849	-7.982386	41.114130	24.877568	57.930610
7.266667	-22.107748	1.332773	3.082455	0.693390	0.606360	-0.071720	92.607018	-14.768602	0.867267	91.313892	20.733974	-24.679889	0.000000	91.261266	-9.233760	-1.704008	90.084792	26.794828	-14.589867	0.000000	-22.564768	-0.163559	-0.125575	128.136810	-10.024821	50.815427	26.423962	68.386702	123.518738	-7.811853	40.881675	24.857136	57.632507
7.283333	-22.395871	1.227339	3.168206	0.691921	0.600902	-0.072013	93.621924	-14.809875	1.047570	92.101705	20.720787	-24.701780	0.000000	92.381081	-9.229795	-1.530020	90.911444	26.940460	-14.356675	0.000000	-22.698669	-0.073380	-0.142111	128.534809	-10.115719	50.866357	26.458851	68.334759	123.943756	-7.701558	40.665059	24.862259	57.367735
7.300000	-22.636492	1.121890	3.278309	0.690619	0.595652	-0.072392	94.569925	-14.862095	1.241598	92.888466	20.672615	-24.772613	0.000000	93.425968	-9.189308	-1.353597	91.730406	27.002120	-14.201606	0.000000	-22.861901	0.044008	-0.243284	128.884273	-10.142615	50.883377	26.527924	68.283083	124.359892	-7.638656	40.463061	24.873136	57.137619
7.316667	-22.833953	1.022673	3.416836	0.689521	0.590560	-0.072867	95.462871	-14.925951	1.458959	93.670789	20.572602	-24.917605	0.000000	94.401162	-9.104572	-1.182787	92.546315	26.973120	-14.149702	0.000000	-23.056442	0.184877	-0.399029	129.224553	-10.114131	50.853517	26.597555	68.226108	124.769547	-7.594944	40.269136	24.872432	56.929560
7.333333	-23.002652	0.933891	3.579942	0.688673	0.585612	-0.073433	96.311695	-14.998763	1.702696	94.438342	20.419320	-25.142451	0.000000	95.318987	-8.978786	-1.023873	93.357949	26.864179	-14.207538	0.000000	-23.265076	0.342122	-0.566121	129.573451	-10.047004	50.775777	26.633174	68.158585	125.152879	-7.538524	40.070366	24.848604	56.722519
7.350000	-23.157122	0.856888	3.757055	0.688053	0.580805	-0.074060	97.121882	-15.074281	1.969098	95.180637	20.226152	-25.429998	0.000000	96.192113	-8.824181	-0.879192	94.159422	26.692966	-14.367038	0.000000	-23.469004	0.507287	-0.703998	129.931709	-9.956223	50.655834	26.608426	68.076700	125.485392	-7.441860	39.848034	24.796583	56.493514
7.366667	-23.304039	0.790099	3.936563	0.687506	0.576108	-0.074691	97.896079	-15.144549	2.250048	95.892491	20.017992	-25.746782	0.000000	97.032348	-8.655226	-0.746727	94.942965	26.476401	-14.607953	0.000000	-23.662643	0.673156	-0.787099	130.295437	-9.849269	50.502568	26.509086	67.979063	125.755728	-7.286631	39.580557	24.715742	56.222582
7.383333	-23.437909	0.730878	4.110619	0.686826	0.571465	-0.075269	98.636075	-15.201854	2.537587	96.575437	19.826270	-26.055235	0.000000	97.847946	-8.482316	-0.621947	95.700756	26.233869	-14.896102	0.000000	-23.861589	0.835703	-0.811777	130.667062	-9.722766	50.328445	26.334649	67.868545	125.977136	-7.069165	39.251507	24.607775	55.899577
7.400000	-23.543267	0.678467	4.276272	0.685860	0.566837	-0.075772	99.343157	-15.239417	2.828856	97.234334	19.681414	-26.323486	0.000000	98.639363	-8.309218	-0.500982	96.425134	25.994508	-15.180315	0.000000	-24.100120	0.993703	-0.792088	131.058777	-9.564188	50.152285	26.093816	67.753053	126.184901	-6.800678	38.857834	24.476117	55.528950
7.416667	-23.604982	0.634541	4.433445	0.684569	0.562227	-0.076210	100.020774	-15.251041	3.127121	97.873019	19.600228	-26.534394	0.000000	99.400733	-8.134699	-0.381409	97.109880	25.788094	-15.407950	0.000000	-24.414503	1.146477	-0.743009	131.485964	-9.360479	50.000993	25.788209	67.640547	126.415790	-6.494285	38.405156	24.325564	55.120398
7.433333	-23.620899	0.601132	4.581965	0.683022	0.557661	-0.076610	100.678102	-15.231049	3.438240	98.492603	19.575774	-26.693968	0.000000	100.127172	-7.956436	-0.261103	97.751039	25.625496	-15.554283	0.000000	-24.820876	1.291620	-0.662544	131.956541	-9.108666	49.910814	25.400874	67.530742	126.683393	-6.148781	37.898157	24.165770	54.674143
7.450000	-23.605824	0.578764	4.719972	0.681346	0.553162	-0.076991	101.328682	-15.175727	3.765663	99.092554	19.581300	-26.829985	0.000000	100.820071	-7.774717	-0.137696	98.345720	25.495658	-15.631060	0.000000	-25.307267	1.424618	-0.529024	132.467803	-8.820111	49.931901	24.905464	67.408751	126.973544	-5.747352	37.343971	24.016090	54.177903
7.466667	-23.583069	0.564350	4.845222	0.679705	0.548752	-0.077339	101.982313	-15.087005	4.105401	99.673275	19.582961	-26.979655	0.000000	101.485201	-7.593768	-0.007495	98.892813	25.379369	-15.667204	0.000000	-25.843774	1.542930	-0.316617	133.010784	-8.512334	50.135166	24.275265	67.235500	127.260792	-5.268006	36.755477	23.892211	53.598744
7.483333	-23.571791	0.548795	4.958996	0.678279	0.544441	-0.077633	102.638416	-14.976537	4.443824	100.238255	19.552965	-27.174891	0.000000	102.128523	-7.418989	0.135317	99.397576	25.263759	-15.686255	0.000000	-26.397292	1.652539	-0.017750	133.571768	-8.198718	50.608599	23.491038	66.937356	127.528459	-4.697753	36.154849	23.781414	52.871035
7.500000	-23.581470	0.517789	5.068600	0.677157	0.540198	-0.077872	103.290403	-14.865813	4.761815	100.794930	19.480803	-27.428840	0.000000	102.759043	-7.251911	0.296869	99.875982	25.148443	-15.697196	0.000000	-26.939052	1.768580	0.344246	134.130202	-7.892772	51.430057	22.567546	66.412447	127.782201	-4.046891	35.604729	23.636698	51.918871
7.516667	-23.615309	0.456778	5.184071	0.676253	0.535921	-0.078100	103.936813	-14.780535	5.041905	101.353682	19.375893	-27.725992	0.000000	103.395731	-7.088071	0.481129	100.352988	25.038385	-15.699088	0.000000	-27.445130	1.905856	0.722955	134.663172	-7.617749	52.616458	21.569399	65.563086	128.056712	-3.347996	35.250960	23.382754	50.714668
7.533333	-23.674919	0.356284	5.311797	0.675373	0.531491	-0.078378	104.587001	-14.743441	5.271386	101.924374	19.262023	-28.023565	0.000000	104.066387	-6.920535	0.688998	100.854450	24.931117	-15.690267	0.000000	-27.896417	2.067835	1.066819	135.155772	-7.402332	54.084366	20.591705	64.336860	128.412633	-2.640256	35.320666	22.923620	49.321730
7.550000	-23.757742	0.214497	5.451541	0.674368	0.526857	-0.078748	105.252197	-14.770044	5.441851	102.512249	19.169094	-28.268080	0.000000	104.792074	-6.745643	0.917844	101.398092	24.815011	-15.672004	0.000000	-28.283241	2.247041	1.332394	135.609010	-7.264344	55.686429	19.722217	62.743335	128.910614	-1.960679	36.025082	22.180276	47.858401
7.566667	-23.850489	0.037155	5.597025	0.673230	0.522078	-0.079224	105.928391	-14.866072	5.550259	103.115177	19.123268	-28.414940	0.000000	105.568116	-6.566846	1.160961	101.987878	24.680325	-15.645764	0.000000	-28.608817	2.436862	1.494797	136.034667	-7.196395	57.274179	19.008987	60.880836	129.558292	-1.348023	37.375163	21.167152	46.431766
7.583333	-23.935386	-0.166184	5.739219	0.672077	0.517279	-0.079806	106.595549	-15.027533	5.600283	103.723960	19.140623	-28.438510	0.000000	106.367604	-6.393095	1.409706	102.613089	24.529295	-15.607790	0.000000	-28.878726	2.641878	1.556363	136.437332	-7.166292	58.686483	18.457112	58.987332	130.274511	-0.843307	39.068128	20.035376	45.143048
7.600000	-24.005379	-0.386416	5.873029	0.671059	0.512571	-0.080456	107.236046	-15.245103	5.602424	104.328159	19.225469	-28.339804	0.000000	107.164717	-6.230694	1.657260	103.252001	24.379697	-15.543779	0.000000	-29.092332	2.873742	1.541103	136.817081	-7.136978	59.761640	18.046425	57.368697	130.937967	-0.474533	40.645115	18.993899	44.095122
7.616667	-24.065221	-0.614662	6.000252	0.670255	0.507998	-0.081099	107.846688	-15.505739	5.573438	104.923515	19.368069	-28.153543	0.000000	107.946718	-6.077693	1.900495	103.880026	24.261656	-15.429933	0.000000	-29.257062	3.136328	1.473666	137.196469	-7.087302	60.436973	17.747329	56.205640	131.486988	-0.243526	41.800331	18.172191	43.332310
7.633333	-24.121110	-0.842220	6.124267	0.669633	0.503554	-0.081646	108.434592	-15.788598	5.531442	105.512802	19.545418	-27.940478	0.000000	108.710053	-5.928423	2.141554	104.479834	24.201488	-15.247492	0.000000	-29.400184	3.420585	1.366175	137.623100	-7.009685	60.782735	17.527531	55.478586	131.952833	-0.132899	42.499312	17.573326	42.811104
7.650000	-24.174346	-1.062115	6.243822	0.669141	0.499232	-0.082039	109.006990	-16.063092	5.490597	106.100672	19.726592	-27.768125	0.000000	109.453038	-5.781843	2.386050	105.046647	24.199894	-15.004570	0.000000	-29.558353	3.710879	1.224801	138.140942	-6.896623	60.928244	17.349340	55.055569	132.409085	-0.118373	42.869627	17.126540	42.441683
7.666667	-24.220384	-1.267322	6.352267	0.668752	0.495031	-0.082274	109.565254	-16.294811	5.462853	106.690124	19.875659	-27.693587	0.000000	110.169854	-5.644271	2.635411	105.586142	24.227318	-14.741786	0.000000	-29.763824	3.988576	1.060227	138.769071	-6.740182	60.990024	17.170446	54.792586	132.916746	-0.172755	43.072117	16.753530	42.137378
7.683333	-24.251588	-1.450689	6.441547	0.668475	0.490929	-0.082385	110.107086	-16.458183	5.459761	107.283733	19.958158	-27.745545	0.000000	110.851402	-5.524979	2.884645	106.111414	24.244862	-14.507985	0.000000	-30.035714	4.236648	0.890316	139.496691	-6.538636	61.046034	16.956124	54.581976	133.499028	-0.266970	43.236210	16.402368	41.838787
7.700000	-24.263641	-1.609594	6.507509	0.668348	0.486859	-0.082421	110.634072	-16.548327	5.488946	107.886592	19.958862	-27.907303	0.000000	111.494058	-5.430074	3.128390	106.642050	24.231540	-14.328157	0.000000	-30.369672	4.447756	0.735513	140.280022	-6.300590	61.134100	16.699087	54.366751	134.132995	-0.373524	43.432893	16.055946	41.520758
7.716667	-24.260663	-1.748559	6.552508	0.668417	0.482722	-0.082427	111.157189	-16.582975	5.551601	108.506336	19.894847	-28.119726	0.000000	112.107038	-5.359788	3.364049	107.200024	24.192128	-14.194641	0.000000	-30.733737	4.625640	0.610299	141.046174	-6.047593	61.255555	16.433336	54.139896	134.756371	-0.471375	43.667569	15.734196	41.194611
7.733333	-24.250916	-1.877367	6.582410	0.668705	0.478437	-0.082446	111.689687	-16.592700	5.641742	109.149085	19.806582	-28.311043	0.000000	112.707373	-5.310603	3.591585	107.802584	24.145192	-14.082150	0.000000	-31.084417	4.780343	0.518305	141.718222	-5.805093	61.389112	16.212054	53.924371	135.296666	-0.548426	43.902939	15.475237	40.892430
7.750000	-24.237660	-2.006809	6.600411	0.669234	0.473989	-0.082502	112.233438	-16.606997	5.745044	109.816238	19.737742	-28.431332	0.000000	113.307899	-5.280898	3.815064	108.459046	24.110051	-13.966560	0.000000	-31.391267	4.922755	0.454935	142.247049	-5.583710	61.514810	16.060164	53.739255	135.707114	-0.600463	44.103374	15.297909	40.634294
7.766667	-24.218570	-2.144276	6.604639	0.670033	0.469424	-0.082575	112.777733	-16.646535	5.840981	110.505584	19.723284	-28.462198	0.000000	113.913821	-5.275220	4.042035	109.171539	24.100430	-13.833561	0.000000	-31.643709	5.060066	0.411761	142.620374	-5.373913	61.626270	15.956170	53.582685	135.978915	-0.629373	44.259416	15.189112	40.413316
7.783333	-24.191392	-2.291706	6.590535	0.671092	0.464818	-0.082629	113.308939	-16.722857	5.909289	111.213371	19.785405	-28.402414	0.000000	114.525863	-5.303347	4.278700	109.934030	24.121512	-13.678053	0.000000	-31.841844	5.194273	0.378797	142.850114	-5.156835	61.726043	15.851554	53.437566	136.128700	-0.641609	44.382675	15.120475	40.205633
7.800000	-24.157281	-2.446684	6.553192	0.672326	0.460225	-0.082653	113.820450	-16.839458	5.936852	111.935244	19.931400	-28.252943	0.000000	115.142286	-5.374981	4.526645	110.730475	24.171510	-13.500629	0.000000	-31.988107	5.323590	0.348029	142.961614	-4.914148	61.818210	15.693962	53.281157	136.185329	-0.644906	44.494089	15.064653	39.983116
7.816667	-24.121525	-2.605388	6.488988	0.673613	0.455656	-0.082667	114.319504	-16.992305	5.921357	112.666819	20.154750	-28.014906	0.000000	115.761280	-5.493423	4.784700	111.537975	24.247376	-13.302587	0.000000	-32.083981	5.444775	0.318484	142.991778	-4.632524	61.904760	15.442363	53.091942	136.184813	-0.643374	44.615724	15.002217	39.721481
7.833333	-24.090461	-2.764447	6.398034	0.674857	0.451123	-0.082677	114.820983	-17.170157	5.870559	113.401833	20.435223	-27.701056	0.000000	116.379759	-5.653121	5.051547	112.333155	24.346536	-13.083593	0.000000	-32.132257	5.553645	0.296045	142.984518	-4.312245	61.984015	15.083862	52.859192	136.164283	-0.634412	44.762868	14.924834	39.411326
7.850000	-24.066452	-2.921186	6.285449	0.675992	0.446724	-0.082663	115.328397	-17.354966	5.796830	114.125917	20.739283	-27.346599	0.000000	116.987587	-5.842342	5.324828	113.094287	24.463555	-12.844936	0.000000	-32.141416	5.644104	0.285668	142.977151	-3.976785	62.050386	14.648033	52.592379	136.152562	-0.612051	44.937015	14.835721	39.068947
7.866667	-24.046853	-3.074453	6.160438	0.676934	0.442646	-0.082598	115.822489	-17.525346	5.709395	114.811524	21.032979	-26.998461	0.000000	117.565879	-6.046056	5.599278	113.798429	24.588347	-12.592469	0.000000	-32.124759	5.711132	0.284605	142.987736	-3.664841	62.097242	14.195064	52.317289	136.164358	-0.575097	45.127194	14.743988	38.730259
7.883333	-24.027880	-3.224915	6.034619	0.677619	0.439108	-0.082476	116.268798	-17.663049	5.611328	115.422089	21.299457	-26.691260	0.000000	118.091075	-6.247065	5.866944	114.419369	24.707859	-12.336069	0.000000	-32.095197	5.755985	0.284022	143.015543	-3.408464	62.121012	13.781815	52.059772	136.202055	-0.530513	45.319858	14.656816	38.429667
7.900000	-24.010080	-3.372885	5.919189	0.678090	0.436315	-0.082327	116.634185	-17.757959	5.503366	115.922786	21.540333	-26.435807	0.000000	118.540522	-6.428656	6.118094	114.930516	24.812864	-12.085003	0.000000	-32.059346	5.786723	0.276380	143.049708	-3.219770	62.122248	13.438678	51.832322	136.259281	-0.488629	45.508256	14.576191	38.183720
7.916667	-23.999154	-3.515126	5.821878	0.678475	0.434405	-0.082222	116.897741	-17.810145	5.389358	116.289819	21.762106	-26.224792	0.000000	118.896307	-6.578296	6.340572	115.312700	24.905174	-11.843487	0.000000	-32.014709	5.814099	0.260974	143.074911	-3.092425	62.104294	13.169183	51.631545	136.320663	-0.457452	45.694545	14.499806	37.988295
7.933333	-24.000964	-3.643060	5.746509	0.678878	0.433420	-0.082247	117.052118	-17.828867	5.279191	116.513670	21.960613	-26.048545	0.000000	119.146032	-6.688458	6.518854	115.560473	24.991004	-11.618726	0.000000	-31.955225	5.845405	0.240708	143.077102	-3.013196	62.072370	12.965848	51.448055	136.367428	-0.441308	45.880971	14.426577	37.828959
7.950000	-24.017537	-3.743834	5.694664	0.679303	0.433353	-0.082459	117.098738	-17.827750	5.186807	116.593934	22.111895	-25.910804	0.000000	119.280158	-6.755158	6.634887	115.677405	25.065304	-11.434470	0.000000	-31.880450	5.879745	0.213274	143.050505	-2.975230	62.033192	12.829385	51.279714	136.389548	-0.442677	46.058368	14.363598	37.695102
7.966667	-24.046212	-3.804836	5.667122	0.679675	0.434236	-0.082859	117.038780	-17.819060	5.122124	116.530260	22.177607	-25.829609	0.000000	119.286315	-6.778316	6.671752	115.663138	25.110569	-11.324660	0.000000	-31.797570	5.909957	0.167851	142.995509	-2.980012	61.993530	12.773103	51.129758	136.386454	-0.464855	46.211425	14.323798	37.580654
7.983333	-24.080060	-3.819627	5.664332	0.679887	0.436140	-0.083360	116.865717	-17.809724	5.081949	116.318824	22.122756	-25.825041	0.000000	119.146715	-6.764087	6.620192	115.506357	25.111512	-11.308904	0.000000	-31.716254	5.928579	0.090256	142.910697	-3.027945	61.958264	12.811380	50.992835	136.358166	-0.513203	46.337326	14.315541	37.473438
8.000000	-24.110810	-3.790218	5.685759	0.679840	0.439084	-0.083797	116.568723	-17.798585	5.048534	115.957333	21.931489	-25.909772	0.000000	118.844484	-6.725447	6.484647	115.190240	25.066283	-11.377287	0.000000	-31.644116	5.930199	-0.028087	142.795254	-3.110685	61.931180	12.946140	50.852841	136.305168	-0.593062	46.451305	14.336439	37.353149
8.016667	-24.134563	-3.724297	5.727016	0.679500	0.442993	-0.084021	116.144539	-17.775641	4.996969	115.450435	21.613283	-26.086838	0.000000	118.375883	-6.679639	6.283342	114.704136	24.986175	-11.497008	0.000000	-31.585421	5.909794	-0.183041	142.660890	-3.213017	61.918965	13.159487	50.694372	136.238236	-0.705061	46.577045	14.373201	37.199424
8.033333	-24.155806	-3.630213	5.777073	0.678891	0.447754	-0.084014	115.604539	-17.725290	4.906456	114.805789	21.196440	-26.351708	0.000000	117.756985	-6.642290	6.039373	114.050010	24.885375	-11.637611	0.000000	-31.541650	5.860755	-0.358877	142.536194	-3.322480	61.936003	13.418469	50.506728	136.186163	-0.839752	46.744062	14.401536	36.992105
8.050000	-24.186923	-3.513544	5.819779	0.678072	0.453281	-0.083888	114.971754	-17.633421	4.768358	114.027007	20.714522	-26.693528	0.000000	117.018038	-6.620590	5.770512	113.240951	24.768731	-11.795950	0.000000	-31.509377	5.775327	-0.533708	142.455858	-3.437343	62.007559	13.688424	50.277529	136.188122	-0.973830	46.994497	14.383675	36.702942
8.066667	-24.244236	-3.376846	5.838645	0.677215	0.459519	-0.083770	114.271568	-17.494297	4.586591	113.115952	20.200708	-27.092775	0.000000	116.191090	-6.612206	5.487290	112.299153	24.632100	-11.995142	0.000000	-31.473910	5.647834	-0.680175	142.442418	-3.564291	62.167719	13.940179	49.991115	136.268730	-1.073219	47.381581	14.269496	36.295665
8.083333	-24.339278	-3.218862	5.821453	0.676623	0.466450	-0.083732	113.517808	-17.312298	4.374834	112.080018	19.685604	-27.525823	0.000000	115.295189	-6.610567	5.193912	111.253201	24.474754	-12.264243	0.000000	-31.410880	5.475554	-0.768541	142.491793	-3.710383	62.446773	14.153795	49.635668	136.416247	-1.107160	47.950443	14.016100	35.740535
8.100000	-24.471781	-3.034140	5.763289	0.676610	0.474120	-0.083768	112.702542	-17.098753	4.151176	110.932702	19.197000	-27.966435	0.000000	114.325972	-6.610326	4.888009	110.128667	24.310827	-12.616979	0.000000	-31.295319	5.258010	-0.779461	142.566808	-3.875313	62.842727	14.324988	49.219942	136.576347	-1.070000	48.695081	13.629980	35.047788
8.116667	-24.634700	-2.817827	5.667775	0.677330	0.482597	-0.083785	111.803991	-16.867515	3.928083	109.689612	18.770296	-28.370912	0.000000	113.263141	-6.609946	4.564826	108.937811	24.170469	-13.035720	0.000000	-31.102726	4.999245	-0.714154	142.602509	-4.048057	63.295535	14.464046	48.791627	136.659972	-0.993397	49.516884	13.197569	34.301612
8.133333	-24.820822	-2.570492	5.545604	0.678675	0.491843	-0.083617	110.806416	-16.629015	3.707626	108.367470	18.442686	-28.684913	0.000000	112.089629	-6.612962	4.223256	107.679620	24.081687	-13.479280	0.000000	-30.812452	4.705346	-0.590770	142.531716	-4.218741	63.710393	14.588387	48.420447	136.577999	-0.927062	50.262442	12.851921	33.628188
8.150000	-25.018958	-2.297739	5.410056	0.680314	0.501660	-0.083096	109.709944	-16.384686	3.486526	106.982596	18.223653	-28.880867	0.000000	110.803928	-6.627382	3.867289	106.348512	24.043404	-13.913936	0.000000	-30.423801	4.377199	-0.434471	142.316763	-4.395681	64.019312	14.719423	48.149615	136.289977	-0.904888	50.827067	12.694129	33.108056
8.166667	-25.210964	-2.008318	5.272142	0.681861	0.511807	-0.082158	108.526346	-16.129558	3.261338	105.545237	18.086671	-28.970639	0.000000	109.422832	-6.660998	3.503814	104.941817	24.021071	-14.329650	0.000000	-29.962373	4.012952	-0.272415	141.957628	-4.600961	64.207769	14.880678	47.976762	135.819761	-0.937782	51.199006	12.750079	32.742222
8.183333	-25.379194	-1.711329	5.137988	0.683060	0.522123	-0.080894	107.272688	-15.860666	3.030765	104.055513	17.988655	-28.984205	0.000000	107.976467	-6.715722	3.138294	103.460387	23.967882	-14.732033	0.000000	-29.465446	3.615881	-0.130196	141.478119	-4.853296	64.292506	15.094151	47.875700	135.229850	-1.027778	51.420786	12.986106	32.490757
8.200000	-25.517352	-1.411250	5.009244	0.683866	0.532573	-0.079486	105.969464	-15.580697	2.799445	102.504614	17.886088	-28.953318	0.000000	106.496356	-6.785554	2.769252	101.903366	23.846466	-15.135704	0.000000	-28.963402	3.192515	-0.023498	140.913308	-5.165406	64.294010	15.382533	47.818304	134.586376	-1.172486	51.545294	13.352221	32.309453
8.216667	-25.634092	-1.106623	4.885035	0.684405	0.543192	-0.078118	104.640414	-15.296036	2.578968	100.881449	17.740754	-28.909502	0.000000	105.004286	-6.859289	2.388003	100.265897	23.639651	-15.561301	0.000000	-28.469636	2.746924	0.048185	140.300790	-5.549383	64.224060	15.771689	47.782145	133.933758	-1.360942	51.615419	13.817520	32.159534
8.233333	-25.744990	-0.796230	4.762718	0.684917	0.553998	-0.076911	103.306898	-15.013812	2.380250	99.183199	17.523082	-28.881271	0.000000	103.507470	-6.928160	1.986261	98.545880	23.355461	-16.019990	0.000000	-27.977983	2.283889	0.098010	139.664489	-6.007109	64.088059	16.273116	47.753516	133.279803	-1.574451	51.655020	14.365374	32.012157
8.250000	-25.859684	-0.485519	4.638234	0.685668	0.564961	-0.075895	101.977610	-14.739457	2.204351	97.421916	17.217389	-28.886589	0.000000	101.999386	-6.993048	1.562429	96.751552	23.025879	-16.496833	0.000000	-27.467049	1.815566	0.140595	138.998400	-6.513113	63.893648	16.857548	47.729502	132.595476	-1.794249	51.666414	14.967281	31.855520
8.266667	-25.974865	-0.184774	4.507629	0.686807	0.576030	-0.075030	100.644061	-14.476006	2.042605	95.619494	16.824784	-28.927813	0.000000	100.464177	-7.062509	1.119731	94.898223	22.691563	-16.957249	0.000000	-26.914528	1.359637	0.180458	138.272027	-7.016450	63.650173	17.459286	47.716147	131.836076	-2.013700	51.634069	15.587354	31.696202
8.283333	-26.076691	0.098632	4.366736	0.688254	0.587193	-0.074258	99.286141	-14.223137	1.884379	93.792581	16.358803	-28.991364	0.000000	98.882733	-7.144618	0.661001	92.995850	22.378638	-17.368237	0.000000	-26.313056	0.930162	0.210760	137.453975	-7.462764	63.356150	18.011091	47.723706	130.967553	-2.245981	51.528546	16.214689	31.552971
8.300000	-26.149680	0.365174	4.209049	0.689827	0.598519	-0.073544	97.879876	-13.974866	1.723214	91.939745	15.839045	-29.053744	0.000000	97.237016	-7.243465	0.185424	91.040230	22.085535	-17.711804	0.000000	-25.669457	0.531578	0.225783	136.521765	-7.818490	62.984435	18.479631	47.764034	129.966813	-2.518688	51.302434	16.885246	31.448093
8.316667	-26.184109	0.620050	4.027076	0.691520	0.610138	-0.072869	96.399920	-13.721483	1.556354	90.043704	15.291255	-29.089623	0.000000	95.510090	-7.361096	-0.310363	89.017780	21.794288	-17.982433	0.000000	-24.989645	0.163237	0.232668	135.451104	-8.082550	62.481799	18.882517	47.850061	128.802342	-2.860795	50.888578	17.670190	31.400013
8.333333	-26.175958	0.865351	3.815901	0.693497	0.622094	-0.072226	94.824206	-13.455157	1.381179	88.087221	14.752742	-29.072128	0.000000	93.689953	-7.497863	-0.825209	86.922084	21.499783	-18.174052	0.000000	-24.271614	-0.171365	0.247730	134.216555	-8.276086	61.797694	19.270080	47.992778	127.439669	-3.289746	50.225552	18.626590	31.421459
8.350000	-26.123080	1.098499	3.575180	0.695822	0.634243	-0.071613	93.147560	-13.173176	1.197697	86.070202	14.266740	-28.976869	0.000000	91.780238	-7.648957	-1.348837	84.767638	21.217541	-18.281841	0.000000	-23.515023	-0.465693	0.281148	132.817044	-8.420566	60.933979	19.680251	48.193268	125.883370	-3.800632	49.320616	19.737976	31.520101
8.366667	-26.022756	1.318704	3.311323	0.698433	0.646347	-0.071029	91.386425	-12.879944	1.014492	84.014745	13.860961	-28.797501	0.000000	89.800295	-7.801602	-1.867760	82.585384	20.955745	-18.321933	0.000000	-22.731031	-0.719383	0.326309	131.291693	-8.526118	59.972758	20.109663	48.436437	124.201306	-4.364819	48.300876	20.895529	31.698129
8.383333	-25.871915	1.530190	3.038666	0.701326	0.658247	-0.070470	89.564081	-12.587730	0.846178	81.953902	13.532352	-28.554908	0.000000	87.770758	-7.937764	-2.373065	80.404850	20.692723	-18.335426	0.000000	-21.936189	-0.939887	0.363513	129.693556	-8.594940	59.021197	20.535269	48.700687	122.482699	-4.951042	47.353550	21.968051	31.957472
8.400000	-25.668751	1.738609	2.777323	0.704522	0.669871	-0.069895	87.698694	-12.312952	0.705295	79.917422	13.251438	-28.292505	0.000000	85.706203	-8.039355	-2.860437	78.243307	20.383571	-18.371175	0.000000	-21.139956	-1.137480	0.371595	128.051823	-8.630435	58.115552	20.956829	48.977236	120.777356	-5.548921	46.590174	22.906776	32.306289
8.416667	-25.413470	1.946782	2.549720	0.707916	0.681165	-0.069248	85.806098	-12.070483	0.598192	77.926368	12.977101	-28.063417	0.000000	83.621186	-8.090632	-3.326018	76.107535	19.978828	-18.466746	0.000000	-20.343965	-1.322738	0.337966	126.375236	-8.643344	57.228790	21.390467	49.270650	119.095589	-6.152130	46.008907	23.735466	32.745629
8.433333	-25.109327	2.152509	2.374961	0.711319	0.692110	-0.068495	83.902418	-11.868729	0.522774	75.990241	12.670207	-27.915074	0.000000	81.535320	-8.081092	-3.764549	73.997025	19.440319	-18.636574	0.000000	-19.548175	-1.505544	0.262688	124.680684	-8.653397	56.368761	21.827293	49.580756	117.449010	-6.724711	45.572245	24.447183	33.245448
8.450000	-24.765703	2.347171	2.260853	0.714617	0.702766	-0.067658	81.999018	-11.706238	0.464732	74.100860	12.301575	-27.878377	0.000000	79.470732	-8.010817	-4.169264	71.903491	18.752928	-18.871264	0.000000	-18.748505	-1.690988	0.155449	122.991931	-8.688979	55.599361	22.238266	49.896066	115.855075	-7.215173	45.262964	24.993041	33.752780
8.466667	-24.399378	2.517184	2.199266	0.717818	0.713259	-0.066805	80.097031	-11.571876	0.399081	72.230015	11.853771	-27.963314	0.000000	77.444088	-7.891845	-4.532910	69.809708	17.932163	-19.143182	0.000000	-17.929497	-1.875142	0.032290	121.312987	-8.783768	54.966266	22.620402	50.204715	114.302806	-7.602608	45.074999	25.370871	34.229591
8.483333	-24.028612	2.651183	2.168957	0.720954	0.723715	-0.065999	78.188815	-11.448445	0.302558	70.338644	11.318393	-28.160362	0.000000	75.458232	-7.742920	-4.851471	67.693584	17.021784	-19.413400	0.000000	-17.069896	-2.049020	-0.082706	119.625277	-8.968545	54.452451	23.008673	50.503783	112.742737	-7.906384	44.987488	25.657165	34.671381
8.500000	-23.664329	2.746957	2.145174	0.723990	0.734175	-0.065252	76.265906	-11.318088	0.167143	68.392555	10.692465	-28.449988	0.000000	73.502291	-7.581752	-5.125967	65.538752	16.078044	-19.643654	0.000000	-16.159763	-2.207069	-0.157150	117.912246	-9.264121	53.995668	23.447891	50.800904	111.115688	-8.157179	44.949556	25.958620	35.097623
8.516667	-23.307671	2.810917	2.111666	0.726889	0.744598	-0.064541	74.323830	-11.169331	0.000963	66.371362	9.973198	-28.819959	0.000000	71.559721	-7.417955	-5.358779	63.340595	15.145027	-19.814696	0.000000	-15.206939	-2.348614	-0.157521	116.170575	-9.682890	53.514578	23.979138	51.115063	109.374962	-8.375450	44.880481	26.374697	35.541550
8.533333	-22.953508	2.852835	2.066869	0.729740	0.754918	-0.063858	72.358516	-11.002769	-0.182485	64.268619	9.159365	-29.269136	0.000000	69.614148	-7.250144	-5.550329	61.103203	14.238816	-19.935116	0.000000	-14.227265	-2.472857	-0.061058	114.398903	-10.230208	52.936534	24.635984	51.473055	107.487833	-8.567679	44.689103	26.980192	36.040040
8.550000	-22.594467	2.880551	2.019498	0.732741	0.765092	-0.063227	70.361572	-10.829112	-0.375695	62.089204	8.266890	-29.783009	0.000000	67.650906	-7.071013	-5.699888	58.834973	13.355635	-20.023685	0.000000	-13.233481	-2.574433	0.134071	112.587487	-10.894056	52.233895	25.420903	51.896591	105.437675	-8.729617	44.304215	27.798017	36.614769
8.566667	-22.223631	2.896444	1.980062	0.736069	0.775144	-0.062681	68.319446	-10.660329	-0.581044	59.842721	7.332139	-30.319742	0.000000	65.656221	-6.875008	-5.806901	56.541645	12.483436	-20.088600	0.000000	-12.232479	-2.642708	0.402727	110.711818	-11.635103	51.424327	26.301913	52.394320	103.223981	-8.863025	43.695848	28.799261	37.267148
8.583333	-21.834286	2.897266	1.955867	0.739817	0.785162	-0.062221	66.215435	-10.501653	-0.807463	57.536047	6.391921	-30.830481	0.000000	63.614936	-6.661761	-5.870853	54.218845	11.602084	-20.127563	0.000000	-11.229491	-2.665807	0.696299	108.728826	-12.393206	50.526610	27.245374	52.967221	100.851555	-8.995490	42.879977	29.943792	37.995808
8.600000	-21.417870	2.876729	1.948792	0.743970	0.795188	-0.061813	64.036680	-10.348162	-1.063941	55.175237	5.468129	-31.282332	0.000000	61.513341	-6.437096	-5.891016	51.857397	10.693133	-20.132552	0.000000	-10.233630	-2.636805	0.963328	106.590255	-13.109067	49.534957	28.232921	53.614907	98.325407	-9.172250	41.911069	31.205688	38.807747
8.616667	-20.966089	2.829188	1.954264	0.748397	0.805148	-0.061413	61.785343	-10.185891	-1.352570	52.773055	4.568089	-31.661786	0.000000	59.348777	-6.212362	-5.867951	49.456659	9.759117	-20.091345	0.000000	-9.257073	-2.557908	1.174649	104.265502	-13.746545	48.434631	29.249894	54.335250	95.659035	-9.426299	40.868393	32.563776	39.711064
8.633333	-20.476267	2.752278	1.961616	0.752898	0.814892	-0.061012	59.482287	-9.996562	-1.666318	50.348841	3.692262	-31.965278	0.000000	57.134571	-6.002073	-5.806186	47.029072	8.823787	-19.999881	0.000000	-8.307585	-2.440208	1.330838	101.748569	-14.299389	47.216920	30.279478	55.125445	92.878152	-9.765071	39.833460	33.998594	40.709544
8.650000	-19.950862	2.645054	1.956497	0.757331	0.824235	-0.060620	57.155304	-9.763078	-1.996714	47.921250	2.844862	-32.189462	0.000000	54.893835	-5.822973	-5.713396	44.596472	7.911412	-19.877819	0.000000	-7.386054	-2.296472	1.452854	99.057770	-14.780880	45.887745	31.299558	55.983853	90.017650	-10.180113	38.872127	35.498239	41.802620
8.666667	-19.394195	2.505584	1.925940	0.761625	0.832983	-0.060245	54.827947	-9.475163	-2.341882	45.505335	2.042560	-32.326216	0.000000	52.653768	-5.691782	-5.597814	42.186901	7.034545	-19.760574	0.000000	-6.487713	-2.132896	1.570610	96.247170	-15.205928	44.509520	32.250810	56.890299	87.125874	-10.654697	38.057803	37.028155	42.961868
8.683333	-18.815935	2.335729	1.863811	0.765728	0.840997	-0.059884	52.524172	-9.135507	-2.700957	43.114983	1.305610	-32.370670	0.000000	50.447346	-5.617268	-5.470067	39.831319	6.196779	-19.675933	0.000000	-5.598851	-1.951394	1.710838	93.402181	-15.578840	43.219363	33.030178	57.782929	84.258924	-11.170418	37.484895	38.516992	44.107719
8.700000	-18.230792	2.146433	1.774525	0.769636	0.848274	-0.059544	50.269010	-8.762040	-3.065569	40.762887	0.638380	-32.334303	0.000000	48.306753	-5.592786	-5.343252	37.558281	5.393992	-19.635046	0.000000	-4.703770	-1.755486	1.882882	90.600549	-15.895266	42.143016	33.563633	58.585926	81.450260	-11.723780	37.205330	39.923425	45.150295
8.716667	-17.646105	1.953007	1.672458	0.773444	0.854970	-0.059259	48.071200	-8.381942	-3.425795	38.457261	0.031989	-32.234830	0.000000	46.245163	-5.598880	-5.224152	35.390707	4.618906	-19.634540	0.000000	-3.804193	-1.547056	2.074340	87.878212	-16.151256	41.303600	33.864911	59.264804	78.689376	-12.329741	37.170107	41.283814	46.056753
8.733333	-17.054382	1.767374	1.574943	0.777302	0.861351	-0.059075	45.911991	-8.021176	-3.781274	36.198039	-0.519548	-32.073293	0.000000	44.248014	-5.613256	-5.107472	33.341634	3.871286	-19.653620	0.000000	-2.924530	-1.323292	2.261291	85.228360	-16.348815	40.639440	34.008914	59.838214	75.933896	-13.000670	37.255755	42.663006	46.858824
8.750000	-16.440069	1.596813	1.495050	0.781290	0.867667	-0.059005	43.757065	-7.697404	-4.142692	33.976261	-1.020400	-31.831117	0.000000	42.282519	-5.618573	-4.983746	31.404112	3.155932	-19.652196	0.000000	-2.099389	-1.082776	2.420961	82.619391	-16.496753	40.068562	34.082944	60.347917	73.138207	-13.727285	37.326008	44.091557	47.612849
8.766667	-15.789758	1.444157	1.441506	0.785350	0.873980	-0.059005	41.579864	-7.417643	-4.527451	31.784060	-1.482362	-31.489541	0.000000	40.318358	-5.606793	-4.850258	29.552041	2.475649	-19.579892	0.000000	-1.361148	-0.830126	2.540659	80.017442	-16.614429	39.522486	34.163993	60.828495	70.283963	-14.472187	37.279094	45.545245	48.364562
8.783333	-15.097257	1.306008	1.421959	0.789344	0.880100	-0.059021	39.378839	-7.178570	-4.953619	29.631826	-1.920386	-31.051536	0.000000	38.347057	-5.580976	-4.712354	27.762311	1.839859	-19.393179	0.000000	-0.733063	-0.572591	2.621511	77.404424	-16.735245	38.954447	34.314697	61.293412	67.398345	-15.174145	37.073736	46.951291	49.134444
8.800000	-14.364027	1.174486	1.442201	0.793177	0.885718	-0.059035	37.178116	-6.969030	-5.430158	27.554128	-2.339666	-30.548169	0.000000	36.384397	-5.551885	-4.577488	26.033684	1.276464	-19.071618	0.000000	-0.226106	-0.315104	2.669585	74.776894	-16.892619	38.320384	34.598007	61.747260	64.536222	-15.777804	36.714488	48.234616	49.935995
8.816667	-13.598171	1.041672	1.503136	0.796880	0.890612	-0.059057	35.013016	-6.773751	-5.951455	25.594969	-2.730341	-30.026860	0.000000	34.457485	-5.532169	-4.450086	24.385146	0.826155	-18.624192	0.000000	0.163188	-0.058600	2.682614	72.133055	-17.097062	37.557723	35.080159	62.210712	61.746600	-16.266107	36.220239	49.362321	50.804707
8.833333	-12.812793	0.902433	1.600927	0.800562	0.894726	-0.059109	32.912596	-6.578474	-6.503109	23.785515	-3.072479	-29.531394	0.000000	32.591041	-5.531883	-4.332555	22.842914	0.523730	-18.083246	0.000000	0.454034	0.196902	2.649767	69.470028	-17.332809	36.612166	35.793713	62.722839	59.066213	-16.655210	35.628204	50.319013	51.789236
8.850000	-12.022870	0.756603	1.729178	0.804322	0.898152	-0.059216	30.890153	-6.376317	-7.071665	22.131682	-3.347289	-29.083705	0.000000	30.797467	-5.554520	-4.231793	21.422626	0.382681	-17.488470	0.000000	0.675974	0.446818	2.560136	66.790440	-17.573476	35.483403	36.709785	63.320403	56.524990	-16.970628	35.003868	51.071738	52.916278
8.866667	-11.242066	0.609161	1.880540	0.808196	0.901098	-0.059408	28.944187	-6.169817	-7.649894	20.614817	-3.548022	-28.674756	0.000000	29.073628	-5.595559	-4.162553	20.115236	0.388766	-16.870050	0.000000	0.858680	0.681466	2.409301	64.106935	-17.798018	34.239806	37.750706	64.015987	54.135651	-17.233768	34.419542	51.586193	54.166178
8.883333	-10.480855	0.466556	2.047093	0.812137	0.903815	-0.059699	27.065670	-5.965315	-8.234708	19.200258	-3.680746	-28.269776	0.000000	27.408215	-5.646391	-4.142158	18.891502	0.503098	-16.242554	0.000000	1.024408	0.891743	2.204248	61.441786	-17.999624	32.998291	38.818777	64.784575	51.881952	-17.456810	33.927477	51.857704	55.469031
8.900000	-9.743615	0.332660	2.219550	0.816069	0.906479	-0.060054	25.241920	-5.765113	-8.822101	17.848271	-3.753335	-27.822175	0.000000	25.788987	-5.701112	-4.182152	17.719978	0.678435	-15.605207	0.000000	1.182515	1.074323	1.963837	58.821062	-18.185116	31.877764	39.829166	65.568358	49.722099	-17.644680	33.545156	51.923450	56.727516
8.916667	-9.028198	0.208025	2.386899	0.819991	0.909122	-0.060397	23.456952	-5.565133	-9.408473	16.523786	-3.763958	-27.281207	0.000000	24.203703	-5.760482	-4.287720	16.579575	0.877675	-14.940965	0.000000	1.330220	1.230002	1.713402	56.261441	-18.366561	30.943161	40.736998	66.308966	47.604576	-17.800364	33.253867	51.853249	57.868092
8.933333	-8.331524	0.091965	2.538009	0.823976	0.911689	-0.060655	21.695888	-5.358721	-9.998493	15.201590	-3.701928	-26.592642	0.000000	22.642084	-5.830319	-4.465388	15.459871	1.076909	-14.219532	0.000000	1.461504	1.358268	1.477674	53.756014	-18.552388	30.172759	41.544809	66.988015	45.484567	-17.926122	33.011076	51.724902	58.890334
8.950000	-7.653776	-0.016091	2.664826	0.828052	0.914177	-0.060785	19.949147	-5.140216	-10.607848	13.863291	-3.563170	-25.710917	0.000000	21.099070	-5.916769	-4.723946	14.355362	1.256429	-13.412013	0.000000	1.573659	1.457318	1.273683	51.275817	-18.741350	29.482585	42.283587	67.636273	43.331887	-18.023597	32.772151	51.597191	59.865521
8.966667	-7.000184	-0.115790	2.763499	0.832135	0.916640	-0.060780	18.218531	-4.906726	-11.250178	12.496324	-3.363936	-24.629191	0.000000	19.580521	-6.021212	-5.063978	13.265168	1.396345	-12.518048	0.000000	1.670766	1.527028	1.108200	48.792638	-18.920969	28.796257	42.973330	68.302680	41.135783	-18.096986	32.517112	51.494032	60.880019
8.983333	-6.380112	-0.203832	2.832412	0.836039	0.919013	-0.060656	16.524168	-4.661292	-11.920786	11.104468	-3.132257	-23.396588	0.000000	18.107899	-6.137003	-5.469457	12.201562	1.487634	-11.579937	0.000000	1.760774	1.567928	0.980894	46.307003	-19.073249	28.095397	43.602541	69.016610	38.913260	-18.157345	32.262509	51.409676	61.977240
9.000000	-5.800086	-0.273379	2.870378	0.839530	0.921048	-0.060438	14.899044	-4.415109	-12.595643	9.714951	-2.888470	-22.101081	0.000000	16.711671	-6.250745	-5.908450	11.194125	1.548374	-10.660759	0.000000	1.842806	1.579305	0.887374	43.858536	-19.184805	27.415469	44.148032	69.770863	36.710859	-18.222870	32.043773	51.328681	63.137403
9.016667	-5.262620	-0.316520	2.875624	0.842417	0.922504	-0.060153	13.380269	-4.184634	-13.238091	8.370367	-2.644241	-20.843453	0.000000	15.422703	-6.347050	-6.341685	10.278737	1.617514	-9.816291	0.000000	1.907523	1.559490	0.821169	41.510302	-19.252581	26.819441	44.593580	70.522058	34.588433	-18.313251	31.892661	51.238548	64.284339
9.033333	-4.773552	-0.327532	2.846784	0.844622	0.923352	-0.059827	12.004964	-3.985964	-13.809588	7.112987	-2.412742	-19.709555	0.000000	14.268186	-6.412984	-6.740042	9.477652	1.724131	-9.084708	0.000000	1.953662	1.506505	0.775814	39.316835	-19.282003	26.369853	44.927354	71.207891	32.593890	-18.440549	31.826720	51.127390	65.315943
9.050000	-4.341708	-0.304964	2.787523	0.846216	0.923781	-0.059504	10.798507	-3.830903	-14.289184	5.970029	-2.207645	-18.733719	0.000000	13.262954	-6.440230	-7.100436	8.786108	1.863621	-8.477143	0.000000	1.990713	1.419326	0.744961	37.298545	-19.282635	26.095407	45.144016	71.780426	30.749803	-18.600465	31.840743	50.978365	66.156471
9.066667	-3.966578	-0.252381	2.710107	0.847353	0.924067	-0.059228	9.756467	-3.724482	-14.688585	4.945813	-2.033573	-17.878958	0.000000	12.397144	-6.426244	-7.445027	8.176020	2.003217	-7.964152	0.000000	2.019745	1.300241	0.721027	35.442557	-19.264967	25.975372	45.253865	72.232552	29.059297	-18.770689	31.904324	50.768157	66.793827
9.083333	-3.629217	-0.177842	2.630939	0.848184	0.924410	-0.059023	8.840812	-3.663042	-15.050251	4.026463	-1.876606	-17.052047	0.000000	11.634179	-6.375997	-7.808964	7.613812	2.108152	-7.477808	0.000000	2.017160	1.155773	0.698678	33.722547	-19.238404	25.952813	45.283071	72.602588	27.518468	-18.917854	31.971412	50.469728	67.281257
9.100000	-3.302296	-0.092128	2.560780	0.848793	0.924856	-0.058870	8.004230	-3.635067	-15.425375	3.195105	-1.706890	-16.155744	0.000000	10.931107	-6.301910	-8.224646	7.079276	2.162027	-6.948874	0.000000	1.947047	0.995914	0.681781	32.115831	-19.208954	25.963816	45.256517	72.955613	26.122211	-19.006826	31.998155	50.055503	67.707829
9.116667	-2.971320	-0.005632	2.500328	0.849200	0.925378	-0.058759	7.222956	-3.626668	-15.840237	2.444898	-1.501251	-15.155441	0.000000	10.266968	-6.218347	-8.702797	6.571743	2.165154	-6.358242	0.000000	1.793397	0.832854	0.681811	30.607889	-19.176057	25.970785	45.172690	73.349428	24.861206	-19.008242	31.964451	49.498910	68.151427
9.133333	-2.642328	0.075741	2.444207	0.849437	0.925964	-0.058718	6.503884	-3.629483	-16.280953	1.779814	-1.265563	-14.095000	0.000000	9.646864	-6.133215	-9.225026	6.099148	2.117850	-5.745389	0.000000	1.574831	0.677651	0.707123	29.188353	-19.131623	25.976156	44.997353	73.812551	23.718298	-18.902205	31.881443	48.773834	68.649649
9.150000	-2.328577	0.152408	2.388107	0.849600	0.926619	-0.058793	5.862781	-3.644517	-16.717597	1.208523	-1.025165	-13.038867	0.000000	9.078247	-6.045092	-9.762277	5.661757	2.013744	-5.160766	0.000000	1.326331	0.535807	0.755746	27.845131	-19.064225	26.001841	44.684738	74.352516	22.674134	-18.676503	31.771843	47.851273	69.210519
9.166667	-2.036611	0.228281	2.333401	0.849828	0.927345	-0.058983	5.304110	-3.678201	-17.136858	0.740942	-0.793626	-12.018294	0.000000	8.552927	-5.948516	-10.296832	5.247454	1.852592	-4.623800	0.000000	1.075723	0.405929	0.816483	26.558811	-18.964198	26.058759	44.206358	74.970629	21.712680	-18.327373	31.646698	46.707848	69.833805
9.183333	-1.767279	0.306548	2.285188	0.850259	0.928145	-0.059222	4.821240	-3.735265	-17.543178	0.385991	-0.564280	-11.040516	0.000000	8.053371	-5.840393	-10.821862	4.839947	1.647639	-4.129462	0.000000	0.839668	0.282312	0.873363	25.302407	-18.823658	26.138097	43.565683	75.655999	20.815763	-17.867325	31.504595	45.348690	70.508523
9.200000	-1.519463	0.388118	2.247048	0.850997	0.928969	-0.059440	4.401110	-3.815273	-17.943408	0.145711	-0.326681	-10.115350	0.000000	7.562539	-5.721521	-11.332597	4.427485	1.417997	-3.670129	0.000000	0.627162	0.159018	0.910606	24.049337	-18.636103	26.221173	42.794777	76.376765	19.958616	-17.325539	31.340545	43.816218	71.203692
9.216667	-1.288200	0.472938	2.219155	0.852104	0.929697	-0.059635	4.022538	-3.914455	-18.339696	0.008614	-0.078727	-9.258801	0.000000	7.063126	-5.593384	-11.824350	4.003102	1.182120	-3.239656	0.000000	0.439642	0.032675	0.916464	22.780434	-18.400699	26.289710	41.943509	77.085671	19.112760	-16.737250	31.149056	42.179799	71.873061
9.233333	-1.064374	0.561628	2.198846	0.853590	0.930232	-0.059858	3.658087	-4.028749	-18.728610	-0.050304	0.174688	-8.483275	0.000000	6.535757	-5.454968	-12.293814	3.558899	0.955636	-2.825926	0.000000	0.273096	-0.097059	0.885625	21.485555	-18.123764	26.329031	41.063214	77.732305	18.252481	-16.131906	30.923082	40.514239	72.467272
9.250000	-0.836996	0.654892	2.181444	0.855360	0.930607	-0.060147	3.282653	-4.154128	-19.105184	-0.061052	0.430872	-7.784887	0.000000	5.962640	-5.303985	-12.741233	3.084225	0.751315	-2.405313	0.000000	0.119633	-0.227864	0.821410	20.168618	-17.812775	26.325429	40.182825	78.280158	17.368000	-15.523270	30.653138	38.868008	72.951479
9.266667	-0.596185	0.751676	2.163383	0.857173	0.930938	-0.060498	2.882506	-4.285543	-19.467691	-0.049016	0.693206	-7.144012	0.000000	5.336355	-5.140437	-13.168962	2.572795	0.582422	-1.948627	0.000000	-0.034069	-0.355189	0.734249	18.855742	-17.470860	26.265134	39.297462	78.718003	16.476510	-14.910066	30.333132	37.252568	73.317924
9.283333	-0.336706	0.847961	2.145719	0.858742	0.931286	-0.060888	2.458945	-4.416303	-19.818553	-0.030822	0.965306	-6.538821	0.000000	4.668522	-4.969274	-13.578304	2.033773	0.465756	-1.434098	0.000000	-0.205705	-0.473117	0.636342	17.592708	-17.097218	26.137392	38.380763	79.055151	15.617760	-14.286608	29.966099	35.660887	73.581035
9.300000	-0.060748	0.936881	2.134245	0.859913	0.931655	-0.061287	2.025222	-4.537637	-20.163529	-0.014995	1.243830	-5.955928	0.000000	3.990408	-4.801364	-13.970099	1.496434	0.418431	-0.856213	0.000000	-0.410235	-0.575654	0.536522	16.426724	-16.690335	25.939885	37.406995	79.310184	14.835447	-13.653196	29.563677	34.089190	73.764307
9.316667	0.221555	1.011959	2.137209	0.860747	0.932072	-0.061642	1.599541	-4.640805	-20.507433	-0.004416	1.514432	-5.396267	0.000000	3.343474	-4.650083	-14.346010	1.002062	0.446153	-0.225208	0.000000	-0.651641	-0.659565	0.435892	15.386595	-16.249936	25.683336	36.367505	79.499780	14.156199	-13.024171	29.146131	32.553155	73.888235
9.333333	0.497355	1.071939	2.161568	0.861411	0.932626	-0.061884	1.195729	-4.721552	-20.850793	0.001143	1.756344	-4.867324	0.000000	2.763122	-4.524780	-14.711485	0.589223	0.534325	0.446964	0.000000	-0.923177	-0.727697	0.328229	14.479173	-15.774521	25.384920	35.264559	79.632139	13.585019	-12.423340	28.734919	31.077958	73.963373
9.350000	0.759333	1.121239	2.208301	0.862035	0.933452	-0.061957	0.816390	-4.780905	-21.192563	0.003129	1.954663	-4.366288	0.000000	2.264688	-4.428250	-15.079167	0.282116	0.654138	1.158346	0.000000	-1.215345	-0.788373	0.207174	13.699228	-15.258025	25.054814	34.093802	79.710324	13.117402	-11.868868	28.338126	29.669687	73.992742
9.366667	1.007695	1.165632	2.270000	0.862689	0.934634	-0.061851	0.455271	-4.821916	-21.531870	0.003105	2.106975	-3.880709	0.000000	1.841731	-4.358936	-15.463570	0.084636	0.775870	1.906719	0.000000	-1.520786	-0.850166	0.072075	13.036587	-14.694799	24.694983	32.850458	79.738575	12.745863	-11.368932	27.950132	28.317606	73.978301
9.383333	1.246106	1.208729	2.334035	0.863434	0.936117	-0.061625	0.104386	-4.848016	-21.866581	0.002257	2.219227	-3.403298	0.000000	1.474437	-4.312589	-15.869103	-0.019069	0.879635	2.675019	0.000000	-1.833026	-0.916443	-0.073372	12.475390	-14.090513	24.308886	31.552708	79.724217	12.455320	-10.927472	27.563761	27.020322	73.924084
9.400000	1.477585	1.250924	2.389529	0.864343	0.937680	-0.061379	-0.241492	-4.862720	-22.190823	0.001298	2.300681	-2.940639	0.000000	1.140295	-4.283444	-16.282946	-0.056734	0.962255	3.429538	0.000000	-2.144394	-0.983278	-0.224998	11.990940	-13.468014	23.909066	30.254624	79.676979	12.220685	-10.548409	27.178278	25.799297	73.836400
9.416667	1.702106	1.289683	2.431450	0.865416	0.938980	-0.061169	-0.581683	-4.868189	-22.493185	0.000552	2.364026	-2.510899	0.000000	0.823622	-4.266762	-16.680348	-0.056974	1.034763	4.127177	0.000000	-2.446024	-1.042119	-0.378154	11.553109	-12.861735	23.516653	29.036138	79.607496	12.014303	-10.237350	26.799386	24.694002	73.722921
9.433333	1.917279	1.321845	2.460074	0.866513	0.939709	-0.060980	-0.909166	-4.865451	-22.764651	0.000095	2.424598	-2.130721	0.000000	0.519283	-4.259782	-17.041342	-0.041700	1.111581	4.735675	0.000000	-2.729947	-1.086176	-0.526427	11.138819	-12.301606	23.149002	27.965873	79.524312	11.818861	-9.998127	26.430726	23.737133	73.589724
9.450000	2.123349	1.346109	2.479372	0.867424	0.939785	-0.060794	-1.217178	-4.856139	-23.010962	-0.000119	2.497340	-1.798954	0.000000	0.227254	-4.260702	-17.365722	-0.024144	1.204933	5.257719	0.000000	-2.993850	-1.114322	-0.664186	10.744491	-11.797268	22.802680	27.060091	79.430555	11.635480	-9.824616	26.061703	22.922427	73.437211
9.466667	2.326069	1.362816	2.494670	0.867995	0.939348	-0.060608	-1.505203	-4.842180	-23.249449	-0.000176	2.595233	-1.494434	0.000000	-0.053821	-4.268560	-17.670462	-0.010382	1.325883	5.730146	0.000000	-3.244167	-1.128275	-0.789226	10.386925	-11.337032	22.452731	26.277850	79.324321	11.480382	-9.698550	25.668919	22.200591	73.260899
9.483333	2.527442	1.372525	2.509831	0.868197	0.938612	-0.060422	-1.771000	-4.824756	-23.489072	-0.000151	2.723388	-1.199675	0.000000	-0.320701	-4.283145	-17.966966	-0.001900	1.477640	6.184467	0.000000	-3.488599	-1.128372	-0.899990	10.085751	-10.908129	22.084002	25.570853	79.206804	11.369681	-9.602438	25.245965	21.525041	73.063889
9.500000	2.714125	1.375176	2.526841	0.868134	0.937751	-0.060230	-1.999569	-4.804007	-23.715583	-0.000101	2.870799	-0.930088	0.000000	-0.555977	-4.304545	-18.240218	0.002114	1.645421	6.602983	0.000000	-3.722112	-1.114071	-0.991488	9.839106	-10.518996	21.727167	24.943963	79.091311	11.301683	-9.536697	24.834553	20.906915	72.869906
9.516667	2.865399	1.370220	2.547037	0.868010	0.936877	-0.060027	-2.173437	-4.778798	-23.902782	-0.000052	3.016421	-0.724874	0.000000	-0.738557	-4.333472	-18.459204	0.003201	1.804041	6.932501	0.000000	-3.925819	-1.087439	-1.057674	9.621133	-10.192443	21.441045	24.447922	78.997278	11.254544	-9.516035	24.498665	20.404665	72.710959
9.533333	2.972297	1.358028	2.570862	0.868050	0.936062	-0.059814	-2.292651	-4.747950	-24.037688	-0.000018	3.146714	-0.605981	0.000000	-0.864624	-4.370458	-18.606814	0.002786	1.938126	7.143231	0.000000	-4.082895	-1.053651	-1.098220	9.404254	-9.940206	21.252035	24.119120	78.932740	11.200261	-9.547354	24.254843	20.064848	72.595512
9.550000	3.042261	1.340960	2.597333	0.868390	0.935365	-0.059609	-2.375578	-4.712389	-24.128721	0.000001	3.263629	-0.559079	0.000000	-0.950185	-4.413805	-18.691064	0.001863	2.050212	7.254723	0.000000	-4.191228	-1.017838	-1.121041	9.174901	-9.754691	21.125256	23.955638	78.886430	11.114758	-9.618635	24.037434	19.900968	72.492923
9.566667	3.090370	1.322458	2.625588	0.869013	0.934833	-0.059442	-2.445164	-4.675110	-24.195780	0.000008	3.380533	-0.547966	0.000000	-1.017864	-4.459388	-18.734418	0.000979	2.154635	7.314813	0.000000	-4.262471	-0.983056	-1.139389	8.928504	-9.618200	20.982960	23.941740	78.833546	10.975860	-9.707101	23.715910	19.919043	72.341893
9.583333	3.131472	1.305584	2.656951	0.869781	0.934518	-0.059340	-2.518803	-4.639495	-24.260108	0.000009	3.516055	-0.533518	0.000000	-1.085821	-4.502407	-18.761786	0.000350	2.269826	7.374084	0.000000	-4.315896	-0.950994	-1.167699	8.661689	-9.511195	20.733879	24.069939	78.744774	10.761287	-9.790253	23.131771	20.136782	72.067901
9.600000	3.175533	1.292730	2.694864	0.870506	0.934475	-0.059311	-2.603741	-4.608676	-24.338021	0.000007	3.685931	-0.485722	0.000000	-1.162174	-4.538560	-18.793179	-0.000004	2.410489	7.470936	0.000000	-4.371508	-0.923349	-1.217014	8.375623	-9.417755	20.305306	24.338631	78.596728	10.457000	-9.850670	22.156675	20.572311	71.610541
9.616667	3.224394	1.285413	2.742618	0.871055	0.934713	-0.059347	-2.695564	-4.585228	-24.435024	0.000004	3.890094	-0.394773	0.000000	-1.243521	-4.564686	-18.838106	-0.000149	2.576884	7.618768	0.000000	-4.440232	-0.901859	-1.288500	8.083718	-9.330693	19.692340	24.725238	78.388277	10.076202	-9.879715	20.795226	21.199915	70.971810
9.633333	3.271275	1.283327	2.801162	0.871407	0.935133	-0.059442	-2.780614	-4.570102	-24.543004	0.000002	4.103977	-0.278663	0.000000	-1.317683	-4.579741	-18.892991	-0.000169	2.748139	7.798519	0.000000	-4.515354	-0.887215	-1.368810	7.812036	-9.253315	18.996587	25.158407	78.153288	9.672829	-9.881629	19.267826	21.908193	70.255051
9.650000	3.305135	1.284408	2.869542	0.871595	0.935532	-0.059597	-2.843351	-4.562554	-24.648284	0.000001	4.291540	-0.172238	0.000000	-1.370186	-4.584847	-18.946440	-0.000131	2.893441	7.974263	0.000000	-4.576805	-0.878909	-1.436836	7.587077	-9.194958	18.378411	25.540830	77.944744	9.319142	-9.869169	17.911918	22.540767	69.618613
9.666667	3.317636	1.286389	2.947193	0.871639	0.935685	-0.059810	-2.875079	-4.561428	-24.745868	-0.000000	4.432560	-0.102387	0.000000	-1.391349	-4.582216	-18.989555	-0.000080	2.995013	8.124124	0.000000	-4.606386	-0.876167	-1.478477	7.418970	-9.163138	17.945756	25.811537	77.797969	9.058706	-9.852076	16.950104	22.999466	69.166960
9.683333	3.306122	1.288055	3.034652	0.871548	0.935484	-0.060074	-2.876303	-4.566007	-24.842421	-0.000000	4.531652	-0.075871	0.000000	-1.378285	-4.574243	-19.020857	-0.000038	3.056610	8.251041	0.000000	-4.597875	-0.878504	-1.492424	7.299400	-9.159724	17.707834	25.970290	77.715495	8.889153	-9.831820	16.395846	23.283887	68.906373
9.700000	3.272595	1.289153	3.130238	0.871328	0.934991	-0.060384	-2.852912	-4.575796	-24.944394	-0.000000	4.603532	-0.084151	0.000000	-1.333526	-4.563103	-19.043712	-0.000010	3.093371	8.366540	0.000000	-4.558692	-0.885440	-1.484765	7.216578	-9.181762	17.615036	26.050482	77.680683	8.784122	-9.805382	16.142639	23.445230	68.786790
9.716667	3.223164	1.289607	3.224987	0.870974	0.934357	-0.060742	-2.812514	-4.589932	-25.046381	-0.000000	4.657310	-0.110952	0.000000	-1.265097	-4.550306	-19.062356	0.000004	3.120231	8.472654	0.000000	-4.508293	-0.895849	-1.463587	7.169259	-9.222814	17.606275	26.088433	77.673736	8.718640	-9.769960	16.068116	23.534741	68.750694
9.733333	3.166182	1.289436	3.304644	0.870493	0.933723	-0.061136	-2.761921	-4.607286	-25.134708	-0.000000	4.693671	-0.139532	0.000000	-1.184145	-4.536017	-19.080113	0.000009	3.146885	8.561094	0.000000	-4.469751	-0.907730	-1.436652	7.165782	-9.275463	17.632043	26.110357	77.679150	8.678383	-9.723653	16.079837	23.585848	68.754590
9.750000	3.108464	1.289213	3.359735	0.869968	0.933238	-0.061530	-2.705699	-4.626833	-25.201045	-0.000000	4.710969	-0.159421	0.000000	-1.099657	-4.519243	-19.099460	0.000008	3.176815	8.625050	0.000000	-4.456638	-0.919270	-1.409931	7.211234	-9.334138	17.661822	26.130828	77.687538	8.655793	-9.664370	16.122051	23.618425	68.772133
9.766667	3.054323	1.289791	3.390839	0.869534	0.933078	-0.061875	-2.647258	-4.647486	-25.247359	-0.000000	4.709098	-0.167609	0.000000	-1.017432	-4.499324	-19.122240	0.000006	3.207327	8.665382	0.000000	-4.467921	-0.930279	-1.387258	7.298996	-9.394709	17.682379	26.155070	77.694707	8.644724	-9.590548	16.167596	23.644511	68.790363
9.783333	3.006626	1.291935	3.403658	0.869285	0.933337	-0.062141	-2.589775	-4.668511	-25.280682	0.000000	4.688515	-0.165020	0.000000	-0.942312	-4.476449	-19.149780	0.000003	3.231310	8.687661	0.000000	-4.494221	-0.941765	-1.371183	7.415121	-9.453361	17.691202	26.183036	77.699535	8.639748	-9.501742	16.206890	23.669453	68.804671
9.800000	2.966743	1.296574	3.402392	0.869230	0.933916	-0.062315	-2.535308	-4.690555	-25.308417	0.000000	4.649307	-0.153255	0.000000	-0.878577	-4.450523	-19.183529	0.000001	3.241140	8.699073	0.000000	-4.526689	-0.954013	-1.363790	7.547191	-9.507538	17.688827	26.215185	77.701471	8.637045	-9.397363	16.235747	23.693214	68.813303
9.816667	2.935343	1.304612	3.388916	0.869325	0.934560	-0.062408	-2.485860	-4.714986	-25.336148	0.000000	4.592027	-0.133457	0.000000	-0.829887	-4.421194	-19.225671	0.000000	3.231837	8.707245	0.000000	-4.561445	-0.965824	-1.366812	7.687012	-9.556036	17.673101	26.256733	77.698443	8.634007	-9.276731	16.244654	23.711432	68.812615
9.833333	2.914888	1.316064	3.366088	0.869493	0.935005	-0.062445	-2.446415	-4.741814	-25.366276	0.000000	4.519471	-0.106651	0.000000	-0.800245	-4.389593	-19.278942	-0.000000	3.202427	8.719632	0.000000	-4.599671	-0.975363	-1.381521	7.827102	-9.597368	17.636090	26.319024	77.685554	8.628296	-9.140798	16.211786	23.715334	68.794066
9.850000	2.911027	1.329625	3.338779	0.869637	0.935098	-0.062447	-2.425472	-4.768759	-25.397917	0.000000	4.438457	-0.074642	0.000000	-0.794513	-4.359098	-19.345296	-0.000000	3.156497	8.743694	0.000000	-4.646380	-0.981121	-1.409478	7.957667	-9.629263	17.563153	26.419141	77.654692	8.618531	-8.991826	16.100877	23.692854	68.743258
9.866667	2.931282	1.342951	3.311378	0.869666	0.934829	-0.062424	-2.432112	-4.792125	-25.427934	0.000000	4.359946	-0.040439	0.000000	-0.817553	-4.334208	-19.424352	-0.000000	3.101741	8.786907	0.000000	-4.708781	-0.982441	-1.453477	8.067365	-9.649792	17.435097	26.577230	77.595678	8.605985	-8.830801	15.866689	23.631993	68.642038
9.883333	2.981459	1.353510	3.285254	0.869521	0.934310	-0.062373	-2.471393	-4.808638	-25.452451	-0.000000	4.295112	-0.007174	0.000000	-0.871653	-4.318660	-19.513862	-0.000000	3.046973	8.854459	0.000000	-4.793046	-0.979843	-1.516356	8.147716	-9.658261	17.235733	26.809394	77.500099	8.593934	-8.656052	15.472515	23.525826	68.475528
9.900000	3.059348	1.359659	3.258055	0.869195	0.933716	-0.062297	-2.538249	-4.817177	-25.467963	-0.000000	4.249437	0.023518	0.000000	-0.951266	-4.313815	-19.609999	-0.000000	2.998314	8.943038	0.000000	-4.897570	-0.975418	-1.596107	8.198251	-9.655384	16.968859	27.111032	77.369758	8.584687	-8.468032	14.927334	23.381125	68.247299
9.916667	3.149219	1.361065	3.225166	0.868784	0.933247	-0.062220	-2.614017	-4.819189	-25.470939	-0.000000	4.221392	0.051372	0.000000	-1.038925	-4.318184	-19.704904	-0.000000	2.958743	9.035080	0.000000	-5.006376	-0.972653	-1.680829	8.225814	-9.643000	16.674116	27.439993	77.224415	8.577434	-8.278632	14.318872	23.225990	67.993101
9.933333	3.227190	1.358665	3.182298	0.868498	0.933078	-0.062189	-2.675095	-4.818260	-25.456785	-0.000000	4.205434	0.076909	0.000000	-1.112602	-4.327819	-19.789034	0.000000	2.928797	9.104494	0.000000	-5.094292	-0.973926	-1.752712	8.236853	-9.623121	16.410752	27.732875	77.093505	8.566794	-8.108282	13.777442	23.099366	67.766099
9.950000	3.275643	1.354758	3.127285	0.868558	0.933247	-0.062262	-2.708791	-4.819725	-25.420317	-0.000000	4.194374	0.101979	0.000000	-1.160785	-4.336807	-19.859780	0.000000	2.905543	9.131732	0.000000	-5.142276	-0.977163	-1.799622	8.230469	-9.596877	16.216190	27.948694	76.995466	8.541933	-7.968804	13.386795	23.026352	67.600164
9.966667	3.290615	1.352382	3.060292	0.869018	0.933618	-0.062448	-2.717798	-4.829061	-25.358340	-0.000000	4.181398	0.129169	0.000000	-1.187027	-4.338853	-19.923410	0.000000	2.883531	9.111662	0.000000	-5.145493	-0.976581	-1.820501	8.199415	-9.564318	16.089881	28.086577	76.929794	8.490104	-7.855574	13.148835	23.008201	67.495449
9.983333	3.278724	1.353776	2.984679	0.869703	0.933970	-0.062690	-2.712125	-4.848733	-25.274969	-0.000000	4.163032	0.158823	0.000000	-1.201681	-4.330179	-19.986495	0.000000	2.859109	9.052434	0.000000	-5.111604	-0.967533	-1.821976	8.138539	-9.525657	16.012067	28.166824	76.886624	8.406052	-7.756826	13.021332	23.030926	67.434396
10.000000	3.252080	1.359236	2.909529	0.870336	0.934168	-0.062905	-2.701716	-4.876234	-25.186013	-0.000000	4.141099	0.186675	0.000000	-1.213287	-4.311452	-20.047511	0.000000	2.833917	8.973279	0.000000	-5.058033	-0.949763	-1.813590	8.052608	-9.483224	15.964998	28.209062	76.857548	8.299813	-7.666115	12.960833	23.074455	67.399958
10.016667	3.223181	1.367455	2.847755	0.870727	0.934232	-0.063049	-2.692838	-4.905981	-25.112699	-0.000000	4.120953	0.206159	0.000000	-1.225039	-4.286591	-20.098548	0.000000	2.813793	8.897307	0.000000	-5.006451	-0.925907	-1.803529	7.954486	-9.440910	15.939229	28.225053	76.838615	8.191227	-7.585045	12.938301	23.119177	67.381728
10.033333	3.200172	1.376817	2.808640	0.870873	0.934268	-0.063146	-2.686639	-4.933503	-25.068196	-0.000000	4.107207	0.213375	0.000000	-1.235610	-4.259423	-20.134111	0.000000	2.804473	8.839731	0.000000	-4.973297	-0.897931	-1.795556	7.855251	-9.400865	15.929330	28.221819	76.827648	8.094674	-7.515571	12.936151	23.152557	67.373561
10.050000	3.185463	1.385995	2.794175	0.870903	0.934354	-0.063257	-2.681145	-4.957321	-25.053057	-0.000000	4.101413	0.208664	0.000000	-1.242183	-4.231960	-20.155099	0.000000	2.808865	8.803736	0.000000	-4.964124	-0.866177	-1.789342	7.759308	-9.362651	15.929746	28.205233	76.821981	8.012743	-7.454322	12.942648	23.171398	67.370702
10.066667	3.177223	1.393503	2.801542	0.870918	0.934498	-0.063421	-2.674388	-4.977307	-25.061026	-0.000000	4.102772	0.194775	0.000000	-1.242461	-4.205513	-20.165696	0.000000	2.827343	8.785741	0.000000	-4.975167	-0.831169	-1.782678	7.669229	-9.326065	15.934771	28.180582	76.818815	7.942865	-7.395475	12.950256	23.178819	67.369564
10.083333	3.171321	1.397647	2.825051	0.870901	0.934630	-0.063622	-2.665045	-4.992792	-25.085529	-0.000000	4.109482	0.174840	0.000000	-1.235036	-4.181783	-20.169876	0.000000	2.859042	8.781088	0.000000	-4.998562	-0.794125	-1.773009	7.589980	-9.292743	15.939622	28.152089	76.815995	7.883882	-7.335186	12.954884	23.180175	67.367998
10.100000	3.162986	1.397011	2.855966	0.870767	0.934620	-0.063816	-2.651268	-5.002361	-25.123034	0.000000	4.119487	0.151090	0.000000	-1.219278	-4.162689	-20.170182	0.000000	2.902830	8.786375	0.000000	-5.027256	-0.755558	-1.758077	7.527728	-9.264919	15.940957	28.122519	76.812144	7.837056	-7.272830	12.954577	23.180361	67.364951
10.116667	3.148249	1.390655	2.884238	0.870458	0.934355	-0.063959	-2.630162	-5.004287	-25.172705	0.000000	4.130874	0.124863	0.000000	-1.194791	-4.150305	-20.167955	0.000000	2.957521	8.799621	0.000000	-5.056985	-0.715098	-1.735917	7.488779	-9.244225	15.936833	28.093678	76.806527	7.805333	-7.210906	12.948403	23.182662	67.360025
10.133333	3.124971	1.378102	2.902185	0.869973	0.933851	-0.064008	-2.598182	-4.996766	-25.233408	0.000000	4.142118	0.097705	0.000000	-1.160788	-4.147060	-20.164117	0.000000	3.021330	8.819471	0.000000	-5.085924	-0.672901	-1.704915	7.479865	-9.231472	15.926445	28.067482	76.798935	7.792816	-7.154702	12.935925	23.188685	67.353224
10.150000	3.092891	1.359509	2.906131	0.869371	0.933253	-0.063923	-2.551768	-4.978444	-25.301127	0.000000	4.152284	0.072151	0.000000	-1.116200	-4.155276	-20.159667	-0.000000	3.091013	8.844378	0.000000	-5.114728	-0.630409	-1.665156	7.505885	-9.226182	15.910126	28.046088	76.789621	7.803863	-7.110603	12.917258	23.198788	67.344851
10.166667	3.052905	1.335929	2.895738	0.868770	0.932722	-0.063710	-2.489175	-4.949519	-25.368547	0.000000	4.161042	0.051445	0.000000	-1.061028	-4.175973	-20.155718	-0.000000	3.161409	8.872139	0.000000	-5.146327	-0.589925	-1.620022	7.565650	-9.226038	15.889502	28.031088	76.779246	7.841005	-7.083269	12.893461	23.212479	67.335493
10.183333	3.007194	1.309506	2.873790	0.868375	0.932316	-0.063449	-2.414734	-4.912893	-25.427573	0.000000	4.168257	0.038046	0.000000	-0.999343	-4.207627	-20.153373	-0.000000	3.226299	8.899747	0.000000	-5.181790	-0.553880	-1.575173	7.650308	-9.227943	15.867122	28.023063	76.768763	7.900893	-7.073322	12.866810	23.228270	67.325982
10.200000	2.960359	1.283497	2.846165	0.868392	0.931985	-0.063248	-2.341561	-4.874396	-25.473448	-0.000000	4.173520	0.031892	0.000000	-0.941208	-4.245710	-20.153672	-0.000001	3.280605	8.923708	0.000000	-5.214673	-0.524029	-1.535428	7.746053	-9.230245	15.845463	28.021886	76.759154	7.971256	-7.076722	12.840497	23.243422	67.317210
10.216667	2.918212	1.261274	2.819409	0.868807	0.931684	-0.063148	-2.285128	-4.840755	-25.506696	-0.000000	4.176489	0.030628	0.000000	-0.897865	-4.284222	-20.157773	-0.000001	3.322640	8.941124	0.000000	-5.232932	-0.500539	-1.502912	7.840916	-9.233301	15.825827	28.027551	76.751004	8.036156	-7.086989	12.817217	23.254915	67.309740
10.233333	2.883596	1.244732	2.796960	0.869345	0.931454	-0.063112	-2.250945	-4.816624	-25.531638	-0.000001	4.177798	0.031784	0.000000	-0.872660	-4.318215	-20.167100	-0.000001	3.354916	8.951071	0.000000	-5.228562	-0.481601	-1.477477	7.931988	-9.237861	15.807769	28.041045	76.744103	8.087266	-7.099167	12.797403	23.261382	67.303404
10.250000	2.854236	1.234237	2.778373	0.869699	0.931383	-0.063091	-2.230060	-4.803902	-25.553334	-0.000001	4.179327	0.034548	0.000000	-0.857844	-4.344258	-20.183075	-0.000000	3.382301	8.954940	0.000000	-5.203799	-0.464537	-1.458633	8.025029	-9.243473	15.789785	28.064412	76.737572	8.128252	-7.111674	12.779166	23.263979	67.297372
10.266667	2.824507	1.229625	2.762086	0.869727	0.931497	-0.063065	-2.205755	-4.802697	-25.574946	-0.000001	4.183440	0.040466	0.000000	-0.839451	-4.359720	-20.206770	0.000001	3.408704	8.955883	0.000000	-5.168195	-0.447968	-1.447437	8.126926	-9.248131	15.770662	28.100043	76.730272	8.169075	-7.125230	12.759699	23.265666	67.290531
10.283333	2.788094	1.230472	2.747986	0.869491	0.931736	-0.063029	-2.163260	-4.811568	-25.596803	-0.000001	4.191885	0.053529	0.000000	-0.804438	-4.363414	-20.238486	0.000005	3.434767	8.958651	0.000000	-5.131370	-0.433077	-1.446832	8.238039	-9.248651	15.750460	28.149582	76.721059	8.217835	-7.141159	12.736432	23.270186	67.281719
10.300000	2.739531	1.236099	2.737092	0.869183	0.932003	-0.062972	-2.095338	-4.827843	-25.617465	-0.000000	4.205627	0.079687	0.000000	-0.745501	-4.356295	-20.277431	0.000011	3.457732	8.969766	0.000000	-5.096959	-0.422412	-1.460704	8.348742	-9.241085	15.730821	28.213430	76.708779	8.275925	-7.160649	12.707331	23.281646	67.269724
10.316667	2.674695	1.245639	2.729774	0.868977	0.932210	-0.062868	-2.001650	-4.848487	-25.636081	0.000002	4.226186	0.125737	0.000000	-0.661453	-4.340948	-20.322512	0.000018	3.473985	8.997004	0.000000	-5.060149	-0.417045	-1.492219	8.442686	-9.221465	15.714423	28.291652	76.692088	8.338168	-7.184709	12.670490	23.304647	67.253125
10.333333	2.591116	1.257841	2.725415	0.868916	0.932316	-0.062689	-1.885144	-4.870413	-25.653850	0.000006	4.256854	0.197716	0.000000	-0.554452	-4.321001	-20.373503	0.000022	3.482104	9.047792	0.000000	-5.010224	-0.414984	-1.542266	8.503141	-9.186599	15.704087	28.384627	76.669461	8.396228	-7.213852	12.623916	23.344304	67.230343
10.350000	2.488122	1.270970	2.723187	0.868918	0.932363	-0.062411	-1.749079	-4.890287	-25.673026	0.000013	4.301362	0.299101	0.000000	-0.427110	-4.300895	-20.430891	0.000019	3.482933	9.126948	0.000000	-4.937697	-0.412157	-1.609355	8.517876	-9.133488	15.702252	28.492190	76.639745	8.444083	-7.247962	12.566094	23.405381	67.200179
10.366667	2.369018	1.282778	2.722293	0.868882	0.932406	-0.062020	-1.598564	-4.904059	-25.694333	0.000020	4.359323	0.426293	0.000000	-0.284090	-4.285866	-20.493390	-0.000001	3.477424	9.232021	0.000000	-4.844421	-0.404353	-1.688890	8.483879	-9.059050	15.710458	28.609819	76.603762	8.483869	-7.286063	12.498256	23.488998	67.163366
10.383333	2.245590	1.290175	2.721968	0.868778	0.932442	-0.061542	-1.446848	-4.906329	-25.715156	0.000025	4.422097	0.562879	0.000000	-0.138137	-4.282182	-20.554634	-0.000050	3.464754	9.348322	0.000000	-4.750256	-0.388742	-1.770149	8.409693	-8.962667	15.728947	28.722977	76.566153	8.526173	-7.324980	12.427673	23.588684	67.124461
10.400000	2.134535	1.289552	2.721910	0.868664	0.932444	-0.061024	-1.313356	-4.891300	-25.731483	0.000021	4.476260	0.685613	0.000000	-0.007503	-4.296299	-20.605309	-0.000136	3.440715	9.454799	0.000000	-4.683788	-0.364898	-1.837135	8.309689	-8.847235	15.757306	28.810449	76.533728	8.583021	-7.359439	12.365720	23.694465	67.090354
10.416667	2.045400	1.278387	2.722672	0.868644	0.932417	-0.060529	-1.211124	-4.855980	-25.742519	-0.000003	4.512838	0.781100	0.000000	0.096464	-4.332044	-20.640625	-0.000255	3.397234	9.538925	0.000000	-4.661562	-0.334815	-1.875297	8.194637	-8.717077	15.795525	28.857197	76.510559	8.660110	-7.384737	12.320460	23.803872	67.065601
10.433333	1.976749	1.257073	2.724880	0.868841	0.932390	-0.060129	-1.141871	-4.803334	-25.752778	-0.000059	4.531231	0.852005	0.000000	0.172862	-4.387504	-20.663365	-0.000375	3.325672	9.601873	0.000000	-4.678123	-0.301862	-1.876107	8.069468	-8.579319	15.843565	28.860106	76.495850	8.753538	-7.397861	12.293528	23.925094	67.050468
10.450000	1.922958	1.229463	2.727755	0.869309	0.932359	-0.059897	-1.101592	-4.742650	-25.769767	-0.000156	4.535882	0.908646	0.000000	0.224342	-4.454052	-20.680084	-0.000423	3.223452	9.650977	0.000000	-4.713605	-0.269442	-1.837876	7.937960	-8.446308	15.900157	28.823211	76.485985	8.853342	-7.396360	12.283401	24.069942	67.042944
10.466667	1.879623	1.201643	2.729928	0.869944	0.932245	-0.059868	-1.084139	-4.686495	-25.799121	-0.000288	4.532656	0.959209	0.000000	0.254044	-4.518443	-20.696244	-0.000261	3.101740	9.691514	0.000000	-4.747755	-0.240047	-1.767727	7.808766	-8.331102	15.962507	28.754127	76.477163	8.953657	-7.378756	12.288496	24.245633	67.040978
10.483333	1.843966	1.180167	2.732529	0.870541	0.931923	-0.060042	-1.081232	-4.646878	-25.840155	-0.000420	4.527371	1.004437	0.000000	0.267838	-4.566392	-20.713280	0.000301	2.989390	9.722747	0.000000	-4.770345	-0.215609	-1.682391	7.702485	-8.241938	16.026540	28.664651	76.466654	9.062377	-7.346992	12.308172	24.450470	67.043466
10.500000	1.813397	1.170124	2.739737	0.870895	0.931347	-0.060386	-1.081953	-4.631898	-25.885506	-0.000465	4.524828	1.037652	0.000000	0.276155	-4.586848	-20.728187	0.001467	2.923160	9.738337	0.000000	-4.784543	-0.198703	-1.600912	7.654805	-8.183945	16.088720	28.568604	76.452316	9.204231	-7.308178	12.343807	24.680245	67.050485
10.516667	1.784315	1.172843	2.755297	0.870804	0.930610	-0.060830	-1.071908	-4.642613	-25.923510	-0.000271	4.527565	1.048509	0.000000	0.293686	-4.576133	-20.734988	0.003331	2.927029	9.729752	0.000000	-4.805369	-0.192573	-1.533853	7.711299	-8.164012	16.148965	28.477434	76.431365	9.417435	-7.274757	12.399363	24.939749	67.062938
10.533333	1.751836	1.185327	2.778757	0.870125	0.929870	-0.061294	-1.034493	-4.672895	-25.938085	0.000377	4.535019	1.025339	0.000000	0.336314	-4.538545	-20.727144	0.005671	2.999282	9.688309	0.000000	-4.853926	-0.198615	-1.483578	7.919347	-8.191906	16.209721	28.403356	76.400738	9.745094	-7.262717	12.478569	25.238679	67.081568
10.550000	1.710966	1.202232	2.805090	0.868868	0.929250	-0.061729	-0.955680	-4.713155	-25.907407	0.001699	4.543081	0.954370	0.000000	0.416014	-4.482965	-20.699711	0.007631	3.114929	9.603861	0.000000	-4.948245	-0.213546	-1.453301	8.321706	-8.276888	16.272339	28.367982	76.358697	10.226088	-7.287269	12.580599	25.576974	67.105905
10.566667	1.659009	1.218542	2.827576	0.867142	0.928793	-0.062103	-0.828876	-4.754493	-25.807150	0.003790	4.543067	0.817410	0.000000	0.536681	-4.418804	-20.647509	0.007392	3.238106	9.461915	0.000000	-5.098575	-0.231416	-1.447425	8.952643	-8.424366	16.338095	28.402162	76.304594	10.890966	-7.359286	12.700528	25.946477	67.134295
10.583333	1.595711	1.231029	2.840425	0.865068	0.928429	-0.062373	-0.654538	-4.790550	-25.619101	0.006380	4.521824	0.592455	0.000000	0.694768	-4.353653	-20.561260	0.001982	3.335981	9.244003	0.000000	-5.308497	-0.249083	-1.463773	9.837094	-8.636128	16.411524	28.537452	76.237155	11.761797	-7.484899	12.832218	26.346747	67.164556
10.600000	1.517512	1.237270	2.839951	0.862736	0.927944	-0.062495	-0.432149	-4.816548	-25.342191	0.008484	4.467132	0.264523	0.000000	0.887575	-4.293439	-20.429722	-0.012419	3.385926	8.938038	0.000000	-5.570595	-0.267704	-1.492803	10.989763	-8.912178	16.495476	28.802748	76.155385	12.852372	-7.664971	12.962869	26.789081	67.193190
10.616667	1.411939	1.233957	2.825881	0.860191	0.927085	-0.062467	-0.152446	-4.827655	-24.995549	0.008035	4.373074	-0.164323	0.000000	1.122725	-4.243433	-20.243143	-0.039189	3.375349	8.547788	0.000000	-5.860443	-0.289265	-1.524887	12.413234	-9.252477	16.582839	29.227798	76.061239	14.168702	-7.893851	13.063802	27.287236	67.213788
10.633333	1.264277	1.217311	2.802391	0.857419	0.925821	-0.062337	0.196860	-4.819132	-24.598266	0.001694	4.232097	-0.694307	0.000000	1.415690	-4.208153	-19.985837	-0.078422	3.295168	8.074103	0.000000	-6.149547	-0.312618	-1.556654	14.101253	-9.659734	16.664110	29.845993	75.957769	15.712349	-8.162445	13.097316	27.854386	67.217807
10.650000	1.070023	1.184837	2.778816	0.854355	0.924441	-0.062170	0.618043	-4.787641	-24.144025	-0.014773	4.020795	-1.358545	0.000000	1.779930	-4.191082	-19.627274	-0.122205	3.132122	7.485931	0.000000	-6.427029	-0.332402	-1.592894	16.045562	-10.140240	16.744617	30.688389	75.844270	17.484789	-8.464482	13.037226	28.506400	67.197842
10.666667	0.832623	1.136044	2.770784	0.851018	0.923328	-0.061995	1.103300	-4.732396	-23.614130	-0.045007	3.705910	-2.202723	0.000000	2.228982	-4.195439	-19.136490	-0.148389	2.874824	6.740656	0.000000	-6.693674	-0.341934	-1.643799	18.234619	-10.696681	16.840848	31.759014	75.718020	19.484794	-8.797506	12.879628	29.253937	67.150679
10.683333	0.549930	1.071761	2.799079	0.847679	0.922673	-0.061804	1.646068	-4.655805	-23.016174	-0.088831	3.268217	-3.229264	0.000000	2.787849	-4.225624	-18.511728	-0.114828	2.532611	5.838243	0.000000	-6.933853	-0.337144	-1.718538	20.645317	-11.318151	16.960299	33.006709	75.581999	21.698671	-9.158284	12.640010	30.086424	67.078383
10.700000	0.210458	0.993061	2.883104	0.844738	0.922350	-0.061579	2.247569	-4.563280	-22.389203	-0.136930	2.712746	-4.394825	0.000000	3.494223	-4.288220	-17.786782	0.041528	2.145416	4.826060	0.000000	-7.107574	-0.318270	-1.818627	23.241957	-11.981912	17.102588	34.334155	75.447489	24.097146	-9.540158	12.349025	30.971810	66.985840
10.716667	-0.199564	0.900814	3.030615	0.842433	0.921975	-0.061307	2.918973	-4.463024	-21.772864	-0.163947	2.063028	-5.661192	0.000000	4.386565	-4.390902	-17.010951	0.393152	1.775504	3.752187	0.000000	-7.168834	-0.289327	-1.934101	25.986667	-12.665608	17.282345	35.638311	75.329270	26.643613	-9.933855	12.050338	31.871977	66.875747
10.733333	-0.689757	0.796432	3.229326	0.840755	0.921166	-0.061009	3.683820	-4.367291	-21.185505	-0.122232	1.359941	-7.018397	0.000000	5.486296	-4.537982	-16.231229	0.994310	1.484519	2.634538	0.000000	-7.083810	-0.255632	-2.044026	28.851378	-13.354049	17.540497	36.835079	75.239967	29.300637	-10.327999	11.796293	32.750847	66.744718
10.750000	-1.262442	0.683354	3.446577	0.839565	0.919820	-0.060772	4.576489	-4.294198	-20.623210	0.058714	0.662232	-8.464082	0.000000	6.783364	-4.724500	-15.483352	1.853215	1.305767	1.464925	0.000000	-6.839555	-0.219929	-2.121285	31.823339	-14.037241	17.935329	37.859069	75.186373	32.030706	-10.708302	11.640119	33.571600	66.582242
10.766667	-1.912638	0.567357	3.641084	0.838601	0.918128	-0.060733	5.634683	-4.265718	-20.066770	0.458675	0.034762	-9.983392	0.000000	8.240386	-4.934574	-14.785110	2.931009	1.235799	0.227427	0.000000	-6.447296	-0.180327	-2.141190	34.903872	-14.706637	18.525317	38.659536	75.167656	34.801240	-11.057047	11.627757	34.295416	66.372961
10.783333	-2.629204	0.454772	3.781449	0.837482	0.916360	-0.060995	6.885502	-4.299838	-19.490504	1.138060	-0.471722	-11.546630	0.000000	9.812497	-5.146824	-14.135848	4.168460	1.250023	-1.084093	0.000000	-5.942058	-0.132153	-2.091331	38.100740	-15.351691	19.348701	39.201776	75.175490	37.593337	-11.354268	11.790693	34.886156	66.102605
10.800000	-3.397936	0.350171	3.856927	0.835847	0.914713	-0.061565	8.336984	-4.403186	-18.866390	2.115661	-0.838564	-13.123210	0.000000	11.466978	-5.341878	-13.521551	5.514286	1.319072	-2.463312	0.000000	-5.373030	-0.071322	-1.975376	41.416437	-15.959026	20.415710	39.468180	75.196288	40.401379	-11.581152	12.145457	35.317048	65.763034
10.816667	-4.206483	0.255331	3.873929	0.833494	0.913254	-0.062376	9.985305	-4.570858	-18.164051	3.373799	-1.086560	-14.706376	0.000000	13.192981	-5.506739	-12.919195	6.938382	1.417851	-3.901282	0.000000	-4.787756	0.004154	-1.807422	44.839745	-16.516347	21.719295	39.456892	75.213972	43.220684	-11.725247	12.699538	35.580500	65.352147
10.833333	-5.040300	0.170280	3.845798	0.830404	0.911882	-0.063344	11.818659	-4.791674	-17.362630	4.880605	-1.258819	-16.311183	0.000000	14.991081	-5.636424	-12.308061	8.432021	1.536688	-5.380026	0.000000	-4.230558	0.094417	-1.602549	48.342943	-17.015017	23.224878	39.189327	75.211384	46.036845	-11.784022	13.445210	35.702768	64.876880
10.850000	-5.876871	0.095073	3.784594	0.826720	0.910370	-0.064379	13.813776	-5.053144	-16.469131	6.607136	-1.391852	-17.944201	0.000000	16.856152	-5.734030	-11.683203	10.001649	1.687385	-6.858795	0.000000	-3.745623	0.197397	-1.371056	51.880184	-17.449289	24.847215	38.718881	75.174074	48.825907	-11.764173	14.347871	35.741559	64.362854
10.866667	-6.693286	0.030241	3.697534	0.822706	0.908497	-0.065375	15.940605	-5.343100	-15.517263	8.530809	-1.508157	-19.595275	0.000000	18.776102	-5.808896	-11.051465	11.659773	1.892513	-8.288354	0.000000	-3.363049	0.307768	-1.118445	55.390166	-17.817318	26.477149	38.117880	75.097387	51.561336	-11.679838	15.360219	35.752802	63.856409
10.883333	-7.475622	-0.023883	3.587399	0.818644	0.906125	-0.066235	18.169167	-5.649383	-14.550806	10.631345	-1.623833	-21.250208	0.000000	20.738609	-5.873521	-10.419757	13.416493	2.170194	-9.635414	0.000000	-3.087528	0.417780	-0.848143	58.811185	-18.121044	28.038457	37.451223	74.988474	54.225691	-11.551424	16.453879	35.756614	63.413372
10.900000	-8.221716	-0.067603	3.455133	0.814653	0.903167	-0.066913	20.476375	-5.960668	-13.608812	12.890199	-1.749306	-22.896780	0.000000	22.739434	-5.939888	-9.791806	15.277947	2.526602	-10.892386	0.000000	-2.905318	0.519955	-0.563849	62.105239	-18.361372	29.515126	36.757026	74.859770	56.827355	-11.401395	17.637828	35.725052	63.084968
10.916667	-8.944025	-0.101155	3.301818	0.810634	0.899577	-0.067416	22.857427	-6.268568	-12.712584	15.293450	-1.887089	-24.530439	0.000000	24.793120	-6.015736	-9.168570	17.250506	2.955383	-12.078533	0.000000	-2.791445	0.607775	-0.270677	65.272319	-18.533916	30.952159	36.035546	74.719480	59.408174	-11.248107	18.962015	35.585803	62.907244
10.933333	-9.666128	-0.123092	3.129754	0.806474	0.895374	-0.067786	25.324246	-6.569474	-11.861098	17.829406	-2.027504	-26.148726	0.000000	26.927705	-6.102515	-8.551277	19.340134	3.446546	-13.223088	0.000000	-2.713851	0.673426	0.023623	68.335814	-18.631552	32.428919	35.262275	74.564578	62.023653	-11.104002	20.497965	35.252823	62.893994
10.950000	-10.404399	-0.129376	2.944326	0.802198	0.890646	-0.068072	27.879930	-6.865585	-11.045919	20.479922	-2.137877	-27.716035	0.000000	29.156781	-6.196461	-7.950277	21.544541	3.997689	-14.327477	0.000000	-2.651051	0.707178	0.307710	71.309048	-18.652809	33.984533	34.437924	74.381956	64.706933	-10.976769	22.277604	34.685189	63.034917
10.966667	-11.155628	-0.114838	2.755038	0.797893	0.885503	-0.068304	30.499477	-7.163117	-10.268470	23.213355	-2.165875	-29.151434	0.000000	31.462831	-6.292164	-7.388105	23.848077	4.609828	-15.350275	0.000000	-2.602345	0.699673	0.567187	74.176419	-18.606868	35.570414	33.618055	74.158377	67.450403	-10.868808	24.256331	33.910767	63.302820
10.983333	-11.906006	-0.076147	2.574148	0.793641	0.880027	-0.068483	33.136993	-7.467288	-9.538827	25.981871	-2.063679	-30.373758	0.000000	33.809780	-6.385487	-6.889150	26.223003	5.276611	-16.234905	0.000000	-2.571829	0.643758	0.784799	76.904766	-18.510288	37.105791	32.879227	73.887985	70.220387	-10.778351	26.365644	32.984441	63.664824
11.000000	-12.637697	-0.014101	2.414295	0.789496	0.874282	-0.068613	35.734092	-7.778327	-8.868413	28.722854	-1.801805	-31.337022	0.000000	36.154173	-6.474404	-6.468889	28.632556	5.988024	-16.938870	0.000000	-2.565421	0.536742	0.941112	79.468500	-18.380642	38.547915	32.279293	73.570576	72.985793	-10.702725	28.572118	31.951637	64.085760
11.016667	-13.328714	0.065713	2.285584	0.785475	0.868340	-0.068726	38.228688	-8.091790	-8.269173	31.372545	-1.370634	-32.029143	0.000000	38.450033	-6.559633	-6.132278	31.037945	6.735512	-17.445878	0.000000	-2.600964	0.383530	1.019704	81.864647	-18.230842	39.901451	31.844433	73.205580	75.734004	-10.637567	30.881622	30.843832	64.527450
11.033333	-13.965148	0.155151	2.192160	0.781579	0.862238	-0.068869	40.581109	-8.402075	-7.750554	33.887655	-0.788587	-32.469556	0.000000	40.665532	-6.644346	-5.878821	33.406321	7.504848	-17.770871	0.000000	-2.693097	0.195828	1.014125	84.108628	-18.062848	41.194732	31.562050	72.789661	78.460123	-10.574734	33.305673	29.684635	64.947545
11.050000	-14.551420	0.248135	2.129462	0.777783	0.855979	-0.069089	42.791853	-8.705188	-7.311330	36.255736	-0.100595	-32.701159	0.000000	42.792569	-6.731729	-5.707661	35.711286	8.275829	-17.952842	0.000000	-2.836286	-0.012334	0.931363	86.220144	-17.863639	42.436235	31.390819	72.322791	81.138496	-10.504111	35.792546	28.516984	65.292481
11.066667	-15.101283	0.343344	2.084473	0.774024	0.849591	-0.069401	44.889621	-8.998295	-6.934887	38.490351	0.641740	-32.768494	0.000000	44.835186	-6.823413	-5.616083	37.932218	9.031780	-18.039035	0.000000	-3.015506	-0.228150	0.792162	88.218772	-17.611853	43.599835	31.278128	71.814588	83.719230	-10.415418	38.213779	27.408379	65.502375
11.083333	-15.622127	0.443462	2.040019	0.770271	0.843144	-0.069784	46.904408	-9.278642	-6.594223	40.617728	1.396844	-32.701882	0.000000	46.792617	-6.920473	-5.595798	40.056847	9.761671	-18.070817	0.000000	-3.225028	-0.441484	0.628759	90.130141	-17.291259	44.665901	31.161393	71.281880	86.159571	-10.298490	40.446591	26.408217	65.534000
11.100000	-16.112170	0.553733	1.979477	0.766593	0.836709	-0.070196	48.851794	-9.543908	-6.262284	42.662067	2.140457	-32.516743	0.000000	48.654849	-7.025213	-5.635659	42.080822	10.461645	-18.070867	0.000000	-3.467244	-0.644998	0.480556	91.983534	-16.897086	45.654662	30.971776	70.737912	88.441818	-10.144924	42.445500	25.519162	65.371401
11.116667	-16.571593	0.681841	1.888769	0.763139	0.830328	-0.070586	50.738732	-9.792249	-5.916427	44.637861	2.863241	-32.228131	0.000000	50.413046	-7.141667	-5.728787	44.003794	11.138797	-18.039776	0.000000	-3.734780	-0.835722	0.388142	93.794394	-16.436588	46.610373	30.662415	70.184146	90.557674	-9.954050	44.234150	24.717557	65.020454
11.133333	-17.007620	0.837049	1.758859	0.760033	0.824041	-0.070900	52.569559	-10.021639	-5.538007	46.547443	3.554340	-31.871721	0.000000	52.065698	-7.273693	-5.875080	45.824218	11.800048	-17.970168	0.000000	-4.009323	-1.017388	0.382556	95.548079	-15.930318	47.547094	30.246948	69.621182	92.487870	-9.740500	45.823365	24.003757	64.508760
11.150000	-17.426405	1.025957	1.590627	0.757278	0.817927	-0.071102	54.340115	-10.230577	-5.117261	48.380099	4.195406	-31.501142	0.000000	53.613437	-7.421989	-6.075687	47.536499	12.436520	-17.865079	0.000000	-4.283463	-1.198415	0.471594	97.207480	-15.405550	48.416848	29.796393	69.066180	94.210614	-9.530653	47.158823	23.418403	63.890121
11.166667	-17.825680	1.247228	1.397708	0.754737	0.812064	-0.071190	56.035069	-10.420671	-4.661269	50.117067	4.780368	-31.158437	0.000000	55.056370	-7.582479	-6.324446	49.135303	13.027516	-17.743898	0.000000	-4.575033	-1.385747	0.633421	98.741028	-14.881494	49.140154	29.388885	68.551317	95.730093	-9.349053	48.170525	22.999417	63.238672
11.183333	-18.196845	1.488507	1.204653	0.752239	0.806458	-0.071187	57.635797	-10.598922	-4.197605	51.741869	5.334519	-30.850534	0.000000	56.399491	-7.747442	-6.601810	50.623787	13.561054	-17.628047	0.000000	-4.917873	-1.577690	0.823644	100.144239	-14.362009	49.659816	29.067775	68.100849	97.084072	-9.210469	48.840598	22.745204	62.616902
11.200000	-18.531668	1.728022	1.039510	0.749667	0.801033	-0.071130	59.131827	-10.776620	-3.769109	53.250118	5.913232	-30.542891	0.000000	57.658730	-7.909485	-6.876766	52.018379	14.049473	-17.519922	0.000000	-5.341903	-1.760559	0.990516	101.441604	-13.837951	49.978008	28.829855	67.703775	98.328161	-9.120588	49.226773	22.614626	62.031216
11.216667	-18.825338	1.943587	0.921363	0.746973	0.795658	-0.071063	60.528500	-10.964712	-3.416053	54.657101	6.583014	-30.168212	0.000000	58.858699	-8.066146	-7.119696	53.347788	14.523619	-17.405032	0.000000	-5.860270	-1.915780	1.090424	102.672018	-13.291265	50.154713	28.634726	67.309698	99.518877	-9.078548	49.444025	22.543306	61.422372
11.233333	-19.076298	2.122540	0.852782	0.744185	0.790157	-0.071013	61.846702	-11.170160	-3.157265	55.999495	7.394050	-29.655946	0.000000	60.025537	-8.220764	-7.314202	54.649166	15.014080	-17.272300	0.000000	-6.465790	-2.031492	1.098697	103.869136	-12.702898	50.270218	28.428761	66.855883	100.700408	-9.077200	49.617436	22.465005	60.705831
11.250000	-19.287152	2.262342	0.824801	0.741371	0.784348	-0.070993	63.114542	-11.395057	-2.986240	57.326036	8.348061	-28.983187	0.000000	61.184797	-8.378384	-7.454199	55.963972	15.536503	-17.124884	0.000000	-7.134155	-2.105534	1.014184	105.050752	-12.069939	50.380138	28.179582	66.313146	101.897443	-9.101048	49.830804	22.331828	59.843783
11.266667	-19.465575	2.365467	0.825998	0.738584	0.778103	-0.071024	64.358840	-11.637036	-2.879562	58.682617	9.380373	-28.209769	0.000000	62.362845	-8.541042	-7.535832	57.332142	16.088155	-16.976487	0.000000	-7.833436	-2.141507	0.857759	106.220376	-11.419741	50.488427	27.901700	65.721041	103.116740	-9.126631	50.096852	22.124490	58.901668
11.283333	-19.621862	2.437606	0.846897	0.735847	0.771404	-0.071129	65.601092	-11.891789	-2.808582	60.100350	10.400579	-27.433021	0.000000	63.581898	-8.705648	-7.558052	58.781515	16.658907	-16.838679	0.000000	-8.535404	-2.145824	0.661631	107.376901	-10.795749	50.565774	27.633035	65.161023	104.354719	-9.130751	50.384491	21.840582	58.006206
11.300000	-19.764650	2.487806	0.881054	0.733163	0.764368	-0.071291	66.854638	-12.154916	-2.748382	61.588411	11.363577	-26.703127	0.000000	64.849476	-8.864314	-7.525194	60.315928	17.243095	-16.709386	0.000000	-9.224017	-2.126359	0.456153	108.526169	-10.228559	50.598537	27.383487	64.686480	105.604879	-9.099964	50.681442	21.477514	57.234811
11.316667	-19.900803	2.526233	0.923806	0.730521	0.757195	-0.071444	68.124254	-12.418185	-2.679714	63.131369	12.272148	-26.021554	0.000000	66.155467	-9.007934	-7.444065	61.912139	17.834121	-16.579008	0.000000	-9.897866	-2.092382	0.268568	109.684966	-9.735281	50.610581	27.133765	64.300481	106.859481	-9.031816	51.009348	21.047196	56.581426
11.333333	-20.038966	2.561360	0.968576	0.727907	0.750074	-0.071531	69.408863	-12.665504	-2.587797	64.690827	13.119816	-25.402410	0.000000	67.479089	-9.131990	-7.322119	63.527175	18.413994	-16.446053	0.000000	-10.566036	-2.054849	0.126855	110.875736	-9.338106	50.651199	26.877960	63.989191	108.109845	-8.932369	51.391134	20.600530	56.009803
11.350000	-20.189884	2.598843	1.005809	0.725339	0.743122	-0.071538	70.704119	-12.878279	-2.464432	66.216726	13.880506	-24.872964	0.000000	68.796372	-9.239917	-7.170418	65.110512	18.962279	-16.313187	0.000000	-11.239961	-2.023916	0.051561	112.120809	-9.058085	50.787731	26.628340	63.740509	109.353941	-8.812666	51.851332	20.199730	55.479269
11.366667	-20.361883	2.640632	1.027021	0.722866	0.736347	-0.071496	72.004899	-13.045893	-2.310885	67.669765	14.550519	-24.421588	0.000000	70.086346	-9.341725	-7.004843	66.620036	19.475953	-16.170932	0.000000	-11.927093	-2.004379	0.040930	113.439181	-8.889534	51.104280	26.380387	63.533266	110.606419	-8.682711	52.449669	19.858570	54.925023
11.383333	-20.556522	2.683695	1.028642	0.720493	0.729685	-0.071463	73.308070	-13.168147	-2.134326	69.039506	15.157641	-23.996030	0.000000	71.338655	-9.449516	-6.841669	68.036705	19.969857	-16.003546	0.000000	-12.630865	-1.993287	0.067496	114.839440	-8.794689	51.673080	26.108699	63.335300	111.894935	-8.549704	53.265906	19.534180	54.266916
11.400000	-20.768807	2.721164	1.013522	0.718180	0.723076	-0.071511	74.611612	-13.250830	-1.939231	70.342787	15.723579	-23.561037	0.000000	72.556172	-9.571175	-6.692147	69.365765	20.456306	-15.811921	0.000000	-13.350223	-1.981639	0.089928	116.301629	-8.725833	52.482537	25.809485	63.123116	113.232425	-8.422787	54.307321	19.184008	53.473212
11.416667	-20.989961	2.746441	0.992769	0.715957	0.716523	-0.071685	75.905615	-13.304773	-1.724458	71.603102	16.236583	-23.138595	0.000000	73.744091	-9.703836	-6.560527	70.621301	20.930512	-15.618110	0.000000	-14.074053	-1.958643	0.069686	117.758770	-8.650104	53.379743	25.534370	62.900864	114.582634	-8.316341	55.427220	18.820122	52.617340
11.433333	-21.206563	2.755544	0.985187	0.713907	0.710094	-0.071954	77.164533	-13.346973	-1.491413	72.831865	16.670849	-22.780381	0.000000	74.896269	-9.833347	-6.443570	71.812311	21.378494	-15.442852	0.000000	-14.784754	-1.914992	-0.016941	119.116036	-8.555607	54.138650	25.360106	62.693599	115.867597	-8.244145	56.391223	18.493852	51.836136
11.450000	-21.399130	2.746090	1.010852	0.712012	0.703816	-0.072208	78.357390	-13.396825	-1.252434	74.032207	17.028854	-22.509767	0.000000	75.999971	-9.942237	-6.329409	72.948345	21.796054	-15.285935	0.000000	-15.474194	-1.844502	-0.174290	120.308014	-8.441884	54.613969	25.320169	62.520874	117.023124	-8.208557	57.047976	18.232866	51.217148
11.466667	-21.549156	2.716889	1.082516	0.710145	0.697616	-0.072320	79.467880	-13.468548	-1.027330	75.211891	17.350961	-22.306382	0.000000	77.054135	-10.018796	-6.199051	74.050540	22.193194	-15.133101	0.000000	-16.149794	-1.747053	-0.388565	121.332143	-8.313852	54.799781	25.381528	62.382916	118.038088	-8.196330	57.397987	18.018381	50.751001
11.483333	-21.649976	2.669043	1.200993	0.708203	0.691400	-0.072224	80.501949	-13.566223	-0.833574	76.382470	17.683609	-22.134062	0.000000	78.076300	-10.060057	-6.032564	75.146205	22.580544	-14.974676	0.000000	-16.823707	-1.630876	-0.634258	122.230678	-8.182375	54.770038	25.478741	62.268292	118.945075	-8.184797	57.527562	17.815537	50.375663
11.500000	-21.710630	2.606299	1.356490	0.706143	0.685124	-0.071924	81.483211	-13.683854	-0.679275	77.549460	18.043197	-21.972365	0.000000	79.093433	-10.068759	-5.816001	76.254043	22.955185	-14.817820	0.000000	-17.500488	-1.510284	-0.884907	123.055537	-8.061981	54.614221	25.555113	62.166634	119.791962	-8.155361	57.532070	17.605533	50.035417
11.516667	-21.752422	2.534652	1.531899	0.703985	0.678805	-0.071472	82.442763	-13.807437	-0.560370	78.705833	18.405113	-21.831715	0.000000	80.127643	-10.049695	-5.545511	77.375094	23.297151	-14.689618	0.000000	-18.171275	-1.400739	-1.120915	123.844012	-7.965590	54.408577	25.583245	62.076013	120.618048	-8.105744	57.479880	17.396402	49.712856
11.533333	-21.801285	2.461470	1.706443	0.701844	0.672535	-0.070948	83.402197	-13.919632	-0.463634	79.831651	18.727533	-21.737789	0.000000	81.183954	-10.007469	-5.227503	78.491997	23.581948	-14.623226	0.000000	-18.816763	-1.313729	-1.330866	124.610126	-7.899441	54.206153	25.561547	62.001201	121.441349	-8.048888	57.407211	17.209138	49.421748
11.550000	-21.877854	2.394197	1.861757	0.699828	0.666454	-0.070421	84.365824	-14.007220	-0.373672	80.902106	18.984290	-21.700720	0.000000	82.250110	-9.943530	-4.874245	79.576905	23.799470	-14.636210	0.000000	-19.419894	-1.254143	-1.509914	125.351696	-7.861201	54.035343	25.498293	61.946116	122.262409	-7.999729	57.329421	17.053846	49.174880
11.566667	-21.991840	2.339649	1.986656	0.697917	0.660642	-0.069910	85.332027	-14.064452	-0.277724	81.900291	19.170297	-21.709159	0.000000	83.308229	-9.855749	-4.498177	80.602451	23.955385	-14.728350	0.000000	-19.975980	-1.222849	-1.655142	126.064940	-7.844387	53.904641	25.400936	61.909948	123.075334	-7.963355	57.252235	16.924138	48.966310
11.583333	-22.144205	2.303526	2.077910	0.696036	0.655094	-0.069384	86.303331	-14.090614	-0.167085	82.822378	19.287094	-21.750386	0.000000	84.344390	-9.742162	-4.109436	81.548207	24.055279	-14.897064	0.000000	-20.490731	-1.220645	-1.759335	126.753353	-7.844913	53.811739	25.273548	61.889055	123.872113	-7.930248	57.176831	16.808471	48.776446
11.600000	-22.331835	2.289170	2.139547	0.694161	0.649785	-0.068800	87.282472	-14.087220	-0.037536	83.670566	19.334335	-21.826394	0.000000	85.351388	-9.603783	-3.716576	82.404337	24.091810	-15.148503	0.000000	-20.973106	-1.248728	-1.809635	127.426025	-7.863932	53.752412	25.116945	61.879723	124.641338	-7.877230	57.101420	16.698097	48.580693
11.616667	-22.550594	2.296019	2.180191	0.692323	0.644705	-0.068124	88.265144	-14.056751	0.109655	84.445021	19.310940	-21.952739	0.000000	86.327996	-9.445534	-3.327172	83.173263	24.044483	-15.496156	0.000000	-21.429709	-1.306793	-1.793312	128.089915	-7.905918	53.725627	24.931484	61.879485	125.368720	-7.776413	57.021735	16.587418	48.354692
11.633333	-22.795983	2.318651	2.208865	0.690555	0.639815	-0.067339	89.240501	-14.002828	0.267044	85.147074	19.220625	-22.146345	0.000000	87.277860	-9.276488	-2.946341	83.868742	23.894952	-15.946447	0.000000	-21.862652	-1.391393	-1.706850	128.744506	-7.974154	53.732634	24.722168	61.886976	126.042154	-7.610970	56.932122	16.474813	48.080575
11.650000	-23.062051	2.346935	2.233927	0.688892	0.635050	-0.066452	90.197411	-13.932605	0.422772	85.789247	19.079650	-22.410538	0.000000	88.208201	-9.108105	-2.576105	84.513393	23.653473	-16.472756	0.000000	-22.270655	-1.494488	-1.563118	129.380404	-8.067740	53.769575	24.504045	61.900434	126.655152	-7.389412	56.828694	16.370239	47.758315
11.666667	-23.342497	2.367554	2.264921	0.687406	0.630355	-0.065498	91.128907	-13.858248	0.563673	86.397085	18.921057	-22.726991	0.000000	89.128011	-8.951961	-2.217071	85.133476	23.371915	-17.000440	0.000000	-22.650113	-1.603511	-1.392349	129.979797	-8.181222	53.820308	24.304552	61.916258	127.206870	-7.146483	56.711986	16.302307	47.414552
11.683333	-23.633889	2.366938	2.312614	0.686150	0.625719	-0.064512	92.033338	-13.793396	0.678410	86.997659	18.783578	-23.065496	0.000000	90.047001	-8.817685	-1.869371	85.750421	23.117177	-17.437694	0.000000	-22.996444	-1.704706	-1.233695	130.524392	-8.305526	53.861226	24.154505	61.929850	127.705340	-6.922476	56.584121	16.305869	47.089444
11.700000	-23.935662	2.334965	2.386794	0.685137	0.621183	-0.063532	92.910575	-13.748880	0.760707	87.604988	18.690611	-23.402367	0.000000	90.970252	-8.709947	-1.533823	86.371595	22.927655	-17.731328	0.000000	-23.306050	-1.785476	-1.121137	131.005610	-8.430073	53.875869	24.072125	61.938240	128.166474	-6.738315	56.443469	16.394679	46.808046
11.716667	-24.246895	2.267666	2.493231	0.684393	0.616840	-0.062646	93.754494	-13.732822	0.810775	88.213392	18.642969	-23.723447	0.000000	91.889761	-8.627328	-1.215321	86.987803	22.803980	-17.883872	0.000000	-23.576434	-1.833838	-1.075024	131.422807	-8.545028	53.862301	24.057738	61.941291	128.603493	-6.593041	56.284211	16.549727	46.568647
11.733333	-24.564913	2.167783	2.630117	0.683930	0.612786	-0.061975	94.552885	-13.751084	0.834143	88.801925	18.628928	-24.012488	0.000000	92.785288	-8.564751	-0.924336	87.581041	22.733186	-17.926485	0.000000	-23.805882	-1.839728	-1.102034	131.775364	-8.642608	53.828417	24.100283	61.940677	129.020453	-6.477370	56.099389	16.730994	46.352622
11.750000	-24.887015	2.044109	2.786007	0.683700	0.609057	-0.061612	95.296752	-13.804825	0.839535	89.348329	18.637042	-24.245012	0.000000	93.635029	-8.517574	-0.673500	88.135309	22.709899	-17.889067	0.000000	-23.993149	-1.799252	-1.196738	132.060779	-8.717540	53.784578	24.184995	61.938480	129.414530	-6.383547	55.882136	16.894797	46.135718
11.766667	-25.211132	1.910021	2.942418	0.683632	0.605596	-0.061551	95.988435	-13.888921	0.836664	89.845543	18.664854	-24.394871	0.000000	94.427120	-8.485146	-0.471443	88.645348	22.741456	-17.785766	0.000000	-24.136932	-1.717978	-1.342972	132.277874	-8.767534	53.738918	24.298017	61.936348	129.779929	-6.308599	55.625593	17.007245	45.894001
11.783333	-25.532581	1.779187	3.082654	0.683657	0.602248	-0.061682	96.642637	-13.994586	0.834543	90.310187	18.721138	-24.448270	0.000000	95.166678	-8.469660	-0.317297	89.121496	22.839712	-17.615468	0.000000	-24.239010	-1.608567	-1.518940	132.432427	-8.793792	53.695067	24.426795	61.935072	130.113487	-6.253298	55.325124	17.053244	45.608800
11.800000	-25.840719	1.659489	3.201566	0.683689	0.598836	-0.061872	97.279546	-14.113861	0.841284	90.775774	18.818783	-24.416863	0.000000	95.873589	-8.469550	-0.199348	89.587128	23.005105	-17.377376	0.000000	-24.310936	-1.482289	-1.705648	132.543967	-8.799607	53.652086	24.557352	61.934506	130.422809	-6.219190	54.984873	17.039281	45.274244
11.816667	-26.120057	1.550609	3.308026	0.683645	0.595243	-0.062058	97.913968	-14.242184	0.864891	91.275675	18.963760	-24.337662	0.000000	96.571953	-8.474340	-0.099310	90.070560	23.215902	-17.089366	0.000000	-24.377069	-1.341484	-1.892474	132.649324	-8.787450	53.606549	24.670747	61.933741	130.730846	-6.206562	54.623271	16.987680	44.902913
11.833333	-26.355361	1.446824	3.419037	0.683466	0.591420	-0.062239	98.549911	-14.378210	0.912402	91.830157	19.154005	-24.253068	0.000000	97.280675	-8.467315	0.000889	90.596914	23.433982	-16.785937	0.000000	-24.469212	-1.179681	-2.075530	132.798994	-8.755649	53.556135	24.739385	61.931211	131.072419	-6.211734	54.267074	16.922446	44.518534
11.850000	-26.537011	1.341207	3.549702	0.683149	0.587373	-0.062424	99.181975	-14.521564	0.985999	92.443040	19.387909	-24.185739	0.000000	98.007859	-8.434860	0.114227	91.180414	23.623204	-16.497889	0.000000	-24.615811	-0.987985	-2.251739	133.044284	-8.694168	53.503625	24.725839	61.924603	131.483370	-6.223778	53.937183	16.854138	44.138511
11.866667	-26.664249	1.228390	3.705642	0.682817	0.583191	-0.062615	99.796517	-14.671699	1.078989	93.103564	19.667202	-24.131278	0.000000	98.744116	-8.375100	0.245985	91.817872	23.767059	-16.236810	0.000000	-24.829219	-0.761062	-2.415186	133.414449	-8.583594	53.459293	24.589197	61.910715	131.980548	-6.225025	53.639664	16.774767	43.760822
11.883333	-26.745695	1.106743	3.882150	0.682685	0.579011	-0.062813	100.375995	-14.828767	1.177236	93.791537	19.990648	-24.072405	0.000000	99.463180	-8.299247	0.392194	92.490515	23.875996	-15.994429	0.000000	-25.096997	-0.501735	-2.555951	133.899167	-8.404895	53.438502	24.299452	61.885339	132.544055	-6.193824	53.366570	16.666286	43.364421
11.900000	-26.796366	0.980182	4.066073	0.682818	0.574908	-0.063003	100.912582	-14.991587	1.266508	94.485737	20.345764	-23.999026	0.000000	100.138785	-8.226388	0.541485	93.174650	23.979219	-15.753451	0.000000	-25.388924	-0.225334	-2.659517	134.459978	-8.155146	53.454242	23.852159	61.843438	133.127890	-6.107801	53.104152	16.514852	42.924583
11.916667	-26.832272	0.857021	4.237568	0.683068	0.570852	-0.063167	101.417946	-15.153410	1.338258	95.172054	20.704753	-23.918042	0.000000	100.761232	-8.177519	0.681644	93.850927	24.107365	-15.496896	0.000000	-25.677155	0.042902	-2.712956	135.059344	-7.851209	53.509886	23.276424	61.780586	133.694551	-5.953956	52.842924	16.319063	42.432529
11.933333	-26.866958	0.746316	4.374076	0.683276	0.566806	-0.063284	101.916146	-15.301231	1.389789	95.845970	21.029729	-23.851262	0.000000	101.338133	-8.172402	0.805398	94.508063	24.279513	-15.210429	0.000000	-25.950011	0.277710	-2.715681	135.675895	-7.518096	53.596709	22.631066	61.695224	134.237951	-5.740238	52.583535	16.089366	41.904507
11.950000	-26.912302	0.654119	4.457368	0.683431	0.562784	-0.063333	102.429178	-15.420424	1.421788	96.509071	21.288351	-23.826322	0.000000	101.888755	-8.226882	0.911560	95.144087	24.496975	-14.888680	0.000000	-26.208703	0.462498	-2.680231	136.301453	-7.176402	53.696874	21.980106	61.589127	134.775905	-5.491898	52.335268	15.842048	41.373237
11.966667	-26.979290	0.580032	4.482285	0.683625	0.558804	-0.063306	102.969742	-15.503698	1.436743	97.164889	21.468228	-23.863876	0.000000	102.439863	-8.346391	1.004056	95.765583	24.742028	-14.544143	0.000000	-26.455757	0.595124	-2.624103	136.932501	-6.838700	53.789899	21.363617	61.466432	135.325910	-5.235644	52.109426	15.593071	40.870321
11.983333	-27.074944	0.516243	4.461412	0.683923	0.554840	-0.063241	103.542893	-15.559011	1.439414	97.817104	21.575346	-23.968876	0.000000	103.018465	-8.518853	1.089967	96.384066	24.983778	-14.205441	0.000000	-26.688495	0.689617	-2.565577	137.562214	-6.516420	53.858728	20.799288	61.334228	135.888813	-4.988975	51.914907	15.358427	40.419352
12.000000	-27.198920	0.450491	4.419567	0.684342	0.550852	-0.063238	104.147820	-15.608406	1.436054	98.468191	21.623715	-24.130278	0.000000	103.640876	-8.716370	1.176295	97.010497	25.191015	-13.905096	0.000000	-26.899724	0.770946	-2.523777	138.174391	-6.226566	53.893496	20.305066	61.203182	136.447867	-4.758714	51.757064	15.156201	40.039223
12.016667	-27.342601	0.370767	4.380818	0.684880	0.546829	-0.063402	104.774740	-15.676247	1.431379	99.116531	21.630418	-24.326102	0.000000	104.304563	-8.907164	1.267643	97.651467	25.349086	-13.662368	0.000000	-27.082909	0.866090	-2.515647	138.745339	-5.982637	53.892944	19.899058	61.082303	136.977846	-4.542298	51.635209	14.997938	39.738722
12.033333	-27.489561	0.270302	4.356938	0.685460	0.542780	-0.063804	105.404808	-15.774973	1.428748	99.754821	21.615146	-24.528139	0.000000	104.989536	-9.068267	1.365892	98.309968	25.469076	-13.470700	0.000000	-27.240500	0.995537	-2.548810	139.258798	-5.778362	53.863807	19.576029	60.969151	137.459907	-4.330413	51.539723	14.875240	39.502477
12.050000	-27.619147	0.151783	4.344749	0.685919	0.538710	-0.064460	106.017272	-15.899113	1.434377	100.372902	21.601087	-24.702594	0.000000	105.668451	-9.191044	1.469685	98.986624	25.575549	-13.306718	0.000000	-27.388220	1.166298	-2.614170	139.721880	-5.588748	53.819379	19.298371	60.844771	137.889502	-4.112219	51.454023	14.762763	39.286986
12.066667	-27.713540	0.027562	4.332500	0.686146	0.534656	-0.065318	106.595658	-16.030033	1.458836	100.962846	21.615229	-24.812696	0.000000	106.317053	-9.280192	1.573763	99.677805	25.684384	-13.152811	0.000000	-27.549710	1.369353	-2.684806	140.164910	-5.387374	53.779113	19.010055	60.676140	138.269208	-3.879761	51.360356	14.638017	39.030142
12.083333	-27.764180	-0.086063	4.307998	0.686186	0.530680	-0.066267	107.129569	-16.145356	1.512238	101.523055	21.684935	-24.829546	0.000000	106.921263	-9.349817	1.671701	100.375750	25.794559	-13.006387	0.000000	-27.745300	1.584627	-2.727722	140.624645	-5.158774	53.769657	18.656603	60.422671	138.599632	-3.631076	51.243766	14.497933	38.663663
12.100000	-27.774927	-0.176808	4.263000	0.686165	0.526813	-0.067175	107.616994	-16.227344	1.597366	102.059331	21.830701	-24.746499	0.000000	107.481492	-9.418356	1.761120	101.072115	25.898519	-12.870175	0.000000	-27.980801	1.790556	-2.724220	141.122098	-4.899462	53.823028	18.208258	60.047791	138.878895	-3.376081	51.094695	14.362608	38.129517
12.116667	-27.760290	-0.241682	4.195469	0.686198	0.523035	-0.067943	108.066242	-16.268886	1.707057	102.583171	22.057383	-24.587088	0.000000	108.011423	-9.502176	1.846480	101.759892	25.997643	-12.736989	0.000000	-28.243181	1.973059	-2.682770	141.648198	-4.615359	53.965749	17.681307	59.536901	139.105396	-3.139908	50.913649	14.267131	37.405220
12.133333	-27.738091	-0.287637	4.110597	0.686339	0.519301	-0.068536	108.492389	-16.275385	1.827695	103.108088	22.347266	-24.399261	0.000000	108.530467	-9.609475	1.937472	102.434238	26.105263	-12.585453	0.000000	-28.508721	2.129162	-2.631245	142.168674	-4.323543	54.195999	17.140302	58.919715	139.280747	-2.951030	50.717404	14.241736	36.535906
12.150000	-27.721005	-0.327137	4.018454	0.686565	0.515564	-0.068976	108.911134	-16.260738	1.945777	103.644177	22.658979	-24.237963	0.000000	109.055186	-9.738175	2.044429	103.094280	26.233694	-12.392948	0.000000	-28.758261	2.261961	-2.595856	142.645564	-4.055996	54.465176	16.675572	58.281505	139.414035	-2.819708	50.539736	14.292317	35.649154
12.166667	-27.713072	-0.371632	3.931191	0.686792	0.511786	-0.069300	109.336397	-16.242082	2.053288	104.195292	22.939139	-24.142765	0.000000	109.595213	-9.877523	2.173781	103.742894	26.379740	-12.152472	0.000000	-28.987283	2.373782	-2.588343	143.061218	-3.849740	54.697942	16.358817	57.728541	139.523967	-2.729809	50.414574	14.402158	34.900907
12.183333	-27.712634	-0.428023	3.860964	0.686929	0.507943	-0.069525	109.779902	-16.235989	2.148243	104.759874	23.145620	-24.120092	0.000000	110.154623	-10.012151	2.326565	104.382621	26.522596	-11.877503	0.000000	-29.204946	2.465204	-2.607315	143.431027	-3.724503	54.841505	16.200095	57.322764	139.636441	-2.650320	50.348419	14.550198	34.376849
12.200000	-27.717930	-0.498629	3.813004	0.686889	0.504042	-0.069650	110.248647	-16.251979	2.229465	105.330701	23.265278	-24.143305	0.000000	110.734870	-10.129640	2.501139	105.010687	26.635786	-11.592903	0.000000	-29.424890	2.535390	-2.643328	143.792671	-3.673626	54.890576	16.149583	57.057376	139.777576	-2.553181	50.307963	14.723073	34.057396
12.216667	-27.729590	-0.582108	3.778688	0.686593	0.500144	-0.069692	110.741143	-16.287730	2.291354	105.893932	23.314453	-24.167630	0.000000	111.334360	-10.226287	2.696857	105.616962	26.703075	-11.319671	0.000000	-29.656130	2.581593	-2.682761	144.179782	-3.674106	54.876125	16.137329	56.882774	139.962586	-2.425874	50.225251	14.917020	33.860494
12.233333	-27.749061	-0.675187	3.740313	0.686001	0.496349	-0.069682	111.246361	-16.334168	2.325063	106.431593	23.328309	-24.145061	0.000000	111.945800	-10.304307	2.914622	106.186809	26.725531	-11.064969	0.000000	-29.899915	2.602893	-2.710734	144.606286	-3.698952	54.846449	16.104374	56.734223	140.185635	-2.273221	50.003809	15.139087	33.689148
12.250000	-27.778228	-0.775588	3.683017	0.685166	0.492760	-0.069657	111.747297	-16.384626	2.322487	106.926249	23.348203	-24.035403	0.000000	112.556409	-10.365994	3.155533	106.707129	26.717183	-10.823076	0.000000	-30.149745	2.605223	-2.712233	145.068942	-3.724783	54.852664	16.011467	56.544790	140.417831	-2.110079	49.525638	15.410770	33.457889
12.266667	-27.820238	-0.883723	3.601051	0.684248	0.489483	-0.069626	112.223841	-16.437932	2.276105	107.362674	23.407336	-23.818032	0.000000	113.148835	-10.413823	3.419306	107.168698	26.694771	-10.584140	0.000000	-30.391986	2.600749	-2.674368	145.549679	-3.734423	54.935820	15.840284	56.255543	140.612029	-1.954401	48.676458	15.767168	33.113365
12.283333	-27.876857	-1.001402	3.497021	0.683482	0.486662	-0.069557	112.651381	-16.496537	2.177047	107.728013	23.512856	-23.509321	0.000000	113.699178	-10.454344	3.701415	107.563836	26.668232	-10.346827	0.000000	-30.607366	2.602526	-2.593974	146.004961	-3.716431	55.110970	15.601265	55.836067	140.709123	-1.826160	47.412549	16.240696	32.664097
12.300000	-27.946573	-1.130056	3.379125	0.683115	0.484444	-0.069437	113.002890	-16.565493	2.017898	108.015210	23.637883	-23.171429	0.000000	114.179872	-10.497696	3.990797	107.887519	26.639945	-10.125873	0.000000	-30.772145	2.619914	-2.483683	146.362154	-3.666850	55.354427	15.339413	55.302734	140.647716	-1.745215	45.821182	16.843232	32.201671
12.316667	-28.025976	-1.271105	3.257608	0.683298	0.482887	-0.069328	113.257107	-16.651383	1.799005	108.225488	23.742205	-22.882419	0.000000	114.570706	-10.551064	4.271884	108.142115	26.612009	-9.944050	0.000000	-30.863515	2.658512	-2.365815	146.545575	-3.587636	55.618755	15.112739	54.695580	140.375348	-1.723806	44.050753	17.579714	31.860906
12.333333	-28.108103	-1.425748	3.140762	0.683917	0.481906	-0.069320	113.405915	-16.757902	1.532278	108.365884	23.803417	-22.685114	0.000000	114.867125	-10.612684	4.530519	108.337858	26.588822	-9.817500	0.000000	-30.872759	2.721860	-2.262151	146.513951	-3.477988	55.869317	14.956833	54.034400	139.864144	-1.763159	42.172770	18.467589	31.734827
12.350000	-28.178011	-1.591331	3.034274	0.684584	0.481324	-0.069425	113.457078	-16.881312	1.240148	108.445122	23.821514	-22.571297	0.000000	115.077337	-10.671215	4.758015	108.485375	26.569681	-9.751082	0.000000	-30.818439	2.808386	-2.197123	146.278011	-3.333468	56.096605	14.876832	53.333177	139.148097	-1.856995	40.219562	19.489872	31.828027
12.366667	-28.213336	-1.760121	2.945588	0.684834	0.481007	-0.069563	113.429057	-17.010524	0.948671	108.468757	23.803067	-22.508433	0.000000	115.211585	-10.708792	4.951488	108.584564	26.540879	-9.741203	0.000000	-30.746504	2.908624	-2.207345	145.890882	-3.156509	56.298474	14.863270	52.655586	138.352545	-1.994630	38.353755	20.521169	32.070412
12.383333	-28.195294	-1.925513	2.886904	0.684388	0.480941	-0.069626	113.341894	-17.131160	0.676062	108.435796	23.751390	-22.470623	0.000000	115.277084	-10.706152	5.115296	108.621309	26.477900	-9.777911	0.000000	-30.707115	3.013589	-2.332314	145.421309	-2.959661	56.469895	14.902321	52.101829	137.646089	-2.166952	36.847682	21.368949	32.365370
12.400000	-28.123448	-2.086504	2.871141	0.683304	0.481186	-0.069537	113.213618	-17.229726	0.427908	108.342609	23.665205	-22.451897	0.000000	115.281826	-10.650359	5.259957	108.577124	26.359104	-9.848357	0.000000	-30.722320	3.124044	-2.588011	144.930992	-2.757354	56.609281	14.976923	51.729883	137.143068	-2.372503	35.870721	21.910808	32.644234
12.416667	-28.019762	-2.242298	2.903940	0.681920	0.481806	-0.069288	113.060557	-17.294669	0.205594	108.191121	23.540196	-22.464276	0.000000	115.235124	-10.542409	5.392897	108.441800	26.182385	-9.941049	0.000000	-30.775694	3.243568	-2.948893	144.471861	-2.561822	56.721453	15.066752	51.523694	136.863520	-2.608556	35.397285	22.151943	32.885250
12.433333	-27.917466	-2.386104	2.978215	0.680657	0.482868	-0.068920	112.893186	-17.315615	0.014000	107.989670	23.372377	-22.527025	0.000000	115.141441	-10.398952	5.511142	108.218538	25.970340	-10.047176	0.000000	-30.827945	3.365336	-3.352222	144.086926	-2.385175	56.813116	15.149643	51.428927	136.762090	-2.856245	35.295845	22.170991	33.093752
12.450000	-27.843203	-2.507314	3.075258	0.679794	0.484460	-0.068502	112.707459	-17.284604	-0.142556	107.743000	23.160204	-22.653124	0.000000	114.994374	-10.245234	5.604590	107.919170	25.755095	-10.162577	0.000000	-30.839235	3.471810	-3.723679	143.797214	-2.236140	56.890858	15.206952	51.391580	136.765523	-3.083236	35.425991	22.055499	33.280528
12.466667	-27.806143	-2.596324	3.171732	0.679374	0.486696	-0.068105	112.482853	-17.198764	-0.266001	107.441880	22.903495	-22.841567	0.000000	114.776463	-10.104074	5.661875	107.553006	25.555890	-10.292133	0.000000	-30.785211	3.544514	-4.007422	143.594182	-2.113645	56.961907	15.231065	51.373407	136.801329	-3.261147	35.677895	21.870992	33.454211
12.483333	-27.800405	-2.645136	3.247157	0.679282	0.489686	-0.067782	112.191028	-17.060934	-0.362730	107.062764	22.604546	-23.077439	0.000000	114.464706	-9.989713	5.671800	107.118378	25.373526	-10.448272	0.000000	-30.661737	3.570376	-4.178697	143.452290	-2.009033	57.032659	15.227797	51.353776	136.818152	-3.377591	35.977096	21.655864	33.618937
12.500000	-27.813696	-2.646752	3.288754	0.679388	0.493516	-0.067561	111.804633	-16.878440	-0.439003	106.575873	22.272551	-23.336836	0.000000	114.035902	-9.907342	5.623432	106.601938	25.203188	-10.639667	0.000000	-30.478897	3.542545	-4.239176	143.343113	-1.917228	57.106641	15.210927	51.326225	136.788567	-3.435864	36.274985	21.430052	33.772243
12.516667	-27.833430	-2.596379	3.294581	0.679602	0.498240	-0.067448	111.301456	-16.662197	-0.498135	105.954728	21.922094	-23.597464	0.000000	113.469092	-9.852819	5.507368	105.982701	25.045505	-10.863169	0.000000	-30.251152	3.460504	-4.206986	143.238151	-1.845756	57.185615	15.194978	51.293089	136.698339	-3.448607	36.541278	21.204945	33.907035
12.533333	-27.850081	-2.492013	3.272902	0.679849	0.503862	-0.067423	110.669026	-16.424305	-0.539239	105.183319	21.564923	-23.850076	0.000000	112.749588	-9.813943	5.317320	105.238507	24.905062	-11.109593	0.000000	-29.990019	3.328118	-4.104827	143.110875	-1.815244	57.272556	15.193773	51.260052	136.537531	-3.429741	36.760211	20.990431	34.017217
12.550000	-27.860058	-2.334402	3.237260	0.680067	0.510313	-0.067434	109.910149	-16.174159	-0.558393	104.260150	21.204866	-24.101451	0.000000	111.876016	-9.775895	5.052229	104.353295	24.783415	-11.372929	0.000000	-29.701182	3.148952	-3.949340	142.945674	-1.854714	57.372986	15.224363	51.232584	136.300680	-3.386493	36.923872	20.801543	34.101870
12.566667	-27.866069	-2.128904	3.202554	0.680289	0.517472	-0.067402	109.042685	-15.919164	-0.553572	103.200809	20.841372	-24.367279	0.000000	110.862211	-9.727581	4.718323	103.323737	24.676695	-11.650864	0.000000	-29.383805	2.925501	-3.747041	142.742231	-1.995188	57.493787	15.309622	51.214844	135.986032	-3.317064	37.021915	20.664875	34.166498
12.583333	-27.874646	-1.887169	3.183344	0.680731	0.525202	-0.067250	108.090380	-15.669239	-0.529852	102.036783	20.478889	-24.658745	0.000000	109.730156	-9.666556	4.327925	102.163216	24.579657	-11.940454	0.000000	-29.028610	2.663626	-3.495690	142.505078	-2.261064	57.639997	15.475531	51.210265	135.584108	-3.216733	37.031181	20.622534	34.222710
12.600000	-27.893926	-1.625695	3.192073	0.681654	0.533388	-0.066948	107.072456	-15.438386	-0.499486	100.805487	20.133976	-24.967741	0.000000	108.503012	-9.598929	3.894642	100.898052	24.490062	-12.235386	0.000000	-28.617150	2.377147	-3.188575	142.228876	-2.660200	57.809040	15.743683	51.222251	135.065347	-3.087270	36.908707	20.731020	34.287654
12.616667	-27.931936	-1.362756	3.237083	0.683136	0.541935	-0.066529	106.001361	-15.242239	-0.477433	99.537118	19.831541	-25.262906	0.000000	107.204187	-9.532459	3.429507	99.556773	24.408366	-12.526276	0.000000	-28.127406	2.089885	-2.824228	141.893373	-3.177289	57.984155	16.126712	51.254124	134.384500	-2.943995	36.590274	21.053991	34.384032
12.633333	-27.993409	-1.114588	3.319837	0.685048	0.550777	-0.066085	104.886247	-15.092578	-0.476896	98.247677	19.586728	-25.509208	0.000000	105.855705	-9.471143	2.939643	98.159389	24.333736	-12.805313	0.000000	-27.545920	1.830743	-2.421010	141.469551	-3.775050	58.131713	16.633960	51.308456	133.505391	-2.817241	35.998579	21.648979	34.540448
12.650000	-28.074086	-0.890758	3.433034	0.687189	0.559893	-0.065694	103.733826	-14.991336	-0.506318	96.938983	19.385684	-25.695544	0.000000	104.471011	-9.416751	2.427401	96.711935	24.261099	-13.068147	0.000000	-26.880607	1.622778	-2.025169	140.932268	-4.397067	58.202180	17.265963	51.384640	132.430931	-2.745938	35.078792	22.534939	34.787318
12.666667	-28.156672	-0.691034	3.562152	0.689332	0.569266	-0.065388	102.547756	-14.928679	-0.566769	95.602561	19.187110	-25.837616	0.000000	103.050889	-9.371502	1.890909	95.209365	24.182449	-13.308031	0.000000	-26.165836	1.474977	-1.700850	140.275701	-4.969880	58.138199	17.985663	51.475805	131.220486	-2.765166	33.857238	23.647043	35.143978
12.683333	-28.216245	-0.505473	3.688255	0.691194	0.578823	-0.065162	101.333032	-14.885083	-0.649660	94.225208	18.945665	-25.953552	0.000000	101.591368	-9.337367	1.327806	93.644500	24.087866	-13.515692	0.000000	-25.456027	1.378147	-1.505575	139.529317	-5.422835	57.908469	18.711559	51.571007	129.989123	-2.892424	32.471391	24.829068	35.600970
12.700000	-28.233216	-0.318785	3.791503	0.692536	0.588445	-0.064993	100.099563	-14.836512	-0.738602	92.795866	18.635508	-26.043022	0.000000	100.095384	-9.314835	0.740791	92.016276	23.962653	-13.687372	0.000000	-24.808502	1.306680	-1.464627	138.761117	-5.720919	57.550292	19.352630	51.661798	128.881853	-3.118730	31.142540	25.882256	36.110169
12.716667	-28.202367	-0.119062	3.856602	0.693408	0.598063	-0.064843	98.855005	-14.762427	-0.818638	91.310960	18.253673	-26.096163	0.000000	98.574352	-9.303630	0.141001	90.332341	23.787203	-13.829062	0.000000	-24.258017	1.231523	-1.558114	138.045003	-5.877054	57.155028	19.851050	51.745017	128.007371	-3.414889	30.094810	26.651639	36.603402
12.733333	-28.130611	0.096411	3.876391	0.694153	0.607706	-0.064682	97.593962	-14.651856	-0.884272	89.774044	17.808407	-26.117023	0.000000	97.038504	-9.302931	-0.455549	88.605493	23.543064	-13.959405	0.000000	-23.799579	1.132959	-1.733824	137.407267	-5.937437	56.798643	20.208817	51.822006	127.369023	-3.752534	29.456149	27.106812	37.034404
12.750000	-28.027253	0.325048	3.849997	0.695077	0.617453	-0.064509	96.298403	-14.503249	-0.936040	88.190511	17.311052	-26.125608	0.000000	95.486222	-9.309054	-1.036282	86.846487	23.219635	-14.110147	0.000000	-23.399713	0.999657	-1.939537	136.809583	-5.956907	56.496833	20.481522	51.898912	126.873476	-4.118913	29.228599	27.340349	37.402816
12.766667	-27.898748	0.564757	3.778818	0.696256	0.627374	-0.064355	94.950442	-14.321255	-0.974517	86.562785	16.774393	-26.137542	0.000000	93.904119	-9.313643	-1.595301	85.058551	22.818295	-14.312016	0.000000	-23.020913	0.825558	-2.143116	136.181358	-5.978235	56.212655	20.743714	51.986501	126.402898	-4.513399	29.339927	27.487556	37.742714
12.783333	-27.751160	0.813373	3.665649	0.697680	0.637490	-0.064272	93.543757	-14.116402	-1.002654	84.891667	16.214065	-26.148024	0.000000	92.277929	-9.305721	-2.130160	83.241648	22.353051	-14.576465	0.000000	-22.631404	0.614390	-2.326685	135.456870	-6.024691	55.886429	21.057033	52.097511	125.864398	-4.934983	29.698188	27.654983	38.096093
12.800000	-27.591427	1.067136	3.516172	0.699418	0.647740	-0.064305	92.083044	-13.905136	-1.028532	83.181191	15.651392	-26.135156	0.000000	90.602653	-9.275743	-2.639749	81.403499	21.844000	-14.896589	0.000000	-22.205118	0.378740	-2.472249	134.594573	-6.107365	55.465665	21.455399	52.243299	125.195909	-5.369953	30.212508	27.898924	38.491566
12.816667	-27.424215	1.321270	3.338951	0.701574	0.657991	-0.064471	90.576898	-13.705071	-1.062139	81.441200	15.114863	-26.071977	0.000000	88.885271	-9.217968	-3.123091	79.563238	21.311528	-15.255314	0.000000	-21.723565	0.131736	-2.552787	133.584213	-6.237655	54.932770	21.940529	52.430309	124.354542	-5.785185	30.787936	28.234965	38.931660
12.833333	-27.248031	1.569922	3.144008	0.704176	0.668095	-0.064750	89.033454	-13.529223	-1.111842	79.688180	14.637486	-25.934368	0.000000	87.139926	-9.131395	-3.577440	77.744208	20.779923	-15.622914	0.000000	-21.177369	-0.116405	-2.536538	132.441325	-6.429922	54.321577	22.486094	52.657175	123.305981	-6.136774	31.317510	28.654885	39.389756
12.850000	-27.054378	1.807079	2.941662	0.707100	0.677935	-0.065069	87.460994	-13.383374	-1.182919	77.943832	14.241199	-25.712721	0.000000	85.380782	-9.019836	-3.998392	75.963623	20.272725	-15.963555	0.000000	-20.568751	-0.357708	-2.408934	131.195832	-6.688237	53.698109	23.054723	52.915601	122.036851	-6.395648	31.704713	29.137548	39.826368
12.866667	-26.832544	2.027248	2.741357	0.710096	0.687436	-0.065302	85.870746	-13.264280	-1.277589	76.229796	13.917717	-25.425945	0.000000	83.622143	-8.891149	-4.379649	74.227785	19.798460	-16.250390	0.000000	-19.913042	-0.585609	-2.192675	129.887695	-6.988398	53.126751	23.605604	53.190512	120.585552	-6.567403	31.908896	29.636818	40.210919
12.883333	-26.575120	2.224132	2.550472	0.712954	0.696574	-0.065331	84.273387	-13.159127	-1.396032	74.559688	13.635262	-25.119748	0.000000	81.879766	-8.756824	-4.714059	72.535403	19.352016	-16.466973	0.000000	-19.231591	-0.794756	-1.941328	128.558932	-7.279988	52.663326	24.083996	53.457494	119.042350	-6.685561	31.965484	30.069088	40.525334
12.900000	-26.278844	2.392592	2.374101	0.715649	0.705404	-0.065134	82.670472	-13.051136	-1.535356	72.931601	13.363783	-24.849029	0.000000	80.163128	-8.628646	-5.000831	70.881184	18.924746	-16.608013	0.000000	-18.542066	-0.984396	-1.712506	127.234238	-7.517673	52.348600	24.438099	53.690545	117.503193	-6.790373	31.957514	30.353162	40.762942
12.916667	-25.944491	2.533487	2.214261	0.718231	0.714010	-0.064786	81.056705	-12.927904	-1.687272	71.328611	13.084684	-24.660374	0.000000	78.471603	-8.513054	-5.250991	69.256166	18.505409	-16.687035	0.000000	-17.856052	-1.161786	-1.544149	125.913574	-7.689040	52.183858	24.662900	53.878365	116.028613	-6.913811	31.966425	30.469608	40.934535
12.933333	-25.577958	2.654145	2.068076	0.720695	0.722419	-0.064379	79.430024	-12.783454	-1.837964	69.728644	12.783353	-24.585060	0.000000	76.801148	-8.410658	-5.482877	67.648024	18.078389	-16.733596	0.000000	-17.178671	-1.340174	-1.446073	124.582130	-7.811719	52.128450	24.809677	54.029087	114.636848	-7.073161	32.045243	30.464762	41.066602
12.950000	-25.189987	2.763948	1.930334	0.723084	0.730629	-0.063978	77.791478	-12.616478	-1.970929	68.113162	12.442618	-24.641169	0.000000	75.145890	-8.318191	-5.713564	66.038414	17.623970	-16.780222	0.000000	-16.504062	-1.532345	-1.404521	123.215383	-7.918633	52.124883	24.955593	54.162034	113.307771	-7.269071	32.220754	30.412761	41.190202
12.966667	-24.794547	2.869018	1.801004	0.725590	0.738714	-0.063628	76.137024	-12.431906	-2.074065	66.467900	12.042872	-24.835385	0.000000	73.491850	-8.227049	-5.953534	64.397267	17.121702	-16.848344	0.000000	-15.813091	-1.742903	-1.393699	121.776808	-8.050537	52.121562	25.172134	54.298563	111.986958	-7.487980	32.500476	30.384339	41.331137
12.983333	-24.406565	2.968532	1.688580	0.728430	0.746824	-0.063364	74.456820	-12.242280	-2.148906	64.780366	11.569100	-25.156310	0.000000	71.818531	-8.123017	-6.203556	62.686259	16.561948	-16.933985	0.000000	-15.080152	-1.963155	-1.387383	120.225312	-8.248428	52.086195	25.502248	54.454382	110.601406	-7.707858	32.870757	30.427247	41.502183
13.000000	-24.039523	3.056133	1.603646	0.731648	0.755070	-0.063209	72.746188	-12.062891	-2.211874	63.040226	11.018652	-25.568697	0.000000	70.112808	-7.991251	-6.453968	60.875684	15.956123	-17.004652	0.000000	-14.285685	-2.174114	-1.363453	118.535739	-8.542610	52.010713	25.949305	54.634085	109.085531	-7.905999	33.293692	30.557278	41.698836
13.016667	-23.703538	3.126885	1.547927	0.735080	0.763442	-0.063171	71.016740	-11.902040	-2.281511	61.241686	10.393549	-26.030064	0.000000	68.379828	-7.823458	-6.690590	58.959086	15.325816	-17.025586	0.000000	-13.426140	-2.358804	-1.304292	116.712512	-8.947430	51.900042	26.494013	54.833478	107.404303	-8.070835	33.719235	30.771984	41.906305
13.033333	-23.402818	3.181891	1.509467	0.738476	0.771859	-0.063223	69.293859	-11.754176	-2.363974	59.385021	9.687688	-26.512086	0.000000	66.638749	-7.622487	-6.902880	56.953468	14.678867	-16.993046	0.000000	-12.515927	-2.511290	-1.199953	114.784416	-9.458599	51.756696	27.114103	55.045630	105.563031	-8.210803	34.108796	31.065939	42.111787
13.050000	-23.133324	3.225280	1.468288	0.741667	0.780246	-0.063301	67.598758	-11.602328	-2.452582	57.474522	8.893983	-26.996112	0.000000	64.906696	-7.401977	-7.087362	54.886905	13.999345	-16.933713	0.000000	-11.579398	-2.632799	-1.051022	112.786318	-10.049277	51.578353	27.775278	55.262118	103.593886	-8.349629	34.445789	31.425835	42.308134
13.066667	-22.885234	3.260003	1.405539	0.744676	0.788593	-0.063323	65.932524	-11.426408	-2.536897	55.511070	8.011945	-27.471875	0.000000	63.185941	-7.181455	-7.248081	52.781521	13.254734	-16.882770	0.000000	-10.638068	-2.727045	-0.867858	110.732631	-10.681981	51.346736	28.443018	55.476949	101.522154	-8.516733	34.724442	31.845512	42.495306
13.083333	-22.649655	3.286637	1.311164	0.747660	0.796933	-0.063241	64.278460	-11.212593	-2.611936	53.487695	7.043335	-27.947659	0.000000	61.467040	-6.977790	-7.393766	50.644588	12.415790	-16.866308	0.000000	-9.703694	-2.799937	-0.670290	108.602030	-11.328720	51.004100	29.125518	55.695930	99.341310	-8.742413	34.929981	32.359386	42.685682
13.100000	-22.421108	3.301643	1.189784	0.750782	0.805271	-0.063068	62.612489	-10.961035	-2.686205	51.395497	6.000472	-28.431864	0.000000	59.739535	-6.797639	-7.530377	48.473424	11.482094	-16.884814	0.000000	-8.780526	-2.854557	-0.487279	106.352520	-11.968417	50.458458	29.868335	55.938098	97.019392	-9.049086	35.025409	33.028451	42.902157
13.116667	-22.192583	3.296404	1.057868	0.754141	0.813564	-0.062874	60.908221	-10.683949	-2.780680	49.232951	4.915287	-28.905950	0.000000	57.994955	-6.638401	-7.656783	46.266657	10.486969	-16.909046	0.000000	-7.872247	-2.887330	-0.347015	103.951761	-12.573574	49.623923	30.698269	56.229007	94.527430	-9.434545	34.954626	33.887709	43.168995
13.133333	-21.949379	3.260736	0.932632	0.757740	0.821748	-0.062741	59.140634	-10.395634	-2.916496	47.011601	3.828909	-29.327760	0.000000	56.223058	-6.494565	-7.767747	44.031836	9.477198	-16.899369	0.000000	-6.988955	-2.890824	-0.258889	101.403128	-13.112209	48.467663	31.581670	56.593936	91.866951	-9.860169	34.665372	34.910234	43.504301
13.150000	-21.668394	3.187960	0.825811	0.761526	0.829759	-0.062732	57.290673	-10.106702	-3.104850	44.755383	2.777347	-29.653843	0.000000	54.410596	-6.359983	-7.856883	41.785067	8.490646	-16.832854	0.000000	-6.149425	-2.855593	-0.205830	98.759750	-13.561427	47.049461	32.423844	57.048104	89.080160	-10.259895	34.151237	36.004796	43.913899
13.166667	-21.324373	3.077320	0.744782	0.765431	0.837533	-0.062851	55.347682	-9.823920	-3.347031	42.491929	1.785960	-29.856893	0.000000	52.546380	-6.227839	-7.915798	39.546934	7.544604	-16.717073	0.000000	-5.376271	-2.772378	-0.155606	96.116616	-13.918212	45.534590	33.100132	57.583557	86.243217	-10.566613	33.487255	37.038358	44.385410
13.183333	-20.900470	2.933485	0.694121	0.769379	0.844993	-0.063051	53.312863	-9.550847	-3.639320	40.241382	0.875274	-29.924399	0.000000	50.629894	-6.093377	-7.935641	37.339141	6.641530	-16.577665	0.000000	-4.685831	-2.637649	-0.081318	93.575465	-14.195186	44.137703	33.503680	58.161759	83.446173	-10.736833	32.809612	37.873834	44.887159
13.200000	-20.396330	2.764526	0.675637	0.773262	0.852069	-0.063269	51.202047	-9.288269	-3.976127	38.009313	0.072114	-29.845313	0.000000	48.675139	-5.956596	-7.913369	35.179835	5.785468	-16.433545	0.000000	-4.079390	-2.455887	0.023673	91.200069	-14.406884	43.017788	33.592819	58.720378	80.761286	-10.761994	32.246187	38.415209	45.377394
13.216667	-19.825950	2.579800	0.687483	0.777015	0.858755	-0.063460	49.038283	-9.034357	-4.351655	35.786462	-0.590729	-29.605347	0.000000	46.702636	-5.822033	-7.855527	33.078113	4.986603	-16.287575	0.000000	-3.544688	-2.236727	0.145990	88.993098	-14.563085	42.211321	33.410343	59.201167	78.213645	-10.665396	31.854739	38.641801	45.827889
13.233333	-19.209006	2.389415	0.723713	0.780706	0.865100	-0.063591	46.840781	-8.786295	-4.762656	33.558276	-1.088444	-29.195438	0.000000	44.727435	-5.696054	-7.775511	31.033908	4.253266	-16.130546	0.000000	-3.062785	-1.992613	0.264676	86.901859	-14.671400	41.635224	33.067307	59.584636	75.769734	-10.490301	31.598826	38.617159	46.249273
13.250000	-18.563082	2.203111	0.775395	0.784506	0.871143	-0.063629	44.620394	-8.542414	-5.213085	31.317137	-1.418650	-28.616985	0.000000	42.752830	-5.584519	-7.688699	29.040999	3.585167	-15.939766	0.000000	-2.613954	-1.736500	0.364441	84.843565	-14.742641	41.141199	32.705349	59.895954	73.354246	-10.285430	31.374222	38.464084	46.690099
13.266667	-17.897887	2.026161	0.832723	0.788548	0.876918	-0.063566	42.377700	-8.300818	-5.717052	29.063368	-1.610220	-27.880742	0.000000	40.768541	-5.492914	-7.610338	27.084410	2.970220	-15.678472	0.000000	-2.186777	-1.476512	0.440302	82.741824	-14.793604	40.595798	32.451081	60.179961	70.889071	-10.092082	31.073760	38.312834	47.206586
13.283333	-17.215405	1.858176	0.887075	0.792813	0.882470	-0.063450	40.108747	-8.057830	-6.291405	26.801316	-1.718392	-27.011428	0.000000	38.757856	-5.425123	-7.556948	25.140136	2.391538	-15.310355	0.000000	-1.782334	-1.214040	0.492509	80.554237	-14.843562	39.940355	32.384158	60.474879	68.326667	-9.937702	30.641831	38.255292	47.829855
13.300000	-16.514582	1.698528	0.932336	0.797131	0.887829	-0.063369	37.819135	-7.811821	-6.942642	24.542520	-1.802264	-26.044357	0.000000	36.712113	-5.378603	-7.548595	23.187104	1.840441	-14.817907	0.000000	-1.410026	-0.949325	0.519237	78.276141	-14.904218	39.187455	32.530289	60.801442	65.660891	-9.834302	30.076805	38.327747	48.557396
13.316667	-15.791829	1.550730	0.965289	0.801285	0.893002	-0.063401	35.526511	-7.566991	-7.663276	22.307218	-1.907853	-25.010678	0.000000	34.634825	-5.342644	-7.608088	21.218160	1.319031	-14.204444	0.000000	-1.085450	-0.686265	0.515112	75.931062	-14.971198	38.381679	32.863325	61.161520	62.923661	-9.779548	29.405451	38.512742	49.358799
13.333333	-15.037638	1.419953	0.984164	0.805166	0.897982	-0.063560	33.246705	-7.329843	-8.438087	20.119000	-2.065393	-23.932776	0.000000	32.530684	-5.304845	-7.756497	19.238457	0.842020	-13.476738	0.000000	-0.829979	-0.430426	0.475545	73.560053	-15.027869	37.582290	33.314719	61.537479	60.173476	-9.763533	28.672435	38.753044	50.174972
13.350000	-14.238545	1.307673	0.986285	0.808814	0.902709	-0.063810	30.987108	-7.102817	-9.251237	18.003827	-2.275943	-22.820488	0.000000	30.399283	-5.259964	-8.008580	17.261716	0.444660	-12.628406	0.000000	-0.666337	-0.183900	0.400263	71.204267	-15.057605	36.833123	33.815473	61.905456	57.469150	-9.775555	27.908863	38.993202	50.942622
13.366667	-13.391396	1.209257	0.970231	0.812297	0.907024	-0.064110	28.763292	-6.882992	-10.088203	15.994816	-2.500776	-21.669008	0.000000	28.252659	-5.212376	-8.368259	15.314962	0.172194	-11.651864	0.000000	-0.604822	0.056520	0.291330	68.886822	-15.051576	36.112015	34.342409	62.262444	54.845559	-9.803470	27.084491	39.219629	51.646208
13.383333	-12.519446	1.116961	0.942079	0.815626	0.910709	-0.064431	26.616304	-6.666187	-10.931702	14.128916	-2.690669	-20.482095	0.000000	26.138917	-5.170101	-8.822363	13.442767	0.043172	-10.571722	0.000000	-0.623770	0.294289	0.149303	66.611462	-15.009310	35.346316	34.908566	62.635051	52.316751	-9.833166	26.132704	39.446415	52.329311
13.400000	-11.667036	1.026329	0.915692	0.818848	0.913608	-0.064742	24.597200	-6.451431	-11.759521	12.431242	-2.823510	-19.292118	0.000000	24.131361	-5.136767	-9.340222	11.697379	0.024869	-9.454179	0.000000	-0.668127	0.525356	-0.025373	64.369087	-14.937380	34.482399	35.523147	63.063234	49.887612	-9.854516	25.027725	39.677870	53.057091
13.416667	-10.873149	0.939130	0.905814	0.822153	0.915733	-0.065016	22.729544	-6.241064	-12.552286	10.900959	-2.903184	-18.143063	0.000000	22.284817	-5.109781	-9.885621	10.118295	0.051739	-8.374517	0.000000	-0.675247	0.737153	-0.227828	62.137344	-14.848086	33.514846	36.181169	63.583296	47.550535	-9.864713	23.812233	39.902791	53.884790
13.433333	-10.152724	0.859776	0.924175	0.825804	0.917240	-0.065227	20.992906	-6.037069	-13.305291	9.510821	-2.940655	-17.065237	0.000000	20.606269	-5.084332	-10.430885	8.716662	0.064078	-7.378747	0.000000	-0.601566	0.915698	-0.449105	59.881044	-14.755936	32.463973	36.875660	64.220964	45.283856	-9.862878	22.565901	40.104413	54.850147
13.450000	-9.497233	0.790992	0.979707	0.829955	0.918341	-0.065353	19.338304	-5.838849	-14.030114	8.219776	-2.942837	-16.067620	0.000000	19.060077	-5.056438	-10.962356	7.473278	0.034395	-6.469547	0.000000	-0.433897	1.051756	-0.680483	57.561827	-14.672605	31.344720	37.606332	64.993036	43.065580	-9.844308	21.363186	40.262774	55.978805
13.466667	-8.884319	0.734116	1.075292	0.834516	0.919195	-0.065387	17.716155	-5.645121	-14.739501	6.992081	-2.901443	-15.138395	0.000000	17.591803	-5.022474	-11.479015	6.349731	-0.024436	-5.615502	0.000000	-0.189122	1.140217	-0.913085	55.154490	-14.604554	30.154801	38.378816	65.910826	40.887490	-9.801613	20.245654	40.360888	57.289714
13.483333	-8.292692	0.692085	1.201610	0.839170	0.919883	-0.065336	16.103895	-5.457167	-15.425763	5.811460	-2.794452	-14.258199	0.000000	16.158747	-4.977705	-11.986593	5.307170	-0.072692	-4.778779	0.000000	0.099953	1.177463	-1.132707	52.671330	-14.553586	28.917202	39.175892	66.956576	38.761578	-9.733003	19.239486	40.385570	58.760514
13.500000	-7.713947	0.669415	1.337009	0.843516	0.920487	-0.065208	14.516523	-5.279057	-16.058315	4.679673	-2.611368	-13.421050	0.000000	14.750855	-4.917375	-12.489521	4.321497	-0.073654	-3.940681	0.000000	0.402365	1.164310	-1.320860	50.179239	-14.515751	27.744652	39.922063	68.041265	36.720067	-9.651364	18.404206	40.313198	60.267427
13.516667	-7.151594	0.668155	1.456052	0.847275	0.921163	-0.064997	12.991574	-5.114526	-16.609511	3.606278	-2.367387	-12.626751	0.000000	13.387015	-4.840835	-12.988542	3.387442	-0.014546	-3.097444	0.000000	0.693449	1.110536	-1.462503	47.771127	-14.479470	26.794653	40.515635	69.029513	34.799793	-9.578526	17.816002	40.112908	61.622447
13.533333	-6.615326	0.685802	1.537497	0.850358	0.922061	-0.064698	11.572272	-4.965765	-17.077010	2.607129	-2.087944	-11.857027	0.000000	12.100001	-4.753603	-13.486393	2.515853	0.091660	-2.246613	0.000000	0.952825	1.031105	-1.548936	45.511162	-14.428585	26.140369	40.900407	69.830919	33.019723	-9.526770	17.491202	39.772876	62.703342
13.550000	-6.118522	0.717276	1.565826	0.852759	0.923214	-0.064324	10.306203	-4.835846	-17.478522	1.713473	-1.790132	-11.082649	0.000000	10.928044	-4.665240	-13.991971	1.731039	0.217281	-1.394675	0.000000	1.166871	0.938532	-1.575721	43.420054	-14.349001	25.738884	41.075580	70.438545	31.378502	-9.490865	17.369837	39.310766	63.505449
13.566667	-5.673172	0.756541	1.533030	0.854476	0.924501	-0.063910	9.240718	-4.729727	-17.840103	0.973162	-1.476026	-10.282773	0.000000	9.907699	-4.586771	-14.517525	1.066391	0.340894	-0.557195	0.000000	1.328084	0.841372	-1.542763	41.497054	-14.234289	25.499307	41.062785	70.894898	29.870054	-9.455148	17.365919	38.761580	64.090756
13.583333	-5.283810	0.797212	1.444463	0.855546	0.925731	-0.063501	8.404211	-4.651840	-18.192016	0.429748	-1.140900	-9.449454	0.000000	9.063430	-4.527865	-15.070008	0.553069	0.460268	0.257847	0.000000	1.431446	0.746411	-1.457121	39.733677	-14.088775	25.337509	40.895832	71.255501	28.492238	-9.403887	17.409029	38.166138	64.536087
13.600000	-4.950320	0.834095	1.320771	0.856072	0.926723	-0.063159	7.793147	-4.603444	-18.560369	0.092765	-0.791851	-8.593976	0.000000	8.403431	-4.492464	-15.641172	0.204605	0.582936	1.046028	0.000000	1.480157	0.659267	-1.335107	38.113501	-13.926156	25.200013	40.618741	71.568443	27.240630	-9.329182	17.459604	37.564709	64.905154
13.616667	-4.670999	0.865052	1.189187	0.856214	0.927376	-0.062957	7.373339	-4.582584	-18.962682	-0.071372	-0.446094	-7.734651	0.000000	7.917153	-4.476196	-16.215066	0.007164	0.715339	1.804116	0.000000	1.489095	0.583338	-1.197862	36.609186	-13.762937	25.061759	40.274358	71.870442	26.102201	-9.231282	17.505958	36.985222	65.242560
13.633333	-4.435578	0.891300	1.070633	0.856153	0.927701	-0.062916	7.087093	-4.585481	-19.410696	-0.119871	-0.110716	-6.871212	0.000000	7.569363	-4.469255	-16.784238	-0.076273	0.862754	2.542255	0.000000	1.470173	0.519001	-1.062923	35.185280	-13.610374	24.905682	39.899343	72.195189	25.058370	-9.113761	17.551389	36.432414	65.585303
13.650000	-4.221293	0.915009	0.974610	0.856037	0.927770	-0.062972	6.866614	-4.606337	-19.902079	-0.107547	0.216673	-6.001446	0.000000	7.305752	-4.462988	-17.342289	-0.090136	1.026757	3.266011	0.000000	1.418654	0.465217	-0.942044	33.810859	-13.471448	24.719949	39.527288	72.569853	24.089190	-8.983756	17.607040	35.895737	65.961602
13.666667	-4.004426	0.936661	0.902557	0.855948	0.927637	-0.063037	6.655780	-4.637155	-20.411570	-0.073442	0.532172	-5.150279	0.000000	7.075694	-4.454179	-17.871779	-0.071538	1.201436	3.954696	0.000000	1.323847	0.421756	-0.842893	32.467619	-13.345560	24.509097	39.185023	73.002526	23.173116	-8.854993	17.691079	35.370141	66.379067
13.683333	-3.776010	0.954735	0.852073	0.855892	0.927326	-0.063055	6.428403	-4.669554	-20.900012	-0.039547	0.824186	-4.359854	0.000000	6.852983	-4.444691	-18.353894	-0.044558	1.376374	4.577446	0.000000	1.190774	0.388906	-0.768581	31.144411	-13.233936	24.293382	38.882321	73.480304	22.287418	-8.745853	17.825390	34.868367	66.824619
13.700000	-3.542349	0.967149	0.819384	0.855838	0.926885	-0.063028	6.185963	-4.697316	-21.334228	-0.014884	1.084851	-3.660489	0.000000	6.634601	-4.438558	-18.781770	-0.021398	1.542008	5.118282	0.000000	1.041887	0.365666	-0.718082	29.829553	-13.138564	24.095542	38.610898	73.982020	21.413248	-8.672709	18.028192	34.413469	67.278263
13.716667	-3.312635	0.973822	0.800952	0.855746	0.926439	-0.062999	5.940225	-4.719116	-21.700535	-0.000687	1.315548	-3.058710	0.000000	6.424588	-4.437570	-19.159518	-0.006064	1.689927	5.577836	0.000000	0.898583	0.348229	-0.689088	28.511242	-13.058056	23.930725	38.352775	74.487658	20.539580	-8.643121	18.302045	34.020928	67.722756
13.733333	-3.090920	0.978619	0.794027	0.855587	0.926168	-0.063014	5.700900	-4.739622	-21.999776	0.005358	1.517584	-2.555411	0.000000	6.223901	-4.438033	-19.490149	0.001902	1.807011	5.951743	0.000000	0.768105	0.329920	-0.681743	27.182685	-12.986331	23.812078	38.085941	74.969508	19.658177	-8.654395	18.625516	33.692109	68.135740
13.750000	-2.877473	0.988124	0.796647	0.855394	0.926188	-0.063079	5.472779	-4.766536	-22.241193	0.006408	1.687936	-2.151205	0.000000	6.030424	-4.432465	-19.773963	0.004677	1.875565	6.227034	0.000000	0.647532	0.302903	-0.699117	25.839112	-12.913699	23.751736	37.787071	75.397642	18.756936	-8.697672	18.968600	33.419552	68.493125
13.766667	-2.672509	1.007963	0.808340	0.855286	0.926476	-0.063165	5.255792	-4.805687	-22.448180	0.005113	1.831675	-1.818666	0.000000	5.841414	-4.414648	-20.021688	0.004561	1.885004	6.411371	0.000000	0.534750	0.260700	-0.742889	24.468893	-12.829103	23.744371	37.435644	75.771220	17.821820	-8.762761	19.321624	33.189812	68.795260
13.783333	-2.476646	1.039811	0.830892	0.855422	0.926932	-0.063258	5.045206	-4.858232	-22.653313	0.003198	1.966417	-1.500862	0.000000	5.653873	-4.382849	-20.254742	0.003282	1.840148	6.543006	0.000000	0.432710	0.200946	-0.811258	23.056305	-12.723344	23.763124	37.018134	76.123372	16.844013	-8.840135	19.698149	32.983175	69.071279
13.800000	-2.288204	1.080928	0.867114	0.855889	0.927513	-0.063363	4.831778	-4.920782	-22.875578	0.001545	2.106314	-1.155718	0.000000	5.462825	-4.339643	-20.488174	0.001869	1.757480	6.664647	0.000000	0.343926	0.127273	-0.901746	21.595191	-12.591260	23.780452	36.532147	76.483253	15.826943	-8.918220	20.104838	32.773597	69.347519
13.816667	-2.101241	1.125946	0.917671	0.856638	0.928278	-0.063471	4.603500	-4.986911	-23.105250	0.000446	2.245870	-0.792435	0.000000	5.260346	-4.290246	-20.720118	0.000781	1.656255	6.799898	0.000000	0.263467	0.048118	-1.012510	20.098467	-12.431044	23.787938	35.986966	76.840907	14.790214	-8.980182	20.513823	32.528677	69.618611
13.833333	-1.908509	1.169901	0.978781	0.857476	0.929283	-0.063512	4.352684	-5.049306	-23.318491	-0.000128	2.367521	-0.451643	0.000000	5.039755	-4.240509	-20.940868	0.000121	1.553098	6.958239	0.000000	0.180500	-0.028498	-1.138721	18.597316	-12.239631	23.789741	35.390327	77.158098	13.768597	-9.009608	20.874316	32.212793	69.856122
13.850000	-1.707072	1.210353	1.042635	0.858112	0.930429	-0.063375	4.084606	-5.101502	-23.505783	-0.000331	2.465998	-0.152223	0.000000	4.802784	-4.195603	-21.149132	-0.000184	1.462102	7.154721	0.000000	0.085573	-0.099976	-1.269015	17.133715	-12.007872	23.779483	34.731051	77.410586	12.807474	-9.001172	21.151386	31.794954	70.042262
13.866667	-1.498992	1.246682	1.100156	0.858315	0.931428	-0.062984	3.815556	-5.138111	-23.676971	-0.000325	2.557223	0.124474	0.000000	4.559536	-4.160416	-21.353529	-0.000260	1.394992	7.410920	0.000000	-0.026541	-0.168629	-1.388284	15.750128	-11.724055	23.735510	33.984830	77.605968	11.952982	-8.962387	21.342764	31.259165	70.183839
13.883333	-1.287378	1.278037	1.144441	0.858097	0.931962	-0.062360	3.560362	-5.154829	-23.841758	-0.000235	2.663595	0.400582	0.000000	4.320146	-4.140122	-21.558479	-0.000221	1.357647	7.729865	0.000000	-0.158251	-0.237106	-1.485374	14.476308	-11.386938	23.643049	33.148247	77.765215	11.235057	-8.908416	21.464665	30.620065	70.297226
13.900000	-1.074021	1.302769	1.172746	0.857673	0.931906	-0.061603	3.323652	-5.149717	-23.993906	-0.000134	2.797464	0.669360	0.000000	4.088831	-4.138924	-21.752294	-0.000146	1.347018	8.075586	0.000000	-0.310576	-0.305080	-1.557798	13.320353	-11.015799	23.515064	32.266780	77.901519	10.654848	-8.858100	21.534652	29.933726	70.391447
13.916667	-0.859567	1.319983	1.186186	0.857251	0.931411	-0.060833	3.101024	-5.125235	-24.116415	-0.000057	2.959529	0.903994	0.000000	3.864633	-4.157487	-21.912617	-0.000075	1.354549	8.392210	0.000000	-0.483069	-0.370023	-1.608024	12.274973	-10.641752	23.382266	31.410055	78.017151	10.192436	-8.826831	21.564147	29.272249	70.466048
13.933333	-0.644751	1.330978	1.187533	0.856940	0.930787	-0.060142	2.884895	-5.088582	-24.198662	-0.000009	3.144692	1.091163	0.000000	3.644433	-4.191778	-22.024345	-0.000026	1.373288	8.645234	0.000000	-0.671361	-0.429476	-1.637264	11.331603	-10.287832	23.264159	30.616995	78.112364	9.825394	-8.818151	21.558272	28.676849	70.518905
13.950000	-0.432074	1.338472	1.178708	0.856782	0.930334	-0.059579	2.669957	-5.048902	-24.243031	0.000013	3.342335	1.242557	0.000000	3.425409	-4.234879	-22.088150	0.000002	1.400009	8.833196	0.000000	-0.866169	-0.481301	-1.645642	10.485564	-9.962335	23.160168	29.884002	78.190196	9.535041	-8.824869	21.518967	28.146753	70.550775
13.966667	-0.225863	1.345365	1.160921	0.856790	0.930202	-0.059143	2.455121	-5.014055	-24.259400	0.000018	3.539144	1.378414	0.000000	3.206144	-4.279313	-22.113874	0.000012	1.433195	8.970401	0.000000	-1.056736	-0.524514	-1.635097	9.732666	-9.666664	23.061557	29.192913	78.254607	9.303321	-8.836929	21.448263	27.663619	70.564298
13.983333	-0.031737	1.354287	1.136843	0.856957	0.930307	-0.058792	2.243279	-4.989068	-24.258958	0.000016	3.726916	1.509095	0.000000	2.987936	-4.318452	-22.111363	0.000014	1.472206	9.072189	0.000000	-1.233399	-0.561302	-1.610628	9.065680	-9.403860	22.963137	28.537759	78.308607	9.111048	-8.848830	21.352524	27.216521	70.563379
14.000000	0.142392	1.366868	1.110600	0.857244	0.930456	-0.058483	2.042015	-4.975568	-24.249012	0.000010	3.901448	1.627540	0.000000	2.777438	-4.347956	-22.085897	0.000010	1.516340	9.147750	0.000000	-1.386047	-0.596099	-1.581547	8.472826	-9.183301	22.871163	27.942860	78.353059	8.935708	-8.865023	21.246296	26.817374	70.553226
14.016667	0.288490	1.383403	1.085385	0.857594	0.930573	-0.058194	1.861259	-4.972453	-24.231510	0.000005	4.057823	1.717872	0.000000	2.584672	-4.366374	-22.039386	0.000006	1.563928	9.199973	0.000000	-1.505083	-0.633385	-1.558076	7.941941	-9.017220	22.800043	27.450797	78.387000	8.755855	-8.896561	21.148102	26.492987	70.539142
14.033333	0.403961	1.403254	1.061774	0.857946	0.930712	-0.057914	1.707601	-4.977130	-24.207653	0.000002	4.192166	1.772291	0.000000	2.416235	-4.374554	-21.975514	0.000003	1.613308	9.231520	0.000000	-1.586972	-0.677001	-1.543705	7.469569	-8.911289	22.757806	27.083868	78.410130	8.563191	-8.950370	21.069973	26.257583	70.525017
14.050000	0.492134	1.424661	1.037951	0.858213	0.930871	-0.057620	1.583691	-4.985593	-24.181872	-0.000000	4.302350	1.796335	0.000000	2.274116	-4.375492	-21.902764	0.000001	1.663080	9.247570	0.000000	-1.637185	-0.728862	-1.534043	7.064940	-8.862118	22.739816	26.830824	78.424023	8.365740	-9.025298	21.013685	26.101168	70.512913
14.066667	0.558431	1.444290	1.011380	0.858269	0.930895	-0.057279	1.491119	-4.992066	-24.160376	-0.000001	4.385810	1.800850	0.000000	2.159643	-4.374453	-21.831916	-0.000000	1.711293	9.252539	0.000000	-1.667850	-0.787512	-1.522399	6.744568	-8.862975	22.734611	26.666030	78.430895	8.179390	-9.117172	20.973980	25.999881	70.503088
14.083333	0.610069	1.458163	0.980722	0.858020	0.930570	-0.056873	1.428118	-4.990372	-24.146815	-0.000001	4.441004	1.793589	0.000000	2.072706	-4.377664	-21.769841	-0.000001	1.756427	9.245414	0.000000	-1.693368	-0.849536	-1.503896	6.522003	-8.908679	22.728750	26.566223	78.432031	8.019008	-9.222750	20.938482	25.925821	70.492843
14.100000	0.658057	1.463746	0.946186	0.857491	0.929887	-0.056432	1.385245	-4.977048	-24.138995	-0.000001	4.470022	1.775986	0.000000	2.007652	-4.389366	-21.714202	-0.000001	1.798451	9.216724	0.000000	-1.728211	-0.911640	-1.476828	6.400454	-8.996134	22.706750	26.515322	78.426853	7.894643	-9.337365	20.883779	25.849574	70.474645
14.116667	0.716139	1.461080	0.908505	0.856804	0.929152	-0.056037	1.346808	-4.953453	-24.128585	-0.000000	4.476675	1.744087	0.000000	1.952982	-4.409349	-21.653522	-0.000000	1.836820	9.148621	0.000000	-1.788046	-0.969777	-1.443508	6.373850	-9.122347	22.650464	26.505758	78.412658	7.812951	-9.449513	20.774537	25.741370	70.435629
14.133333	0.797429	1.452106	0.868109	0.856110	0.928744	-0.055795	1.295896	-4.924987	-24.103803	-0.000000	4.462150	1.691783	0.000000	1.893968	-4.432932	-21.572746	-0.000000	1.867366	9.018675	0.000000	-1.889118	-1.018207	-1.410197	6.431177	-9.282703	22.540926	26.537670	78.385285	7.778901	-9.539655	20.569347	25.573970	70.359829
14.150000	0.909961	1.439726	0.825001	0.855523	0.928809	-0.055767	1.219104	-4.898782	-24.054375	-0.000000	4.423120	1.615786	0.000000	1.816626	-4.452944	-21.461624	-0.000000	1.881238	8.809392	0.000000	-2.041468	-1.051722	-1.384960	6.556176	-9.469508	22.364746	26.613411	78.341151	7.792362	-9.586109	20.236157	25.329894	70.234286
14.166667	1.048834	1.427640	0.779214	0.855094	0.929301	-0.055954	1.114293	-4.881788	-23.978339	0.000000	4.353939	1.523184	0.000000	1.716967	-4.462067	-21.324666	-0.000000	1.867446	8.526460	0.000000	-2.236617	-1.069240	-1.372967	6.726557	-9.671656	22.126523	26.727927	78.281090	7.841072	-9.577457	19.781544	25.016723	70.060676
14.183333	1.191006	1.420077	0.730852	0.854811	0.930141	-0.056307	0.998143	-4.879349	-23.887094	0.000000	4.251393	1.435837	0.000000	1.609719	-4.454465	-21.185989	0.000000	1.819332	8.212019	0.000000	-2.440864	-1.075527	-1.371988	6.920134	-9.880017	21.857089	26.861646	78.213166	7.898706	-9.525666	19.272849	24.678089	69.864343
14.200000	1.307373	1.420464	0.680814	0.854654	0.931197	-0.056752	0.897105	-4.893856	-23.801951	0.000000	4.119295	1.378992	0.000000	1.519681	-4.426884	-21.076594	0.000000	1.740163	7.924510	0.000000	-2.612098	-1.077988	-1.374251	7.122624	-10.093284	21.598951	26.986645	78.148851	7.937205	-9.461318	18.807821	24.373522	69.682902
14.216667	1.385519	1.429738	0.633303	0.854610	0.932240	-0.057201	0.824833	-4.923779	-23.743860	0.000000	3.970135	1.360959	0.000000	1.460307	-4.379794	-21.011350	0.000000	1.641744	7.696150	0.000000	-2.730193	-1.080871	-1.373486	7.328128	-10.314220	21.377340	27.082411	78.094616	7.944960	-9.409934	18.447665	24.138135	69.540135
14.233333	1.436926	1.446067	0.595824	0.854616	0.933055	-0.057569	0.773485	-4.963994	-23.724706	0.000000	3.819934	1.370147	0.000000	1.425434	-4.317919	-20.980583	0.000000	1.535408	7.514050	0.000000	-2.807972	-1.083790	-1.368719	7.536021	-10.540926	21.186828	27.143893	78.047727	7.931628	-9.376868	18.186265	23.966716	69.433434
14.250000	1.485568	1.466005	0.575106	0.854558	0.933574	-0.057789	0.723794	-5.007170	-23.743655	0.000000	3.679378	1.390320	0.000000	1.398003	-4.249330	-20.959083	0.000000	1.421956	7.333040	0.000000	-2.878925	-1.084670	-1.362853	7.749803	-10.762677	20.998464	27.178129	77.998140	7.919218	-9.350951	17.968708	23.828275	69.340398
14.266667	1.555208	1.485761	0.573980	0.854361	0.933844	-0.057835	0.655910	-5.045441	-23.789543	0.000000	3.552157	1.411046	0.000000	1.359276	-4.183401	-20.916925	0.000000	1.290658	7.097597	0.000000	-2.980347	-1.081743	-1.359897	7.973849	-10.962218	20.774233	27.197167	77.932899	7.931633	-9.314826	17.722565	23.685427	69.231101
14.283333	1.660929	1.502124	0.590863	0.854034	0.933962	-0.057748	0.556205	-5.072484	-23.847262	-0.000000	3.440812	1.427361	0.000000	1.294349	-4.128299	-20.828581	-0.000000	1.128927	6.766116	0.000000	-3.138020	-1.073552	-1.362724	8.206672	-11.122502	20.485131	27.211672	77.842151	7.986155	-9.254929	17.389235	23.509786	69.081346
14.300000	1.800355	1.513380	0.620187	0.853671	0.934064	-0.057612	0.425988	-5.085853	-23.902748	-0.000000	3.349681	1.438096	0.000000	1.200371	-4.088672	-20.686921	-0.000000	0.936620	6.341060	0.000000	-3.350353	-1.059525	-1.371202	8.437071	-11.235265	20.134484	27.227810	77.727447	8.085352	-9.170091	16.959895	23.297034	68.888527
14.316667	1.948997	1.519910	0.654174	0.853406	0.934203	-0.057509	0.287384	-5.088087	-23.945452	-0.000000	3.282156	1.445735	0.000000	1.093605	-4.064465	-20.515692	-0.000000	0.735314	5.886969	0.000000	-3.580793	-1.041041	-1.381246	8.647563	-11.307080	19.772322	27.247606	77.607104	8.213290	-9.075510	16.497555	23.074955	68.681586
14.333333	2.072654	1.523444	0.685662	0.853343	0.934264	-0.057473	0.171907	-5.084897	-23.970137	-0.000000	3.238041	1.454235	0.000000	1.000367	-4.051946	-20.357841	-0.000000	0.558517	5.497527	0.000000	-3.777360	-1.020502	-1.387103	8.823032	-11.355155	19.470091	27.270207	77.507162	8.344659	-8.994272	16.101690	22.887407	68.505335
14.350000	2.150313	1.525589	0.710025	0.853523	0.934130	-0.057509	0.097603	-5.081992	-23.978069	-0.000000	3.213524	1.464932	0.000000	0.936201	-4.046100	-20.244750	-0.000000	0.428890	5.230397	0.000000	-3.908097	-0.998666	-1.385522	8.957479	-11.394139	19.268407	27.292184	77.442224	8.460697	-8.940433	15.833535	22.763734	68.387039
14.366667	2.183208	1.527342	0.725476	0.853912	0.933874	-0.057620	0.060337	-5.083469	-23.975999	-0.000000	3.202152	1.474538	0.000000	0.897509	-4.042266	-20.182511	-0.000000	0.349237	5.083155	0.000000	-3.973784	-0.973376	-1.376598	9.052886	-11.426492	19.153823	27.306682	77.406429	8.554014	-8.911546	15.682395	22.708755	68.321192
14.383333	2.186773	1.529289	0.732359	0.854394	0.933660	-0.057794	0.043332	-5.091478	-23.972665	0.000000	3.195872	1.476221	0.000000	0.869892	-4.036838	-20.161787	-0.000000	0.310909	5.019176	0.000000	-3.994603	-0.940731	-1.361063	9.115293	-11.442746	19.072433	27.302127	77.377809	8.623701	-8.894120	15.585398	22.718032	68.278245
14.400000	2.180152	1.531389	0.732258	0.854824	0.933571	-0.058004	0.028715	-5.105852	-23.975029	0.000000	3.185785	1.461830	0.000000	0.838621	-4.028003	-20.169575	0.000000	0.302770	4.996720	0.000000	-3.996279	-0.897793	-1.338167	9.154517	-11.427202	18.947959	27.261922	77.324745	8.671685	-8.871126	15.454177	22.793628	68.216559
14.416667	2.179647	1.532659	0.727232	0.855092	0.933594	-0.058225	0.003630	-5.124012	-23.986304	0.000000	3.163147	1.423987	0.000000	0.794168	-4.016417	-20.194244	0.000000	0.315297	4.983209	0.000000	-4.003801	-0.845396	-1.306085	9.183133	-11.363053	18.698002	27.166984	77.212470	8.700059	-8.826982	15.195697	22.946934	68.091998
14.433333	2.195060	1.531727	0.719025	0.855144	0.933691	-0.058454	-0.036934	-5.142312	-24.005751	0.000000	3.121817	1.358773	0.000000	0.733986	-4.004387	-20.226640	0.000000	0.341513	4.960102	0.000000	-4.036968	-0.787897	-1.264189	9.212421	-11.237878	18.260216	27.003450	77.014410	8.710026	-8.751764	14.740399	23.188975	67.871375
14.450000	2.226672	1.528231	0.708606	0.854986	0.933830	-0.058697	-0.088228	-5.158519	-24.029604	0.000000	3.062734	1.270548	0.000000	0.663526	-3.993510	-20.259832	0.000000	0.375302	4.923157	0.000000	-4.103425	-0.729766	-1.215835	9.248441	-11.054364	17.638418	26.778250	76.732871	8.706658	-8.646561	14.089698	23.509489	67.555572
14.466667	2.264089	1.523727	0.696507	0.854722	0.933930	-0.058960	-0.136818	-5.173227	-24.053561	0.000000	2.997044	1.175069	0.000000	0.595998	-3.982999	-20.289426	0.000000	0.409908	4.879463	0.000000	-4.192554	-0.672774	-1.169028	9.290011	-10.838726	16.939119	26.531434	76.415620	8.705033	-8.526213	13.353163	23.860271	67.197762
14.483333	2.292327	1.520704	0.683111	0.854541	0.933868	-0.059237	-0.168872	-5.188483	-24.075430	0.000000	2.940969	1.092536	0.000000	0.545936	-3.970715	-20.313885	0.000000	0.439508	4.840099	0.000000	-4.281361	-0.616332	-1.132211	9.330864	-10.629209	16.323525	26.319262	76.134681	8.725406	-8.411341	12.698080	24.174136	66.879087
14.500000	2.302464	1.520333	0.668385	0.854589	0.933558	-0.059536	-0.180549	-5.205197	-24.094995	-0.000000	2.905259	1.034792	0.000000	0.519338	-3.955644	-20.332980	0.000000	0.461918	4.812210	0.000000	-4.350339	-0.560388	-1.108601	9.364584	-10.452311	15.898198	26.176845	75.937739	8.777468	-8.315215	12.235959	24.407801	66.653648
14.516667	2.295722	1.521924	0.651958	0.854870	0.933005	-0.059882	-0.179141	-5.223166	-24.112182	-0.000000	2.891234	1.001230	0.000000	0.511148	-3.938220	-20.345906	-0.000000	0.478868	4.796675	0.000000	-4.391743	-0.506412	-1.095562	9.386944	-10.313834	15.670810	26.103996	75.828479	8.853699	-8.239629	11.976489	24.557858	66.526170
14.533333	2.278861	1.524609	0.634242	0.855277	0.932341	-0.060291	-0.175322	-5.243117	-24.126357	-0.000000	2.894868	0.984517	0.000000	0.511733	-3.918656	-20.351606	-0.000000	0.494316	4.790424	0.000000	-4.406615	-0.455312	-1.088027	9.395945	-10.205834	15.591327	26.080837	75.784758	8.939635	-8.178842	11.869234	24.644716	66.472185
14.550000	2.258642	1.528412	0.617627	0.855693	0.931778	-0.060723	-0.176393	-5.266769	-24.136549	-0.000000	2.911215	0.976755	0.000000	0.513939	-3.896626	-20.350046	-0.000000	0.512898	4.789058	0.000000	-4.400363	-0.407182	-1.081078	9.392171	-10.114884	15.599836	26.085369	75.779705	9.025150	-8.123783	11.852317	24.694652	66.461574
14.566667	2.239562	1.533902	0.605543	0.856062	0.931461	-0.061098	-0.184708	-5.294977	-24.141795	-0.000000	2.936401	0.972204	0.000000	0.515128	-3.872381	-20.342213	-0.000000	0.538820	4.788648	0.000000	-4.380054	-0.363340	-1.070879	9.378191	-10.028669	15.648619	26.101139	75.791687	9.106063	-8.066415	11.875532	24.729800	66.469820
14.583333	2.223490	1.541560	0.599915	0.856414	0.931359	-0.061354	-0.199257	-5.326784	-24.141584	-0.000000	2.968235	0.967603	0.000000	0.515258	-3.847227	-20.329397	-0.000000	0.575016	4.786772	0.000000	-4.352338	-0.326795	-1.055102	9.356827	-9.941134	15.707451	26.118518	75.807011	9.180248	-8.004389	11.906671	24.763470	66.481260
14.600000	2.210086	1.551671	0.600396	0.856830	0.931303	-0.061506	-0.218105	-5.360585	-24.135865	-0.000000	3.006641	0.961404	0.000000	0.514365	-3.822400	-20.312877	-0.000000	0.623550	4.782415	0.000000	-4.321465	-0.300509	-1.032793	9.329674	-9.853406	15.761017	26.133414	75.818877	9.244689	-7.942031	11.929249	24.800380	66.488033
14.616667	2.197920	1.564782	0.605425	0.857367	0.931160	-0.061632	-0.240008	-5.396020	-24.124548	0.000000	3.054443	0.952805	0.000000	0.511292	-3.797426	-20.293342	0.000000	0.687426	4.775363	0.000000	-4.287751	-0.286387	-1.003633	9.295879	-9.769977	15.804436	26.145365	75.825023	9.295622	-7.885526	11.937283	24.840645	66.487300
14.633333	2.185403	1.581700	0.612928	0.858046	0.930946	-0.061808	-0.264502	-5.434270	-24.107193	0.000000	3.116999	0.941278	0.000000	0.503702	-3.770022	-20.270073	0.000000	0.771267	4.766008	0.000000	-4.248120	-0.286743	-0.967366	9.251916	-9.694536	15.838997	26.155665	75.825473	9.329648	-7.837334	11.930403	24.883782	66.478582
14.650000	2.171117	1.602964	0.621001	0.858863	0.930769	-0.062076	-0.291602	-5.477104	-24.083245	0.000000	3.199225	0.926820	0.000000	0.488996	-3.737314	-20.241539	0.000000	0.878922	4.755273	0.000000	-4.198291	-0.304401	-0.923927	9.193627	-9.628195	15.868498	26.166115	75.821125	9.344850	-7.795366	11.910696	24.930018	66.462353
14.666667	2.154127	1.628053	0.628829	0.859754	0.930745	-0.062427	-0.321438	-5.525202	-24.053226	0.000000	3.299321	0.910847	0.000000	0.466037	-3.697740	-20.207979	0.000000	1.006883	4.744441	0.000000	-4.135960	-0.338671	-0.875032	9.121098	-9.569526	15.896170	26.178321	75.813353	9.342931	-7.756044	11.881927	24.979002	66.440237
14.683333	2.134469	1.654552	0.636668	0.860559	0.930954	-0.062797	-0.353241	-5.576145	-24.020195	0.000000	3.402836	0.897209	0.000000	0.436735	-3.653107	-20.173908	0.000000	1.137188	4.735373	0.000000	-4.063894	-0.382340	-0.826574	9.043176	-9.516695	15.922419	26.193266	75.804086	9.330169	-7.717709	11.850071	25.027453	66.415826
14.700000	2.113152	1.679783	0.645188	0.861136	0.931378	-0.063122	-0.385110	-5.626104	-23.988472	0.000000	3.487831	0.891786	0.000000	0.405150	-3.606965	-20.146686	0.000000	1.242969	4.730462	0.000000	-3.987478	-0.425897	-0.787068	8.973377	-9.468314	15.945444	26.211988	75.795260	9.314435	-7.680940	11.821598	25.070170	66.393454
14.716667	2.091117	1.704363	0.655078	0.861523	0.931900	-0.063400	-0.415143	-5.674993	-23.960071	-0.000000	3.539393	0.900473	0.000000	0.374672	-3.559714	-20.131883	0.000000	1.305380	4.731854	0.000000	-3.907671	-0.465680	-0.762104	8.918891	-9.421418	15.964295	26.236994	75.787695	9.300534	-7.646067	11.799583	25.104550	66.375177
14.733333	2.068194	1.732442	0.666501	0.861853	0.932385	-0.063658	-0.441333	-5.727261	-23.933989	-0.000000	3.556381	0.927241	0.000000	0.347156	-3.507600	-20.131020	-0.000000	1.321567	4.740803	0.000000	-3.820313	-0.506330	-0.751946	8.876295	-9.372207	15.980030	26.271801	75.780812	9.288247	-7.612892	11.782444	25.131939	66.359825
14.750000	2.043328	1.767852	0.678508	0.862162	0.932757	-0.063878	-0.460285	-5.786732	-23.908974	-0.000000	3.546984	0.972633	0.000000	0.324508	-3.447095	-20.142664	-0.000000	1.299791	4.757318	0.000000	-3.723106	-0.555767	-0.753634	8.837303	-9.320194	15.994097	26.318411	75.773453	9.274289	-7.583268	11.766307	25.154692	66.344865
14.766667	2.015868	1.809956	0.689663	0.862416	0.932967	-0.064020	-0.468595	-5.851269	-23.885749	-0.000000	3.523137	1.031956	0.000000	0.308970	-3.379857	-20.163605	-0.000000	1.254404	4.779499	0.000000	-3.620450	-0.617553	-0.762996	8.796764	-9.269823	16.006814	26.375020	75.764921	9.256695	-7.561770	11.748010	25.174071	66.328660
14.783333	1.986876	1.851873	0.699628	0.862610	0.932961	-0.064076	-0.465957	-5.911339	-23.867163	-0.000000	3.497516	1.094500	0.000000	0.301663	-3.314683	-20.189356	-0.000000	1.204102	4.803086	0.000000	-3.522217	-0.685682	-0.775389	8.757191	-9.228290	16.017161	26.435705	75.755537	9.238608	-7.553548	11.726803	25.190512	66.311582
14.800000	1.958468	1.883721	0.709612	0.862722	0.932706	-0.064070	-0.454563	-5.954604	-23.856758	-0.000000	3.481099	1.147477	0.000000	0.303195	-3.263644	-20.215539	-0.000000	1.168073	4.823113	0.000000	-3.438593	-0.748159	-0.786739	8.726417	-9.202087	16.023542	26.493836	75.746185	9.227376	-7.562571	11.703494	25.204573	66.295171
14.816667	1.931278	1.899187	0.721264	0.862681	0.932246	-0.064019	-0.435114	-5.973650	-23.856639	-0.000000	3.480674	1.182952	0.000000	0.316133	-3.234610	-20.239700	-0.000000	1.159589	4.837017	0.000000	-3.375172	-0.796583	-0.794911	8.710864	-9.193956	16.024954	26.547055	75.737258	9.229931	-7.590870	11.678155	25.217533	66.280198
14.833333	1.903402	1.898235	0.735410	0.862403	0.931676	-0.063928	-0.404524	-5.968842	-23.866550	0.000000	3.498059	1.200054	0.000000	0.345404	-3.228027	-20.261245	0.000000	1.183128	4.845821	0.000000	-3.333530	-0.829870	-0.799993	8.712416	-9.202286	16.021473	26.597839	75.728360	9.250277	-7.637807	11.649578	25.231211	66.266065
14.850000	1.871848	1.884608	0.751343	0.861841	0.931068	-0.063809	-0.356906	-5.945292	-23.884783	0.000000	3.531414	1.201689	0.000000	0.396358	-3.239452	-20.279845	0.000000	1.236266	4.852843	0.000000	-3.314791	-0.850563	-0.803377	8.730650	-9.223273	16.013804	26.650071	75.718831	9.290834	-7.700174	11.616432	25.247487	66.251705
14.866667	1.834177	1.862812	0.766933	0.861021	0.930460	-0.063687	-0.286566	-5.909352	-23.909317	0.000000	3.576696	1.191372	0.000000	0.472510	-3.262992	-20.294491	0.000000	1.312214	4.862106	0.000000	-3.320252	-0.861170	-0.806705	8.765248	-9.253190	16.002747	26.706405	75.708187	9.353832	-7.773218	11.578117	25.268025	66.236344
14.883333	1.789180	1.836361	0.780282	0.860076	0.929883	-0.063587	-0.192093	-5.866408	-23.938031	0.000000	3.628436	1.172253	0.000000	0.573419	-3.293769	-20.303859	0.000000	1.401975	4.877089	0.000000	-3.349346	-0.863584	-0.811066	8.814923	-9.289309	15.989052	26.767270	75.696253	9.439136	-7.851871	11.534918	25.293503	66.219693
14.900000	1.737476	1.807057	0.791737	0.859209	0.929393	-0.063529	-0.079528	-5.819873	-23.968323	0.000000	3.680295	1.147382	0.000000	0.693203	-3.329212	-20.307339	0.000000	1.496285	4.899592	0.000000	-3.397687	-0.860082	-0.816531	8.874395	-9.329828	15.973552	26.830480	75.683186	9.540211	-7.931709	11.488019	25.322462	66.201902
14.916667	1.681770	1.775823	0.803336	0.858591	0.929088	-0.063534	0.038671	-5.772355	-23.997112	0.000000	3.725859	1.120246	0.000000	0.821055	-3.367944	-20.305732	0.000000	1.586266	4.928880	0.000000	-3.457824	-0.853614	-0.822404	8.934298	-9.373456	15.957245	26.891299	75.669544	9.644041	-8.009124	11.439693	25.351214	66.183636
14.933333	1.625739	1.744178	0.816494	0.858318	0.929093	-0.063638	0.148530	-5.727781	-24.021498	-0.000000	3.759693	1.094851	0.000000	0.943877	-3.407462	-20.301226	0.000000	1.663508	4.961658	0.000000	-3.522534	-0.846876	-0.827946	8.984794	-9.419289	15.941111	26.943341	75.656295	9.736024	-8.081245	11.393212	25.375136	66.166114
14.950000	1.571796	1.714082	0.831520	0.858404	0.929464	-0.063866	0.240152	-5.690987	-24.039801	-0.000000	3.778222	1.074732	0.000000	1.050498	-3.444006	-20.296635	-0.000000	1.721856	4.993885	0.000000	-3.587186	-0.841179	-0.833035	9.019103	-9.467516	15.925570	26.980997	75.644309	9.806016	-8.146983	11.351236	25.390598	66.150479
14.966667	1.520027	1.686668	0.848662	0.858753	0.930084	-0.064189	0.310867	-5.665259	-24.052458	-0.000000	3.780284	1.061421	0.000000	1.135346	-3.474415	-20.294257	-0.000000	1.760092	5.023336	0.000000	-3.649018	-0.835771	-0.838409	9.035128	-9.519690	15.910066	27.002375	75.633672	9.852321	-8.207904	11.313758	25.396708	66.136906
14.983333	1.470331	1.662430	0.868279	0.859172	0.930681	-0.064527	0.363337	-5.651586	-24.061706	-0.000000	3.766943	1.054220	0.000000	1.197973	-3.496818	-20.295302	-0.000000	1.781608	5.049948	0.000000	-3.704410	-0.828242	-0.845245	9.035002	-9.577084	15.893443	27.009741	75.623718	9.880631	-8.266431	11.278456	25.395525	66.124622
15.000000	1.424213	1.642015	0.890728	0.859489	0.930992	-0.064802	0.401933	-5.649242	-24.070204	-0.000000	3.740404	1.051338	0.000000	1.240989	-3.510542	-20.300026	-0.000000	1.791566	5.074599	0.000000	-3.748975	-0.816122	-0.854276	9.023196	-9.639761	15.874583	27.007303	75.613579	9.899065	-8.324006	11.242530	25.390355	66.112586
15.016667	1.383534	1.625685	0.916509	0.859626	0.930924	-0.064991	0.431508	-5.655566	-24.079738	-0.000000	3.703743	1.050843	0.000000	1.269681	-3.516796	-20.307763	-0.000000	1.795099	5.098251	0.000000	-3.781030	-0.798867	-0.864929	9.005252	-9.706909	15.852931	26.999350	75.602663	9.913997	-8.380951	11.204184	25.383893	66.100043
15.033333	1.349576	1.612749	0.945517	0.859603	0.930583	-0.065117	0.456242	-5.666136	-24.090517	-0.000000	3.661907	1.051062	0.000000	1.290152	-3.518613	-20.316764	-0.000000	1.796544	5.120972	0.000000	-3.802494	-0.778883	-0.874997	8.987409	-9.775443	15.829466	26.989629	75.591215	9.928332	-8.435431	11.164382	25.377600	66.087142
15.050000	1.323334	1.602094	0.976240	0.859494	0.930158	-0.065197	0.477945	-5.676234	-24.101508	0.000000	3.621241	1.050745	0.000000	1.306232	-3.519406	-20.324675	-0.000000	1.798639	5.141392	0.000000	-3.816454	-0.760121	-0.881753	8.974796	-9.839864	15.807242	26.980610	75.580603	9.942289	-8.483940	11.127502	25.371790	66.075216
15.066667	1.305475	1.592842	1.006381	0.859361	0.929774	-0.065220	0.495882	-5.682247	-24.111637	0.000000	3.586962	1.048985	0.000000	1.318760	-3.521807	-20.329527	0.000000	1.802237	5.157452	0.000000	-3.825270	-0.745355	-0.883744	8.968441	-9.895924	15.790700	26.972418	75.572946	9.955601	-8.525250	11.099665	25.365557	66.066320
15.083333	1.295981	1.584184	1.034780	0.859219	0.929436	-0.065175	0.507682	-5.681902	-24.120757	0.000000	3.561373	1.044812	0.000000	1.327048	-3.527872	-20.329893	0.000000	1.807165	5.167580	0.000000	-3.829963	-0.735061	-0.880835	8.964742	-9.944154	15.784341	26.962669	75.570444	9.968656	-8.563244	11.086369	25.356694	66.062446
15.100000	1.293767	1.574780	1.063197	0.859060	0.929081	-0.065098	0.510422	-5.673838	-24.129896	0.000000	3.543945	1.036755	0.000000	1.330520	-3.539720	-20.324195	0.000000	1.813693	5.171543	0.000000	-3.830025	-0.728163	-0.872707	8.957655	-9.990517	15.791159	26.947536	75.574603	9.981962	-8.606050	11.090384	25.342118	66.064737
15.116667	1.296723	1.562903	1.095771	0.858882	0.928672	-0.065072	0.501700	-5.657805	-24.140842	0.000000	3.532766	1.023026	0.000000	1.329314	-3.558975	-20.310522	0.000000	1.823238	5.170727	0.000000	-3.823248	-0.723002	-0.858342	8.940706	-10.043608	15.810968	26.923501	75.585349	9.994703	-8.662125	11.109892	25.319243	66.072741
15.133333	1.302124	1.547937	1.135878	0.858706	0.928265	-0.065168	0.480906	-5.635991	-24.155030	0.000000	3.526664	1.002715	0.000000	1.324092	-3.584690	-20.287740	0.000000	1.837805	5.168039	0.000000	-3.805857	-0.718034	-0.837252	8.908566	-10.108449	15.838138	26.889941	75.599809	10.002846	-8.733637	11.136222	25.288595	66.083476
15.150000	1.306477	1.531923	1.182807	0.858638	0.928002	-0.065383	0.450998	-5.614102	-24.172488	0.000000	3.527041	0.977341	0.000000	1.316246	-3.611696	-20.257473	0.000000	1.859376	5.168347	0.000000	-3.772645	-0.712474	-0.811433	8.857794	-10.180738	15.857045	26.851983	75.609942	9.997208	-8.810857	11.148216	25.257355	66.089426
15.166667	1.304413	1.518638	1.231947	0.858971	0.928030	-0.065603	0.419927	-5.599203	-24.192392	-0.000000	3.539256	0.950905	0.000000	1.309176	-3.632530	-20.225525	-0.000000	1.891555	5.180162	0.000000	-3.714994	-0.706800	-0.786347	8.783126	-10.247383	15.833735	26.821423	75.598374	9.961696	-8.874521	11.099826	25.242750	66.074470
15.183333	1.287091	1.510436	1.279145	0.860267	0.928422	-0.065620	0.400990	-5.594897	-24.215007	-0.000000	3.573274	0.928251	0.000000	1.310631	-3.642258	-20.202391	-0.000000	1.943152	5.217422	0.000000	-3.617954	-0.702630	-0.769908	8.671652	-10.291288	15.707723	26.815801	75.534273	9.872735	-8.903939	10.906530	25.274102	66.009581
15.200000	1.241578	1.506371	1.324230	0.863331	0.929210	-0.065183	0.411863	-5.599083	-24.242558	-0.000000	3.642467	0.913831	0.000000	1.334253	-3.641050	-20.203031	-0.000000	2.029301	5.298790	0.000000	-3.461540	-0.701831	-0.770535	8.503052	-10.293489	15.394099	26.857129	75.374362	9.701617	-8.880964	10.447243	25.391252	65.853584
15.216667	1.153879	1.503282	1.370436	0.868981	0.930488	-0.064079	0.470365	-5.606399	-24.278181	-0.000000	3.759437	0.911048	0.000000	1.396526	-3.632481	-20.243330	-0.000000	2.166820	5.442471	0.000000	-3.228034	-0.705251	-0.794915	8.256933	-10.236383	14.806772	26.966928	75.074726	9.421346	-8.791624	9.598039	25.633884	65.564496
15.233333	1.018112	1.498307	1.421304	0.877508	0.932340	-0.062253	0.583978	-5.612286	-24.323564	-0.000000	3.927330	0.920599	0.000000	1.506245	-3.620466	-20.330403	-0.000000	2.362651	5.654350	0.000000	-2.915168	-0.711941	-0.844277	7.926994	-10.115054	13.914115	27.152589	74.619252	9.023956	-8.634488	8.312716	26.015819	65.126793
15.250000	0.848401	1.491030	1.476919	0.888033	0.934615	-0.059931	0.736612	-5.615699	-24.376116	-0.000000	4.129751	0.938379	0.000000	1.650652	-3.607536	-20.450775	-0.000000	2.599607	5.913314	0.000000	-2.549662	-0.720030	-0.910280	7.539139	-9.950306	12.808567	27.390673	74.055148	8.545840	-8.432549	6.722926	26.494241	64.585418
