Coordinates
version=1
nRows=917
nColumns=34
inDegrees=yes

Units are S.I. units (second, meters, Newtons, ...)
If the header above contains a line with 'inDegrees', this indicates whether rotational values are in degrees (yes) or radians (no).

endheader
time	pelvis_tilt	pelvis_list	pelvis_rotation	pelvis_tx	pelvis_ty	pelvis_tz	hip_flexion_r	hip_adduction_r	hip_rotation_r	knee_angle_r	ankle_angle_r	subtalar_angle_r	mtp_angle_r	hip_flexion_l	hip_adduction_l	hip_rotation_l	knee_angle_l	ankle_angle_l	subtalar_angle_l	mtp_angle_l	lumbar_extension	lumbar_bending	lumbar_rotation	arm_flex_r	arm_add_r	arm_rot_r	elbow_flex_r	pro_sup_r	arm_flex_l	arm_add_l	arm_rot_l	elbow_flex_l	pro_sup_l
0.000000	5.180431	-1.774186	4.688306	0.935273	0.937373	-0.101627	-6.231611	-1.179848	-9.811780	1.397940	3.311932	-7.277746	0.000000	-5.865599	-4.651817	-7.343556	1.003440	8.658090	-4.181426	0.000000	-8.069595	3.663022	-3.276131	7.066263	-7.364161	18.349815	23.062573	78.684221	6.652864	-6.428237	14.464149	26.609150	73.129500
0.016667	4.768809	-1.162770	4.398219	0.936469	0.936437	-0.101072	-5.984121	-1.617529	-10.661495	0.888318	4.406901	-5.536758	0.000000	-5.756252	-3.821182	-9.285356	0.610943	9.268480	-2.629290	0.000000	-7.263546	2.951797	-2.883600	6.543762	-6.888946	15.866504	23.347083	78.372947	6.633502	-6.249482	13.126489	26.237724	72.872766
0.033333	4.433605	-0.628988	4.156756	0.937387	0.935609	-0.100576	-5.787703	-2.011900	-11.448722	0.460595	5.361221	-3.989152	0.000000	-5.672357	-3.106476	-10.976096	0.294504	9.826206	-1.205927	0.000000	-6.626448	2.337838	-2.508749	6.086922	-6.459794	13.570551	23.635658	78.098223	6.626238	-6.100452	11.926098	25.936285	72.641747
0.050000	4.216004	-0.223115	3.996213	0.937848	0.934938	-0.100190	-5.669659	-2.328105	-12.090639	0.162858	6.085049	-2.791139	0.000000	-5.625747	-2.577553	-12.242229	0.087044	10.264590	-0.047204	0.000000	-6.243338	1.885356	-2.179946	5.751030	-6.119991	11.688956	23.914384	77.890690	6.640076	-6.000397	10.987137	25.740210	72.460310
0.066667	4.105977	0.044707	3.922240	0.937822	0.934403	-0.099936	-5.620282	-2.551137	-12.530193	-0.003991	6.564836	-2.001940	0.000000	-5.602145	-2.242137	-13.046086	-0.021570	10.534419	0.776660	0.000000	-6.092168	1.606104	-1.918466	5.558684	-5.896232	10.396120	24.164717	77.764317	6.681748	-5.949307	10.372351	25.637383	72.340246
0.083333	4.065012	0.198906	3.916864	0.937394	0.933989	-0.099795	-5.609588	-2.691408	-12.777944	-0.071789	6.850586	-1.559557	0.000000	-5.575911	-2.061090	-13.481377	-0.060587	10.630721	1.315585	0.000000	-6.097753	1.464589	-1.717984	5.490155	-5.789436	9.710246	24.393143	77.713951	6.759537	-5.931311	10.057089	25.584515	72.275469
0.100000	4.059500	0.279496	3.950738	0.936716	0.933746	-0.099721	-5.613705	-2.775010	-12.894356	-0.080406	7.016075	-1.329024	0.000000	-5.535242	-1.978031	-13.706541	-0.060345	10.582768	1.697401	0.000000	-6.193309	1.404574	-1.550381	5.497249	-5.782588	9.518061	24.635067	77.724835	6.881296	-5.926298	9.962544	25.531801	72.248822
0.116667	4.072483	0.322762	3.995267	0.935980	0.933745	-0.099675	-5.623904	-2.827585	-12.950737	-0.062268	7.119611	-1.174973	0.000000	-5.487247	-1.944277	-13.871028	-0.043963	10.431854	2.047244	0.000000	-6.337803	1.376618	-1.386464	5.526067	-5.853199	9.666388	24.929060	77.781556	7.045716	-5.918879	10.004429	25.438764	72.242418
0.133333	4.098270	0.352290	4.031143	0.935344	0.934015	-0.099632	-5.640614	-2.865860	-13.002470	-0.037980	7.186511	-1.011988	0.000000	-5.446550	-1.928903	-14.066313	-0.025338	10.215185	2.430090	0.000000	-6.507261	1.351480	-1.213343	5.540938	-5.975702	10.012309	25.284808	77.868746	7.236752	-5.903535	10.116281	25.287787	72.243521
0.150000	4.133395	0.379242	4.052229	0.934851	0.934550	-0.099584	-5.663467	-2.897555	-13.077345	-0.017705	7.212770	-0.822464	0.000000	-5.421713	-1.917124	-14.307362	-0.010813	9.957238	2.831867	0.000000	-6.685173	1.319949	-1.042073	5.540484	-6.118022	10.428743	25.665066	77.968175	7.426319	-5.885908	10.250867	25.092963	72.245903
0.166667	4.174463	0.406232	4.062599	0.934446	0.935311	-0.099536	-5.689051	-2.924262	-13.179548	-0.004559	7.183149	-0.633569	0.000000	-5.412781	-1.904847	-14.557741	-0.001900	9.672745	3.193169	0.000000	-6.861654	1.285319	-0.897688	5.547865	-6.248176	10.816555	26.006655	78.062374	7.587145	-5.876618	10.378795	24.884914	72.248287
0.183333	4.222782	0.431668	4.069360	0.934060	0.936187	-0.099496	-5.717272	-2.944633	-13.303541	0.002098	7.092968	-0.471883	0.000000	-5.419613	-1.893467	-14.780074	0.002293	9.377434	3.471675	0.000000	-7.037929	1.254591	-0.797464	5.583751	-6.349287	11.130294	26.267479	78.143767	7.708928	-5.881408	10.489951	24.679572	72.251598
0.200000	4.285633	0.453287	4.078345	0.933682	0.937001	-0.099462	-5.755416	-2.956995	-13.443954	0.004280	6.956173	-0.341508	0.000000	-5.447304	-1.885992	-14.961721	0.003404	9.092268	3.669013	0.000000	-7.224064	1.232821	-0.740919	5.651530	-6.423337	11.378907	26.445411	78.216855	7.800039	-5.897634	10.590114	24.466888	72.257042
0.216667	4.370948	0.470208	4.093683	0.933367	0.937628	-0.099431	-5.814671	-2.961156	-13.596687	0.004026	6.797892	-0.233185	0.000000	-5.503386	-1.884601	-15.107164	0.002945	8.837775	3.812147	0.000000	-7.428407	1.221180	-0.716349	5.740139	-6.481015	11.595895	26.560243	78.291019	7.874222	-5.917988	10.691038	24.226854	72.265355
0.233333	4.478826	0.483179	4.117236	0.933171	0.938085	-0.099408	-5.900348	-2.959119	-13.755915	0.002835	6.643118	-0.138454	0.000000	-5.589314	-1.889406	-15.225145	0.001961	8.626362	3.927864	0.000000	-7.647176	1.217719	-0.709315	5.832065	-6.530856	11.806096	26.632785	78.371248	7.937768	-5.935534	10.799048	23.953265	72.276284
0.250000	4.595962	0.493602	4.147532	0.933117	0.938462	-0.099403	-6.003132	-2.954595	-13.912106	0.001578	6.507837	-0.056117	0.000000	-5.692889	-1.898322	-15.323158	0.001025	8.457421	4.029502	0.000000	-7.861077	1.219460	-0.707078	5.910771	-6.574179	12.006942	26.675836	78.452661	7.985162	-5.946978	10.907887	23.667945	72.288250
0.266667	4.702520	0.502544	4.180438	0.933202	0.938785	-0.099427	-6.104856	-2.951373	-14.056252	0.000634	6.395819	0.010274	0.000000	-5.794155	-1.908212	-15.407783	0.000363	8.318297	4.118893	0.000000	-8.044970	1.223808	-0.701671	5.965754	-6.607240	12.176972	26.694645	78.524415	8.005973	-5.952376	11.003648	23.408112	72.299088
0.283333	4.787018	0.510301	4.211487	0.933393	0.938987	-0.099486	-6.194334	-2.951436	-14.186945	0.000073	6.301722	0.059530	0.000000	-5.880928	-1.916637	-15.486708	-0.000009	8.191755	4.196840	0.000000	-8.184629	1.228933	-0.691882	5.994369	-6.627504	12.301797	26.692268	78.579673	7.997337	-5.952403	11.077689	23.196669	72.307500
0.300000	4.850309	0.516585	4.237447	0.933607	0.939007	-0.099583	-6.271094	-2.954690	-14.307901	-0.000178	6.219002	0.094475	0.000000	-5.952495	-1.922279	-15.565817	-0.000160	8.067556	4.266080	0.000000	-8.281710	1.234155	-0.681373	6.000130	-6.636314	12.384512	26.673539	78.618978	7.967531	-5.947212	11.130922	23.033764	72.313467
0.316667	4.897096	0.521114	4.256464	0.933737	0.938862	-0.099704	-6.335941	-2.960264	-14.418100	-0.000234	6.147847	0.117511	0.000000	-6.010239	-1.924178	-15.643311	-0.000179	7.951578	4.325727	0.000000	-8.345437	1.240310	-0.674107	5.988783	-6.636696	12.435655	26.645305	78.645596	7.929153	-5.937259	11.167652	22.912771	72.317479
0.333333	4.930712	0.524130	4.268095	0.933724	0.938590	-0.099816	-6.386559	-2.967468	-14.511505	-0.000194	6.094177	0.128594	0.000000	-6.053071	-1.921548	-15.711914	-0.000139	7.860506	4.370740	0.000000	-8.385998	1.249279	-0.672127	5.965080	-6.631082	12.464611	26.614026	78.662159	7.892600	-5.923235	11.191281	22.829652	72.319975
0.350000	4.955040	0.526508	4.273624	0.933548	0.938214	-0.099882	-6.421483	-2.975705	-14.586475	-0.000125	6.061327	0.127521	0.000000	-6.080822	-1.914448	-15.768132	-0.000085	7.805768	4.398148	0.000000	-8.413574	1.262647	-0.676358	5.931790	-6.620823	12.479247	26.582962	78.671183	7.864157	-5.905020	11.205100	22.778729	72.321386
0.366667	4.975224	0.529160	4.275818	0.933219	0.937792	-0.099878	-6.442231	-2.983916	-14.648159	-0.000063	6.046160	0.116073	0.000000	-6.095829	-1.904465	-15.815212	-0.000039	7.786039	4.410146	0.000000	-8.437079	1.280006	-0.687321	5.891540	-6.606807	12.486423	26.552443	78.675527	7.847445	-5.882110	11.212862	22.750812	72.322172
0.383333	4.995137	0.532081	4.277945	0.932783	0.937386	-0.099814	-6.451270	-2.990214	-14.701813	-0.000020	6.042090	0.098136	0.000000	-6.100781	-1.894794	-15.858076	-0.000010	7.792019	4.411769	0.000000	-8.461532	1.297956	-0.704861	5.849461	-6.590302	12.490843	26.522724	78.677617	7.845842	-5.855279	11.217587	22.737593	72.322699
0.400000	5.016117	0.534245	4.282726	0.932307	0.937002	-0.099728	-6.450778	-2.992548	-14.749280	0.000003	6.043039	0.078126	0.000000	-6.097887	-1.889141	-15.899739	0.000005	7.813112	4.408039	0.000000	-8.487851	1.311742	-0.728137	5.811940	-6.572829	12.494773	26.494867	78.678949	7.862352	-5.826551	11.220935	22.734125	72.323167
0.416667	5.037990	0.534596	4.291466	0.931864	0.936607	-0.099658	-6.443510	-2.990211	-14.790687	0.000012	6.045705	0.059022	0.000000	-6.090385	-1.889871	-15.941114	0.000010	7.840922	4.402727	0.000000	-8.514741	1.318824	-0.755556	5.782269	-6.555431	12.499029	26.469418	78.680255	7.896137	-5.797794	11.223670	22.737225	72.323652
0.433333	5.060396	0.532834	4.303716	0.931523	0.936194	-0.099614	-6.433804	-2.984286	-14.825161	0.000012	6.050441	0.041861	0.000000	-6.083615	-1.897305	-15.980646	0.000009	7.869804	4.398337	0.000000	-8.539287	1.320465	-0.784138	5.758978	-6.538711	12.503760	26.445930	78.681761	7.939924	-5.770433	11.226096	22.743797	72.324142
0.450000	5.083830	0.529012	4.318182	0.931348	0.935809	-0.099579	-6.428014	-2.975996	-14.851242	0.000009	6.061238	0.025874	0.000000	-6.084492	-1.911007	-16.015683	0.000006	7.897170	4.396752	0.000000	-8.557459	1.320174	-0.810404	5.737098	-6.522762	12.508939	26.422515	78.683460	7.983393	-5.744944	11.228312	22.750971	72.324577
0.466667	5.110273	0.522499	4.334173	0.931379	0.935537	-0.099534	-6.434538	-2.964690	-14.869257	0.000005	6.085047	0.008140	0.000000	-6.100368	-1.931424	-16.046249	0.000004	7.924572	4.399883	0.000000	-8.566105	1.321448	-0.832828	5.709456	-6.506400	12.514898	26.394489	78.685434	8.019882	-5.719225	11.230526	22.756885	72.324921
0.483333	5.142936	0.511757	4.351847	0.931611	0.935433	-0.099474	-6.462350	-2.947905	-14.882278	0.000002	6.129798	-0.015719	0.000000	-6.137618	-1.959821	-16.075993	0.000001	7.956868	4.409918	0.000000	-8.564145	1.326605	-0.852039	5.668872	-6.487452	12.522332	26.354934	78.687957	8.048333	-5.688988	11.233134	22.760667	72.325179
0.500000	5.184735	0.495616	4.370934	0.931956	0.935505	-0.099421	-6.516642	-2.923904	-14.894345	0.000000	6.200118	-0.048898	0.000000	-6.198857	-1.996303	-16.108848	0.000000	7.998521	4.428823	0.000000	-8.552445	1.336466	-0.868236	5.612553	-6.464822	12.531545	26.298604	78.691272	8.069708	-5.651217	11.236461	22.761749	72.325370
0.516667	5.235166	0.475215	4.389062	0.932250	0.935767	-0.099405	-6.592757	-2.894867	-14.908107	-0.000000	6.291187	-0.089800	0.000000	-6.278710	-2.037255	-16.145416	-0.000000	8.049019	4.457015	0.000000	-8.534066	1.349968	-0.879779	5.546474	-6.440520	12.541560	26.226883	78.695268	8.084243	-5.607408	11.240531	22.759910	72.325520
0.533333	5.288646	0.454584	4.401218	0.932340	0.936259	-0.099440	-6.674638	-2.867717	-14.923517	-0.000001	6.386446	-0.129984	0.000000	-6.363134	-2.074841	-16.183508	-0.000001	8.101274	4.493402	0.000000	-8.514211	1.363987	-0.885376	5.484497	-6.419097	12.549900	26.147859	78.699417	8.093002	-5.562465	11.245384	22.756660	72.325732
0.550000	5.338821	0.438591	4.401515	0.932169	0.936959	-0.099518	-6.743629	-2.850627	-14.939111	-0.000001	6.465935	-0.156597	0.000000	-6.437418	-2.100406	-16.224031	-0.000000	8.146610	4.540144	0.000000	-8.498761	1.374590	-0.885780	5.441280	-6.404275	12.553160	26.066791	78.703228	8.100053	-5.519699	11.251897	22.756007	72.326289
0.566667	5.384796	0.430274	4.386053	0.931778	0.937693	-0.099610	-6.790778	-2.848322	-14.954950	-0.000000	6.518613	-0.157277	0.000000	-6.496191	-2.108976	-16.276601	-0.000000	8.182210	4.608847	0.000000	-8.492838	1.379118	-0.881021	5.426561	-6.396153	12.547610	25.975058	78.706802	8.110840	-5.478162	11.262263	22.762968	72.327649
0.583333	5.431256	0.430197	4.354281	0.931262	0.938216	-0.099686	-6.819952	-2.860755	-14.973670	-0.000000	6.545373	-0.122817	0.000000	-6.544429	-2.100575	-16.358290	-0.000000	8.212768	4.719832	0.000000	-8.500628	1.376913	-0.867540	5.445224	-6.391460	12.529573	25.850662	78.710883	8.129165	-5.434877	11.279452	22.781634	72.330330
0.600000	5.483598	0.437404	4.307967	0.930735	0.938387	-0.099731	-6.841421	-2.884968	-14.998808	-0.000000	6.553286	-0.048639	0.000000	-6.590872	-2.078511	-16.485349	-0.000000	8.245957	4.891928	0.000000	-8.524725	1.368509	-0.840541	5.498346	-6.386073	12.496445	25.671083	78.716344	8.156457	-5.387519	11.305893	22.814186	72.334722
0.616667	5.543301	0.449861	4.250695	0.930278	0.938242	-0.099738	-6.863401	-2.916484	-15.031843	-0.000000	6.550012	0.059903	0.000000	-6.640625	-2.047817	-16.659173	0.000000	8.286270	5.123825	0.000000	-8.563182	1.354998	-0.800284	5.579860	-6.378090	12.449500	25.434038	78.723438	8.191697	-5.335904	11.341219	22.859228	72.340721
0.633333	5.605768	0.464177	4.189562	0.929883	0.937873	-0.099709	-6.886617	-2.949109	-15.069729	0.000000	6.541471	0.181984	0.000000	-6.690415	-2.014942	-16.854869	0.000000	8.331005	5.378864	0.000000	-8.606976	1.338252	-0.756232	5.672475	-6.369403	12.396586	25.173707	78.731250	8.230566	-5.283742	11.380248	22.909788	72.347406
0.650000	5.663246	0.476498	4.134171	0.929480	0.937345	-0.099652	-6.905612	-2.976201	-15.106009	0.000000	6.531787	0.289015	0.000000	-6.731090	-1.986510	-17.031957	0.000000	8.372608	5.600744	0.000000	-8.643819	1.320925	-0.722299	5.753539	-6.363884	12.349183	24.945302	78.738150	8.266914	-5.237595	11.415006	22.955840	72.353387
0.666667	5.710821	0.484505	4.091420	0.929005	0.936751	-0.099580	-6.914783	-2.993879	-15.134985	0.000000	6.524075	0.362646	0.000000	-6.755593	-1.966725	-17.162053	0.000000	8.405450	5.752528	0.000000	-8.666398	1.305728	-0.706850	5.808715	-6.363843	12.314988	24.785836	78.742998	8.297143	-5.202301	11.440038	22.990838	72.357722
0.683333	5.748348	0.487792	4.062340	0.928434	0.936259	-0.099508	-6.911484	-3.002029	-15.154288	0.000000	6.520503	0.401953	0.000000	-6.762580	-1.956436	-17.241392	0.000000	8.428929	5.832638	0.000000	-8.675553	1.294705	-0.709714	5.837766	-6.368977	12.294658	24.697725	78.745658	8.323044	-5.178491	11.454747	23.014991	72.360321
0.700000	5.777753	0.486597	4.043339	0.927759	0.936025	-0.099440	-6.894625	-3.002386	-15.164543	0.000000	6.521402	0.416376	0.000000	-6.753679	-1.954442	-17.282053	0.000000	8.445178	5.859973	0.000000	-8.677067	1.288980	-0.727100	5.849807	-6.378000	12.284343	24.663458	78.746594	8.351257	-5.164007	11.461574	23.033460	72.361641
0.716667	5.800537	0.481081	4.029308	0.926966	0.936112	-0.099378	-6.863132	-2.996847	-15.167924	0.000000	6.524477	0.417736	0.000000	-6.730271	-1.958925	-17.300050	0.000000	8.455648	5.857020	0.000000	-8.678311	1.289155	-0.755030	5.857516	-6.389595	12.278991	24.662750	78.746373	8.390342	-5.156454	11.463648	23.053123	72.362270
0.733333	5.817079	0.471433	4.016266	0.926054	0.936531	-0.099318	-6.815919	-2.987085	-15.166770	-0.000000	6.524651	0.416630	0.000000	-6.692443	-1.968213	-17.308460	-0.000000	8.458761	5.842420	0.000000	-8.686905	1.295877	-0.789145	5.873742	-6.402024	12.274210	24.680356	78.745444	8.447253	-5.155044	11.463552	23.080033	72.362705
0.750000	5.826892	0.457875	4.001656	0.925069	0.937276	-0.099256	-6.752608	-2.974510	-15.162999	-0.000000	6.514467	0.421356	0.000000	-6.639699	-1.981132	-17.315461	-0.000000	8.449238	5.828956	0.000000	-8.709902	1.309660	-0.825271	5.908812	-6.413250	12.266826	24.707500	78.744062	8.525684	-5.160596	11.463038	23.118555	72.363285
0.766667	5.829884	0.440859	3.983250	0.924113	0.938270	-0.099182	-6.675772	-2.960336	-15.158396	-0.000000	6.485381	0.437555	0.000000	-6.573595	-1.996820	-17.325340	-0.000000	8.419405	5.823792	0.000000	-8.751926	1.329645	-0.860851	5.966863	-6.421690	12.254903	24.739617	78.742336	8.624297	-5.173869	11.463316	23.170772	72.364223
0.783333	5.828265	0.421865	3.959635	0.923333	0.939291	-0.099090	-6.593909	-2.946101	-15.155000	-0.000000	6.430145	0.467720	0.000000	-6.500903	-2.014111	-17.339863	-0.000000	8.362089	5.829434	0.000000	-8.812472	1.352468	-0.894291	6.042730	-6.426344	12.237968	24.773210	78.740343	8.733220	-5.194177	11.465262	23.234726	72.365603
0.800000	5.826308	0.403378	3.931861	0.922836	0.940043	-0.098983	-6.519881	-2.933719	-15.154747	-0.000000	6.345621	0.511135	0.000000	-6.432491	-2.031637	-17.359605	-0.000000	8.274345	5.844743	0.000000	-8.885574	1.373382	-0.923693	6.124732	-6.426487	12.216914	24.804855	78.738196	8.836509	-5.219874	11.469288	23.304724	72.367367
0.816667	5.827668	0.387644	3.903325	0.922637	0.940348	-0.098874	-6.464719	-2.924565	-15.158408	-0.000000	6.236662	0.563754	0.000000	-6.378079	-2.048641	-17.384455	-0.000000	8.162175	5.865831	0.000000	-8.961638	1.388989	-0.947397	6.201000	-6.421904	12.193634	24.832026	78.736046	8.920898	-5.249440	11.474993	23.373887	72.369317
0.833333	5.834210	0.375944	3.877858	0.922676	0.940296	-0.098769	-6.434336	-2.918876	-15.165051	-0.000000	6.119150	0.617651	0.000000	-6.343656	-2.064879	-17.412595	-0.000000	8.043646	5.887026	0.000000	-9.028112	1.398241	-0.964625	6.261057	-6.413246	12.171089	24.852903	78.734104	8.979033	-5.281349	11.481019	23.434549	72.371111
0.850000	5.847097	0.368669	3.857891	0.922849	0.940156	-0.098661	-6.430333	-2.915685	-15.172994	0.000000	6.013544	0.663584	0.000000	-6.332305	-2.080017	-17.441034	0.000000	7.941672	5.902788	0.000000	-9.072498	1.401422	-0.975295	6.295891	-6.401432	12.152539	24.865984	78.732599	9.007281	-5.314460	11.485574	23.479112	72.372348
0.866667	5.867346	0.365334	3.843441	0.923015	0.940169	-0.098519	-6.450246	-2.912860	-15.181413	0.000000	5.931324	0.696521	0.000000	-6.343869	-2.093718	-17.468309	0.000000	7.869328	5.910204	0.000000	-9.089439	1.399295	-0.979961	6.302007	-6.386646	12.139596	24.871115	78.731634	9.006010	-5.349516	11.487382	23.503989	72.372764
0.883333	5.894673	0.364813	3.832475	0.923010	0.940427	-0.098311	-6.486467	-2.907853	-15.190784	0.000000	5.871170	0.717292	0.000000	-6.372875	-2.105677	-17.494875	0.000000	7.824759	5.909969	0.000000	-9.084654	1.393023	-0.979643	6.284675	-6.368590	12.131620	24.870232	78.731140	8.981180	-5.388203	11.486144	23.511259	72.372340
0.900000	5.925999	0.365961	3.822418	0.922696	0.940886	-0.098034	-6.526164	-2.899003	-15.202238	0.000000	5.826410	0.729455	0.000000	-6.407592	-2.115251	-17.520969	0.000000	7.797979	5.905379	0.000000	-9.072773	1.384293	-0.975243	6.256794	-6.347612	12.126927	24.866803	78.730972	8.943816	-5.430325	11.482302	23.506135	72.371237
0.916667	5.956453	0.368026	3.811344	0.922042	0.941436	-0.097721	-6.555285	-2.886090	-15.217308	0.000000	5.790158	0.736670	0.000000	-6.433756	-2.121739	-17.546518	0.000000	7.777353	5.900510	0.000000	-9.071867	1.374891	-0.967067	6.233869	-6.324351	12.123797	24.864668	78.730995	8.906035	-5.474350	11.476392	23.493754	72.369634
0.933333	5.982602	0.370663	3.798377	0.921172	0.941945	-0.097426	-6.565235	-2.870129	-15.238068	0.000000	5.755110	0.742142	0.000000	-6.441594	-2.125188	-17.573136	0.000000	7.752081	5.898474	0.000000	-9.096810	1.365912	-0.954960	6.227279	-6.298337	12.120700	24.866748	78.731119	8.875504	-5.520516	11.468524	23.477306	72.367570
0.950000	6.003892	0.374016	3.784156	0.920318	0.942275	-0.097204	-6.556032	-2.853420	-15.266105	-0.000000	5.714622	0.748330	0.000000	-6.429861	-2.126329	-17.603929	-0.000000	7.714512	5.900630	0.000000	-9.153493	1.357814	-0.939512	6.240203	-6.268713	12.116452	24.874059	78.731284	8.853734	-5.569916	11.458640	23.458275	72.364997
0.966667	6.021670	0.378871	3.771116	0.919674	0.942325	-0.097080	-6.534477	-2.839452	-15.300696	-0.000000	5.666269	0.756326	0.000000	-6.404655	-2.125675	-17.640682	-0.000000	7.663047	5.906745	0.000000	-9.235876	1.351183	-0.923218	6.267779	-6.236667	12.110527	24.885405	78.731451	8.838552	-5.620292	11.447291	23.437996	72.361979
0.983333	6.037813	0.386063	3.762113	0.919284	0.942080	-0.097031	-6.509858	-2.831391	-15.338578	-0.000000	5.613471	0.765557	0.000000	-6.375025	-2.123397	-17.681724	-0.000000	7.602907	5.915513	0.000000	-9.328760	1.346701	-0.909218	6.300756	-6.205672	12.103231	24.898181	78.731593	8.826515	-5.665955	11.435763	23.418183	72.358773
1.000000	6.053723	0.395407	3.758154	0.919039	0.941627	-0.097013	-6.489318	-2.830026	-15.375681	-0.000000	5.563706	0.774135	0.000000	-6.348215	-2.120027	-17.722154	-0.000000	7.543809	5.925147	0.000000	-9.415431	1.344309	-0.898400	6.330670	-6.179133	12.095567	24.909894	78.731707	8.813908	-5.702257	11.425406	23.400118	72.355715
1.016667	6.070204	0.405784	3.758145	0.918769	0.941117	-0.096997	-6.475383	-2.833673	-15.409367	-0.000000	5.524473	0.779831	0.000000	-6.327497	-2.116208	-17.756611	-0.000000	7.495227	5.934092	0.000000	-9.485060	1.343086	-0.888691	6.352818	-6.158338	12.088688	24.919174	78.731816	8.797128	-5.728408	11.416945	23.383888	72.353038
1.033333	6.087901	0.416354	3.760424	0.918354	0.940692	-0.096975	-6.466499	-2.839962	-15.439880	-0.000000	5.499131	0.781273	0.000000	-6.312637	-2.111652	-17.782865	-0.000000	7.461484	5.941647	0.000000	-9.536575	1.342000	-0.877153	6.366164	-6.142039	12.083211	24.925843	78.731957	8.773223	-5.746757	11.410228	23.368412	72.350739
1.050000	6.107194	0.427078	3.763327	0.917773	0.940403	-0.096932	-6.459188	-2.847148	-15.469353	-0.000000	5.486118	0.778517	0.000000	-6.301345	-2.105311	-17.802319	-0.000000	7.440998	5.947948	0.000000	-9.576546	1.340391	-0.862442	6.371780	-6.127606	12.079082	24.930375	78.732162	8.741408	-5.760445	11.404564	23.352520	72.348646
1.066667	6.127726	0.438157	3.764604	0.917093	0.940229	-0.096845	-6.450287	-2.854274	-15.499173	0.000000	5.481431	0.772816	0.000000	-6.290768	-2.096552	-17.817534	0.000000	7.429464	5.953382	0.000000	-9.613058	1.337892	-0.845907	6.371085	-6.112771	12.076015	24.933211	78.732448	8.704371	-5.771207	11.399382	23.336288	72.346619
1.083333	6.148493	0.449666	3.761373	0.916404	0.940158	-0.096703	-6.438327	-2.861234	-15.529130	0.000000	5.480791	0.766044	0.000000	-6.278795	-2.085539	-17.830547	0.000000	7.422364	5.958257	0.000000	-9.651932	1.334203	-0.830395	6.365019	-6.096214	12.073760	24.934556	78.732828	8.666413	-5.778937	11.394470	23.320840	72.344617
1.100000	6.168659	0.461675	3.751090	0.915788	0.940209	-0.096531	-6.424122	-2.868763	-15.558229	0.000000	5.480254	0.760231	0.000000	-6.265399	-2.072668	-17.842799	0.000000	7.415518	5.962832	0.000000	-9.695855	1.329049	-0.817968	6.354388	-6.077310	12.072037	24.934693	78.733319	8.629880	-5.782651	11.389800	23.307041	72.342620
1.116667	6.188408	0.474252	3.732400	0.915312	0.940371	-0.096371	-6.410754	-2.877973	-15.584674	0.000000	5.476143	0.757565	0.000000	-6.253657	-2.058224	-17.855187	0.000000	7.405095	5.967254	0.000000	-9.743529	1.322294	-0.809113	6.340387	-6.056338	12.070456	24.934206	78.733945	8.594105	-5.780963	11.385470	23.295069	72.340614
1.133333	6.209187	0.487548	3.704943	0.915021	0.940602	-0.096264	-6.402710	-2.890172	-15.605930	0.000000	5.464864	0.760506	0.000000	-6.249287	-2.042159	-17.868432	0.000000	7.387429	5.971417	0.000000	-9.790869	1.313833	-0.803201	6.324295	-6.034207	12.068525	24.933912	78.734740	8.555904	-5.771936	11.381672	23.284599	72.338578
1.150000	6.233265	0.502137	3.669258	0.914906	0.940853	-0.096222	-6.404648	-2.906936	-15.619920	0.000000	5.443159	0.771378	0.000000	-6.258489	-2.023900	-17.883870	0.000000	7.359072	5.974905	0.000000	-9.834234	1.303403	-0.798703	6.306942	-6.011528	12.065676	24.934735	78.735760	8.509961	-5.753511	11.378469	23.274767	72.336424
1.166667	6.262878	0.518792	3.627934	0.914894	0.941048	-0.096211	-6.420254	-2.929246	-15.625468	0.000000	5.409413	0.791479	0.000000	-6.285311	-2.003038	-17.903189	-0.000000	7.318124	5.976913	0.000000	-9.871105	1.290878	-0.793528	6.289129	-5.988817	12.061417	24.937568	78.737051	8.451238	-5.724750	11.375764	23.264552	72.334040
1.183333	6.298628	0.537539	3.586071	0.914883	0.941072	-0.096175	-6.450190	-2.956086	-15.622081	-0.000000	5.365848	0.819785	0.000000	-6.328923	-1.980663	-17.926657	-0.000000	7.266406	5.976440	0.000000	-9.899493	1.276707	-0.785988	6.272270	-5.967292	12.055672	24.942910	78.738577	8.379250	-5.687231	11.373501	23.253635	72.331448
1.200000	6.337924	0.556889	3.549628	0.914814	0.940886	-0.096086	-6.490152	-2.984152	-15.610071	-0.000000	5.319840	0.852183	0.000000	-6.382139	-1.959916	-17.951595	-0.000000	7.210261	5.972691	0.000000	-9.919097	1.261850	-0.775636	6.258173	-5.948685	12.049030	24.950506	78.740193	8.300240	-5.645379	11.371826	23.242853	72.328881
1.216667	6.376458	0.574617	3.522707	0.914724	0.940597	-0.095958	-6.533669	-3.009772	-15.589578	-0.000000	5.281100	0.883543	0.000000	-6.435324	-1.944398	-17.973557	-0.000000	7.156953	5.964890	0.000000	-9.931868	1.246995	-0.762912	6.248066	-5.934226	12.042354	24.959755	78.741749	8.222790	-5.603836	11.371050	23.233735	72.326659
1.233333	6.412066	0.589777	3.505420	0.914718	0.940379	-0.095827	-6.578169	-3.031663	-15.558845	-0.000000	5.256105	0.911623	0.000000	-6.483685	-1.935445	-17.989463	-0.000000	7.108822	5.951650	0.000000	-9.940685	1.231707	-0.748027	6.241552	-5.923716	12.035995	24.970611	78.743232	8.150074	-5.563509	11.371477	23.227569	72.324943
1.250000	6.445772	0.603443	3.494476	0.914868	0.940343	-0.095714	-6.626080	-3.051376	-15.514837	-0.000000	5.246052	0.937964	0.000000	-6.528918	-1.931343	-17.998943	-0.000000	7.062574	5.931260	0.000000	-9.947732	1.214882	-0.730872	6.236585	-5.915697	12.029631	24.983575	78.744785	8.079187	-5.521756	11.373192	23.225112	72.323675
1.266667	6.478999	0.617494	3.486679	0.915149	0.940478	-0.095613	-6.680160	-3.071145	-15.456389	-0.000000	5.249059	0.965208	0.000000	-6.574089	-1.929127	-18.003254	-0.000000	7.014365	5.903024	0.000000	-9.953548	1.195992	-0.711832	6.230856	-5.908550	12.022878	24.998771	78.746553	8.007871	-5.476690	11.375959	23.226896	72.322723
1.283333	6.511342	0.633235	3.482105	0.915480	0.940683	-0.095503	-6.740200	-3.091790	-15.385941	0.000000	5.262404	0.994810	0.000000	-6.619505	-1.926635	-18.004043	0.000000	6.963661	5.868121	0.000000	-9.957135	1.175011	-0.691807	6.223286	-5.901154	12.015766	25.015485	78.748573	7.938123	-5.429458	11.379380	23.233132	72.322028
1.300000	6.541519	0.650975	3.483146	0.915798	0.940846	-0.095372	-6.804080	-3.112461	-15.307694	0.000000	5.283599	1.026968	0.000000	-6.663624	-1.922965	-18.002604	0.000000	6.912381	5.828821	0.000000	-9.956978	1.151635	-0.671704	6.213702	-5.892817	12.008637	25.032566	78.750798	7.873410	-5.382390	11.383196	23.243528	72.321606
1.316667	6.568978	0.670296	3.490909	0.916072	0.940951	-0.095231	-6.869416	-3.131743	-15.225619	0.000000	5.310603	1.061076	0.000000	-6.705242	-1.917714	-17.999571	0.000000	6.862651	5.787408	0.000000	-9.952424	1.126107	-0.652426	6.201504	-5.883260	12.001822	25.048832	78.753165	7.815751	-5.337438	11.387249	23.257320	72.321471
1.333333	6.593420	0.690228	3.503996	0.916291	0.941106	-0.095110	-6.933019	-3.148356	-15.144473	0.000000	5.341047	1.095354	0.000000	-6.742951	-1.910664	-17.995302	0.000000	6.816756	5.746412	0.000000	-9.944683	1.100705	-0.634949	6.185848	-5.872898	11.995596	25.063039	78.755569	7.766215	-5.297283	11.391167	23.273066	72.321566
1.350000	6.613972	0.709191	3.519555	0.916444	0.941463	-0.095039	-6.990471	-3.161112	-15.070709	0.000000	5.371659	1.126825	0.000000	-6.774287	-1.901957	-17.990313	0.000000	6.777578	5.709044	0.000000	-9.936203	1.078963	-0.620207	6.167038	-5.862771	11.990265	25.074036	78.757832	7.725975	-5.265319	11.394413	23.288656	72.321778
1.366667	6.629887	0.725234	3.534025	0.916515	0.942097	-0.095035	-7.037405	-3.169124	-15.010707	0.000000	5.398778	1.152490	0.000000	-6.796944	-1.891817	-17.985222	0.000000	6.747435	5.678579	0.000000	-9.928887	1.063221	-0.609010	6.147125	-5.853929	11.986141	25.081270	78.759747	7.695835	-5.243083	11.396710	23.302021	72.322012
1.383333	6.641472	0.737065	3.544237	0.916472	0.942983	-0.095103	-7.071019	-3.172748	-14.968103	0.000000	5.419514	1.170783	0.000000	-6.810183	-1.879776	-17.980544	0.000000	6.726465	5.657150	0.000000	-9.923390	1.053661	-0.601711	6.128929	-5.846682	11.983428	25.084999	78.761170	7.675386	-5.228825	11.398264	23.311959	72.322232
1.400000	6.650225	0.745515	3.548882	0.916290	0.944006	-0.095226	-7.091049	-3.174602	-14.942093	-0.000000	5.432816	1.182480	0.000000	-6.815113	-1.864032	-17.976526	-0.000000	6.711694	5.644767	0.000000	-9.919899	1.049157	-0.597689	6.114371	-5.840138	11.982140	25.086074	78.762123	7.662805	-5.218287	11.399631	23.318657	72.322468
1.416667	6.658175	0.753870	3.548489	0.915971	0.944959	-0.095365	-7.099672	-3.179427	-14.928264	-0.000000	5.439428	1.190362	0.000000	-6.814021	-1.841641	-17.973109	-0.000000	6.697474	5.639484	0.000000	-9.919008	1.048084	-0.595290	6.104141	-5.832361	11.982096	25.085644	78.762803	7.655611	-5.206061	11.401505	23.323668	72.322809
1.433333	6.666762	0.766625	3.544170	0.915569	0.945561	-0.095476	-7.100475	-3.192659	-14.921492	-0.000000	5.440849	1.197759	0.000000	-6.809380	-1.809580	-17.970006	-0.000000	6.677256	5.638580	0.000000	-9.922025	1.048403	-0.592223	6.098815	-5.821099	11.983013	25.084966	78.763512	7.651950	-5.186908	11.404550	23.329364	72.323383
1.450000	6.676216	0.787571	3.536950	0.915194	0.945567	-0.095537	-7.097693	-3.218396	-14.918249	-0.000000	5.438599	1.207123	0.000000	-6.803460	-1.766336	-17.966770	-0.000000	6.645826	5.639415	0.000000	-9.930628	1.047394	-0.585954	6.099640	-5.804795	11.984538	25.085281	78.764582	7.651254	-5.157236	11.409194	23.338321	72.324328
1.466667	6.686161	0.817375	3.528211	0.914954	0.944935	-0.095551	-7.095758	-3.256598	-14.917503	-0.000000	5.434238	1.218886	0.000000	-6.798448	-1.714313	-17.962846	-0.000000	6.602161	5.639608	0.000000	-9.945806	1.041496	-0.574221	6.108182	-5.784026	11.986146	25.087634	78.766309	7.653979	-5.117355	11.415290	23.352542	72.325733
1.483333	6.697041	0.851851	3.520485	0.914878	0.943884	-0.095530	-7.098906	-3.301001	-14.920743	-0.000000	5.429485	1.230771	0.000000	-6.796736	-1.661515	-17.957343	-0.000000	6.551766	5.637027	0.000000	-9.967262	1.026990	-0.555618	6.125186	-5.762519	11.987093	25.092666	78.768928	7.661181	-5.073322	11.421838	23.372941	72.327602
1.500000	6.711268	0.884380	3.517465	0.914925	0.942782	-0.095494	-7.111255	-3.342255	-14.931060	-0.000000	5.425610	1.238565	0.000000	-6.801632	-1.618098	-17.947807	0.000000	6.504563	5.629946	0.000000	-9.995491	1.002468	-0.529596	6.149089	-5.745363	11.986675	25.100531	78.772826	7.674649	-5.034323	11.427363	23.400466	72.329987
1.516667	6.733434	0.911285	3.523230	0.915042	0.941980	-0.095464	-7.137411	-3.374698	-14.951801	0.000000	5.422392	1.237996	0.000000	-6.818144	-1.589374	-17.928625	0.000000	6.469086	5.617265	0.000000	-10.035413	0.971378	-0.495670	6.175162	-5.735278	11.984667	25.111047	78.778886	7.697348	-5.006674	11.430808	23.438359	72.333238
1.533333	6.769746	0.933809	3.541831	0.915201	0.941719	-0.095465	-7.182996	-3.398643	-14.986057	0.000000	5.418004	1.225936	0.000000	-6.852945	-1.573444	-17.891299	0.000000	6.448898	5.598221	0.000000	-10.097062	0.940156	-0.452254	6.197193	-5.731351	11.981306	25.124201	78.788571	7.733271	-4.991208	11.431933	23.492905	72.338071
1.550000	6.825854	0.955453	3.576747	0.915378	0.942076	-0.095511	-7.253352	-3.417003	-15.036014	0.000000	5.410098	1.201030	0.000000	-6.912220	-1.564745	-17.827958	0.000000	6.442698	5.572203	0.000000	-10.190986	0.913170	-0.396648	6.210955	-5.730675	11.976926	25.140511	78.803381	7.785595	-4.985241	11.431084	23.570677	72.345273
1.566667	6.901308	0.978336	3.628100	0.915540	0.942947	-0.095591	-7.347715	-3.431652	-15.099244	0.000000	5.397337	1.165591	0.000000	-6.995718	-1.558412	-17.738395	0.000000	6.445588	5.540389	0.000000	-10.318081	0.891324	-0.328854	6.215761	-5.729658	11.972010	25.160143	78.823411	7.851909	-4.985145	11.428953	23.671002	72.354953
1.583333	6.984529	1.001119	3.689268	0.915650	0.944098	-0.095665	-7.452954	-3.442055	-15.164652	0.000000	5.380393	1.127430	0.000000	-7.090962	-1.552731	-17.635899	0.000000	6.450530	5.507939	0.000000	-10.460822	0.874848	-0.256454	6.213348	-5.724228	11.967600	25.181437	78.845984	7.919930	-4.987854	11.426476	23.778879	72.365865
1.600000	7.057931	1.020155	3.748750	0.915694	0.945272	-0.095702	-7.548707	-3.446391	-15.216840	0.000000	5.361024	1.096918	0.000000	-7.178160	-1.548623	-17.541243	0.000000	6.450331	5.482411	0.000000	-10.591320	0.864783	-0.191912	6.205830	-5.710481	11.965099	25.201291	78.866803	7.972222	-4.991584	11.424541	23.871017	72.375943
1.616667	7.110490	1.032700	3.796708	0.915700	0.946239	-0.095699	-7.621664	-3.443908	-15.246969	-0.000000	5.339962	1.080482	0.000000	-7.243770	-1.547111	-17.468081	-0.000000	6.439994	5.468892	0.000000	-10.691734	0.861894	-0.143595	6.194133	-5.686123	11.965450	25.217311	78.883023	7.997719	-4.995949	11.423573	23.931971	72.383798
1.633333	7.142651	1.038378	3.828556	0.915720	0.946793	-0.095675	-7.671476	-3.435779	-15.257098	-0.000000	5.316674	1.077818	0.000000	-7.286498	-1.547965	-17.417510	-0.000000	6.418421	5.467526	0.000000	-10.761633	0.865672	-0.111959	6.178232	-5.651719	11.968628	25.228907	78.894446	7.996698	-5.001513	11.423418	23.961071	72.389309
1.650000	7.161174	1.038255	3.843779	0.915777	0.946805	-0.095659	-7.705010	-3.424272	-15.255662	-0.000000	5.291096	1.084200	0.000000	-7.312349	-1.550329	-17.384328	-0.000000	6.388788	5.474837	0.000000	-10.808776	0.874495	-0.092931	6.158623	-5.610914	11.973779	25.236709	78.902249	7.976687	-5.009138	11.423597	23.966578	72.393010
1.666667	7.173292	1.033738	3.844236	0.915839	0.946332	-0.095674	-7.729429	-3.411863	-15.251595	-0.000000	5.264371	1.093880	0.000000	-7.328509	-1.553570	-17.362948	-0.000000	6.356753	5.486355	0.000000	-10.840815	0.886469	-0.081578	6.136719	-5.568649	11.979743	25.241770	78.907671	7.946584	-5.019492	11.423619	23.958374	72.395467
1.683333	7.183700	1.026334	3.833747	0.915852	0.945602	-0.095721	-7.748577	-3.400663	-15.250485	-0.000000	5.238358	1.102492	0.000000	-7.340007	-1.557286	-17.349026	-0.000000	6.327634	5.498788	0.000000	-10.863457	0.900119	-0.073714	6.114246	-5.528761	11.985562	25.245133	78.911521	7.913208	-5.032541	11.423237	23.944247	72.397047
1.700000	7.193341	1.017917	3.817618	0.915785	0.944905	-0.095760	-7.762094	-3.392047	-15.253457	-0.000000	5.215655	1.107799	0.000000	-7.348199	-1.560854	-17.339845	-0.000000	6.305404	5.510602	0.000000	-10.880319	0.914284	-0.066649	6.093337	-5.493887	11.990565	25.247543	78.914021	7.881073	-5.047046	11.422547	23.929098	72.397854
1.716667	7.200511	1.010607	3.800759	0.915651	0.944479	-0.095733	-7.767394	-3.386313	-15.259092	-0.000000	5.198902	1.109271	0.000000	-7.352015	-1.563492	-17.333968	-0.000000	6.292482	5.521190	0.000000	-10.894092	0.928201	-0.058936	6.076257	-5.465652	11.994413	25.249394	78.915110	7.852906	-5.061259	11.421781	23.915394	72.397876
1.733333	7.203933	1.006008	3.785664	0.915508	0.944412	-0.095614	-7.763457	-3.382501	-15.266480	0.000000	5.188566	1.107709	0.000000	-7.351598	-1.564935	-17.329891	0.000000	6.288375	5.529667	0.000000	-10.909505	0.942280	-0.049279	6.064119	-5.443221	11.997396	25.250993	78.915237	7.829112	-5.074509	11.420969	23.903699	72.397373
1.750000	7.205277	1.004558	3.772580	0.915439	0.944607	-0.095441	-7.753861	-3.379011	-15.276787	0.000000	5.181871	1.105192	0.000000	-7.350907	-1.565775	-17.325267	0.000000	6.288832	5.533421	0.000000	-10.934743	0.957990	-0.036294	6.056719	-5.423473	12.000481	25.252764	78.915995	7.808641	-5.087381	11.419778	23.893789	72.397215
1.766667	7.210190	1.005546	3.761711	0.915498	0.944863	-0.095300	-7.748040	-3.374776	-15.292816	0.000000	5.173778	1.105170	0.000000	-7.358041	-1.567131	-17.317370	0.000000	6.286311	5.526711	0.000000	-10.979488	0.976331	-0.019759	6.053951	-5.403977	12.004886	25.255172	78.920266	7.791976	-5.100006	11.417600	23.886396	72.399044
1.783333	7.228607	1.007799	3.755123	0.915680	0.945043	-0.095265	-7.760712	-3.369872	-15.318089	0.000000	5.158286	1.112468	0.000000	-7.384573	-1.570138	-17.303666	0.000000	6.270731	5.500084	0.000000	-11.052573	0.996621	-0.001781	6.056974	-5.385544	12.011672	25.258570	78.932095	7.783420	-5.110477	11.413703	23.884405	72.405268
1.800000	7.273724	1.010535	3.756226	0.915913	0.945212	-0.095337	-7.808356	-3.365205	-15.356793	0.000000	5.129320	1.132649	0.000000	-7.443746	-1.575544	-17.281706	0.000000	6.230835	5.441455	0.000000	-11.162840	1.017423	0.014220	6.068075	-5.371435	12.021775	25.263213	78.956281	7.789882	-5.115412	11.407285	23.892198	72.418799
1.816667	7.357569	1.013734	3.767075	0.916093	0.945554	-0.095466	-7.902287	-3.361848	-15.413195	0.000000	5.082315	1.170018	0.000000	-7.545741	-1.583341	-17.249302	0.000000	6.157768	5.340594	0.000000	-11.319088	1.038486	0.025978	6.089197	-5.364248	12.036028	25.269261	78.996870	7.816599	-5.112266	11.397647	23.913218	72.442084
1.833333	7.480847	1.017792	3.785609	0.916133	0.946120	-0.095597	-8.038353	-3.360878	-15.487290	-0.000000	5.018401	1.223600	0.000000	-7.687915	-1.592284	-17.207046	-0.000000	6.052641	5.199393	0.000000	-11.519020	1.060495	0.033249	6.119402	-5.364078	12.054198	25.276395	79.053226	7.862371	-5.101252	11.384972	23.946785	72.474770
1.850000	7.623585	1.022841	3.804739	0.916006	0.946715	-0.095703	-8.189780	-3.363754	-15.569703	-0.000000	4.948371	1.283808	0.000000	-7.846515	-1.599508	-17.161332	-0.000000	5.933028	5.040926	0.000000	-11.735357	1.083098	0.036746	6.153053	-5.369006	12.073722	25.283317	79.116368	7.917356	-5.085642	11.371185	23.986254	72.511600
1.866667	7.753206	1.028678	3.814890	0.915765	0.947046	-0.095776	-8.318431	-3.372354	-15.645569	-0.000000	4.888456	1.336409	0.000000	-7.986337	-1.601213	-17.121973	-0.000000	5.825483	4.899877	0.000000	-11.926300	1.104757	0.037173	6.182295	-5.376703	12.090617	25.288170	79.172683	7.967741	-5.069896	11.359228	24.022042	72.544620
1.883333	7.846442	1.035488	3.808918	0.915503	0.946974	-0.095812	-8.399195	-3.388266	-15.705443	-0.000000	4.849767	1.371972	0.000000	-8.083750	-1.594444	-17.095438	-0.000000	5.747638	4.798990	0.000000	-12.065598	1.124522	0.035117	6.202598	-5.385995	12.102204	25.289751	79.213243	8.004673	-5.056782	11.351068	24.047898	72.568627
1.900000	7.899101	1.044019	3.785571	0.915313	0.946597	-0.095809	-8.430290	-3.411712	-15.749151	-0.000000	4.833653	1.389914	0.000000	-8.136197	-1.578725	-17.081967	-0.000000	5.700996	4.739591	0.000000	-12.154197	1.142356	0.031371	6.214937	-5.397044	12.108270	25.288178	79.237568	8.027443	-5.046528	11.346842	24.063300	72.583352
1.916667	7.918813	1.054710	3.749917	0.915263	0.946124	-0.095777	-8.424997	-3.440639	-15.780541	-0.000000	4.835127	1.395163	0.000000	-8.153768	-1.556598	-17.078065	-0.000000	5.677883	4.710849	0.000000	-12.207137	1.157750	0.027171	6.223418	-5.410207	12.110080	25.284650	79.249943	8.039727	-5.038220	11.345576	24.070936	72.591270
1.933333	7.916145	1.066983	3.710700	0.915397	0.945703	-0.095731	-8.401153	-3.470980	-15.802813	-0.000000	4.847105	1.393774	0.000000	-8.149539	-1.532636	-17.079562	-0.000000	5.669245	4.700305	0.000000	-12.239380	1.169488	0.023840	6.231918	-5.424895	12.109245	25.280751	79.255220	8.045745	-5.031132	11.346059	24.073970	72.595135
1.950000	7.900374	1.079408	3.676062	0.915732	0.945372	-0.095684	-8.374900	-3.498276	-15.817851	-0.000000	4.862734	1.390378	0.000000	-8.135286	-1.511494	-17.083259	0.000000	5.668050	4.698438	0.000000	-12.260164	1.176958	0.022084	6.241902	-5.439326	12.107219	25.277695	79.256984	8.048829	-5.025063	11.347269	24.074892	72.596924
1.966667	7.878194	1.090618	3.650817	0.916251	0.945114	-0.095643	-8.357278	-3.519499	-15.827030	-0.000000	4.876957	1.387472	0.000000	-8.119974	-1.496217	-17.087583	0.000000	5.670257	4.699267	0.000000	-12.273070	1.180866	0.021723	6.252490	-5.451548	12.105061	25.275945	79.257320	8.051205	-5.019969	11.348545	24.075376	72.597756
1.983333	7.854047	1.100209	3.636122	0.916880	0.944903	-0.095601	-8.353049	-3.534116	-15.831920	0.000000	4.887674	1.385969	0.000000	-8.109334	-1.487302	-17.092619	0.000000	5.674824	4.699057	0.000000	-12.278522	1.182747	0.021960	6.262190	-5.461100	12.103288	25.275276	79.257343	8.054267	-5.015333	11.349624	24.076611	72.598265
2.000000	7.831234	1.108657	3.630565	0.917486	0.944676	-0.095564	-8.361919	-3.543827	-15.834424	0.000000	4.895830	1.385971	0.000000	-8.106290	-1.482821	-17.099794	-0.000000	5.683401	4.694916	0.000000	-12.275586	1.184295	0.021737	6.270159	-5.469629	12.101927	25.275064	79.257746	8.059070	-5.009935	11.350557	24.079720	72.598940
2.016667	7.812731	1.116594	3.631682	0.917941	0.944357	-0.095556	-8.381197	-3.551296	-15.836405	0.000000	4.904453	1.387279	0.000000	-8.111756	-1.479571	-17.111275	-0.000000	5.699787	4.684121	0.000000	-12.262515	1.186984	0.019965	6.276372	-5.480174	12.100715	25.274612	79.259067	8.066721	-5.002138	11.351566	24.085991	72.600246
2.033333	7.800896	1.124343	3.636776	0.918202	0.943939	-0.095602	-8.407725	-3.558967	-15.839303	0.000000	4.917363	1.389625	0.000000	-8.125200	-1.474483	-17.128991	-0.000000	5.728668	4.664298	0.000000	-12.237698	1.191885	0.015792	6.281324	-5.495982	12.099312	25.273395	79.261749	8.078243	-4.990444	11.352898	24.096689	72.602602
2.050000	7.796353	1.131684	3.642793	0.918311	0.943488	-0.095693	-8.437882	-3.567989	-15.843822	0.000000	4.937582	1.392657	0.000000	-8.144757	-1.465982	-17.152915	-0.000000	5.772857	4.634873	0.000000	-12.202119	1.199323	0.009072	6.285551	-5.518838	12.097512	25.271230	79.266004	8.093607	-4.974543	11.354674	24.112197	72.606224
2.066667	7.797225	1.137733	3.646058	0.918343	0.943060	-0.095784	-8.466731	-3.577387	-15.849693	0.000000	4.965889	1.395833	0.000000	-8.167139	-1.454821	-17.179612	-0.000000	5.830512	4.598684	0.000000	-12.161548	1.208523	0.000816	6.289186	-5.547544	12.095401	25.268395	79.271606	8.110693	-4.956307	11.356762	24.131059	72.610931
2.083333	7.800172	1.141528	3.643314	0.918361	0.942698	-0.095822	-8.489114	-3.584756	-15.855941	-0.000000	5.001177	1.398585	0.000000	-8.188491	-1.443331	-17.203733	0.000000	5.896457	4.560673	0.000000	-12.124297	1.218068	-0.007108	6.292109	-5.578797	12.093271	25.265488	79.278038	8.126025	-4.938994	11.358853	24.150628	72.616269
2.100000	7.802455	1.143162	3.634175	0.918397	0.942497	-0.095774	-8.502552	-3.588194	-15.861449	-0.000000	5.041492	1.400728	0.000000	-8.206037	-1.433642	-17.221724	0.000000	5.965743	4.524662	0.000000	-12.095769	1.226902	-0.012800	6.294564	-5.609516	12.091394	25.263136	79.284828	8.136872	-4.925139	11.360678	24.168760	72.621818
2.116667	7.802792	1.143979	3.622129	0.918451	0.942616	-0.095649	-8.508226	-3.587258	-15.865246	-0.000000	5.083202	1.402545	0.000000	-8.218644	-1.426767	-17.233182	0.000000	6.033074	4.492905	0.000000	-12.076552	1.234472	-0.014991	6.297211	-5.637196	12.089926	25.261809	79.291482	8.142302	-4.915709	11.362086	24.184170	72.627161
2.133333	7.800964	1.145452	3.611811	0.918493	0.943134	-0.095485	-8.509022	-3.582382	-15.866769	-0.000000	5.120724	1.404442	0.000000	-8.226403	-1.422759	-17.239407	0.000000	6.091212	4.467503	0.000000	-12.064760	1.240090	-0.013796	6.300426	-5.659430	12.088932	25.261654	79.297323	8.143216	-4.910510	11.363020	24.196015	72.631771
2.150000	7.797363	1.148159	3.605917	0.918487	0.943933	-0.095329	-8.507273	-3.574156	-15.866087	-0.000000	5.149569	1.406893	0.000000	-8.229902	-1.421024	-17.242237	0.000000	6.134117	4.449938	0.000000	-12.058267	1.242767	-0.010938	6.304255	-5.674907	12.088371	25.262500	79.301856	8.142286	-4.908531	11.363534	24.204307	72.635295
2.166667	7.792385	1.151842	3.605757	0.918413	0.944795	-0.095227	-8.503921	-3.563282	-15.863578	-0.000000	5.169185	1.410891	0.000000	-8.228979	-1.420672	-17.243969	0.000000	6.160472	4.439968	0.000000	-12.055696	1.241567	-0.008602	6.309390	-5.684087	12.088171	25.264222	79.305242	8.143396	-4.908436	11.363775	24.210374	72.637888
2.183333	7.785733	1.155990	3.613137	0.918273	0.945553	-0.095208	-8.498563	-3.550854	-15.859510	-0.000000	5.182427	1.418257	0.000000	-8.222008	-1.420853	-17.247295	0.000000	6.172816	4.436049	0.000000	-12.056980	1.235883	-0.008437	6.317619	-5.688340	12.088345	25.267002	79.308286	8.150948	-4.909121	11.363915	24.216488	72.640189
2.200000	7.776324	1.160351	3.630347	0.918092	0.946119	-0.095269	-8.489742	-3.538571	-15.854173	0.000000	5.193251	1.431259	0.000000	-8.206496	-1.420770	-17.254898	-0.000000	6.174582	4.436508	0.000000	-12.063484	1.225694	-0.011636	6.330993	-5.688866	12.089038	25.271133	79.312075	8.169248	-4.909847	11.364120	24.225082	72.643030
2.216667	7.763117	1.165234	3.658469	0.917888	0.946461	-0.095380	-8.475624	-3.528733	-15.848385	0.000000	5.204662	1.451506	0.000000	-8.180501	-1.419360	-17.268710	-0.000000	6.168222	4.440226	0.000000	-12.077363	1.212139	-0.019063	6.350382	-5.686204	12.090474	25.276591	79.317492	8.201165	-4.910169	11.364523	24.237807	72.647078
2.233333	7.746261	1.171393	3.695727	0.917664	0.946577	-0.095509	-8.455145	-3.523769	-15.843785	0.000000	5.217618	1.478716	0.000000	-8.144145	-1.415132	-17.289083	-0.000000	6.155016	4.446648	0.000000	-12.100221	1.197773	-0.030897	6.374472	-5.680377	12.092824	25.282779	79.324819	8.246253	-4.909886	11.365209	24.254705	72.652540
2.250000	7.727642	1.179261	3.738161	0.917434	0.946471	-0.095641	-8.429443	-3.525046	-15.842276	0.000000	5.231243	1.510321	0.000000	-8.100405	-1.407030	-17.314445	-0.000000	6.136186	4.455355	0.000000	-12.131299	1.185353	-0.046024	6.400439	-5.671730	12.096002	25.288830	79.333612	8.299760	-4.908978	11.366203	24.274065	72.659079
2.266667	7.710452	1.188105	3.782109	0.917231	0.946146	-0.095780	-8.402685	-3.531744	-15.845053	0.000000	5.243983	1.542099	0.000000	-8.054732	-1.395828	-17.341705	-0.000000	6.114262	4.465632	0.000000	-12.166220	1.175970	-0.061841	6.425634	-5.661748	12.099542	25.294212	79.342894	8.353407	-4.907508	11.367482	24.293086	72.665972
2.283333	7.697761	1.196318	3.825626	0.917099	0.945639	-0.095926	-8.380620	-3.541287	-15.852594	0.000000	5.254867	1.569587	0.000000	-8.013239	-1.384012	-17.367494	-0.000000	6.093014	4.476649	0.000000	-12.198509	1.169027	-0.075703	6.448161	-5.652565	12.102818	25.298863	79.351653	8.398890	-4.905458	11.369013	24.309256	72.672473
2.300000	7.690829	1.202666	3.868313	0.917075	0.945004	-0.096059	-8.367683	-3.550930	-15.865627	0.000000	5.264368	1.589709	0.000000	-7.980313	-1.374197	-17.389741	-0.000000	6.076014	4.488204	0.000000	-12.223077	1.163848	-0.087292	6.466300	-5.645438	12.105511	25.302845	79.359440	8.432509	-4.902561	11.370804	24.321844	72.678259
2.316667	7.688841	1.206822	3.910845	0.917189	0.944279	-0.096148	-8.365987	-3.558624	-15.885850	-0.000000	5.274372	1.601346	0.000000	-7.957880	-1.368292	-17.408163	0.000000	6.065615	4.501164	0.000000	-12.237634	1.160281	-0.099134	6.478228	-5.640100	12.107785	25.306153	79.366589	8.456089	-4.898329	11.372947	24.332114	72.683582
2.333333	7.690217	1.208768	3.953896	0.917442	0.943499	-0.096173	-8.376203	-3.562810	-15.915547	-0.000000	5.287227	1.604740	0.000000	-7.946544	-1.367772	-17.423327	0.000000	6.062875	4.517124	0.000000	-12.241365	1.157925	-0.114788	6.482326	-5.635414	12.110055	25.308759	79.373877	8.473703	-4.892361	11.375589	24.342100	72.689019
2.350000	7.694009	1.208229	3.996200	0.917784	0.942765	-0.096135	-8.397713	-3.562102	-15.955820	-0.000000	5.304452	1.600833	0.000000	-7.946525	-1.373803	-17.435352	0.000000	6.067813	4.537351	0.000000	-12.233760	1.155743	-0.136613	6.477415	-5.630238	12.112685	25.310593	79.381927	8.488250	-4.884837	11.378795	24.353180	72.695029
2.366667	7.699909	1.205101	4.034771	0.918108	0.942284	-0.096052	-8.427738	-3.555789	-16.004195	-0.000000	5.325513	1.591362	0.000000	-7.956821	-1.386448	-17.443654	0.000000	6.079376	4.561510	0.000000	-12.215626	1.152895	-0.164044	6.463491	-5.623886	12.115799	25.311546	79.390708	8.500166	-4.876902	11.382371	24.365233	72.701575
2.383333	7.707117	1.200336	4.068008	0.918322	0.942244	-0.095965	-8.461154	-3.544699	-16.053697	-0.000000	5.347359	1.579367	0.000000	-7.973746	-1.403720	-17.447820	0.000000	6.095190	4.587287	0.000000	-12.191042	1.149816	-0.193133	6.442713	-5.616158	12.119274	25.311602	79.399496	8.508024	-4.870651	11.385829	24.376624	72.708089
2.400000	7.714374	1.195561	4.097448	0.918402	0.942668	-0.095911	-8.492558	-3.530608	-16.096106	-0.000000	5.365902	1.568486	0.000000	-7.992133	-1.422510	-17.447944	0.000000	6.112451	4.612089	0.000000	-12.166178	1.148026	-0.218977	6.418115	-5.606942	12.122952	25.310817	79.407463	8.509939	-4.868463	11.388630	24.385248	72.713916
2.416667	7.721410	1.191577	4.126366	0.918382	0.943411	-0.095905	-8.519167	-3.514483	-16.127435	0.000000	5.378627	1.561143	0.000000	-8.008591	-1.440802	-17.444084	-0.000000	6.129607	4.635622	0.000000	-12.145295	1.148807	-0.239594	6.390667	-5.595788	12.126900	25.309123	79.414441	8.504833	-4.871950	11.390541	24.389984	72.718906
2.433333	7.729208	1.187851	4.156424	0.918298	0.944244	-0.095934	-8.540848	-3.496241	-16.149358	0.000000	5.385473	1.557786	0.000000	-8.022676	-1.458109	-17.436034	-0.000000	6.146367	4.659920	0.000000	-12.129274	1.152213	-0.256902	6.359136	-5.582356	12.131313	25.306310	79.420935	8.493348	-4.881139	11.391735	24.391243	72.723440
2.450000	7.738658	1.183422	4.184899	0.918186	0.944945	-0.095975	-8.557662	-3.476200	-16.165944	0.000000	5.387700	1.557563	0.000000	-8.035329	-1.474067	-17.423797	-0.000000	6.162149	4.686776	0.000000	-12.117463	1.157046	-0.274280	6.323038	-5.567458	12.136123	25.302276	79.427396	8.478149	-4.894246	11.392566	24.390426	72.727909
2.466667	7.749633	1.177952	4.206647	0.918071	0.945354	-0.096014	-8.569065	-3.455857	-16.180316	0.000000	5.386820	1.559212	0.000000	-8.047062	-1.487647	-17.408381	-0.000000	6.175613	4.715672	0.000000	-12.109240	1.161652	-0.293552	6.284719	-5.553021	12.140878	25.297317	79.433754	8.462893	-4.908435	11.393316	24.389031	72.732338
2.483333	7.761176	1.172067	4.219325	0.917962	0.945387	-0.096048	-8.575200	-3.437374	-16.193303	0.000000	5.384293	1.561602	0.000000	-8.057193	-1.497620	-17.392276	-0.000000	6.185660	4.743605	0.000000	-12.104134	1.165017	-0.313387	6.248952	-5.540932	12.145007	25.292217	79.439504	8.450353	-4.921199	11.394048	24.387934	72.736397
2.500000	7.772114	1.166818	4.224821	0.917861	0.945068	-0.096084	-8.577342	-3.422712	-16.204105	0.000000	5.381380	1.563956	0.000000	-8.064388	-1.503408	-17.378536	-0.000000	6.192136	4.766788	0.000000	-12.101607	1.167088	-0.330524	6.220558	-5.532170	12.148110	25.287905	79.444082	8.441605	-4.931210	11.394655	24.387301	72.739665
2.516667	7.781687	1.162796	4.226312	0.917763	0.944567	-0.096128	-8.576929	-3.412854	-16.212020	0.000000	5.378926	1.565881	0.000000	-8.067930	-1.505596	-17.368967	-0.000000	6.195688	4.783162	0.000000	-12.100983	1.168301	-0.342766	6.201544	-5.526676	12.150116	25.284860	79.447254	8.436472	-4.938361	11.395022	24.387001	72.741943
2.533333	7.789964	1.159882	4.226148	0.917651	0.944150	-0.096180	-8.574689	-3.407587	-16.217262	-0.000000	5.377267	1.567326	0.000000	-8.068179	-1.505570	-17.363508	0.000000	6.197306	4.793221	0.000000	-12.101501	1.169138	-0.350240	6.190543	-5.523675	12.151248	25.282950	79.449216	8.434138	-4.943345	11.395127	24.386905	72.743348
2.550000	7.797610	1.157627	4.225728	0.917514	0.944027	-0.096237	-8.570760	-3.405981	-16.220506	-0.000000	5.376345	1.568477	0.000000	-8.066096	-1.504647	-17.361058	0.000000	6.197868	4.798814	0.000000	-12.102532	1.169963	-0.354394	6.184632	-5.522238	12.151826	25.281725	79.450355	8.433635	-4.947050	11.395020	24.386933	72.744151
2.566667	7.805088	1.155610	4.225815	0.917378	0.944207	-0.096297	-8.565513	-3.406884	-16.222317	-0.000000	5.375860	1.569620	0.000000	-8.062842	-1.503560	-17.360315	0.000000	6.197904	4.801898	0.000000	-12.103787	1.170950	-0.356907	6.181004	-5.521747	12.152110	25.280683	79.451038	8.434164	-4.950125	11.394779	24.387053	72.744620
2.583333	7.812141	1.153535	4.226871	0.917311	0.944486	-0.096362	-8.560188	-3.409181	-16.222959	-0.000000	5.375467	1.571051	0.000000	-8.059727	-1.502517	-17.360013	0.000000	6.197743	4.804126	0.000000	-12.105314	1.172071	-0.359436	6.177325	-5.522167	12.152225	25.279284	79.451556	8.435172	-4.952940	11.394494	24.387279	72.744981
2.600000	7.818121	1.151165	4.229514	0.917362	0.944586	-0.096429	-8.556815	-3.411944	-16.222492	-0.000000	5.375053	1.573037	0.000000	-8.058116	-1.501559	-17.358703	0.000000	6.197897	4.807103	0.000000	-12.107310	1.173152	-0.363995	6.171156	-5.524227	12.152173	25.276782	79.452212	8.436271	-4.955903	11.394239	24.387707	72.745483
2.616667	7.822848	1.148310	4.234821	0.917498	0.944327	-0.096491	-8.557687	-3.414476	-16.220966	-0.000000	5.374966	1.575775	0.000000	-8.059068	-1.500904	-17.354449	0.000000	6.199427	4.812760	0.000000	-12.109903	1.173946	-0.373273	6.159459	-5.529386	12.151866	25.272131	79.453422	8.437128	-4.959795	11.394065	24.388530	72.746474
2.633333	7.827323	1.144961	4.244218	0.917620	0.943720	-0.096534	-8.564638	-3.416210	-16.218597	-0.000000	5.376094	1.579244	0.000000	-8.062874	-1.501080	-17.344858	-0.000000	6.203968	4.823289	0.000000	-12.113008	1.174140	-0.390278	6.139091	-5.539455	12.151175	25.264233	79.455706	8.437461	-4.965730	11.394004	24.390025	72.748383
2.650000	7.833464	1.141341	4.258841	0.917630	0.942944	-0.096551	-8.578306	-3.416653	-16.215943	0.000000	5.379678	1.583012	0.000000	-8.068864	-1.502737	-17.327659	-0.000000	6.213277	4.840519	0.000000	-12.116404	1.173388	-0.417112	6.108405	-5.555689	12.150003	25.252569	79.459540	8.437181	-4.974752	11.394067	24.392482	72.751598
2.666667	7.842630	1.137774	4.278242	0.917504	0.942228	-0.096543	-8.597355	-3.415526	-16.214145	0.000000	5.386797	1.586030	0.000000	-8.075439	-1.506178	-17.302083	-0.000000	6.228197	4.864620	0.000000	-12.119912	1.171459	-0.452733	6.069922	-5.577227	12.148423	25.238192	79.465051	8.436629	-4.987102	11.394242	24.396038	72.756205
2.683333	7.854346	1.134619	4.299327	0.917279	0.941729	-0.096509	-8.618065	-3.412917	-16.215088	0.000000	5.397884	1.586540	0.000000	-8.080199	-1.511039	-17.270092	-0.000000	6.247766	4.893026	0.000000	-12.123410	1.168358	-0.491266	6.032131	-5.599941	12.146772	25.224419	79.471767	8.436599	-5.001589	11.394491	24.400508	72.761775
2.700000	7.866738	1.132299	4.317631	0.917007	0.941492	-0.096439	-8.635703	-3.409045	-16.220998	0.000000	5.412958	1.582477	0.000000	-8.080860	-1.516646	-17.234950	-0.000000	6.269970	4.921865	0.000000	-12.126847	1.164111	-0.524590	6.006189	-5.618102	12.145541	25.215621	79.478935	8.437976	-5.016279	11.394788	24.405522	72.767639
2.716667	7.877850	1.131258	4.330289	0.916765	0.941501	-0.096327	-8.647335	-3.403843	-16.233351	0.000000	5.432099	1.572453	0.000000	-8.076822	-1.522699	-17.198265	-0.000000	6.293367	4.948979	0.000000	-12.130316	1.158400	-0.547833	5.998841	-5.627989	12.145102	25.214574	79.486187	8.441082	-5.030046	11.395146	24.410844	72.773456
2.733333	7.886185	1.131887	4.337174	0.916666	0.941728	-0.096193	-8.653529	-3.397208	-16.251461	0.000000	5.454637	1.556992	0.000000	-8.069790	-1.529308	-17.160262	-0.000000	6.316818	4.974266	0.000000	-12.133708	1.150753	-0.561353	6.008406	-5.629479	12.145576	25.220893	79.493551	8.444831	-5.042739	11.395636	24.416197	72.779237
2.750000	7.890707	1.134429	4.339676	0.916808	0.942161	-0.096076	-8.657928	-3.389750	-16.271769	-0.000000	5.477827	1.539143	0.000000	-8.063157	-1.536376	-17.122586	0.000000	6.337761	4.997559	0.000000	-12.135911	1.141093	-0.568414	6.025799	-5.624877	12.146919	25.231382	79.500907	8.445949	-5.054025	11.396389	24.420732	72.784909
2.766667	7.891460	1.138769	4.339255	0.917181	0.942772	-0.096010	-8.665344	-3.382856	-16.289471	-0.000000	5.497829	1.523105	0.000000	-8.061166	-1.543244	-17.087921	0.000000	6.352420	5.018283	0.000000	-12.134456	1.129497	-0.572747	6.038747	-5.616884	12.149124	25.241844	79.508015	8.439061	-5.063144	11.397623	24.423015	72.790302
2.783333	7.890475	1.144312	4.336614	0.917631	0.943463	-0.095995	-8.679373	-3.377883	-16.301605	-0.000000	5.512564	1.511567	0.000000	-8.067800	-1.548782	-17.056575	0.000000	6.358061	5.037127	0.000000	-12.126174	1.115400	-0.577553	6.037018	-5.607044	12.152391	25.249326	79.515103	8.418093	-5.069824	11.399662	24.421692	72.795595
2.800000	7.891629	1.150141	4.331458	0.917947	0.944070	-0.096011	-8.700709	-3.375634	-16.308248	-0.000000	5.522789	1.504665	0.000000	-8.085105	-1.551607	-17.025802	0.000000	6.354331	5.056264	0.000000	-12.108756	1.097815	-0.585133	6.015615	-5.595578	12.157029	25.252978	79.522906	8.378848	-5.074654	11.402803	24.416160	72.801351
2.816667	7.898440	1.155286	4.322717	0.917987	0.944465	-0.096039	-8.726231	-3.376460	-16.311356	-0.000000	5.530671	1.500997	0.000000	-8.111202	-1.550496	-16.993242	0.000000	6.343212	5.077179	0.000000	-12.083084	1.076958	-0.596461	5.976288	-5.582653	12.163009	25.253446	79.531874	8.323028	-5.078464	11.407017	24.407133	72.807926
2.833333	7.911110	1.159033	4.308972	0.917754	0.944627	-0.096073	-8.749009	-3.380464	-16.313252	-0.000000	5.538225	1.499090	0.000000	-8.139350	-1.544858	-16.960376	0.000000	6.328542	5.098565	0.000000	-12.054797	1.055533	-0.610818	5.928179	-5.569641	12.169579	25.252135	79.541443	8.261196	-5.081702	11.411701	24.397048	72.814939
2.850000	7.926003	1.161514	4.288822	0.917356	0.944626	-0.096108	-8.760808	-3.387927	-16.315349	-0.000000	5.547074	1.498933	0.000000	-8.160573	-1.534542	-16.931986	0.000000	6.314039	5.116819	0.000000	-12.031667	1.036974	-0.626422	5.884008	-5.558593	12.175673	25.250845	79.550624	8.208232	-5.084634	11.415982	24.389413	72.821687
2.866667	7.937884	1.164313	4.261658	0.916950	0.944566	-0.096134	-8.756332	-3.399837	-16.316943	0.000000	5.559002	1.503448	0.000000	-8.168520	-1.519270	-16.912796	-0.000000	6.300286	5.128401	0.000000	-12.017858	1.021539	-0.641653	5.852964	-5.550380	12.180907	25.251639	79.559452	8.173266	-5.088128	11.419394	24.387313	72.828209
2.883333	7.941871	1.170446	4.228541	0.916663	0.944524	-0.096127	-8.734953	-3.417800	-16.314773	0.000000	5.576163	1.519001	0.000000	-8.161272	-1.498316	-16.906028	-0.000000	6.283681	5.130873	0.000000	-12.011277	1.004666	-0.655388	5.837881	-5.543886	12.185967	25.256822	79.569577	8.155417	-5.094058	11.422146	24.392740	72.835707
2.900000	7.933899	1.183701	4.191083	0.916531	0.944488	-0.096064	-8.698311	-3.443754	-16.304072	0.000000	5.601131	1.554185	0.000000	-8.139257	-1.470166	-16.914103	-0.000000	6.258049	5.122387	0.000000	-12.006036	0.978878	-0.666959	5.837614	-5.536814	12.192217	25.268833	79.583684	8.147836	-5.104983	11.424856	24.407122	72.846131
2.916667	7.911356	1.207278	4.149424	0.916494	0.944361	-0.095938	-8.647713	-3.479531	-16.280983	0.000000	5.636472	1.616269	0.000000	-8.103401	-1.432805	-16.938286	-0.000000	6.217695	5.101883	0.000000	-11.996546	0.937484	-0.676504	5.849470	-5.526963	12.201008	25.289564	79.604336	8.143181	-5.123139	11.428182	24.431468	72.861345
2.933333	7.875606	1.241166	4.103934	0.916461	0.944065	-0.095766	-8.586061	-3.524369	-16.245799	0.000000	5.681977	1.704364	0.000000	-8.056599	-1.386630	-16.976294	-0.000000	6.162143	5.070936	0.000000	-11.980641	0.879778	-0.684660	5.869448	-5.513638	12.212665	25.318416	79.631836	8.136817	-5.148468	11.432388	24.464582	72.881564
2.950000	7.834398	1.279932	4.059178	0.916359	0.943626	-0.095580	-8.521828	-3.571834	-16.205070	0.000000	5.731418	1.803729	0.000000	-8.006386	-1.337879	-17.020276	-0.000000	6.099974	5.035503	0.000000	-11.960778	0.814959	-0.691610	5.891695	-5.498656	12.225628	25.350474	79.662277	8.127815	-5.176913	11.437015	24.500946	72.903922
2.966667	7.798776	1.315040	4.022753	0.916163	0.943186	-0.095418	-8.466681	-3.612114	-16.168610	-0.000000	5.774949	1.891981	0.000000	-7.962831	-1.296304	-17.059630	0.000000	6.044944	5.003777	0.000000	-11.942047	0.757725	-0.697001	5.909935	-5.485339	12.237206	25.378478	79.689273	8.117821	-5.202174	11.441150	24.532671	72.923735
2.983333	7.776023	1.340477	3.999387	0.915900	0.942868	-0.095300	-8.427592	-3.638783	-16.142935	-0.000000	5.806036	1.954176	0.000000	-7.932374	-1.268204	-17.087382	0.000000	6.006361	4.981150	0.000000	-11.928278	0.717827	-0.700784	5.920536	-5.476072	12.245529	25.397665	79.708494	8.108852	-5.220056	11.444136	24.554675	72.937834
3.000000	7.766796	1.355069	3.988350	0.915622	0.942676	-0.095233	-8.403796	-3.651759	-16.128552	-0.000000	5.824415	1.989085	0.000000	-7.915385	-1.253619	-17.102667	0.000000	5.984999	4.968230	0.000000	-11.920310	0.695740	-0.703664	5.923411	-5.471257	12.250409	25.407714	79.719614	8.102062	-5.230306	11.445895	24.566796	72.945986
3.016667	7.767689	1.360543	3.985793	0.915374	0.942579	-0.095209	-8.390244	-3.654835	-16.122332	-0.000000	5.833558	2.003683	0.000000	-7.908737	-1.249227	-17.108119	0.000000	5.976478	4.962895	0.000000	-11.917052	0.686531	-0.706871	5.920212	-5.470192	12.252660	25.410849	79.724691	8.097874	-5.235023	11.446701	24.571753	72.949712
3.033333	7.774315	1.359410	3.987464	0.915187	0.942612	-0.095207	-8.381390	-3.652448	-16.120303	-0.000000	5.837655	2.006633	0.000000	-7.908663	-1.251509	-17.106890	0.000000	5.975306	4.962638	0.000000	-11.916919	0.684402	-0.711851	5.912551	-5.472129	12.253282	25.409662	79.726240	8.096436	-5.236788	11.446893	24.572797	72.950869
3.050000	7.782936	1.354025	3.989872	0.915081	0.942816	-0.095190	-8.373094	-3.647759	-16.119062	-0.000000	5.840151	2.005152	0.000000	-7.912071	-1.258004	-17.101311	0.000000	5.976842	4.965645	0.000000	-11.918600	0.684728	-0.720034	5.901336	-5.476751	12.253057	25.406121	79.726304	8.097875	-5.237823	11.446729	24.572579	72.950972
3.066667	7.791035	1.346234	3.990609	0.915035	0.943126	-0.095128	-8.363419	-3.642025	-16.116368	-0.000000	5.843249	2.003984	0.000000	-7.916789	-1.267355	-17.092751	0.000000	5.977984	4.970946	0.000000	-11.921263	0.684527	-0.732393	5.887014	-5.484107	12.252443	25.401416	79.726166	8.102243	-5.239789	11.446336	24.572757	72.950969
3.083333	7.797297	1.337519	3.988499	0.915001	0.943396	-0.095019	-8.352713	-3.635217	-16.111456	0.000000	5.847739	2.005344	0.000000	-7.921236	-1.278732	-17.082305	-0.000000	5.977259	4.977924	0.000000	-11.924386	0.682384	-0.748482	5.870720	-5.494077	12.251614	25.396337	79.726359	8.109199	-5.243719	11.445723	24.573963	72.951248
3.100000	7.801323	1.329173	3.983692	0.914931	0.943468	-0.094886	-8.342827	-3.627088	-16.105012	0.000000	5.853125	2.009299	0.000000	-7.924143	-1.291325	-17.071472	-0.000000	5.974787	4.985544	0.000000	-11.927500	0.678240	-0.765817	5.855492	-5.506021	12.250538	25.391789	79.726877	8.117879	-5.250061	11.444825	24.575989	72.951777
3.116667	7.803185	1.321745	3.977151	0.914805	0.943233	-0.094764	-8.335168	-3.617424	-16.098245	0.000000	5.858593	2.014712	0.000000	-7.924228	-1.304717	-17.061645	-0.000000	5.972268	4.991713	0.000000	-11.930118	0.672963	-0.781324	5.845943	-5.519641	12.249063	25.389024	79.727728	8.127606	-5.259226	11.443539	24.578329	72.952532
3.133333	7.802905	1.314178	3.969713	0.914604	0.942729	-0.094680	-8.328682	-3.605580	-16.091528	0.000000	5.864374	2.020326	0.000000	-7.919528	-1.319515	-17.052782	-0.000000	5.972999	4.992853	0.000000	-11.931780	0.667981	-0.793992	5.846670	-5.536350	12.247037	25.389568	79.729643	8.138921	-5.272224	11.441778	24.580832	72.954037
3.150000	7.799997	1.304086	3.961887	0.914318	0.942134	-0.094651	-8.319575	-3.590599	-16.083926	0.000000	5.872175	2.025103	0.000000	-7.907180	-1.336857	-17.043012	-0.000000	5.981803	4.983617	0.000000	-11.931994	0.665453	-0.805720	5.861142	-5.559022	12.244512	25.395125	79.734411	8.153438	-5.290219	11.439623	24.583914	72.957613
3.166667	7.793154	1.289492	3.954479	0.913979	0.941631	-0.094675	-8.303097	-3.572345	-16.073806	0.000000	5.884383	2.027832	0.000000	-7.884311	-1.356958	-17.029514	-0.000000	6.004340	4.957247	0.000000	-11.930104	0.668743	-0.819998	5.890840	-5.589719	12.242068	25.407314	79.744616	8.172256	-5.312811	11.437568	24.588251	72.965181
3.183333	7.780303	1.270391	3.948938	0.913662	0.941291	-0.094739	-8.275883	-3.552457	-16.059700	0.000000	5.902976	2.026860	0.000000	-7.849257	-1.378202	-17.009621	-0.000000	6.045712	4.906989	0.000000	-11.925199	0.682176	-0.840297	5.934269	-5.627628	12.240932	25.427144	79.762984	8.194483	-5.336736	11.436626	24.594368	72.978764
3.200000	7.759380	1.248310	3.946842	0.913433	0.941083	-0.094828	-8.237007	-3.533488	-16.040896	-0.000000	5.928874	2.020574	0.000000	-7.802018	-1.398063	-16.981714	0.000000	6.108784	4.828472	0.000000	-11.916309	0.709116	-0.869097	5.987841	-5.670068	12.242406	25.454675	79.791421	8.217970	-5.357313	11.437916	24.602512	72.999784
3.216667	7.730374	1.225034	3.948957	0.913312	0.940962	-0.094915	-8.188685	-3.517028	-16.018290	-0.000000	5.960967	2.008681	0.000000	-7.745186	-1.414913	-16.946741	0.000000	6.190757	4.724788	0.000000	-11.903242	0.748164	-0.906513	6.047314	-5.714908	12.246671	25.488236	79.829076	8.241349	-5.371674	11.441767	24.612565	73.027635
3.233333	7.697407	1.202665	3.954787	0.913283	0.940933	-0.094969	-8.137538	-3.503213	-15.995352	-0.000000	5.994844	1.993159	0.000000	-7.685782	-1.428492	-16.909836	0.000000	6.279364	4.611819	0.000000	-11.887473	0.790379	-0.948605	6.106994	-5.760508	12.252078	25.523159	79.870364	8.264590	-5.380031	11.447165	24.623758	73.058231
3.250000	7.666874	1.183516	3.963098	0.913313	0.940999	-0.094958	-8.092278	-3.491072	-15.976841	-0.000000	6.024502	1.977168	0.000000	-7.633190	-1.439534	-16.878114	0.000000	6.357454	4.512528	0.000000	-11.871467	0.823024	-0.988963	6.160845	-5.805248	12.256009	25.553282	79.907113	8.288681	-5.384668	11.452293	24.634945	73.085575
3.266667	7.642564	1.168621	3.972655	0.913349	0.941095	-0.094869	-8.057740	-3.478484	-15.965411	-0.000000	6.046771	1.962750	0.000000	-7.593080	-1.449780	-16.855142	0.000000	6.414759	4.442051	0.000000	-11.856896	0.838140	-1.023032	6.206910	-5.848460	12.256641	25.575147	79.934089	8.315676	-5.388869	11.455678	24.645446	73.105798
3.283333	7.624076	1.156964	3.982415	0.913310	0.941089	-0.094706	-8.032469	-3.462559	-15.960080	-0.000000	6.063118	1.949990	0.000000	-7.564808	-1.461646	-16.838629	0.000000	6.452607	4.401722	0.000000	-11.844186	0.836587	-1.049559	6.248459	-5.889895	12.253847	25.589638	79.951183	8.348135	-5.396317	11.456696	24.655256	73.118755
3.300000	7.608913	1.146123	3.991813	0.913121	0.940850	-0.094486	-8.010924	-3.440437	-15.957521	0.000000	6.077936	1.937555	0.000000	-7.543265	-1.477598	-16.822853	-0.000000	6.479363	4.384769	0.000000	-11.833558	0.824696	-1.069263	6.291458	-5.929081	12.248600	25.600093	79.961274	8.389016	-5.410628	11.455266	24.664865	73.126469
3.316667	7.594162	1.133359	4.001500	0.912752	0.940332	-0.094241	-7.986148	-3.410152	-15.953835	0.000001	6.096333	1.923258	0.000000	-7.521094	-1.499633	-16.802133	-0.000000	6.505076	4.382322	0.000000	-11.826057	0.809433	-1.084123	6.342014	-5.966253	12.242011	25.610102	79.967865	8.442005	-5.434535	11.451561	24.675316	73.131442
3.333333	7.577002	1.117004	4.013475	0.912251	0.939590	-0.094014	-7.952179	-3.371856	-15.945636	0.000002	6.122412	1.904701	0.000000	-7.491177	-1.528352	-16.773253	-0.000000	6.538015	4.386115	0.000000	-11.823781	0.796429	-1.096758	6.403787	-6.002187	12.234998	25.622236	79.973813	8.509968	-5.468636	11.446001	24.687966	73.135754
3.350000	7.555135	1.097365	4.030040	0.911724	0.938712	-0.093847	-7.906309	-3.328440	-15.930923	0.000003	6.158254	1.879773	0.000000	-7.449472	-1.562273	-16.736054	-0.000000	6.582629	4.389664	0.000000	-11.828030	0.789563	-1.109520	6.476881	-6.037577	12.228235	25.637853	79.980827	8.592928	-5.510801	11.439307	24.704040	73.140699
3.366667	7.527282	1.076351	4.052535	0.911260	0.937788	-0.093757	-7.849870	-3.284673	-15.909731	0.000005	6.203951	1.846569	0.000000	-7.396098	-1.598299	-16.692366	-0.000000	6.639241	4.388603	0.000000	-11.836342	0.790289	-1.124220	6.559666	-6.073962	12.221923	25.657768	79.989608	8.688392	-5.557011	11.432370	24.724569	73.146891
3.383333	7.492872	1.055925	4.081311	0.910886	0.936913	-0.093732	-7.786437	-3.244925	-15.883756	0.000005	6.258701	1.803192	0.000000	-7.333301	-1.633459	-16.644077	-0.000000	6.705658	4.380610	0.000000	-11.842336	0.797496	-1.142269	6.652062	-6.114553	12.215643	25.683110	80.000317	8.794681	-5.603845	11.425824	24.750738	73.154562
3.400000	7.451802	1.036692	4.116129	0.910591	0.936150	-0.093736	-7.719775	-3.210958	-15.855679	0.000002	6.321038	1.748876	0.000000	-7.263378	-1.666576	-16.592244	-0.000000	6.778203	4.365599	0.000000	-11.838578	0.807948	-1.164337	6.756512	-6.163008	12.208567	25.715269	80.012777	8.913158	-5.650725	11.419585	24.783676	73.163642
3.416667	7.405548	1.018340	4.155417	0.910357	0.935533	-0.093737	-7.654171	-3.182201	-15.829450	-0.000006	6.386887	1.686327	0.000000	-7.189607	-1.697792	-16.538452	0.000000	6.850119	4.346036	0.000000	-11.819181	0.816794	-1.189520	6.874362	-6.220717	12.199957	25.754732	80.026197	9.045041	-5.699116	11.412928	24.823242	73.173515
3.433333	7.356246	1.000688	4.196407	0.910164	0.935089	-0.093727	-7.592731	-3.157454	-15.809361	-0.000021	6.449860	1.620871	0.000000	-7.115110	-1.727079	-16.484703	0.000001	6.912756	4.325855	0.000000	-11.782014	0.819597	-1.215861	7.003902	-6.286107	12.189550	25.801026	80.039369	9.189362	-5.750596	11.405047	24.868038	73.183210
3.450000	7.303354	0.983595	4.237127	0.909974	0.934821	-0.093720	-7.532745	-3.135599	-15.797015	-0.000043	6.504898	1.556141	0.000000	-7.038321	-1.753991	-16.430674	0.000002	6.961279	4.308162	0.000000	-11.730580	0.815223	-1.242268	7.143112	-6.356548	12.177678	25.854345	80.051568	9.345745	-5.806244	11.395633	24.917206	73.192124
3.466667	7.243570	0.966660	4.277279	0.909733	0.934663	-0.093718	-7.465778	-3.115559	-15.789571	-0.000071	6.549149	1.491732	0.000000	-6.952882	-1.778301	-16.373347	0.000003	6.997019	4.293931	0.000000	-11.671470	0.805961	-1.269302	7.290982	-6.429641	12.165303	25.916770	80.062919	9.514939	-5.866199	11.385246	24.971614	73.200334
3.483333	7.173212	0.949078	4.317353	0.909392	0.934483	-0.093711	-7.382012	-3.096076	-15.780292	-0.000090	6.579769	1.422004	0.000000	-6.851511	-1.800690	-16.309078	0.000004	7.024957	4.281722	0.000000	-11.607208	0.795233	-1.298861	7.447390	-6.504408	12.153930	25.993624	80.074152	9.697731	-5.930230	11.375278	25.034732	73.208378
3.500000	7.088612	0.929219	4.357875	0.908927	0.934131	-0.093694	-7.272466	-3.075374	-15.759451	-0.000078	6.592781	1.333167	0.000000	-6.727708	-1.823175	-16.234648	0.000003	7.051148	4.267319	0.000000	-11.531747	0.786159	-1.334036	7.613414	-6.582912	12.145602	26.095268	80.086545	9.894655	-5.999348	11.367796	25.113613	73.217139
3.516667	6.985272	0.904404	4.399227	0.908354	0.933461	-0.093676	-7.129333	-3.051030	-15.714658	0.000001	6.583092	1.201960	0.000000	-6.575981	-1.848884	-16.147528	-0.000000	7.081326	4.243902	0.000000	-11.433254	0.781694	-1.378468	7.788942	-6.669748	12.143227	26.236788	80.101895	10.102595	-6.075795	11.365638	25.217999	73.227750
3.533333	6.856500	0.870998	4.442287	0.907750	0.932385	-0.093674	-6.945143	-3.019958	-15.630650	0.000193	6.545479	0.998373	0.000000	-6.390586	-1.881607	-16.044734	-0.000009	7.120770	4.203675	0.000000	-11.300373	0.785621	-1.435407	7.970846	-6.770792	12.150594	26.435863	80.122270	10.312758	-6.162461	11.372268	25.358439	73.241392
3.550000	6.693752	0.824875	4.489201	0.907207	0.930965	-0.093701	-6.712907	-2.978464	-15.491090	0.000531	6.478011	0.694815	0.000000	-6.164209	-1.925493	-15.921404	-0.000023	7.174588	4.141186	0.000000	-11.126120	0.802575	-1.507127	8.157634	-6.893223	12.170894	26.708720	80.149389	10.517206	-6.263024	11.390483	25.544302	73.258915
3.566667	6.495464	0.763572	4.541214	0.906746	0.929450	-0.093755	-6.434898	-2.923925	-15.288281	0.001004	6.389008	0.289661	0.000000	-5.895958	-1.983450	-15.776186	-0.000042	7.245440	4.058863	0.000000	-10.911934	0.835246	-1.592722	8.356899	-7.042929	12.203070	27.056959	80.182744	10.718827	-6.379398	11.419443	25.776916	73.279721
3.583333	6.277820	0.689655	4.594376	0.906292	0.928138	-0.093819	-6.133113	-2.858218	-15.035165	0.001493	6.301664	-0.169862	0.000000	-5.603592	-2.053861	-15.620978	-0.000062	7.329340	3.971075	0.000000	-10.673306	0.881100	-1.685104	8.585814	-7.218406	12.239223	27.453069	80.217581	10.933019	-6.507338	11.452337	26.040760	73.300495
3.600000	6.065281	0.610629	4.639519	0.905715	0.927227	-0.093878	-5.836989	-2.788562	-14.757522	0.001702	6.243023	-0.610753	0.000000	-5.313778	-2.129547	-15.478263	-0.000069	7.415035	3.897584	0.000000	-10.433653	0.933505	-1.774163	8.862494	-7.410118	12.269514	27.856557	80.246612	11.177706	-6.638628	11.479663	26.311005	73.316084
3.616667	5.866112	0.534344	4.667809	0.904889	0.926831	-0.093919	-5.554716	-2.723596	-14.469237	0.001095	6.222252	-0.992287	0.000000	-5.033936	-2.200983	-15.365180	-0.000041	7.487441	3.849611	0.000000	-10.207347	0.986235	-1.855041	9.198358	-7.608431	12.291394	28.253792	80.264798	11.464106	-6.769604	11.496078	26.575714	73.322245
3.633333	5.666929	0.465721	4.676084	0.903724	0.927024	-0.093939	-5.267230	-2.669403	-14.164945	-0.001090	6.222268	-1.325240	0.000000	-4.744975	-2.259888	-15.284553	0.000054	7.529941	3.824609	0.000000	-9.996144	1.035056	-1.930166	9.599017	-7.809093	12.311379	28.668121	80.271380	11.799201	-6.903742	11.502154	26.843388	73.317025
3.650000	5.451907	0.407246	4.668663	0.902200	0.927773	-0.093944	-4.951291	-2.628754	-13.839733	-0.005672	6.210728	-1.637459	0.000000	-4.423469	-2.300773	-15.228511	0.000249	7.526618	3.812214	0.000000	-9.803831	1.075858	-2.002991	10.070487	-8.010836	12.337319	29.128772	80.268050	12.195651	-7.044853	11.499838	27.128343	73.300350
3.666667	5.221302	0.359940	4.655586	0.900335	0.928862	-0.093947	-4.601825	-2.601538	-13.508099	-0.013065	6.155525	-1.940273	0.000000	-4.064710	-2.321896	-15.184052	0.000559	7.466331	3.799447	0.000000	-9.647156	1.104077	-2.072532	10.623388	-8.212038	12.371103	29.641484	80.256704	12.677286	-7.190578	11.487784	27.435784	73.273244
3.683333	4.989820	0.322821	4.647324	0.898151	0.929963	-0.093945	-4.230933	-2.584721	-13.193628	-0.022433	6.032638	-2.236624	0.000000	-3.683232	-2.326022	-15.136617	0.000943	7.342426	3.767902	0.000000	-9.547309	1.117203	-2.134808	11.268825	-8.412631	12.411786	30.198396	80.237972	13.269743	-7.334443	11.460659	27.764449	73.235803
3.700000	4.769967	0.292161	4.649063	0.895702	0.930780	-0.093913	-3.849288	-2.572817	-12.900689	-0.030465	5.825603	-2.553110	0.000000	-3.294828	-2.319939	-15.072337	0.001257	7.148513	3.688744	0.000000	-9.513136	1.117643	-2.187311	12.010771	-8.618649	12.465202	30.811360	80.210395	13.984329	-7.472849	11.411235	28.121112	73.184516
3.716667	4.563074	0.262629	4.659184	0.893097	0.931127	-0.093822	-3.455783	-2.559978	-12.609495	-0.030008	5.525301	-2.942550	0.000000	-2.905321	-2.312189	-14.980027	0.001196	6.879698	3.527739	0.000000	-9.536121	1.111735	-2.228849	12.846196	-8.841381	12.544852	31.515955	80.170935	14.814843	-7.606585	11.331738	28.525178	73.112603
3.733333	4.363322	0.230065	4.672284	0.890461	0.930964	-0.093645	-3.041638	-2.542870	-12.301967	-0.009289	5.138125	-3.442209	0.000000	-2.512965	-2.309885	-14.856897	0.000267	6.540636	3.265011	0.000000	-9.596921	1.105478	-2.255599	13.774780	-9.088697	12.659280	32.334262	80.117350	15.748691	-7.736549	11.214488	28.996132	73.015035
3.750000	4.161871	0.193585	4.683203	0.887805	0.930459	-0.093356	-2.593709	-2.522393	-11.984266	0.046976	4.694401	-4.033554	0.000000	-2.110242	-2.316107	-14.714016	-0.002157	6.149934	2.913035	0.000000	-9.673726	1.101158	-2.259556	14.808887	-9.356314	12.800455	33.241430	80.050815	16.779580	-7.861509	11.052986	29.540159	72.893767
3.766667	3.946876	0.156090	4.689097	0.884986	0.929931	-0.092949	-2.093862	-2.503713	-11.677013	0.152571	4.235835	-4.659962	0.000000	-1.681697	-2.328355	-14.568207	-0.006620	5.729592	2.503596	0.000000	-9.749107	1.096610	-2.231976	15.969364	-9.630960	12.952371	34.183025	79.975295	17.911316	-7.980101	10.841800	30.153938	72.755634
3.783333	3.704275	0.123440	4.690357	0.881904	0.929664	-0.092497	-1.524380	-2.495400	-11.389814	0.311556	3.788877	-5.279198	0.000000	-1.206429	-2.338476	-14.425736	-0.013105	5.290085	2.058168	0.000000	-9.811439	1.086842	-2.169639	17.267531	-9.902781	13.110442	35.119868	79.894631	19.149420	-8.092555	10.577891	30.835934	72.605897
3.800000	3.422942	0.102320	4.691169	0.878728	0.929795	-0.092156	-0.880904	-2.507544	-11.120318	0.514257	3.356992	-5.874383	0.000000	-0.669274	-2.335275	-14.281244	-0.020247	4.831817	1.587409	0.000000	-9.850200	1.067152	-2.078553	18.694589	-10.170465	13.283326	36.036028	79.812290	20.490468	-8.198579	10.266673	31.581955	72.448055
3.816667	3.101802	0.097787	4.697639	0.875768	0.930362	-0.092072	-0.180142	-2.549027	-10.872953	0.742836	2.935771	-6.428622	0.000000	-0.072277	-2.308704	-14.133730	-0.024315	4.357263	1.112432	0.000000	-9.854999	1.035769	-1.971443	20.230507	-10.436293	13.479508	36.916288	79.733626	21.923305	-8.294454	9.926832	32.371652	72.288474
3.833333	2.751880	0.111788	4.714224	0.873146	0.931358	-0.092281	0.547501	-2.624872	-10.663763	0.980348	2.527468	-6.915789	0.000000	0.565676	-2.253303	-13.996407	-0.018277	3.878214	0.670459	0.000000	-9.821926	0.994338	-1.861035	21.861011	-10.701044	13.702293	37.736732	79.666844	23.440628	-8.373718	9.587914	33.166443	72.137351
3.850000	2.388730	0.142212	4.741955	0.870684	0.932664	-0.092675	1.276156	-2.733898	-10.505102	1.215990	2.139393	-7.320431	0.000000	1.223227	-2.170691	-13.886415	0.008298	3.413716	0.292703	0.000000	-9.755518	0.946977	-1.754200	23.586027	-10.965570	13.963671	38.473836	79.620606	25.043291	-8.430164	9.280718	33.924060	72.003140
3.866667	2.022042	0.182299	4.779644	0.868111	0.933955	-0.093085	1.997872	-2.867682	-10.391706	1.446437	1.772897	-7.664573	0.000000	1.892138	-2.070802	-13.808775	0.068551	2.982969	-0.024056	0.000000	-9.662585	0.899644	-1.650974	25.416814	-11.236438	14.299051	39.115886	79.599480	26.733341	-8.460138	9.027432	34.617810	71.885463
3.883333	1.655399	0.221828	4.827024	0.865291	0.934757	-0.093383	2.717694	-3.012527	-10.308948	1.676405	1.421694	-8.002037	0.000000	2.578101	-1.970620	-13.756049	0.178998	2.604161	-0.311519	0.000000	-9.549392	0.859878	-1.548340	27.369808	-11.523685	14.748915	39.659968	79.601203	28.510705	-8.463726	8.843381	35.240217	71.776565
3.900000	1.292626	0.250441	4.886059	0.862296	0.934739	-0.093534	3.440565	-3.154313	-10.250206	1.919203	1.079055	-8.386645	0.000000	3.291411	-1.889874	-13.718860	0.361607	2.296244	-0.598475	0.000000	-9.422583	0.835258	-1.443320	29.458715	-11.831688	15.326886	40.097246	79.617453	30.373382	-8.444141	8.749199	35.791133	71.669009
3.916667	0.934947	0.260815	4.957142	0.859313	0.933916	-0.093585	4.171124	-3.283131	-10.212826	2.194120	0.738638	-8.865765	0.000000	4.045244	-1.844910	-13.688001	0.642207	2.072107	-0.906109	0.000000	-9.280497	0.830270	-1.331489	31.684680	-12.160564	16.038261	40.404390	79.636861	32.310702	-8.405620	8.780025	36.267697	71.556010
3.933333	0.572293	0.249492	5.033950	0.856521	0.932474	-0.093612	4.923172	-3.394624	-10.180447	2.520404	0.390519	-9.494346	0.000000	4.859871	-1.844115	-13.647318	1.043070	1.931380	-1.266856	0.000000	-9.101299	0.844816	-1.205047	34.031120	-12.516711	16.923449	40.550280	79.647315	34.297486	-8.353111	8.981965	36.665222	71.425212
3.950000	0.186581	0.216752	5.104595	0.853992	0.930528	-0.093668	5.718224	-3.489196	-10.125458	2.912226	0.028659	-10.314427	0.000000	5.757645	-1.886625	-13.572376	1.575774	1.865749	-1.718286	0.000000	-8.852731	0.875632	-1.055325	36.462946	-12.910372	18.024838	40.520909	79.634918	36.299964	-8.293014	9.390225	36.990343	71.260334
3.966667	-0.236038	0.167027	5.159086	0.851652	0.928158	-0.093758	6.575284	-3.571456	-10.027398	3.378326	-0.333707	-11.313935	0.000000	6.753281	-1.963526	-13.438489	2.240792	1.869089	-2.276852	0.000000	-8.517197	0.917183	-0.877901	38.927010	-13.340658	19.303018	40.345468	79.582964	38.288395	-8.231663	10.004528	37.272749	71.051253
3.983333	-0.702818	0.107638	5.194629	0.849329	0.925480	-0.093827	7.512172	-3.648167	-9.874497	3.927204	-0.667340	-12.439626	0.000000	7.856922	-2.061842	-13.226834	3.034293	1.938198	-2.940484	0.000000	-8.098262	0.961362	-0.675811	41.363428	-13.791810	20.642725	40.087130	79.476760	40.247660	-8.175151	10.797160	37.550357	70.798347
4.000000	-1.221322	0.044728	5.214355	0.846841	0.922592	-0.093797	8.555604	-3.723763	-9.650588	4.573863	-0.947947	-13.656246	0.000000	9.085777	-2.170968	-12.924523	3.957925	2.067299	-3.718575	0.000000	-7.607281	0.999374	-0.457999	43.727189	-14.243721	21.946874	39.804189	79.310823	42.181385	-8.131564	11.746277	37.839601	70.507521
4.016667	-1.800835	-0.020219	5.223515	0.844052	0.919553	-0.093620	9.740327	-3.797423	-9.334213	5.341207	-1.166050	-14.969126	0.000000	10.465485	-2.287321	-12.524867	5.024491	2.245841	-4.643854	0.000000	-7.056702	1.025629	-0.234257	46.000514	-14.680452	23.185885	39.526775	79.089947	44.106786	-8.108793	12.846026	38.131813	70.184849
4.033333	-2.445299	-0.090048	5.227221	0.840906	0.916426	-0.093312	11.094406	-3.864639	-8.912369	6.254583	-1.320843	-16.392942	0.000000	12.017431	-2.413981	-12.031450	6.255336	2.457734	-5.751758	0.000000	-6.466485	1.040028	-0.012762	48.186685	-15.090692	24.365567	39.264158	78.827147	46.039171	-8.108261	14.079085	38.416385	69.838454
4.050000	-3.148927	-0.169599	5.229112	0.837452	0.913289	-0.092912	12.627830	-3.920265	-8.390916	7.335568	-1.415090	-17.924433	0.000000	13.747574	-2.557686	-11.460228	7.673661	2.680662	-7.057198	0.000000	-5.865609	1.047419	0.197883	50.291876	-15.463811	25.483265	39.022214	78.544691	47.972318	-8.123957	15.390103	38.697670	69.486209
4.066667	-3.901674	-0.264342	5.229403	0.833835	0.910214	-0.092458	14.335996	-3.959515	-7.790080	8.598363	-1.458937	-19.552130	0.000000	15.648610	-2.726111	-10.832440	9.298631	2.889223	-8.555338	0.000000	-5.279943	1.055692	0.387178	52.312769	-15.786960	26.526777	38.807660	78.271915	49.874236	-8.149578	16.700058	38.989993	69.157475
4.083333	-4.693885	-0.378614	5.223588	0.830224	0.907235	-0.091983	16.204988	-3.978622	-7.134019	10.046296	-1.473608	-21.270945	0.000000	17.703789	-2.924558	-10.166919	11.137974	3.061053	-10.229201	0.000000	-4.724799	1.073620	0.544022	54.242750	-16.045983	27.498806	38.617829	78.035449	51.706330	-8.185489	17.945221	39.299892	68.884052
4.100000	-5.513817	-0.512491	5.203106	0.826726	0.904323	-0.091540	18.211269	-3.977042	-6.446635	11.671175	-1.485317	-23.073258	0.000000	19.884555	-3.152166	-9.482035	13.179886	3.183894	-12.042801	0.000000	-4.210492	1.108470	0.659230	56.085070	-16.227605	28.423542	38.433823	77.849826	53.446825	-8.238382	19.098301	39.611624	68.690395
4.116667	-6.347854	-0.660192	5.156978	0.823320	0.901335	-0.091183	20.329352	-3.959034	-5.749989	13.461086	-1.512984	-24.934995	0.000000	22.155658	-3.400675	-8.799542	15.393547	3.262061	-13.936305	0.000000	-3.746432	1.163488	0.728692	57.860444	-16.321566	29.333737	38.225154	77.715572	55.104331	-8.315145	20.164275	39.883423	68.590218
4.133333	-7.186542	-0.811796	5.073876	0.819862	0.898000	-0.090946	22.547496	-3.932648	-5.061388	15.411191	-1.556641	-26.810471	0.000000	24.490601	-3.657274	-8.141992	17.740338	3.318660	-15.835459	0.000000	-3.338195	1.236217	0.755945	59.606038	-16.324379	30.254718	37.963628	77.623885	56.719030	-8.415689	21.163561	40.055883	68.587566
4.150000	-8.026771	-0.956594	4.946253	0.816211	0.894085	-0.090830	24.870318	-3.907288	-4.392913	17.525660	-1.594111	-28.633235	0.000000	26.878475	-3.908892	-7.526168	20.185050	3.388396	-17.665690	0.000000	-2.985778	1.319086	0.751653	61.362209	-16.243484	31.195295	37.639016	77.562969	58.346017	-8.530176	22.118188	40.071494	68.680032
4.166667	-8.862508	-1.085811	4.776142	0.812383	0.889557	-0.090815	27.297549	-3.891224	-3.754407	19.809272	-1.592536	-30.329855	0.000000	29.310169	-4.145046	-6.957929	22.700125	3.500772	-19.367176	0.000000	-2.691058	1.402804	0.728080	63.155811	-16.096075	32.156797	37.262023	77.520584	60.030661	-8.645122	23.056173	39.894023	68.862730
4.183333	-9.673696	-1.193557	4.576313	0.808549	0.884564	-0.090863	29.800132	-3.889660	-3.157173	22.256843	-1.520903	-31.835676	0.000000	31.760185	-4.359740	-6.434856	25.265732	3.669993	-20.902823	0.000000	-2.468443	1.479200	0.691951	64.992955	-15.900290	33.145165	36.853976	77.481960	61.796661	-8.753434	24.018288	39.516040	69.129084
4.200000	-10.429875	-1.275814	4.362898	0.804870	0.879279	-0.090933	32.322730	-3.904748	-2.614554	24.846291	-1.347945	-33.091913	0.000000	34.186127	-4.552436	-5.957720	27.865123	3.903740	-22.248947	0.000000	-2.343468	1.540608	0.643309	66.861777	-15.665590	34.160179	36.436658	77.428397	63.648421	-8.857079	25.041410	38.955554	69.466650
4.216667	-11.106191	-1.329045	4.146989	0.801371	0.873788	-0.091000	34.809404	-3.937226	-2.136859	27.538713	-1.042291	-34.046257	0.000000	36.543383	-4.726692	-5.539002	30.474634	4.216452	-23.383458	0.000000	-2.338239	1.579125	0.580521	68.743152	-15.390668	35.178923	36.024956	77.340591	65.577139	-8.960543	26.134569	38.246970	69.852786
4.233333	-11.695351	-1.350241	3.933171	0.797989	0.868077	-0.091056	37.224830	-3.986831	-1.723220	30.285322	-0.589412	-34.678889	0.000000	38.798233	-4.887414	-5.198904	33.057359	4.631677	-24.286871	0.000000	-2.457241	1.587964	0.504352	70.621776	-15.069083	36.161016	35.621100	77.204384	67.564591	-9.064405	27.276235	37.431014	70.255542
4.250000	-12.207740	-1.337328	3.723128	0.794678	0.862129	-0.091098	39.556808	-4.051760	-1.357466	33.035575	-0.005549	-35.024554	0.000000	40.931324	-5.037842	-4.953917	35.566596	5.171617	-24.951678	0.000000	-2.683158	1.562193	0.418385	72.485912	-14.696899	37.068383	35.215236	77.013914	69.582384	-9.166149	28.432622	36.548869	70.640932
4.266667	-12.666778	-1.288618	3.520262	0.791438	0.855981	-0.091116	41.810941	-4.130557	-1.013436	35.744666	0.671265	-35.160619	0.000000	42.938918	-5.176181	-4.808136	37.956748	5.840056	-25.392648	0.000000	-2.978876	1.497605	0.326784	74.319194	-14.278364	37.880728	34.794165	76.770516	71.591146	-9.264911	29.577178	35.639923	70.982446
4.283333	-13.104577	-1.203216	3.334087	0.788292	0.849661	-0.091110	44.005417	-4.225934	-0.667285	38.379032	1.402140	-35.173449	0.000000	44.836277	-5.294034	-4.751807	40.195880	6.610295	-25.652012	0.000000	-3.293524	1.390706	0.230337	76.095972	-13.830261	38.590084	34.359517	76.483023	73.544823	-9.361744	30.681681	34.746042	71.263767
4.300000	-13.550983	-1.084427	3.181290	0.785258	0.843186	-0.091098	46.155165	-4.344621	-0.308971	40.911475	2.155480	-35.131947	0.000000	46.650442	-5.380143	-4.764511	42.271556	7.424931	-25.794497	0.000000	-3.580719	1.243210	0.125899	77.784649	-13.385208	39.176273	33.945462	76.172258	75.397029	-9.454130	31.683364	33.926589	71.472958
4.316667	-14.020263	-0.942742	3.079260	0.782329	0.836610	-0.091114	48.253946	-4.490854	0.055324	43.311738	2.904414	-35.079218	0.000000	48.404795	-5.428410	-4.820402	44.190070	8.213497	-25.889800	0.000000	-3.818383	1.066824	0.012811	79.360552	-12.985821	39.605780	33.604249	75.868233	77.109888	-9.533966	32.495701	33.256052	71.601747
4.333333	-14.511553	-0.792553	3.035832	0.779417	0.830025	-0.091166	50.281876	-4.661077	0.412402	45.551187	3.632100	-35.036086	0.000000	50.116280	-5.441974	-4.894754	45.974603	8.922791	-25.990226	0.000000	-4.007398	0.879781	-0.101815	80.820090	-12.666066	39.867194	33.363812	75.595472	78.665042	-9.593959	33.073013	32.787767	71.653423
4.350000	-15.020840	-0.644384	3.045116	0.776400	0.823507	-0.091233	52.229346	-4.847223	0.752517	47.617208	4.335870	-35.008558	0.000000	51.801587	-5.429072	-4.970152	47.657146	9.534062	-26.116301	0.000000	-4.154286	0.696635	-0.207410	82.178932	-12.434148	39.990832	33.207661	75.361180	80.066180	-9.633286	33.441548	32.523400	71.643055
4.366667	-15.543459	-0.501313	3.092017	0.773270	0.817120	-0.091285	54.098009	-5.043620	1.068797	49.515890	5.013896	-34.994899	0.000000	53.468354	-5.398209	-5.039855	49.262216	10.057058	-26.254175	0.000000	-4.266413	0.523035	-0.298981	83.458764	-12.271024	40.029177	33.090973	75.156265	81.333632	-9.655700	33.667820	32.415834	71.587770
4.383333	-16.060909	-0.361659	3.159255	0.770185	0.810945	-0.091305	55.874617	-5.249289	1.350923	51.260597	5.650176	-34.990644	0.000000	55.093321	-5.357866	-5.106566	50.795972	10.515782	-26.368198	0.000000	-4.369412	0.359494	-0.380704	84.681174	-12.142815	40.026163	32.967782	74.966083	82.501157	-9.664867	33.811704	32.393686	71.500293
4.400000	-16.538782	-0.221189	3.231889	0.767308	0.805079	-0.091285	57.524364	-5.466051	1.587797	52.864078	6.222549	-34.991395	0.000000	56.624648	-5.316102	-5.178970	52.250668	10.938234	-26.423728	0.000000	-4.510695	0.203941	-0.461138	85.866359	-12.014928	40.003056	32.804086	74.779817	83.611156	-9.661220	33.903706	32.383587	71.387848
4.416667	-16.948880	-0.073245	3.298761	0.764646	0.799556	-0.091208	59.023830	-5.695970	1.776726	54.344014	6.722944	-34.993957	0.000000	58.020486	-5.278532	-5.267972	53.619090	11.351658	-26.402301	0.000000	-4.730405	0.049411	-0.545279	87.031858	-11.858772	39.968957	32.569511	74.588964	84.706288	-9.640630	33.958022	32.316249	71.251049
4.433333	-17.285472	0.087607	3.351727	0.762064	0.794270	-0.091056	60.388293	-5.937963	1.924312	55.729918	7.158733	-34.996488	0.000000	59.280486	-5.249161	-5.379644	54.907222	11.775270	-26.306082	0.000000	-5.042854	-0.112552	-0.629194	88.200140	-11.656084	39.936253	32.234825	74.382551	85.827884	-9.595517	33.995296	32.132411	71.084122
4.450000	-17.559137	0.259917	3.384081	0.759417	0.789031	-0.090830	61.659610	-6.184130	2.039578	57.054692	7.538037	-34.998185	0.000000	60.439371	-5.233229	-5.507931	56.135483	12.207978	-26.159401	0.000000	-5.448127	-0.282762	-0.699506	89.405899	-11.406259	39.923687	31.788914	74.149146	87.017762	-9.518073	34.048716	31.797501	70.878530
4.466667	-17.786018	0.435038	3.389488	0.756643	0.783724	-0.090554	62.877719	-6.419266	2.130362	58.337436	7.865106	-34.998851	0.000000	61.542828	-5.237464	-5.635478	57.330711	12.626240	-26.004333	0.000000	-5.942012	-0.451972	-0.739514	90.685141	-11.127673	39.956142	31.248595	73.879649	88.311286	-9.404649	34.162241	31.305310	70.624757
4.483333	-17.982164	0.601311	3.362182	0.753771	0.778319	-0.090259	64.066738	-6.624688	2.204042	59.580467	8.147823	-34.998571	0.000000	62.631086	-5.268757	-5.741575	58.520991	12.999635	-25.887283	0.000000	-6.513081	-0.606913	-0.741320	92.055716	-10.847484	40.067670	30.649774	73.564463	89.728903	-9.258834	34.392437	30.664222	70.308918
4.500000	-18.159880	0.748430	3.299505	0.750883	0.772803	-0.089959	65.237434	-6.784404	2.268428	60.782687	8.405225	-34.997629	0.000000	63.731032	-5.332849	-5.811159	59.733490	13.313332	-25.839792	0.000000	-7.140990	-0.738610	-0.715418	93.509164	-10.588076	40.300176	30.030107	73.187789	91.277741	-9.089129	34.810410	29.877652	69.907317
4.516667	-18.327074	0.870939	3.204385	0.748069	0.767170	-0.089649	66.393296	-6.890704	2.330968	61.949152	8.667344	-34.996600	0.000000	64.852006	-5.432112	-5.841072	60.985887	13.582109	-25.862083	0.000000	-7.799654	-0.847351	-0.686773	95.013733	-10.361727	40.685819	29.424205	72.729267	92.951470	-8.906320	35.487317	28.947298	69.389898
4.533333	-18.488871	0.969073	3.084089	0.745407	0.761459	-0.089331	67.531285	-6.946448	2.395361	63.086369	8.961958	-34.996482	0.000000	65.985698	-5.564175	-5.839808	62.274880	13.843016	-25.923744	0.000000	-8.463151	-0.939793	-0.678171	96.521914	-10.177138	41.222926	28.880374	72.174841	94.720947	-8.725523	36.468843	27.903507	68.733813
4.550000	-18.648056	1.048110	2.946919	0.742945	0.755752	-0.089023	68.640674	-6.964093	2.460373	64.193622	9.296526	-34.998794	0.000000	67.110792	-5.721875	-5.822460	63.573690	14.133299	-25.980701	0.000000	-9.112999	-1.024337	-0.693944	97.989548	-10.044347	41.889066	28.447275	71.512779	96.542593	-8.559024	37.790719	26.788489	67.919322
4.566667	-18.805568	1.118017	2.799373	0.740674	0.750137	-0.088740	69.710411	-6.961472	2.523781	65.264848	9.651654	-35.005462	0.000000	68.204270	-5.894688	-5.805634	64.844396	14.472160	-25.995815	0.000000	-9.742513	-1.111066	-0.716612	99.399269	-9.969893	42.675208	28.126985	70.722641	98.384398	-8.403190	39.502709	25.602482	66.919402
4.583333	-18.964875	1.190740	2.645238	0.738544	0.744643	-0.088463	70.742619	-6.955234	2.585232	66.299259	9.990174	-35.018237	0.000000	69.256578	-6.072303	-5.802402	66.057246	14.851522	-25.957924	0.000000	-10.352248	-1.209656	-0.720450	100.756303	-9.950987	43.552696	27.882937	69.813943	100.216455	-8.250125	41.565352	24.349290	65.751128
4.600000	-19.136219	1.275080	2.487133	0.736537	0.739223	-0.088145	71.756556	-6.955913	2.645285	67.307198	10.275941	-35.037373	0.000000	70.276795	-6.248026	-5.817586	67.201539	15.238914	-25.889512	0.000000	-10.939464	-1.322890	-0.690807	102.059870	-9.972644	44.402600	27.697810	68.887369	101.971445	-8.114352	43.697057	23.143711	64.551225
4.616667	-19.330389	1.372807	2.326271	0.734695	0.733801	-0.087755	72.775949	-6.965614	2.703544	68.307125	10.494057	-35.059342	0.000000	71.279477	-6.422546	-5.847840	68.285884	15.600323	-25.830223	0.000000	-11.496309	-1.445508	-0.629548	103.294728	-10.011251	45.057991	27.583208	68.097921	103.556914	-8.027451	45.472359	22.177516	63.520491
4.633333	-19.547082	1.478697	2.161295	0.733113	0.728316	-0.087304	73.812411	-6.980463	2.756431	69.318747	10.660368	-35.073779	0.000000	72.267546	-6.604989	-5.886490	69.333358	15.927707	-25.808173	0.000000	-12.017687	-1.570041	-0.546200	104.451324	-10.045994	45.443756	27.535608	67.532247	104.918886	-8.005238	46.628845	21.563846	62.754110
4.650000	-19.773930	1.583671	1.992056	0.731872	0.722744	-0.086834	74.861808	-6.998684	2.795489	70.355409	10.813236	-35.060505	0.000000	73.232105	-6.804984	-5.926171	70.372087	16.241909	-25.825464	0.000000	-12.505386	-1.689436	-0.451138	105.541122	-10.065319	45.635469	27.513312	67.151146	106.068292	-8.035993	47.194802	21.276084	62.158136
4.666667	-19.994408	1.677269	1.823806	0.730928	0.717087	-0.086376	75.911478	-7.024126	2.809064	71.418968	10.998220	-34.988733	0.000000	74.165817	-7.024842	-5.957267	71.425151	16.572674	-25.861733	0.000000	-12.968021	-1.794668	-0.354236	106.594787	-10.062859	45.803908	27.451644	66.829666	107.055948	-8.095716	47.370386	21.212847	61.499841
4.683333	-20.192525	1.748310	1.665748	0.730115	0.711387	-0.085923	76.945424	-7.061050	2.785768	72.501043	11.258007	-34.822075	0.000000	75.070397	-7.262128	-5.967631	72.505781	16.940216	-25.883308	0.000000	-13.421895	-1.874280	-0.263614	107.652478	-10.032896	46.141077	27.284106	66.414988	107.945061	-8.162403	47.390512	21.264809	60.494846
4.700000	-20.354566	1.786943	1.527077	0.729246	0.705685	-0.085426	77.948249	-7.109739	2.716757	73.590318	11.622989	-34.533739	0.000000	75.955393	-7.515651	-5.946235	73.618953	17.350940	-25.852917	0.000000	-13.889316	-1.918588	-0.185114	108.750894	-9.971631	46.794390	26.962695	65.777185	108.798780	-8.220145	47.455627	21.339102	58.908996
4.716667	-20.474064	1.789060	1.414523	0.728185	0.699951	-0.084824	78.915133	-7.167247	2.599171	74.681212	12.091603	-34.134456	0.000000	76.838366	-7.785863	-5.887768	74.766587	17.803724	-25.739642	0.000000	-14.390996	-1.926765	-0.124853	109.906786	-9.882252	47.780312	26.490283	64.875366	109.678165	-8.257849	47.693686	21.361242	56.716112
4.733333	-20.557812	1.758861	1.331932	0.726894	0.694088	-0.084089	79.858398	-7.229440	2.440610	75.775517	12.614721	-33.690647	0.000000	77.743958	-8.070728	-5.794764	75.948467	18.294665	-25.527951	0.000000	-14.935890	-1.911049	-0.092980	111.102796	-9.778933	48.926114	25.944511	63.807972	110.640522	-8.266165	48.148151	21.269026	54.220108
4.750000	-20.624069	1.706389	1.279290	0.725451	0.688047	-0.083257	80.797661	-7.292507	2.257542	76.874851	13.122125	-33.289914	0.000000	78.692711	-8.363421	-5.676005	77.156393	18.812504	-25.227493	0.000000	-15.516585	-1.891386	-0.101643	112.297986	-9.682722	49.972726	25.439201	62.752161	111.729091	-8.235958	48.825866	21.007594	51.898132
4.766667	-20.692916	1.642208	1.251830	0.724014	0.681873	-0.082424	81.745142	-7.355598	2.066963	77.975081	13.575377	-32.976554	0.000000	79.688845	-8.653720	-5.541828	78.372785	19.333350	-24.877879	0.000000	-16.114114	-1.883621	-0.157960	113.460509	-9.610470	50.781243	25.045841	61.823058	112.961475	-8.160353	49.771512	20.532371	50.045669
4.783333	-20.779035	1.572170	1.244816	0.722711	0.675636	-0.081673	82.703960	-7.424262	1.878896	79.068294	13.980978	-32.734910	0.000000	80.723408	-8.928854	-5.398545	79.578959	19.830127	-24.530160	0.000000	-16.707557	-1.890464	-0.261530	114.583302	-9.568553	51.392530	24.768461	61.020035	114.327556	-8.038433	51.062089	19.822541	48.645898
4.800000	-20.892304	1.493941	1.260324	0.721594	0.669375	-0.081028	83.674725	-7.509258	1.694132	80.144866	14.358890	-32.529002	0.000000	81.787052	-9.174363	-5.244775	80.762071	20.287016	-24.217678	0.000000	-17.278929	-1.898530	-0.405820	115.669663	-9.555177	51.902145	24.583510	60.299127	115.784857	-7.881977	52.682668	18.918890	47.542587
4.816667	-21.041984	1.398226	1.307052	0.720707	0.663121	-0.080467	84.658860	-7.620537	1.507440	81.194651	14.715814	-32.341317	0.000000	82.876991	-9.377151	-5.071761	81.914840	20.698080	-23.952124	0.000000	-17.809758	-1.882212	-0.579121	116.712751	-9.565262	52.336290	24.481499	59.659641	117.249266	-7.722672	54.404364	17.963977	46.635929
4.833333	-21.235955	1.274973	1.396073	0.720117	0.656894	-0.079981	85.656954	-7.766289	1.313318	82.213808	15.048456	-32.171913	0.000000	83.994067	-9.526548	-4.868473	83.034035	21.062402	-23.733123	0.000000	-18.280667	-1.814756	-0.769110	117.694159	-9.594719	52.650952	24.470504	59.147616	118.619748	-7.600083	55.874114	17.148697	45.918499
4.850000	-21.474080	1.120949	1.537019	0.719870	0.650693	-0.079602	86.665390	-7.957271	1.111508	83.212733	15.361716	-32.013949	0.000000	85.133569	-9.613232	-4.630076	84.119998	21.389288	-23.547541	0.000000	-18.679201	-1.681984	-0.968483	118.598917	-9.643232	52.811773	24.552209	58.793372	119.832452	-7.533341	56.865506	16.583445	45.394146
4.866667	-21.745771	0.943595	1.733277	0.719940	0.644480	-0.079378	87.677653	-8.206057	0.910009	84.214609	15.674846	-31.846485	0.000000	86.281074	-9.631293	-4.363095	85.176949	21.700396	-23.371068	0.000000	-19.003626	-1.489312	-1.173072	119.423656	-9.714072	52.834560	24.710093	58.580521	120.880197	-7.511732	57.381034	16.252653	45.028079
4.883333	-22.035625	0.756551	1.980059	0.720245	0.638173	-0.079322	88.690824	-8.521449	0.720219	85.245918	16.017729	-31.643303	0.000000	87.421345	-9.582558	-4.081276	86.215062	22.023422	-23.174733	0.000000	-19.257254	-1.255216	-1.374605	120.173290	-9.813256	52.762208	24.920304	58.468094	121.785513	-7.509243	57.552299	16.075149	44.762763
4.900000	-22.329565	0.571830	2.267275	0.720687	0.631694	-0.079375	89.707219	-8.902872	0.549422	86.326909	16.427107	-31.379048	0.000000	88.548123	-9.478727	-3.798225	87.249780	22.382599	-22.929877	0.000000	-19.442474	-0.999907	-1.554423	120.856321	-9.951591	52.637328	25.162014	58.415349	122.567480	-7.498015	57.526004	15.969873	44.536704
4.916667	-22.614964	0.398964	2.581006	0.721190	0.625053	-0.079436	90.727268	-9.334990	0.403342	87.466504	16.930860	-31.042363	0.000000	89.659201	-9.340729	-3.526365	88.295691	22.787652	-22.621460	0.000000	-19.562883	-0.743714	-1.680487	121.482591	-10.145669	52.492504	25.414335	58.392500	123.225169	-7.452879	57.408535	15.892601	44.293920
4.933333	-22.877581	0.248329	2.902890	0.721729	0.618338	-0.079421	91.744720	-9.787449	0.293081	88.662908	17.525043	-30.652237	0.000000	90.746016	-9.195183	-3.278126	89.362512	23.227998	-22.262910	0.000000	-19.630265	-0.509908	-1.713297	122.065171	-10.410459	52.350667	25.648463	58.384404	123.742405	-7.356649	57.246579	15.849278	43.992786
4.950000	-23.102695	0.129410	3.211917	0.722302	0.611624	-0.079308	92.752263	-10.224215	0.232668	89.907700	18.171246	-30.250146	0.000000	91.794839	-9.067203	-3.061764	90.456508	23.679654	-21.889397	0.000000	-19.666636	-0.318572	-1.625425	122.623718	-10.742587	52.231992	25.827947	58.389309	124.108947	-7.212139	57.029847	15.883119	43.606405
4.966667	-23.279021	0.046328	3.488841	0.722898	0.604941	-0.079137	93.747299	-10.616074	0.230416	91.189139	18.819080	-29.872889	0.000000	92.793121	-8.973736	-2.877284	91.579941	24.118521	-21.535705	0.000000	-19.700664	-0.176617	-1.421081	123.184395	-11.105443	52.162240	25.913968	58.414590	124.339132	-7.049296	56.708229	16.047326	43.115441
4.983333	-23.399051	-0.002507	3.721144	0.723493	0.598310	-0.078962	94.728096	-10.948293	0.284644	92.493022	19.432323	-29.536149	0.000000	93.730458	-8.921454	-2.719190	92.728250	24.529067	-21.223451	0.000000	-19.764584	-0.076060	-1.134530	123.778690	-11.432751	52.175391	25.865972	58.471186	124.472614	-6.911556	56.217272	16.380130	42.501523
5.000000	-23.457659	-0.021004	3.905714	0.724054	0.591756	-0.078799	95.688211	-11.221896	0.385365	93.803807	19.997804	-29.236128	0.000000	94.600400	-8.908402	-2.581156	93.892517	24.904871	-20.961902	0.000000	-19.890724	-0.001401	-0.810333	124.441672	-11.652673	52.306281	25.643396	58.566781	124.563147	-6.829573	55.512724	16.883375	41.753081
5.016667	-23.454245	-0.012174	4.045097	0.724527	0.585254	-0.078634	96.619483	-11.447424	0.518512	95.106130	20.510947	-28.963239	0.000000	95.407663	-8.929506	-2.457699	95.065494	25.243233	-20.753193	0.000000	-20.103024	0.057734	-0.483547	125.202297	-11.719893	52.571071	25.222252	58.696677	124.670417	-6.800510	54.622192	17.500933	40.900022
5.033333	-23.396291	0.022060	4.139879	0.724790	0.578719	-0.078439	97.521310	-11.633747	0.670201	96.383534	20.958374	-28.716917	0.000000	96.174486	-8.982428	-2.343730	96.243578	25.539616	-20.596114	0.000000	-20.409142	0.097408	-0.171034	126.072713	-11.634782	52.953446	24.614715	58.837587	124.858881	-6.783575	53.683260	18.110247	40.048623
5.050000	-23.298126	0.077875	4.186889	0.724664	0.572065	-0.078210	98.403727	-11.782469	0.829203	97.616900	21.325072	-28.503239	0.000000	96.936330	-9.066101	-2.233048	97.423009	25.784517	-20.487410	0.000000	-20.802772	0.106927	0.123517	127.055369	-11.427532	53.436176	23.853059	58.956766	125.189300	-6.724341	52.893570	18.561185	39.340834
5.066667	-23.176219	0.148050	4.183876	0.724041	0.565306	-0.077988	99.277712	-11.890752	0.988293	98.785097	21.613249	-28.321305	0.000000	97.724715	-9.174943	-2.118203	98.593245	25.964363	-20.421992	0.000000	-21.270145	0.084992	0.401708	128.155646	-11.125046	54.055729	22.951450	59.030808	125.694924	-6.592987	52.399073	18.751488	38.858240
5.083333	-23.046871	0.225778	4.131549	0.722988	0.558586	-0.077825	100.144776	-11.953531	1.146265	99.866761	21.837944	-28.165090	0.000000	98.550689	-9.299733	-1.994217	99.733860	26.067610	-20.393077	0.000000	-21.790438	0.039394	0.672207	129.372733	-10.747358	54.893251	21.912331	59.050426	126.363715	-6.394547	52.246083	18.672799	38.587997
5.100000	-22.924721	0.309316	4.031759	0.721654	0.552079	-0.077742	100.998310	-11.963078	1.308041	100.844772	22.005721	-28.037448	0.000000	99.402548	-9.434178	-1.862496	100.820156	26.089618	-20.393192	0.000000	-22.336318	-0.027293	0.955274	130.683737	-10.328861	56.005762	20.766889	59.010481	127.145010	-6.149320	52.413558	18.400680	38.466619
5.116667	-22.817405	0.400510	3.888857	0.720149	0.545917	-0.077707	101.827647	-11.912665	1.479380	101.712162	22.109909	-27.950216	0.000000	100.253069	-9.576463	-1.729385	101.831398	26.032006	-20.416035	0.000000	-22.883618	-0.121033	1.276793	132.050777	-9.918041	57.391282	19.571019	58.905249	127.972495	-5.874753	52.848810	18.044690	38.425659
5.133333	-22.722204	0.498694	3.714721	0.718569	0.540194	-0.077668	102.615948	-11.804719	1.659687	102.474381	22.145954	-27.911236	0.000000	101.067358	-9.724884	-1.601374	102.753478	25.901745	-20.456848	0.000000	-23.418604	-0.245991	1.652706	133.428898	-9.559013	58.973097	18.381193	58.736209	128.781264	-5.581245	53.468141	17.699474	38.412064
5.150000	-22.631966	0.596936	3.530870	0.717083	0.535004	-0.077585	103.340819	-11.655899	1.840020	103.145981	22.123163	-27.917220	0.000000	101.811957	-9.874685	-1.482534	103.577565	25.713518	-20.509903	0.000000	-23.929669	-0.396748	2.074545	134.748398	-9.287629	60.557061	17.279860	58.522190	129.508573	-5.277512	54.140605	17.437819	38.395065
5.166667	-22.542697	0.683318	3.365617	0.715876	0.530436	-0.077443	103.980227	-11.495256	2.007766	103.743367	22.061594	-27.956342	0.000000	102.462583	-10.017480	-1.375515	104.297254	25.490908	-20.564720	0.000000	-24.398540	-0.557335	2.506296	135.915171	-9.126446	61.885227	16.376467	58.296725	130.099401	-4.976403	54.719429	17.310130	38.364773
5.183333	-22.455325	0.744698	3.248864	0.715023	0.526566	-0.077254	104.517810	-11.358284	2.152432	104.277147	21.983092	-28.014061	0.000000	103.007220	-10.140437	-1.283331	104.905129	25.262856	-20.604734	0.000000	-24.805930	-0.703326	2.896614	136.854787	-9.067060	62.801939	15.736469	58.092740	130.527763	-4.693704	55.117991	17.320762	38.324851
5.200000	-22.374998	0.770028	3.205992	0.714463	0.523434	-0.077062	104.946355	-11.279551	2.267575	104.748686	21.903310	-28.077850	0.000000	103.446135	-10.225915	-1.208320	105.391796	25.055918	-20.612456	0.000000	-25.141019	-0.807832	3.203080	137.548772	-9.074329	63.321753	15.343003	57.929685	130.806665	-4.440047	55.337081	17.428596	38.283749
5.216667	-22.309726	0.752576	3.252439	0.714134	0.521060	-0.076926	105.266364	-11.285529	2.349260	105.152586	21.826734	-28.139896	0.000000	103.786283	-10.255211	-1.149871	105.747757	24.886331	-20.577767	0.000000	-25.401889	-0.849598	3.414420	138.028573	-9.114498	63.556079	15.127725	57.810342	130.969905	-4.213061	55.427421	17.581640	38.248066
5.233333	-22.267452	0.690609	3.391167	0.714068	0.519476	-0.076904	105.480142	-11.390412	2.393958	105.480716	21.748175	-28.198021	0.000000	104.032671	-10.214736	-1.105319	105.967064	24.759564	-20.501252	0.000000	-25.587724	-0.816935	3.550600	138.343362	-9.171227	63.632479	15.012276	57.725355	131.045170	-3.998690	55.448244	17.741374	38.219909
5.250000	-22.254568	0.586019	3.612971	0.714325	0.518711	-0.077052	105.589378	-11.595089	2.397826	105.723215	21.658782	-28.254875	0.000000	104.186720	-10.099617	-1.072999	106.050946	24.677041	-20.392892	0.000000	-25.692076	-0.707015	3.642686	138.531822	-9.241301	63.656176	14.934514	57.661219	131.044602	-3.779149	55.446454	17.883926	38.197768
5.266667	-22.279090	0.443511	3.896945	0.714927	0.518789	-0.077414	105.598032	-11.885152	2.357905	105.866711	21.551941	-28.316262	0.000000	104.250895	-9.916112	-1.054302	106.006108	24.640945	-20.270728	0.000000	-25.702354	-0.525982	3.712984	138.613938	-9.324008	63.697787	14.860686	57.606483	130.974700	-3.541076	55.449756	17.992445	38.178374
5.283333	-22.353823	0.271897	4.211830	0.715859	0.519727	-0.078007	105.514918	-12.230211	2.275098	105.893464	21.426360	-28.389307	0.000000	104.230234	-9.682303	-1.053848	105.837953	24.653097	-20.157708	0.000000	-25.602773	-0.289875	3.765792	138.593964	-9.412299	63.795381	14.787029	57.554451	130.845413	-3.282827	55.468317	18.050308	38.158256
5.300000	-22.494273	0.084170	4.523114	0.717089	0.521527	-0.078824	105.353791	-12.591755	2.157005	105.784717	21.284833	-28.481210	0.000000	104.130626	-9.421459	-1.077631	105.546397	24.710953	-20.074941	0.000000	-25.378212	-0.021603	3.789228	138.466358	-9.490916	63.962919	14.731615	57.502449	130.668180	-3.015177	55.501163	18.040908	38.134639
5.316667	-22.713286	-0.105527	4.804316	0.718554	0.524160	-0.079831	105.131319	-12.936284	2.017139	105.526642	21.130278	-28.598579	0.000000	103.958798	-9.151718	-1.129944	105.127303	24.805502	-20.036192	0.000000	-25.018553	0.255198	3.764003	138.224501	-9.542213	64.199430	14.717850	57.448690	130.450777	-2.752915	55.543376	17.953396	38.105533
5.333333	-23.013887	-0.284662	5.043772	0.720179	0.527575	-0.080963	104.860346	-13.243008	1.870668	105.115333	20.962787	-28.744326	0.000000	103.720072	-8.882221	-1.212166	104.576508	24.922152	-20.047684	0.000000	-24.525138	0.520564	3.672517	137.869166	-9.553148	64.492135	14.758324	57.390050	130.196737	-2.508283	55.590979	17.789396	38.069797
5.350000	-23.382985	-0.442226	5.242957	0.721937	0.531746	-0.082141	104.540767	-13.502904	1.730709	104.558649	20.780005	-28.913326	0.000000	103.411142	-8.617579	-1.325799	103.893529	25.042444	-20.111523	0.000000	-23.916738	0.759095	3.505143	137.412482	-9.518198	64.813293	14.848243	57.321794	129.909237	-2.293487	55.642549	17.566601	38.027394
5.366667	-23.793968	-0.569113	5.411767	0.723846	0.536662	-0.083314	104.159992	-13.716188	1.606350	103.873331	20.578632	-29.095231	0.000000	103.018652	-8.360199	-1.475008	103.084355	25.146352	-20.228413	0.000000	-23.224623	0.960913	3.262296	136.873440	-9.439580	65.123103	14.972349	57.235984	129.592902	-2.122608	55.698566	17.312976	37.977993
5.383333	-24.215403	-0.660865	5.564531	0.725868	0.542268	-0.084459	103.703014	-13.890615	1.500770	103.079086	20.356902	-29.280516	0.000000	102.526921	-8.106377	-1.662477	102.162682	25.214932	-20.396959	0.000000	-22.483645	1.124017	2.954961	136.274406	-9.327532	65.378410	15.117782	57.119164	129.254760	-2.006572	55.759568	17.057223	37.918637
5.400000	-24.615370	-0.719117	5.715491	0.727901	0.548467	-0.085544	103.156035	-14.036971	1.409300	102.193604	20.119940	-29.459355	0.000000	101.922790	-7.846709	-1.883028	101.146293	25.231167	-20.612515	0.000000	-21.732388	1.254019	2.604311	135.642574	-9.200375	65.531065	15.284194	56.952871	128.906129	-1.950929	55.823508	16.829875	37.843281
5.416667	-24.966965	-0.750329	5.876290	0.729933	0.555217	-0.086502	102.503078	-14.165554	1.319779	101.228830	19.881083	-29.622296	0.000000	101.197058	-7.572687	-2.123494	100.048342	25.180315	-20.868875	0.000000	-21.004613	1.360072	2.233894	134.994377	-9.084141	65.519627	15.495604	56.713578	128.551255	-1.960100	55.882804	16.669049	37.742685
5.433333	-25.259186	-0.763312	6.053380	0.732092	0.562546	-0.087280	101.727778	-14.283853	1.216434	100.187114	19.657309	-29.764132	0.000000	100.349284	-7.282428	-2.368169	98.871855	25.054525	-21.158042	0.000000	-20.308069	1.449337	1.862066	134.311082	-9.011632	65.270538	15.810075	56.373666	128.169211	-2.038447	55.921885	16.619534	37.604609
5.450000	-25.498825	-0.766794	6.240512	0.734474	0.570476	-0.087890	100.819648	-14.390809	1.083759	99.060808	19.468452	-29.877355	0.000000	99.390242	-6.983776	-2.602572	97.614035	24.857623	-21.468515	0.000000	-19.622301	1.523345	1.503666	133.542836	-9.015877	64.714310	16.307503	55.913700	127.719745	-2.185582	55.918440	16.723444	37.418975
5.466667	-25.698320	-0.767565	6.413949	0.737032	0.578965	-0.088400	99.777715	-14.473641	0.908844	97.837980	19.337948	-29.942963	0.000000	98.335641	-6.693392	-2.814031	96.274454	24.599298	-21.791721	0.000000	-18.921405	1.578956	1.169950	132.640027	-9.111908	63.823104	17.045613	55.347265	127.174464	-2.392629	55.854596	16.994406	37.189032
5.483333	-25.861975	-0.768318	6.538703	0.739630	0.587929	-0.088908	98.608083	-14.512933	0.685942	96.509368	19.282575	-29.934868	0.000000	97.194163	-6.431276	-2.994299	94.857739	24.285637	-22.129127	0.000000	-18.195654	1.612428	0.866197	131.582376	-9.279531	62.650988	18.009518	54.739019	126.539150	-2.642168	55.734287	17.389407	36.940299
5.500000	-25.981302	-0.765913	6.582551	0.742175	0.597284	-0.089505	97.319257	-14.491183	0.422973	95.073257	19.290147	-29.844142	0.000000	95.960398	-6.213559	-3.143745	93.371124	23.925274	-22.481872	0.000000	-17.454931	1.622734	0.594714	130.384985	-9.470405	61.322412	19.107406	54.183962	125.843578	-2.914298	55.589351	17.821965	36.713045
5.516667	-26.040012	-0.752302	6.529107	0.744645	0.606930	-0.090226	95.922623	-14.398235	0.143364	93.539663	19.307176	-29.705447	0.000000	94.620509	-6.046506	-3.270612	91.823043	23.543196	-22.833780	0.000000	-16.718670	1.611560	0.356324	129.083707	-9.633924	59.966514	20.220348	53.757690	125.116299	-3.197049	55.467221	18.212005	36.541338
5.533333	-26.023855	-0.718422	6.383666	0.747041	0.616743	-0.091008	94.435241	-14.233353	-0.121932	91.931207	19.265101	-29.584595	0.000000	93.165798	-5.924414	-3.384399	90.223292	23.172505	-23.158571	0.000000	-16.003443	1.580109	0.146892	127.714608	-9.741085	58.647543	21.265818	53.487801	124.369990	-3.488760	55.409073	18.523033	36.439607
5.550000	-25.929939	-0.659133	6.171427	0.749375	0.626596	-0.091710	92.878898	-14.006459	-0.348597	90.277535	19.127044	-29.533547	0.000000	91.604986	-5.832869	-3.490104	88.582862	22.829045	-23.443709	0.000000	-15.313530	1.526548	-0.043476	126.302088	-9.796289	57.342023	22.228997	53.359729	123.600049	-3.788512	55.430594	18.764469	36.402796
5.566667	-25.769182	-0.576388	5.928934	0.751650	0.636383	-0.092212	91.277708	-13.736521	-0.528801	88.606561	18.904053	-29.562216	0.000000	89.967958	-5.755271	-3.588098	86.913896	22.507216	-23.690897	0.000000	-14.639549	1.449536	-0.222740	124.873356	-9.825551	56.022119	23.116429	53.338131	122.792289	-4.082820	55.516769	18.958032	36.412379
5.583333	-25.560653	-0.478941	5.691865	0.753820	0.646044	-0.092487	89.655348	-13.446071	-0.671124	86.936658	18.633822	-29.642996	0.000000	88.297164	-5.677554	-3.676870	85.228115	22.197251	-23.899225	0.000000	-13.966481	1.355366	-0.387477	123.481628	-9.850765	54.779912	23.879126	53.388446	121.933913	-4.340111	55.631823	19.097294	36.444029
5.600000	-25.323266	-0.378238	5.485840	0.755815	0.655579	-0.092606	88.029677	-13.156033	-0.793270	85.271902	18.348025	-29.739541	0.000000	86.632198	-5.588893	-3.755254	83.534177	21.886133	-24.071818	0.000000	-13.284560	1.257513	-0.524807	122.191058	-9.883915	53.798804	24.429301	53.486868	121.022040	-4.523234	55.736968	19.156033	36.475839
5.616667	-25.070184	-0.283224	5.324087	0.757616	0.665030	-0.092655	86.408377	-12.883592	-0.913369	83.602868	18.047707	-29.838081	0.000000	84.996976	-5.480993	-3.823719	81.835899	21.543349	-24.235083	0.000000	-12.593847	1.168179	-0.623878	121.031532	-9.940871	53.190958	24.735212	53.619803	120.066681	-4.612439	55.807488	19.132125	36.494904
5.633333	-24.808212	-0.198454	5.211019	0.759311	0.674453	-0.092683	84.789361	-12.642043	-1.044894	81.913350	17.703891	-29.950461	0.000000	83.393840	-5.348179	-3.884320	80.129798	21.127142	-24.427850	0.000000	-11.897865	1.093615	-0.684593	119.975922	-10.044760	52.926256	24.858648	53.780390	119.081726	-4.617848	55.840795	19.060607	36.498747
5.650000	-24.540431	-0.125151	5.146846	0.761103	0.683907	-0.092696	83.163180	-12.440156	-1.195677	80.189508	17.283467	-30.092454	0.000000	81.805778	-5.188233	-3.939646	78.404934	20.613705	-24.665227	0.000000	-11.192634	1.035097	-0.720131	118.952001	-10.213939	52.895042	24.910545	53.962621	118.067558	-4.575014	55.856528	18.991326	36.492507
5.666667	-24.268304	-0.062378	5.128715	0.763230	0.693430	-0.092687	81.516948	-12.280763	-1.368629	78.428571	16.774749	-30.267971	0.000000	80.206360	-5.003040	-3.991313	76.650553	20.017309	-24.920238	0.000000	-10.462760	0.989557	-0.753775	117.868410	-10.451580	52.978679	24.999296	54.155063	117.002946	-4.531844	55.890336	18.970956	36.485406
5.683333	-23.990857	-0.007597	5.149587	0.765844	0.702991	-0.092649	79.841227	-12.160435	-1.562586	76.643543	16.188103	-30.475985	0.000000	78.571696	-4.797789	-4.038236	74.865008	19.377413	-25.148088	0.000000	-9.690097	0.949686	-0.804945	116.645260	-10.748938	53.078012	25.203913	54.342922	115.852153	-4.531045	55.973880	19.041546	36.486711
5.700000	-23.703232	0.043234	5.197358	0.768935	0.712526	-0.092578	78.132772	-12.069759	-1.772764	74.855970	15.541077	-30.719842	0.000000	76.885942	-4.579893	-4.078144	73.052761	18.729252	-25.322420	0.000000	-8.865367	0.905683	-0.870296	115.236777	-11.096514	53.121717	25.556178	54.516185	114.571466	-4.592893	56.106554	19.241874	36.501769
5.716667	-23.398194	0.095354	5.255642	0.772377	0.722051	-0.092481	76.388300	-11.993240	-1.990974	73.077496	14.850970	-30.998159	0.000000	75.138619	-4.358593	-4.112558	71.209799	18.089699	-25.440877	0.000000	-7.991129	0.848208	-0.920780	113.631107	-11.488117	53.066085	26.033469	54.672423	113.108810	-4.711682	56.238317	19.607070	36.531912
5.733333	-23.068897	0.153916	5.308462	0.775997	0.731695	-0.092355	74.598414	-11.911240	-2.206102	71.296308	14.123969	-31.305300	0.000000	73.320295	-4.141813	-4.146907	69.312395	17.451877	-25.520012	0.000000	-7.081796	0.770713	-0.921402	111.834014	-11.921633	52.874131	26.597629	54.817929	111.412679	-4.871213	56.269741	20.183279	36.580977
5.750000	-22.709548	0.222218	5.348074	0.779638	0.741586	-0.092174	72.748738	-11.806779	-2.407062	69.481140	13.339198	-31.649129	0.000000	71.421836	-3.930569	-4.183897	67.320860	16.780909	-25.598811	0.000000	-6.164255	0.670350	-0.855437	109.853822	-12.402322	52.488208	27.251958	54.972116	109.451807	-5.060896	56.068068	21.039347	36.664317
5.766667	-22.314760	0.300878	5.380131	0.783225	0.751754	-0.091895	70.823800	-11.674967	-2.589399	67.597748	12.464753	-32.041267	0.000000	69.435288	-3.717279	-4.219508	65.195987	16.034386	-25.719035	0.000000	-5.269749	0.548077	-0.732748	107.699923	-12.934654	51.847944	28.023309	55.164648	107.226813	-5.269108	55.510237	22.218781	36.811717
5.783333	-21.881218	0.388355	5.419772	0.786797	0.762110	-0.091512	68.812536	-11.526833	-2.760895	65.623892	11.499377	-32.466124	0.000000	67.357364	-3.490331	-4.245119	62.918577	15.199900	-25.890637	0.000000	-4.419569	0.408347	-0.582849	105.394533	-13.501231	50.945505	28.888469	55.423372	104.773424	-5.466719	54.544300	23.659188	37.061980
5.800000	-21.414455	0.481733	5.479565	0.790429	0.772466	-0.091091	66.720903	-11.382473	-2.940178	63.554528	10.482124	-32.883747	0.000000	65.200056	-3.240719	-4.250796	60.501223	14.305470	-26.089262	0.000000	-3.617427	0.258432	-0.445921	102.983294	-14.051586	49.845455	29.759068	55.764268	102.167946	-5.616383	53.231104	25.184459	37.452325
5.816667	-20.933706	0.577504	5.559014	0.794110	0.782612	-0.090732	64.580896	-11.258635	-3.148632	61.396417	9.463179	-33.259221	0.000000	62.995954	-2.966177	-4.227304	57.981197	13.393696	-26.280071	0.000000	-2.853432	0.107183	-0.362764	100.534177	-14.515006	48.657961	30.533111	56.186817	99.523856	-5.702407	51.744535	26.581032	38.003748
5.833333	-20.461219	0.672830	5.643322	0.797760	0.792460	-0.090499	62.432467	-11.159078	-3.401145	59.155714	8.480886	-33.570933	0.000000	60.778653	-2.672430	-4.169010	55.396215	12.490501	-26.436455	0.000000	-2.117723	-0.036765	-0.359744	98.120971	-14.831550	47.512043	31.142564	56.671681	96.959122	-5.747225	50.319920	27.688427	38.703277
5.850000	-20.001667	0.766648	5.710594	0.801338	0.802113	-0.090386	60.288246	-11.073064	-3.701538	56.827750	7.556844	-33.800595	0.000000	58.552934	-2.371998	-4.077959	52.763787	11.590536	-26.549656	0.000000	-1.414364	-0.166314	-0.436490	95.797914	-14.981956	46.535345	31.571094	57.182951	94.547501	-5.803924	49.167864	28.460912	39.495967
5.866667	-19.533910	0.859372	5.741287	0.804840	0.811743	-0.090351	58.121356	-10.981704	-4.044540	54.400023	6.689097	-33.937414	0.000000	56.291019	-2.080871	-3.965083	50.083201	10.660971	-26.631029	0.000000	-0.764905	-0.276184	-0.566899	93.586616	-14.991101	45.812686	31.840563	57.683075	92.297167	-5.930575	48.403523	28.968125	40.312165
5.883333	-19.024534	0.950495	5.724121	0.808231	0.821409	-0.090331	55.890266	-10.864831	-4.420880	51.867472	5.849911	-33.989316	0.000000	53.962160	-1.816943	-3.847552	47.357114	9.664237	-26.699684	0.000000	-0.197741	-0.363113	-0.713506	91.483129	-14.904986	45.346365	31.979228	58.149570	90.171370	-6.160850	48.021562	29.332837	41.107221
5.900000	-18.452841	1.035259	5.658861	0.811443	0.830994	-0.090247	53.575446	-10.705019	-4.822766	49.243492	5.006879	-33.972110	0.000000	51.568469	-1.599474	-3.743811	44.609698	8.591652	-26.756511	0.000000	0.272945	-0.425177	-0.843710	89.473013	-14.770025	45.077996	32.002795	58.569433	88.123572	-6.491647	47.932048	29.657704	41.857436
5.916667	-17.822609	1.103022	5.558653	0.814404	0.840318	-0.090047	51.190175	-10.491718	-5.249391	46.553638	4.144273	-33.891964	0.000000	49.151178	-1.443620	-3.664600	41.882422	7.472101	-26.774253	0.000000	0.655622	-0.458402	-0.937526	87.538798	-14.632380	44.937988	31.931733	58.927131	86.115652	-6.894251	48.023618	30.003839	42.539676
5.933333	-17.147242	1.139972	5.447326	0.817112	0.849279	-0.089736	48.754971	-10.223786	-5.708699	43.820088	3.261001	-33.748227	0.000000	46.757818	-1.353808	-3.605724	39.215307	6.346202	-26.718642	0.000000	0.963941	-0.454961	-0.989095	85.651872	-14.543086	44.853280	31.828668	59.212059	84.111932	-7.339409	48.191553	30.424879	43.144515
5.950000	-16.430795	1.136920	5.346212	0.819717	0.857874	-0.089353	46.272066	-9.907350	-6.211683	41.054866	2.364885	-33.540885	0.000000	44.405645	-1.324738	-3.556364	36.633011	5.244379	-26.571861	0.000000	1.200715	-0.409161	-1.009381	83.759945	-14.543407	44.735214	31.805320	59.430085	82.068497	-7.821128	48.335062	30.990116	43.694104
5.966667	-15.671901	1.096199	5.260285	0.822437	0.866112	-0.088915	43.736710	-9.552065	-6.763990	38.267580	1.476741	-33.264330	0.000000	42.083155	-1.347527	-3.517936	34.142801	4.185838	-26.338050	0.000000	1.365946	-0.325891	-1.026561	81.792340	-14.638721	44.486471	31.984756	59.602872	79.940543	-8.360206	48.359111	31.759318	44.233805
5.983333	-14.881899	1.030345	5.178170	0.825350	0.873916	-0.088423	41.169894	-9.170268	-7.362756	35.479521	0.634156	-32.896156	0.000000	39.784570	-1.412431	-3.509807	31.743143	3.187223	-26.032949	0.000000	1.473006	-0.220792	-1.073969	79.688493	-14.797368	44.027957	32.451259	59.761011	77.707408	-8.977653	48.190590	32.737370	44.809095
6.000000	-14.088978	0.954888	5.084518	0.828390	0.881097	-0.087903	38.626383	-8.778048	-7.999864	32.730496	-0.114671	-32.399548	0.000000	37.530684	-1.507616	-3.556734	29.435147	2.271063	-25.669016	0.000000	1.550502	-0.112852	-1.170315	77.424013	-14.981477	43.331219	33.223503	59.938972	75.387183	-9.660939	47.797802	33.857288	45.448431
6.016667	-13.323037	0.882652	4.971432	0.831522	0.887464	-0.087395	36.166866	-8.393443	-8.667135	30.069242	-0.725591	-31.740068	0.000000	35.353940	-1.619870	-3.677131	27.226675	1.464003	-25.250153	0.000000	1.630219	-0.018277	-1.307792	75.008851	-15.180381	42.428723	34.270548	60.172928	73.020050	-10.359556	47.192915	35.017755	46.163960
6.033333	-12.599585	0.822641	4.839804	0.834767	0.892936	-0.086921	33.827235	-8.031321	-9.359498	27.533571	-1.170028	-30.898671	0.000000	33.273091	-1.738022	-3.882927	25.128449	0.785271	-24.776676	0.000000	1.731841	0.051404	-1.455681	72.468963	-15.418512	41.387200	35.554383	60.498208	70.640940	-11.015114	46.411233	36.145854	46.965100
6.050000	-11.917055	0.780828	4.693352	0.838127	0.897542	-0.086485	31.610406	-7.699122	-10.075959	25.134583	-1.443473	-29.877078	0.000000	31.283348	-1.854876	-4.183444	23.144733	0.237814	-24.248282	0.000000	1.856487	0.090756	-1.575372	69.839828	-15.734044	40.281618	37.043317	60.942466	68.271447	-11.593611	45.497605	37.219484	47.863906
6.066667	-11.268035	0.760050	4.533592	0.841633	0.901390	-0.086088	29.496025	-7.395430	-10.818402	22.853018	-1.572077	-28.695181	0.000000	29.362325	-1.966716	-4.588237	21.261351	-0.190324	-23.654619	0.000000	2.001603	0.100588	-1.633794	67.165208	-16.151947	39.200640	38.679129	61.514923	65.920052	-12.090649	44.517041	38.236747	48.861342
6.083333	-10.649397	0.760193	4.358974	0.845463	0.904667	-0.085707	27.449585	-7.110780	-11.589858	20.647053	-1.595072	-27.366614	0.000000	27.477917	-2.072424	-5.110490	19.441733	-0.512035	-22.958730	0.000000	2.179946	0.083334	-1.607224	64.471384	-16.675327	38.225935	40.375522	62.204820	63.566706	-12.517444	43.536304	39.203787	49.943720
6.100000	-10.056068	0.778662	4.166805	0.849850	0.907600	-0.085287	25.423027	-6.830327	-12.397134	18.467069	-1.529684	-25.873200	0.000000	25.590289	-2.173090	-5.766329	17.640010	-0.721786	-22.093971	0.000000	2.409049	0.040286	-1.482034	61.738896	-17.289400	37.365601	42.074778	62.997993	61.154257	-12.887891	42.564944	40.159492	51.109516
6.116667	-9.472481	0.811050	3.955296	0.854819	0.910380	-0.084800	23.366203	-6.539451	-13.249773	16.273642	-1.367749	-24.181635	0.000000	23.661828	-2.269279	-6.565105	15.822844	-0.798295	-20.994108	0.000000	2.685631	-0.024903	-1.256669	58.921673	-17.963024	36.538809	43.767787	63.893852	58.619287	-13.210553	41.546178	41.164026	52.389858
6.133333	-8.882819	0.853814	3.724746	0.860078	0.913118	-0.084280	21.258855	-6.231386	-14.144609	14.053190	-1.111970	-22.292369	0.000000	21.681950	-2.354863	-7.496375	13.982230	-0.737988	-19.643042	0.000000	2.985251	-0.104695	-0.942957	55.998939	-18.647852	35.649724	45.437843	64.897119	55.938282	-13.486439	40.429478	42.240837	53.823895
6.150000	-8.284436	0.906410	3.479514	0.865218	0.915861	-0.083780	19.128388	-5.911290	-15.052807	11.825140	-0.800302	-20.265353	0.000000	19.677929	-2.414998	-8.526129	12.133382	-0.577607	-18.092872	0.000000	3.278168	-0.190748	-0.569694	53.004461	-19.283472	34.666158	47.015403	65.990706	53.144383	-13.716237	39.235744	43.346345	55.409012
6.166667	-7.683764	0.969312	3.228381	0.869936	0.918605	-0.083328	17.032090	-5.592890	-15.928392	9.639108	-0.488309	-18.197341	0.000000	17.697088	-2.433681	-9.607286	10.307070	-0.377364	-16.432829	0.000000	3.531309	-0.275785	-0.184918	50.013565	-19.811602	33.627184	48.408231	67.125610	50.309190	-13.908203	38.040142	44.397821	57.082055
6.183333	-7.086414	1.040439	2.980172	0.874083	0.921332	-0.082912	15.029805	-5.290339	-16.727700	7.562629	-0.220926	-16.184576	0.000000	15.785019	-2.404150	-10.694828	8.542515	-0.191848	-14.749965	0.000000	3.705678	-0.353486	0.155292	47.111795	-20.188917	32.598719	49.550014	68.238947	47.512460	-14.074635	36.911702	45.314141	58.747255
6.200000	-6.493572	1.114296	2.739615	0.877640	0.923992	-0.082488	13.166724	-5.012080	-17.425394	5.664234	-0.018606	-14.298811	0.000000	13.973846	-2.332819	-11.757437	6.879552	-0.051005	-13.105213	0.000000	3.764043	-0.419164	0.409924	44.369542	-20.393427	31.633200	50.411284	69.281433	44.815413	-14.222530	35.879092	46.043957	60.322588
6.216667	-5.904706	1.183746	2.508440	0.880720	0.926477	-0.082017	11.468335	-4.760925	-18.019846	4.000509	0.127858	-12.575967	0.000000	12.280638	-2.235592	-12.779816	5.352941	0.048103	-11.526473	0.000000	3.685295	-0.469916	0.569158	41.825078	-20.428610	30.750445	50.996665	70.237688	42.241936	-14.350151	34.928304	46.587620	61.776578
6.233333	-5.327169	1.241923	2.288695	0.883515	0.928624	-0.081520	9.951418	-4.537977	-18.521058	2.610739	0.246576	-11.030769	0.000000	10.719644	-2.130884	-13.749788	3.991723	0.130898	-10.029950	0.000000	3.481779	-0.502122	0.650459	39.481644	-20.321962	29.948218	51.337777	71.120749	39.777538	-14.450050	34.025921	46.990168	63.123686
6.250000	-4.778005	1.283888	2.084446	0.886152	0.930213	-0.081090	8.633862	-4.346571	-18.938651	1.517630	0.368119	-9.678795	0.000000	9.310811	-2.033338	-14.651850	2.819693	0.231281	-8.636206	0.000000	3.196767	-0.510132	0.681326	37.324001	-20.116622	29.226573	51.479529	71.949529	37.389933	-14.512874	33.144990	47.309845	64.390676
6.266667	-4.267422	1.308651	1.902257	0.888652	0.931011	-0.080849	7.521057	-4.193722	-19.289215	0.727509	0.526069	-8.523175	0.000000	8.066552	-1.950399	-15.485507	1.852240	0.392373	-7.341815	0.000000	2.870633	-0.490095	0.682920	35.331787	-19.858453	28.577937	51.479477	72.747502	35.048006	-14.529332	32.250428	47.606604	65.614050
6.283333	-3.790128	1.319240	1.751807	0.891046	0.930957	-0.080856	6.590312	-4.086140	-19.598992	0.223220	0.750789	-7.543071	0.000000	6.982039	-1.883485	-16.271164	1.093792	0.656002	-6.108762	0.000000	2.522510	-0.444153	0.664265	33.474025	-19.584870	27.972962	51.405439	73.546119	32.725930	-14.492093	31.291408	47.936336	66.844802
6.300000	-3.339723	1.319649	1.644891	0.893456	0.930263	-0.081068	5.800506	-4.022998	-19.887253	-0.042865	1.044963	-6.723838	0.000000	6.048171	-1.832961	-17.023508	0.540710	1.033234	-4.915324	0.000000	2.171088	-0.379875	0.628228	31.705472	-19.322778	27.391178	51.310178	74.359122	30.407344	-14.397892	30.249472	48.320438	68.108390
6.316667	-2.920088	1.313086	1.590968	0.896031	0.929326	-0.081368	5.110285	-3.994268	-20.161875	-0.141140	1.381784	-6.066751	0.000000	5.258782	-1.800847	-17.736780	0.180726	1.493861	-3.783268	0.000000	1.850051	-0.308079	0.578864	29.975918	-19.085072	26.839577	51.205088	75.169327	28.084815	-14.247789	29.158343	48.728797	69.383273
6.333333	-2.540142	1.303603	1.591717	0.898877	0.928620	-0.081638	4.486077	-3.987284	-20.433840	-0.143625	1.730735	-5.551529	0.000000	4.599008	-1.787800	-18.398849	-0.014883	1.983403	-2.742544	0.000000	1.595038	-0.241855	0.523584	28.240900	-18.861780	26.327212	51.051960	75.951342	25.749993	-14.044697	28.060714	49.097187	70.634042
6.350000	-2.205613	1.297657	1.637989	0.901972	0.928586	-0.081821	3.905273	-3.994345	-20.721428	-0.105898	2.070519	-5.120068	0.000000	4.039088	-1.788759	-19.006654	-0.091615	2.443762	-1.801607	0.000000	1.425027	-0.195054	0.476565	26.474319	-18.624950	25.855741	50.769550	76.682199	23.401649	-13.789341	26.990310	49.343979	71.825922
6.366667	-1.914689	1.303115	1.711192	0.905123	0.929431	-0.081931	3.356873	-4.014761	-21.040857	-0.061751	2.384052	-4.702823	0.000000	3.542705	-1.792620	-19.570890	-0.098570	2.827839	-0.950274	0.000000	1.333946	-0.179592	0.460891	24.684107	-18.346932	25.438109	50.255851	77.329371	21.070632	-13.479089	25.994831	49.377580	72.905827
6.383333	-1.655941	1.325598	1.790413	0.908025	0.930962	-0.081993	2.836918	-4.050309	-21.399335	-0.026865	2.660408	-4.248088	0.000000	3.077350	-1.787389	-20.109085	-0.074845	3.109923	-0.171406	0.000000	1.291190	-0.201318	0.496903	22.914484	-18.010016	25.099164	49.430624	77.856044	18.823110	-13.113351	25.129315	49.120273	73.813043
6.400000	-1.410244	1.364848	1.861436	0.910400	0.932682	-0.082002	2.343146	-4.099122	-21.793878	-0.005215	2.903675	-3.734922	0.000000	2.620580	-1.766778	-20.632816	-0.044857	3.290503	0.550196	0.000000	1.249494	-0.256401	0.584035	21.227549	-17.604591	24.854694	48.278962	78.246200	16.735765	-12.700989	24.416359	48.543760	74.522081
6.416667	-1.159740	1.414858	1.920523	0.912094	0.934118	-0.081948	1.876014	-4.154529	-22.213801	0.005129	3.130237	-3.171560	0.000000	2.165217	-1.732281	-21.142332	-0.020374	3.390697	1.223305	0.000000	1.163220	-0.332790	0.697509	19.677478	-17.128971	24.703216	46.857589	78.512829	14.871091	-12.260797	23.836457	47.676481	75.056977
6.433333	-0.898199	1.467101	1.972038	0.913093	0.935088	-0.081852	1.443060	-4.208154	-22.644682	0.008015	3.355380	-2.584678	0.000000	1.721657	-1.690607	-21.629263	-0.004770	3.438916	1.850223	0.000000	1.007452	-0.415560	0.801007	18.293152	-16.592499	24.634824	45.264259	78.682661	13.264937	-11.815250	23.356767	46.577316	75.466358
6.450000	-0.630390	1.513733	2.024367	0.913490	0.935702	-0.081754	1.054667	-4.252721	-23.072106	0.007044	3.584007	-2.005239	0.000000	1.309332	-1.650332	-22.081447	0.002958	3.459270	2.430550	0.000000	0.779318	-0.490924	0.860128	17.077885	-16.012970	24.636551	43.600332	78.780959	11.924468	-11.384930	22.953344	45.306037	75.798166
6.466667	-0.362196	1.549867	2.086573	0.913450	0.936191	-0.081691	0.712526	-4.283995	-23.485463	0.004742	3.809819	-1.456860	0.000000	0.941190	-1.618733	-22.487824	0.005350	3.465855	2.965823	0.000000	0.485966	-0.548149	0.850973	16.019783	-15.408507	24.690627	41.943248	78.825785	10.834447	-10.985616	22.612744	43.908272	76.088903
6.483333	-0.094890	1.574922	2.165282	0.913172	0.936709	-0.081701	0.405833	-4.302490	-23.878791	0.002513	4.021472	-0.954095	0.000000	0.615709	-1.598785	-22.840599	0.004894	3.463711	3.459953	0.000000	0.136420	-0.581441	0.767111	15.099321	-14.794189	24.775115	40.339053	78.828200	9.966081	-10.627098	22.327138	42.420437	76.360434
6.500000	0.173408	1.592037	2.262074	0.912843	0.937233	-0.081792	0.118332	-4.312701	-24.247410	0.000914	4.211794	-0.508025	0.000000	0.320217	-1.588836	-23.134123	0.003385	3.455508	3.916333	0.000000	-0.259752	-0.591295	0.622557	14.292193	-14.184391	24.868508	38.811988	78.795017	9.284759	-10.314359	22.090363	40.884055	76.620132
6.516667	0.444333	1.605382	2.373145	0.912596	0.937663	-0.081924	-0.163682	-4.319351	-24.585779	0.000008	4.381038	-0.128536	0.000000	0.038584	-1.585827	-23.364182	0.001849	3.448299	4.338149	0.000000	-0.691274	-0.582675	0.443500	13.572253	-13.592433	24.953441	37.375455	78.731674	8.754285	-10.049885	21.895563	39.346025	76.864250
6.533333	0.716679	1.617338	2.490902	0.912509	0.937963	-0.082029	-0.447395	-4.323911	-24.888762	-0.000369	4.532668	0.179177	0.000000	-0.241590	-1.588691	-23.530528	0.000716	3.455540	4.731121	0.000000	-1.143959	-0.561007	0.253684	12.916024	-13.026692	25.017780	36.037188	78.643943	8.339080	-9.834702	21.734269	37.844463	77.083601
6.550000	0.985442	1.627684	2.605056	0.912591	0.938158	-0.082046	-0.732249	-4.324054	-25.152163	-0.000424	4.668347	0.419533	0.000000	-0.524091	-1.598773	-23.640996	0.000055	3.493376	5.102405	0.000000	-1.601731	-0.529703	0.067002	12.307219	-12.488667	25.053456	34.800058	78.537831	8.009799	-9.667995	21.596504	36.399729	77.269204
6.566667	1.242534	1.634909	2.703988	0.912770	0.938307	-0.081942	-1.010537	-4.316201	-25.371610	-0.000333	4.786312	0.608482	0.000000	-0.802680	-1.617619	-23.712226	-0.000233	3.572862	5.456901	0.000000	-2.050063	-0.490237	-0.111240	11.739627	-11.974854	25.054261	33.661844	78.418284	7.750473	-9.546183	21.472134	35.016674	77.416302
6.583333	1.479305	1.637890	2.779234	0.912931	0.938469	-0.081735	-1.271194	-4.298609	-25.542859	-0.000205	4.884647	0.767017	0.000000	-1.064574	-1.644850	-23.764311	-0.000289	3.692403	5.795280	0.000000	-2.479432	-0.443851	-0.281539	11.215621	-11.480773	25.014859	32.618557	78.288582	7.559339	-9.463149	21.353218	33.693309	77.525046
6.600000	1.691343	1.636234	2.830843	0.913005	0.938622	-0.081475	-1.507877	-4.271693	-25.663531	-0.000097	4.966153	0.910586	0.000000	-1.299337	-1.678666	-23.813436	-0.000234	3.836194	6.114732	0.000000	-2.885328	-0.393580	-0.448162	10.739654	-11.003195	24.931150	31.667947	78.150389	7.441447	-9.412568	21.235587	32.426400	77.598631
6.616667	1.882608	1.629740	2.868185	0.913034	0.938653	-0.081220	-1.726115	-4.236503	-25.735900	-0.000026	5.039217	1.045862	0.000000	-1.507674	-1.717891	-23.868689	-0.000148	3.984540	6.413997	0.000000	-3.264226	-0.344690	-0.617868	10.314201	-10.538094	24.799327	30.803281	78.002825	7.401170	-9.388112	21.117382	31.202866	77.641986
6.633333	2.061337	1.618604	2.905320	0.913101	0.938456	-0.081013	-1.938403	-4.194961	-25.769321	0.000010	5.114251	1.171987	0.000000	-1.698522	-1.761805	-23.931427	-0.000073	4.127985	6.695541	0.000000	-3.610813	-0.302247	-0.797624	9.940217	-10.083459	24.618628	30.014125	77.844158	7.436566	-9.382908	20.997835	30.005404	77.661333
6.650000	2.228036	1.603937	2.954103	0.913238	0.938041	-0.080885	-2.148047	-4.151083	-25.776923	0.000022	5.197929	1.279311	0.000000	-1.874292	-1.808172	-23.993688	-0.000022	4.267280	6.956245	0.000000	-3.918970	-0.268113	-0.989157	9.613060	-9.651142	24.402426	29.311567	77.679177	7.529880	-9.395251	20.880290	28.856080	77.662922
6.666667	2.372302	1.587396	3.019737	0.913407	0.937521	-0.080857	-2.343424	-4.110122	-25.770129	0.000021	5.289907	1.352870	0.000000	-2.025466	-1.853074	-24.041218	0.000005	4.402781	7.182540	0.000000	-4.183968	-0.241131	-1.186109	9.320074	-9.267211	24.181076	28.734196	77.522142	7.647136	-9.431110	20.772447	27.828637	77.651706
6.683333	2.483737	1.570700	3.101516	0.913516	0.937001	-0.080941	-2.509708	-4.076598	-25.758439	0.000015	5.385469	1.382117	0.000000	-2.141430	-1.892347	-24.061865	0.000015	4.529882	7.361297	0.000000	-4.404589	-0.219550	-1.378571	9.050070	-8.954451	23.987200	28.312826	77.389333	7.755772	-9.495060	20.679551	26.993305	77.631186
6.700000	2.561367	1.555477	3.197143	0.913462	0.936473	-0.081139	-2.640315	-4.053101	-25.750584	0.000009	5.480869	1.363954	0.000000	-2.219845	-1.922769	-24.048687	0.000015	4.643946	7.490479	0.000000	-4.584888	-0.202608	-1.561348	8.802241	-8.718980	23.838642	28.046537	77.289871	7.840999	-9.582348	20.598696	26.364932	77.602511
6.716667	2.613895	1.542956	3.306654	0.913190	0.935902	-0.081441	-2.739188	-4.039626	-25.752845	0.000004	5.575788	1.298083	0.000000	-2.266811	-1.942894	-23.996870	0.000011	4.746352	7.579841	0.000000	-4.735396	-0.190352	-1.739026	8.583706	-8.550191	23.730949	27.910213	77.221392	7.907764	-9.679713	20.518890	25.894499	77.562699
6.733333	2.653210	1.533330	3.431181	0.912705	0.935357	-0.081812	-2.814655	-4.033748	-25.766257	0.000000	5.668654	1.186711	0.000000	-2.290862	-1.953133	-23.905049	0.000006	4.841120	7.643187	0.000000	-4.872285	-0.181501	-1.919209	8.402124	-8.430449	23.643976	27.869332	77.173021	7.971432	-9.769831	20.426029	25.499196	77.505605
6.750000	2.686330	1.525267	3.567403	0.912042	0.935016	-0.082206	-2.870136	-4.031777	-25.785763	-0.000001	5.749292	1.038874	0.000000	-2.295696	-1.955123	-23.780698	0.000003	4.925373	7.688040	0.000000	-5.012682	-0.171756	-2.098982	8.262237	-8.347732	23.557142	27.891563	77.133143	8.045551	-9.835219	20.310036	25.110383	77.425740
6.766667	2.714015	1.516818	3.706585	0.911282	0.935048	-0.082568	-2.903725	-4.030211	-25.804848	-0.000001	5.801491	0.868472	0.000000	-2.280369	-1.951120	-23.638051	0.000000	4.988341	7.714559	0.000000	-5.168448	-0.156039	-2.264366	8.165580	-8.297740	23.458337	27.952845	77.094147	8.135834	-9.861900	20.168213	24.695300	77.321069
6.783333	2.735290	1.507527	3.838900	0.910579	0.935477	-0.082847	-2.915542	-4.027173	-25.823017	-0.000001	5.815240	0.689221	0.000000	-2.246089	-1.943306	-23.491292	-0.000001	5.019608	7.723806	0.000000	-5.340789	-0.133206	-2.401283	8.108919	-8.275677	23.346062	28.035564	77.053285	8.237444	-9.845165	20.007233	24.254675	77.196278
6.800000	2.749600	1.499307	3.955395	0.910094	0.936113	-0.083005	-2.910315	-4.023234	-25.848358	-0.000001	5.793336	0.516809	0.000000	-2.199184	-1.933013	-23.354981	-0.000001	5.014052	7.722748	0.000000	-5.518025	-0.108108	-2.498931	8.084267	-8.272757	23.231393	28.122586	77.013105	8.331656	-9.793651	19.847127	23.825632	77.067167
6.816667	2.756285	1.495079	4.049475	0.909919	0.936655	-0.083046	-2.894814	-4.020580	-25.894235	-0.000000	5.745796	0.367177	0.000000	-2.148167	-1.920779	-23.244183	-0.000001	4.970720	7.720934	0.000000	-5.681974	-0.088796	-2.549578	8.082183	-8.280908	23.132119	28.197796	76.979264	8.392841	-9.723672	19.714358	23.465170	76.955240
6.833333	2.755642	1.496708	4.120669	0.910051	0.936914	-0.083018	-2.876675	-4.020975	-25.973905	-0.000000	5.681270	0.245522	0.000000	-2.100989	-1.907404	-23.166860	-0.000000	4.892112	7.724882	0.000000	-5.818801	-0.082080	-2.553624	8.094478	-8.296418	23.058842	28.254107	76.955343	8.404769	-9.647203	19.623478	23.206842	76.872809
6.850000	2.749672	1.503899	4.174403	0.910452	0.936877	-0.082983	-2.863800	-4.024339	-26.092946	0.000000	5.605919	0.145239	0.000000	-2.064217	-1.894764	-23.120485	-0.000000	4.787013	7.736025	0.000000	-5.922784	-0.091474	-2.519880	8.114144	-8.318711	23.009902	28.296078	76.940614	8.365767	-9.567218	19.570014	23.044402	76.817202
6.866667	2.740862	1.514388	4.216914	0.911099	0.936622	-0.082984	-2.862672	-4.028757	-26.242870	0.000000	5.528146	0.059501	0.000000	-2.042669	-1.885606	-23.097248	-0.000000	4.673815	7.752292	0.000000	-5.992268	-0.117425	-2.458926	8.133426	-8.348046	22.977737	28.335090	76.931906	8.280735	-9.482298	19.538024	22.953877	76.776931
6.883333	2.731007	1.525317	4.252047	0.911953	0.936236	-0.083038	-2.876684	-4.032068	-26.405630	0.000000	5.459205	-0.012206	0.000000	-2.039021	-1.882149	-23.089801	0.000000	4.576660	7.771296	0.000000	-6.025381	-0.157448	-2.378113	8.142475	-8.385921	22.954194	28.387264	76.925347	8.155232	-9.389901	19.505630	22.916206	76.736118
6.900000	2.720368	1.534893	4.281462	0.912920	0.935794	-0.083145	-2.904717	-4.033923	-26.566015	0.000000	5.408425	-0.066392	0.000000	-2.052906	-1.884279	-23.093800	0.000000	4.515466	7.793355	0.000000	-6.019681	-0.205872	-2.280503	8.129669	-8.437086	22.931122	28.475314	76.916681	7.995777	-9.285756	19.444743	22.925351	76.674018
6.916667	2.706974	1.542758	4.305046	0.913850	0.935370	-0.083289	-2.940268	-4.035824	-26.716946	0.000000	5.380610	-0.098253	0.000000	-2.079945	-1.889428	-23.107815	0.000000	4.500784	7.822097	0.000000	-5.975077	-0.255215	-2.166069	8.083319	-8.509042	22.900506	28.626795	76.901541	7.811002	-9.164831	19.323184	22.986784	76.566511
6.933333	2.687282	1.549338	4.321972	0.914581	0.935057	-0.083432	-2.972850	-4.039416	-26.855876	0.000000	5.376699	-0.103211	0.000000	-2.112206	-1.894188	-23.131594	0.000000	4.534474	7.861942	0.000000	-5.897108	-0.299262	-2.033811	7.996758	-8.607739	22.856210	28.864044	76.876567	7.610920	-9.024327	19.115152	23.108809	76.394092
6.950000	2.659043	1.555455	4.332605	0.915007	0.934934	-0.083529	-2.992724	-4.045228	-26.979898	0.000000	5.393549	-0.081046	0.000000	-2.141297	-1.895879	-23.163164	0.000000	4.608505	7.913367	0.000000	-5.798452	-0.335635	-1.886389	7.879311	-8.730271	22.797400	29.183133	76.841757	7.408006	-8.866466	18.823183	23.286927	76.158448
6.966667	2.624266	1.562202	4.338057	0.915115	0.935047	-0.083545	-2.995388	-4.052461	-27.082774	-0.000000	5.423299	-0.040082	0.000000	-2.162064	-1.893303	-23.196396	0.000000	4.703019	7.969214	0.000000	-5.698192	-0.366197	-1.735952	7.764269	-8.859558	22.731374	29.535669	76.802443	7.220794	-8.700256	18.496613	23.491318	75.896506
6.983333	2.588028	1.570701	4.337997	0.914971	0.935338	-0.083466	-2.981131	-4.059806	-27.157224	-0.000000	5.456159	0.006268	0.000000	-2.172869	-1.886451	-23.222982	0.000000	4.793154	8.017972	0.000000	-5.616298	-0.394766	-1.600602	7.695528	-8.971702	22.670076	29.848827	76.766905	7.070171	-8.537589	18.210413	23.678516	75.664594
7.000000	2.554111	1.581540	4.330523	0.914709	0.935616	-0.083306	-2.951983	-4.066479	-27.201388	-0.000000	5.485457	0.048431	0.000000	-2.173460	-1.875912	-23.237958	-0.000000	4.862451	8.052062	0.000000	-5.564610	-0.423798	-1.491823	7.699269	-9.052211	22.621790	30.074398	76.740694	6.967279	-8.385013	18.014352	23.820338	75.500040
7.016667	2.523439	1.593920	4.314661	0.914460	0.935669	-0.083098	-2.910987	-4.071835	-27.220822	-0.000000	5.509436	0.084055	0.000000	-2.164198	-1.863342	-23.242110	-0.000000	4.907996	8.071187	0.000000	-5.543465	-0.452802	-1.409549	7.771056	-9.101580	22.587888	30.208605	76.724323	6.908634	-8.242887	17.911842	23.914698	75.405383
7.033333	2.495747	1.605287	4.292177	0.914278	0.935421	-0.082874	-2.862277	-4.074307	-27.224464	-0.000000	5.529547	0.114722	0.000000	-2.146026	-1.852118	-23.239583	-0.000000	4.935017	8.079276	0.000000	-5.546266	-0.479359	-1.347463	7.887118	-9.127791	22.565981	30.273445	76.715388	6.882795	-8.110397	17.878904	23.973842	75.362860
7.050000	2.470300	1.612354	4.265984	0.914125	0.934954	-0.082649	-2.808691	-4.071863	-27.220498	-0.000000	5.548767	0.143102	0.000000	-2.119452	-1.846259	-23.234614	-0.000000	4.950783	8.081096	0.000000	-5.565369	-0.500966	-1.297949	8.023021	-9.139016	22.552932	30.295841	76.710918	6.878659	-7.985695	17.886832	24.012840	75.351084
7.066667	2.445384	1.612806	4.237942	0.913927	0.934418	-0.082421	-2.749801	-4.063456	-27.214234	-0.000000	5.570419	0.172242	0.000000	-2.083924	-1.848479	-23.229982	-0.000000	4.961493	8.080661	0.000000	-5.595256	-0.515502	-1.254623	8.163798	-9.141008	22.545956	30.297918	76.708420	6.890297	-7.864794	17.912813	24.045009	75.352731
7.083333	2.418666	1.605882	4.210012	0.913651	0.933894	-0.082194	-2.683994	-4.049158	-27.207577	0.000000	5.596892	0.204847	0.000000	-2.038654	-1.859765	-23.227123	-0.000000	4.971094	8.080558	0.000000	-5.632508	-0.521536	-1.213632	8.303378	-9.136768	22.543065	30.294066	76.706252	6.917049	-7.744241	17.942450	24.079691	75.356763
7.100000	2.388631	1.591884	4.185767	0.913341	0.933360	-0.081992	-2.612440	-4.029361	-27.200115	0.000000	5.628752	0.241969	0.000000	-1.984365	-1.880122	-23.226506	-0.000000	4.981446	8.081874	0.000000	-5.673743	-0.519847	-1.173781	8.439725	-9.127417	22.543006	30.291855	76.703638	6.959631	-7.623466	17.968593	24.121233	75.357903
7.116667	2.356016	1.572050	4.168760	0.913081	0.932781	-0.081849	-2.540971	-4.005027	-27.190941	0.000000	5.664388	0.281866	0.000000	-1.924992	-1.908574	-23.227652	0.000000	4.992990	8.084545	0.000000	-5.713736	-0.513836	-1.137020	8.569395	-9.113574	22.544954	30.294044	76.700503	7.016619	-7.505479	17.988945	24.169269	75.355054
7.133333	2.323405	1.548793	4.160243	0.912938	0.932197	-0.081795	-2.477946	-3.978696	-27.179748	0.000000	5.700642	0.320773	0.000000	-1.866927	-1.942499	-23.229530	0.000000	5.005249	8.087863	0.000000	-5.746078	-0.507039	-1.107872	8.685827	-9.096177	22.548314	30.300390	76.697171	7.084399	-7.395588	18.003773	24.220568	75.349400
7.150000	2.293079	1.525433	4.158463	0.912934	0.931711	-0.081838	-2.429731	-3.954743	-27.166973	0.000000	5.734249	0.355419	0.000000	-1.815757	-1.977477	-23.231392	0.000000	5.017116	8.090947	0.000000	-5.766028	-0.500130	-1.090604	8.783071	-9.076484	22.552646	30.309238	76.693994	7.159104	-7.297764	18.014423	24.271780	75.342674
7.166667	2.265743	1.505246	4.159584	0.913035	0.931432	-0.081965	-2.397818	-3.938081	-27.153620	0.000000	5.762727	0.384682	0.000000	-1.773892	-2.008362	-23.233189	0.000000	5.026913	8.093060	0.000000	-5.772573	-0.491101	-1.086695	8.859144	-9.055488	22.557680	30.318730	76.691155	7.237349	-7.212311	18.022577	24.320839	75.336162
7.183333	2.240661	1.490354	4.159388	0.913150	0.931413	-0.082137	-2.378761	-3.931996	-27.141015	-0.000000	5.784445	0.409570	0.000000	-1.740339	-2.031079	-23.235429	0.000000	5.032427	8.093729	0.000000	-5.768527	-0.477934	-1.094269	8.916412	-9.033112	22.563415	30.327537	76.688659	7.316055	-7.136238	18.029896	24.366867	75.330472
7.200000	2.215966	1.481363	4.154343	0.913175	0.931597	-0.082313	-2.365571	-3.937025	-27.130281	-0.000000	5.798675	0.432682	0.000000	-1.711778	-2.043583	-23.238950	0.000000	5.031463	8.092650	0.000000	-5.758903	-0.459912	-1.109608	8.960702	-9.007998	22.570135	30.335171	76.686372	7.394026	-7.064348	18.037840	24.410360	75.325610
7.216667	2.189311	1.477679	4.142050	0.913044	0.931840	-0.082457	-2.350041	-3.951235	-27.121807	-0.000000	5.805761	0.457236	0.000000	-1.684086	-2.045891	-23.244697	-0.000000	5.022983	8.089492	0.000000	-5.748674	-0.437303	-1.129319	8.999410	-8.978512	22.578178	30.341873	76.684075	7.473352	-6.991539	18.047376	24.453121	75.321204
7.233333	2.159250	1.477888	4.121524	0.912742	0.932030	-0.082541	-2.325552	-3.971058	-27.115277	-0.000000	5.806814	0.485416	0.000000	-1.653770	-2.039981	-23.253276	0.000000	5.007986	8.083969	0.000000	-5.741935	-0.411542	-1.150816	9.038306	-8.944442	22.587510	30.348135	76.681612	7.556503	-6.917051	18.058485	24.496319	75.316859
7.250000	2.125990	1.480325	4.092674	0.912293	0.932140	-0.082552	-2.288514	-3.992553	-27.109893	-0.000000	5.802958	0.517536	0.000000	-1.618647	-2.029042	-23.264650	0.000000	4.989017	8.076029	0.000000	-5.742038	-0.385079	-1.172026	9.079390	-8.907157	22.597665	30.354337	76.678998	7.643202	-6.845747	18.070191	24.539010	75.312437
7.266667	2.090250	1.483667	4.055753	0.911748	0.932178	-0.082494	-2.237402	-4.012665	-27.104063	0.000000	5.795006	0.553392	0.000000	-1.577078	-2.016122	-23.278611	0.000000	4.968611	8.065652	0.000000	-5.751168	-0.359967	-1.191512	9.122724	-8.867750	22.608272	30.360857	76.676313	7.732013	-6.783233	18.081564	24.579630	75.307946
7.283333	2.052101	1.486774	4.011798	0.911168	0.932109	-0.082394	-2.171827	-4.029442	-27.095248	0.000000	5.783975	0.593480	0.000000	-1.527306	-2.003519	-23.295306	0.000000	4.948596	8.052506	0.000000	-5.769407	-0.337173	-1.208017	9.169292	-8.826543	22.619322	30.368118	76.673527	7.821557	-6.731520	18.092649	24.617424	75.303294
7.300000	2.011223	1.488107	3.962067	0.910579	0.931868	-0.082294	-2.092450	-4.041579	-27.080505	0.000000	5.771738	0.638440	0.000000	-1.468007	-1.993060	-23.315015	0.000000	4.930840	8.035900	0.000000	-5.794118	-0.316923	-1.219931	9.220934	-8.784712	22.630964	30.376165	76.670433	7.908909	-6.689791	18.104513	24.651850	75.298230
7.316667	1.966465	1.485859	3.906325	0.909949	0.931439	-0.082247	-1.999221	-4.048609	-27.056625	0.000000	5.760590	0.689227	0.000000	-1.397478	-1.985947	-23.338233	0.000000	4.917475	8.014511	0.000000	-5.820560	-0.297983	-1.225568	9.279409	-8.744426	22.643688	30.384243	76.666617	7.990286	-6.656004	18.119184	24.682381	75.292261
7.333333	1.915128	1.478798	3.843154	0.909261	0.930902	-0.082290	-1.890437	-4.051414	-27.020012	0.000000	5.751959	0.748005	0.000000	-1.312752	-1.982313	-23.366115	-0.000000	4.909765	7.986179	0.000000	-5.842730	-0.276967	-1.223782	9.345177	-8.707855	22.658752	30.390391	76.661435	8.062799	-6.627281	18.139616	24.708900	75.284566
7.350000	1.854423	1.466798	3.771953	0.908592	0.930407	-0.082420	-1.765742	-4.051855	-26.967682	0.000000	5.745856	0.817022	0.000000	-1.212260	-1.981580	-23.399791	-0.000000	4.907280	7.948824	0.000000	-5.853307	-0.249859	-1.214653	9.414543	-8.677745	22.677882	30.391053	76.654182	8.122970	-6.600816	18.168984	24.731095	75.274212
7.366667	1.782795	1.450727	3.693396	0.908065	0.930098	-0.082594	-1.627803	-4.051968	-26.898449	-0.000000	5.741380	0.897082	0.000000	-1.098013	-1.983154	-23.439432	-0.000000	4.908291	7.901607	0.000000	-5.845648	-0.214101	-1.199801	9.479991	-8.657040	22.702486	30.382196	76.644389	8.166572	-6.574320	18.209547	24.748273	75.260574
7.383333	1.701429	1.432391	3.609833	0.907740	0.930040	-0.082754	-1.482653	-4.053625	-26.814992	-0.000000	5.737438	0.985836	0.000000	-0.976053	-1.986366	-23.483341	-0.000000	4.910493	7.846564	0.000000	-5.819415	-0.170333	-1.182547	9.534351	-8.646004	22.732425	30.362440	76.632329	8.192458	-6.545447	18.260571	24.760505	75.244021
7.400000	1.618114	1.414869	3.527649	0.907597	0.930203	-0.082860	-1.343353	-4.058384	-26.726993	-0.000000	5.733276	1.074687	0.000000	-0.858666	-1.989953	-23.526397	-0.000000	4.911390	7.790823	0.000000	-5.784204	-0.124051	-1.168300	9.571884	-8.640896	22.764631	30.335232	76.619583	8.204133	-6.512176	18.315965	24.768998	75.226690
7.416667	1.545448	1.401823	3.455718	0.907559	0.930512	-0.082892	-1.226877	-4.067072	-26.647795	-0.000000	5.728561	1.151456	0.000000	-0.761114	-1.992091	-23.561496	-0.000000	4.908628	7.744390	0.000000	-5.754856	-0.083422	-1.163104	9.587888	-8.635921	22.794320	30.306793	76.608473	8.207036	-6.473229	18.366592	24.775291	75.211722
7.433333	1.491567	1.395437	3.398929	0.907522	0.930898	-0.082857	-1.141660	-4.079207	-26.584799	-0.000000	5.723188	1.209477	0.000000	-0.691211	-1.991203	-23.584448	-0.000000	4.900610	7.713417	0.000000	-5.742006	-0.053595	-1.169983	9.581543	-8.625998	22.818535	30.281794	76.600463	8.205754	-6.427915	18.406675	24.780599	75.201082
7.450000	1.456305	1.395220	3.355978	0.907394	0.931283	-0.082789	-1.083259	-4.092850	-26.536473	-0.000000	5.717267	1.250783	0.000000	-0.645708	-1.986700	-23.596121	0.000000	4.887040	7.697375	0.000000	-5.747542	-0.034536	-1.186906	9.557935	-8.608529	22.837364	30.261774	76.595521	8.203168	-6.377277	18.436097	24.785536	75.194693
7.466667	1.435371	1.398746	3.322400	0.907151	0.931604	-0.082738	-1.041572	-4.105372	-26.498141	-0.000000	5.711030	1.281083	0.000000	-0.616396	-1.978997	-23.600595	0.000000	4.868808	7.691809	0.000000	-5.767002	-0.023426	-1.208556	9.525586	-8.583992	22.852225	30.246268	76.592785	8.200848	-6.325038	18.457564	24.790214	75.191371
7.483333	1.424203	1.403095	3.292738	0.906838	0.931848	-0.082741	-1.007592	-4.114742	-26.467345	0.000000	5.704209	1.305238	0.000000	-0.595985	-1.969114	-23.603450	0.000000	4.847046	7.691301	0.000000	-5.793682	-0.016995	-1.229446	9.492304	-8.555440	22.864460	30.233545	76.591246	8.199679	-6.276135	18.474153	24.794749	75.189828
7.500000	1.418633	1.405963	3.261257	0.906521	0.932038	-0.082796	-0.974978	-4.120324	-26.444163	0.000000	5.695150	1.327034	0.000000	-0.579490	-1.958320	-23.611674	0.000000	4.821338	7.690550	0.000000	-5.821798	-0.012379	-1.245338	9.462762	-8.526356	22.875329	30.220510	76.589962	8.200056	-6.233899	18.489121	24.799704	75.189047
7.516667	1.414536	1.406185	3.223086	0.906232	0.932185	-0.082872	-0.939046	-4.122738	-26.428586	0.000000	5.680353	1.351039	0.000000	-0.562985	-1.947841	-23.633895	0.000000	4.788201	7.684543	0.000000	-5.848179	-0.007397	-1.252669	9.438528	-8.498057	22.886536	30.202775	76.588035	8.201673	-6.198186	18.506512	24.806154	75.188272
7.533333	1.408452	1.403584	3.175882	0.905958	0.932254	-0.082934	-0.896416	-4.123044	-26.419139	0.000000	5.655251	1.382938	0.000000	-0.542604	-1.938703	-23.679371	0.000000	4.741911	7.668787	0.000000	-5.871874	-0.000696	-1.247665	9.419576	-8.469480	22.900135	30.175464	76.584630	8.203408	-6.166273	18.530866	24.815330	75.186946
7.550000	1.398585	1.398483	3.120362	0.905678	0.932128	-0.082961	-0.845503	-4.122026	-26.413438	0.000000	5.616509	1.427537	0.000000	-0.514942	-1.931746	-23.754805	0.000000	4.677771	7.640292	0.000000	-5.893362	0.008422	-1.227144	9.404974	-8.439032	22.917813	30.134600	76.579148	8.203705	-6.135204	18.565778	24.828076	75.184729
7.566667	1.385294	1.391392	3.060569	0.905398	0.931663	-0.082949	-0.787662	-4.120148	-26.408727	0.000000	5.566025	1.485072	0.000000	-0.478605	-1.927665	-23.857772	-0.000000	4.597539	7.599948	0.000000	-5.914550	0.020290	-1.191808	9.391999	-8.406783	22.939807	30.079628	76.571626	8.201202	-6.103701	18.611333	24.843987	75.181608
7.583333	1.371356	1.382804	3.005422	0.905151	0.930804	-0.082917	-0.729002	-4.117710	-26.402123	-0.000000	5.514354	1.547972	0.000000	-0.435933	-1.927147	-23.970837	-0.000000	4.514301	7.554675	0.000000	-5.938003	0.034747	-1.148870	9.375924	-8.376226	22.963862	30.016102	76.563127	8.195209	-6.073692	18.661714	24.860655	75.178025
7.600000	1.360409	1.372691	2.966379	0.904963	0.929635	-0.082887	-0.678318	-4.114419	-26.390810	-0.000000	5.477750	1.604004	0.000000	-0.391928	-1.931279	-24.068092	-0.000001	4.448263	7.514623	0.000000	-5.965361	0.051239	-1.108917	9.351690	-8.352986	22.986199	29.953229	76.555298	8.186262	-6.049362	18.707602	24.874869	75.174661
7.616667	1.354112	1.359976	2.949975	0.904806	0.928354	-0.082868	-0.641049	-4.108703	-26.372352	-0.000000	5.469809	1.644577	0.000000	-0.350651	-1.941836	-24.131413	-0.000001	4.414778	7.486582	0.000000	-5.995790	0.069267	-1.078944	9.316637	-8.340695	23.004192	29.897344	76.549260	8.177054	-6.033730	18.742493	24.885402	75.171960
7.633333	1.351638	1.342810	2.954133	0.904612	0.927223	-0.082862	-0.616784	-4.097935	-26.345305	-0.000001	5.496783	1.668147	0.000000	-0.313508	-1.960737	-24.157364	-0.000001	4.418452	7.471308	0.000000	-6.025043	0.088292	-1.059488	9.272605	-8.339045	23.017420	29.849804	76.545152	8.172755	-6.027180	18.765316	24.894117	75.169944
7.650000	1.351018	1.319751	2.971489	0.904339	0.926489	-0.082883	-0.601497	-4.079963	-26.309538	-0.000001	5.558306	1.677264	0.000000	-0.279966	-1.988613	-24.151727	-0.000001	4.455910	7.465840	0.000000	-6.047196	0.107685	-1.047093	9.224837	-8.345333	23.026878	29.809472	76.542484	8.179080	-6.028649	18.778627	24.904599	75.168405
7.666667	1.349873	1.291656	2.993425	0.904016	0.926285	-0.082950	-0.589981	-4.055707	-26.266980	-0.000001	5.646540	1.675461	0.000000	-0.248644	-2.022633	-24.124043	0.000001	4.517731	7.466000	0.000000	-6.058310	0.126967	-1.037474	9.179273	-8.356235	23.034308	29.774989	76.540481	8.198414	-6.036471	18.786992	24.920147	75.167140
7.683333	1.345543	1.263171	3.011103	0.903706	0.926575	-0.083068	-0.576802	-4.031076	-26.222684	-0.000000	5.743431	1.665347	0.000000	-0.218278	-2.055023	-24.085695	0.000004	4.587782	7.467138	0.000000	-6.057290	0.145182	-1.027186	9.142209	-8.368514	23.042160	29.746495	76.538122	8.227617	-6.048841	18.797031	24.943309	75.166072
7.700000	1.333910	1.241041	3.016304	0.903458	0.927191	-0.083219	-0.555189	-4.014590	-26.181692	0.000001	5.825516	1.646022	0.000000	-0.186634	-2.075594	-24.046935	0.000008	4.647502	7.463395	0.000000	-6.042825	0.160099	-1.013218	9.120149	-8.380102	23.054717	29.725374	76.533658	8.261073	-6.066016	18.819753	24.979382	75.165174
7.716667	1.307369	1.229838	3.003873	0.903306	0.927861	-0.083364	-0.515193	-4.011775	-26.142238	0.000004	5.875591	1.610657	0.000000	-0.147491	-2.077449	-24.012604	0.000015	4.684863	7.446464	0.000000	-6.010188	0.168304	-0.991318	9.117398	-8.391667	23.079843	29.711543	76.523903	8.296120	-6.093343	18.873711	25.041454	75.164245
7.733333	1.255552	1.229596	2.973745	0.903274	0.928298	-0.083460	-0.445072	-4.022220	-26.093675	0.000008	5.887773	1.547480	0.000000	-0.090300	-2.060372	-23.981441	0.000020	4.698145	7.405959	0.000000	-5.951473	0.165395	-0.955819	9.134533	-8.406687	23.128493	29.702308	76.504421	8.334026	-6.141241	18.983522	25.149482	75.162809
7.750000	1.170346	1.236525	2.931169	0.903348	0.928386	-0.083475	-0.336783	-4.040598	-26.022061	0.000014	5.864250	1.445786	0.000000	-0.004791	-2.030424	-23.949505	0.000020	4.693093	7.333030	0.000000	-5.860243	0.146644	-0.902288	9.169656	-8.429499	23.210120	29.694297	76.471279	8.377347	-6.220784	19.169846	25.320523	75.160233
7.766667	1.053917	1.244985	2.884457	0.903446	0.928241	-0.083396	-0.193463	-4.059149	-25.920491	0.000017	5.813463	1.306869	0.000000	0.110435	-1.997406	-23.913873	0.000007	4.680171	7.228183	0.000000	-5.740244	0.110352	-0.832441	9.222283	-8.462302	23.323592	29.686792	76.424491	8.431014	-6.336029	19.429476	25.552203	75.155995
7.783333	0.923946	1.249473	2.841042	0.903441	0.928056	-0.083242	-0.033509	-4.070157	-25.796755	0.000015	5.750592	1.151419	0.000000	0.241572	-1.971385	-23.874178	-0.000030	4.673239	7.107408	0.000000	-5.612834	0.062013	-0.757394	9.297357	-8.503035	23.450240	29.684597	76.370722	8.506399	-6.477845	19.719546	25.811508	75.149851
7.800000	0.805373	1.245870	2.804323	0.903234	0.927912	-0.083040	0.119040	-4.067623	-25.665329	-0.000000	5.692402	1.005439	0.000000	0.367771	-1.959841	-23.830484	-0.000098	4.686175	6.993103	0.000000	-5.511165	0.012813	-0.692057	9.404996	-8.547761	23.563482	29.698259	76.319801	8.620861	-6.629434	19.977279	26.052781	75.141364
7.816667	0.713142	1.231901	2.772539	0.902759	0.927766	-0.082789	0.253006	-4.048006	-25.528635	-0.000037	5.647015	0.871332	0.000000	0.479012	-1.966403	-23.779228	-0.000201	4.727702	6.894074	0.000000	-5.462737	-0.027418	-0.643896	9.557869	-8.596611	23.650289	29.742550	76.276575	8.793832	-6.781665	20.165748	26.255943	75.128878
7.833333	0.646219	1.207227	2.741075	0.901960	0.927535	-0.082465	0.375243	-4.010241	-25.371019	-0.000103	5.609152	0.717734	0.000000	0.581276	-1.991088	-23.712736	-0.000318	4.797736	6.798173	0.000000	-5.478960	-0.055130	-0.609640	9.768695	-8.656346	23.719552	29.835246	76.237466	9.042923	-6.939502	20.292636	26.440110	75.109041
7.850000	0.595523	1.173420	2.707595	0.900835	0.927187	-0.082062	0.499359	-3.955694	-25.170587	-0.000195	5.564123	0.497055	0.000000	0.686775	-2.031224	-23.623779	-0.000393	4.885908	6.682972	0.000000	-5.556792	-0.072768	-0.581568	10.044846	-8.736785	23.792269	29.993966	76.194148	9.377304	-7.113553	20.391602	26.643661	75.077718
7.866667	0.550679	1.133415	2.675042	0.899481	0.926756	-0.081605	0.636506	-3.887962	-24.914584	-0.000290	5.496351	0.173180	0.000000	0.806850	-2.082664	-23.510542	-0.000318	4.974398	6.531090	0.000000	-5.684162	-0.085610	-0.554188	10.385175	-8.844884	23.887289	30.229473	76.139037	9.795147	-7.310846	20.496574	26.899150	75.031960
7.883333	0.499768	1.089997	2.650248	0.898016	0.926296	-0.081133	0.796167	-3.811584	-24.612561	-0.000331	5.401005	-0.248637	0.000000	0.953291	-2.141489	-23.379590	0.000071	5.047180	6.344490	0.000000	-5.844183	-0.098215	-0.528047	10.786348	-8.979317	24.007742	30.535667	76.070190	10.292928	-7.531927	20.621527	27.215577	74.972773
7.900000	0.429048	1.044654	2.641158	0.896473	0.925849	-0.080688	0.988148	-3.730892	-24.302969	-0.000214	5.292096	-0.705291	0.000000	1.139232	-2.204833	-23.246194	0.000966	5.097447	6.151415	0.000000	-6.015886	-0.112838	-0.511222	11.250312	-9.128128	24.133334	30.883139	75.994238	10.874350	-7.769221	20.750504	27.570646	74.907144
7.916667	0.327779	0.998000	2.655057	0.894818	0.925467	-0.080328	1.219080	-3.650071	-24.034863	0.000209	5.192778	-1.109930	0.000000	1.374485	-2.269902	-23.126254	0.002504	5.124082	5.989014	0.000000	-6.178769	-0.129960	-0.516451	11.783849	-9.275195	24.232806	31.234365	75.922745	11.548120	-8.009022	20.851305	27.926183	74.844892
7.933333	0.193693	0.950715	2.697291	0.893039	0.925206	-0.080096	1.487931	-3.573172	-23.832632	0.001097	5.113016	-1.419175	0.000000	1.660300	-2.333072	-23.022416	0.004592	5.121887	5.870253	0.000000	-6.324273	-0.149281	-0.554882	12.394228	-9.412027	24.290153	31.573889	75.863696	12.321955	-8.240263	20.903683	28.258010	74.791319
7.950000	0.033116	0.903792	2.769775	0.891158	0.925114	-0.079984	1.786665	-3.503128	-23.684091	0.002530	5.039018	-1.658801	0.000000	1.989120	-2.390664	-22.919467	0.006649	5.076107	5.770671	0.000000	-6.460199	-0.170650	-0.632087	13.087392	-9.541521	24.315869	31.918388	75.817654	13.200784	-8.460700	20.910555	28.566524	74.743597
7.966667	-0.143336	0.858293	2.869627	0.889169	0.925243	-0.079923	2.105096	-3.440833	-23.557587	0.004350	4.939509	-1.895993	0.000000	2.348590	-2.440040	-22.791937	0.007287	4.964047	5.640910	0.000000	-6.604279	-0.194782	-0.747611	13.869832	-9.672603	24.337617	32.300926	75.780540	14.188533	-8.674893	20.887669	28.864252	74.692935
7.983333	-0.325471	0.815590	2.988850	0.887016	0.925602	-0.079851	2.435381	-3.385919	-23.421311	0.005913	4.777563	-2.202776	0.000000	2.726103	-2.478905	-22.615043	0.004069	4.762400	5.425156	0.000000	-6.776098	-0.223478	-0.894534	14.751632	-9.814999	24.386137	32.750264	75.747417	15.289709	-8.888692	20.850698	29.162914	74.628375
8.000000	-0.507493	0.777946	3.114898	0.884634	0.926059	-0.079757	2.774919	-3.338904	-23.255189	0.005836	4.526464	-2.624457	0.000000	3.112710	-2.503626	-22.376456	-0.006387	4.461175	5.082000	0.000000	-6.989123	-0.259537	-1.056999	15.748146	-9.976010	24.481383	33.271640	75.715099	16.508820	-9.103850	20.806616	29.468046	74.541094
8.016667	-0.690129	0.748434	3.232918	0.882025	0.926382	-0.079678	3.127165	-3.302427	-23.055215	0.001834	4.183032	-3.159965	0.000000	3.505911	-2.509189	-22.083703	-0.027541	4.073987	4.601678	0.000000	-7.244538	-0.306115	-1.210355	16.878123	-10.158305	24.623349	33.836015	75.683735	17.848611	-9.315557	20.749328	29.778814	74.427797
8.033333	-0.877761	0.729802	3.331438	0.879296	0.926421	-0.079653	3.497231	-3.280129	-22.825235	-0.009059	3.759965	-3.781243	0.000000	3.908227	-2.491624	-21.754632	-0.060784	3.625419	3.995725	0.000000	-7.533875	-0.365162	-1.331764	18.156907	-10.361902	24.800896	34.397310	75.656455	19.308119	-9.516729	20.663863	30.092282	74.288746
8.050000	-1.074553	0.722898	3.407364	0.876617	0.926188	-0.079675	3.887319	-3.273962	-22.565723	-0.029525	3.269943	-4.467728	0.000000	4.324758	-2.451523	-21.402227	-0.101585	3.132557	3.277250	0.000000	-7.845181	-0.435729	-1.413449	19.588585	-10.587600	25.007265	34.925042	75.637511	20.879559	-9.705934	20.536001	30.410653	74.123967
8.066667	-1.285911	0.725646	3.464907	0.874096	0.925773	-0.079698	4.300032	-3.282405	-22.274206	-0.059806	2.727780	-5.206078	0.000000	4.766164	-2.396427	-21.035961	-0.134024	2.610837	2.467748	0.000000	-8.162036	-0.513507	-1.462685	21.164373	-10.836112	25.239587	35.413318	75.631236	22.546061	-9.889759	20.356799	30.745526	73.934251
8.083333	-1.519364	0.733156	3.512123	0.871756	0.925233	-0.079679	4.742398	-3.300963	-21.946383	-0.094069	2.150128	-5.988565	0.000000	5.251879	-2.340774	-20.663722	-0.125004	2.081895	1.593785	0.000000	-8.462925	-0.591580	-1.492510	22.869039	-11.108169	25.499219	35.867948	75.642246	24.286099	-10.077928	20.121615	31.112231	73.719930
8.100000	-1.782997	0.738423	3.559696	0.869618	0.924535	-0.079615	5.226502	-3.324312	-21.575749	-0.115583	1.546857	-6.827947	0.000000	5.810186	-2.303983	-20.287271	-0.021448	1.570796	0.665764	0.000000	-8.724334	-0.661401	-1.515941	24.687336	-11.407066	25.798451	36.296776	75.674623	26.082214	-10.277742	19.831742	31.517894	73.476843
8.116667	-2.088527	0.733363	3.619798	0.867718	0.923560	-0.079533	5.774292	-3.349455	-21.166310	-0.092151	0.935023	-7.739755	0.000000	6.479263	-2.306774	-19.912200	0.243434	1.114953	-0.307764	0.000000	-8.919330	-0.714011	-1.544244	26.603905	-11.735537	26.147592	36.704961	75.729819	27.925204	-10.491741	19.499716	31.954133	73.201254
8.133333	-2.451372	0.710858	3.702406	0.866043	0.922238	-0.079446	6.418427	-3.378441	-20.739297	0.024846	0.355508	-8.716636	0.000000	7.299813	-2.365525	-19.552692	0.730944	0.761521	-1.304716	0.000000	-9.021598	-0.742389	-1.584162	28.601376	-12.090728	26.539115	37.092111	75.806441	29.813999	-10.716748	19.152708	32.395995	72.897577
8.150000	-2.882335	0.666485	3.811298	0.864522	0.920664	-0.079312	7.190741	-3.417297	-20.317616	0.292026	-0.140040	-9.741142	0.000000	8.298331	-2.487888	-19.211981	1.475403	0.537332	-2.315463	0.000000	-9.018051	-0.744126	-1.634173	30.660487	-12.465385	26.955469	37.452837	75.902734	31.753982	-10.943207	18.832054	32.804645	72.577250
8.166667	-3.384239	0.597636	3.944323	0.863036	0.918993	-0.079058	8.111965	-3.470333	-19.908607	0.754126	-0.516736	-10.813122	0.000000	9.483084	-2.673139	-18.867074	2.478313	0.433172	-3.361356	0.000000	-8.911493	-0.721297	-1.685153	32.762146	-12.852869	27.386049	37.779601	76.019098	33.752527	-11.157634	18.590123	33.138055	72.252380
8.183333	-3.956353	0.501603	4.097689	0.861397	0.917252	-0.078644	9.191204	-3.535234	-19.499059	1.425720	-0.775962	-11.962052	0.000000	10.855237	-2.914800	-18.474004	3.718622	0.416962	-4.480279	0.000000	-8.712905	-0.676973	-1.726207	34.892821	-13.251939	27.834304	38.067329	76.158589	35.815823	-11.348352	18.483473	33.368660	71.930850
8.200000	-4.596534	0.375113	4.269030	0.859436	0.915345	-0.078113	10.429124	-3.603987	-19.062877	2.292753	-0.952099	-13.235195	0.000000	12.415881	-3.202937	-17.984541	5.167082	0.454630	-5.703057	0.000000	-8.435992	-0.611676	-1.749669	37.047715	-13.668874	28.308789	38.318434	76.324574	37.948166	-11.509428	18.560737	33.497338	71.616098
8.216667	-5.297396	0.214951	4.455919	0.857145	0.913165	-0.077569	11.818616	-3.667105	-18.577373	3.331853	-1.085821	-14.669210	0.000000	14.161037	-3.527482	-17.366335	6.798093	0.528717	-7.036062	0.000000	-8.097711	-0.522514	-1.750814	39.226894	-14.114303	28.804046	38.545129	76.516304	40.146820	-11.639555	18.846297	33.557048	71.311493
8.233333	-6.043600	0.019444	4.651198	0.854661	0.910668	-0.077107	13.346501	-3.717412	-18.033368	4.529822	-1.199383	-16.270471	0.000000	16.075099	-3.880771	-16.614201	8.596063	0.645542	-8.460045	0.000000	-7.718754	-0.405335	-1.722809	41.430539	-14.596573	29.291438	38.764517	76.726224	42.395311	-11.737166	19.331097	33.600907	71.025730
8.250000	-6.818214	-0.209233	4.840246	0.852099	0.907843	-0.076778	15.004054	-3.753321	-17.430146	5.892670	-1.295527	-18.021629	0.000000	18.135747	-4.255709	-15.743978	10.554766	0.825475	-9.948323	0.000000	-7.316958	-0.258124	-1.653166	43.659165	-15.117665	29.734573	38.986647	76.942762	44.667676	-11.796387	19.983593	33.675307	70.773700
8.266667	-7.610284	-0.463019	5.003322	0.849437	0.904685	-0.076597	16.797450	-3.781113	-16.766182	7.444736	-1.370436	-19.899970	0.000000	20.322621	-4.641631	-14.781433	12.670792	1.089518	-11.481205	0.000000	-6.902621	-0.084045	-1.526671	45.917404	-15.673081	30.113172	39.205795	77.155440	46.944395	-11.808755	20.772845	33.799623	70.572194
8.283333	-8.415961	-0.727844	5.119935	0.846577	0.901155	-0.076562	18.748612	-3.814457	-16.037893	9.223864	-1.421921	-21.885381	0.000000	22.620479	-5.023139	-13.758383	14.937923	1.453205	-13.042330	0.000000	-6.480189	0.106801	-1.331045	48.216350	-16.253353	30.432001	39.402355	77.356915	49.224115	-11.769307	21.686172	33.967816	70.435483
8.300000	-9.240317	-0.986978	5.172438	0.843441	0.897135	-0.076665	20.893939	-3.870335	-15.242731	11.275755	-1.452697	-23.961377	0.000000	25.025988	-5.383799	-12.709035	17.351016	1.922709	-14.617035	0.000000	-6.044958	0.299005	-1.059763	50.571526	-16.848144	30.718325	39.550450	77.542675	51.520732	-11.681169	22.737386	34.159522	70.372387
8.316667	-10.096570	-1.225592	5.149644	0.839990	0.892463	-0.076883	23.275526	-3.963652	-14.382885	13.641946	-1.466782	-26.106581	0.000000	27.551026	-5.711270	-11.663995	19.912244	2.491449	-16.196288	0.000000	-5.582978	0.476881	-0.711774	52.998669	-17.451244	31.013061	39.626283	77.709430	53.851988	-11.555249	23.959469	34.352014	70.383729
8.333333	-10.990786	-1.432324	5.049955	0.836251	0.887081	-0.077162	25.910301	-4.103981	-13.475467	16.338240	-1.447349	-28.260011	0.000000	30.200655	-6.000422	-10.651970	22.623404	3.146053	-17.763401	0.000000	-5.089600	0.628847	-0.291271	55.507750	-18.058578	31.348349	39.617876	77.850351	56.223584	-11.405543	25.366821	34.540019	70.461146
8.350000	-11.908747	-1.599001	4.882396	0.832372	0.881097	-0.077428	28.762390	-4.294807	-12.561409	19.336233	-1.341264	-30.295181	0.000000	32.945744	-6.253386	-9.705369	25.466886	3.873195	-19.275575	0.000000	-4.581811	0.748267	0.189034	58.092208	-18.659428	31.730007	39.530495	77.951522	58.613874	-11.245883	26.919835	34.749536	70.589848
8.366667	-12.824055	-1.721058	4.665250	0.828559	0.874721	-0.077628	31.751724	-4.533453	-11.693347	22.563633	-1.085281	-32.058823	0.000000	35.724322	-6.476025	-8.855774	28.394125	4.651376	-20.673936	0.000000	-4.083856	0.831265	0.702520	60.721517	-19.231543	32.152976	39.380896	77.996737	60.979104	-11.093183	28.549165	35.018155	70.754542
8.383333	-13.711396	-1.797198	4.420978	0.824944	0.868170	-0.077757	34.783307	-4.811580	-10.909977	25.922669	-0.644214	-33.437685	0.000000	38.461154	-6.673556	-8.124803	31.331448	5.444493	-21.908476	0.000000	-3.613303	0.874050	1.210083	63.346921	-19.745021	32.623134	39.188138	77.975945	63.278741	-10.969191	30.201514	35.360490	70.941928
8.400000	-14.550098	-1.828154	4.168885	0.821526	0.861617	-0.077860	37.770165	-5.117101	-10.222752	29.312021	-0.021321	-34.388834	0.000000	41.085376	-6.848835	-7.522139	34.198731	6.217072	-22.946560	0.000000	-3.184081	0.872792	1.671844	65.911157	-20.170451	33.139726	38.974884	77.889562	65.489454	-10.888908	31.820617	35.761878	71.136185
8.416667	-15.320135	-1.816567	3.922785	0.818232	0.855181	-0.078000	40.638727	-5.436254	-9.619961	32.637188	0.747701	-34.943223	0.000000	43.539682	-7.002156	-7.045807	36.928026	6.955967	-23.769584	0.000000	-2.817499	0.826563	2.058009	68.356602	-20.485199	33.659113	38.778299	77.749710	67.599420	-10.844665	33.293121	36.197699	71.314867
8.433333	-16.000984	-1.767621	3.694700	0.815003	0.848935	-0.078211	43.326704	-5.755669	-9.079142	35.811746	1.602298	-35.193875	0.000000	45.784973	-7.131471	-6.682236	39.472200	7.674500	-24.372127	0.000000	-2.545356	0.740337	2.352408	70.641886	-20.677345	34.103994	38.648287	77.578200	69.606430	-10.808780	34.473956	36.646494	71.456031
8.450000	-16.584080	-1.687808	3.495467	0.811810	0.842871	-0.078477	45.796573	-6.066086	-8.580249	38.766213	2.471757	-35.257930	0.000000	47.811574	-7.234442	-6.412924	41.806811	8.396668	-24.760989	0.000000	-2.391718	0.623482	2.555175	72.759779	-20.749767	34.418406	38.622330	77.398627	71.526503	-10.752860	35.285589	37.087319	71.550829
8.466667	-17.085268	-1.581905	3.328840	0.808655	0.836883	-0.078752	48.052868	-6.364151	-8.111568	41.462919	3.299012	-35.234789	0.000000	49.648250	-7.312669	-6.224184	43.934007	9.140908	-24.951304	0.000000	-2.352297	0.483766	2.683781	74.736493	-20.719499	34.602199	38.701568	77.225913	73.396012	-10.660986	35.765887	37.491998	71.604526
8.483333	-17.537224	-1.452561	3.187002	0.805563	0.830789	-0.078984	50.135369	-6.648478	-7.668061	43.901239	4.061325	-35.186052	0.000000	51.353832	-7.375624	-6.109211	45.888726	9.916296	-24.969253	0.000000	-2.400304	0.325006	2.766397	76.620926	-20.608183	34.700656	38.849786	77.059628	75.264675	-10.531065	36.032303	37.819262	71.625726
8.500000	-17.967399	-1.303204	3.054603	0.802520	0.824396	-0.079131	52.094041	-6.915725	-7.248719	46.113011	4.773916	-35.134169	0.000000	52.995227	-7.439498	-6.061326	47.736465	10.724030	-24.860214	0.000000	-2.514468	0.151922	2.832366	78.481407	-20.431648	34.777898	39.007563	76.884523	77.190819	-10.369701	36.227358	38.012621	71.616129
8.516667	-18.382521	-1.139244	2.918255	0.799423	0.817573	-0.079169	53.970223	-7.162968	-6.854488	48.155795	5.479309	-35.069052	0.000000	54.626019	-7.519394	-6.066323	49.555667	11.558453	-24.686789	0.000000	-2.698975	-0.026891	2.905129	80.399413	-20.196943	34.897485	39.106914	76.676879	79.235502	-10.183667	36.481159	38.004942	71.566122
8.533333	-18.769894	-0.966312	2.773254	0.796121	0.810301	-0.079089	55.791571	-7.392436	-6.486767	50.102832	6.232115	-34.956956	0.000000	56.275115	-7.621902	-6.100702	51.413357	12.409036	-24.512079	0.000000	-2.978144	-0.203244	2.996395	82.448380	-19.905716	35.115584	39.081880	76.412485	81.448261	-9.974371	36.892561	37.729577	71.455985
8.550000	-19.112031	-0.788062	2.624674	0.792553	0.802638	-0.078896	57.576155	-7.613202	-6.147012	52.027733	7.082972	-34.751430	0.000000	57.948695	-7.744309	-6.139471	53.347593	13.266351	-24.372878	0.000000	-3.372594	-0.374937	3.103924	84.666227	-19.560671	35.478823	38.878127	76.073583	83.847748	-9.738288	37.520344	37.137571	71.262493
8.566667	-19.404326	-0.605257	2.484363	0.788818	0.794657	-0.078627	59.340790	-7.838777	-5.834493	53.987212	8.059891	-34.414826	0.000000	59.642162	-7.878091	-6.168133	55.362949	14.127429	-24.264004	0.000000	-3.875831	-0.545955	3.216864	87.035119	-19.173755	36.002063	38.476377	75.660894	86.398592	-9.471476	38.352732	36.238863	70.973069
8.583333	-19.659369	-0.417846	2.363666	0.785133	0.786431	-0.078355	61.100197	-8.079471	-5.543343	56.006374	9.153875	-33.941325	0.000000	61.346338	-8.014609	-6.185655	57.437022	14.989771	-24.155546	0.000000	-4.453474	-0.720945	3.324910	89.481860	-18.769211	36.633675	37.919834	75.207954	88.999771	-9.175069	39.265498	35.146306	70.599854
8.600000	-19.894225	-0.227047	2.265076	0.781728	0.778064	-0.078132	62.855641	-8.334538	-5.263311	58.075855	10.333450	-33.347758	0.000000	63.041699	-8.151627	-6.199255	59.531893	15.846066	-24.018751	0.000000	-5.063989	-0.901721	3.423624	91.909590	-18.372524	37.284152	37.288381	74.768280	91.520709	-8.855780	40.074444	34.027882	70.171882
8.616667	-20.117027	-0.034506	2.181079	0.778677	0.769695	-0.077943	64.591876	-8.591996	-4.983147	60.163055	11.565039	-32.654681	0.000000	64.696418	-8.293511	-6.218248	61.603424	16.687556	-23.839327	0.000000	-5.681356	-1.088241	3.512153	94.242345	-17.995156	37.903063	36.641553	74.379626	93.868621	-8.524587	40.667071	32.998383	69.713819
8.633333	-20.327098	0.158148	2.100832	0.775863	0.761476	-0.077744	66.288292	-8.834981	-4.694080	62.224027	12.794158	-31.904975	0.000000	66.276840	-8.443485	-6.246407	63.603841	17.500781	-23.627395	0.000000	-6.304991	-1.278511	3.586911	96.443015	-17.634176	38.488397	36.019787	74.052724	96.016412	-8.200602	41.042624	32.101559	69.244242
8.650000	-20.524607	0.347794	2.017606	0.773144	0.753529	-0.077520	67.931844	-9.050289	-4.394807	64.212902	13.933726	-31.175312	0.000000	67.761204	-8.598156	-6.278015	65.486312	18.266976	-23.409502	0.000000	-6.949182	-1.467871	3.638662	98.501161	-17.284212	39.041775	35.473824	73.785377	97.979240	-7.908377	41.249178	31.362955	68.784214
8.666667	-20.715852	0.528297	1.933009	0.770488	0.745872	-0.077291	69.521596	-9.234479	-4.094653	66.096211	14.900592	-30.544360	0.000000	69.148235	-8.750237	-6.301329	67.222479	18.972949	-23.204886	0.000000	-7.623121	-1.649563	3.655897	100.417691	-16.947587	39.550951	35.057338	73.571171	99.784690	-7.663319	41.332431	30.808236	68.353916
8.683333	-20.910650	0.691351	1.855396	0.767941	0.738388	-0.077059	71.066377	-9.391703	-3.808405	67.865116	15.653163	-30.062070	0.000000	70.458469	-8.894680	-6.304087	68.819095	19.611742	-23.023038	0.000000	-8.322225	-1.816921	3.631765	102.198915	-16.636724	39.994343	34.808241	73.401852	101.459958	-7.462469	41.320189	30.451301	67.966681
8.700000	-21.118941	0.829255	1.793683	0.765511	0.730878	-0.076786	72.583387	-9.526853	-3.548161	69.535787	16.199553	-29.741028	0.000000	71.729769	-9.032174	-6.276933	70.314315	20.172261	-22.878170	0.000000	-9.033787	-1.967385	3.566833	103.858451	-16.368614	40.349132	34.742034	73.269621	103.036525	-7.288320	41.221425	30.279923	67.626473
8.716667	-21.349510	0.937407	1.754555	0.763139	0.723129	-0.076435	74.099901	-9.644766	-3.319252	71.143005	16.586928	-29.558984	0.000000	73.010123	-9.166361	-6.214830	71.761321	20.643401	-22.787348	0.000000	-9.746505	-2.104144	3.461433	105.423961	-16.154772	40.609845	34.848135	73.166623	104.562770	-7.117917	41.034326	30.243928	67.321706
8.733333	-21.609525	1.015648	1.744869	0.760740	0.714953	-0.076024	75.650975	-9.754729	-3.118688	72.731181	16.883690	-29.468295	0.000000	74.348722	-9.297275	-6.118174	73.213672	21.031324	-22.755406	0.000000	-10.455037	-2.232244	3.306489	106.942883	-15.991637	40.806704	35.085889	73.082563	106.107135	-6.929212	40.758600	30.254673	67.019260
8.750000	-21.905612	1.066254	1.773252	0.758255	0.706254	-0.075604	77.268494	-9.870040	-2.937688	74.338485	17.160597	-29.411744	0.000000	75.785932	-9.418487	-5.991938	74.711296	21.360514	-22.773398	0.000000	-11.157317	-2.351467	3.086505	108.476346	-15.857315	40.995880	35.386741	73.005084	107.740213	-6.704218	40.405102	30.206798	66.673233
8.766667	-22.246141	1.090106	1.847724	0.755719	0.697102	-0.075220	78.967736	-10.002390	-2.768066	75.980081	17.471405	-29.342708	0.000000	77.343313	-9.520073	-5.842235	76.266859	21.654677	-22.832111	0.000000	-11.848076	-2.452088	2.792176	110.078776	-15.715601	41.219011	35.666303	72.924424	109.501516	-6.435958	39.999012	30.025144	66.251917
8.783333	-22.641627	1.085942	1.971012	0.753285	0.687684	-0.074898	80.741403	-10.157958	-2.605751	77.644818	17.839549	-29.239331	0.000000	79.016649	-9.594014	-5.674067	77.861836	21.924940	-22.928259	0.000000	-12.515014	-2.517487	2.429607	111.777847	-15.521188	41.469824	35.840044	72.838189	111.375809	-6.135456	39.573865	29.706512	65.761341
8.800000	-23.099917	1.052327	2.138628	0.751142	0.678215	-0.074659	82.563468	-10.337687	-2.449766	79.306175	18.260526	-29.103555	0.000000	80.776330	-9.637598	-5.491895	79.456949	22.179966	-23.049777	0.000000	-13.144350	-2.530651	2.020457	113.571379	-15.229660	41.706212	35.838845	72.750811	113.300416	-5.822174	39.151013	29.311499	65.235965
8.816667	-23.618358	0.989295	2.341222	0.749389	0.668897	-0.074537	84.396275	-10.539957	-2.300573	80.934144	18.714138	-28.951045	0.000000	82.575700	-9.652762	-5.301060	81.010260	22.440115	-23.160080	0.000000	-13.732510	-2.479870	1.596717	115.440001	-14.814560	41.890672	35.620974	72.667748	115.194937	-5.503675	38.716426	28.918684	64.705342
8.833333	-24.180010	0.899994	2.565146	0.748000	0.659876	-0.074566	86.197700	-10.760863	-2.159276	82.500971	19.172189	-28.805293	0.000000	84.364749	-9.644342	-5.106194	82.493893	22.729651	-23.216386	0.000000	-14.292581	-2.364050	1.194339	117.360051	-14.276840	42.007439	35.174892	72.589778	116.990069	-5.171174	38.220292	28.596458	64.176475
8.850000	-24.756893	0.792935	2.790440	0.746851	0.651203	-0.074723	87.930371	-10.990387	-2.025949	83.985908	19.602365	-28.694218	0.000000	86.102603	-9.620284	-4.907557	83.900949	23.056874	-23.203984	0.000000	-14.850186	-2.197173	0.848679	119.306552	-13.642386	42.050937	34.519545	72.510882	118.641021	-4.812757	37.598587	28.403762	63.641007
8.866667	-25.319208	0.681464	2.993430	0.745840	0.642850	-0.074938	89.570997	-11.211335	-1.897827	85.381879	19.980689	-28.635826	0.000000	87.762984	-9.592759	-4.701829	85.240316	23.416492	-23.132990	0.000000	-15.428970	-2.005058	0.590308	121.246196	-12.957751	42.016310	33.711884	72.420350	120.121686	-4.425681	36.795062	28.392826	63.088541
8.883333	-25.844490	0.578868	3.154844	0.744976	0.634728	-0.075153	91.115982	-11.406186	-1.769906	86.702067	20.308521	-28.620037	0.000000	89.335861	-9.577266	-4.487441	86.531371	23.811161	-23.006724	0.000000	-16.036591	-1.814159	0.438842	123.134557	-12.282570	41.900427	32.845735	72.307157	121.413737	-4.018098	35.773217	28.601524	62.514554
8.900000	-26.316482	0.492895	3.265960	0.744313	0.626679	-0.075346	92.579100	-11.564736	-1.637177	87.982027	20.613862	-28.613298	0.000000	90.826452	-9.589013	-4.266516	87.805647	24.255533	-22.813950	0.000000	-16.669052	-1.641096	0.401086	124.934341	-11.668267	41.704493	32.010955	72.163089	122.509762	-3.600384	34.518464	29.037714	61.919046
8.916667	-26.718146	0.424549	3.328251	0.743804	0.618499	-0.075520	93.983064	-11.684878	-1.494815	89.270266	20.933354	-28.585240	0.000000	92.250876	-9.637844	-4.041576	89.105310	24.753522	-22.554232	0.000000	-17.326400	-1.490848	0.475494	126.637577	-11.137896	41.435640	31.244983	71.986607	123.430756	-3.176373	33.060971	29.659077	61.310404
8.933333	-27.033232	0.371550	3.348280	0.743262	0.610008	-0.075704	95.353441	-11.769291	-1.336243	90.608995	21.292261	-28.524581	0.000000	93.633938	-9.724495	-3.812904	90.473087	25.277882	-22.261200	0.000000	-18.015966	-1.363832	0.654420	128.260503	-10.694214	41.108265	30.545122	71.788480	124.237379	-2.746629	31.522411	30.367306	60.723638
8.950000	-27.254390	0.331118	3.331689	0.742458	0.601103	-0.075956	96.712760	-11.821908	-1.154507	92.017522	21.697137	-28.428714	0.000000	95.005931	-9.842489	-3.577849	91.939521	25.778040	-21.989116	0.000000	-18.740945	-1.259613	0.919306	129.816006	-10.335034	40.747400	29.913197	71.590052	125.007930	-2.321806	30.089002	31.041837	60.214344
8.966667	-27.385939	0.300044	3.280742	0.741254	0.591828	-0.076297	98.071257	-11.844677	-0.946784	93.486719	22.140379	-28.288269	0.000000	96.390130	-9.984065	-3.331276	93.510340	26.205586	-21.775605	0.000000	-19.491961	-1.173282	1.235961	131.292531	-10.048440	40.391929	29.366549	71.412278	125.795730	-1.930255	28.902020	31.591123	59.818643
8.983333	-27.437411	0.275107	3.198462	0.739620	0.582366	-0.076681	99.420978	-11.837934	-0.715891	94.985466	22.606415	-28.090004	0.000000	97.787861	-10.142428	-3.068773	95.158608	26.531390	-21.624242	0.000000	-20.254418	-1.095410	1.560746	132.659269	-9.806738	40.085461	28.916016	71.266601	126.613356	-1.605614	28.000330	31.968988	59.532449
9.000000	-27.413252	0.253563	3.095754	0.737587	0.572913	-0.077041	100.738302	-11.805668	-0.467413	96.476580	23.074820	-27.831335	0.000000	99.177050	-10.308405	-2.790014	96.833286	26.748765	-21.513464	0.000000	-21.023644	-1.015812	1.853851	133.891618	-9.573256	39.858113	28.540194	71.152708	127.450373	-1.364087	27.348521	32.154366	59.324877
9.016667	-27.308125	0.232536	2.992591	0.735217	0.563582	-0.077352	101.992758	-11.758457	-0.205724	97.932902	23.521169	-27.527984	0.000000	100.524579	-10.468047	-2.498162	98.482128	26.867468	-21.411431	0.000000	-21.809501	-0.925037	2.088903	134.989469	-9.315229	39.718659	28.184751	71.061388	128.291466	-1.195935	26.883621	32.134390	59.157580
9.033333	-27.113566	0.209304	2.910652	0.732632	0.554444	-0.077627	103.157205	-11.709068	0.067805	99.341242	23.914073	-27.217126	0.000000	101.798229	-10.605823	-2.198033	100.067438	26.904666	-21.290249	0.000000	-22.625906	-0.816415	2.255475	135.971447	-9.016667	39.659311	27.794138	70.980565	129.121237	-1.077030	26.550415	31.909401	58.999221
9.050000	-26.832738	0.182340	2.865254	0.730027	0.545612	-0.077883	104.216712	-11.666517	0.353171	100.693668	24.211834	-26.958684	0.000000	102.974177	-10.709949	-1.896324	101.563298	26.880478	-21.136309	0.000000	-23.475315	-0.689278	2.354873	136.857599	-8.683380	39.661834	27.347186	70.900990	129.926431	-0.985760	26.319119	31.505367	58.834351
9.066667	-26.490402	0.149479	2.863315	0.727619	0.537236	-0.078126	105.171334	-11.636087	0.647084	101.978354	24.374134	-26.812297	0.000000	104.043206	-10.774410	-1.600378	102.947652	26.816058	-20.948216	0.000000	-24.341833	-0.546054	2.396224	137.665864	-8.335011	39.702135	26.860460	70.818038	130.701946	-0.910517	26.179127	30.969463	58.662063
9.083333	-26.129794	0.104515	2.905840	0.725578	0.529472	-0.078379	106.029860	-11.624339	0.938964	103.178567	24.389057	-26.796756	0.000000	105.011073	-10.797500	-1.315228	104.201269	26.729493	-20.728182	0.000000	-25.192220	-0.385530	2.395481	138.410717	-7.996134	39.755191	26.373046	70.731727	131.442406	-0.847593	26.118407	30.363634	58.489739
9.100000	-25.800044	0.037793	2.990504	0.723987	0.522440	-0.078686	106.802486	-11.642075	1.212266	104.277431	24.286087	-26.879174	0.000000	105.891819	-10.779591	-1.043391	105.310568	26.631859	-20.481640	0.000000	-25.977214	-0.203230	2.370974	139.081232	-7.698201	39.799374	25.947633	70.648130	132.115527	-0.798562	26.113216	29.776646	58.331761
9.116667	-25.539013	-0.060355	3.112975	0.722814	0.516182	-0.079087	107.497227	-11.702125	1.448849	105.263378	24.118132	-27.004991	0.000000	106.700555	-10.722075	-0.785154	106.271481	26.527376	-20.219869	0.000000	-26.645633	0.004351	2.337000	139.638971	-7.473955	39.821148	25.653209	70.576316	132.667069	-0.767156	26.137457	29.305475	58.204106
9.133333	-25.359067	-0.196932	3.267601	0.721919	0.510670	-0.079587	108.115772	-11.814867	1.632581	106.131792	23.932368	-27.133712	0.000000	107.446979	-10.628449	-0.538575	107.090270	26.416613	-19.956553	0.000000	-27.170661	0.238763	2.300801	140.054849	-7.338431	39.821160	25.512895	70.519380	133.065042	-0.753083	26.178342	28.995170	58.109644
9.150000	-25.247030	-0.373762	3.448809	0.721145	0.505883	-0.080170	108.652445	-11.985147	1.753435	106.881510	23.755243	-27.251350	0.000000	108.130400	-10.504659	-0.303077	107.776148	26.298813	-19.702818	0.000000	-27.558851	0.498741	2.263520	140.332892	-7.284501	39.818035	25.483508	70.469351	133.320885	-0.748833	26.246041	28.816351	58.030084
9.166667	-25.178769	-0.586157	3.653965	0.720377	0.501811	-0.080811	109.102575	-12.210941	1.811639	107.511454	23.594570	-27.362272	0.000000	108.743694	-10.356056	-0.083024	108.333451	26.172843	-19.463675	0.000000	-27.836412	0.779223	2.223114	140.507407	-7.295389	39.848769	25.486018	70.408311	133.479490	-0.742556	26.376206	28.695776	57.928538
9.183333	-25.134515	-0.824197	3.883864	0.719532	0.498425	-0.081481	109.470482	-12.482231	1.818256	108.019604	23.447263	-27.477031	0.000000	109.282409	-10.184219	0.113104	108.761484	26.037690	-19.238029	0.000000	-28.034706	1.072814	2.175990	140.636528	-7.353543	39.967456	25.440921	70.310705	133.611895	-0.722561	26.627353	28.545655	57.753648
9.200000	-25.103919	-1.075158	4.139294	0.718540	0.495701	-0.082185	109.766989	-12.782594	1.791421	108.403316	23.305923	-27.603498	0.000000	109.746594	-9.985442	0.276481	109.059345	25.893115	-19.023628	0.000000	-28.183460	1.372418	2.117588	140.789603	-7.443360	40.238781	25.288670	70.147247	133.805422	-0.679880	27.069875	28.277483	57.446477
9.216667	-25.084125	-1.326138	4.418374	0.717421	0.493642	-0.082965	110.002355	-13.095367	1.750894	108.663577	23.164155	-27.742759	0.000000	110.136844	-9.750917	0.402366	109.232448	25.741500	-18.821712	0.000000	-28.303618	1.673699	2.044267	141.022385	-7.552991	40.717945	25.003499	69.894709	134.134936	-0.609255	27.757910	27.820132	56.958867
9.233333	-25.079358	-1.566276	4.716581	0.716362	0.492289	-0.083866	110.182255	-13.408880	1.714019	108.810197	23.019159	-27.890544	0.000000	110.452660	-9.470788	0.491117	109.295018	25.587431	-18.639013	0.000000	-28.394306	1.975735	1.955722	141.344660	-7.676479	41.407197	24.607957	69.556098	134.617346	-0.510575	28.672485	27.157677	56.292310
9.250000	-25.101592	-1.787017	5.027565	0.715670	0.491745	-0.084898	110.304169	-13.716856	1.693560	108.858873	22.869010	-28.043084	0.000000	110.689325	-9.141207	0.543459	109.261844	25.433943	-18.490005	0.000000	-28.424384	2.277763	1.856168	141.700282	-7.817041	42.219531	24.177110	69.177790	135.178446	-0.389106	29.675042	26.362675	55.530986
9.266667	-25.164487	-1.980455	5.343047	0.715632	0.492190	-0.086022	110.350483	-14.015732	1.695032	108.819054	22.706400	-28.203392	0.000000	110.827759	-8.770329	0.555115	109.134022	25.283061	-18.397775	0.000000	-28.347493	2.572846	1.753104	141.991647	-7.987152	43.025617	23.807840	68.829227	135.682188	-0.251565	30.566927	25.561606	54.801441
9.283333	-25.275214	-2.138406	5.651559	0.716368	0.493814	-0.087155	110.288996	-14.301365	1.713579	108.683068	22.518340	-28.380118	0.000000	110.830684	-8.379938	0.516855	108.892357	25.141240	-18.387676	0.000000	-28.131596	2.843694	1.653907	142.136865	-8.202759	43.755842	23.570003	68.554161	136.009396	-0.102689	31.222194	24.855043	54.179189
9.300000	-25.436057	-2.254388	5.939042	0.717800	0.496729	-0.088221	110.089322	-14.569209	1.734030	108.426532	22.299057	-28.573589	0.000000	110.658392	-7.999822	0.419163	108.505646	25.022631	-18.473293	0.000000	-27.771355	3.067047	1.564133	142.104626	-8.477933	44.424091	23.488668	68.350200	136.102244	0.051426	31.632638	24.298474	53.656625
9.316667	-25.651757	-2.327839	6.193782	0.719772	0.500912	-0.089203	109.740234	-14.819399	1.735191	108.019894	22.064363	-28.761490	0.000000	110.292255	-7.656708	0.257275	107.946913	24.948060	-18.643064	0.000000	-27.277203	3.226050	1.487194	141.907811	-8.821638	45.064259	23.559963	68.187186	135.950731	0.197816	31.844918	23.941670	53.187725
9.333333	-25.934140	-2.367625	6.411706	0.722215	0.506245	-0.090139	109.251870	-15.059869	1.694865	107.442244	21.848153	-28.907499	0.000000	109.746837	-7.366136	0.034107	107.204951	24.939125	-18.858030	0.000000	-26.656220	3.320806	1.419059	141.575620	-9.231144	45.680672	23.767393	68.029298	135.567916	0.318332	31.895875	23.835141	52.730946
9.350000	-26.302061	-2.390306	6.597539	0.725204	0.512627	-0.091082	108.643667	-15.303504	1.593916	106.685489	21.682929	-28.986524	0.000000	109.061213	-7.130802	-0.241587	106.283801	25.009802	-19.064523	0.000000	-25.898357	3.368373	1.344027	141.120923	-9.688952	46.241661	24.093333	67.845875	134.969785	0.398733	31.786406	24.004346	52.262258
9.366667	-26.774369	-2.412191	6.762299	0.728853	0.520038	-0.092074	107.930815	-15.562504	1.420991	105.747602	21.584556	-28.995139	0.000000	108.276307	-6.941481	-0.560545	105.194073	25.159420	-19.217759	0.000000	-24.977915	3.391679	1.243562	140.517004	-10.178102	46.690161	24.543945	67.614704	134.147442	0.436959	31.476985	24.460841	51.773226
9.383333	-27.354862	-2.441693	6.917711	0.733125	0.528448	-0.093116	107.118954	-15.840328	1.175773	104.628564	21.551171	-28.943488	0.000000	107.415885	-6.780660	-0.913751	103.948030	25.366626	-19.304482	0.000000	-23.872438	3.405810	1.107912	139.698498	-10.699687	46.954292	25.169792	67.326903	133.054122	0.444485	30.900871	25.231646	51.272622
9.400000	-28.017557	-2.478106	7.070016	0.737843	0.537775	-0.094168	106.201889	-16.124833	0.867491	103.335383	21.569879	-28.847466	0.000000	106.477473	-6.630020	-1.288887	102.560280	25.589229	-19.347851	0.000000	-22.585564	3.414108	0.935363	138.584513	-11.263360	46.947143	26.046012	66.998986	131.627684	0.438823	29.995090	26.345663	50.803004
9.416667	-28.709210	-2.515066	7.218324	0.742870	0.547953	-0.095210	105.160185	-16.391520	0.510558	101.883994	21.622281	-28.725406	0.000000	105.433536	-6.476623	-1.671758	101.043512	25.777138	-19.389242	0.000000	-21.149488	3.414549	0.725146	137.102301	-11.865157	46.570789	27.231226	66.679121	129.816922	0.427736	28.731561	27.806957	50.448412
9.433333	-29.370147	-2.543828	7.357215	0.748187	0.558977	-0.096273	103.966609	-16.616204	0.120629	100.290666	21.686059	-28.593970	0.000000	104.243687	-6.313290	-2.052628	99.399250	25.891960	-19.462669	0.000000	-19.607512	3.405138	0.473917	135.203646	-12.480119	45.741502	28.740225	66.438411	127.594311	0.397355	27.136754	29.590545	50.314501
9.450000	-29.954272	-2.554778	7.479720	0.753797	0.570836	-0.097425	102.598971	-16.786314	-0.286797	98.565218	21.738382	-28.462502	0.000000	102.871687	-6.134765	-2.428810	97.617786	25.919091	-19.581769	0.000000	-18.000917	3.383658	0.175876	132.882826	-13.067418	44.423396	30.532780	66.353071	124.978821	0.319589	25.301472	31.627628	50.496304
9.466667	-30.433161	-2.537916	7.578832	0.759565	0.583414	-0.098699	101.054275	-16.901566	-0.694964	96.716016	21.762658	-28.328687	0.000000	101.298995	-5.935000	-2.800311	95.691069	25.865739	-19.742755	0.000000	-16.374230	3.346055	-0.174704	130.201787	-13.577034	42.671241	32.505440	66.480193	122.078553	0.169581	23.395312	33.759660	51.040473
9.483333	-30.788735	-2.482958	7.647542	0.765156	0.596476	-0.100042	99.355827	-16.965918	-1.084634	94.758935	21.749456	-28.179709	0.000000	99.530248	-5.709466	-3.165239	93.623745	25.746451	-19.937013	0.000000	-14.786165	3.285715	-0.576127	127.304785	-13.964413	40.666927	34.496433	66.828700	119.109425	-0.066865	21.676720	35.722146	51.906949
9.500000	-31.011068	-2.380536	7.679506	0.770224	0.609758	-0.101356	97.547653	-16.982016	-1.436471	92.718936	21.689396	-28.001437	0.000000	97.589602	-5.459653	-3.521041	91.431724	25.566714	-20.161528	0.000000	-13.298808	3.193781	-1.009633	124.384750	-14.216150	38.680616	36.331261	67.341042	116.330271	-0.391990	20.429401	37.233835	52.960364
9.516667	-31.101745	-2.224975	7.671862	0.774660	0.623083	-0.102555	95.675075	-16.952267	-1.737139	90.622303	21.565275	-27.792141	0.000000	95.507771	-5.193644	-3.867555	89.132930	25.317772	-20.413541	0.000000	-11.952723	3.060757	-1.438917	121.611313	-14.359973	36.945100	37.879883	67.914646	113.928352	-0.791127	19.830999	38.134465	54.023506
9.533333	-31.072979	-2.016992	7.627910	0.778583	0.636397	-0.103551	93.764472	-16.880115	-1.985139	88.487244	21.348323	-27.573118	0.000000	93.310711	-4.922444	-4.206119	86.740475	24.984273	-20.679785	0.000000	-10.757896	2.878315	-1.822014	119.079740	-14.448710	35.557510	39.080159	68.457066	111.952914	-1.233943	19.878776	38.446578	54.962310
9.550000	-30.941132	-1.765291	7.558395	0.782146	0.649707	-0.104260	91.818718	-16.770182	-2.191305	86.322355	21.003279	-27.390243	0.000000	91.022264	-4.654055	-4.535698	84.266653	24.556436	-20.941403	0.000000	-9.704096	2.643201	-2.128608	116.812729	-14.536876	34.502135	39.929077	68.921762	110.334884	-1.689504	20.431583	38.329033	55.723122
9.566667	-30.719084	-1.485096	7.482595	0.785411	0.662997	-0.104677	89.826389	-16.631808	-2.372286	84.131187	20.503450	-27.299875	0.000000	88.670309	-4.386045	-4.851524	81.730339	24.034284	-21.188924	0.000000	-8.775603	2.362510	-2.356428	114.791096	-14.656975	33.729624	40.458419	69.302307	108.953541	-2.144068	21.305346	37.980396	56.310133
9.583333	-30.414400	-1.192859	7.425036	0.788358	0.676217	-0.104874	87.774606	-16.480474	-2.541743	81.914959	19.841984	-27.343457	0.000000	86.284397	-4.104556	-5.147724	79.153751	23.418065	-21.429444	0.000000	-7.956903	2.053456	-2.532069	112.976954	-14.806254	33.199068	40.710709	69.611262	107.690583	-2.606178	22.348526	37.566709	56.752637
9.600000	-30.032727	-0.900755	7.403098	0.790933	0.689297	-0.104922	85.658581	-16.329456	-2.705931	79.672958	19.026980	-27.532667	0.000000	83.890259	-3.795002	-5.419044	76.554702	22.695391	-21.685993	0.000000	-7.230109	1.737114	-2.687436	111.325494	-14.958203	32.885301	40.724397	69.865465	106.453789	-3.095975	23.476886	37.193727	57.085404
9.616667	-29.581765	-0.614907	7.413686	0.793153	0.702172	-0.104868	83.484556	-16.179276	-2.865203	77.402659	18.073512	-27.850463	0.000000	81.505889	-3.454228	-5.659521	73.942937	21.843790	-21.988914	0.000000	-6.569328	1.432215	-2.833211	109.786186	-15.088791	32.776239	40.534432	70.079117	105.179018	-3.631190	24.671962	36.905714	57.338664
9.633333	-29.073314	-0.337560	7.432793	0.795197	0.714811	-0.104753	81.264080	-16.017053	-3.019018	75.098522	17.004782	-28.258555	0.000000	79.135184	-3.092575	-5.860946	71.317364	20.853253	-22.353643	0.000000	-5.936742	1.152013	-2.955186	108.288440	-15.196574	32.863111	40.192430	70.258944	103.811359	-4.222165	25.948702	36.713639	57.532437
9.650000	-28.518621	-0.069232	7.428784	0.797389	0.727273	-0.104615	78.999164	-15.825402	-3.169860	72.748168	15.848856	-28.715375	0.000000	76.758109	-2.725798	-6.013306	68.663445	19.743366	-22.766860	0.000000	-5.291494	0.902025	-3.029807	106.732112	-15.306244	33.119695	39.788687	70.402227	102.285278	-4.873167	27.318971	36.643040	57.675803
9.666667	-27.919169	0.190306	7.378124	0.800013	0.739699	-0.104473	76.667937	-15.591635	-3.324445	70.328600	14.631212	-29.192939	0.000000	74.327553	-2.366193	-6.107129	65.953582	18.556894	-23.195546	0.000000	-4.607744	0.679060	-3.039256	105.003274	-15.457813	33.480288	39.446399	70.500762	100.527119	-5.580062	28.765585	36.754729	57.771089
9.683333	-27.264260	0.439228	7.274044	0.803166	0.752252	-0.104315	74.227550	-15.311434	-3.494246	67.810675	13.380363	-29.671551	0.000000	71.785169	-2.020876	-6.136284	63.155835	17.344926	-23.599103	0.000000	-3.884380	0.475320	-2.977397	103.004306	-15.692041	33.836625	39.291791	70.546114	98.474513	-6.327214	30.219065	37.122192	57.816971
9.700000	-26.538691	0.670794	7.126060	0.806719	0.765013	-0.104102	71.637763	-14.986993	-3.693350	65.173292	12.135222	-30.129802	0.000000	69.092219	-1.694996	-6.099160	60.253080	16.147184	-23.945675	0.000000	-3.144255	0.284904	-2.851558	100.682650	-16.037518	34.056891	39.426475	70.533093	96.104160	-7.095629	31.567904	37.797195	57.811419
9.716667	-25.732670	0.874560	6.952868	0.810368	0.777881	-0.103777	68.888759	-14.623232	-3.933030	62.418208	10.937950	-30.546791	0.000000	66.254807	-1.394798	-5.998036	57.260723	14.968697	-24.234753	0.000000	-2.429648	0.106108	-2.685630	98.052765	-16.498662	34.018141	39.908382	70.463684	93.459469	-7.877744	32.710262	38.786105	57.757092
9.733333	-24.848666	1.041175	6.772062	0.813765	0.790585	-0.103313	66.013450	-14.226349	-4.217376	59.574427	9.820882	-30.901553	0.000000	63.325460	-1.128532	-5.839958	54.224747	13.781879	-24.494545	0.000000	-1.788706	-0.060222	-2.518642	95.198109	-17.052540	33.647018	40.738135	70.351276	90.649569	-8.683098	33.591825	40.041813	57.664377
9.750000	-23.903628	1.166968	6.592158	0.816714	0.802837	-0.102761	63.075181	-13.804925	-4.542487	56.686935	8.799257	-31.165827	0.000000	60.378774	-0.904372	-5.639895	51.198087	12.559439	-24.749973	0.000000	-1.249591	-0.210632	-2.391739	92.243625	-17.658328	32.963545	41.846994	70.223087	87.805519	-9.530708	34.210743	41.465513	57.551463
9.766667	-22.922951	1.254885	6.411706	0.819263	0.814442	-0.102217	60.140912	-13.370074	-4.899323	53.799641	7.871321	-31.308607	0.000000	57.479476	-0.727551	-5.420064	48.221045	11.305532	-24.998233	0.000000	-0.805500	-0.337653	-2.332585	89.315205	-18.271306	32.091679	43.105809	70.116040	85.031637	-10.435036	34.604707	42.923506	57.443096
9.783333	-21.930627	1.311599	6.223932	0.821565	0.825285	-0.101756	57.262498	-12.932733	-5.278037	50.945479	7.019195	-31.316934	0.000000	54.668041	-0.599107	-5.201908	45.323471	10.058928	-25.213470	0.000000	-0.428708	-0.432790	-2.350043	86.509433	-18.858604	31.203593	44.378232	70.063750	82.391732	-11.396806	34.825999	44.293217	57.364526
9.800000	-20.946245	1.343547	6.022874	0.823721	0.835318	-0.101403	54.473022	-12.500173	-5.671465	48.142035	6.213778	-31.202675	0.000000	51.965706	-0.516167	-4.999094	42.530894	8.867181	-25.367516	0.000000	-0.092735	-0.491853	-2.437937	83.881839	-19.410957	30.443799	45.574018	70.084553	79.919013	-12.404021	34.921386	45.502469	57.333641
9.816667	-19.986058	1.354418	5.806941	0.825781	0.844565	-0.101120	51.787756	-12.073623	-6.077391	45.390495	5.427652	-30.983813	0.000000	49.382215	-0.474677	-4.819034	39.861531	7.753098	-25.448853	0.000000	0.217311	-0.516151	-2.581431	81.449291	-19.939663	29.894789	46.658842	70.179754	77.624506	-13.440489	34.928915	46.528404	57.359395
9.833333	-19.060263	1.345425	5.577366	0.827820	0.853096	-0.100824	49.204250	-11.647820	-6.498398	42.680959	4.642431	-30.672977	0.000000	46.916734	-0.472868	-4.668486	37.321804	6.702579	-25.469104	0.000000	0.504353	-0.510577	-2.760661	79.193452	-20.465802	29.578199	47.643450	70.338846	75.495338	-14.493971	34.881053	47.385287	57.446078
9.850000	-18.169854	1.317349	5.334557	0.829958	0.860990	-0.100423	46.703175	-11.213060	-6.939521	39.999569	3.850064	-30.282173	0.000000	44.554235	-0.512271	-4.555755	34.904870	5.685705	-25.449917	0.000000	0.766224	-0.481853	-2.946618	77.060416	-21.016850	29.462489	48.572801	70.546024	73.484183	-15.553633	34.799897	48.127088	57.598603
9.866667	-17.308748	1.271614	5.076408	0.832343	0.868279	-0.099841	44.254031	-10.758813	-7.406349	37.335273	3.059078	-29.824227	0.000000	42.267641	-0.596577	-4.488526	32.595869	4.691126	-25.403377	0.000000	1.005199	-0.436481	-3.096137	74.966013	-21.628484	29.470659	49.514361	70.786247	71.502312	-16.602429	34.684790	48.855943	57.827158
9.883333	-16.469781	1.210387	4.799611	0.835108	0.874922	-0.099062	41.828465	-10.278799	-7.903661	34.689519	2.298670	-29.308589	0.000000	40.030397	-0.728470	-4.472675	30.383781	3.742429	-25.326490	0.000000	1.232681	-0.379181	-3.159357	72.810277	-22.338472	29.492783	50.547531	71.050249	69.429215	-17.619324	34.505102	49.717548	58.150470
9.900000	-15.650959	1.137753	4.503420	0.838338	0.880828	-0.098138	39.415841	-9.776833	-8.432843	32.082415	1.613104	-28.737002	0.000000	37.831359	-0.904491	-4.515838	28.269797	2.886010	-25.210075	0.000000	1.467620	-0.314472	-3.098239	70.499682	-23.169446	29.408334	51.743741	71.337180	67.143419	-18.585787	34.207581	50.863987	58.594417
9.916667	-14.858681	1.060948	4.192727	0.842060	0.885901	-0.097168	37.028639	-9.268859	-8.991365	29.546154	1.049412	-28.100646	0.000000	35.679226	-1.112210	-4.632778	26.263597	2.163741	-25.048816	0.000000	1.732161	-0.249859	-2.901802	67.976704	-24.111661	29.121510	53.124780	71.653534	64.567311	-19.481378	33.739097	52.382216	59.182219
9.933333	-14.103613	0.988619	3.876645	0.846281	0.890131	-0.096248	34.688667	-8.776551	-9.578204	27.105942	0.640011	-27.379216	0.000000	33.587714	-1.333677	-4.846312	24.366602	1.589529	-24.840203	0.000000	2.045189	-0.195014	-2.587502	65.242430	-25.118434	28.597864	54.623189	72.008523	61.699515	-20.274473	33.076336	54.229307	59.919356
9.950000	-13.390771	0.926927	3.563889	0.850997	0.893702	-0.095435	32.403743	-8.315693	-10.200196	24.760111	0.387745	-26.541648	0.000000	31.552529	-1.552189	-5.181933	22.554726	1.143644	-24.573505	0.000000	2.413108	-0.156623	-2.188804	62.352579	-26.117610	27.875751	56.085437	72.408481	58.609828	-20.923199	32.241290	56.231056	60.784732
9.966667	-12.712114	0.876748	3.259385	0.856135	0.896943	-0.094740	30.157349	-7.888094	-10.871818	22.477685	0.263672	-25.555438	0.000000	29.544389	-1.757232	-5.659066	20.780841	0.787999	-24.223001	0.000000	2.820926	-0.134371	-1.738026	59.395858	-27.030173	27.046280	57.313916	72.852773	55.405818	-21.385295	31.290090	58.147206	61.733977
9.983333	-12.048417	0.833724	2.964949	0.861526	0.900181	-0.094137	27.919604	-7.482310	-11.609394	20.216446	0.218564	-24.401342	0.000000	27.524580	-1.945224	-6.282896	18.997559	0.489887	-23.750177	0.000000	3.231103	-0.120388	-1.258614	56.475661	-27.781186	26.217613	58.118066	73.333512	52.196913	-21.630278	30.284059	59.753144	62.713351
10.000000	-11.379292	0.791843	2.684381	0.866981	0.903653	-0.093575	25.664779	-7.082489	-12.424377	17.942744	0.204001	-23.074539	0.000000	25.466882	-2.115124	-7.041273	17.178818	0.235694	-23.109635	0.000000	3.594118	-0.102954	-0.771972	53.689455	-28.303965	25.475157	58.368550	73.841533	49.066986	-21.650930	29.258728	60.901436	63.682523
10.016667	-10.691270	0.748448	2.427625	0.872357	0.907490	-0.093006	23.380988	-6.678589	-13.315173	15.642388	0.191568	-21.577634	0.000000	23.368992	-2.262475	-7.908084	15.327010	0.029229	-22.259549	0.000000	3.862042	-0.074549	-0.303760	51.106314	-28.552002	24.858038	58.033062	74.373536	46.063341	-21.466071	28.213732	61.552970	64.632167
10.033333	-9.979249	0.707081	2.206413	0.877495	0.911646	-0.092409	21.076594	-6.271401	-14.259892	13.328734	0.174629	-19.927853	0.000000	21.253043	-2.377774	-8.851005	13.470478	-0.119176	-21.178621	0.000000	3.997132	-0.038119	0.122475	48.764269	-28.513497	24.368704	57.165092	74.931742	43.207663	-21.112451	27.132297	61.768446	65.579512
10.050000	-9.245979	0.676485	2.024445	0.882174	0.915882	-0.091783	18.786884	-5.871525	-15.217165	11.047054	0.153429	-18.174584	0.000000	19.161694	-2.450315	-9.838670	11.657947	-0.206673	-19.885154	0.000000	3.976229	-0.005253	0.494251	46.682853	-28.211725	23.996855	55.869371	75.515462	40.517152	-20.633964	26.007956	61.662298	66.545300
10.066667	-8.499064	0.665855	1.873132	0.886158	0.919865	-0.091126	16.569064	-5.493329	-16.133778	8.865945	0.120311	-16.406565	0.000000	17.146714	-2.474496	-10.841497	9.947218	-0.246334	-18.446451	0.000000	3.790389	0.010809	0.812165	44.864283	-27.696219	23.730271	54.280734	76.106931	38.019132	-20.071084	24.860356	61.345506	67.522769
10.083333	-7.746210	0.679458	1.736902	0.889292	0.923296	-0.090421	14.484176	-5.148077	-16.955247	6.858053	0.061175	-14.733452	0.000000	15.252827	-2.453841	-11.829295	8.387783	-0.259285	-16.962249	0.000000	3.443602	0.001309	1.085541	43.282217	-27.033162	23.547875	52.554830	76.662108	35.746832	-19.454147	23.732919	60.893029	68.459187
10.100000	-6.996677	0.714543	1.603427	0.891606	0.925934	-0.089676	12.582549	-4.842384	-17.641373	5.083521	-0.026023	-13.244503	0.000000	13.511383	-2.399633	-12.772403	7.009118	-0.253458	-15.523159	0.000000	2.959386	-0.033220	1.320781	41.880635	-26.288332	23.413151	50.848947	77.127732	33.712682	-18.808595	22.667779	60.351923	69.282466
10.116667	-6.265628	0.763151	1.471571	0.893358	0.927640	-0.088952	10.896745	-4.581065	-18.180208	3.581232	-0.119532	-11.979756	0.000000	11.940453	-2.325545	-13.644158	5.818104	-0.214187	-14.177865	0.000000	2.386499	-0.081639	1.510989	40.584055	-25.510076	23.284146	49.293787	77.473707	31.881700	-18.163986	21.682746	59.766696	69.951945
10.133333	-5.570628	0.816115	1.351162	0.894925	0.928476	-0.088323	9.434775	-4.368467	-18.587865	2.364740	-0.183929	-10.938099	0.000000	10.539796	-2.242463	-14.422388	4.799726	-0.119157	-12.935527	0.000000	1.786874	-0.127976	1.641622	39.306546	-24.727218	23.127597	47.975662	77.702243	30.176684	-17.550143	20.777083	59.183987	70.472355
10.150000	-4.924018	0.866305	1.255759	0.896591	0.928674	-0.087816	8.180038	-4.206560	-18.897542	1.425459	-0.182206	-10.095656	0.000000	9.290536	-2.157561	-15.093691	3.925058	0.046137	-11.784780	0.000000	1.213288	-0.159443	1.704827	37.967299	-23.952827	22.921096	46.927564	77.833136	28.512896	-16.984280	19.946970	58.631435	70.872908
10.166667	-4.329464	0.909553	1.195359	0.898428	0.928537	-0.087391	7.102385	-4.092919	-19.150244	0.742811	-0.080698	-9.410704	0.000000	8.165207	-2.076817	-15.659743	3.165480	0.284205	-10.704123	0.000000	0.695554	-0.171140	1.703843	36.510704	-23.183387	22.648954	46.124512	77.891060	26.832434	-16.463244	19.187066	58.095861	71.191422
10.183333	-3.781694	0.944271	1.172921	0.900390	0.928411	-0.086993	6.167502	-4.020652	-19.387691	0.290172	0.139900	-8.826615	0.000000	7.134995	-2.006314	-16.138265	2.500602	0.580917	-9.666983	0.000000	0.240702	-0.167248	1.648271	34.910929	-22.402079	22.302246	45.494088	77.900407	25.117008	-15.965883	18.489344	57.522932	71.468135
10.200000	-3.268806	0.970908	1.185040	0.902461	0.928609	-0.086612	5.337736	-3.979813	-19.642152	0.031119	0.472481	-8.282020	0.000000	6.170890	-1.950308	-16.553972	1.916610	0.904801	-8.648483	0.000000	-0.156155	-0.158164	1.551155	33.162809	-21.590886	21.883019	44.938948	77.882576	23.378176	-15.462883	17.850882	56.837853	71.740280
10.216667	-2.777304	0.991255	1.226246	0.904696	0.929355	-0.086307	4.572475	-3.959902	-19.929304	-0.083665	0.884169	-7.723751	0.000000	5.246735	-1.908732	-16.928423	1.403076	1.219305	-7.629714	0.000000	-0.501419	-0.153941	1.427717	31.276982	-20.741130	21.405095	44.357198	77.854040	21.638810	-14.926985	17.281550	55.969517	72.037684
10.233333	-2.297235	1.006982	1.294060	0.907103	0.930736	-0.086164	3.835912	-3.952072	-20.249459	-0.108473	1.326599	-7.122731	0.000000	4.347296	-1.878189	-17.276716	0.955412	1.499315	-6.603453	0.000000	-0.801251	-0.157921	1.291020	29.284169	-19.856404	20.894438	43.659222	77.824970	19.922766	-14.341064	16.806584	54.868369	72.377528
10.250000	-1.825887	1.018455	1.389856	0.909539	0.932617	-0.086230	3.109287	-3.949852	-20.594338	-0.089446	1.749031	-6.484999	0.000000	3.477139	-1.855419	-17.608529	0.580128	1.740265	-5.578568	0.000000	-1.062978	-0.165998	1.147511	27.239959	-18.949686	20.390541	42.782153	77.798615	18.259234	-13.704068	16.462701	53.512515	72.759348
10.266667	-1.367340	1.025963	1.513885	0.911702	0.934625	-0.086480	2.396310	-3.949553	-20.958351	-0.057457	2.114236	-5.840063	0.000000	2.659854	-1.838280	-17.935287	0.291743	1.957614	-4.566535	0.000000	-1.296023	-0.172826	0.999157	25.222037	-18.034533	19.933698	41.694192	77.772039	16.691902	-13.028831	16.281076	51.898070	73.170761
10.283333	-0.927934	1.031848	1.659981	0.913281	0.936333	-0.086832	1.715913	-3.950686	-21.343410	-0.028749	2.408872	-5.218620	0.000000	1.924003	-1.823674	-18.275631	0.098898	2.174997	-3.569699	0.000000	-1.512562	-0.178038	0.849555	23.313738	-17.119482	19.548564	40.395227	77.739731	15.272956	-12.335432	16.273108	50.037589	73.601738
10.300000	-0.512745	1.040324	1.815818	0.914165	0.937521	-0.087206	1.089372	-3.955025	-21.746007	-0.009141	2.636960	-4.647908	0.000000	1.287483	-1.806651	-18.644782	-0.006926	2.403816	-2.599656	0.000000	-1.726557	-0.185297	0.704214	21.577126	-16.214456	19.250876	38.927545	77.698588	14.037004	-11.649884	16.434523	47.986000	74.046345
10.316667	-0.124252	1.055344	1.968233	0.914476	0.938300	-0.087555	0.531015	-3.964732	-22.145870	0.001420	2.806808	-4.153359	0.000000	0.751268	-1.782531	-19.041560	-0.048742	2.633387	-1.690051	0.000000	-1.951628	-0.196953	0.565032	20.037131	-15.334076	19.059880	37.369294	77.649135	12.984214	-11.000044	16.749434	45.846738	74.490371
10.333333	0.238939	1.079425	2.110036	0.914426	0.938970	-0.087863	0.044115	-3.981786	-22.517877	0.005396	2.928727	-3.743494	0.000000	0.301717	-1.748898	-19.454319	-0.052852	2.842968	-0.866793	0.000000	-2.197705	-0.211385	0.426855	18.688958	-14.486300	18.987535	35.788576	77.592232	12.095868	-10.402087	17.186883	43.717446	74.909788
10.350000	0.582246	1.113740	2.243828	0.914168	0.939768	-0.088143	-0.378919	-4.008448	-22.850123	0.005581	3.017937	-3.399549	0.000000	-0.082655	-1.705429	-19.872631	-0.040288	3.018506	-0.119792	0.000000	-2.469436	-0.224590	0.278392	17.513305	-13.665512	19.022667	34.213576	77.527028	11.357809	-9.854948	17.705702	41.643962	75.284459
10.366667	0.912569	1.157597	2.379244	0.913760	0.940690	-0.088403	-0.752234	-4.045816	-23.145206	0.004152	3.091462	-3.091975	0.000000	-0.422824	-1.653933	-20.285936	-0.024231	3.156678	0.579857	0.000000	-2.768517	-0.233429	0.106863	16.484074	-12.863443	19.135492	32.658717	77.452901	10.762169	-9.352080	18.265325	39.645910	75.605222
10.383333	1.234410	1.207416	2.524855	0.913251	0.941507	-0.088616	-1.090760	-4.091059	-23.411170	0.002442	3.164723	-2.799506	0.000000	-0.733837	-1.599572	-20.682036	-0.011065	3.262916	1.251076	0.000000	-3.092199	-0.236903	-0.092753	15.570628	-12.082054	19.292519	31.151710	77.371193	10.297300	-8.893284	18.832703	37.755361	75.870491
10.400000	1.547387	1.257413	2.681408	0.912750	0.941969	-0.088756	-1.406078	-4.137801	-23.654444	0.001077	3.251609	-2.510917	0.000000	-1.024581	-1.550209	-21.053388	-0.002644	3.350611	1.897644	0.000000	-3.428203	-0.234408	-0.310449	14.739964	-11.334796	19.465269	29.725450	77.284383	9.943556	-8.484520	19.385588	36.014703	76.083670
10.416667	1.848254	1.302254	2.842295	0.912388	0.942011	-0.088833	-1.706560	-4.179917	-23.876768	0.000223	3.361160	-2.222557	0.000000	-1.301475	-1.513029	-21.397042	0.001545	3.434903	2.514414	0.000000	-3.758768	-0.224580	-0.527570	13.961045	-10.639058	19.631471	28.409236	77.194943	9.674407	-8.132714	19.909013	34.460253	76.250759
10.433333	2.136113	1.339238	2.998892	0.912263	0.941771	-0.088870	-2.001115	-4.213996	-24.076123	-0.000190	3.492422	-1.938679	0.000000	-1.573245	-1.491898	-21.708749	0.002858	3.523661	3.092926	0.000000	-4.071293	-0.206453	-0.731071	13.211119	-10.007103	19.773221	27.230220	77.104765	9.460989	-7.842272	20.387649	33.111265	76.376511
10.450000	2.414493	1.368926	3.144702	0.912401	0.941482	-0.088870	-2.300490	-4.239592	-24.251554	-0.000309	3.637067	-1.665425	0.000000	-1.851577	-1.486683	-21.984280	0.002628	3.617260	3.631526	0.000000	-4.362026	-0.181244	-0.918482	12.481538	-9.440946	19.876155	26.201575	77.014033	9.282910	-7.611906	20.807310	31.956681	76.463934
10.466667	2.686885	1.394439	3.276803	0.912741	0.941337	-0.088849	-2.611899	-4.259113	-24.406109	-0.000275	3.786328	-1.404233	0.000000	-2.144488	-1.493509	-22.223853	0.001825	3.714055	4.139333	0.000000	-4.630731	-0.153141	-1.092720	11.777573	-8.934255	19.931959	25.310595	76.921387	9.135903	-7.433180	21.161222	30.955506	76.516574
10.483333	2.950796	1.418887	3.395350	0.913164	0.941354	-0.088846	-2.932522	-4.275924	-24.542344	-0.000187	3.932045	-1.157994	0.000000	-2.448863	-1.506844	-22.428459	0.001000	3.811728	4.619789	0.000000	-4.873141	-0.128268	-1.256676	11.106816	-8.480084	19.941690	24.537133	76.827329	9.022065	-7.295336	21.445205	30.069408	76.538437
10.500000	3.199568	1.443390	3.501654	0.913568	0.941396	-0.088878	-3.251793	-4.291869	-24.660382	-0.000100	4.066869	-0.935762	0.000000	-2.752796	-1.521940	-22.596737	0.000390	3.908415	5.062681	0.000000	-5.081534	-0.112272	-1.411674	10.471729	-8.074907	19.913704	23.872046	76.735233	8.940433	-7.190975	21.653137	29.282756	76.532561
10.516667	3.427195	1.467760	3.595915	0.913844	0.941355	-0.088926	-3.556147	-4.307570	-24.762118	-0.000037	4.187264	-0.746080	0.000000	-3.041259	-1.534923	-22.729148	0.000033	4.005515	5.456809	0.000000	-5.254138	-0.107007	-1.557890	9.878948	-7.717575	19.859003	23.311311	76.648717	8.893727	-7.117396	21.783885	28.590026	76.502468
10.533333	3.626732	1.491258	3.677301	0.913859	0.941261	-0.088958	-3.827576	-4.323295	-24.849883	-0.000001	4.291535	-0.595812	0.000000	-3.295133	-1.542636	-22.828056	-0.000123	4.104122	5.790810	0.000000	-5.398852	-0.109074	-1.694310	9.344503	-7.410831	19.791482	22.857943	76.572047	8.890479	-7.077329	21.842855	27.997590	76.453967
10.550000	3.792120	1.512765	3.748148	0.913537	0.941198	-0.088959	-4.049464	-4.338227	-24.925990	0.000014	4.376827	-0.491686	0.000000	-3.496047	-1.543880	-22.895233	-0.000155	4.201245	6.053416	0.000000	-5.529436	-0.113811	-1.819208	8.885811	-7.159415	19.725344	22.523946	76.510003	8.940514	-7.075705	21.834802	27.521058	76.392312
10.566667	3.926918	1.531718	3.817793	0.912936	0.941189	-0.088932	-4.221144	-4.350118	-24.999705	0.000016	4.442160	-0.433660	0.000000	-3.639721	-1.539977	-22.934858	-0.000126	4.294139	6.251143	0.000000	-5.663519	-0.120739	-1.931564	8.514247	-6.962308	19.665657	22.311860	76.463142	9.056604	-7.111612	21.761027	27.152518	76.317296
10.583333	4.044637	1.548550	3.899561	0.912239	0.941194	-0.088888	-4.360094	-4.356021	-25.087172	0.000013	4.491125	-0.412323	0.000000	-3.739020	-1.534121	-22.955040	-0.000080	4.382784	6.411807	0.000000	-5.818130	-0.134386	-2.030905	8.230035	-6.810536	19.606575	22.204139	76.426399	9.250229	-7.176785	21.623224	26.851523	76.223997
10.600000	4.156825	1.563629	4.001080	0.911660	0.941176	-0.088813	-4.486167	-4.353116	-25.199790	0.000008	4.530002	-0.415660	0.000000	-3.811758	-1.530485	-22.964506	-0.000039	4.464344	6.562360	0.000000	-5.997586	-0.160109	-2.114948	8.019909	-6.693127	19.541930	22.171805	76.394077	9.516409	-7.263546	21.432575	26.580274	76.111444
10.616667	4.261940	1.575951	4.117610	0.911315	0.941063	-0.088671	-4.604395	-4.339451	-25.333639	0.000004	4.565282	-0.435282	0.000000	-3.866355	-1.533198	-22.970427	-0.000012	4.529280	6.707769	0.000000	-6.184671	-0.198392	-2.178050	7.862567	-6.603386	19.475338	22.184553	76.364745	9.825813	-7.373424	21.217531	26.337437	75.991024
10.633333	4.348283	1.583311	4.236418	0.911165	0.940749	-0.088456	-4.704942	-4.314592	-25.471361	0.000001	4.602470	-0.466616	0.000000	-3.899999	-1.545302	-22.977941	0.000002	4.568604	6.833144	0.000000	-6.350564	-0.243193	-2.213983	7.739129	-6.539816	19.418046	22.216953	76.340838	10.137284	-7.516358	21.014733	26.149290	75.882292
10.650000	4.407390	1.583929	4.345442	0.911093	0.940267	-0.088209	-4.777904	-4.280049	-25.593954	-0.000000	4.645059	-0.505025	0.000000	-3.909411	-1.567930	-22.988857	0.000008	4.585170	6.923479	0.000000	-6.476354	-0.285862	-2.220732	7.641709	-6.503224	19.377763	22.253423	76.324485	10.418213	-7.699011	20.845916	26.031173	75.798307
10.666667	4.441561	1.577918	4.437781	0.911037	0.939863	-0.087974	-4.823888	-4.239178	-25.690393	-0.000001	4.694035	-0.542950	0.000000	-3.899221	-1.599889	-23.001310	0.000008	4.592416	6.976904	0.000000	-6.562587	-0.320091	-2.200773	7.571780	-6.493501	19.352305	22.291291	76.315114	10.652266	-7.914823	20.701131	25.969229	75.735316
10.683333	4.461743	1.567784	4.512527	0.910999	0.939793	-0.087762	-4.853890	-4.196587	-25.760495	-0.000001	4.748669	-0.569750	0.000000	-3.881681	-1.637716	-23.011891	0.000006	4.602297	7.003964	0.000000	-6.623906	-0.344583	-2.157399	7.529778	-6.507380	19.331433	22.341399	76.310182	10.835358	-8.143254	20.534050	25.932282	75.671194
10.700000	4.482681	1.557724	4.572612	0.910957	0.940119	-0.087562	-4.883826	-4.157304	-25.812472	-0.000001	4.808162	-0.572118	0.000000	-3.872312	-1.676300	-23.018899	0.000003	4.618928	7.021111	0.000000	-6.681862	-0.362656	-2.093233	7.510009	-6.539630	19.300195	22.425932	76.306440	10.971652	-8.354437	20.265735	25.886825	75.568658
10.716667	4.518201	1.551913	4.620752	0.910824	0.940691	-0.087373	-4.927616	-4.125863	-25.857541	-0.000000	4.873079	-0.535390	0.000000	-3.884599	-1.710218	-23.024745	0.000001	4.641227	7.043652	0.000000	-6.759889	-0.379510	-2.011906	7.504491	-6.586850	19.241854	22.572466	76.300735	11.072314	-8.516833	19.800198	25.805080	75.383297
10.733333	4.577090	1.552731	4.657452	0.910522	0.941269	-0.087213	-4.992088	-4.105229	-25.905169	-0.000000	4.945268	-0.448534	0.000000	-3.925647	-1.735509	-23.034942	0.000000	4.666617	7.081164	0.000000	-6.877164	-0.399256	-1.918987	7.508082	-6.648572	19.142952	22.802870	76.290739	11.152835	-8.608565	19.060038	25.670414	75.079644
10.750000	4.658307	1.559557	4.682988	0.910045	0.941650	-0.087104	-5.073297	-4.095516	-25.959118	-0.000000	5.024939	-0.314752	0.000000	-3.991441	-1.751190	-23.053699	-0.000000	4.692054	7.134821	0.000000	-7.038276	-0.422377	-1.821530	7.522139	-6.723407	19.003089	23.113422	76.276007	11.226207	-8.632006	18.055307	25.485149	74.660833
10.766667	4.747453	1.569036	4.700014	0.909452	0.941786	-0.087044	-5.154815	-4.093964	-26.014548	0.000000	5.106330	-0.159756	0.000000	-4.063536	-1.759073	-23.080344	-0.000000	4.713471	7.196028	0.000000	-7.224345	-0.444594	-1.728486	7.554876	-6.803749	18.843499	23.457602	76.258824	11.295746	-8.618696	16.943239	25.277309	74.193782
10.783333	4.823639	1.577344	4.712158	0.908826	0.941774	-0.087015	-5.215295	-4.096991	-26.061574	0.000000	5.178835	-0.020580	0.000000	-4.117216	-1.761759	-23.110353	-0.000000	4.726431	7.251180	0.000000	-7.402328	-0.459902	-1.648812	7.615042	-6.876938	18.698066	23.765176	76.243028	11.356257	-8.610678	15.962812	25.088265	73.780777
10.800000	4.873968	1.582600	4.720533	0.908218	0.941691	-0.086990	-5.242172	-4.101982	-26.093772	0.000000	5.234768	0.078642	0.000000	-4.137529	-1.761074	-23.139248	-0.000000	4.728477	7.290782	0.000000	-7.549514	-0.465586	-1.586386	7.704618	-6.933613	18.590274	23.989654	76.231317	11.403221	-8.634282	15.272127	24.944949	73.489866
10.816667	4.899307	1.585133	4.724041	0.907659	0.941503	-0.086946	-5.237255	-4.107218	-26.111053	0.000000	5.273598	0.135309	0.000000	-4.125623	-1.758257	-23.164247	-0.000000	4.720308	7.312418	0.000000	-7.664357	-0.463178	-1.538845	7.817460	-6.972252	18.522935	24.127774	76.224071	11.437057	-8.691649	14.879507	24.848557	73.325253
10.833333	4.909367	1.586108	4.722518	0.907218	0.941146	-0.086884	-5.213246	-4.111300	-26.115524	0.000000	5.298686	0.157824	0.000000	-4.094029	-1.754787	-23.182495	-0.000000	4.704839	7.315947	0.000000	-7.756752	-0.455802	-1.501534	7.940651	-6.995718	18.486341	24.200860	76.220301	11.459002	-8.767125	14.702866	24.785351	73.252295
10.850000	4.917058	1.586306	4.716643	0.906997	0.940586	-0.086825	-5.188553	-4.113069	-26.107564	0.000000	5.313344	0.153715	0.000000	-4.060967	-1.752640	-23.189035	-0.000000	4.685008	7.297385	0.000000	-7.838543	-0.446070	-1.470901	8.058869	-7.007256	18.467756	24.234394	76.218755	11.468341	-8.836929	14.637738	24.737595	73.226496
10.866667	4.935691	1.585852	4.705624	0.907050	0.939829	-0.086790	-5.182792	-4.111791	-26.084351	-0.000000	5.319856	0.123823	0.000000	-4.046348	-1.753796	-23.176649	0.000000	4.661480	7.245078	0.000000	-7.922445	-0.435026	-1.445611	8.162486	-7.009564	18.455104	24.250210	76.218377	11.464372	-8.878811	14.586513	24.686737	73.206251
10.883333	4.977736	1.584724	4.687552	0.907355	0.938917	-0.086783	-5.213927	-4.107394	-26.040087	-0.000000	5.319731	0.062165	0.000000	-4.068709	-1.759472	-23.137366	0.000000	4.632445	7.140564	0.000000	-8.021054	-0.421826	-1.426664	8.249940	-7.004412	18.438333	24.264422	76.218443	11.447808	-8.876645	14.469338	24.615169	73.157628
10.900000	5.052302	1.583098	4.661163	0.907855	0.937976	-0.086805	-5.294820	-4.100385	-25.969185	-0.000000	5.314243	-0.038957	0.000000	-4.141261	-1.769787	-23.065589	0.000000	4.595982	6.966731	0.000000	-8.142506	-0.404660	-1.416126	8.322544	-6.991977	18.410968	24.286572	76.218579	11.418682	-8.821001	14.234363	24.510146	73.058586
10.916667	5.158033	1.581213	4.626901	0.908476	0.937210	-0.086843	-5.424872	-4.091653	-25.873740	-0.000000	5.305672	-0.178369	0.000000	-4.263751	-1.783785	-22.964510	0.000000	4.553917	6.725474	0.000000	-8.283079	-0.382823	-1.414381	8.378278	-6.971156	18.372545	24.318708	76.218719	11.373724	-8.713638	13.878449	24.371328	72.907588
10.933333	5.276683	1.579283	4.587829	0.909140	0.936807	-0.086878	-5.582748	-4.082605	-25.769840	-0.000000	5.298111	-0.336476	0.000000	-4.415600	-1.799375	-22.851861	0.000000	4.514550	6.453242	0.000000	-8.420524	-0.358523	-1.418827	8.408131	-6.940848	18.330327	24.355047	76.219010	11.307287	-8.572553	13.464198	24.217811	72.730763
10.950000	5.380912	1.577620	4.548807	0.909778	0.936876	-0.086893	-5.735142	-4.074900	-25.680536	-0.000000	5.295603	-0.482331	0.000000	-4.564705	-1.813689	-22.753046	0.000000	4.488729	6.206283	0.000000	-8.523119	-0.336100	-1.426147	8.400927	-6.901062	18.295466	24.386076	76.219656	11.216474	-8.424488	13.089354	24.080133	72.569140
10.966667	5.452520	1.576662	4.513618	0.910349	0.937439	-0.086893	-5.857191	-4.069583	-25.619386	-0.000000	5.298856	-0.593792	0.000000	-4.687582	-1.824018	-22.684656	-0.000000	4.481231	6.022749	0.000000	-8.572151	-0.319112	-1.435599	8.354659	-6.853317	18.275115	24.405850	76.220742	11.106477	-8.288522	12.820626	23.979798	72.450958
10.983333	5.489664	1.576667	4.482892	0.910834	0.938393	-0.086884	-5.941314	-4.066592	-25.585011	0.000000	5.304954	-0.666712	0.000000	-4.778006	-1.828597	-22.647786	-0.000000	4.488058	5.906893	0.000000	-8.571529	-0.308618	-1.449032	8.279919	-6.800324	18.269287	24.414724	76.222185	10.990055	-8.170085	12.666124	23.920084	72.380089
11.000000	5.499852	1.577307	4.454184	0.911224	0.939485	-0.086868	-5.990847	-4.065005	-25.569254	0.000000	5.310224	-0.708487	0.000000	-4.840513	-1.826972	-22.634521	-0.000000	4.501227	5.843090	0.000000	-8.538824	-0.303634	-1.468018	8.192960	-6.745135	18.273885	24.416452	76.223824	10.881578	-8.067512	12.598717	23.892793	72.345721
11.016667	5.492268	1.577837	4.423843	0.911527	0.940447	-0.086842	-6.012790	-4.063798	-25.564698	0.000000	5.312249	-0.729608	0.000000	-4.882610	-1.819967	-22.635643	-0.000000	4.513684	5.811922	0.000000	-8.493215	-0.302382	-1.492294	8.108273	-6.690218	18.284231	24.415005	76.225524	10.791827	-7.977781	12.584032	23.886938	72.333937
11.033333	5.474712	1.577736	4.389614	0.911765	0.941149	-0.086812	-6.014810	-4.062687	-25.566515	0.000000	5.309880	-0.739051	0.000000	-4.911343	-1.809093	-22.644475	-0.000000	4.521314	5.797352	0.000000	-8.448091	-0.303307	-1.520532	8.034861	-6.636830	18.296765	24.413193	76.227216	10.726040	-7.897280	12.593982	23.893363	72.333232
11.050000	5.452871	1.577174	4.352091	0.911969	0.941581	-0.086799	-6.003877	-4.062621	-25.571716	0.000000	5.302820	-0.742575	0.000000	-4.932190	-1.795623	-22.657798	-0.000000	4.523062	5.788521	0.000000	-8.409200	-0.305274	-1.551633	7.975674	-6.585062	18.309450	24.412333	76.228902	10.684669	-7.821627	12.610577	23.906271	72.336091
11.066667	5.430277	1.577048	4.314425	0.912169	0.941763	-0.086841	-5.985529	-4.065720	-25.577903	0.000000	5.291505	-0.742837	0.000000	-4.948634	-1.779959	-22.674979	-0.000000	4.520124	5.779141	0.000000	-8.376700	-0.307224	-1.585489	7.929224	-6.534508	18.321458	24.412468	76.230622	10.665624	-7.746384	12.624644	23.922931	72.338541
11.083333	5.408666	1.578553	4.280867	0.912372	0.941717	-0.086959	-5.963680	-4.074271	-25.582656	0.000000	5.277153	-0.740370	0.000000	-4.962234	-1.761921	-22.696377	0.000000	4.514901	5.766386	0.000000	-8.348094	-0.308235	-1.622809	7.892235	-6.485235	18.332581	24.412882	76.232414	10.666433	-7.668512	12.632856	23.942601	72.339044
11.100000	5.388632	1.582388	4.254938	0.912535	0.941457	-0.087134	-5.940456	-4.089128	-25.583814	0.000000	5.261859	-0.734812	0.000000	-4.973124	-1.741688	-22.721845	0.000000	4.510182	5.750017	0.000000	-8.320648	-0.308004	-1.664202	7.862274	-6.438428	18.342717	24.412709	76.234276	10.685668	-7.587922	12.634905	23.965392	72.337442
11.116667	5.370081	1.588183	4.238287	0.912588	0.940971	-0.087322	-5.915939	-4.108878	-25.580053	0.000000	5.248671	-0.726065	0.000000	-4.980272	-1.720428	-22.750197	0.000000	4.508916	5.731387	0.000000	-8.293015	-0.306785	-1.709400	7.838980	-6.395784	18.351736	24.411419	76.236196	10.723345	-7.507452	12.631428	23.991580	72.334120
11.133333	5.352139	1.594365	4.230350	0.912488	0.940255	-0.087481	-5.888234	-4.130079	-25.571439	0.000000	5.241502	-0.715191	0.000000	-4.981371	-1.700432	-22.779597	0.000000	4.514445	5.712253	0.000000	-8.265954	-0.304696	-1.756949	7.823758	-6.358073	18.359665	24.409052	76.238202	10.780396	-7.431345	12.622760	24.021364	72.329444
11.150000	5.333013	1.598305	4.228379	0.912245	0.939350	-0.087573	-5.854321	-4.147806	-25.559776	0.000000	5.244742	-0.704766	0.000000	-4.973015	-1.685084	-22.808166	0.000000	4.530630	5.693921	0.000000	-8.242050	-0.301168	-1.804190	7.818944	-6.324564	18.366806	24.406159	76.240397	10.857783	-7.364117	12.608406	24.054744	72.323492
11.166667	5.310448	1.596779	4.228131	0.911891	0.938308	-0.087570	-5.811351	-4.156395	-25.548310	-0.000000	5.262547	-0.698491	0.000000	-4.951603	-1.678575	-22.834396	0.000000	4.561478	5.676907	0.000000	-8.224585	-0.294873	-1.847548	7.826917	-6.293638	18.373640	24.403569	76.242936	10.955533	-7.310052	12.587138	24.091373	72.316050
11.183333	5.282754	1.586913	4.225840	0.911466	0.937194	-0.087475	-5.757765	-4.151068	-25.540135	-0.000000	5.297957	-0.699912	0.000000	-4.914664	-1.684933	-22.857225	-0.000000	4.610149	5.661219	0.000000	-8.216048	-0.283913	-1.883439	7.849152	-6.263817	18.380633	24.402115	76.245971	11.071731	-7.272179	12.557718	24.130501	72.306807
11.200000	5.249993	1.567424	4.220185	0.911044	0.936144	-0.087351	-5.694670	-4.130377	-25.535938	-0.000000	5.351515	-0.710552	0.000000	-4.862724	-1.706199	-22.875616	-0.000000	4.676955	5.647118	0.000000	-8.216823	-0.266432	-1.909809	7.884689	-6.234973	18.387957	24.402294	76.249529	11.200884	-7.250732	12.520306	24.170761	72.295752
11.216667	5.214580	1.539283	4.211535	0.910713	0.935344	-0.087277	-5.626552	-4.097483	-25.533316	-0.000000	5.419973	-0.728847	0.000000	-4.800774	-1.740959	-22.888081	-0.000000	4.757575	5.635639	0.000000	-8.225066	-0.241680	-1.927402	7.928624	-6.208943	18.395307	24.403938	76.253416	11.333026	-7.242930	12.477649	24.209915	72.283548
11.233333	5.180385	1.505543	4.199986	0.910509	0.934907	-0.087274	-5.559676	-4.058880	-25.528526	-0.000000	5.496475	-0.750717	0.000000	-4.736808	-1.784395	-22.893253	-0.000000	4.843530	5.628085	0.000000	-8.238027	-0.211070	-1.939216	7.973258	-6.188054	18.402089	24.406369	76.257255	11.456588	-7.244953	12.434538	24.245287	72.271457
11.250000	5.150741	1.470968	4.185363	0.910395	0.934832	-0.087299	-5.499475	-4.021889	-25.518631	-0.000000	5.571945	-0.770967	0.000000	-4.678011	-1.829483	-22.891263	-0.000000	4.924316	5.625078	0.000000	-8.253289	-0.178443	-1.948111	8.011510	-6.172707	18.407875	24.409049	76.260666	11.562454	-7.254483	12.395674	24.274434	72.260776
11.266667	5.126007	1.440456	4.167617	0.910297	0.935019	-0.087298	-5.447622	-3.991939	-25.501812	-0.000000	5.638439	-0.785046	0.000000	-4.627187	-1.869414	-22.884152	-0.000000	4.991007	5.626532	0.000000	-8.268549	-0.148438	-1.955167	8.039379	-6.160927	18.412970	24.411878	76.263551	11.646269	-7.271577	12.362248	24.295589	72.251775
11.283333	5.101586	1.416404	4.146020	0.910166	0.935280	-0.087251	-5.399249	-3.970484	-25.476598	0.000000	5.693280	-0.790944	0.000000	-4.580611	-1.900425	-22.875355	0.000000	5.040335	5.632340	0.000000	-8.280078	-0.123946	-1.960080	8.056335	-6.149956	18.418916	24.414788	76.266391	11.709280	-7.297171	12.328322	24.308089	72.242484
11.300000	5.068921	1.398415	4.119090	0.909997	0.935418	-0.087176	-5.344287	-3.956079	-25.442857	0.000000	5.738169	-0.789932	0.000000	-4.529447	-1.922022	-22.869680	0.000000	5.074052	5.642617	0.000000	-8.280560	-0.106010	-1.961916	8.063639	-6.138344	18.428439	24.417053	76.270255	11.754674	-7.329824	12.280746	24.311926	72.228499
11.316667	5.018630	1.385479	4.085468	0.909823	0.935337	-0.087090	-5.272083	-3.947644	-25.403812	0.000000	5.773936	-0.785835	0.000000	-4.463785	-1.934664	-22.873610	0.000000	5.094044	5.657482	0.000000	-8.257752	-0.095986	-1.959263	8.061703	-6.127315	18.444893	24.416782	76.276523	11.781018	-7.363111	12.202444	24.306403	72.203874
11.333333	4.941454	1.377029	4.043463	0.909677	0.935045	-0.086989	-5.172477	-3.945685	-25.364839	0.000000	5.798953	-0.783431	0.000000	-4.374063	-1.938403	-22.894531	0.000000	5.100176	5.677288	0.000000	-8.196316	-0.096200	-1.950269	8.049111	-6.119948	18.471984	24.411216	76.286710	11.781471	-7.387911	12.074493	24.289535	72.161867
11.350000	4.829074	1.372264	3.990184	0.909572	0.934577	-0.086863	-5.035429	-3.950809	-25.329725	0.000000	5.812225	-0.786546	0.000000	-4.251540	-1.933631	-22.937927	0.000000	5.092397	5.702817	0.000000	-8.084703	-0.108283	-1.933168	8.024112	-6.118711	18.513019	24.397946	76.302143	11.750009	-7.398540	11.880154	24.259097	72.096586
11.366667	4.682342	1.369887	3.924366	0.909520	0.934007	-0.086714	-4.860232	-3.961905	-25.300370	0.000000	5.815337	-0.796664	0.000000	-4.096376	-1.922412	-23.002337	0.000000	5.073380	5.733634	0.000000	-7.928032	-0.131033	-1.907980	7.987663	-6.123959	18.567499	24.376697	76.322668	11.688518	-7.396274	11.621067	24.215657	72.008655
11.383333	4.521240	1.368673	3.851213	0.909536	0.933473	-0.086555	-4.668476	-3.975427	-25.279713	0.000000	5.811526	-0.812540	0.000000	-3.928209	-1.908826	-23.075564	0.000000	5.049304	5.765747	0.000000	-7.757898	-0.159438	-1.878144	7.945784	-6.134117	18.627380	24.350579	76.345254	11.609793	-7.388187	11.334886	24.165399	71.911133
11.400000	4.377283	1.367929	3.781570	0.909614	0.933096	-0.086404	-4.496195	-3.986799	-25.271328	-0.000000	5.804230	-0.831170	0.000000	-3.779037	-1.897434	-23.139961	-0.000000	5.027520	5.792893	0.000000	-7.618632	-0.186596	-1.848838	7.907531	-6.146761	18.680164	24.324804	76.365185	11.531806	-7.383008	11.080529	24.117803	71.824346
11.416667	4.271689	1.367468	3.725288	0.909730	0.932892	-0.086282	-4.368123	-3.993227	-25.275641	-0.000000	5.796202	-0.849672	0.000000	-3.670957	-1.890923	-23.184208	-0.000000	5.012581	5.810916	0.000000	-7.536965	-0.207555	-1.822899	7.879681	-6.159925	18.717460	24.303490	76.379301	11.466709	-7.386438	10.897569	24.079366	71.761954
11.433333	4.205873	1.367184	3.686607	0.909875	0.932838	-0.086213	-4.286222	-3.994767	-25.289275	-0.000001	5.789112	-0.866582	0.000000	-3.605872	-1.889470	-23.207893	-0.000001	5.004955	5.819640	0.000000	-7.511131	-0.220982	-1.799521	7.864202	-6.172831	18.738629	24.288004	76.387380	11.416580	-7.399731	10.788805	24.050913	71.724987
11.450000	4.169384	1.366765	3.664331	0.910045	0.932928	-0.086190	-4.239234	-3.992949	-25.307993	-0.000001	5.783516	-0.881815	0.000000	-3.573148	-1.891840	-23.216847	-0.000001	5.002883	5.821257	0.000000	-7.523796	-0.227877	-1.776793	7.859642	-6.185645	18.747634	24.277733	76.390932	11.378217	-7.421128	10.735267	24.030162	71.706984
11.466667	4.149898	1.365854	3.654359	0.910207	0.933119	-0.086189	-4.214500	-3.989259	-25.328625	-0.000001	5.779044	-0.895831	0.000000	-3.559595	-1.896365	-23.218013	-0.000001	5.004204	5.818422	0.000000	-7.554764	-0.229776	-1.754422	7.863373	-6.198751	18.749248	24.271532	76.391758	11.349281	-7.446960	10.714407	24.015120	71.700226
11.483333	4.137444	1.364157	3.652245	0.910300	0.933319	-0.086188	-4.201857	-3.984588	-25.350084	-0.000001	5.774243	-0.909516	0.000000	-3.553322	-1.901379	-23.217316	-0.000001	5.006994	5.813143	0.000000	-7.587128	-0.227647	-1.733440	7.873758	-6.212903	18.747264	24.268553	76.391288	11.330519	-7.473368	10.707876	24.005287	71.698426
11.500000	4.124062	1.361279	3.654468	0.910272	0.933465	-0.086190	-4.191626	-3.979334	-25.374653	0.000000	5.766018	-0.924939	0.000000	-3.543242	-1.905469	-23.219196	0.000000	5.009471	5.806215	0.000000	-7.611115	-0.221580	-1.713794	7.891706	-6.230193	18.744104	24.268217	76.390463	11.324425	-7.498967	10.701996	24.000912	71.696951
11.516667	4.102731	1.356899	3.658938	0.910104	0.933600	-0.086200	-4.172923	-3.973792	-25.407315	0.000003	5.749651	-0.945062	0.000000	-3.518812	-1.907512	-23.226595	0.000004	5.009567	5.797432	0.000000	-7.624333	-0.211170	-1.693701	7.920300	-6.253782	18.741115	24.270013	76.389843	11.334000	-7.525041	10.686672	24.002394	71.692448
11.533333	4.068100	1.351363	3.665107	0.909828	0.933828	-0.086207	-4.135701	-3.968632	-25.452092	0.000007	5.720140	-0.971583	0.000000	-3.472091	-1.906526	-23.240606	0.000009	5.004535	5.786547	0.000000	-7.628909	-0.196571	-1.671722	7.962087	-6.285490	18.739070	24.273435	76.389744	11.362236	-7.552510	10.655965	24.010340	71.682972
11.550000	4.018458	1.346071	3.673623	0.909520	0.934159	-0.086194	-4.074821	-3.965148	-25.508105	0.000012	5.674649	-1.002632	0.000000	-3.400866	-1.901604	-23.259962	0.000016	4.991201	5.774289	0.000000	-7.628540	-0.179694	-1.648713	8.016175	-6.323294	18.738491	24.277964	76.390338	11.410800	-7.579462	10.609586	24.025229	71.668433
11.566667	3.956606	1.343051	3.685457	0.909268	0.934413	-0.086158	-3.992270	-3.964831	-25.569608	0.000017	5.614845	-1.033151	0.000000	-3.309968	-1.892396	-23.281549	0.000023	4.967410	5.762407	0.000000	-7.626250	-0.164085	-1.627096	8.078786	-6.362245	18.739444	24.283197	76.391674	11.478900	-7.602828	10.552745	24.046634	71.650604
11.583333	3.888657	1.343709	3.700224	0.909134	0.934392	-0.086104	-3.896215	-3.968229	-25.629924	0.000019	5.547819	-1.058050	0.000000	-3.209627	-1.880092	-23.301850	0.000025	4.934053	5.752790	0.000000	-7.623082	-0.153297	-1.608670	8.145883	-6.398132	18.741177	24.288885	76.393659	11.562912	-7.622058	10.493742	24.072646	71.632399
11.600000	3.821727	1.347894	3.715692	0.909131	0.934099	-0.086033	-3.798250	-3.974210	-25.684114	0.000010	5.484520	-1.074948	0.000000	-3.111799	-1.867563	-23.318144	0.000014	4.895617	5.746820	0.000000	-7.618027	-0.149308	-1.593662	8.214319	-6.429220	18.742411	24.294702	76.396054	11.656875	-7.639899	10.440593	24.100267	71.616658
11.616667	3.759945	1.354211	3.730078	0.909223	0.933708	-0.085952	-3.707520	-3.980838	-25.728909	-0.000018	5.434523	-1.085596	0.000000	-3.024034	-1.857748	-23.329260	-0.000024	4.857771	5.745319	0.000000	-7.608220	-0.152133	-1.581042	8.283569	-6.455890	18.742341	24.300117	76.398463	11.756411	-7.660504	10.395787	24.127546	71.604161
11.633333	3.700816	1.360955	3.743750	0.909335	0.933383	-0.085888	-3.624248	-3.986996	-25.761471	-0.000073	5.400191	-1.097042	0.000000	-2.944355	-1.851712	-23.335709	-0.000100	4.824320	5.748769	0.000000	-7.589176	-0.160341	-1.569661	8.357438	-6.480434	18.741675	24.304178	76.400234	11.862761	-7.686960	10.350704	24.155981	71.591421
11.650000	3.636836	1.366614	3.757866	0.909408	0.933175	-0.085878	-3.540755	-3.992760	-25.776524	-0.000160	5.375722	-1.122019	0.000000	-2.863690	-1.848418	-23.338697	-0.000217	4.797286	5.757559	0.000000	-7.554892	-0.171382	-1.560104	8.441315	-6.506194	18.743169	24.305169	76.400236	11.980050	-7.718875	10.284578	24.190691	71.570004
11.666667	3.559778	1.369696	3.772384	0.909433	0.933054	-0.085933	-3.447197	-3.998355	-25.763418	-0.000265	5.350182	-1.178646	0.000000	-2.771963	-1.846105	-23.338660	-0.000360	4.778773	5.772212	0.000000	-7.496784	-0.181725	-1.555664	8.539352	-6.536617	18.751473	24.301052	76.396630	12.111232	-7.752422	10.166739	24.239761	71.527152
11.683333	3.461872	1.368198	3.786280	0.909415	0.932933	-0.086048	-3.333175	-4.002921	-25.706677	-0.000346	5.310762	-1.289435	0.000000	-2.659737	-1.843882	-23.334279	-0.000471	4.771338	5.793203	0.000000	-7.404517	-0.187888	-1.561092	8.656351	-6.575761	18.772287	24.290994	76.386932	12.259455	-7.783448	9.959932	24.314304	71.447221
11.700000	3.336905	1.359517	3.798908	0.909345	0.932692	-0.086206	-3.189213	-4.003897	-25.591716	-0.000317	5.246964	-1.475379	0.000000	-2.519081	-1.842665	-23.322411	-0.000432	4.777315	5.819563	0.000000	-7.272729	-0.187546	-1.580292	8.798724	-6.628548	18.810265	24.277569	76.368725	12.429191	-7.810284	9.632155	24.426482	71.316722
11.716667	3.187182	1.341418	3.810390	0.909197	0.932261	-0.086385	-3.015615	-3.997545	-25.416425	-0.000040	5.157827	-1.739556	0.000000	-2.351226	-1.844944	-23.298733	-0.000055	4.798225	5.846327	0.000000	-7.110781	-0.179013	-1.614875	8.972349	-6.699997	18.864294	24.270375	76.341333	12.627333	-7.836072	9.185677	24.584238	71.136405
11.733333	3.029634	1.313332	3.822485	0.908918	0.931649	-0.086577	-2.829365	-3.980388	-25.199643	0.000658	5.056688	-2.053901	0.000000	-2.172623	-1.853574	-23.257616	0.000894	4.833860	5.862393	0.000000	-6.948153	-0.160160	-1.663833	9.183206	-6.795598	18.923144	24.290617	76.307022	12.868789	-7.871260	8.680919	24.788958	70.931247
11.750000	2.887209	1.276272	3.839429	0.908439	0.930905	-0.086803	-2.653182	-3.950546	-24.967959	0.001919	4.961129	-2.381442	0.000000	-2.004464	-1.870438	-23.189856	0.002609	4.881253	5.850074	0.000000	-6.826263	-0.128721	-1.724791	9.439324	-6.922636	18.970122	24.372600	76.268552	13.175409	-7.930121	8.206023	25.044139	70.737443
11.766667	2.772411	1.231645	3.865719	0.907728	0.930055	-0.087095	-2.496631	-3.908533	-24.730157	0.003718	4.873677	-2.720569	0.000000	-1.855834	-1.895588	-23.081531	0.005059	4.933988	5.786728	0.000000	-6.776854	-0.083525	-1.796884	9.748029	-7.089393	18.994573	24.558994	76.224537	13.562913	-8.021114	7.809724	25.367061	70.573758
11.783333	2.682763	1.180815	3.903383	0.906802	0.929139	-0.087456	-2.352837	-3.857350	-24.473755	0.005646	4.776596	-3.111715	0.000000	-1.721368	-1.927115	-22.918992	0.007686	4.981851	5.650222	0.000000	-6.804730	-0.025799	-1.882117	10.112669	-7.301208	18.996012	24.889658	76.168802	14.033527	-8.142808	7.479205	25.783921	70.432474
11.800000	2.605992	1.125379	3.952196	0.905663	0.928326	-0.087830	-2.206375	-3.801441	-24.186995	0.006627	4.646111	-3.593622	0.000000	-1.587113	-1.961896	-22.698963	0.009026	5.011931	5.431492	0.000000	-6.888501	0.040007	-1.983339	10.537594	-7.555058	18.978167	25.382245	76.095222	14.585440	-8.288882	7.175884	26.305493	70.295915
11.816667	2.523782	1.067162	4.010535	0.904216	0.927880	-0.088121	-2.036275	-3.745044	-23.876120	0.004670	4.468685	-4.161393	0.000000	-1.432034	-1.996426	-22.433857	0.006373	5.011393	5.144803	0.000000	-6.996388	0.106914	-2.101399	11.038191	-7.836885	18.942739	26.017324	76.002697	15.227975	-8.453622	6.872675	26.907387	70.153682
11.833333	2.417961	1.008242	4.074908	0.902290	0.927948	-0.088254	-1.819365	-3.691058	-23.556037	-0.003121	4.242038	-4.777859	0.000000	-1.232551	-2.027016	-22.142087	-0.004219	4.968888	4.814221	0.000000	-7.107976	0.167642	-2.233848	11.642035	-8.127426	18.888684	26.756718	75.894341	15.985057	-8.633347	6.558426	27.544355	70.004144
11.850000	2.280124	0.951097	4.139458	0.899817	0.928407	-0.088213	-1.540854	-3.640831	-23.230342	-0.019956	3.967943	-5.412203	0.000000	-0.974002	-2.050144	-21.835027	-0.027120	4.875420	4.449949	0.000000	-7.226375	0.216478	-2.373857	12.379312	-8.412419	18.814688	27.575105	75.773933	16.884753	-8.824918	6.224068	28.182177	69.847322
11.866667	2.114707	0.898182	4.195754	0.896955	0.928928	-0.088043	-1.201819	-3.594617	-22.889826	-0.047694	3.653960	-6.046599	0.000000	-0.657353	-2.063637	-21.518096	-0.064871	4.727467	4.046954	0.000000	-7.370182	0.249915	-2.509203	13.275060	-8.686782	18.719992	28.459922	75.646275	17.949321	-9.023592	5.858855	28.804525	69.683428
11.883333	1.932006	0.851132	4.233651	0.893923	0.929165	-0.087792	-0.812860	-3.552342	-22.519784	-0.083713	3.312555	-6.675648	0.000000	-0.292143	-2.067972	-21.193195	-0.113920	4.525966	3.588107	0.000000	-7.557525	0.267004	-2.624886	14.345741	-8.954660	18.603621	29.406254	75.516960	19.192175	-9.223676	5.450932	29.405311	69.512584
11.900000	1.736804	0.810235	4.244230	0.890768	0.928929	-0.087445	-0.377104	-3.514392	-22.101776	-0.116252	2.953137	-7.319380	0.000000	0.120542	-2.067500	-20.855602	-0.158276	4.272679	3.040697	0.000000	-7.794909	0.268458	-2.707248	15.597224	-9.228151	18.464796	30.425218	75.389274	20.616982	-9.422532	4.985158	29.990579	69.331387
11.916667	1.520454	0.774307	4.222620	0.887407	0.928238	-0.086942	0.123767	-3.482607	-21.620134	-0.119091	2.585155	-8.011070	0.000000	0.602304	-2.071792	-20.499902	-0.162274	3.973510	2.369387	0.000000	-8.070284	0.254393	-2.744906	17.026187	-9.521204	18.304850	31.531177	75.265247	22.218490	-9.623434	4.451467	30.575877	69.134720
11.933333	1.263269	0.741029	4.170020	0.883858	0.927226	-0.086276	0.727587	-3.461879	-21.065997	-0.048124	2.220304	-8.783020	0.000000	1.197342	-2.095360	-20.124642	-0.065890	3.640225	1.544210	0.000000	-8.355244	0.224832	-2.731300	18.619695	-9.845840	18.130120	32.728790	75.147731	23.984771	-9.833435	3.851572	31.176575	68.917345
11.950000	0.942887	0.707381	4.096473	0.880321	0.926031	-0.085576	1.477582	-3.461227	-20.439190	0.155245	1.867882	-9.666703	0.000000	1.960793	-2.154285	-19.729861	0.210664	3.292119	0.542283	0.000000	-8.613022	0.182480	-2.672097	20.354337	-10.213006	17.954129	34.015083	75.039388	25.897307	-10.059813	3.200552	31.802528	68.672391
11.966667	0.538634	0.669846	4.021022	0.877043	0.924731	-0.085045	2.409310	-3.491794	-19.761278	0.549052	1.541928	-10.668886	0.000000	2.944126	-2.260546	-19.321252	0.745840	2.965839	-0.624624	0.000000	-8.799992	0.132267	-2.588322	22.205364	-10.629005	17.798146	35.361848	74.944414	27.930474	-10.310242	2.541787	32.453790	68.396567
11.983333	0.033264	0.625080	3.964921	0.874133	0.923320	-0.084817	3.543103	-3.562301	-19.068617	1.169667	1.258519	-11.767713	0.000000	4.180374	-2.415914	-18.901975	1.586193	2.703654	-1.913212	0.000000	-8.869568	0.078876	-2.506932	24.156866	-11.094834	17.692155	36.712656	74.870425	30.056423	-10.590976	1.948502	33.117927	68.091025
12.000000	-0.583125	0.570683	3.943288	0.871487	0.921750	-0.084908	4.882467	-3.675673	-18.378499	2.022352	1.010728	-12.961042	0.000000	5.676556	-2.610136	-18.449661	2.732770	2.518611	-3.305842	0.000000	-8.788073	0.026825	-2.446359	26.202521	-11.613718	17.672795	38.020727	74.823794	32.254960	-10.900208	1.492490	33.773344	67.748717
12.016667	-1.307304	0.504871	3.963340	0.868884	0.919990	-0.085241	6.415685	-3.828420	-17.683860	3.089802	0.764323	-14.283440	0.000000	7.416150	-2.826642	-17.922910	4.155213	2.388813	-4.823207	0.000000	-8.551250	-0.017812	-2.411481	28.345540	-12.191536	17.771629	39.262417	74.803669	34.518831	-11.227128	1.221741	34.393643	67.349684
12.033333	-2.120845	0.425360	4.027068	0.866156	0.918067	-0.085688	8.117862	-4.011386	-16.978588	4.344595	0.483369	-15.767581	0.000000	9.364923	-3.050544	-17.293267	5.811262	2.285647	-6.476313	0.000000	-8.185535	-0.046989	-2.398382	30.595905	-12.829553	18.001770	40.412524	74.801453	36.847453	-11.558847	1.164746	34.951273	66.872567
12.050000	-2.997081	0.328682	4.131995	0.863292	0.916028	-0.086105	9.956438	-4.211000	-16.267522	5.755312	0.148087	-17.416679	0.000000	11.478635	-3.273023	-16.558211	7.655150	2.194113	-8.238838	0.000000	-7.730478	-0.052714	-2.398414	32.956675	-13.522759	18.355617	41.434989	74.804382	39.235124	-11.885042	1.335605	35.425215	66.304551
12.066667	-3.908619	0.211114	4.269452	0.860398	0.913873	-0.086381	11.895894	-4.411376	-15.560109	7.289478	-0.242441	-19.205025	0.000000	13.709313	-3.492412	-15.733574	9.642467	2.115960	-10.056203	0.000000	-7.221221	-0.030446	-2.397349	35.414219	-14.262026	18.809633	42.295952	74.799682	41.665882	-12.197394	1.731528	35.809344	65.644360
12.083333	-4.829606	0.070830	4.423320	0.857579	0.911500	-0.086441	13.900089	-4.597079	-14.866711	8.917516	-0.669856	-21.086187	0.000000	16.009388	-3.713554	-14.845746	11.736924	2.067149	-11.864751	0.000000	-6.683718	0.018667	-2.374056	37.944607	-15.035267	19.331097	42.973664	74.778370	44.117641	-12.488585	2.334861	36.111946	64.904498
12.100000	-5.739346	-0.090654	4.571142	0.854889	0.908767	-0.086247	15.938761	-4.755776	-14.197588	10.617507	-1.101891	-23.006612	0.000000	18.338384	-3.945363	-13.926857	13.912970	2.070337	-13.611379	0.000000	-6.133631	0.088107	-2.303168	40.523824	-15.829703	19.890429	43.459711	74.738317	46.568703	-12.752768	3.124826	36.346403	64.110585
12.116667	-6.625647	-0.268219	4.687948	0.852377	0.905592	-0.085814	17.993020	-4.880532	-13.561794	12.378156	-1.501028	-24.918248	0.000000	20.667056	-4.196803	-13.009949	16.152194	2.148370	-15.261376	0.000000	-5.577424	0.168528	-2.161336	43.132509	-16.634739	20.472696	43.756271	74.684967	49.003730	-12.986788	4.091280	36.521840	63.295823
12.133333	-7.483710	-0.453659	4.752056	0.850067	0.901959	-0.085228	20.054778	-4.971789	-12.966515	14.198587	-1.827650	-26.779628	0.000000	22.976215	-4.472707	-12.124215	18.439159	2.324110	-16.790506	0.000000	-5.018832	0.250739	-1.933214	45.759497	-17.443966	21.078333	43.870244	74.629138	51.421119	-13.190251	5.241619	36.637437	62.494971
12.150000	-8.314518	-0.636845	4.750254	0.847880	0.897895	-0.084613	22.126386	-5.038333	-12.415590	16.086623	-2.041587	-28.549147	0.000000	25.256437	-4.770889	-11.291903	20.759288	2.619357	-18.175968	0.000000	-4.465309	0.327067	-1.613843	48.406954	-18.255103	21.716486	43.805044	74.583403	53.839619	-13.361920	6.598929	36.677047	61.741019
12.166667	-9.124212	-0.807317	4.679981	0.845623	0.893477	-0.084096	24.221573	-5.096377	-11.908008	18.056362	-2.107923	-30.180244	0.000000	27.508463	-5.081712	-10.528407	23.096583	3.049160	-19.395253	0.000000	-3.930620	0.391357	-1.208891	51.090431	-19.067073	22.399651	43.557856	74.558915	56.295812	-13.495089	8.193030	36.607432	61.064715
12.183333	-9.921658	-0.956413	4.548681	0.843094	0.888810	-0.083757	26.361952	-5.165588	-11.439331	20.123708	-2.004187	-31.621362	0.000000	29.739969	-5.391117	-9.844245	25.431735	3.615877	-20.430088	0.000000	-3.433637	0.438882	-0.734900	53.823355	-19.877393	23.136839	43.133329	74.563272	58.824162	-13.577699	10.042115	36.397605	60.498075
12.200000	-10.714075	-1.079326	4.370713	0.840190	0.883959	-0.083590	28.569314	-5.262204	-11.003809	22.301742	-1.721361	-32.820662	0.000000	31.959562	-5.686608	-9.245950	27.743984	4.308907	-21.270664	0.000000	-2.994307	0.465829	-0.216869	56.595590	-20.681458	23.921499	42.564698	74.599620	61.429534	-13.599374	12.130509	36.058281	60.081834
12.216667	-11.504024	-1.174468	4.162649	0.836934	0.878903	-0.083506	30.858515	-5.394160	-10.593172	24.597986	-1.259246	-33.740632	0.000000	34.171356	-5.962019	-8.737118	30.015912	5.109642	-21.918219	0.000000	-2.627547	0.467520	0.317246	59.373634	-21.469972	24.735890	41.912247	74.667696	64.079858	-13.565634	14.418647	35.656218	59.865657
12.233333	-12.291071	-1.240433	3.938867	0.833461	0.873577	-0.083384	33.231657	-5.561244	-10.195714	27.008931	-0.625297	-34.373213	0.000000	36.373409	-6.218285	-8.321099	32.237246	5.994688	-22.384487	0.000000	-2.334386	0.436897	0.842681	62.121906	-22.225206	25.578817	41.233694	74.764703	66.721517	-13.510029	16.891106	35.283242	59.889828
12.250000	-13.074827	-1.275952	3.708233	0.829999	0.867943	-0.083121	35.671403	-5.755184	-9.801280	29.510931	0.161719	-34.738812	0.000000	38.559388	-6.463593	-8.000788	34.407328	6.936336	-22.690014	0.000000	-2.099169	0.366918	1.343383	64.813814	-22.919616	26.460201	40.564235	74.880895	69.287412	-13.485662	19.545240	35.038313	60.157599
12.266667	-13.851622	-1.284277	3.473732	0.826795	0.861995	-0.082647	38.135983	-5.958171	-9.408904	32.058739	1.071981	-34.877558	0.000000	40.719165	-6.713991	-7.772608	36.537814	7.904356	-22.866240	0.000000	-1.905518	0.257393	1.809249	67.427471	-23.514675	27.348151	39.930035	74.993893	71.697052	-13.541980	22.289881	35.043374	60.621716
12.283333	-14.611830	-1.275476	3.236162	0.823974	0.855714	-0.081954	40.569659	-6.147547	-9.029826	34.599783	2.073274	-34.841534	0.000000	42.844318	-6.989326	-7.621799	38.654040	8.870454	-22.954121	0.000000	-1.752058	0.119197	2.226569	69.948288	-23.966791	28.163533	39.361990	75.075641	73.881058	-13.709976	24.919186	35.414690	61.202247
12.300000	-15.349600	-1.262296	2.998003	0.821476	0.849062	-0.081109	42.934042	-6.307953	-8.682605	37.096904	3.140676	-34.682758	0.000000	44.942568	-7.303711	-7.526901	40.789948	9.814891	-22.991542	0.000000	-1.642674	-0.030978	2.580202	72.378260	-24.248931	28.845869	38.880662	75.108490	75.819128	-13.993830	27.225426	36.189107	61.822751
12.316667	-16.071546	-1.254396	2.765120	0.819098	0.842011	-0.080229	45.231797	-6.439502	-8.382567	39.541541	4.257168	-34.443158	0.000000	47.041861	-7.657387	-7.466871	42.973859	10.730659	-23.000364	0.000000	-1.574839	-0.179571	2.864428	74.738190	-24.368119	29.393070	38.481088	75.090635	77.551765	-14.364550	29.096429	37.300211	62.432820
12.333333	-16.789190	-1.256708	2.546526	0.816593	0.834607	-0.079411	47.495238	-6.553835	-8.133950	41.944251	5.403223	-34.154481	0.000000	49.172167	-8.036448	-7.420452	45.212798	11.618073	-22.985770	0.000000	-1.550976	-0.319743	3.084120	77.061731	-24.359549	29.840936	38.144065	75.029432	79.164811	-14.766423	30.516557	38.611868	63.007009
12.350000	-17.507443	-1.269899	2.350553	0.813805	0.826969	-0.078701	49.755729	-6.664620	-7.930878	44.313022	6.546377	-33.842004	0.000000	51.344234	-8.419475	-7.363854	47.488279	12.474079	-22.946778	0.000000	-1.590423	-0.451131	3.249743	79.383326	-24.269382	30.227816	37.857496	74.935611	80.761594	-15.133552	31.523477	39.964652	63.532547
12.366667	-18.221796	-1.289680	2.180933	0.810743	0.819214	-0.078102	52.023013	-6.782925	-7.763290	46.643410	7.642871	-33.527116	0.000000	53.542987	-8.784759	-7.275901	49.766038	13.289070	-22.887207	0.000000	-1.723243	-0.579839	3.374015	81.726213	-24.139812	30.569388	37.625751	74.822707	82.434287	-15.401347	32.169374	41.212888	63.996126
12.383333	-18.924874	-1.306558	2.037363	0.807573	0.811365	-0.077588	54.287501	-6.918292	-7.620511	48.928029	8.659420	-33.221520	0.000000	55.737211	-9.115264	-7.147245	52.010200	14.060894	-22.811001	0.000000	-1.969535	-0.717734	3.468605	84.099191	-23.996857	30.861121	37.453966	74.706798	84.243540	-15.513529	32.509592	42.236187	64.379771
12.400000	-19.619731	-1.307490	1.915967	0.804519	0.803332	-0.077108	56.543202	-7.079096	-7.489964	51.171577	9.608618	-32.906304	0.000000	57.901358	-9.402856	-6.985698	54.193916	14.818888	-22.702420	0.000000	-2.313274	-0.879338	3.542083	86.501921	-23.843773	31.123677	37.314841	74.600304	86.202802	-15.440630	32.619499	42.948763	64.674716
12.416667	-20.322491	-1.279090	1.808445	0.801728	0.794969	-0.076608	58.803485	-7.269716	-7.355243	53.395715	10.554532	-32.526159	0.000000	60.029668	-9.650394	-6.813102	56.305814	15.623885	-22.522674	0.000000	-2.702460	-1.076893	3.599538	88.932681	-23.665181	31.442024	37.141191	74.502784	88.277795	-15.198443	32.599682	43.320872	64.895075
12.433333	-21.044771	-1.211490	1.706047	0.799222	0.786204	-0.076061	61.085984	-7.488650	-7.198339	55.628182	11.561569	-32.032748	0.000000	62.125993	-9.867905	-6.655070	58.350734	16.525848	-22.242256	0.000000	-3.089258	-1.315667	3.641446	91.390792	-23.438541	31.930931	36.867396	74.398404	90.409605	-14.839804	32.540444	43.391106	65.066030
12.450000	-21.776919	-1.101811	1.606002	0.796979	0.777108	-0.075464	63.385410	-7.729473	-7.006158	57.883011	12.637357	-31.437773	0.000000	64.184667	-10.065874	-6.529850	60.342191	17.517666	-21.877221	0.000000	-3.467307	-1.590260	3.664765	93.873107	-23.145125	32.662875	36.473184	74.260675	92.538745	-14.426971	32.483119	43.260139	65.200513
12.466667	-22.489969	-0.956899	1.511984	0.794970	0.767831	-0.074823	65.667255	-7.982423	-6.778483	60.150595	13.737684	-30.801805	0.000000	66.187508	-10.253625	-6.442074	62.294205	18.536441	-21.484831	0.000000	-3.868806	-1.881843	3.668452	96.374819	-22.775266	33.649966	35.971187	74.058058	94.616145	-14.006689	32.425060	43.052712	65.294218
12.483333	-23.150010	-0.792979	1.428944	0.793096	0.758497	-0.074135	67.886551	-8.235550	-6.529616	62.405826	14.815405	-30.175313	0.000000	68.117100	-10.441519	-6.383005	64.219221	19.505434	-21.126108	0.000000	-4.335736	-2.160989	3.657711	98.891720	-22.327560	34.867956	35.366727	73.761641	96.609191	-13.599494	32.352762	42.862654	65.338411
12.500000	-23.734637	-0.628458	1.359150	0.791205	0.749185	-0.073408	70.011884	-8.476512	-6.277339	64.620743	15.841990	-29.576182	0.000000	69.967588	-10.638637	-6.337145	66.124577	20.372482	-20.834755	0.000000	-4.892653	-2.402121	3.641751	101.400625	-21.809669	36.231194	34.670601	73.363435	98.500819	-13.204849	32.255953	42.735785	65.330366
12.516667	-24.243414	-0.475420	1.302696	0.789250	0.739945	-0.072671	72.035980	-8.696053	-6.030819	66.771512	16.795662	-29.014235	0.000000	71.744598	-10.847342	-6.290554	68.007525	21.126721	-20.607818	0.000000	-5.532117	-2.598364	3.624973	103.827430	-21.243445	37.543602	33.951825	72.895933	100.277509	-12.815074	32.118105	42.693878	65.274803
12.533333	-24.692939	-0.339836	1.261520	0.787340	0.730792	-0.071977	73.966689	-8.892331	-5.792527	68.841929	17.658065	-28.508928	0.000000	73.459750	-11.060505	-6.231872	69.858902	21.793945	-20.418348	0.000000	-6.221474	-2.757239	3.597366	106.061028	-20.663219	38.561894	33.335091	72.421506	101.920790	-12.429608	31.912921	42.757045	65.180898
12.550000	-25.103723	-0.226639	1.242428	0.785581	0.721682	-0.071385	75.814848	-9.073246	-5.566924	70.825291	18.425862	-28.080540	0.000000	75.127966	-11.261822	-6.147890	71.671795	22.418154	-20.236636	0.000000	-6.923805	-2.884543	3.535210	108.017333	-20.102147	39.145602	32.934252	71.994222	103.413948	-12.059265	31.613334	42.946864	65.057418
12.566667	-25.494733	-0.140010	1.253572	0.783937	0.712530	-0.070915	77.595499	-9.253486	-5.362105	72.725142	19.120108	-27.730011	0.000000	76.768937	-11.431420	-6.023907	73.446128	23.047393	-20.035340	0.000000	-7.609827	-2.978725	3.415399	109.681584	-19.576417	39.311025	32.799242	71.634907	104.755978	-11.714998	31.198339	43.270449	64.907525
12.583333	-25.883062	-0.080996	1.297488	0.782327	0.703265	-0.070544	79.328932	-9.447188	-5.185740	74.554009	19.784305	-27.428175	0.000000	78.403140	-11.555941	-5.848915	75.187361	23.724357	-19.785909	0.000000	-8.258494	-3.036099	3.229551	111.098885	-19.079905	39.166380	32.905356	71.333936	105.969532	-11.394422	30.656962	43.694762	64.726558
12.600000	-26.279023	-0.048923	1.368215	0.780744	0.693898	-0.070236	81.029874	-9.660734	-5.042765	76.327663	20.463979	-27.134766	0.000000	80.040813	-11.635107	-5.617761	76.901074	24.467160	-19.476652	0.000000	-8.862179	-3.055267	2.984075	112.346260	-18.594084	38.844663	33.171826	71.070421	107.102626	-11.080474	30.000017	44.135717	64.508018
12.616667	-26.680040	-0.043819	1.453681	0.779188	0.684509	-0.069968	82.699024	-9.890662	-4.936022	78.057133	21.178706	-26.830551	0.000000	81.676589	-11.680636	-5.331186	78.587591	25.248908	-19.141242	0.000000	-9.437025	-3.039707	2.690715	113.512917	-18.103376	38.473367	33.496061	70.834435	108.228071	-10.748154	29.272792	44.474990	64.254756
12.633333	-27.072729	-0.063763	1.540598	0.777578	0.675198	-0.069716	84.326215	-10.129533	-4.866962	79.742907	21.915942	-26.518600	0.000000	83.294819	-11.709510	-4.999610	80.239186	26.004179	-18.851148	0.000000	-10.021425	-3.000108	2.360869	114.685978	-17.602772	38.159238	33.784601	70.634947	109.427691	-10.372855	28.546416	44.599989	63.982794
12.650000	-27.440475	-0.099994	1.617851	0.775837	0.666046	-0.069458	85.897077	-10.374182	-4.835008	81.375978	22.651334	-26.196682	0.000000	84.876660	-11.737138	-4.645168	81.842811	26.665491	-18.670970	0.000000	-10.659226	-2.952929	2.010021	115.935085	-17.095570	37.977724	33.966328	70.489923	110.759320	-9.937883	27.887338	44.443192	63.712746
12.666667	-27.766632	-0.137419	1.676913	0.774002	0.657090	-0.069174	87.396507	-10.628167	-4.836758	82.948088	23.372777	-25.839641	0.000000	86.401647	-11.774997	-4.295105	83.389626	27.199142	-18.623632	0.000000	-11.383506	-2.914557	1.666033	117.304932	-16.584143	37.972516	33.978174	70.412120	112.235230	-9.434184	27.332546	43.984820	63.456258
12.683333	-28.035696	-0.160801	1.712204	0.772193	0.648317	-0.068851	88.813438	-10.897044	-4.865264	84.461859	24.085366	-25.412724	0.000000	87.850311	-11.830944	-3.971617	84.882940	27.614808	-18.687081	0.000000	-12.209899	-2.896270	1.368401	118.818523	-16.060873	38.160301	33.746416	70.400715	113.826043	-8.857316	26.887970	43.239938	63.209569
12.700000	-28.238540	-0.160872	1.721707	0.770440	0.639677	-0.068453	90.150622	-11.180083	-4.908976	85.931859	24.793322	-24.906026	0.000000	89.215014	-11.909105	-3.684167	86.337489	27.948920	-18.812417	0.000000	-13.138667	-2.902884	1.155950	120.484112	-15.507446	38.528944	33.198552	70.440127	115.480018	-8.213413	26.540893	42.270194	62.959203
12.716667	-28.376234	-0.137059	1.706482	0.768658	0.631092	-0.067939	91.428981	-11.465430	-4.952305	87.380214	25.481403	-24.355171	0.000000	90.508724	-12.009206	-3.425715	87.773965	28.237340	-18.953099	0.000000	-14.162122	-2.932105	1.053101	122.301703	-14.900818	39.039252	32.292263	70.503502	117.147752	-7.523984	26.268671	41.184040	62.689538
12.733333	-28.458557	-0.096362	1.670147	0.766767	0.622472	-0.067320	92.680279	-11.732665	-4.977263	88.830438	26.113549	-23.830447	0.000000	91.761752	-12.125541	-3.175295	89.213819	28.497646	-19.088101	0.000000	-15.267327	-2.973611	1.063090	124.257870	-14.224675	39.636555	31.041911	70.557208	118.793408	-6.821514	26.040188	40.103942	62.385300
12.750000	-28.499924	-0.049043	1.618161	0.764751	0.613730	-0.066670	93.938248	-11.959167	-4.963964	90.301290	26.647523	-23.408147	0.000000	93.010491	-12.246974	-2.907007	90.675540	28.731986	-19.220459	0.000000	-16.432954	-3.011207	1.171144	126.317264	-13.483786	40.270417	29.526115	70.566172	120.388482	-6.142231	25.819758	39.133418	62.031842
12.766667	-28.516404	-0.003905	1.555790	0.762639	0.604798	-0.066082	95.233860	-12.125514	-4.892581	91.802361	27.053969	-23.143306	0.000000	94.284886	-12.359814	-2.600548	92.170482	28.939649	-19.358742	0.000000	-17.628128	-3.028442	1.354276	128.432987	-12.709131	40.924768	27.859696	70.501967	121.908422	-5.519365	25.577787	38.337579	61.614016
12.783333	-28.527690	0.032980	1.486336	0.760482	0.595658	-0.065616	96.590662	-12.217776	-4.749802	93.328452	27.321093	-23.062917	0.000000	95.601780	-12.452474	-2.246729	93.695865	29.123557	-19.502929	0.000000	-18.812221	-3.014450	1.586804	130.556284	-11.951496	41.623578	26.170359	70.350527	123.334412	-4.980856	25.302778	37.745596	61.121228
12.800000	-28.555380	0.055312	1.411612	0.758306	0.586366	-0.065270	98.016627	-12.228418	-4.537602	94.857625	27.450241	-23.172518	0.000000	96.965358	-12.519061	-1.843831	95.232311	29.289851	-19.640295	0.000000	-19.941826	-2.968251	1.839325	132.628042	-11.270210	42.373173	24.601553	70.116710	124.659423	-4.543061	25.005860	37.355307	60.566772
12.816667	-28.611178	0.054020	1.334788	0.756060	0.577011	-0.064988	99.497639	-12.160345	-4.276663	96.361575	27.457291	-23.455190	0.000000	98.369549	-12.559869	-1.391283	96.753260	29.443024	-19.747424	0.000000	-20.987278	-2.899577	2.079567	134.574848	-10.718796	43.095630	23.299582	69.825599	125.896443	-4.197253	24.715137	37.118793	60.004016
12.833333	-28.688799	0.020081	1.263953	0.753709	0.567703	-0.064719	100.998581	-12.032846	-3.999049	97.818219	27.370704	-23.868646	0.000000	99.799400	-12.579005	-0.892483	98.236640	29.575838	-19.800507	0.000000	-21.939258	-2.823075	2.278486	136.323334	-10.326809	43.661014	22.360294	69.514802	127.063670	-3.913430	24.462293	36.950632	59.505847
12.850000	-28.766237	-0.049693	1.211589	0.751348	0.558620	-0.064445	102.465731	-11.880797	-3.736535	99.212044	27.222404	-24.351048	0.000000	101.226769	-12.582392	-0.363082	99.666958	29.663475	-19.791104	0.000000	-22.800865	-2.749005	2.418185	137.816513	-10.085329	43.995076	21.773775	69.218984	128.150971	-3.663539	24.267469	36.769420	59.118538
12.866667	-28.811845	-0.150473	1.187330	0.749169	0.549997	-0.064170	103.831163	-11.742487	-3.514025	100.527800	27.038285	-24.836820	0.000000	102.606492	-12.578228	0.170042	101.032035	29.674923	-19.730111	0.000000	-23.581133	-2.679773	2.494843	139.016648	-9.952845	44.122456	21.440579	68.959361	129.112316	-3.435806	24.133346	36.526014	58.843422
12.883333	-28.792961	-0.271461	1.191092	0.747271	0.542026	-0.063881	105.030026	-11.644332	-3.346486	101.750546	26.835157	-25.273066	0.000000	103.887251	-12.576701	0.679794	102.322187	29.594088	-19.634027	0.000000	-24.293543	-2.614815	2.511435	139.902125	-9.879317	44.121271	21.252311	68.744225	129.892418	-3.235191	24.049076	36.212308	58.656106
12.900000	-28.687562	-0.399161	1.215431	0.745625	0.534794	-0.063554	106.022694	-11.595492	-3.235016	102.871078	26.629271	-25.623509	0.000000	105.029692	-12.585965	1.147079	103.529712	29.430681	-19.510988	0.000000	-24.950215	-2.554272	2.466148	140.465431	-9.825969	44.073169	21.154102	68.576111	130.451207	-3.083590	23.998185	35.865473	58.529793
12.916667	-28.492404	-0.522817	1.253956	0.744187	0.528324	-0.063206	106.802393	-11.593166	-3.167861	103.886115	26.439751	-25.870951	0.000000	106.014701	-12.606573	1.562472	104.645966	29.214119	-19.359227	0.000000	-25.555064	-2.493840	2.349494	140.717397	-9.768727	44.043269	21.146025	68.453046	130.777310	-3.014137	23.972466	35.540609	58.440942
12.933333	-28.222208	-0.639841	1.306000	0.742934	0.522606	-0.062901	107.387495	-11.628695	-3.129181	104.795032	26.278373	-26.026750	0.000000	106.841577	-12.628824	1.926262	105.660320	28.977687	-19.177265	0.000000	-26.106140	-2.419496	2.150026	140.699439	-9.692275	44.079318	21.244335	68.360003	130.903278	-3.053530	23.989353	35.255258	58.359621
12.950000	-27.903168	-0.754224	1.375893	0.741805	0.517586	-0.062718	107.811922	-11.690685	-3.104299	105.599938	26.145603	-26.128039	0.000000	107.524345	-12.633800	2.245175	106.562836	28.744278	-18.979092	0.000000	-26.603941	-2.313386	1.860158	140.489534	-9.588438	44.217399	21.448295	68.264951	130.912450	-3.206955	24.101332	34.966620	58.242322
12.966667	-27.565979	-0.870242	1.471814	0.740599	0.513183	-0.062719	108.119606	-11.768014	-3.077097	106.300974	26.035949	-26.215324	0.000000	108.090027	-12.594368	2.525816	107.343518	28.515867	-18.799978	0.000000	-27.059743	-2.163996	1.482223	140.200005	-9.459950	44.484745	21.728166	68.125846	130.931888	-3.454324	24.390155	34.591444	58.035798
12.983333	-27.241641	-0.990414	1.606410	0.739048	0.509359	-0.062923	108.356307	-11.855021	-3.029798	106.888452	25.940974	-26.313310	0.000000	108.573840	-12.477955	2.771893	107.986905	28.266884	-18.683917	0.000000	-27.495955	-1.966997	1.032219	139.963911	-9.320297	44.899584	22.028097	67.901085	131.108750	-3.756870	24.945968	34.032880	57.686132
13.000000	-26.961602	-1.116477	1.795371	0.737195	0.506200	-0.063330	108.555277	-11.956015	-2.947381	107.346980	25.850037	-26.433294	0.000000	109.004486	-12.258605	2.982916	108.472802	27.960431	-18.659755	0.000000	-27.925310	-1.719641	0.538322	139.890928	-9.189523	45.467092	22.287039	67.561832	131.549244	-4.073571	25.828496	33.218653	57.153570
13.016667	-26.759230	-1.247815	2.049783	0.735514	0.503888	-0.063944	108.727920	-12.082297	-2.820921	107.665725	25.751523	-26.583351	0.000000	109.387799	-11.933403	3.149116	108.783903	27.588165	-18.723316	0.000000	-28.320354	-1.419910	0.040338	140.010780	-9.089380	46.156777	22.467123	67.114470	132.235793	-4.377102	26.996725	32.166578	56.445828
13.033333	-26.665626	-1.380968	2.368051	0.734527	0.502588	-0.064765	108.867160	-12.244716	-2.651415	107.842377	25.636964	-26.766748	0.000000	109.703483	-11.526182	3.251173	108.909507	27.192487	-18.839766	0.000000	-28.610139	-1.068465	-0.415561	140.257583	-9.036276	46.878668	22.568071	66.621059	133.003124	-4.658770	28.255247	31.022257	55.650256
13.050000	-26.698717	-1.512380	2.736212	0.734440	0.502380	-0.065764	108.956236	-12.450530	-2.453249	107.883055	25.505904	-26.975980	0.000000	109.916828	-11.075226	3.269794	108.844775	26.847332	-18.961794	0.000000	-28.714782	-0.670662	-0.795254	140.513223	-9.040424	47.521044	22.621066	66.175636	133.624897	-4.922329	29.335871	29.992437	54.899437
13.066667	-26.856230	-1.639483	3.134123	0.735144	0.503256	-0.066889	108.976230	-12.703243	-2.250669	107.799164	25.363495	-27.196155	0.000000	109.997047	-10.618629	3.194830	108.591541	26.619241	-19.050825	0.000000	-28.583836	-0.241140	-1.092432	140.670505	-9.114227	48.031061	22.669922	65.844160	133.936484	-5.172921	30.065655	29.229080	54.280676
13.083333	-27.120246	-1.759768	3.542320	0.736418	0.505185	-0.068084	108.911349	-13.002249	-2.069349	107.600375	25.213452	-27.412716	0.000000	109.929633	-10.185011	3.027135	108.158628	26.539366	-19.090622	0.000000	-28.208243	0.196950	-1.324965	140.670889	-9.271689	48.436944	22.754114	65.635530	133.883402	-5.411876	30.419154	28.789499	53.792761
13.100000	-27.465111	-1.871096	3.949095	0.738109	0.508175	-0.069291	108.748422	-13.343557	-1.930332	107.287928	25.057377	-27.613285	0.000000	109.712356	-9.787931	2.775725	107.557481	26.599112	-19.085099	0.000000	-27.615235	0.622028	-1.516918	140.511929	-9.516619	48.798346	22.898369	65.520347	133.495145	-5.638149	30.440147	28.672002	53.379731
13.116667	-27.862130	-1.972664	4.353694	0.740186	0.512324	-0.070474	108.469780	-13.720678	-1.848360	106.850806	24.899574	-27.785857	0.000000	109.340418	-9.425542	2.452953	106.794808	26.759821	-19.050003	0.000000	-26.858876	1.023174	-1.683007	140.232363	-9.837951	49.154705	23.108840	65.458559	132.841694	-5.849724	30.166698	28.852737	52.981133
13.133333	-28.287780	-2.063940	4.760492	0.742757	0.517803	-0.071635	108.049443	-14.123784	-1.832288	106.265412	24.747045	-27.920952	0.000000	108.798592	-9.087737	2.069802	105.866966	26.964366	-19.011768	0.000000	-25.996248	1.398975	-1.826022	139.873934	-10.218281	49.507253	23.385829	65.415887	131.991083	-6.044909	29.608050	29.306934	52.559960
13.150000	-28.732810	-2.141300	5.168747	0.746011	0.524770	-0.072797	107.459599	-14.538188	-1.884877	105.499617	24.605404	-28.013681	0.000000	108.067444	-8.765315	1.633553	104.760999	27.151926	-19.007715	0.000000	-25.059422	1.746754	-1.942974	139.446409	-10.645814	49.825153	23.743589	65.370960	130.980299	-6.222335	28.757220	30.020919	52.110914
13.166667	-29.200828	-2.196039	5.567494	0.750049	0.533241	-0.073955	106.682837	-14.944128	-2.002023	104.521968	24.482055	-28.056476	0.000000	107.136412	-8.453768	1.149681	103.462931	27.277542	-19.074656	0.000000	-24.052059	2.052052	-2.035422	138.929103	-11.116759	50.062711	24.208666	65.317636	129.822306	-6.380248	27.624036	30.984192	51.659923
13.183333	-29.697430	-2.217027	5.938167	0.754753	0.543014	-0.075037	105.723239	-15.317830	-2.173648	103.316356	24.392265	-28.031990	0.000000	106.015397	-8.152163	0.628381	101.969800	27.325113	-19.230444	0.000000	-22.968457	2.289172	-2.118925	138.296744	-11.627323	50.181230	24.799652	65.264338	128.537943	-6.520411	26.269503	32.165400	51.257012
13.200000	-30.217877	-2.196159	6.259617	0.759798	0.553701	-0.075940	104.609112	-15.632806	-2.386222	101.895168	24.349038	-27.926020	0.000000	104.737327	-7.862004	0.090944	100.300454	27.301947	-19.469889	0.000000	-21.812839	2.433316	-2.216959	137.539962	-12.165651	50.166155	25.515861	65.228022	127.174801	-6.652610	24.814688	33.499359	50.957022
13.216667	-30.741747	-2.131613	6.511463	0.764783	0.564860	-0.076586	103.383685	-15.861734	-2.624352	100.298600	24.341965	-27.750837	0.000000	103.347785	-7.588133	-0.432121	98.496114	27.221938	-19.775699	0.000000	-20.606453	2.472509	-2.341863	136.671393	-12.708705	50.030615	26.337072	65.224986	125.801540	-6.789981	23.416146	34.892821	50.795363
13.233333	-31.239649	-2.027147	6.677302	0.769416	0.576177	-0.076972	102.087983	-15.981105	-2.871749	98.577145	24.331682	-27.545716	0.000000	101.886715	-7.339028	-0.912664	96.605562	27.093599	-20.124484	0.000000	-19.381693	2.410384	-2.485513	135.718851	-13.224052	49.797017	27.221002	65.266344	124.491423	-6.935843	22.217854	36.233657	50.780422
13.250000	-31.685452	-1.888335	6.748375	0.773624	0.587574	-0.077186	100.745714	-15.978932	-3.112960	96.769504	24.265330	-27.353457	0.000000	100.373113	-7.123531	-1.338618	94.663752	26.918521	-20.488419	0.000000	-18.170659	2.261348	-2.627193	134.709606	-13.677507	49.469201	28.105537	65.359856	123.303899	-7.077636	21.304205	37.405533	50.905116
13.266667	-32.065024	-1.717053	6.725815	0.777518	0.599126	-0.077352	99.362270	-15.861089	-3.333393	94.892592	24.099346	-27.201027	0.000000	98.804575	-6.945582	-1.720723	92.679125	26.692897	-20.846248	0.000000	-16.994742	2.040554	-2.750248	133.656216	-14.045761	49.028275	28.931165	65.513448	122.269692	-7.201179	20.696244	38.322317	51.161077
13.283333	-32.375884	-1.509561	6.620235	0.781248	0.610887	-0.077566	97.935041	-15.650986	-3.518669	92.949152	23.818619	-27.091837	0.000000	97.170376	-6.801793	-2.086807	90.639605	26.406565	-21.193832	0.000000	-15.860338	1.756535	-2.853265	132.558389	-14.325161	48.464135	29.660957	65.733615	121.385675	-7.310159	20.391268	38.958853	51.540222
13.300000	-32.617357	-1.261769	6.447713	0.784892	0.622814	-0.077869	96.458882	-15.380442	-3.658256	90.941510	23.439459	-27.006930	0.000000	95.461462	-6.684974	-2.466040	88.531060	26.045251	-21.537314	0.000000	-14.763930	1.414346	-2.943557	131.419918	-14.528997	47.815171	30.266049	66.016813	120.622463	-7.424516	20.397522	39.338684	52.021121
13.316667	-32.783524	-0.976708	6.225084	0.788460	0.634856	-0.078232	94.923940	-15.076546	-3.752170	88.873393	22.989749	-26.923310	0.000000	93.669988	-6.589198	-2.874203	86.346714	25.596393	-21.878602	0.000000	-13.697904	1.021999	-3.020978	130.249950	-14.686446	47.165751	30.718656	66.343422	119.926353	-7.559079	20.716524	39.511975	52.559593
13.333333	-32.865498	-0.667300	5.968545	0.791936	0.647060	-0.078562	93.313245	-14.754439	-3.814453	86.740974	22.483296	-26.839211	0.000000	91.785875	-6.509795	-3.308817	84.081403	25.051651	-22.209574	0.000000	-12.651527	0.592915	-3.069007	129.039731	-14.846017	46.600030	31.022802	66.681159	119.206844	-7.707361	21.292916	39.558879	53.096946
13.350000	-32.854171	-0.353129	5.695318	0.795309	0.659524	-0.078769	91.604338	-14.420611	-3.869412	84.533624	21.912795	-26.781610	0.000000	89.798740	-6.439046	-3.752834	81.728772	24.404941	-22.519330	0.000000	-11.615255	0.147150	-3.062399	127.750909	-15.060067	46.161742	31.226345	66.996572	118.349449	-7.850376	22.019971	39.575390	53.581182
13.366667	-32.740601	-0.055151	5.426835	0.798548	0.672277	-0.078808	89.776438	-14.081122	-3.942396	82.246725	21.262423	-26.793377	0.000000	87.706357	-6.362260	-4.181131	79.289307	23.650952	-22.805946	0.000000	-10.589766	-0.287862	-2.986728	126.335011	-15.355193	45.842339	31.392451	67.268042	117.266832	-7.979223	22.801619	39.633689	53.987873
13.383333	-32.517558	0.209172	5.189450	0.801567	0.685239	-0.078690	87.819617	-13.746385	-4.050618	79.889169	20.524503	-26.909513	0.000000	85.521012	-6.258106	-4.567393	76.777589	22.790211	-23.075858	0.000000	-9.593426	-0.681158	-2.850541	124.772743	-15.719137	45.598235	31.566345	67.489003	115.942891	-8.101785	23.583363	39.762881	54.320608
13.400000	-32.183068	0.429875	5.008814	0.804246	0.698241	-0.078481	85.740746	-13.430517	-4.198965	77.479569	19.707932	-27.134687	0.000000	83.267598	-6.104708	-4.891358	74.220343	21.835640	-23.333187	0.000000	-8.660084	-1.006452	-2.680492	123.103351	-16.110917	45.385707	31.759809	67.661588	114.433479	-8.231716	24.337257	39.959817	54.593574
13.416667	-31.747837	0.605581	4.902132	0.806571	0.711072	-0.078283	83.564961	-13.148503	-4.381990	75.038733	18.832278	-27.442458	0.000000	80.979050	-5.887260	-5.143696	71.647198	20.811980	-23.573721	0.000000	-7.816542	-1.249503	-2.506262	121.405173	-16.486443	45.183445	31.966025	67.791141	112.818639	-8.377743	25.044248	40.216025	54.818993
13.433333	-31.239377	0.740859	4.874620	0.808716	0.723536	-0.078186	81.330017	-12.912480	-4.588909	72.585267	17.914611	-27.797187	0.000000	78.689626	-5.601699	-5.324997	69.079464	19.749780	-23.785710	0.000000	-7.055580	-1.411232	-2.345200	119.738303	-16.827464	44.990849	32.192175	67.884601	111.140291	-8.539045	25.687216	40.545373	55.005661
13.450000	-30.690031	0.842185	4.919780	0.810949	0.735533	-0.078219	79.069897	-12.726735	-4.809180	70.135246	16.962117	-28.177035	0.000000	76.420402	-5.254846	-5.439810	66.524509	18.675515	-23.958488	0.000000	-6.339078	-1.505153	-2.195553	118.108433	-17.151163	44.810822	32.469668	67.949686	109.379983	-8.706318	26.248482	40.989099	55.161172
13.466667	-30.120638	0.915493	5.020706	0.813468	0.747073	-0.078373	76.799932	-12.584102	-5.037150	67.700115	15.977742	-28.573850	0.000000	74.169044	-4.863429	-5.493257	63.978407	17.605853	-24.088102	0.000000	-5.622923	-1.551058	-2.040376	116.475071	-17.493158	44.635429	32.827402	67.993545	107.484993	-8.862875	26.708175	41.585907	55.292233
13.483333	-29.538459	0.965363	5.153051	0.816337	0.758263	-0.078615	74.516366	-12.466402	-5.274124	65.279528	14.972500	-28.970381	0.000000	71.916175	-4.452386	-5.493111	61.429378	16.552768	-24.165961	0.000000	-4.872512	-1.569391	-1.859980	114.776810	-17.880149	44.448966	33.258303	68.021206	105.406572	-8.982982	27.039777	42.331024	55.401738
13.500000	-28.939782	0.994091	5.290623	0.819525	0.769271	-0.078865	72.199447	-12.347145	-5.527727	62.856956	13.957364	-29.341891	0.000000	69.634415	-4.051080	-5.448463	58.857996	15.520946	-24.179195	0.000000	-4.073727	-1.577298	-1.650125	112.947879	-18.309601	44.228904	33.726816	68.034252	103.121956	-9.043421	27.208680	43.178983	55.488381
13.516667	-28.309144	1.002311	5.410854	0.822938	0.780262	-0.079000	69.817546	-12.196431	-5.807250	60.406178	12.923444	-29.683102	0.000000	67.293251	-3.686741	-5.365054	56.241167	14.499968	-24.129792	0.000000	-3.243898	-1.585190	-1.430847	110.932495	-18.741763	43.938208	34.198961	68.030707	100.641831	-9.044908	27.189542	44.073315	55.551524
13.533333	-27.624914	0.991489	5.497189	0.826406	0.791284	-0.078938	67.343518	-11.988302	-6.115518	57.904566	11.853511	-30.003824	0.000000	64.870516	-3.379056	-5.246600	53.564393	13.476234	-24.031629	0.000000	-2.427052	-1.594536	-1.232323	108.711327	-19.107971	43.538099	34.635402	68.006578	98.017540	-9.013002	26.998042	44.939083	55.594319
13.550000	-26.869932	0.964681	5.539746	0.829718	0.802231	-0.078680	64.772324	-11.707351	-6.444519	55.344175	10.747086	-30.307781	0.000000	62.363940	-3.138197	-5.099014	50.832769	12.447422	-23.894678	0.000000	-1.677567	-1.598992	-1.071591	106.321453	-19.344476	43.018311	34.980371	67.958584	95.339575	-8.979754	26.709493	45.679666	55.622714
13.566667	-26.038147	0.926335	5.535962	0.832738	0.812898	-0.078303	62.123789	-11.353865	-6.779981	52.736558	9.618944	-30.593407	0.000000	59.789730	-2.964172	-4.933782	48.069948	11.417162	-23.728198	0.000000	-1.042838	-1.589702	-0.941195	103.844550	-19.432405	42.413058	35.189809	67.886534	92.711614	-8.969470	26.446568	46.218794	55.643566
13.583333	-25.137785	0.883532	5.490152	0.835452	0.823066	-0.077930	59.435736	-10.945936	-7.109239	50.109190	8.482338	-30.862507	0.000000	57.176065	-2.847563	-4.772360	45.308283	10.382968	-23.554821	0.000000	-0.545214	-1.562375	-0.812522	101.370235	-19.405987	41.778739	35.259951	67.792095	90.210019	-8.989341	26.329650	46.537925	55.661801
13.600000	-24.194508	0.845647	5.412170	0.837869	0.832570	-0.077670	56.758930	-10.514223	-7.424190	47.493498	7.343505	-31.117872	0.000000	54.563314	-2.771627	-4.644920	42.577697	9.331900	-23.415172	0.000000	-0.171116	-1.521006	-0.646561	98.962133	-19.331619	41.154137	35.230617	67.675861	87.855731	-9.021233	26.414123	46.681665	55.677380
13.616667	-23.247335	0.819878	5.316661	0.839956	0.841377	-0.077580	54.145841	-10.090996	-7.723327	44.906946	6.211526	-31.345974	0.000000	52.000065	-2.715619	-4.579217	39.895443	8.244738	-23.348197	0.000000	0.119093	-1.474344	-0.410013	96.646093	-19.282030	40.556613	35.171228	67.538533	85.619050	-9.025614	26.670854	46.733839	55.685058
13.633333	-22.332203	0.806925	5.220594	0.841737	0.849590	-0.077666	51.625099	-9.699902	-8.018480	42.337501	5.105404	-31.504955	0.000000	49.523571	-2.660993	-4.590340	37.261711	7.103371	-23.362137	0.000000	0.365307	-1.429049	-0.093400	94.416122	-19.311327	40.003567	35.154340	67.383882	83.448763	-8.960341	27.016151	46.775795	55.677224
13.650000	-21.468171	0.802943	5.134763	0.843383	0.857336	-0.077897	49.187718	-9.350065	-8.335276	39.747892	4.049374	-31.537341	0.000000	47.142770	-2.598632	-4.682950	34.665450	5.902008	-23.425629	0.000000	0.590991	-1.388174	0.284665	92.249347	-19.434322	39.518855	35.221216	67.219054	81.300518	-8.798656	27.354032	46.851593	55.647938
13.666667	-20.657403	0.804453	5.054630	0.845105	0.864660	-0.078219	46.803626	-9.035061	-8.701325	37.101956	3.066938	-31.391884	0.000000	44.841202	-2.532528	-4.860118	32.095073	4.662848	-23.477049	0.000000	0.804813	-1.353637	0.692815	90.124398	-19.621625	39.128714	35.356248	67.053074	79.151093	-8.534433	27.610445	46.954925	55.596191
13.683333	-19.891643	0.808600	4.962558	0.847019	0.871480	-0.078583	44.447618	-8.737786	-9.135305	34.392109	2.178551	-31.040488	0.000000	42.594542	-2.476851	-5.123603	29.551673	3.445561	-23.442221	0.000000	1.007123	-1.324747	1.107945	88.030176	-19.819482	38.849223	35.500373	66.892306	76.994112	-8.174376	27.745127	47.049543	55.526059
13.700000	-19.157183	0.810162	4.841532	0.849142	0.877658	-0.078970	42.109782	-8.439458	-9.645775	31.646034	1.402690	-30.484975	0.000000	40.388315	-2.447191	-5.466073	27.060452	2.338297	-23.259191	0.000000	1.190268	-1.293375	1.527208	85.961069	-19.985067	38.661715	35.599770	66.733386	74.823887	-7.724639	27.739798	47.111339	55.444293
13.716667	-18.437340	0.801031	4.688801	0.851496	0.883143	-0.079392	39.783971	-8.126829	-10.236911	28.904453	0.759670	-29.740767	0.000000	38.220308	-2.451904	-5.868882	24.663700	1.427214	-22.894834	0.000000	1.337798	-1.243925	1.960026	83.900418	-20.107778	38.499637	35.647609	66.561633	72.623514	-7.189668	27.586289	47.151688	55.359548
13.733333	-17.717077	0.773968	4.518878	0.854187	0.888036	-0.079863	37.453705	-7.794901	-10.914622	26.191654	0.272112	-28.809592	0.000000	36.090830	-2.488735	-6.311358	22.396931	0.761862	-22.341137	0.000000	1.436579	-1.162221	2.405622	81.798953	-20.198246	38.265170	35.691696	66.359438	70.365756	-6.589718	27.293518	47.205598	55.285080
13.750000	-16.989323	0.728233	4.352818	0.857348	0.892439	-0.080378	35.098577	-7.446771	-11.686349	23.511833	-0.041314	-27.673165	0.000000	33.997889	-2.546669	-6.784761	20.273885	0.340936	-21.605864	0.000000	1.491600	-1.046182	2.841016	79.579307	-20.260348	37.863122	35.806753	66.119190	68.029129	-5.974464	26.902030	47.302777	55.240943
13.766667	-16.255094	0.672495	4.202830	0.861009	0.896334	-0.080918	32.710480	-7.090961	-12.553088	20.866630	-0.174027	-26.309644	0.000000	31.938429	-2.610522	-7.298846	18.289533	0.121194	-20.711093	0.000000	1.520356	-0.908915	3.229815	77.173861	-20.275575	37.229626	36.051945	65.851653	65.618515	-5.413236	26.479385	47.445700	55.251151
13.783333	-15.517819	0.621843	4.066709	0.865092	0.899711	-0.081435	30.296490	-6.736134	-13.501038	18.263873	-0.137436	-24.711143	0.000000	29.907649	-2.665886	-7.875323	16.427557	0.038265	-19.688443	0.000000	1.535890	-0.773736	3.537827	74.553962	-20.209597	36.346123	36.444773	65.585085	63.165441	-4.971441	26.093994	47.609403	55.337027
13.800000	-14.777379	0.590792	3.934586	0.869504	0.902733	-0.081860	27.868246	-6.386532	-14.501614	15.712425	0.034689	-22.893816	0.000000	27.895026	-2.702194	-8.534389	14.664045	0.030522	-18.563181	0.000000	1.538193	-0.665579	3.742623	71.730594	-20.027975	35.242153	36.957052	65.356890	60.704306	-4.690724	25.791473	47.757516	55.510982
13.816667	-14.024617	0.588212	3.796216	0.874175	0.905739	-0.082149	25.431975	-6.041385	-15.518419	13.220294	0.283442	-20.903105	0.000000	25.879351	-2.712846	-9.284488	12.970887	0.055620	-17.341583	0.000000	1.511350	-0.603144	3.836748	68.745971	-19.705485	33.991592	37.517780	65.201917	58.250010	-4.579774	25.587165	47.856106	55.771886
13.833333	-13.240058	0.616939	3.641289	0.879007	0.909127	-0.082306	22.989544	-5.697764	-16.516373	10.801082	0.529492	-18.809083	0.000000	23.830485	-2.693909	-10.120942	11.322591	0.090840	-16.016162	0.000000	1.422687	-0.594500	3.829727	65.664472	-19.226422	32.695813	38.022723	65.141104	55.795113	-4.614658	25.468499	47.878222	56.103518
13.850000	-12.402905	0.675407	3.457719	0.883841	0.913161	-0.082365	20.551812	-5.354986	-17.469992	8.482136	0.693127	-16.688930	0.000000	21.724816	-2.643404	-11.031786	9.705167	0.121923	-14.586492	0.000000	1.233028	-0.636695	3.750151	62.557236	-18.585370	31.448437	38.361426	65.175235	53.322048	-4.744841	25.402437	47.802949	56.480444
13.866667	-11.505274	0.759043	3.233597	0.888500	0.917767	-0.082367	18.153693	-5.018759	-18.364018	6.311561	0.723920	-14.613899	0.000000	19.564193	-2.561125	-12.002499	8.121529	0.135341	-13.080001	0.000000	0.917167	-0.718551	3.641267	59.487201	-17.793427	30.308827	38.453065	65.287409	50.819590	-4.905738	25.350969	47.612642	56.878121
13.883333	-10.560026	0.860341	2.963747	0.892874	0.922460	-0.082353	15.857486	-4.702266	-19.187748	4.359672	0.622290	-12.651840	0.000000	17.382802	-2.449222	-13.013815	6.590220	0.123995	-11.555274	0.000000	0.479084	-0.823297	3.545418	56.503608	-16.884294	29.310005	38.271650	65.451186	48.294517	-5.039222	25.290192	47.296339	57.277686
13.900000	-9.597990	0.967744	2.657367	0.896944	0.926494	-0.082353	13.740234	-4.422446	-19.935563	2.708165	0.441564	-10.867234	0.000000	15.239473	-2.314366	-14.038217	5.139726	0.100684	-10.080551	0.000000	-0.045949	-0.929776	3.485965	53.637238	-15.911046	28.473910	37.853521	65.638383	45.770587	-5.112827	25.218851	46.861293	57.665522
13.916667	-8.655805	1.066420	2.340626	0.900763	0.929205	-0.082376	11.867705	-4.194051	-20.616181	1.427640	0.270963	-9.303572	0.000000	13.199201	-2.169005	-15.044160	3.802751	0.104510	-8.697083	0.000000	-0.603185	-1.014805	3.460661	50.891471	-14.930360	27.801247	37.283869	65.825098	43.275556	-5.124438	25.150276	46.337984	58.035339
13.933333	-7.763616	1.141537	2.052025	0.904389	0.930346	-0.082434	10.270166	-4.023915	-21.255428	0.549404	0.205216	-7.965644	0.000000	11.317584	-2.029983	-16.003748	2.614806	0.192162	-7.397797	0.000000	-1.137505	-1.057938	3.449881	48.241415	-13.985912	27.254243	36.665868	65.997144	40.828154	-5.090919	25.099714	45.768964	58.392680
13.950000	-6.944641	1.181640	1.832378	0.907801	0.930138	-0.082534	8.939110	-3.906523	-21.881785	0.043339	0.310418	-6.827109	0.000000	9.641397	-1.916312	-16.894148	1.615731	0.417262	-6.144075	0.000000	-1.603059	-1.048128	3.430131	45.643066	-13.103871	26.767349	36.091151	66.152908	38.432597	-5.033816	25.081701	45.190716	58.754223
13.966667	-6.217777	1.181984	1.712006	0.910953	0.929063	-0.082686	7.839379	-3.825989	-22.508835	-0.177259	0.604235	-5.852994	0.000000	8.208272	-1.845096	-17.699169	0.843842	0.809468	-4.897227	0.000000	-1.964911	-0.988423	3.384368	43.043960	-12.298408	26.279566	35.620313	66.302252	36.077027	-4.972028	25.112982	44.623187	59.141047
13.983333	-5.592285	1.146527	1.701346	0.913885	0.927653	-0.082926	6.922058	-3.765331	-23.133193	-0.220494	1.059483	-5.013793	0.000000	7.031185	-1.824801	-18.414439	0.317404	1.364382	-3.634739	0.000000	-2.203503	-0.892720	3.306361	40.393359	-11.578682	25.759762	35.271137	66.463322	33.734739	-4.918786	25.211359	44.069123	59.571431
14.000000	-5.063209	1.085971	1.790882	0.916692	0.926365	-0.083324	6.135748	-3.714410	-23.745546	-0.178848	1.619476	-4.287631	0.000000	6.087403	-1.850452	-19.045174	0.016986	2.043806	-2.355454	0.000000	-2.317574	-0.777158	3.196010	37.653960	-10.950583	25.218241	35.019667	66.657717	31.374362	-4.880583	25.393517	43.511263	60.054016
14.016667	-4.612937	1.013961	1.958816	0.919380	0.925488	-0.083945	5.434568	-3.671915	-24.340196	-0.113399	2.215472	-3.656354	0.000000	5.327141	-1.904337	-19.598531	-0.111610	2.782926	-1.082372	0.000000	-2.322997	-0.654056	3.050902	34.816772	-10.414352	24.706009	34.813541	66.905126	28.979139	-4.857621	25.676267	42.907315	60.583124
14.033333	-4.217069	0.944209	2.180232	0.921830	0.925069	-0.084824	4.783201	-3.643390	-24.915109	-0.055784	2.785988	-3.104534	0.000000	4.694434	-1.961744	-20.081647	-0.134580	3.508138	0.142335	0.000000	-2.247059	-0.530540	2.866026	31.908951	-9.966461	24.294154	34.590083	67.221377	26.561138	-4.845036	26.082378	42.198430	61.144268
14.050000	-3.852621	0.888213	2.432079	0.923922	0.924974	-0.085946	4.160553	-3.636661	-25.466510	-0.016949	3.291456	-2.622361	0.000000	4.144650	-1.999455	-20.503577	-0.107750	4.159320	1.270710	0.000000	-2.118765	-0.410366	2.639739	28.985041	-9.602612	24.041943	34.292154	67.618209	24.160890	-4.837591	26.644058	41.329062	61.725494
14.066667	-3.504039	0.853100	2.693698	0.925623	0.925047	-0.087216	3.560034	-3.656313	-25.984820	0.003655	3.714811	-2.206339	0.000000	3.649983	-2.003399	-20.873994	-0.067601	4.699957	2.258930	0.000000	-1.962758	-0.296164	2.374154	26.113572	-9.311311	23.979059	33.875440	68.097569	21.838334	-4.836789	27.389806	40.261657	62.316888
14.083333	-3.164352	0.839877	2.946394	0.926963	0.925176	-0.088487	2.986257	-3.699686	-26.452924	0.011175	4.054560	-1.857079	0.000000	3.196451	-1.972427	-21.200261	-0.032787	5.115031	3.071240	0.000000	-1.799494	-0.189375	2.071713	23.368798	-9.065542	24.105781	33.310530	68.642890	19.660973	-4.852169	28.321043	38.983807	62.899698
14.100000	-2.833029	0.843733	3.173855	0.927966	0.925257	-0.089623	2.450138	-3.756997	-26.849202	0.011263	4.323455	-1.574372	0.000000	2.778934	-1.916414	-21.488037	-0.009569	5.408577	3.690539	0.000000	-1.646409	-0.089881	1.737806	20.820198	-8.829924	24.398839	32.588103	69.224354	17.692560	-4.892953	29.409931	37.506967	63.448667
14.116667	-2.512893	0.857629	3.365014	0.928686	0.925227	-0.090547	1.962258	-3.816569	-27.156322	0.008261	4.546822	-1.355130	0.000000	2.396160	-1.849316	-21.741386	0.002597	5.601603	4.131792	0.000000	-1.516901	0.002443	1.382238	18.513507	-8.578614	24.814863	31.732058	69.814665	15.977081	-4.961123	30.612428	35.867592	63.947121
14.133333	-2.205927	0.876562	3.517127	0.929307	0.925138	-0.091252	1.523982	-3.870481	-27.364712	0.004793	4.749348	-1.200708	0.000000	2.043447	-1.782483	-21.957633	0.006919	5.722151	4.433128	0.000000	-1.420808	0.085889	1.013143	16.454234	-8.304178	25.292319	30.809155	70.388031	14.517295	-5.055951	31.859848	34.147560	64.386732
14.150000	-1.911639	0.899004	3.634244	0.930085	0.925147	-0.091756	1.124914	-3.916061	-27.471989	0.002068	4.944090	-1.116266	0.000000	1.708912	-1.722502	-22.128048	0.006836	5.793538	4.633607	0.000000	-1.363147	0.156699	0.636839	14.610608	-8.013943	25.763635	29.909431	70.909867	13.273790	-5.179900	33.050526	32.478877	64.756073
14.166667	-1.630495	0.925924	3.723031	0.931162	0.925406	-0.092093	0.751518	-3.955062	-27.488621	0.000385	5.136410	-1.094278	0.000000	1.379402	-1.671580	-22.248569	0.004957	5.832659	4.767520	0.000000	-1.338557	0.210428	0.265152	12.934570	-7.722907	26.174790	29.106021	71.342110	12.192961	-5.336200	34.074867	31.004617	65.041753
14.183333	-1.366431	0.959227	3.791107	0.932451	0.925943	-0.092320	0.396541	-3.992620	-27.441321	-0.000414	5.329468	-1.110004	0.000000	1.049316	-1.627853	-22.324854	0.002844	5.854300	4.868747	0.000000	-1.331577	0.244268	-0.084657	11.387214	-7.447737	26.496846	28.430204	71.660316	11.237593	-5.523163	34.858208	29.824003	65.238761
14.200000	-1.125735	0.999942	3.847065	0.933694	0.926603	-0.092511	0.062428	-4.034819	-27.366743	-0.000632	5.523163	-1.135670	0.000000	0.724825	-1.586592	-22.367595	0.001204	5.874050	4.969888	0.000000	-1.324711	0.259257	-0.396009	9.955844	-7.203389	26.726404	27.871122	71.867608	10.401173	-5.731794	35.392748	28.956163	65.357683
14.216667	-0.914350	1.046821	3.898160	0.934622	0.927131	-0.092714	-0.240596	-4.085135	-27.299509	-0.000551	5.712543	-1.151995	0.000000	0.421117	-1.543183	-22.387924	0.000203	5.906494	5.094793	0.000000	-1.306404	0.260293	-0.654536	8.652393	-7.003124	26.878342	27.393912	71.991225	9.699816	-5.949412	35.728825	28.353376	65.421444
14.233333	-0.734413	1.096304	3.946948	0.935099	0.927355	-0.092924	-0.501496	-4.142063	-27.259874	-0.000369	5.887150	-1.150672	0.000000	0.153633	-1.496348	-22.396344	-0.000266	5.958174	5.247760	0.000000	-1.273817	0.254073	-0.847990	7.497204	-6.859208	26.975285	26.966535	72.063869	9.149434	-6.166354	35.932360	27.951178	65.453671
14.250000	-0.581866	1.143822	3.991549	0.935157	0.927341	-0.093110	-0.716449	-4.199800	-27.249032	-0.000195	6.031399	-1.132550	0.000000	-0.070398	-1.449132	-22.402660	-0.000387	6.022268	5.410803	0.000000	-1.229829	0.246192	-0.968017	6.502797	-6.781717	27.040068	26.574905	72.109427	8.748453	-6.379633	36.052281	27.703914	65.470440
14.266667	-0.447411	1.186408	4.029829	0.934910	0.927390	-0.093259	-0.891620	-4.252381	-27.256991	-0.000070	6.130702	-1.102665	0.000000	-0.254248	-1.405873	-22.415129	-0.000333	6.082836	5.558782	0.000000	-1.178841	0.236975	-1.008151	5.666200	-6.775569	27.091672	26.214872	72.141415	8.476895	-6.590752	36.116103	27.589768	65.480087
14.283333	-0.320750	1.224921	4.062058	0.934470	0.927834	-0.093380	-1.038344	-4.298071	-27.274886	0.000000	6.180145	-1.063955	0.000000	-0.407450	-1.367692	-22.439777	-0.000221	6.124826	5.680587	0.000000	-1.126940	0.219686	-0.960519	4.973278	-6.837836	27.142404	25.875779	72.167872	8.308617	-6.800692	36.139931	27.601264	65.486909
14.300000	-0.194599	1.262733	4.088590	0.933857	0.928827	-0.093454	-1.165369	-4.338949	-27.298257	0.000029	6.185187	-1.014142	0.000000	-0.539608	-1.332362	-22.480610	-0.000115	6.139150	5.783481	0.000000	-1.086159	0.185829	-0.821172	4.411241	-6.958197	27.196544	25.538470	72.194424	8.224503	-7.009067	36.134573	27.734393	65.493641
14.316667	-0.064852	1.301810	4.107588	0.932998	0.930299	-0.093431	-1.275979	-4.376501	-27.321334	0.000033	6.155960	-0.948100	0.000000	-0.657376	-1.298397	-22.539156	-0.000040	6.121851	5.880171	0.000000	-1.075855	0.133699	-0.604539	3.977810	-7.122411	27.250124	25.188461	72.223497	8.214429	-7.217873	36.104660	27.975927	65.501445
14.333333	0.072474	1.340804	4.117001	0.931823	0.932023	-0.093297	-1.372237	-4.409419	-27.333271	0.000026	6.103454	-0.862615	0.000000	-0.765822	-1.267090	-22.613607	0.000002	6.072497	5.976589	0.000000	-1.118508	0.071984	-0.351246	3.681330	-7.316247	27.291843	24.825778	72.253337	8.269753	-7.432554	36.048038	28.293921	65.509530
14.350000	0.224934	1.377275	4.116227	0.930380	0.933714	-0.093111	-1.462254	-4.436095	-27.322453	0.000016	6.037534	-0.757692	0.000000	-0.873316	-1.240222	-22.700874	0.000018	5.992112	6.071694	0.000000	-1.235362	0.014060	-0.109591	3.531818	-7.527027	27.307907	24.456606	72.279911	8.378185	-7.658070	35.957580	28.651142	65.515912
14.366667	0.403869	1.410715	4.104362	0.928849	0.935143	-0.092946	-1.562823	-4.457552	-27.283868	0.000008	5.965297	-0.634603	0.000000	-0.994626	-1.217617	-22.800064	0.000020	5.881695	6.164201	0.000000	-1.441664	-0.031411	0.094073	3.528035	-7.742707	27.289330	24.078721	72.300329	8.525158	-7.894535	35.825136	29.028982	65.518838
14.383333	0.615689	1.442177	4.080176	0.927431	0.936223	-0.092838	-1.689632	-4.476797	-27.220717	0.000002	5.891046	-0.497061	0.000000	-1.142391	-1.197809	-22.910335	0.000016	5.744574	6.253264	0.000000	-1.734300	-0.062868	0.257734	3.650074	-7.953713	27.235288	23.689485	72.313639	8.696028	-8.135814	35.648960	29.419368	65.517326
14.400000	0.851519	1.472001	4.044541	0.926216	0.936999	-0.092798	-1.842529	-4.496744	-27.140201	-0.000001	5.816906	-0.354456	0.000000	-1.313248	-1.179533	-23.025155	0.000010	5.589384	6.333536	0.000000	-2.082545	-0.081196	0.383390	3.862904	-8.157549	27.149760	23.307045	72.318708	8.878203	-8.370247	35.438163	29.795496	65.510631
14.416667	1.094122	1.499805	3.998873	0.925149	0.937570	-0.092852	-2.008103	-4.520079	-27.049370	-0.000002	5.742716	-0.218633	0.000000	-1.492087	-1.161241	-23.135070	0.000004	5.427078	6.395966	0.000000	-2.448117	-0.086315	0.468780	4.133651	-8.356849	27.031533	22.963190	72.312381	9.065195	-8.583263	35.199847	30.118166	65.497741
14.433333	1.335826	1.526245	3.941100	0.924104	0.938027	-0.093030	-2.177090	-4.550020	-26.954509	-0.000002	5.666282	-0.096507	0.000000	-1.670905	-1.139956	-23.237118	0.000001	5.265847	6.434786	0.000000	-2.818602	-0.077675	0.513867	4.449697	-8.550805	26.863470	22.673063	72.289264	9.257851	-8.762094	34.916867	30.372811	65.477567
14.450000	1.577414	1.552991	3.867184	0.922994	0.938444	-0.093329	-2.345877	-4.589877	-26.864435	-0.000001	5.585330	0.010478	0.000000	-1.849438	-1.111556	-23.334315	-0.000001	5.114279	6.452078	0.000000	-3.203479	-0.055669	0.521842	4.813582	-8.732305	26.613426	22.429262	72.242909	9.459011	-8.899070	34.546596	30.578409	65.450091
14.466667	1.811371	1.580889	3.777918	0.921816	0.938832	-0.093711	-2.502636	-4.641427	-26.792624	-0.000001	5.499660	0.101216	0.000000	-2.018476	-1.072608	-23.426233	-0.000001	4.988949	6.456953	0.000000	-3.601584	-0.021970	0.493480	5.223015	-8.892103	26.244088	22.222728	72.167183	9.665633	-8.991165	34.039094	30.763139	65.417568
14.483333	2.023876	1.608903	3.681561	0.920653	0.939082	-0.094134	-2.632195	-4.703007	-26.751131	-0.000000	5.410416	0.174133	0.000000	-2.163096	-1.023087	-23.508038	-0.000001	4.911436	6.460844	0.000000	-3.998112	0.021284	0.425701	5.666441	-9.019842	25.715173	22.051187	72.055751	9.865121	-9.038086	33.342318	30.948125	65.383723
14.500000	2.213845	1.634383	3.588609	0.919652	0.939016	-0.094556	-2.737405	-4.768610	-26.740719	-0.000000	5.318923	0.229816	0.000000	-2.285404	-0.968491	-23.576917	-0.000001	4.896470	6.471822	0.000000	-4.388077	0.072594	0.315203	6.132625	-9.102833	24.989616	21.910484	71.902821	10.039994	-9.041717	32.407025	31.147105	65.351692
14.516667	2.393290	1.653662	3.506750	0.918953	0.938513	-0.094935	-2.838620	-4.829466	-26.748723	0.000000	5.230254	0.269254	0.000000	-2.405859	-0.918771	-23.630720	-0.000000	4.947094	6.491323	0.000000	-4.773442	0.131084	0.165032	6.611225	-9.135212	24.080500	21.796510	71.712973	10.182542	-9.010068	31.245984	31.359467	65.324221
14.533333	2.568508	1.663101	3.440430	0.918589	0.937587	-0.095230	-2.950975	-4.877587	-26.755307	0.000000	5.157009	0.289377	0.000000	-2.540222	-0.883925	-23.661548	-0.000000	5.058681	6.513736	0.000000	-5.139081	0.195737	-0.009287	7.086452	-9.132419	23.104571	21.717902	71.512474	10.309152	-8.962470	30.005393	31.557243	65.305187
14.550000	2.735374	1.660626	3.391057	0.918508	0.936348	-0.095429	-3.076795	-4.908292	-26.741491	0.000000	5.114543	0.283181	0.000000	-2.690528	-0.869935	-23.658606	-0.000000	5.223424	6.529630	0.000000	-5.457175	0.265600	-0.184480	7.541152	-9.124820	22.235713	21.693455	71.339016	10.451140	-8.923041	28.906471	31.692634	65.298029
14.566667	2.890622	1.646644	3.356747	0.918638	0.934966	-0.095557	-3.216218	-4.920428	-26.696168	0.000000	5.111376	0.244255	0.000000	-2.855126	-0.877548	-23.618892	0.000000	5.430876	6.531632	0.000000	-5.714055	0.340109	-0.342550	7.966560	-9.133147	21.582016	21.734256	71.215194	10.627459	-8.904896	28.085608	31.726233	65.301924
14.583333	3.035117	1.623878	3.332841	0.918890	0.933638	-0.095658	-3.369617	-4.915904	-26.619147	0.000000	5.145551	0.169873	0.000000	-3.031983	-0.902830	-23.551984	0.000000	5.665047	6.517256	0.000000	-5.916080	0.418146	-0.475304	8.362301	-9.158288	21.137995	21.836045	71.138573	10.834223	-8.904276	27.530758	31.642330	65.310729
14.600000	3.170084	1.596458	3.312927	0.919136	0.932591	-0.095750	-3.532781	-4.898833	-26.516034	0.000000	5.208294	0.060222	0.000000	-3.215447	-0.938783	-23.474043	0.000000	5.905748	6.487051	0.000000	-6.079294	0.497548	-0.580550	8.731571	-9.189240	20.831862	21.988564	71.092792	11.057241	-8.906440	27.142151	31.438071	65.315814
14.616667	3.295825	1.569060	3.290862	0.919251	0.931984	-0.095797	-3.696439	-4.874305	-26.391532	-0.000000	5.288083	-0.081970	0.000000	-3.396326	-0.977556	-23.400281	0.000000	6.132295	6.442419	0.000000	-6.223240	0.574709	-0.657561	9.079180	-9.211710	20.579103	22.185012	71.060050	11.284702	-8.893917	26.802788	31.111347	65.309728
14.633333	3.408788	1.546483	3.262658	0.919183	0.931773	-0.095740	-3.846406	-4.847998	-26.250313	-0.000000	5.372269	-0.248742	0.000000	-3.561062	-1.011939	-23.343847	0.000000	6.321227	6.385207	0.000000	-6.360957	0.642817	-0.701622	9.406828	-9.213509	20.313700	22.421111	71.027580	11.508900	-8.854376	26.420350	30.665627	65.288144
14.650000	3.501845	1.532414	3.225213	0.919002	0.931739	-0.095557	-3.967616	-4.825241	-26.098020	-0.000000	5.450235	-0.427406	0.000000	-3.695138	-1.037024	-23.316154	0.000000	6.450580	6.316633	0.000000	-6.492650	0.693356	-0.705336	9.710471	-9.187335	20.000377	22.691525	70.989209	11.722687	-8.784383	25.945445	30.116062	65.250106
14.666667	3.570284	1.527796	3.174080	0.918843	0.931672	-0.095279	-4.052128	-4.809088	-25.939821	-0.000000	5.517349	-0.603252	0.000000	-3.791625	-1.051717	-23.323499	-0.000000	6.514635	6.236896	0.000000	-6.612099	0.721013	-0.667077	9.986152	-9.131047	19.637401	22.986485	70.944587	11.914714	-8.692181	25.380319	29.496572	65.198933
14.683333	3.612610	1.531060	3.105124	0.918802	0.931513	-0.094963	-4.099112	-4.799995	-25.785033	-0.000000	5.573901	-0.757326	0.000000	-3.851420	-1.057779	-23.364706	-0.000000	6.526987	6.148652	0.000000	-6.710451	0.725283	-0.592730	10.234387	-9.047862	19.261529	23.285030	70.898850	12.065107	-8.602710	24.789116	28.876658	65.143514
14.700000	3.628653	1.539226	3.018484	0.918885	0.931358	-0.094661	-4.110702	-4.796531	-25.649039	-0.000000	5.621088	-0.869834	0.000000	-3.878545	-1.058051	-23.433055	-0.000000	6.507583	6.058973	0.000000	-6.778031	0.710312	-0.491263	10.457759	-8.945260	18.931567	23.558549	70.859935	12.152074	-8.548100	24.268951	28.343841	65.094853
14.716667	3.621977	1.548387	2.919646	0.919028	0.931345	-0.094423	-4.092698	-4.795826	-25.544707	-0.000000	5.659133	-0.932912	0.000000	-3.879987	-1.055731	-23.520322	-0.000000	6.470497	5.975795	0.000000	-6.812023	0.685730	-0.372899	10.657777	-8.831722	18.687700	23.788525	70.833068	12.167725	-8.543418	23.881220	27.945123	65.058535
14.733333	3.599715	1.555143	2.815606	0.919154	0.931580	-0.094291	-4.053480	-4.795652	-25.474541	0.000000	5.687158	-0.952974	0.000000	-3.864398	-1.052710	-23.622405	-0.000000	6.420761	5.903588	0.000000	-6.818980	0.663480	-0.248543	10.835029	-8.713352	18.531368	23.977163	70.818510	12.122423	-8.577615	23.618077	27.660437	65.031416
14.750000	3.567870	1.558665	2.709950	0.919230	0.932105	-0.094279	-3.998983	-4.796943	-25.430870	0.000000	5.703780	-0.940179	0.000000	-3.838102	-1.047509	-23.742784	-0.000000	6.357475	5.842729	0.000000	-6.808430	0.651618	-0.127200	10.990562	-8.591669	18.437201	24.143207	70.813824	12.034410	-8.625626	23.422236	27.426643	65.004223
14.766667	3.529541	1.560715	2.604495	0.919291	0.932868	-0.094358	-3.932549	-4.802956	-25.403203	0.000000	5.708042	-0.902399	0.000000	-3.804837	-1.036317	-23.885004	-0.000000	6.279264	5.794605	0.000000	-6.786852	0.652049	-0.012721	11.123252	-8.465078	18.372116	24.309953	70.816503	11.920374	-8.660917	23.219898	27.172399	64.965686
14.783333	3.487163	1.563643	2.505420	0.919402	0.933723	-0.094466	-3.859717	-4.815808	-25.386833	0.000000	5.699785	-0.846703	0.000000	-3.768491	-1.016557	-24.040116	0.000000	6.189220	5.767763	0.000000	-6.756186	0.661926	0.096007	11.224334	-8.333945	18.309102	24.491953	70.825100	11.793946	-8.660600	22.947729	26.845139	64.906238
14.800000	3.443940	1.568431	2.422086	0.919582	0.934507	-0.094524	-3.788934	-4.833896	-25.382768	0.000000	5.679495	-0.779713	0.000000	-3.733982	-0.989621	-24.189019	0.000000	6.094393	5.774540	0.000000	-6.715849	0.675204	0.201112	11.279475	-8.201819	18.232978	24.690636	70.839063	11.666448	-8.609437	22.569288	26.423161	64.820783
14.816667	3.403959	1.573683	2.359875	0.919775	0.935157	-0.094466	-3.727921	-4.851649	-25.390259	0.000000	5.648593	-0.706663	0.000000	-3.706444	-0.961361	-24.315703	0.000000	6.001002	5.818971	0.000000	-6.667872	0.685107	0.303875	11.280283	-8.070906	18.141803	24.896529	70.857559	11.543897	-8.508455	22.090874	25.922422	64.712455
14.833333	3.373072	1.576115	2.318653	0.919896	0.935734	-0.094283	-3.682381	-4.861645	-25.403288	0.000000	5.610024	-0.633441	0.000000	-3.691235	-0.940175	-24.410113	0.000000	5.912729	5.890188	0.000000	-6.622021	0.687648	0.406387	11.231995	-7.939896	18.048082	25.088233	70.878294	11.423605	-8.381551	21.577241	25.405732	64.596542
14.850000	3.357664	1.572731	2.295359	0.919904	0.936272	-0.094018	-3.655769	-4.858645	-25.414327	-0.000000	5.567062	-0.566991	0.000000	-3.692689	-0.932861	-24.466349	0.000000	5.831042	5.969260	0.000000	-6.592774	0.682831	0.511018	11.149077	-7.806381	17.971783	25.239277	70.898019	11.297513	-8.264250	21.124446	24.958398	64.494671
14.866667	3.359963	1.563160	2.285507	0.919839	0.936658	-0.093731	-3.647673	-4.842877	-25.419104	-0.000000	5.521444	-0.511648	0.000000	-3.710363	-0.940892	-24.487772	0.000000	5.754995	6.040814	0.000000	-6.589298	0.672755	0.616703	11.046316	-7.669921	17.925547	25.336003	70.914367	11.160624	-8.180476	20.795692	24.632546	64.420737
14.883333	3.375728	1.549872	2.285438	0.919777	0.936709	-0.093475	-3.654361	-4.819514	-25.418054	-0.000000	5.474519	-0.468577	0.000000	-3.737740	-0.960437	-24.487531	0.000000	5.683964	6.097419	0.000000	-6.611066	0.659731	0.717882	10.934718	-7.533746	17.908672	25.383869	70.926566	11.015021	-8.133094	20.596035	24.426636	64.375492
14.900000	3.397259	1.536324	2.293392	0.919781	0.936384	-0.093287	-3.671829	-4.794830	-25.415231	-0.000000	5.429567	-0.438396	0.000000	-3.766418	-0.985740	-24.479921	-0.000000	5.620615	6.137334	0.000000	-6.651582	0.645452	0.807761	10.820379	-7.402899	17.913210	25.397572	70.934915	10.865892	-8.111697	20.497179	24.309506	64.352262
14.916667	3.418321	1.524948	2.307872	0.919883	0.935866	-0.093161	-3.698130	-4.772358	-25.416360	-0.000000	5.391383	-0.420301	0.000000	-3.791943	-1.012631	-24.473223	-0.000000	5.568966	6.162376	0.000000	-6.702450	0.630336	0.881605	10.702479	-7.279609	17.930869	25.391077	70.940640	10.716503	-8.101611	20.461598	24.243495	64.342536
14.933333	3.437283	1.516352	2.327721	0.920067	0.935425	-0.093062	-3.734056	-4.751689	-25.427398	-0.000000	5.364723	-0.408223	0.000000	-3.816015	-1.039829	-24.468691	-0.000000	5.531156	6.176673	0.000000	-6.755284	0.613546	0.937494	10.573808	-7.161281	17.955711	25.373934	70.946361	10.568142	-8.087785	20.449182	24.192004	64.337699
14.950000	3.457115	1.509796	2.354624	0.920305	0.935211	-0.092961	-3.782746	-4.729941	-25.454759	0.000000	5.354395	-0.388710	0.000000	-3.844054	-1.068051	-24.462655	-0.000000	5.507362	6.184918	0.000000	-6.803312	0.593918	0.975360	10.425653	-7.043628	17.984003	25.351297	70.956433	10.423369	-8.055669	20.416830	24.120074	64.329129
14.966667	3.482808	1.504097	2.393724	0.920616	0.935220	-0.092856	-3.848295	-4.704246	-25.506349	0.000000	5.366142	-0.342008	0.000000	-3.881164	-1.098245	-24.448774	-0.000000	5.497630	6.190774	0.000000	-6.842888	0.571212	0.995702	10.254160	-6.926243	18.012841	25.325333	70.976750	10.289234	-7.991449	20.318276	23.994228	64.308184
14.983333	3.518402	1.498186	2.450954	0.921048	0.935344	-0.092765	-3.933811	-4.673458	-25.591442	0.000000	5.406504	-0.246274	0.000000	-3.929979	-1.130478	-24.420150	-0.000000	5.502847	6.196035	0.000000	-6.873963	0.546820	0.999150	10.063236	-6.814807	18.039261	25.296711	71.013755	10.177181	-7.883133	20.108362	23.784931	64.266910
15.000000	3.565428	1.491249	2.529193	0.921595	0.935436	-0.092695	-4.039968	-4.638196	-25.717533	0.000000	5.479987	-0.085870	0.000000	-3.991001	-1.164176	-24.372522	0.000000	5.523411	6.200638	0.000000	-6.898520	0.522914	0.987174	9.861579	-6.716869	18.060761	25.265729	71.072180	10.097646	-7.723827	19.756170	23.474515	64.200204
15.016667	3.621451	1.483013	2.625193	0.922169	0.935443	-0.092640	-4.162413	-4.600360	-25.880844	0.000000	5.582276	0.133926	0.000000	-4.061821	-1.198349	-24.309325	0.000000	5.555840	6.203296	0.000000	-6.917738	0.500811	0.963184	9.659790	-6.636822	18.076372	25.233078	71.150345	10.052645	-7.520250	19.274119	23.077035	64.110825
15.033333	3.678763	1.474106	2.728905	0.922664	0.935442	-0.092590	-4.289084	-4.562914	-26.056893	0.000000	5.694866	0.375447	0.000000	-4.134981	-1.231091	-24.244495	0.000000	5.590608	6.202491	0.000000	-6.931038	0.480383	0.932725	9.469813	-6.575212	18.087093	25.199775	71.236082	10.031506	-7.300122	18.742986	22.655541	64.013711
15.050000	3.727735	1.465671	2.827223	0.923042	0.935503	-0.092550	-4.404720	-4.528933	-26.210054	0.000000	5.792451	0.584732	0.000000	-4.200977	-1.259912	-24.195538	0.000000	5.615878	6.197597	0.000000	-6.937413	0.460637	0.901320	9.300853	-6.529982	18.095243	25.166380	71.311677	10.015809	-7.101047	18.278742	22.296113	63.929831
15.066667	3.763269	1.458605	2.910043	0.923340	0.935597	-0.092525	-4.500051	-4.500321	-26.317744	-0.000000	5.859161	0.727209	0.000000	-4.254852	-1.283037	-24.171449	0.000000	5.624915	6.189442	0.000000	-6.936608	0.440763	0.871799	9.155506	-6.497877	18.102881	25.133033	71.365519	9.992237	-6.947104	17.956373	22.051378	63.872407
15.083333	3.786462	1.453308	2.972628	0.923611	0.935679	-0.092498	-4.573840	-4.477569	-26.380132	-0.000000	5.895076	0.801322	0.000000	-4.297208	-1.300006	-24.168982	0.000000	5.619073	6.179935	0.000000	-6.929648	0.420682	0.844403	9.032794	-6.476415	18.110668	25.100274	71.396747	9.959873	-6.840821	17.779734	21.920188	63.841648
15.100000	3.801721	1.449684	3.015001	0.923884	0.935751	-0.092450	-4.628867	-4.459879	-26.411453	-0.000000	5.909970	0.823730	0.000000	-4.330520	-1.311602	-24.178076	0.000000	5.604453	6.171278	0.000000	-6.918761	0.400299	0.818306	8.930705	-6.464821	18.118191	25.068297	71.410882	9.926218	-6.771847	17.711194	21.872147	63.830396
15.116667	3.814183	1.447037	3.042217	0.924195	0.935803	-0.092396	-4.669562	-4.444973	-26.430725	-0.000000	5.915744	0.812497	0.000000	-4.356655	-1.319854	-24.187434	-0.000000	5.587483	6.165421	0.000000	-6.906809	0.378538	0.792504	8.843814	-6.463214	18.124981	25.034887	71.414953	9.900252	-6.725365	17.705265	21.874436	63.830464
15.133333	3.827397	1.444393	3.063359	0.924594	0.935768	-0.092380	-4.699781	-4.429705	-26.457120	-0.000000	5.922413	0.779823	0.000000	-4.375114	-1.327504	-24.186370	-0.000000	5.573477	6.164185	0.000000	-6.897160	0.354328	0.767560	8.765409	-6.471888	18.130758	24.995849	71.415129	9.890059	-6.688059	17.724082	21.903976	63.835540
15.150000	3.840953	1.441153	3.088089	0.925082	0.935580	-0.092418	-4.719341	-4.411471	-26.507235	-0.000000	5.936195	0.731647	0.000000	-4.381247	-1.336999	-24.164810	-0.000000	5.567267	6.169690	0.000000	-6.893814	0.328486	0.747570	8.694798	-6.491624	18.134812	24.947928	71.415817	9.904026	-6.653241	17.741427	21.949978	63.841851
15.166667	3.850164	1.437100	3.123295	0.925464	0.935252	-0.092443	-4.723203	-4.388889	-26.593584	0.000000	5.958033	0.670546	0.000000	-4.367136	-1.350244	-24.114804	-0.000000	5.572317	6.183964	0.000000	-6.900061	0.302582	0.738331	8.637899	-6.524456	18.135521	24.890061	71.419692	9.950155	-6.620855	17.741311	22.011853	63.847808
15.183333	3.848445	1.432048	3.169925	0.925197	0.934837	-0.092261	-4.704086	-4.361915	-26.721137	0.000000	5.981452	0.600742	0.000000	-4.325592	-1.368713	-24.035631	-0.000000	5.587430	6.207246	0.000000	-6.915401	0.275465	0.742011	8.600560	-6.573487	18.130410	24.823515	71.427964	10.030722	-6.593533	17.715743	22.094301	63.853318
15.200000	3.829840	1.426303	3.221154	0.923236	0.934289	-0.091489	-4.654596	-4.332228	-26.883154	0.000000	5.991004	0.532963	0.000000	-4.252714	-1.392927	-23.938266	-0.000000	5.604327	6.236563	0.000000	-6.933443	0.242420	0.754622	8.585087	-6.641138	18.116388	24.753349	71.440567	10.136954	-6.574509	17.662783	22.201847	63.859081
15.216667	3.789084	1.421377	3.267398	0.918062	0.933453	-0.089567	-4.566601	-4.302891	-27.068154	0.000000	5.965152	0.482216	0.000000	-4.144959	-1.422317	-23.839597	0.000000	5.609141	6.267607	0.000000	-6.943757	0.197764	0.770359	8.591016	-6.728402	18.089977	24.686492	71.457060	10.252626	-6.567042	17.582166	22.339238	63.866175
15.233333	3.721358	1.419668	3.305371	0.908114	0.932218	-0.085937	-4.431787	-4.277020	-27.273902	0.000000	5.884642	0.459028	0.000000	-3.996155	-1.455819	-23.749700	0.000000	5.587163	6.298583	0.000000	-6.936668	0.138132	0.788022	8.614592	-6.834938	18.048302	24.625811	71.477808	10.363740	-6.572368	17.471123	22.514639	63.875810
15.250000	3.626100	1.422943	3.339011	0.892823	0.930617	-0.080407	-4.248907	-4.256395	-27.505372	0.000000	5.743999	0.463707	0.000000	-3.804061	-1.492037	-23.668117	0.000000	5.530401	6.330616	0.000000	-6.908247	0.064588	0.810631	8.648446	-6.957439	17.991471	24.568856	71.503407	10.463436	-6.588037	17.328374	22.732939	63.888667
15.266667	3.512594	1.430221	3.372344	0.873811	0.928795	-0.073561	-4.033949	-4.239846	-27.757629	0.000000	5.562248	0.485855	0.000000	-3.582315	-1.529485	-23.590336	0.000000	5.447487	6.364313	0.000000	-6.864506	-0.017402	0.838420	8.685262	-7.088895	17.924872	24.512450	71.532600	10.553401	-6.608930	17.163789	22.982015	63.903934
