Coordinates
version=1
nRows=705
nColumns=34
inDegrees=yes

Units are S.I. units (second, meters, Newtons, ...)
If the header above contains a line with 'inDegrees', this indicates whether rotational values are in degrees (yes) or radians (no).

endheader
time	pelvis_tilt	pelvis_list	pelvis_rotation	pelvis_tx	pelvis_ty	pelvis_tz	hip_flexion_r	hip_adduction_r	hip_rotation_r	knee_angle_r	ankle_angle_r	subtalar_angle_r	mtp_angle_r	hip_flexion_l	hip_adduction_l	hip_rotation_l	knee_angle_l	ankle_angle_l	subtalar_angle_l	mtp_angle_l	lumbar_extension	lumbar_bending	lumbar_rotation	arm_flex_r	arm_add_r	arm_rot_r	elbow_flex_r	pro_sup_r	arm_flex_l	arm_add_l	arm_rot_l	elbow_flex_l	pro_sup_l
0.000000	3.710095	-2.150219	3.492020	0.880869	0.933154	-0.073093	-2.873324	-0.957170	-10.633900	1.178747	2.833374	-8.389199	0.000000	-0.718120	-6.792459	-7.027801	2.846792	5.905504	-5.559983	0.000000	-7.577740	3.564766	-2.834304	9.736372	-9.133313	21.766053	26.148954	81.040556	9.409232	-7.278401	17.111922	26.924544	71.608564
0.016667	2.887229	-1.290934	3.090167	0.882253	0.932565	-0.072512	-2.142807	-1.674324	-11.617169	0.749714	4.005769	-6.635665	0.000000	-0.219471	-5.704431	-8.960522	2.395132	6.157434	-4.194012	0.000000	-6.143785	2.549284	-2.400980	9.168266	-8.503157	19.730412	25.675848	80.832143	9.248013	-7.128138	15.879360	26.339302	71.424450
0.033333	2.210207	-0.529360	2.727827	0.883396	0.932250	-0.071977	-1.550172	-2.322402	-12.503013	0.389351	4.968791	-5.091236	0.000000	0.139240	-4.743232	-10.650524	1.927831	6.278731	-3.014158	0.000000	-4.966074	1.656712	-1.988135	8.674039	-7.966283	17.976005	25.297357	80.664186	9.115263	-7.020066	14.845692	25.846448	71.260950
0.050000	1.762023	0.065313	2.441753	0.884150	0.932267	-0.071517	-1.172787	-2.844044	-13.217574	0.138195	5.618544	-3.882247	0.000000	0.291870	-3.994661	-11.947744	1.456506	6.213057	-2.128844	0.000000	-4.183479	0.974812	-1.625258	8.300295	-7.580935	16.682516	25.063408	80.552986	9.027079	-6.968264	14.121090	25.491537	71.131789
0.066667	1.542415	0.471465	2.251119	0.884487	0.932441	-0.071131	-1.008275	-3.211118	-13.732703	-0.002771	5.969328	-3.024527	0.000000	0.263801	-3.482722	-12.832990	1.021405	5.982224	-1.547185	0.000000	-3.790820	0.528404	-1.335756	8.057990	-7.354551	15.885005	24.972792	80.490038	8.988200	-6.959300	13.704633	25.267211	71.039562
0.083333	1.500375	0.713059	2.147611	0.884475	0.932540	-0.070801	-1.005619	-3.433811	-14.073372	-0.060214	6.103337	-2.444033	0.000000	0.122303	-3.176653	-13.392105	0.660379	5.638207	-1.205562	0.000000	-3.701063	0.280882	-1.118715	7.930629	-7.256714	15.502510	24.996312	80.456278	8.999738	-6.970207	13.523808	25.135871	70.976110
0.100000	1.574306	0.837401	2.104650	0.884217	0.932442	-0.070520	-1.103425	-3.548040	-14.296907	-0.067680	6.117235	-2.033075	0.000000	-0.072891	-3.018461	-13.747400	0.385480	5.234971	-1.013685	0.000000	-3.811907	0.165660	-0.955756	7.888294	-7.244416	15.403513	25.097914	80.434469	9.059371	-6.982507	13.488045	25.055138	70.928702
0.116667	1.709819	0.889696	2.096647	0.883810	0.932170	-0.070288	-1.247966	-3.591926	-14.459239	-0.052500	6.088348	-1.711523	0.000000	-0.278037	-2.953167	-13.992667	0.192022	4.835714	-0.894982	0.000000	-4.034599	0.121596	-0.831072	7.900752	-7.279686	15.465366	25.243917	80.414998	9.156847	-6.987946	13.523812	24.993825	70.887210
0.133333	1.869202	0.901255	2.109251	0.883325	0.931847	-0.070090	-1.403967	-3.592600	-14.599052	-0.032068	6.063923	-1.439236	0.000000	-0.466041	-2.943028	-14.177707	0.070775	4.504326	-0.798259	0.000000	-4.306803	0.110455	-0.737693	7.943357	-7.337026	15.605717	25.410106	80.395136	9.276788	-6.987945	13.586208	24.933044	70.845481
0.150000	2.039974	0.891038	2.134900	0.882782	0.931642	-0.069905	-1.562717	-3.566639	-14.746301	-0.014981	6.066522	-1.183155	0.000000	-0.635635	-2.965266	-14.334384	0.006601	4.271476	-0.684762	0.000000	-4.604034	0.114112	-0.669674	7.997638	-7.405492	15.787563	25.590779	80.374237	9.410429	-6.988440	13.655721	24.857918	70.797487
0.166667	2.229398	0.869525	2.166383	0.882182	0.931678	-0.069724	-1.734802	-3.523370	-14.928977	-0.003886	6.103375	-0.902847	0.000000	-0.805476	-3.006897	-14.493848	-0.019844	4.124730	-0.522440	0.000000	-4.933659	0.124811	-0.618052	8.052734	-7.485660	16.004654	25.796168	80.350734	9.561104	-6.994281	13.728766	24.755368	70.736242
0.183333	2.441635	0.841080	2.197287	0.881579	0.931910	-0.069549	-1.926870	-3.467393	-15.159857	0.001743	6.169948	-0.578901	0.000000	-0.988413	-3.061234	-14.675408	-0.025110	4.032380	-0.301547	0.000000	-5.301113	0.139433	-0.574912	8.104451	-7.579982	16.253171	26.030721	80.323524	9.731075	-7.007532	13.805862	24.623149	70.659433
0.200000	2.656977	0.806837	2.224871	0.881107	0.932143	-0.069398	-2.122293	-3.402171	-15.419606	0.003596	6.249291	-0.243373	0.000000	-1.170783	-3.123782	-14.871244	-0.020509	3.967091	-0.050573	0.000000	-5.674770	0.157331	-0.537476	8.149639	-7.682648	16.507097	26.271195	80.294483	9.903048	-7.028509	13.882086	24.478401	70.575488
0.216667	2.839910	0.767885	2.250427	0.880923	0.932246	-0.069293	-2.290835	-3.332824	-15.667245	0.003391	6.318039	0.038429	0.000000	-1.322822	-3.189510	-15.054219	-0.013076	3.912328	0.179463	0.000000	-5.994543	0.178580	-0.507632	8.181773	-7.780601	16.724769	26.475091	80.267809	10.043144	-7.055600	13.947711	24.348949	70.499764
0.233333	2.968718	0.727207	2.277303	0.881094	0.932280	-0.069252	-2.417588	-3.266262	-15.872388	0.002391	6.358703	0.221476	0.000000	-1.429206	-3.252656	-15.202911	-0.006479	3.857852	0.353547	0.000000	-6.216259	0.202484	-0.488274	8.191520	-7.863799	16.879342	26.612822	80.246742	10.123595	-7.084194	13.996625	24.252536	70.443178
0.250000	3.047366	0.689201	2.308043	0.881518	0.932371	-0.069267	-2.510566	-3.209252	-16.030780	0.001333	6.365919	0.304463	0.000000	-1.498420	-3.307697	-15.314011	-0.002008	3.796718	0.468636	0.000000	-6.335062	0.227477	-0.480154	8.172620	-7.929992	16.971797	26.683128	80.231930	10.138066	-7.108462	14.029834	24.189099	70.407086
0.266667	3.092092	0.657583	2.342183	0.881969	0.932544	-0.069311	-2.583178	-3.165961	-16.155304	0.000537	6.343821	0.311412	0.000000	-1.546167	-3.350817	-15.396021	0.000380	3.726606	0.539808	0.000000	-6.374267	0.252211	-0.480968	8.128856	-7.981163	17.018639	26.703119	80.222350	10.100561	-7.125336	14.051690	24.149695	70.386985
0.283333	3.118299	0.634009	2.376716	0.882241	0.932736	-0.069351	-2.642123	-3.136964	-16.263322	0.000063	6.300594	0.270197	0.000000	-1.582723	-3.380916	-15.460377	0.001263	3.649141	0.585252	0.000000	-6.366514	0.276295	-0.486563	8.072846	-8.020076	17.038311	26.694294	80.216458	10.035047	-7.135643	14.066383	24.125135	70.377013
0.300000	3.136689	0.618147	2.407894	0.882248	0.932908	-0.069370	-2.688015	-3.120152	-16.367122	-0.000149	6.244984	0.204681	0.000000	-1.612478	-3.399307	-15.515524	0.001287	3.567919	0.620087	0.000000	-6.340773	0.299719	-0.493167	8.018264	-8.049196	17.045384	26.674423	80.212760	9.964157	-7.141740	14.077011	24.108748	70.372156
0.316667	3.151903	0.608775	2.431318	0.882015	0.933104	-0.069374	-2.717220	-3.112735	-16.466853	-0.000197	6.186544	0.135740	0.000000	-1.635422	-3.408160	-15.563165	0.000949	3.489923	0.654495	0.000000	-6.317477	0.321456	-0.498308	7.976452	-8.069434	17.049037	26.654866	80.209990	9.905627	-7.145173	14.085235	24.097019	70.368977
0.333333	3.163432	0.605007	2.442190	0.881604	0.933395	-0.069376	-2.724029	-3.112902	-16.554784	-0.000163	6.135258	0.083455	0.000000	-1.648498	-3.409037	-15.601753	0.000554	3.425309	0.697668	0.000000	-6.309408	0.339277	-0.499851	7.956971	-8.080021	17.054893	26.640387	80.206539	9.873305	-7.145967	14.091522	24.088225	70.364811
0.350000	3.170063	0.606669	2.437945	0.881047	0.933799	-0.069375	-2.705839	-3.119973	-16.629328	-0.000105	6.098622	0.067171	0.000000	-1.648543	-3.402770	-15.636289	0.000241	3.382806	0.765679	0.000000	-6.323284	0.351093	-0.494643	7.966257	-8.080728	17.068857	26.629035	80.199321	9.875932	-7.142949	14.096272	24.079098	70.355959
0.366667	3.173305	0.613851	2.420223	0.880349	0.934246	-0.069356	-2.666820	-3.133586	-16.700901	-0.000053	6.081468	0.106207	0.000000	-1.634921	-3.390136	-15.683128	0.000047	3.368474	0.883411	0.000000	-6.360299	0.355387	-0.478360	8.005778	-8.073612	17.099147	26.612815	80.183376	9.916299	-7.134215	14.100470	24.063078	70.336883
0.383333	3.176847	0.626387	2.393373	0.879560	0.934619	-0.069307	-2.616764	-3.153059	-16.785781	-0.000017	6.088400	0.220120	0.000000	-1.610549	-3.372318	-15.765405	-0.000046	3.388373	1.078314	0.000000	-6.416998	0.350578	-0.447029	8.071899	-8.062607	17.155153	26.580111	80.152809	9.993136	-7.117437	14.105398	24.031742	70.301158
0.400000	3.183606	0.643750	2.361335	0.878818	0.934844	-0.069233	-2.566464	-3.177313	-16.898022	0.000002	6.123003	0.422862	0.000000	-1.580778	-3.350820	-15.902872	-0.000072	3.447319	1.370123	0.000000	-6.488050	0.335465	-0.398913	8.157877	-8.051685	17.244030	26.520515	80.102988	10.103048	-7.090562	14.112141	23.978253	70.243850
0.416667	3.193435	0.664737	2.326859	0.878276	0.934940	-0.069146	-2.523444	-3.204495	-17.039954	0.000010	6.182350	0.705484	0.000000	-1.550707	-3.327541	-16.096186	-0.000063	3.541212	1.750242	0.000000	-6.567683	0.311244	-0.336928	8.254715	-8.042867	17.363489	26.433008	80.034977	10.237339	-7.053973	14.120977	23.903015	70.166352
0.433333	3.203733	0.686521	2.293295	0.878007	0.934966	-0.069068	-2.491569	-3.231043	-17.193869	0.000010	6.252564	1.019671	0.000000	-1.523924	-3.305385	-16.314583	-0.000043	3.650523	2.160696	0.000000	-6.647405	0.283151	-0.271139	8.348461	-8.035683	17.494895	26.332198	79.959586	10.375542	-7.012634	14.130857	23.818286	70.080921
0.450000	3.212001	0.705317	2.264585	0.877982	0.934976	-0.069024	-2.472495	-3.252816	-17.330876	0.000008	6.313724	1.296016	0.000000	-1.503038	-3.287415	-16.510212	-0.000023	3.747433	2.515988	0.000000	-6.717250	0.258791	-0.215392	8.422196	-8.027937	17.610666	26.241236	79.892944	10.490354	-6.973544	14.140022	23.742747	70.005765
0.466667	3.217849	0.718970	2.242771	0.878110	0.934998	-0.069028	-2.466160	-3.268300	-17.433422	0.000004	6.351153	1.489474	0.000000	-1.490246	-3.274443	-16.652058	-0.000008	3.812619	2.760571	0.000000	-6.772461	0.244082	-0.178614	8.464975	-8.016667	17.693088	26.175362	79.845454	10.563801	-6.939731	14.147490	23.688508	69.952666
0.483333	3.223386	0.728031	2.227244	0.878304	0.934999	-0.069083	-2.471553	-3.279682	-17.504191	0.000002	6.360382	1.597805	0.000000	-1.487693	-3.264345	-16.739639	-0.000000	3.842282	2.892608	0.000000	-6.815557	0.241348	-0.161231	8.475736	-7.999302	17.741904	26.135128	79.817268	10.593911	-6.908369	14.153619	23.655754	69.921902
0.500000	3.232247	0.734544	2.216706	0.878525	0.934896	-0.069189	-2.488093	-3.290870	-17.555957	0.000000	6.344304	1.643558	0.000000	-1.497522	-3.253870	-16.789494	0.000003	3.842584	2.941392	0.000000	-6.850869	0.250165	-0.158617	8.459687	-7.975472	17.766550	26.112549	79.802698	10.588105	-6.874655	14.159333	23.637776	69.907173
0.516667	3.247831	0.740643	2.210849	0.878757	0.934623	-0.069313	-2.515703	-3.304935	-17.599699	-0.000000	6.310119	1.653182	0.000000	-1.521007	-3.240899	-16.819124	0.000004	3.823348	2.941377	0.000000	-6.879172	0.268146	-0.164872	8.424901	-7.948379	17.777240	26.098639	79.795428	10.556500	-6.836422	14.165206	23.627039	69.901365
0.533333	3.271110	0.747476	2.209636	0.878967	0.934190	-0.069383	-2.552564	-3.322005	-17.640036	-0.000001	6.267812	1.647097	0.000000	-1.556562	-3.226286	-16.839540	0.000003	3.795103	2.920184	0.000000	-6.898432	0.290890	-0.174443	8.381073	-7.923013	17.781238	26.087430	79.790965	10.509836	-6.795971	14.171068	23.618257	69.899215
0.550000	3.299152	0.754322	2.211451	0.879127	0.933714	-0.069321	-2.592918	-3.338304	-17.676396	-0.000001	6.228571	1.637178	0.000000	-1.598345	-3.214558	-16.854301	0.000002	3.767614	2.895477	0.000000	-6.908542	0.312074	-0.182607	8.338347	-7.901979	17.782721	26.077121	79.787060	10.459024	-6.759029	14.176147	23.609085	69.897802
0.566667	3.326886	0.758960	2.213308	0.879276	0.933374	-0.069101	-2.629828	-3.347938	-17.706327	-0.000000	6.202577	1.628442	0.000000	-1.639190	-3.211973	-16.862226	0.000001	3.748571	2.876250	0.000000	-6.912799	0.325094	-0.185822	8.304395	-7.883534	17.783919	26.068536	79.782885	10.412566	-6.731691	14.179520	23.598855	69.895830
0.583333	3.351337	0.759469	2.213132	0.879497	0.933285	-0.068777	-2.661277	-3.346630	-17.728339	-0.000000	6.196701	1.622207	0.000000	-1.676327	-3.222643	-16.861142	0.000000	3.742321	2.865494	0.000000	-6.914816	0.325903	-0.182456	8.280536	-7.863170	17.786140	26.062198	79.777856	10.372527	-6.716924	14.180661	23.586610	69.892601
0.600000	3.373479	0.755852	2.211276	0.879814	0.933409	-0.068439	-2.691712	-3.334349	-17.742200	-0.000000	6.213691	1.618588	0.000000	-1.712758	-3.245721	-16.850278	-0.000000	3.749704	2.862802	0.000000	-6.915701	0.314715	-0.173631	8.260988	-7.836785	17.790177	26.056754	79.771190	10.334729	-6.713397	14.179680	23.570642	69.887558
0.616667	3.396405	0.750460	2.210303	0.880164	0.933594	-0.068168	-2.728105	-3.315475	-17.747350	-0.000000	6.252917	1.617645	0.000000	-1.753529	-3.275328	-16.830705	-0.000000	3.769021	2.866305	0.000000	-6.913757	0.295588	-0.163308	8.236229	-7.803320	17.796218	26.049491	79.762248	10.293385	-6.716995	14.177186	23.549631	69.880431
0.633333	3.423063	0.746664	2.213371	0.880464	0.933718	-0.068005	-2.775672	-3.296257	-17.742847	0.000000	6.311482	1.619475	0.000000	-1.802134	-3.303596	-16.804653	-0.000000	3.797373	2.873868	0.000000	-6.906240	0.274053	-0.156432	8.197904	-7.764665	17.803904	26.037824	79.750834	10.244740	-6.723117	14.173949	23.523388	69.871336
0.650000	3.454346	0.746391	2.221960	0.880632	0.933773	-0.067943	-2.834205	-3.281057	-17.729557	0.000000	6.383548	1.623707	0.000000	-1.857860	-3.324836	-16.775145	-0.000000	3.831120	2.883481	0.000000	-6.892277	0.254333	-0.155729	8.144401	-7.724104	17.812492	26.021187	79.737462	10.189202	-6.728510	14.170604	23.493299	69.860852
0.666667	3.487004	0.749144	2.234666	0.880638	0.933813	-0.067945	-2.895652	-3.270961	-17.711627	0.000000	6.457965	1.629126	0.000000	-1.913790	-3.337152	-16.746611	-0.000000	3.865073	2.893081	0.000000	-6.874782	0.238703	-0.160192	8.084394	-7.686273	17.820773	26.002257	79.723795	10.133361	-6.731885	14.167619	23.463209	69.850315
0.683333	3.514770	0.753207	2.248153	0.880568	0.933845	-0.067980	-2.948130	-3.265133	-17.694874	0.000000	6.520988	1.634067	0.000000	-1.960068	-3.341291	-16.724043	-0.000000	3.893373	2.900776	0.000000	-6.858846	0.228241	-0.166840	8.031947	-7.656315	17.827361	25.985415	79.712117	10.087410	-6.733316	14.165323	23.438282	69.841447
0.700000	3.533123	0.757121	2.259134	0.880573	0.933831	-0.068051	-2.984566	-3.262485	-17.683702	0.000000	6.564390	1.637190	0.000000	-1.991241	-3.339026	-16.710214	-0.000000	3.912688	2.905661	0.000000	-6.847835	0.222986	-0.173614	7.996027	-7.636911	17.831495	25.973416	79.703768	10.058000	-6.733383	14.163802	23.421646	69.835237
0.716667	3.541783	0.760302	2.265439	0.880726	0.933774	-0.068169	-3.005896	-3.262602	-17.679925	0.000000	6.588684	1.637799	0.000000	-2.008902	-3.332050	-16.704667	0.000000	3.923450	2.908055	0.000000	-6.841567	0.222183	-0.180543	7.976380	-7.627259	17.833297	25.966053	79.698482	10.045178	-6.732641	14.162888	23.413007	69.831473
0.733333	3.543137	0.763058	2.266011	0.880992	0.933753	-0.068322	-3.017316	-3.265891	-17.683664	-0.000000	6.599305	1.635671	0.000000	-2.018527	-3.321552	-16.705185	0.000000	3.928125	2.908946	0.000000	-6.837525	0.224999	-0.188953	7.967535	-7.624921	17.833319	25.961416	79.695078	10.045211	-6.731461	14.162288	23.410166	69.829276
0.750000	3.540212	0.766251	2.260799	0.881276	0.933846	-0.068466	-3.023985	-3.273065	-17.694210	-0.000000	6.602353	1.630920	0.000000	-2.025981	-3.308347	-16.709301	0.000000	3.929379	2.909405	0.000000	-6.832769	0.230884	-0.200186	7.963595	-7.627488	17.832109	25.957474	79.692297	10.053745	-6.730057	14.161723	23.410700	69.827711
0.766667	3.535777	0.770528	2.250964	0.881480	0.934041	-0.068549	-3.028909	-3.284136	-17.710001	-0.000000	6.602648	1.624115	0.000000	-2.035260	-3.293305	-16.714929	0.000000	3.929308	2.910222	0.000000	-6.825459	0.239233	-0.214362	7.960911	-7.632937	17.830102	25.953080	79.689281	10.066989	-6.728610	14.160997	23.412701	69.826120
0.783333	3.532181	0.775556	2.238865	0.881533	0.934232	-0.068553	-3.032503	-3.297704	-17.728327	-0.000000	6.603292	1.616443	0.000000	-2.047026	-3.277828	-16.720423	0.000000	3.929356	2.911759	0.000000	-6.815690	0.248908	-0.229564	7.959176	-7.639377	17.827646	25.948471	79.685759	10.081809	-6.727382	14.160017	23.414934	69.824237
0.800000	3.531461	0.780316	2.226911	0.881390	0.934322	-0.068492	-3.033533	-3.311547	-17.746189	-0.000000	6.606142	1.609373	0.000000	-2.058892	-3.263527	-16.724559	0.000000	3.930567	2.914104	0.000000	-6.804838	0.258574	-0.242665	7.960950	-7.645132	17.824936	25.944923	79.681786	10.096189	-6.726649	14.158724	23.416819	69.822020
0.816667	3.535138	0.784265	2.215920	0.881057	0.934316	-0.068390	-3.030792	-3.323974	-17.762003	-0.000000	6.612504	1.603934	0.000000	-2.067370	-3.251253	-16.726659	-0.000000	3.933854	2.917350	0.000000	-6.794120	0.267626	-0.251344	7.970126	-7.649161	17.821865	25.943852	79.677246	10.110062	-6.726471	14.156981	23.418359	69.819366
0.833333	3.543494	0.787706	2.205194	0.880605	0.934318	-0.068273	-3.024216	-3.334250	-17.775843	-0.000000	6.623196	1.600567	0.000000	-2.069788	-3.240927	-16.726637	-0.000000	3.939899	2.921617	0.000000	-6.784139	0.276274	-0.254929	7.990163	-7.651133	17.818115	25.946165	79.671750	10.124829	-6.726576	14.154612	23.419899	69.816036
0.850000	3.555188	0.791002	2.194550	0.880157	0.934445	-0.068180	-3.015120	-3.342061	-17.787909	0.000000	6.637754	1.599597	0.000000	-2.065332	-3.232378	-16.724970	-0.000000	3.948566	2.926725	0.000000	-6.775552	0.284650	-0.253820	8.021904	-7.651139	17.813513	25.951929	79.665072	10.141226	-6.726392	14.151613	23.421709	69.811917
0.866667	3.568038	0.793905	2.185932	0.879815	0.934743	-0.068143	-3.005842	-3.347103	-17.797202	0.000000	6.653702	1.601648	0.000000	-2.055109	-3.226002	-16.722649	-0.000000	3.958399	2.931916	0.000000	-6.769542	0.292168	-0.248946	8.061830	-7.649478	17.808351	25.960168	79.657578	10.157602	-6.725088	14.148340	23.423698	69.807267
0.883333	3.580386	0.795703	2.182389	0.879590	0.935191	-0.068162	-2.998429	-3.349270	-17.801887	0.000000	6.667362	1.607693	0.000000	-2.041125	-3.222497	-16.720830	-0.000000	3.967079	2.936179	0.000000	-6.767563	0.298060	-0.241569	8.103993	-7.646415	17.803199	25.969387	79.649973	10.171144	-6.721649	14.145350	23.425666	69.802563
0.900000	3.591683	0.795858	2.185142	0.879413	0.935743	-0.068204	-2.992975	-3.349089	-17.800850	0.000000	6.675695	1.618703	0.000000	-2.025079	-3.222034	-16.720224	-0.000000	3.972527	2.939009	0.000000	-6.770857	0.302473	-0.233333	8.144349	-7.641895	17.798425	25.978563	79.642681	10.181170	-6.715161	14.142996	23.427885	69.798108
0.916667	3.601949	0.794425	2.191996	0.879214	0.936324	-0.068228	-2.987355	-3.347682	-17.794483	0.000000	6.676993	1.635189	0.000000	-2.007933	-3.223930	-16.720854	-0.000000	3.973344	2.940711	0.000000	-6.780378	0.306779	-0.226464	8.182033	-7.635487	17.794080	25.987426	79.635699	10.190580	-6.705135	14.141279	23.431313	69.793936
0.933333	3.610936	0.792002	2.198965	0.878968	0.936823	-0.068200	-2.978538	-3.346125	-17.783882	0.000000	6.670302	1.657424	0.000000	-1.989911	-3.227175	-16.722380	0.000000	3.968586	2.942095	0.000000	-6.797095	0.312870	-0.223375	8.218238	-7.626475	17.790047	25.996245	79.628833	10.204279	-6.691368	14.140023	23.437222	69.789959
0.950000	3.617786	0.789369	2.203137	0.878687	0.937121	-0.068116	-2.964242	-3.344876	-17.769788	-0.000000	6.655275	1.685783	0.000000	-1.970611	-3.231107	-16.724512	0.000000	3.957876	2.944056	0.000000	-6.821735	0.322171	-0.225524	8.255463	-7.614106	17.786138	26.005687	79.621841	10.226410	-6.673685	14.139060	23.446500	69.786039
0.966667	3.621444	0.787110	2.203933	0.878417	0.937144	-0.068005	-2.944318	-3.343890	-17.752897	-0.000000	6.633279	1.719236	0.000000	-1.949941	-3.235483	-16.727047	0.000000	3.942293	2.947245	0.000000	-6.852826	0.334585	-0.232584	8.295094	-7.598572	17.782315	26.016209	79.614847	10.257368	-6.652808	14.138369	23.458648	69.782218
0.983333	3.621412	0.785563	2.202507	0.878237	0.936895	-0.067917	-2.921454	-3.343128	-17.735013	-0.000000	6.608518	1.753170	0.000000	-1.929332	-3.240101	-16.729640	0.000000	3.925122	2.951840	0.000000	-6.884653	0.347930	-0.242474	8.334060	-7.582068	17.778994	26.027159	79.608858	10.292020	-6.631619	14.138152	23.471150	69.779012
1.000000	3.618030	0.784905	2.200445	0.878206	0.936462	-0.067889	-2.899982	-3.342752	-17.718826	-0.000000	6.586571	1.780983	0.000000	-1.911263	-3.244641	-16.731831	0.000000	3.910600	2.957506	0.000000	-6.909506	0.359096	-0.252432	8.366157	-7.567912	17.776838	26.037009	79.605273	10.322407	-6.614112	14.138670	23.480682	69.777151
1.016667	3.612382	0.785041	2.198616	0.878306	0.935977	-0.067927	-2.883430	-3.342921	-17.706502	-0.000000	6.571005	1.798884	0.000000	-1.897740	-3.248810	-16.733366	0.000000	3.901078	2.963355	0.000000	-6.923565	0.366263	-0.260415	8.387542	-7.558195	17.776054	26.044514	79.604464	10.343453	-6.602582	14.139843	23.485690	69.776810
1.033333	3.606838	0.785514	2.196774	0.878463	0.935551	-0.068013	-2.873746	-3.343547	-17.699541	-0.000000	6.561970	1.808225	0.000000	-1.890395	-3.252471	-16.734389	0.000000	3.895511	2.967498	0.000000	-6.930448	0.369780	-0.265283	8.399591	-7.552848	17.775866	26.049091	79.604735	10.355436	-6.596569	14.140831	23.487817	69.777030
1.050000	3.606017	0.785641	2.193687	0.878595	0.935226	-0.068114	-2.872896	-3.344233	-17.700223	-0.000000	6.557424	1.814276	0.000000	-1.892196	-3.255741	-16.735380	-0.000000	3.889838	2.966265	0.000000	-6.940974	0.371414	-0.265780	8.407698	-7.550539	17.774384	26.050158	79.602059	10.362248	-6.594015	14.139747	23.491697	69.775547
1.066667	3.617032	0.784636	2.187279	0.878661	0.934990	-0.068199	-2.884655	-3.344323	-17.712821	0.000000	6.554601	1.824449	0.000000	-1.908678	-3.259129	-16.737016	-0.000000	3.877804	2.953764	0.000000	-6.971778	0.373415	-0.259618	8.419467	-7.549670	17.768673	26.046508	79.590198	10.369159	-6.592523	14.133565	23.504312	69.768858
1.083333	3.648351	0.781794	2.175008	0.878665	0.934825	-0.068246	-2.914813	-3.342992	-17.743319	0.000000	6.550874	1.846772	0.000000	-1.947396	-3.263545	-16.739992	-0.000000	3.852154	2.922588	0.000000	-7.042538	0.377920	-0.243465	8.443140	-7.548847	17.755178	26.036327	79.561607	10.381292	-6.590005	14.118526	23.533789	69.752712
1.100000	3.706495	0.776820	2.154891	0.878643	0.934740	-0.068240	-2.968789	-3.339441	-17.796873	0.000000	6.544417	1.887431	0.000000	-2.014726	-3.270027	-16.744709	-0.000000	3.807199	2.866625	0.000000	-7.169145	0.386342	-0.214238	8.485084	-7.547070	17.731006	26.018043	79.510111	10.402018	-6.585106	14.091527	23.586525	69.723628
1.116667	3.789496	0.770193	2.127503	0.878653	0.934762	-0.068188	-3.045824	-3.333422	-17.872239	0.000000	6.534992	1.946288	0.000000	-2.109017	-3.279055	-16.750722	-0.000000	3.743688	2.787063	0.000000	-7.350162	0.398421	-0.172142	8.545240	-7.543870	17.696532	25.992281	79.436438	10.430534	-6.577727	14.053032	23.661465	69.682016
1.133333	3.881629	0.763203	2.097684	0.878761	0.934879	-0.068116	-3.133886	-3.325775	-17.956976	0.000000	6.524504	2.013195	0.000000	-2.214669	-3.289833	-16.756308	-0.000000	3.672848	2.697541	0.000000	-7.555414	0.411465	-0.123342	8.613335	-7.539364	17.657605	25.963556	79.352900	10.459920	-6.569378	14.009547	23.745280	69.634824
1.150000	3.960041	0.757237	2.072712	0.879000	0.935040	-0.068055	-3.214985	-3.317991	-18.032580	0.000000	6.516146	2.072477	0.000000	-2.308335	-3.300717	-16.758883	0.000000	3.611810	2.618633	0.000000	-7.738781	0.421379	-0.077212	8.673094	-7.533973	17.623070	25.938444	79.278117	10.479198	-6.562435	13.970919	23.817701	69.592567
1.166667	4.010038	0.752821	2.057837	0.879354	0.935197	-0.068029	-3.278163	-3.310978	-18.086960	0.000000	6.512541	2.113496	0.000000	-2.374485	-3.310609	-16.756101	0.000000	3.572545	2.564349	0.000000	-7.868940	0.425034	-0.039622	8.712491	-7.527882	17.598800	25.921177	79.224316	10.478638	-6.558597	13.943752	23.864530	69.562167
1.183333	4.031433	0.749610	2.054349	0.879773	0.935327	-0.068035	-3.324283	-3.304608	-18.119380	-0.000000	6.514909	2.135139	0.000000	-2.412225	-3.319584	-16.746424	0.000000	3.557049	2.536598	0.000000	-7.941865	0.421468	-0.010583	8.728211	-7.520914	17.585218	25.911863	79.192135	10.452871	-6.558131	13.928681	23.883265	69.544021
1.200000	4.032780	0.747189	2.060738	0.880207	0.935444	-0.068045	-3.360181	-3.298352	-18.135423	-0.000000	6.523472	2.142137	0.000000	-2.429956	-3.328286	-16.729175	0.000000	3.560749	2.530220	0.000000	-7.969095	0.411561	0.012335	8.722448	-7.512912	17.579507	25.908233	79.175486	10.401232	-6.560187	13.922822	23.878929	69.534750
1.216667	4.024187	0.745500	2.073964	0.880630	0.935587	-0.068024	-3.392361	-3.291938	-18.141386	-0.000000	6.537920	2.140595	0.000000	-2.438760	-3.337087	-16.704659	0.000000	3.576678	2.538771	0.000000	-7.964368	0.397386	0.030480	8.699214	-7.504056	17.578241	25.907696	79.167281	10.327580	-6.563354	13.922631	23.858966	69.530416
1.233333	4.013792	0.744531	2.090654	0.881006	0.935774	-0.067962	-3.424582	-3.285260	-18.142195	-0.000000	6.557914	2.135596	0.000000	-2.448621	-3.345807	-16.673903	0.000000	3.598335	2.557105	0.000000	-7.938042	0.381276	0.043707	8.662563	-7.494602	17.578632	25.908404	79.161981	10.237955	-6.566231	13.925246	23.830172	69.527954
1.250000	4.006933	0.744015	2.108085	0.881262	0.935953	-0.067874	-3.457500	-3.277981	-18.141504	-0.000000	6.583267	2.130192	0.000000	-2.465573	-3.353943	-16.638582	0.000000	3.621621	2.581519	0.000000	-7.897200	0.365024	0.051698	8.616674	-7.484565	17.578896	25.909629	79.156183	10.138417	-6.567945	13.928796	23.797430	69.525477
1.266667	4.006162	0.743678	2.124189	0.881318	0.936034	-0.067772	-3.488763	-3.269684	-18.141999	-0.000000	6.613189	2.125498	0.000000	-2.489495	-3.360974	-16.601916	-0.000000	3.644829	2.608578	0.000000	-7.848394	0.350114	0.054476	8.567475	-7.474014	17.578156	25.911632	79.148558	10.037244	-6.568308	13.932187	23.764584	69.522215
1.283333	4.011399	0.743677	2.138624	0.881147	0.935986	-0.067653	-3.514313	-3.260284	-18.144790	0.000000	6.645684	2.121555	0.000000	-2.514369	-3.366660	-16.568544	-0.000000	3.667457	2.634774	0.000000	-7.799360	0.337935	0.052343	8.522474	-7.463428	17.576185	25.915081	79.139347	9.945540	-6.567879	13.934835	23.735074	69.518233
1.300000	4.020465	0.744600	2.154710	0.880813	0.935845	-0.067525	-3.530818	-3.250086	-18.148663	0.000000	6.678209	2.118138	0.000000	-2.531345	-3.371277	-16.542313	-0.000000	3.689472	2.657706	0.000000	-7.758292	0.329199	0.045914	8.487836	-7.453461	17.573071	25.920428	79.129360	9.872628	-6.567991	13.936551	23.710990	69.513931
1.316667	4.029797	0.746958	2.177529	0.880448	0.935645	-0.067413	-3.536929	-3.239676	-18.150998	0.000000	6.709432	2.114652	0.000000	-2.533121	-3.375502	-16.523988	-0.000000	3.711325	2.677614	0.000000	-7.731109	0.323647	0.034666	8.465927	-7.444429	17.568787	25.927964	79.118909	9.822771	-6.570178	13.937531	23.692485	69.509555
1.333333	4.035210	0.750605	2.209276	0.880179	0.935407	-0.067344	-3.532845	-3.229820	-18.149830	0.000000	6.741107	2.109435	0.000000	-2.517112	-3.380034	-16.510332	-0.000000	3.734408	2.698248	0.000000	-7.718459	0.320477	0.014554	8.454900	-7.435858	17.562770	25.938505	79.107053	9.795677	-6.575285	13.938339	23.678228	69.504893
1.350000	4.032530	0.754652	2.248875	0.880047	0.935161	-0.067342	-3.519337	-3.221267	-18.144589	0.000000	6.778162	2.099833	0.000000	-2.484596	-3.385244	-16.495341	-0.000000	3.761274	2.726083	0.000000	-7.716167	0.318840	-0.021923	8.450219	-7.426404	17.553849	25.953751	79.091563	9.788268	-6.583410	13.939772	23.666023	69.499246
1.366667	4.018564	0.757984	2.295194	0.879983	0.934943	-0.067408	-3.497098	-3.214496	-18.135369	0.000000	6.826036	2.083514	0.000000	-2.437539	-3.391005	-16.473386	0.000000	3.794735	2.767394	0.000000	-7.719044	0.318066	-0.082056	8.447266	-7.414432	17.540763	25.975627	79.069938	9.796388	-6.594384	13.942543	23.653572	69.491770
1.383333	3.993543	0.759978	2.346517	0.879854	0.934800	-0.067511	-3.467444	-3.209770	-18.122739	0.000000	6.885392	2.060625	0.000000	-2.378588	-3.396640	-16.442907	0.000000	3.834923	2.823354	0.000000	-7.723933	0.317632	-0.166275	8.443195	-7.399396	17.523451	26.004168	79.041650	9.815475	-6.607374	13.946901	23.639832	69.482253
1.400000	3.962855	0.760882	2.397065	0.879570	0.934801	-0.067606	-3.433680	-3.207489	-18.108142	-0.000000	6.947629	2.035368	0.000000	-2.313878	-3.401005	-16.408612	0.000000	3.876267	2.886197	0.000000	-7.730611	0.317004	-0.262939	8.437422	-7.383036	17.504239	26.035460	79.010159	9.840608	-6.619969	13.952358	23.626267	69.471817
1.416667	3.933964	0.761613	2.438585	0.879173	0.934996	-0.067658	-3.399948	-3.208184	-18.093301	-0.000000	6.998589	2.014248	0.000000	-2.251881	-3.402880	-16.378786	0.000000	3.909621	2.943041	0.000000	-7.741213	0.315610	-0.353842	8.430946	-7.368459	17.486848	26.063297	78.981298	9.867802	-6.628834	13.958007	23.616073	69.462400
1.433333	3.910873	0.763174	2.466426	0.878796	0.935358	-0.067659	-3.368132	-3.211981	-18.078975	-0.000000	7.028595	2.001785	0.000000	-2.198223	-3.401525	-16.359204	0.000000	3.928652	2.985262	0.000000	-7.758348	0.313052	-0.427173	8.425078	-7.357647	17.473731	26.083679	78.958948	9.895733	-6.631841	13.963208	23.611690	69.455296
1.450000	3.893032	0.766061	2.481722	0.878573	0.935768	-0.067621	-3.338037	-3.218154	-18.065163	-0.000000	7.037376	1.998374	0.000000	-2.154421	-3.397156	-16.350354	0.000000	3.933116	3.012144	0.000000	-7.782443	0.309368	-0.481548	8.420782	-7.350539	17.465076	26.096553	78.943452	9.924573	-6.629276	13.967759	23.613242	69.450596
1.466667	3.878478	0.769915	2.488489	0.878603	0.936065	-0.067563	-3.310682	-3.225206	-18.052485	-0.000000	7.031283	2.001372	0.000000	-2.121434	-3.391130	-16.349251	0.000000	3.927238	3.027136	0.000000	-7.809868	0.305120	-0.519577	8.418772	-7.346065	17.459931	26.103944	78.933510	9.952934	-6.623391	13.971511	23.618823	69.447788
1.483333	3.865763	0.773788	2.490710	0.878932	0.936151	-0.067505	-3.289385	-3.231644	-18.042404	-0.000000	7.018397	2.007136	0.000000	-2.101148	-3.385364	-16.352183	-0.000000	3.916608	3.034141	0.000000	-7.834125	0.301020	-0.543485	8.419400	-7.343000	17.457262	26.108082	78.927755	9.977656	-6.616977	13.974248	23.625855	69.446315
1.500000	3.853797	0.776894	2.491260	0.879506	0.936054	-0.067474	-3.277821	-3.236914	-18.036157	-0.000000	7.004720	2.012656	0.000000	-2.094514	-3.381136	-16.356571	-0.000000	3.905673	3.036442	0.000000	-7.849185	0.297289	-0.556034	8.422110	-7.339988	17.456174	26.110822	78.924822	9.996454	-6.611794	13.975985	23.632601	69.445668
1.516667	3.842343	0.779077	2.491899	0.880173	0.935870	-0.067494	-3.278381	-3.241537	-18.034271	0.000000	6.992938	2.016079	0.000000	-2.100755	-3.378342	-16.361603	-0.000000	3.896968	3.036541	0.000000	-7.850942	0.293482	-0.561283	8.425218	-7.335469	17.455903	26.113561	78.923225	10.009111	-6.608039	13.977115	23.638733	69.445371
1.533333	3.833091	0.780725	2.493546	0.880747	0.935644	-0.067567	-3.291877	-3.246554	-18.037027	0.000000	6.983451	2.016292	0.000000	-2.118704	-3.375731	-16.367821	-0.000000	3.891873	3.036065	0.000000	-7.836425	0.288886	-0.563484	8.426326	-7.327836	17.455860	26.117229	78.921530	10.016462	-6.604928	13.978243	23.644919	69.445013
1.550000	3.829190	0.782455	2.496219	0.881118	0.935309	-0.067677	-3.317524	-3.252969	-18.044776	0.000000	6.975893	2.012452	0.000000	-2.147612	-3.371720	-16.376251	-0.000000	3.891570	3.035840	0.000000	-7.803816	0.283013	-0.565995	8.422964	-7.315824	17.455625	26.122287	78.918551	10.019343	-6.601525	13.979959	23.652155	69.444278
1.566667	3.832850	0.784661	2.498581	0.881280	0.934782	-0.067805	-3.352159	-3.261214	-18.057516	0.000000	6.970438	2.004000	0.000000	-2.185950	-3.365397	-16.387284	-0.000000	3.897545	3.036085	0.000000	-7.754893	0.276160	-0.570749	8.413306	-7.299430	17.454928	26.128507	78.913585	10.018134	-6.597448	13.982615	23.660989	69.442980
1.583333	3.843122	0.787089	2.497795	0.881284	0.934087	-0.067928	-3.389310	-3.270646	-18.074183	0.000000	6.968542	1.990988	0.000000	-2.229697	-3.357190	-16.399833	-0.000000	3.911580	3.036541	0.000000	-7.697568	0.269804	-0.578025	8.396692	-7.280804	17.453653	26.134703	78.906641	10.012578	-6.593291	13.986139	23.670842	69.441113
1.600000	3.856537	0.789037	2.490597	0.881190	0.933383	-0.068016	-3.421168	-3.279594	-18.092835	0.000000	6.972255	1.974078	0.000000	-2.273473	-3.348630	-16.411974	0.000000	3.935426	3.036597	0.000000	-7.642963	0.265922	-0.586873	8.373280	-7.263226	17.451831	26.139176	78.898229	10.001796	-6.590335	13.990168	23.680304	69.438792
1.616667	3.869795	0.790024	2.475429	0.881062	0.932878	-0.068032	-3.442876	-3.285971	-18.111455	0.000000	6.982247	1.954412	0.000000	-2.313794	-3.341654	-16.422630	0.000000	3.969756	3.035484	0.000000	-7.598596	0.265355	-0.595919	8.343307	-7.248637	17.449646	26.140743	78.888863	9.984605	-6.589752	13.994351	23.688109	69.436127
1.633333	3.881102	0.789962	2.453711	0.880964	0.932710	-0.067958	-3.454130	-3.287763	-18.128105	0.000000	6.996493	1.933937	0.000000	-2.349832	-3.338231	-16.432197	0.000000	4.012719	3.032520	0.000000	-7.566134	0.266929	-0.603752	8.307228	-7.236730	17.447463	26.139177	78.878989	9.960109	-6.592160	13.998453	23.693471	69.433211
1.650000	3.889963	0.788840	2.428513	0.880933	0.932909	-0.067802	-3.457297	-3.283597	-18.141088	0.000000	7.011309	1.915095	0.000000	-2.381916	-3.339846	-16.441773	0.000000	4.060274	3.027329	0.000000	-7.543902	0.268388	-0.609201	8.265995	-7.226029	17.445735	26.134865	78.869088	9.928191	-6.597661	14.002295	23.695943	69.430160
1.666667	3.897012	0.786790	2.402585	0.880934	0.933414	-0.067602	-3.455239	-3.273697	-18.149744	-0.000000	7.023588	1.899685	0.000000	-2.410339	-3.346357	-16.452114	0.000000	4.107794	3.020166	0.000000	-7.529012	0.268142	-0.611820	8.221592	-7.215276	17.444750	26.128608	78.859635	9.890410	-6.605742	14.005742	23.695616	69.427118
1.683333	3.903686	0.784420	2.378471	0.880886	0.934083	-0.067421	-3.449971	-3.260357	-18.154589	-0.000000	7.031743	1.888563	0.000000	-2.434397	-3.355317	-16.462956	0.000000	4.150214	3.012160	0.000000	-7.518750	0.266222	-0.611824	8.178574	-7.204375	17.444485	26.121762	78.851231	9.851165	-6.615073	14.008638	23.693280	69.424307
1.700000	3.911442	0.782414	2.358364	0.880723	0.934727	-0.067316	-3.442190	-3.246853	-18.156783	-0.000000	7.035244	1.881976	0.000000	-2.452479	-3.363158	-16.473438	-0.000000	4.182916	3.004776	0.000000	-7.511556	0.263810	-0.609390	8.143350	-7.194188	17.444668	26.116033	78.844490	9.816049	-6.624028	14.010796	23.689973	69.421969
1.716667	3.920945	0.780571	2.342099	0.880444	0.935142	-0.067311	-3.431788	-3.235637	-18.157880	-0.000000	7.034156	1.879431	0.000000	-2.463632	-3.367412	-16.483338	-0.000000	4.204778	2.998731	0.000000	-7.506963	0.262184	-0.604021	8.120538	-7.185420	17.444894	26.112813	78.839461	9.787652	-6.631807	14.012160	23.686307	69.420143
1.733333	3.931468	0.777779	2.326542	0.880121	0.935152	-0.067388	-3.418535	-3.227564	-18.159712	-0.000000	7.028877	1.879678	0.000000	-2.468361	-3.367845	-16.493571	-0.000000	4.219175	2.993559	0.000000	-7.505198	0.262215	-0.594381	8.111518	-7.178161	17.444687	26.112946	78.835435	9.764064	-6.638825	14.012859	23.682246	69.418588
1.750000	3.940952	0.773002	2.307306	0.879857	0.934727	-0.067492	-3.402190	-3.222263	-18.164028	-0.000000	7.019837	1.881238	0.000000	-2.468023	-3.365982	-16.505698	-0.000000	4.231752	2.988064	0.000000	-7.506805	0.264478	-0.578580	8.116023	-7.172251	17.443544	26.116973	78.831332	9.740928	-6.646181	14.013094	23.677368	69.416921
1.766667	3.947062	0.765938	2.280749	0.879709	0.934054	-0.067572	-3.382427	-3.218792	-18.171977	-0.000000	7.007411	1.882949	0.000000	-2.464171	-3.363987	-16.521170	-0.000000	4.247691	2.981022	0.000000	-7.511999	0.269275	-0.555033	8.133066	-7.167530	17.441075	26.125155	78.826184	9.714006	-6.654979	14.013040	23.671242	69.414790
1.783333	3.948854	0.757115	2.246304	0.879630	0.933432	-0.067605	-3.359542	-3.216248	-18.183330	0.000000	6.992475	1.884222	0.000000	-2.458278	-3.363494	-16.540113	-0.000000	4.269264	2.972024	0.000000	-7.519954	0.276306	-0.524394	8.159925	-7.163961	17.437265	26.136889	78.819642	9.681918	-6.665504	14.012824	23.663980	69.412084
1.800000	3.947573	0.747846	2.208422	0.879545	0.933125	-0.067602	-3.335562	-3.214217	-18.195902	0.000000	6.977098	1.885032	0.000000	-2.451672	-3.364909	-16.560162	0.000000	4.294246	2.962134	0.000000	-7.528647	0.284347	-0.491283	8.191020	-7.161784	17.432686	26.150133	78.812376	9.648294	-6.676544	14.012536	23.656681	69.409094
1.816667	3.945422	0.739754	2.174448	0.879456	0.933264	-0.067580	-3.313685	-3.212786	-18.206503	0.000000	6.963886	1.885699	0.000000	-2.445568	-3.367665	-16.577397	0.000000	4.317577	2.953344	0.000000	-7.535890	0.291715	-0.462420	8.219593	-7.161380	17.428240	26.162110	78.805691	9.619716	-6.686035	14.012234	23.650915	69.406360
1.833333	3.943632	0.733920	2.149364	0.879427	0.933771	-0.067548	-3.296205	-3.212169	-18.212953	0.000000	6.954221	1.886614	0.000000	-2.440973	-3.370994	-16.589018	0.000000	4.335393	2.947100	0.000000	-7.540780	0.297302	-0.442107	8.241330	-7.162878	17.424563	26.170961	78.800518	9.600488	-6.692693	14.011940	23.647530	69.404262
1.850000	3.942133	0.730594	2.133628	0.879493	0.934418	-0.067505	-3.283535	-3.212425	-18.214829	0.000000	6.947635	1.888091	0.000000	-2.438354	-3.374397	-16.594619	0.000000	4.347034	2.943581	0.000000	-7.543931	0.300973	-0.430468	8.255579	-7.166074	17.421752	26.176402	78.796944	9.590366	-6.696670	14.011652	23.646226	69.402828
1.866667	3.940579	0.729617	2.125221	0.879613	0.934988	-0.067441	-3.274825	-3.213435	-18.212676	0.000000	6.942661	1.890340	0.000000	-2.437393	-3.377645	-16.595352	0.000000	4.354012	2.942121	0.000000	-7.546658	0.303098	-0.425227	8.263653	-7.170606	17.419569	26.179069	78.794510	9.586323	-6.698954	14.011354	23.646044	69.401860
1.883333	3.938935	0.730720	2.122030	0.879719	0.935358	-0.067348	-3.268860	-3.214960	-18.207129	-0.000000	6.937739	1.893442	0.000000	-2.437240	-3.380581	-16.592740	0.000000	4.358458	2.941815	0.000000	-7.550447	0.303996	-0.423713	8.267042	-7.176033	17.417717	26.179779	78.792634	9.584732	-6.700727	14.011018	23.645876	69.401103
1.900000	3.937254	0.733489	2.122760	0.879790	0.935469	-0.067246	-3.264696	-3.216762	-18.198422	-0.000000	6.931518	1.897414	0.000000	-2.436933	-3.382993	-16.587967	0.000000	4.362346	2.941852	0.000000	-7.556918	0.303678	-0.423760	8.266652	-7.181935	17.415938	26.179177	78.790781	9.582368	-6.703118	14.010601	23.644664	69.400320
1.916667	3.935492	0.737375	2.126852	0.879830	0.935327	-0.067171	-3.261903	-3.218723	-18.186180	-0.000000	6.922800	1.902316	0.000000	-2.435480	-3.384636	-16.581589	-0.000000	4.367305	2.941624	0.000000	-7.567726	0.301899	-0.423923	8.262712	-7.188133	17.414000	26.177647	78.788486	9.576651	-6.707109	14.010048	23.641483	69.399300
1.933333	3.933624	0.741844	2.134058	0.879846	0.935005	-0.067150	-3.260519	-3.220866	-18.169733	-0.000000	6.910649	1.908263	0.000000	-2.431902	-3.385334	-16.573684	-0.000000	4.374514	2.940748	0.000000	-7.584061	0.298408	-0.423405	8.255130	-7.194717	17.411692	26.175395	78.785371	9.565818	-6.713345	14.009310	23.635693	69.397874
1.950000	3.931732	0.746401	2.143795	0.879855	0.934590	-0.067181	-3.261066	-3.223177	-18.149304	-0.000000	6.895141	1.915087	0.000000	-2.425700	-3.385093	-16.564499	-0.000000	4.384211	2.939095	0.000000	-7.605436	0.293356	-0.421984	8.244313	-7.201649	17.408955	26.172663	78.781347	9.549723	-6.721637	14.008407	23.627403	69.396008
1.966667	3.929893	0.750555	2.154632	0.879900	0.934162	-0.067236	-3.264646	-3.225347	-18.127270	-0.000000	6.878212	1.921917	0.000000	-2.417473	-3.384263	-16.555145	-0.000000	4.395171	2.936812	0.000000	-7.628481	0.287601	-0.419919	8.231837	-7.208228	17.406051	26.169939	78.776826	9.530508	-6.730500	14.007486	23.617874	69.393908
1.983333	3.928126	0.753929	2.165051	0.880013	0.933794	-0.067277	-3.272714	-3.226787	-18.107153	-0.000000	6.862826	1.927449	0.000000	-2.408954	-3.383572	-16.547347	-0.000000	4.405343	2.934107	0.000000	-7.648116	0.282336	-0.417623	8.219612	-7.213247	17.403437	26.167835	78.772476	9.511042	-6.737700	14.006779	23.608858	69.391897
2.000000	3.926805	0.756411	2.175087	0.880176	0.933544	-0.067284	-3.286296	-3.226929	-18.090806	0.000000	6.850785	1.930808	0.000000	-2.402346	-3.383890	-16.542351	-0.000000	4.413350	2.930908	0.000000	-7.660662	0.278255	-0.415200	8.208055	-7.215780	17.401401	26.166699	78.768610	9.491917	-6.741579	14.006486	23.601175	69.390132
2.016667	3.927077	0.758072	2.186630	0.880324	0.933469	-0.067263	-3.305305	-3.225413	-18.077373	0.000000	6.841876	1.931927	0.000000	-2.399655	-3.385890	-16.540385	-0.000000	4.419109	2.926804	0.000000	-7.665223	0.275252	-0.412373	8.195578	-7.215597	17.399905	26.166464	78.764972	9.470676	-6.741658	14.006703	23.594265	69.388504
2.033333	3.930358	0.759010	2.201906	0.880404	0.933637	-0.067226	-3.328561	-3.222122	-18.064728	0.000000	6.834825	1.931233	0.000000	-2.402218	-3.389785	-16.540958	0.000000	4.423240	2.921368	0.000000	-7.662798	0.272845	-0.408827	8.179979	-7.213000	17.398727	26.166832	78.761066	9.444075	-6.738266	14.007436	23.587007	69.386789
2.050000	3.937076	0.759400	2.221344	0.880429	0.934054	-0.067186	-3.353771	-3.217318	-18.051464	0.000000	6.828545	1.929348	0.000000	-2.410118	-3.395094	-16.543166	0.000000	4.426332	2.914682	0.000000	-7.655485	0.270701	-0.404654	8.160525	-7.208719	17.397665	26.167466	78.756654	9.411395	-6.732267	14.008586	23.578845	69.384873
2.066667	3.945998	0.759622	2.242306	0.880446	0.934597	-0.067142	-3.377270	-3.211806	-18.038138	0.000000	6.822822	1.926974	0.000000	-2.421720	-3.400585	-16.545854	0.000000	4.428520	2.907699	0.000000	-7.646158	0.268893	-0.400493	8.139200	-7.203863	17.396666	26.168058	78.752067	9.376352	-6.725022	14.009931	23.570403	69.382897
2.083333	3.955262	0.760206	2.260423	0.880460	0.935106	-0.067080	-3.395262	-3.206674	-18.026808	0.000000	6.817923	1.924728	0.000000	-2.434274	-3.404804	-16.547990	0.000000	4.429236	2.901846	0.000000	-7.637693	0.267674	-0.396998	8.119256	-7.199326	17.395820	26.168342	78.747930	9.344622	-6.717826	14.011227	23.562914	69.381130
2.100000	3.964101	0.761621	2.272461	0.880432	0.935517	-0.066990	-3.406218	-3.202654	-18.019437	0.000000	6.813406	1.922951	0.000000	-2.445526	-3.406879	-16.549150	0.000000	4.426966	2.898171	0.000000	-7.631978	0.266976	-0.393977	8.102153	-7.194849	17.395267	26.168097	78.744504	9.318832	-6.711001	14.012369	23.556992	69.379688
2.116667	3.973175	0.764147	2.277297	0.880332	0.935861	-0.066880	-3.411575	-3.199852	-18.017207	-0.000000	6.807454	1.921697	0.000000	-2.454884	-3.406690	-16.549674	0.000000	4.419023	2.897035	0.000000	-7.629774	0.266202	-0.390220	8.086396	-7.188727	17.395116	26.167135	78.741402	9.296931	-6.703586	14.013437	23.552216	69.378407
2.133333	3.983538	0.767936	2.274808	0.880184	0.936178	-0.066776	-3.414420	-3.198024	-18.020963	-0.000000	6.797156	1.920907	0.000000	-2.463484	-3.404413	-16.550470	-0.000000	4.401677	2.898401	0.000000	-7.631163	0.264529	-0.384137	8.068778	-7.178458	17.395416	26.165282	78.737807	9.274581	-6.693793	14.014592	23.547721	69.376946
2.150000	3.995937	0.773098	2.264938	0.880029	0.936456	-0.066692	-3.417937	-3.196900	-18.031422	-0.000000	6.779469	1.920546	0.000000	-2.473390	-3.400153	-16.552738	-0.000000	4.371244	2.902028	0.000000	-7.635605	0.261377	-0.374677	8.046282	-7.161915	17.396100	26.162452	78.732844	9.248292	-6.679841	14.015941	23.542944	69.374943
2.166667	4.010647	0.779501	2.247978	0.879882	0.936623	-0.066628	-3.423988	-3.196299	-18.048461	-0.000000	6.753049	1.920664	0.000000	-2.486078	-3.394017	-16.557649	-0.000000	4.326933	2.907268	0.000000	-7.641433	0.256886	-0.362431	8.018505	-7.139127	17.396894	26.158904	78.726098	9.218613	-6.661358	14.017378	23.538279	69.372230
2.183333	4.027127	0.786417	2.225534	0.879731	0.936569	-0.066585	-3.432124	-3.196149	-18.070098	-0.000000	6.720099	1.921405	0.000000	-2.500989	-3.386464	-16.565893	-0.000000	4.273777	2.912829	0.000000	-7.645681	0.252176	-0.350304	7.989557	-7.113701	17.397305	26.155461	78.718102	9.191988	-6.640648	14.018502	23.535331	69.369033
2.200000	4.043659	0.792701	2.200864	0.879586	0.936234	-0.066559	-3.440105	-3.196453	-18.092774	-0.000000	6.685761	1.922950	0.000000	-2.515768	-3.378486	-16.577129	-0.000000	4.221180	2.917280	0.000000	-7.645662	0.248780	-0.342024	7.965979	-7.091218	17.396921	26.153176	78.710203	9.176732	-6.621750	14.018876	23.535794	69.365904
2.216667	4.057518	0.797510	2.178095	0.879502	0.935672	-0.066548	-3.445735	-3.197233	-18.112974	0.000000	6.655256	1.925330	0.000000	-2.528138	-3.371399	-16.589731	-0.000000	4.177566	2.919987	0.000000	-7.641384	0.247545	-0.339220	7.951699	-7.075381	17.395831	26.152562	78.703792	9.175402	-6.607702	14.018467	23.539624	69.363399
2.233333	4.065943	0.800798	2.160817	0.879550	0.935005	-0.066548	-3.448498	-3.198573	-18.128612	0.000000	6.631816	1.928044	0.000000	-2.537634	-3.366284	-16.601607	-0.000000	4.146906	2.921058	0.000000	-7.635518	0.248197	-0.340560	7.946066	-7.066458	17.394517	26.153224	78.699539	9.183461	-6.599060	14.017659	23.545031	69.361774
2.250000	4.067876	0.803366	2.150798	0.879758	0.934346	-0.066551	-3.450236	-3.200761	-18.139430	0.000000	6.616555	1.929495	0.000000	-2.546094	-3.363405	-16.611661	0.000000	4.128941	2.920233	0.000000	-7.630971	0.249727	-0.343239	7.945865	-7.062756	17.393256	26.154030	78.696970	9.194804	-6.594372	14.016807	23.550267	69.360819
2.266667	4.065448	0.806577	2.148015	0.880081	0.933772	-0.066550	-3.454970	-3.204342	-18.146352	0.000000	6.609754	1.926494	0.000000	-2.557027	-3.361989	-16.620197	0.000000	4.121209	2.916005	0.000000	-7.629449	0.250703	-0.344081	7.947413	-7.062318	17.391740	26.153264	78.694431	9.205716	-6.591140	14.015939	23.554708	69.359846
2.283333	4.064050	0.811936	2.151893	0.880450	0.933329	-0.066551	-3.468214	-3.210132	-18.150332	0.000000	6.612496	1.914076	0.000000	-2.574788	-3.360414	-16.628179	0.000000	4.121306	2.905470	0.000000	-7.631844	0.249336	-0.339560	7.947393	-7.063681	17.389111	26.148662	78.689363	9.214986	-6.586566	14.014758	23.558658	69.357792
2.300000	4.070718	0.820796	2.162209	0.880822	0.933015	-0.066574	-3.496081	-3.219286	-18.151708	0.000000	6.627166	1.886073	0.000000	-2.604172	-3.356576	-16.636553	0.000000	4.128007	2.884789	0.000000	-7.638839	0.243761	-0.325899	7.943301	-7.066027	17.384172	26.137666	78.678761	9.223181	-6.578046	14.012761	23.562925	69.353410
2.316667	4.091330	0.833991	2.178867	0.881186	0.932801	-0.066639	-3.543386	-3.233006	-18.150190	0.000000	6.656174	1.837370	0.000000	-2.649130	-3.348518	-16.645739	0.000000	4.140974	2.850768	0.000000	-7.650655	0.232760	-0.300138	7.934018	-7.069007	17.375825	26.118349	78.660107	9.231987	-6.563810	14.009430	23.568450	69.345650
2.333333	4.126871	0.850938	2.200610	0.881504	0.932690	-0.066748	-3.609278	-3.251348	-18.145114	-0.000000	6.698856	1.768905	0.000000	-2.708989	-3.335549	-16.654834	0.000000	4.159404	2.804295	0.000000	-7.665766	0.217046	-0.262667	7.920863	-7.072352	17.363945	26.091448	78.633306	9.243216	-6.544290	14.004595	23.575727	69.334469
2.350000	4.171013	0.868907	2.223979	0.881707	0.932697	-0.066884	-3.683428	-3.272069	-18.135795	-0.000000	6.748712	1.691959	0.000000	-2.775022	-3.319261	-16.661156	-0.000000	4.180691	2.753225	0.000000	-7.679815	0.200207	-0.219375	7.908442	-7.075502	17.350143	26.062096	78.602354	9.257881	-6.523222	13.998754	23.584326	69.321526
2.366667	4.213611	0.884134	2.244569	0.881748	0.932770	-0.067025	-3.750296	-3.291599	-18.121933	-0.000000	6.795909	1.623425	0.000000	-2.834028	-3.302731	-16.661475	-0.000000	4.201120	2.709093	0.000000	-7.687269	0.187194	-0.179141	7.902813	-7.077706	17.337046	26.037726	78.573569	9.276062	-6.505988	13.992830	23.593202	69.309449
2.383333	4.247794	0.894146	2.259565	0.881651	0.932830	-0.067159	-3.799266	-3.307415	-18.104318	-0.000000	6.833534	1.574494	0.000000	-2.876871	-3.288390	-16.654552	-0.000000	4.218068	2.679335	0.000000	-7.685439	0.180885	-0.148144	7.907096	-7.078564	17.326558	26.022977	78.551392	9.296893	-6.495911	13.987571	23.601425	69.300089
2.400000	4.272068	0.898556	2.268389	0.881494	0.932847	-0.067286	-3.828812	-3.318806	-18.085600	-0.000000	6.859828	1.546139	0.000000	-2.901830	-3.277220	-16.642519	-0.000000	4.230695	2.664111	0.000000	-7.676587	0.180489	-0.127810	7.919023	-7.078309	17.319229	26.017446	78.536792	9.318019	-6.492672	13.983364	23.608340	69.293868
2.416667	4.287445	0.898165	2.271573	0.881356	0.932839	-0.067414	-3.843108	-3.326122	-18.069443	-0.000000	6.876050	1.533351	0.000000	-2.911704	-3.269246	-16.629345	-0.000000	4.239216	2.659355	0.000000	-7.665749	0.183138	-0.116722	7.933255	-7.077516	17.314793	26.017818	78.528655	9.336306	-6.493881	13.980364	23.613474	69.290347
2.433333	4.295324	0.894202	2.269918	0.881291	0.932856	-0.067551	-3.848081	-3.330305	-18.058233	0.000000	6.884730	1.529926	0.000000	-2.910795	-3.263784	-16.618017	-0.000000	4.244545	2.660416	0.000000	-7.656976	0.186328	-0.112309	7.945602	-7.076690	17.312577	26.020778	78.525098	9.350024	-6.497169	13.978458	23.616794	69.288749
2.450000	4.296908	0.888110	2.264183	0.881323	0.932948	-0.067694	-3.849095	-3.332632	-18.052173	0.000000	6.888704	1.530758	0.000000	-2.903425	-3.259655	-16.609393	-0.000000	4.248082	2.663734	0.000000	-7.651695	0.189047	-0.111684	7.954831	-7.076083	17.311721	26.024332	78.524118	9.359652	-6.501113	13.977282	23.618775	69.288232
2.466667	4.293076	0.881337	2.254795	0.881448	0.933138	-0.067829	-3.849454	-3.334347	-18.050252	0.000000	6.890206	1.532606	0.000000	-2.893130	-3.255590	-16.602915	0.000000	4.251335	2.667156	0.000000	-7.649422	0.191577	-0.112326	7.961785	-7.075750	17.311443	26.027778	78.524074	9.366775	-6.505184	13.976390	23.620082	69.288084
2.483333	4.284675	0.875054	2.241689	0.881628	0.933409	-0.067948	-3.849808	-3.336550	-18.051288	0.000000	6.890530	1.533931	0.000000	-2.882359	-3.250473	-16.597487	0.000000	4.255740	2.669647	0.000000	-7.648856	0.194927	-0.112374	7.968100	-7.075642	17.311170	26.031266	78.523841	9.373018	-6.509432	13.975391	23.621302	69.287802
2.500000	4.272726	0.869990	2.224390	0.881800	0.933718	-0.068045	-3.848777	-3.340218	-18.054368	0.000000	6.890194	1.534354	0.000000	-2.872377	-3.243390	-16.591968	0.000000	4.262628	2.670875	0.000000	-7.648596	0.200357	-0.110577	7.975490	-7.075682	17.310538	26.035365	78.522734	9.379637	-6.514198	13.973975	23.622867	69.287061
2.516667	4.258244	0.866454	2.202420	0.881918	0.934022	-0.068112	-3.844532	-3.346024	-18.058879	0.000000	6.889265	1.534092	0.000000	-2.863297	-3.233738	-16.585500	0.000000	4.273016	2.670860	0.000000	-7.647604	0.208841	-0.106240	7.985285	-7.075820	17.309353	26.040686	78.520411	9.387401	-6.519848	13.971949	23.625025	69.285688
2.533333	4.242365	0.864358	2.176663	0.881975	0.934298	-0.068151	-3.836600	-3.353840	-18.064201	0.000000	6.887697	1.533579	0.000000	-2.854598	-3.221752	-16.577968	0.000000	4.286870	2.669798	0.000000	-7.645525	0.220203	-0.099403	7.997722	-7.076022	17.307628	26.047365	78.516935	9.396234	-6.526359	13.969344	23.627735	69.283714
2.550000	4.226748	0.863254	2.150937	0.881987	0.934521	-0.068170	-3.826794	-3.362307	-18.069373	-0.000000	6.885504	1.533321	0.000000	-2.845975	-3.209065	-16.570486	0.000000	4.302324	2.667990	0.000000	-7.642831	0.232379	-0.091074	8.011316	-7.076232	17.305637	26.054647	78.512871	9.404813	-6.532905	13.966538	23.630539	69.281441
2.566667	4.213114	0.862589	2.130774	0.881963	0.934644	-0.068172	-3.817831	-3.369324	-18.073459	-0.000000	6.882575	1.533884	0.000000	-2.837234	-3.198125	-16.565099	0.000000	4.316436	2.665714	0.000000	-7.640648	0.242155	-0.082662	8.023894	-7.076264	17.303768	26.061342	78.508974	9.411383	-6.538151	13.964076	23.632795	69.279279
2.583333	4.202125	0.862069	2.119822	0.881886	0.934613	-0.068149	-3.810379	-3.373279	-18.076411	-0.000000	6.878299	1.535917	0.000000	-2.827093	-3.190731	-16.563777	-0.000000	4.327187	2.663048	0.000000	-7.640369	0.247040	-0.074831	8.034927	-7.075696	17.302221	26.066955	78.505539	9.415587	-6.541132	13.962233	23.634199	69.277393
2.600000	4.192916	0.861731	2.118183	0.881732	0.934428	-0.068080	-3.801766	-3.373598	-18.079389	-0.000001	6.871430	1.540161	0.000000	-2.812598	-3.187446	-16.567881	-0.000000	4.334262	2.659873	0.000000	-7.643429	0.246074	-0.067072	8.046521	-7.073825	17.300873	26.072163	78.502140	9.419333	-6.541662	13.960831	23.635038	69.275553
2.616667	4.183405	0.861669	2.123360	0.881495	0.934199	-0.067960	-3.787334	-3.370435	-18.084252	-0.000001	6.860467	1.547322	0.000000	-2.790215	-3.188079	-16.578136	-0.000001	4.338142	2.656132	0.000000	-7.651119	0.239382	-0.058380	8.062284	-7.069779	17.299416	26.078302	78.497940	9.426182	-6.540091	13.959406	23.636021	69.273306
2.633333	4.171344	0.861781	2.131138	0.881198	0.934122	-0.067808	-3.762864	-3.364462	-18.092778	-0.000001	6.844608	1.557552	0.000000	-2.758116	-3.191974	-16.594127	-0.000001	4.339024	2.652234	0.000000	-7.663996	0.228086	-0.048408	8.085176	-7.062896	17.297588	26.086456	78.492241	9.440138	-6.537098	13.957481	23.638016	69.270275
2.650000	4.155914	0.861827	2.136254	0.880891	0.934347	-0.067660	-3.727042	-3.356884	-18.105836	-0.000000	6.824726	1.569889	0.000000	-2.718138	-3.197929	-16.613651	-0.000001	4.336481	2.649233	0.000000	-7.681147	0.214603	-0.038232	8.115448	-7.053236	17.295343	26.096685	78.484993	9.464029	-6.533631	13.954799	23.641738	69.266433
2.666667	4.138379	0.861675	2.134912	0.880651	0.934858	-0.067555	-3.683118	-3.349184	-18.122588	0.000002	6.803342	1.582466	0.000000	-2.675585	-3.204442	-16.633282	-0.000001	4.330236	2.648190	0.000000	-7.700209	0.201919	-0.029673	8.149957	-7.041804	17.292910	26.107889	78.476922	9.497205	-6.530686	13.951476	23.647237	69.262163
2.683333	4.121066	0.861345	2.127868	0.880560	0.935473	-0.067518	-3.638743	-3.342656	-18.140207	0.000006	6.783583	1.593385	0.000000	-2.637279	-3.210296	-16.649958	0.000000	4.321309	2.649172	0.000000	-7.718227	0.192067	-0.023737	8.183164	-7.030318	17.290687	26.118326	78.469268	9.534005	-6.528930	13.948006	23.653504	69.258112
2.700000	4.105607	0.860846	2.119562	0.880665	0.935955	-0.067552	-3.602669	-3.338098	-18.155167	0.000011	6.767908	1.601418	0.000000	-2.609079	-3.214876	-16.662076	0.000004	4.311817	2.651207	0.000000	-7.732892	0.185511	-0.020190	8.209504	-7.020502	17.289066	26.126411	78.463210	9.566264	-6.528485	13.945030	23.658942	69.254890
2.716667	4.091769	0.860045	2.113894	0.880933	0.936148	-0.067636	-3.579786	-3.335762	-18.165467	0.000017	6.757127	1.606266	0.000000	-2.593500	-3.218137	-16.669693	0.000009	4.303558	2.653211	0.000000	-7.743671	0.181705	-0.018393	8.226080	-7.013247	17.288231	26.131433	78.459253	9.588608	-6.528913	13.942962	23.662473	69.252762
2.733333	4.078024	0.858713	2.112002	0.881262	0.936042	-0.067736	-3.569104	-3.335570	-18.171385	0.000021	6.750473	1.608424	0.000000	-2.589097	-3.220365	-16.674125	0.000016	4.297362	2.654598	0.000000	-7.752008	0.179869	-0.017971	8.233353	-7.008474	17.288104	26.133650	78.457089	9.600568	-6.529254	13.941891	23.664007	69.251586
2.750000	4.063049	0.856640	2.113175	0.881535	0.935731	-0.067834	-3.565528	-3.337463	-18.174472	0.000015	6.746548	1.608817	0.000000	-2.591765	-3.221778	-16.677309	0.000022	4.293534	2.655277	0.000000	-7.760668	0.179520	-0.018876	8.233800	-7.005731	17.288407	26.133787	78.455933	9.604611	-6.528045	13.941751	23.664062	69.251004
2.766667	4.046255	0.853770	2.116330	0.881684	0.935335	-0.067935	-3.562277	-3.341659	-18.176535	-0.000009	6.744062	1.608657	0.000000	-2.596127	-3.222182	-16.681420	0.000023	4.292303	2.655556	0.000000	-7.773149	0.180753	-0.021227	8.230705	-7.004788	17.288714	26.132572	78.454840	9.603928	-6.523280	13.942507	23.663320	69.250606
2.783333	4.026944	0.850529	2.120789	0.881735	0.934948	-0.068042	-3.552873	-3.348592	-18.179197	-0.000060	6.742063	1.609545	0.000000	-2.596592	-3.220926	-16.688736	0.000011	4.293840	2.656129	0.000000	-7.793042	0.184221	-0.025055	8.227866	-7.005910	17.288420	26.130548	78.452851	9.601490	-6.512554	13.944195	23.662430	69.250006
2.800000	4.003517	0.848080	2.126369	0.881780	0.934667	-0.068155	-3.532998	-3.358622	-18.183644	-0.000145	6.740056	1.613573	0.000000	-2.588591	-3.217144	-16.701232	-0.000027	4.298002	2.658067	0.000000	-7.822452	0.190776	-0.029930	8.229644	-7.009839	17.286753	26.128115	78.449157	9.599850	-6.493853	13.946810	23.661961	69.248902
2.816667	3.974416	0.847920	2.133140	0.881901	0.934591	-0.068279	-3.502199	-3.371785	-18.190302	-0.000257	6.738128	1.623160	0.000000	-2.570462	-3.210124	-16.719635	-0.000101	4.303835	2.662690	0.000000	-7.859234	0.200692	-0.034510	8.240700	-7.017437	17.282884	26.125650	78.443411	9.601186	-6.467257	13.950067	23.662396	69.247158
2.833333	3.940059	0.851042	2.141073	0.882115	0.934736	-0.068430	-3.464445	-3.387774	-18.198651	-0.000359	6.737030	1.640633	0.000000	-2.544774	-3.199474	-16.742582	-0.000214	4.309149	2.671284	0.000000	-7.895513	0.212859	-0.036481	8.265358	-7.029325	17.276127	26.123566	78.436041	9.607617	-6.436514	13.953207	23.664146	69.244908
2.850000	3.902526	0.857706	2.149772	0.882348	0.934984	-0.068626	-3.424944	-3.406513	-18.207719	-0.000373	6.738110	1.668114	0.000000	-2.515722	-3.184594	-16.767490	-0.000348	4.311071	2.685122	0.000000	-7.922024	0.225064	-0.033630	8.308527	-7.046503	17.265779	26.122464	78.427930	9.623022	-6.407940	13.955185	23.667865	69.242483
2.866667	3.862821	0.867944	2.159076	0.882449	0.935162	-0.068880	-3.384194	-3.428977	-18.216701	-0.000162	6.742925	1.707943	0.000000	-2.483544	-3.163823	-16.792814	-0.000444	4.307467	2.706400	0.000000	-7.936077	0.235404	-0.025383	8.379739	-7.071831	17.250536	26.124155	78.419212	9.656893	-6.387147	13.955152	23.675197	69.240064
2.883333	3.819662	0.881597	2.170227	0.882269	0.935144	-0.069190	-3.335837	-3.456613	-18.224428	0.000454	6.752432	1.761685	0.000000	-2.442654	-3.135075	-16.818516	-0.000387	4.298080	2.738966	0.000000	-7.945152	0.243109	-0.013649	8.495597	-7.110092	17.228486	26.133422	78.408272	9.726931	-6.377721	13.952716	23.689259	69.237343
2.900000	3.771628	0.897423	2.186211	0.881759	0.934884	-0.069538	-3.271528	-3.488935	-18.227753	0.001651	6.765736	1.825702	0.000000	-2.386236	-3.098395	-16.843553	0.000004	4.285316	2.786904	0.000000	-7.964638	0.248176	-0.003155	8.674628	-7.165463	17.198594	26.159200	78.391949	9.856166	-6.382783	13.948003	23.714034	69.233498
2.916667	3.720577	0.912450	2.211199	0.881013	0.934364	-0.069894	-3.188924	-3.521627	-18.219731	0.003471	6.778305	1.884860	0.000000	-2.313060	-3.057836	-16.862958	0.000951	4.275177	2.851680	0.000000	-8.012755	0.251225	-0.001324	8.929436	-7.239347	17.162644	26.215453	78.366189	10.066596	-6.406490	13.941719	23.753349	69.227265
2.933333	3.673409	0.922570	2.248945	0.880186	0.933611	-0.070229	-3.096182	-3.547419	-18.188164	0.005610	6.779802	1.908056	0.000000	-2.230779	-3.020347	-16.867201	0.002621	4.277513	2.930228	0.000000	-8.105397	0.254067	-0.017323	9.265863	-7.331760	17.126027	26.322768	78.326055	10.375803	-6.453743	13.934999	23.810806	69.216750
2.950000	3.640397	0.923993	2.299971	0.879358	0.932743	-0.070527	-3.008262	-3.559008	-18.115193	0.007127	6.752936	1.848192	0.000000	-2.152439	-2.992564	-16.844825	0.004955	4.303936	3.014321	0.000000	-8.254609	0.259671	-0.060255	9.689626	-7.444389	17.097327	26.509332	78.265351	10.799071	-6.528685	13.928711	23.890904	69.199070
2.966667	3.630366	0.914711	2.360239	0.878441	0.931965	-0.070790	-2.936871	-3.551996	-17.978509	0.006143	6.675346	1.648937	0.000000	-2.087572	-2.977858	-16.787444	0.007369	4.362242	3.090526	0.000000	-8.469931	0.270765	-0.136290	10.212856	-7.581106	17.087479	26.807813	78.177062	11.353576	-6.633488	13.922013	24.000227	69.170229
2.983333	3.643850	0.895542	2.423547	0.877266	0.931503	-0.071048	-2.880493	-3.527079	-17.755844	-0.000257	6.525520	1.261699	0.000000	-2.032937	-2.974663	-16.694948	0.008401	4.447775	3.141314	0.000000	-8.755523	0.287530	-0.245102	10.853795	-7.745227	17.107969	27.244324	78.055796	12.058934	-6.767831	13.910275	24.147583	69.125775
3.000000	3.668928	0.870176	2.485743	0.875751	0.931570	-0.071369	-2.821871	-3.490678	-17.433181	-0.015592	6.287860	0.666239	0.000000	-1.970427	-2.976493	-16.576622	0.005411	4.536954	3.148272	0.000000	-9.103584	0.306422	-0.378513	11.630551	-7.936221	17.167882	27.823728	77.901206	12.932175	-6.928100	13.883217	24.341997	69.062039
3.016667	3.686770	0.843549	2.547836	0.873938	0.932328	-0.071832	-2.736913	-3.452702	-17.013585	-0.042550	5.949556	-0.121366	0.000000	-1.877073	-2.974153	-16.444852	-0.005371	4.590290	3.097519	0.000000	-9.496551	0.322485	-0.524896	12.557626	-8.148275	17.271103	28.524160	77.718908	13.983266	-7.106242	13.824654	24.588442	68.976920
3.033333	3.682990	0.819820	2.616290	0.871855	0.933798	-0.072503	-2.606659	-3.422944	-16.520643	-0.080041	5.493845	-1.060627	0.000000	-1.738423	-2.958665	-16.307374	-0.027978	4.562983	2.981705	0.000000	-9.920164	0.333271	-0.676366	13.649666	-8.372111	17.416009	29.305602	77.517653	15.217828	-7.290550	13.713820	24.884692	68.869563
3.050000	3.654011	0.801968	2.700268	0.869421	0.935757	-0.073405	-2.420771	-3.409546	-15.987095	-0.118546	4.899246	-2.118151	0.000000	-1.552383	-2.922599	-16.164870	-0.064456	4.415140	2.791558	0.000000	-10.374977	0.340175	-0.831669	14.926466	-8.600758	17.601196	30.129790	77.303734	16.643964	-7.469558	13.528116	25.223497	68.738787
3.066667	3.602362	0.792070	2.807560	0.866484	0.937752	-0.074514	-2.168365	-3.419724	-15.440653	-0.134337	4.156032	-3.281404	0.000000	-1.318993	-2.860964	-16.012411	-0.110693	4.123531	2.510099	0.000000	-10.872424	0.346622	-0.992517	16.412508	-8.834053	17.828730	30.974352	77.078550	18.274293	-7.635248	13.250499	25.598902	68.583756
3.083333	3.522045	0.790098	2.941492	0.862942	0.939302	-0.075755	-1.820051	-3.460260	-14.909044	-0.084783	3.300710	-4.518611	0.000000	-1.020006	-2.773955	-15.842119	-0.150347	3.698204	2.125591	0.000000	-11.412549	0.355182	-1.156893	18.130238	-9.075776	18.093616	31.821126	76.846614	20.120440	-7.782635	12.880537	26.011442	68.410208
3.100000	3.390677	0.792286	3.100949	0.858875	0.940107	-0.077024	-1.322418	-3.536341	-14.420766	0.090677	2.423772	-5.762197	0.000000	-0.608633	-2.670056	-15.641623	-0.148137	3.190198	1.642916	0.000000	-11.968523	0.366837	-1.316722	20.090820	-9.329852	18.379464	32.643722	76.623123	22.185558	-7.908517	12.436316	26.467550	68.233263
3.116667	3.179423	0.791460	3.283992	0.854611	0.940073	-0.078237	-0.619555	-3.649379	-13.983317	0.457410	1.624506	-6.971220	0.000000	-0.023645	-2.566132	-15.389947	-0.045956	2.676357	1.071434	0.000000	-12.495266	0.382970	-1.462600	22.286460	-9.601959	18.677398	33.419999	76.426533	24.457509	-8.011226	11.941371	26.973952	68.068816
3.133333	2.866395	0.779459	3.490533	0.850652	0.939212	-0.079348	0.317969	-3.795503	-13.574256	1.061844	0.967652	-8.172388	0.000000	0.787208	-2.483570	-15.064119	0.231613	2.233796	0.411778	0.000000	-12.942939	0.406187	-1.588532	24.686919	-9.899796	18.999674	34.143858	76.265600	26.901957	-8.090871	11.413420	27.534688	67.923582
3.150000	2.440368	0.749149	3.719430	0.847439	0.937585	-0.080328	1.484470	-3.965491	-13.157619	1.916222	0.482319	-9.424057	0.000000	1.852430	-2.442758	-14.650877	0.758023	1.925654	-0.339701	0.000000	-13.261954	0.439133	-1.691210	27.243551	-10.228496	19.368541	34.818646	76.135575	29.461522	-8.150218	10.867479	28.153293	67.793677
3.166667	1.897779	0.695062	3.963105	0.845123	0.935314	-0.081155	2.854500	-4.146396	-12.696546	3.005455	0.173298	-10.780597	0.000000	3.174726	-2.457579	-14.143432	1.580742	1.792684	-1.193749	0.000000	-13.408209	0.483533	-1.765889	29.903254	-10.587035	19.804420	35.445155	76.021206	32.068724	-8.194131	10.321100	28.831996	67.666637
3.183333	1.239184	0.614061	4.206107	0.843470	0.932530	-0.081804	4.405364	-4.324567	-12.153999	4.303983	0.020582	-12.294330	0.000000	4.741802	-2.531157	-13.528533	2.712363	1.841073	-2.183756	0.000000	-13.353876	0.539573	-1.803377	32.629281	-10.968800	20.326122	36.014408	75.899456	34.670009	-8.227069	9.793725	29.566472	67.521666
3.200000	0.465374	0.505189	4.429613	0.841910	0.929240	-0.082244	6.136366	-4.488386	-11.499297	5.792443	-0.017851	-14.020178	0.000000	6.548384	-2.656423	-12.785901	4.146164	2.046136	-3.362785	0.000000	-13.096124	0.606064	-1.791506	35.419018	-11.364172	20.949112	36.507063	75.742238	37.248033	-8.250875	9.309126	30.343682	67.331122
3.216667	-0.424714	0.368578	4.617665	0.839724	0.925299	-0.082448	8.079530	-4.630857	-10.724596	7.475580	0.010000	-16.007536	0.000000	8.613769	-2.821148	-11.903327	5.881162	2.377054	-4.777751	0.000000	-12.658977	0.681223	-1.718919	38.306751	-11.763541	21.676937	36.898186	75.521524	39.828809	-8.263187	8.902662	31.143558	67.065509
3.233333	-1.433346	0.205977	4.759455	0.836313	0.920574	-0.082427	10.296532	-4.752848	-9.852087	9.391923	0.063558	-18.286447	0.000000	10.981203	-3.011440	-10.889694	7.934274	2.811871	-6.447349	0.000000	-12.087659	0.762794	-1.576378	41.348390	-12.160951	22.498002	37.163165	75.214887	42.469129	-8.257619	8.623772	31.940343	66.698640
3.250000	-2.564768	0.022667	4.848340	0.831352	0.915114	-0.082226	12.864505	-4.864180	-8.920379	11.603125	0.109962	-20.853137	0.000000	13.704680	-3.211852	-9.772773	10.333258	3.329662	-8.359263	0.000000	-11.435987	0.847298	-1.358100	44.598131	-12.555656	23.398404	37.281510	74.806724	45.233434	-8.226567	8.527840	32.702424	66.209207
3.266667	-3.820298	-0.171102	4.881440	0.824837	0.909153	-0.081886	15.847815	-4.980807	-7.968684	14.166940	0.128753	-23.647018	0.000000	16.823818	-3.405913	-8.591558	13.098481	3.901890	-10.471568	0.000000	-10.760349	0.927845	-1.065005	48.087765	-12.948267	24.374318	37.239883	74.285474	48.173189	-8.163568	8.663592	33.393818	65.582426
3.283333	-5.185046	-0.360341	4.859002	0.817096	0.902936	-0.081438	19.260988	-5.120474	-7.036779	17.108722	0.131192	-26.521399	0.000000	20.331451	-3.579506	-7.395804	16.224661	4.500200	-12.704817	0.000000	-10.121916	0.991648	-0.703723	51.810479	-13.336351	25.421394	37.035302	73.644732	51.310861	-8.061992	9.063575	33.980390	64.818938
3.300000	-6.620209	-0.527712	4.782872	0.808735	0.896510	-0.080931	23.047398	-5.299232	-6.169530	20.405926	0.171176	-29.249021	0.000000	24.156994	-3.724931	-6.245658	19.672040	5.110958	-14.942904	0.000000	-9.582108	1.021177	-0.282948	55.714520	-13.714342	26.516628	36.675780	72.889331	54.630814	-7.914239	9.739698	34.435469	63.945832
3.316667	-8.067894	-0.657262	4.656215	0.800432	0.889664	-0.080432	27.089178	-5.528681	-5.410271	23.994139	0.328502	-31.587906	0.000000	28.178204	-3.842572	-5.201536	23.371482	5.743562	-17.054643	0.000000	-9.192193	1.000428	0.185625	59.716725	-14.074253	27.621510	36.177979	72.036912	58.085906	-7.717300	10.686609	34.741557	63.015723
3.333333	-9.465503	-0.738414	4.483711	0.792720	0.882006	-0.080019	31.243635	-5.813386	-4.787669	27.791117	0.676150	-33.366240	0.000000	32.255018	-3.940296	-4.309991	27.240923	6.433994	-18.920299	0.000000	-8.984445	0.922470	0.685361	63.729775	-14.405237	28.701036	35.564573	71.112690	61.616621	-7.479874	11.890493	34.892912	62.093383
3.350000	-10.763043	-0.768014	4.270834	0.785838	0.873162	-0.079734	35.386083	-6.149075	-4.305908	31.721255	1.247358	-34.535306	0.000000	36.268961	-4.030593	-3.593809	31.204387	7.236206	-20.454249	0.000000	-8.967255	0.792224	1.194589	67.685801	-14.692571	29.739342	34.862429	70.141313	65.170624	-7.225977	13.337687	34.894603	61.237511
3.366667	-11.934505	-0.748424	4.024923	0.779698	0.862982	-0.079559	39.436084	-6.523761	-3.941550	35.724916	2.015423	-35.173386	0.000000	40.148766	-4.124517	-3.048591	35.203086	8.194789	-21.619474	0.000000	-9.127188	0.621361	1.685182	71.541519	-14.917252	30.734039	34.107246	69.145785	68.711102	-6.990901	15.006524	34.760951	60.489178
3.383333	-12.978901	-0.684556	3.759892	0.774024	0.851584	-0.079415	43.358010	-6.922502	-3.652443	39.753700	2.908666	-35.434854	0.000000	43.872967	-4.226026	-2.648343	39.194695	9.322538	-22.420510	0.000000	-9.436821	0.420697	2.123011	75.265484	-15.060739	31.668893	33.353372	68.159210	72.211040	-6.806973	16.845981	34.521343	59.878515
3.400000	-13.910138	-0.583515	3.499074	0.768553	0.839256	-0.079221	47.140276	-7.331492	-3.395459	43.760893	3.855190	-35.471812	0.000000	47.450927	-4.332130	-2.357847	43.145702	10.598493	-22.886663	0.000000	-9.867463	0.199327	2.473728	78.834213	-15.112644	32.519002	32.666152	67.221266	75.650626	-6.695472	18.798117	34.213402	59.428958
3.416667	-14.743422	-0.454806	3.269765	0.763165	0.826348	-0.078935	50.769216	-7.738866	-3.139505	47.693039	4.818604	-35.379464	0.000000	50.894197	-4.437814	-2.145122	47.021019	11.970840	-23.068635	0.000000	-10.400886	-0.031911	2.712494	82.239560	-15.075811	33.289559	32.101956	66.353645	79.015638	-6.670032	20.839209	33.874062	59.142249
3.433333	-15.493614	-0.308134	3.092142	0.757921	0.813213	-0.078575	54.221684	-8.135656	-2.869823	51.488809	5.808193	-35.180459	0.000000	54.200771	-4.540344	-1.990012	50.775958	13.362691	-23.037446	0.000000	-11.023902	-0.262130	2.832976	85.477555	-14.967606	34.006862	31.708586	65.560209	82.273757	-6.733105	22.933808	33.566038	58.990973
3.450000	-16.184016	-0.150911	2.970861	0.752983	0.800099	-0.078196	57.482996	-8.517380	-2.586487	55.091735	6.873276	-34.836926	0.000000	57.362855	-4.641540	-1.886219	54.361514	14.700368	-22.862533	0.000000	-11.710221	-0.485461	2.847566	88.531473	-14.812878	34.677695	31.528756	64.850399	85.356703	-6.869004	24.963015	33.393444	58.932095
3.466667	-16.843724	0.010411	2.894245	0.748442	0.787083	-0.077850	60.563302	-8.882091	-2.299729	58.469452	8.078341	-34.287411	0.000000	60.379829	-4.750017	-1.834898	57.742979	15.952549	-22.582621	0.000000	-12.422318	-0.700108	2.779186	91.385793	-14.630209	35.299176	31.575566	64.237250	88.195554	-7.050755	26.775615	33.445368	58.922996
3.483333	-17.489434	0.167015	2.840772	0.744217	0.774109	-0.077562	63.489366	-9.226039	-2.024948	61.620670	9.455857	-33.500070	0.000000	63.258078	-4.881370	-1.833783	60.914335	17.136414	-22.205335	0.000000	-13.139877	-0.902005	2.654060	94.055436	-14.425242	35.892813	31.811791	63.718571	90.776715	-7.251572	28.289991	33.724662	58.928622
3.500000	-18.118466	0.309874	2.789158	0.740111	0.761085	-0.077321	66.291146	-9.544319	-1.775937	64.566864	10.976791	-32.498923	0.000000	66.008826	-5.052373	-1.873952	63.895856	18.288301	-21.728494	0.000000	-13.871712	-1.084668	2.497960	96.587995	-14.196597	36.504560	32.164485	63.279352	93.148895	-7.447465	29.502867	34.146114	58.922345
3.516667	-18.720948	0.436302	2.725841	0.735918	0.747906	-0.077089	69.002086	-9.836439	-1.558237	67.342124	12.570356	-31.342610	0.000000	68.652993	-5.272672	-1.945833	66.721681	19.436925	-21.154796	0.000000	-14.637907	-1.245530	2.333829	99.048228	-13.942857	37.193407	32.546989	62.902762	95.391566	-7.618924	30.459033	34.585929	58.885121
3.533333	-19.288735	0.551083	2.644532	0.731452	0.734460	-0.076822	71.657568	-10.106752	-1.369358	69.983656	14.149588	-30.107703	0.000000	71.219411	-5.541917	-2.041043	69.427389	20.586915	-20.510103	0.000000	-15.459945	-1.387554	2.182444	101.515272	-13.660879	38.019701	32.867050	62.572741	97.596665	-7.753448	31.242895	34.924548	58.804741
3.550000	-19.817606	0.661154	2.542079	0.726600	0.720707	-0.076493	74.284163	-10.359112	-1.204785	72.518066	15.617702	-28.889440	0.000000	73.734212	-5.852720	-2.148989	72.037580	21.707052	-19.858929	0.000000	-16.360291	-1.515957	2.064632	104.072500	-13.344976	39.021921	33.037726	62.278911	99.853578	-7.841882	31.952188	35.073272	58.675084
3.566667	-20.309407	0.770479	2.419866	0.721435	0.706792	-0.076089	76.888259	-10.595936	-1.063424	74.952061	16.891875	-27.771688	0.000000	76.209383	-6.193293	-2.256369	74.556405	22.735370	-19.285700	0.000000	-17.351213	-1.633804	2.000134	106.771560	-12.996721	40.210691	32.999636	62.018281	102.212736	-7.875662	32.667729	34.995424	58.493980
3.583333	-20.769112	0.878837	2.288147	0.716269	0.692994	-0.075589	79.450377	-10.821705	-0.946841	77.279366	17.938444	-26.786892	0.000000	78.635092	-6.548477	-2.349210	76.971762	23.605630	-18.854278	0.000000	-18.423336	-1.738768	2.002299	109.598376	-12.633074	41.578595	32.741919	61.787495	104.653569	-7.849028	33.440554	34.712831	58.260490
3.600000	-21.202909	0.984246	2.163410	0.711543	0.679547	-0.074971	81.935125	-11.042363	-0.852199	79.496814	18.779681	-25.920844	0.000000	80.987586	-6.901907	-2.414832	79.271490	24.285479	-18.576962	0.000000	-19.541343	-1.827193	2.072356	112.463978	-12.282428	43.079653	32.313186	61.580081	107.085971	-7.759634	34.267480	34.294348	57.977711
3.616667	-21.622529	1.084474	2.059547	0.707604	0.666534	-0.074235	84.312601	-11.259370	-0.768516	81.611750	19.468729	-25.153749	0.000000	83.250446	-7.239099	-2.441581	81.454558	24.796871	-18.412885	0.000000	-20.648548	-1.900509	2.198072	115.225797	-11.975093	44.595565	31.817509	61.392628	109.386004	-7.609243	35.069499	33.835860	57.659503
3.633333	-22.042150	1.173988	1.983003	0.704534	0.653905	-0.073385	86.570229	-11.465592	-0.682563	83.639968	20.055049	-24.496042	0.000000	85.426957	-7.549547	-2.414930	83.532408	25.193155	-18.301824	0.000000	-21.689562	-1.962005	2.355323	117.746996	-11.730854	45.984016	31.369340	61.226288	111.458406	-7.409531	35.742825	33.415444	57.325299
3.650000	-22.465569	1.240456	1.935819	0.702161	0.641534	-0.072406	88.708938	-11.648113	-0.587024	85.603784	20.563212	-23.992118	0.000000	87.534762	-7.826463	-2.314967	85.528141	25.516853	-18.202605	0.000000	-22.637506	-2.008595	2.509516	119.961251	-11.546666	47.186411	31.022075	61.079360	113.290176	-7.185281	36.260461	33.037008	56.983695
3.666667	-22.880908	1.267904	1.920076	0.700233	0.629316	-0.071310	90.733588	-11.795352	-0.480575	87.526736	20.995352	-23.689444	0.000000	89.590937	-8.064150	-2.122817	87.469979	25.778360	-18.103290	0.000000	-23.497651	-2.030678	2.622042	121.878044	-11.395385	48.232200	30.747658	60.942038	114.940814	-6.963890	36.697358	32.630807	56.628681
3.683333	-23.267255	1.245218	1.939727	0.698581	0.617241	-0.070206	92.646161	-11.905072	-0.361442	89.423750	21.347582	-23.601818	0.000000	91.599541	-8.253291	-1.832350	89.377207	25.965120	-18.009860	0.000000	-24.291146	-2.018137	2.663492	123.539590	-11.236264	49.146207	30.472996	60.798180	116.486313	-6.758016	37.168156	32.105919	56.248475
3.700000	-23.602735	1.170940	2.000810	0.697115	0.605365	-0.069283	94.446974	-11.989723	-0.224088	91.296879	21.619096	-23.704292	0.000000	93.551292	-8.376892	-1.454920	91.252072	26.068408	-17.930317	0.000000	-25.042999	-1.961958	2.624933	124.999656	-11.029886	49.931638	30.107031	60.627871	117.985937	-6.557155	37.783206	31.380569	55.820715
3.716667	-23.869897	1.050565	2.109006	0.695745	0.593755	-0.068716	96.139338	-12.072887	-0.062762	93.136589	21.811872	-23.951542	0.000000	95.430568	-8.413769	-1.014337	93.082521	26.105008	-17.859377	0.000000	-25.777720	-1.851550	2.519084	126.325375	-10.752447	50.633708	29.557511	60.410750	119.476307	-6.337239	38.632040	30.397141	55.301108
3.733333	-24.059612	0.890969	2.267334	0.694377	0.582495	-0.068578	97.729457	-12.179253	0.123267	94.923859	21.934501	-24.289563	0.000000	97.220715	-8.348131	-0.537850	94.848909	26.114567	-17.772538	0.000000	-26.513322	-1.673933	2.370815	127.579065	-10.403489	51.343341	28.769447	60.134150	120.957071	-6.081511	39.740358	29.161959	54.639115
3.750000	-24.175331	0.697366	2.476662	0.692971	0.571686	-0.068833	99.225582	-12.326950	0.328921	96.635446	22.007713	-24.659120	0.000000	98.909435	-8.176773	-0.048803	96.531772	26.137262	-17.635503	0.000000	-27.250435	-1.417972	2.205593	128.786304	-10.004915	52.124833	27.756526	59.801186	122.378764	-5.787970	41.027966	27.760770	53.818395
3.766667	-24.237411	0.473871	2.734049	0.691625	0.561443	-0.069386	100.637918	-12.524131	0.544586	98.250583	22.063209	-24.999517	0.000000	100.492049	-7.913499	0.435232	98.115810	26.196232	-17.419942	0.000000	-27.962007	-1.081734	2.041155	129.919146	-9.592602	52.962009	26.596578	59.432429	123.656187	-5.461534	42.320723	26.317626	52.886065
3.783333	-24.278843	0.225670	3.029813	0.690591	0.551916	-0.070102	101.970801	-12.768774	0.755578	99.753331	22.135745	-25.258134	0.000000	101.964004	-7.590757	0.899291	99.585311	26.297484	-17.114695	0.000000	-28.599391	-0.676189	1.880335	130.908099	-9.200012	53.776706	25.402121	59.058976	124.703922	-5.114320	43.431607	24.945164	51.938409
3.800000	-24.328926	-0.038800	3.349817	0.690109	0.543299	-0.070828	103.210823	-13.051424	0.944314	101.130393	22.253241	-25.404593	0.000000	103.309028	-7.252279	1.326923	100.918432	26.436101	-16.729193	0.000000	-29.117840	-0.223790	1.709934	131.677882	-8.844548	54.489715	24.280595	58.710022	125.473527	-4.769423	44.263083	23.718548	51.073645
3.816667	-24.397477	-0.306603	3.679229	0.690195	0.535757	-0.071447	104.325877	-13.358653	1.097047	102.369188	22.428303	-25.437141	0.000000	104.499334	-6.938640	1.699489	102.090159	26.599709	-16.290155	0.000000	-29.501065	0.244252	1.511691	132.184283	-8.530505	55.057479	23.301774	58.403710	125.968331	-4.450109	44.830388	22.672537	50.355032
3.833333	-24.472460	-0.560779	4.000346	0.690580	0.529340	-0.071937	105.280123	-13.673429	1.210236	103.458424	22.651470	-25.376017	0.000000	105.510017	-6.676613	2.000787	103.082075	26.771567	-15.835660	0.000000	-29.768645	0.691580	1.278545	132.437880	-8.259851	55.471008	22.487972	58.145617	126.238020	-4.165511	45.202187	21.812667	49.801109
3.850000	-24.531720	-0.784012	4.289216	0.690885	0.523986	-0.072349	106.053208	-13.972547	1.291043	104.389970	22.893532	-25.252705	0.000000	106.333464	-6.477846	2.225566	103.890446	26.933648	-15.408749	0.000000	-29.962117	1.083549	1.023354	132.502188	-8.037064	55.743814	21.832439	57.934472	126.360988	-3.912628	45.444713	21.133483	49.398473
3.866667	-24.557215	-0.964524	4.520760	0.690908	0.519612	-0.072714	106.646339	-14.228986	1.350846	105.161561	23.118614	-25.103571	0.000000	106.979220	-6.341808	2.385038	104.528029	27.069626	-15.048606	0.000000	-30.118677	1.396728	0.773944	132.460489	-7.868094	55.901575	21.327043	57.769838	126.413085	-3.688681	45.602440	20.633676	49.123928
3.883333	-24.541080	-1.098832	4.680448	0.690718	0.516189	-0.073028	107.073765	-14.421767	1.398881	105.776804	23.296395	-24.963475	0.000000	107.461888	-6.256368	2.501662	105.018357	27.169093	-14.779954	0.000000	-30.253297	1.624535	0.558363	132.379460	-7.755481	55.975365	20.965861	57.652124	126.443342	-3.495441	45.701650	20.309504	48.954216
3.900000	-24.485687	-1.190499	4.771816	0.690509	0.513763	-0.073285	107.351894	-14.544445	1.439588	106.239742	23.408698	-24.856455	0.000000	107.791070	-6.198472	2.597724	105.383856	27.229893	-14.607059	0.000000	-30.357676	1.774699	0.391387	132.295423	-7.693540	55.996923	20.726873	57.575461	126.473780	-3.332955	45.762970	20.134731	48.861502
3.916667	-24.400677	-1.247819	4.813594	0.690452	0.512439	-0.073485	107.490434	-14.605357	1.470518	106.549033	23.449668	-24.794894	0.000000	107.967175	-6.140937	2.687537	105.634462	27.254114	-14.520529	0.000000	-30.410432	1.861747	0.272064	132.218860	-7.670747	55.995090	20.565463	57.524532	126.509798	-3.193710	45.810341	20.058871	48.810881
3.933333	-24.296574	-1.280129	4.829065	0.690631	0.512337	-0.073627	107.486514	-14.620180	1.483307	106.696282	23.418393	-24.788463	0.000000	107.980495	-6.062707	2.774679	105.762777	27.240840	-14.512858	0.000000	-30.390766	1.899263	0.191142	132.145095	-7.676299	55.993528	20.430053	57.479075	126.547077	-3.064516	45.871232	20.026216	48.765880
3.950000	-24.180500	-1.292882	4.835259	0.691024	0.513560	-0.073707	107.326567	-14.601329	1.470135	106.667566	23.312299	-24.849474	0.000000	107.815485	-5.956136	2.851466	105.746922	27.182554	-14.587666	0.000000	-30.287259	1.895196	0.140342	132.065846	-7.702867	56.009774	20.282091	57.420508	126.576822	-2.934481	45.971310	19.993042	48.695614
3.966667	-24.058898	-1.284003	4.837732	0.691564	0.516185	-0.073697	106.995505	-14.550869	1.429993	106.445972	23.128645	-24.987328	0.000000	107.459233	-5.829591	2.899500	105.557888	27.067734	-14.755350	0.000000	-30.097834	1.850903	0.118396	131.978454	-7.746789	56.054803	20.109462	57.337665	126.590610	-2.803278	46.126655	19.936789	48.580753
3.983333	-23.942671	-1.244541	4.832291	0.692224	0.520276	-0.073576	106.484228	-14.461926	1.369279	106.014129	22.871203	-25.193428	0.000000	106.905817	-5.703819	2.893502	105.165159	26.889225	-15.017727	0.000000	-29.822775	1.762156	0.131599	131.883117	-7.811282	56.132456	19.929226	57.231007	126.575731	-2.681925	46.336532	19.862296	48.418448
4.000000	-23.845761	-1.163396	4.810988	0.693052	0.525910	-0.073351	105.787451	-14.326000	1.297977	105.356480	22.552361	-25.434828	0.000000	106.150436	-5.602557	2.808840	104.539105	26.650112	-15.357655	0.000000	-29.458614	1.620589	0.189268	131.765682	-7.911475	56.239948	19.778866	57.111488	126.500909	-2.584611	46.583306	19.803439	48.220340
4.016667	-23.777422	-1.031713	4.767641	0.694083	0.533149	-0.073035	104.899326	-14.137848	1.226538	104.460299	22.181045	-25.679808	0.000000	105.182388	-5.543087	2.628053	103.653243	26.355852	-15.753208	0.000000	-29.002232	1.415889	0.297111	131.590670	-8.073490	56.369025	19.705808	56.990595	126.317234	-2.521584	46.842791	19.815320	47.997370
4.033333	-23.739272	-0.846697	4.701680	0.695251	0.541960	-0.072623	103.820506	-13.896479	1.164992	103.317537	21.747730	-25.932298	0.000000	103.992476	-5.529524	2.345954	102.488047	26.003373	-16.198238	0.000000	-28.457330	1.142162	0.450363	131.318083	-8.325317	56.504287	19.762377	56.868962	125.982967	-2.501028	47.094398	19.958457	47.743176
4.050000	-23.729577	-0.616745	4.620774	0.696476	0.552174	-0.072122	102.567392	-13.607898	1.120601	101.930228	21.231217	-26.225960	0.000000	102.587655	-5.550393	1.973857	101.037101	25.587980	-16.693398	0.000000	-27.826620	0.809227	0.630286	130.911937	-8.685088	56.619249	19.999954	56.736490	125.474380	-2.535652	47.319423	20.279909	47.437084
4.066667	-23.745563	-0.362589	4.538456	0.697797	0.563532	-0.071603	101.166877	-13.287379	1.093585	100.314090	20.622949	-26.585169	0.000000	100.993234	-5.583488	1.537874	99.312966	25.120542	-17.222215	0.000000	-27.098939	0.447029	0.809272	130.329347	-9.151467	56.677527	20.453809	56.582426	124.771313	-2.643491	47.496365	20.795839	47.063051
4.083333	-23.780547	-0.109112	4.464332	0.699273	0.575744	-0.071152	99.644643	-12.952811	1.077338	98.495355	19.943867	-26.997829	0.000000	99.243959	-5.606103	1.071158	97.348333	24.630888	-17.750958	0.000000	-26.257414	0.092158	0.962672	129.532899	-9.697340	56.645305	21.117597	56.404496	123.863358	-2.839239	47.608316	21.478779	46.625318
4.100000	-23.819644	0.126701	4.394143	0.700814	0.588542	-0.070804	98.018511	-12.612342	1.065547	96.504330	19.245010	-27.410905	0.000000	97.374514	-5.604297	0.606081	95.190950	24.152446	-18.247596	0.000000	-25.305006	-0.231667	1.080289	128.529504	-10.268514	56.512834	21.917876	56.214270	122.779965	-3.123353	47.660568	22.250950	46.156442
4.116667	-23.841108	0.342474	4.310641	0.702304	0.601742	-0.070549	96.295261	-12.261007	1.059951	94.371474	18.588797	-27.749828	0.000000	95.410917	-5.575284	0.167363	92.892808	23.699325	-18.698890	0.000000	-24.271940	-0.521424	1.170786	127.375685	-10.798689	56.305479	22.728216	56.036382	121.586240	-3.480623	47.688803	23.009172	45.712046
4.133333	-23.825995	0.548393	4.196247	0.703904	0.615284	-0.070388	94.469218	-11.892157	1.071134	92.127381	18.013812	-27.966052	0.000000	93.363209	-5.522151	-0.234117	90.497814	23.253084	-19.119328	0.000000	-23.191248	-0.789902	1.253746	126.126416	-11.242567	56.061302	23.443012	55.896613	120.328451	-3.891730	47.738551	23.694579	45.342111
4.150000	-23.763284	0.757235	4.046058	0.706045	0.629186	-0.070340	92.522559	-11.511352	1.109580	89.801751	17.515573	-28.069061	0.000000	91.223101	-5.446471	-0.600026	88.035800	22.775964	-19.537262	0.000000	-22.073818	-1.053366	1.346047	124.781890	-11.595383	55.794604	24.036373	55.808894	118.985335	-4.341027	47.827391	24.335637	45.063321
4.166667	-23.643893	0.972850	3.871122	0.709040	0.643437	-0.070407	90.433577	-11.137922	1.174267	87.420926	17.063642	-28.107458	0.000000	88.972693	-5.344983	-0.933410	85.526099	22.238102	-19.965980	0.000000	-20.911817	-1.318700	1.455241	123.289262	-11.876938	55.484202	24.540885	55.775494	117.478524	-4.810282	47.924344	25.009852	44.863483
4.183333	-23.457727	1.186853	3.693016	0.712869	0.657915	-0.070537	88.194591	-10.795408	1.249824	85.009253	16.625567	-28.137118	0.000000	86.602839	-5.211580	-1.229170	82.983252	21.628280	-20.397385	0.000000	-19.697334	-1.578768	1.577539	121.586190	-12.100565	55.081405	24.995490	55.795139	115.728512	-5.276892	47.960602	25.777499	44.723004
4.200000	-23.199963	1.384651	3.534488	0.717353	0.672451	-0.070656	85.821324	-10.501107	1.313169	82.587959	16.172166	-28.209580	0.000000	84.123986	-5.041996	-1.475906	80.415411	20.948352	-20.818291	0.000000	-18.430763	-1.816981	1.694665	119.631666	-12.255694	54.518803	25.424592	55.868638	113.699208	-5.725561	47.856400	26.647312	44.627754
4.216667	-22.876199	1.554324	3.410615	0.722326	0.686967	-0.070717	83.343529	-10.259699	1.343952	80.164294	15.675314	-28.366388	0.000000	81.559433	-4.837656	-1.665652	77.818086	20.206622	-21.221920	0.000000	-17.117606	-2.018105	1.775923	117.402951	-12.319458	53.724574	25.852379	56.001273	111.400884	-6.157822	47.546616	27.586656	44.571859
4.233333	-22.499874	1.692298	3.326207	0.727574	0.701479	-0.070699	80.791122	-10.064156	1.331505	77.722355	15.114727	-28.622297	0.000000	78.934732	-4.605943	-1.802724	75.174735	19.417908	-21.599272	0.000000	-15.766696	-2.180163	1.791581	114.890393	-12.290062	52.669016	26.317034	56.200220	108.875594	-6.580538	47.015845	28.537031	44.556804
4.250000	-22.086207	1.801985	3.278678	0.732755	0.715955	-0.070598	78.192330	-9.903330	1.273019	75.231205	14.488607	-28.949057	0.000000	76.278004	-4.358224	-1.904357	72.468745	18.614902	-21.915422	0.000000	-14.393400	-2.315813	1.731660	112.119508	-12.205207	51.435205	26.845408	56.462793	106.195997	-6.976346	46.340901	29.391958	44.588214
4.266667	-21.650035	1.888178	3.259664	0.737522	0.730235	-0.070442	75.580562	-9.766690	1.168859	72.664327	13.801318	-29.299164	0.000000	73.623609	-4.108512	-1.992171	69.695674	17.843362	-22.116796	0.000000	-13.018596	-2.440351	1.613564	109.162650	-12.120034	50.195250	27.425629	56.767046	103.455079	-7.298693	45.665626	30.010360	44.668656
4.283333	-21.205029	1.953647	3.254724	0.741790	0.744182	-0.070272	72.985175	-9.642212	1.020944	70.003764	13.029002	-29.661599	0.000000	70.999880	-3.871980	-2.082318	66.858877	17.118449	-22.181577	0.000000	-11.662667	-2.560652	1.471539	106.095921	-12.071942	49.053298	28.040452	57.086070	100.721159	-7.505482	45.085981	30.311567	44.795005
4.300000	-20.757141	1.998948	3.246015	0.745766	0.757899	-0.070131	70.401941	-9.514909	0.830981	67.222245	12.111237	-30.074873	0.000000	68.403865	-3.661344	-2.182036	63.950779	16.389489	-22.146268	0.000000	-10.346666	-2.674001	1.341900	102.948270	-12.069563	47.948885	28.710000	57.413968	97.999925	-7.583325	44.573804	30.334997	44.966126
4.316667	-20.295959	2.022997	3.218823	0.749726	0.771718	-0.070068	67.776884	-9.371085	0.597454	64.272812	10.994038	-30.569365	0.000000	65.789285	-3.482505	-2.291719	60.941872	15.560051	-22.077693	0.000000	-9.101726	-2.768954	1.253625	99.712586	-12.096130	46.761984	29.452591	57.765226	95.245762	-7.544976	44.031672	30.198815	45.184120
4.333333	-19.793326	2.023933	3.168218	0.753877	0.785958	-0.070126	65.022792	-9.205418	0.313136	61.104614	9.680220	-31.106339	0.000000	63.080182	-3.332718	-2.407329	57.788666	14.539683	-22.029488	0.000000	-7.971818	-2.825259	1.220504	96.392263	-12.112721	45.478612	30.211890	58.149739	92.397743	-7.423382	43.394638	30.030298	45.444375
4.350000	-19.216341	2.000696	3.102454	0.758403	0.800704	-0.070316	62.056754	-9.024167	-0.034817	57.686800	8.225329	-31.592593	0.000000	60.203128	-3.203090	-2.522462	54.452741	13.287600	-22.011057	0.000000	-6.995325	-2.822105	1.237064	93.002355	-12.078134	44.190064	30.881973	58.562429	89.398284	-7.259982	42.650042	29.928126	45.736293
4.366667	-18.547965	1.954128	3.040714	0.763491	0.815730	-0.070601	58.836431	-8.841139	-0.462737	54.019313	6.699059	-31.942344	0.000000	57.122211	-3.084169	-2.630967	50.922198	11.837332	-21.973382	0.000000	-6.175658	-2.750994	1.284144	89.531947	-11.979258	42.966250	31.404646	58.991121	86.196750	-7.082935	41.797963	29.946923	46.054856
4.383333	-17.794107	1.885529	3.004421	0.769244	0.830596	-0.070947	55.371554	-8.669099	-0.990712	50.129999	5.174558	-32.099245	0.000000	53.853137	-2.971240	-2.726329	47.226083	10.289981	-21.827796	0.000000	-5.475075	-2.616530	1.340976	85.945037	-11.838180	41.818830	31.797658	59.419048	82.763253	-6.897228	40.852980	30.087272	46.401696
4.400000	-16.972948	1.793750	3.007387	0.775634	0.844866	-0.071359	51.708828	-8.510830	-1.642708	46.065082	3.729323	-32.022731	0.000000	50.447247	-2.866611	-2.799179	43.426710	8.766912	-21.497071	0.000000	-4.839212	-2.425746	1.395895	82.217092	-11.695734	40.750619	32.112675	59.828326	79.104474	-6.694243	39.863067	30.307920	46.779665
4.416667	-16.099896	1.674870	3.052128	0.782550	0.858285	-0.071858	47.906027	-8.354883	-2.441588	41.878145	2.427154	-31.680374	0.000000	46.960136	-2.778968	-2.842237	39.592264	7.357016	-20.951539	0.000000	-4.226022	-2.181597	1.451040	78.349597	-11.596049	39.768083	32.408048	60.214536	75.258655	-6.464499	38.887606	30.563022	47.196082
4.433333	-15.176258	1.525600	3.133288	0.789888	0.870748	-0.072432	44.006598	-8.178909	-3.402364	37.622150	1.304942	-31.046343	0.000000	43.425669	-2.721100	-2.861444	35.776181	6.101058	-20.204103	0.000000	-3.622013	-1.886171	1.518782	74.356315	-11.576741	38.850213	32.748919	60.598310	71.276446	-6.205246	37.956281	30.836336	47.673031
4.450000	-14.191324	1.346629	3.243847	0.797586	0.882160	-0.073021	40.032293	-7.957820	-4.530470	33.345784	0.373976	-30.106243	0.000000	39.854693	-2.706096	-2.882071	32.016203	5.007505	-19.287671	0.000000	-3.037360	-1.546482	1.609938	70.250277	-11.655478	37.932171	33.198595	61.022758	67.210505	-5.924574	37.057953	31.142031	48.250074
4.466667	-13.141341	1.144215	3.378805	0.805559	0.892389	-0.073560	36.004848	-7.673303	-5.824306	29.093488	-0.376945	-28.865797	0.000000	36.259473	-2.741373	-2.947570	28.338985	4.070480	-18.233840	0.000000	-2.482392	-1.177054	1.721508	66.052872	-11.815374	36.949816	33.781518	61.534153	63.123652	-5.641615	36.188750	31.485493	48.963683
4.483333	-12.044307	0.932756	3.534288	0.813610	0.901306	-0.074038	31.970816	-7.322833	-7.272822	24.908693	-0.973040	-27.349316	0.000000	32.674341	-2.820822	-3.114090	24.761176	3.279215	-17.058067	0.000000	-1.955153	-0.801112	1.833753	61.811818	-12.006459	35.886959	34.467294	62.158537	59.095079	-5.382690	35.390192	31.837234	49.819869
4.500000	-10.934250	0.735345	3.704502	0.821504	0.908831	-0.074529	28.000337	-6.922986	-8.849285	20.836402	-1.436666	-25.589173	0.000000	29.152569	-2.920651	-3.437405	21.295327	2.622945	-15.759594	0.000000	-1.452790	-0.447641	1.918210	57.599044	-12.168270	34.755633	35.206722	62.895580	55.200821	-5.174482	34.708435	32.158223	50.791649
4.516667	-9.847950	0.576562	3.879317	0.829088	0.915000	-0.075148	24.169870	-6.501892	-10.510542	16.923833	-1.776201	-23.619686	0.000000	25.753783	-3.006257	-3.954139	17.962057	2.091132	-14.336268	0.000000	-0.980393	-0.141053	1.951310	53.490040	-12.253506	33.565604	35.959385	63.727887	51.485934	-5.034302	34.145415	32.430370	51.835808
4.533333	-8.817929	0.472532	4.043922	0.836315	0.919944	-0.075952	20.552827	-6.086711	-12.200784	13.226541	-1.985753	-21.479544	0.000000	22.536370	-3.047104	-4.670566	14.797354	1.671370	-12.799747	0.000000	-0.544905	0.106488	1.926190	49.542736	-12.238189	32.323474	36.690457	64.635079	47.958978	-4.961065	33.662840	32.655055	52.912341
4.550000	-7.869492	0.426602	4.180149	0.843167	0.923773	-0.076874	17.220607	-5.696907	-13.855362	9.820071	-2.051984	-19.223501	0.000000	19.553331	-3.028311	-5.563233	11.850356	1.350406	-11.184388	0.000000	-0.147449	0.294211	1.855548	45.788507	-12.121580	31.042433	37.368498	65.604420	44.606223	-4.935756	33.210724	32.836163	53.997221
4.566667	-7.015323	0.432070	4.267562	0.849602	0.926542	-0.077769	14.238143	-5.346064	-15.407122	6.800443	-1.966418	-16.932680	0.000000	16.843912	-2.951588	-6.585916	9.173667	1.117764	-9.547864	0.000000	0.212553	0.429661	1.763473	42.242730	-11.919284	29.767619	37.963380	66.623342	41.406990	-4.933379	32.757930	32.967785	55.071883
4.583333	-6.246318	0.479076	4.284815	0.855511	0.928434	-0.078526	11.647570	-5.048551	-16.805311	4.266227	-1.725261	-14.688058	0.000000	14.418745	-2.828145	-7.686948	6.810770	0.971618	-7.948277	0.000000	0.518409	0.525651	1.673567	38.920229	-11.652342	28.583233	38.445009	67.672313	38.343095	-4.934651	32.303089	33.037088	56.109690
4.600000	-5.532492	0.559658	4.214289	0.860738	0.929836	-0.079119	9.459590	-4.823949	-18.043720	2.296661	-1.310909	-12.512641	0.000000	12.258053	-2.671841	-8.832165	4.790050	0.924641	-6.408536	0.000000	0.727199	0.595977	1.603368	35.829278	-11.338385	27.552771	38.795260	68.759046	35.399165	-4.925737	31.844756	33.038194	57.104505
4.616667	-4.845253	0.666408	4.051937	0.865182	0.931181	-0.079574	7.663026	-4.690564	-19.158902	0.927895	-0.701796	-10.370620	0.000000	10.337730	-2.497274	-10.001512	3.127311	0.994665	-4.920373	0.000000	0.798229	0.652056	1.562680	32.953056	-10.988781	26.659925	39.010845	69.957597	32.555450	-4.891312	31.353479	32.971510	58.108877
4.633333	-4.178269	0.788107	3.816860	0.868839	0.932701	-0.079895	6.228975	-4.649774	-20.182222	0.121265	0.070009	-8.257812	0.000000	8.654353	-2.321125	-11.157318	1.828762	1.177339	-3.493000	0.000000	0.730302	0.702678	1.547611	30.254142	-10.610659	25.842340	39.077709	71.373322	29.790067	-4.816026	30.798518	32.820874	59.208096
4.650000	-3.538773	0.909812	3.547629	0.871684	0.934321	-0.080065	5.100986	-4.678511	-21.105501	-0.244432	0.898657	-6.256512	0.000000	7.215505	-2.162371	-12.242297	0.889531	1.438197	-2.165209	0.000000	0.555223	0.754369	1.539596	27.704227	-10.210632	25.062266	38.952441	73.058295	27.098672	-4.694371	30.192959	32.546648	60.452124
4.666667	-2.926869	1.018073	3.285440	0.873607	0.935770	-0.080092	4.199877	-4.740547	-21.898572	-0.329440	1.664166	-4.480255	0.000000	6.013754	-2.037788	-13.216199	0.285370	1.740637	-0.958212	0.000000	0.303289	0.809179	1.519111	25.304509	-9.799470	24.329624	38.577796	74.943141	24.511420	-4.536494	29.605404	32.112571	61.805988
4.683333	-2.334802	1.104626	3.060850	0.874520	0.936802	-0.080053	3.451006	-4.804003	-22.535771	-0.275641	2.285127	-3.014821	0.000000	5.020204	-1.955330	-14.068222	-0.038035	2.066016	0.145770	0.000000	-0.006310	0.864119	1.477544	23.079835	-9.393645	23.695988	37.907843	76.812152	22.085865	-4.367082	29.147315	31.507026	63.134582
4.700000	-1.757817	1.165829	2.892109	0.874506	0.937365	-0.080054	2.803515	-4.849632	-23.008457	-0.179059	2.725847	-1.904306	0.000000	4.195570	-1.912550	-14.798008	-0.161274	2.399922	1.173769	0.000000	-0.355896	0.916626	1.409092	21.058135	-9.006106	23.225695	36.932531	78.393166	19.876703	-4.219545	28.928311	30.737355	64.262820
4.716667	-1.196830	1.201741	2.787751	0.873860	0.937610	-0.080167	2.226937	-4.870510	-23.334252	-0.090876	2.995267	-1.137190	0.000000	3.500101	-1.900701	-15.404805	-0.168633	2.714764	2.133880	0.000000	-0.727752	0.968725	1.297701	19.248080	-8.635565	22.943038	35.699058	79.529645	17.903770	-4.124829	28.987337	29.820837	65.090247
4.733333	-0.657149	1.216701	2.744780	0.873000	0.937742	-0.080370	1.702647	-4.868957	-23.548415	-0.029954	3.138387	-0.649085	0.000000	2.899845	-1.909301	-15.891861	-0.126169	2.980339	3.011220	0.000000	-1.103471	1.022235	1.130198	17.628198	-8.272960	22.815702	34.298975	80.240371	16.144956	-4.099102	29.274336	28.788823	65.631126
4.750000	-0.148796	1.218623	2.745418	0.872325	0.937885	-0.080537	1.221056	-4.851699	-23.681314	0.003277	3.214385	-0.354149	0.000000	2.370756	-1.929615	-16.274357	-0.074597	3.187522	3.781860	0.000000	-1.459591	1.072094	0.923547	16.156030	-7.916844	22.785614	32.826966	80.637662	14.555826	-4.139869	29.693964	27.692283	65.960232
4.766667	0.317050	1.216258	2.762100	0.872114	0.938116	-0.080513	0.777166	-4.825211	-23.753452	0.016111	3.274671	-0.171527	0.000000	1.896572	-1.956658	-16.580933	-0.033180	3.350549	4.435336	0.000000	-1.770552	1.108006	0.720834	14.791085	-7.574420	22.797221	31.351695	80.842916	13.095236	-4.234017	30.152816	26.588309	66.157491
4.783333	0.734321	1.216536	2.768356	0.872457	0.938518	-0.080226	0.365119	-4.794176	-23.785801	0.017062	3.347952	-0.037705	0.000000	1.463702	-1.988317	-16.844433	-0.007131	3.488785	4.982917	0.000000	-2.019333	1.121633	0.560695	13.512568	-7.255128	22.809573	29.923529	80.950072	11.741560	-4.369498	30.581095	25.524421	66.284004
4.800000	1.103135	1.223256	2.745943	0.873219	0.939121	-0.079733	-0.020233	-4.762516	-23.800204	0.012850	3.438077	0.088070	0.000000	1.061428	-2.022673	-17.088048	0.005547	3.611092	5.438485	0.000000	-2.204772	1.110251	0.462217	12.315993	-6.975161	22.802533	28.610694	81.013756	10.494934	-4.540087	30.928390	24.549328	66.372511
4.816667	1.428019	1.237801	2.686707	0.874127	0.939876	-0.079184	-0.380592	-4.735395	-23.811838	0.007645	3.538222	0.231381	0.000000	0.683419	-2.055601	-17.324517	0.009283	3.717086	5.811530	0.000000	-2.340428	1.075584	0.429233	11.206451	-6.756170	22.770009	27.492340	81.054192	9.373940	-4.740416	31.154754	23.712723	66.430752
4.833333	1.718466	1.260785	2.591868	0.874909	0.940732	-0.078720	-0.716945	-4.720009	-23.829045	0.003433	3.648693	0.419162	0.000000	0.324981	-2.080488	-17.569443	0.008321	3.809539	6.131164	0.000000	-2.449426	1.021957	0.455613	10.204383	-6.608318	22.702255	26.596627	81.074366	8.413063	-4.958884	31.233959	23.032962	66.456378
4.850000	1.987692	1.292447	2.469598	0.875400	0.941689	-0.078408	-1.031984	-4.723284	-23.857561	0.000768	3.778027	0.681086	0.000000	-0.018719	-2.090696	-17.843251	0.005679	3.896532	6.449073	0.000000	-2.558380	0.954930	0.528300	9.342959	-6.524528	22.581274	25.883797	81.073947	7.652672	-5.179230	31.156916	22.487703	66.448007
4.866667	2.246915	1.332143	2.332247	0.875552	0.942720	-0.078226	-1.328190	-4.748598	-23.900192	-0.000539	3.928351	1.027920	0.000000	-0.349918	-2.082385	-18.154478	0.003056	3.980147	6.800964	0.000000	-2.688798	0.879765	0.628297	8.650195	-6.493642	22.396756	25.298617	81.054009	7.121284	-5.390844	30.932499	22.044368	66.407297
4.883333	2.500410	1.378166	2.193727	0.875367	0.943654	-0.078116	-1.604901	-4.794457	-23.953207	-0.000933	4.086208	1.431575	0.000000	-0.665331	-2.055565	-18.485868	0.001148	4.049694	7.172676	0.000000	-2.849536	0.800334	0.731216	8.136004	-6.512389	22.161071	24.818925	81.017988	6.823954	-5.596854	30.587829	21.688939	66.338270
4.900000	2.747883	1.427740	2.065710	0.874840	0.944218	-0.078024	-1.859809	-4.855007	-24.007696	-0.000844	4.232178	1.838789	0.000000	-0.959332	-2.014215	-18.804404	0.000051	4.090734	7.517076	0.000000	-3.039356	0.719148	0.814091	7.793705	-6.583873	21.899646	24.455172	80.969880	6.745480	-5.809429	30.151065	21.427047	66.243902
4.916667	2.988110	1.476701	1.955529	0.873976	0.944262	-0.077909	-2.090816	-4.920812	-24.055395	-0.000580	4.356236	2.204370	0.000000	-1.227084	-1.966370	-19.083991	-0.000416	4.100580	7.801703	0.000000	-3.253543	0.638633	0.863136	7.607826	-6.708339	21.627638	24.220950	80.911375	6.859670	-6.038611	29.627558	21.267910	66.122390
4.933333	3.215910	1.519567	1.868124	0.872825	0.943901	-0.077732	-2.292041	-4.980339	-24.089738	-0.000314	4.458472	2.500679	0.000000	-1.459998	-1.922867	-19.311509	-0.000496	4.091477	8.025987	0.000000	-3.484192	0.562503	0.871758	7.558004	-6.879692	21.343570	24.119616	80.841711	7.132018	-6.288794	28.999038	21.217019	65.968033
4.950000	3.424873	1.551478	1.806647	0.871461	0.943432	-0.077480	-2.456683	-5.023769	-24.104733	-0.000120	4.541504	2.711623	0.000000	-1.648942	-1.893499	-19.482152	-0.000395	4.079196	8.206581	0.000000	-3.727000	0.494877	0.837658	7.620553	-7.089174	21.034538	24.150704	80.758051	7.521030	-6.558146	28.227596	21.280793	65.771486
4.966667	3.618293	1.570799	1.770343	0.869972	0.943113	-0.077185	-2.589134	-5.047174	-24.097822	-0.000007	4.608201	2.835989	0.000000	-1.798035	-1.882996	-19.600540	-0.000247	4.071525	8.363824	0.000000	-3.992879	0.437779	0.767042	7.772381	-7.328390	20.679744	24.310707	80.655528	7.985156	-6.835522	27.259094	21.467082	65.520023
4.983333	3.805843	1.579377	1.755813	0.868472	0.942976	-0.076902	-2.702915	-5.053137	-24.071902	0.000041	4.661028	2.885920	0.000000	-1.922081	-1.890227	-19.677598	-0.000119	4.065887	8.507407	0.000000	-4.293984	0.390486	0.675508	7.993666	-7.589881	20.269686	24.580215	80.533017	8.489920	-7.105606	26.078182	21.773533	65.212385
5.000000	3.987739	1.580532	1.760777	0.867106	0.942834	-0.076663	-2.804837	-5.047834	-24.032651	0.000050	4.700529	2.874918	0.000000	-2.028538	-1.910572	-19.719917	-0.000034	4.054343	8.622645	0.000000	-4.614504	0.350959	0.581876	8.267168	-7.866981	19.832431	24.912143	80.401090	9.010823	-7.360868	24.782083	22.174729	64.878542
5.016667	4.153979	1.577088	1.783331	0.865999	0.942471	-0.076448	-2.892516	-5.037150	-23.983209	0.000040	4.726317	2.812025	0.000000	-2.115122	-1.939352	-19.725688	0.000010	4.031679	8.679682	0.000000	-4.915230	0.317246	0.501809	8.577309	-8.152732	19.421112	25.248364	80.277302	9.528975	-7.603155	23.539525	22.631489	64.567535
5.033333	4.296353	1.570574	1.817957	0.865194	0.941884	-0.076197	-2.963787	-5.024057	-23.921806	0.000025	4.739148	2.706740	0.000000	-2.181226	-1.974155	-19.693229	0.000026	4.001421	8.661034	0.000000	-5.165455	0.288015	0.443056	8.910227	-8.437442	19.070616	25.554197	80.171698	10.022898	-7.834226	22.461570	23.113368	64.310749
5.050000	4.410524	1.561566	1.855692	0.864652	0.941277	-0.075847	-3.017479	-5.008607	-23.845565	0.000012	4.741184	2.573878	0.000000	-2.228668	-2.014441	-19.630753	0.000025	3.974072	8.575046	0.000000	-5.353676	0.262270	0.403592	9.253226	-8.707308	18.781412	25.826710	80.081690	10.467181	-8.050337	21.556446	23.602909	64.108792
5.066667	4.493889	1.550724	1.888527	0.864333	0.940858	-0.075392	-3.052404	-4.989843	-23.753518	0.000004	4.734432	2.427694	0.000000	-2.258559	-2.059354	-19.552601	0.000018	3.958879	8.443420	0.000000	-5.482503	0.238789	0.376090	9.592723	-8.947640	18.534042	26.079259	79.997400	10.837068	-8.243960	20.770484	24.094315	63.944218
5.083333	4.549646	1.539618	1.912623	0.864228	0.940725	-0.074890	-3.073356	-4.967704	-23.645627	-0.000001	4.719130	2.272712	0.000000	-2.275919	-2.106216	-19.468062	0.000010	3.957377	8.283432	0.000000	-5.570294	0.216062	0.354912	9.913108	-9.148416	18.303078	26.329599	79.907438	11.113142	-8.406274	20.023688	24.598472	63.793631
5.100000	4.586079	1.530643	1.928936	0.864341	0.940908	-0.074422	-3.091485	-4.943871	-23.526048	-0.000003	4.693991	2.110360	0.000000	-2.290011	-2.150724	-19.381180	0.000004	3.963932	8.108144	0.000000	-5.639753	0.192761	0.338711	10.199158	-9.305984	18.072666	26.586247	79.806519	11.288743	-8.529331	19.263018	25.120690	63.641128
5.116667	4.609527	1.526313	1.942364	0.864673	0.941388	-0.074067	-3.117098	-4.921622	-23.409625	-0.000003	4.658102	1.954931	0.000000	-2.307893	-2.188051	-19.299255	0.000001	3.970225	7.938924	0.000000	-5.694096	0.167995	0.329242	10.440291	-9.421284	17.852573	26.833372	79.703010	11.377529	-8.608130	18.526247	25.622239	63.492234
5.133333	4.622683	1.528606	1.959242	0.865236	0.942037	-0.073884	-3.155957	-4.905295	-23.318332	-0.000002	4.610630	1.830654	0.000000	-2.332575	-2.213754	-19.233289	-0.000001	3.968331	7.802901	0.000000	-5.716448	0.141591	0.329359	10.633580	-9.498846	17.670103	27.039175	79.614035	11.407393	-8.640626	17.916967	26.033598	63.368056
5.150000	4.628983	1.538581	1.984313	0.866010	0.942652	-0.073901	-3.210694	-4.899510	-23.268383	-0.000001	4.548222	1.751520	0.000000	-2.366514	-2.224382	-19.189844	-0.000001	3.951461	7.714960	0.000000	-5.692693	0.114551	0.340991	10.783278	-9.545933	17.542772	27.183441	79.550805	11.401300	-8.625435	17.504642	26.312768	63.283279
5.166667	4.634699	1.556259	2.019494	0.866892	0.943087	-0.074077	-3.281722	-4.907698	-23.263597	-0.000000	4.466141	1.712932	0.000000	-2.412794	-2.218319	-19.167114	-0.000001	3.914715	7.671147	0.000000	-5.625031	0.088807	0.364492	10.896421	-9.569644	17.466773	27.268992	79.512408	11.366287	-8.560644	17.279721	26.469099	63.236088
5.183333	4.646165	1.580149	2.064063	0.867716	0.943310	-0.074303	-3.365666	-4.929660	-23.297709	0.000000	4.364729	1.700506	0.000000	-2.472165	-2.197235	-19.158321	-0.000001	3.857519	7.657943	0.000000	-5.527857	0.066075	0.399115	10.979269	-9.573787	17.427221	27.311638	79.491357	11.300406	-8.447106	17.188537	26.539099	63.215381
5.200000	4.665991	1.606547	2.114348	0.868319	0.943361	-0.074462	-3.454059	-4.959688	-23.357718	0.000000	4.254786	1.699986	0.000000	-2.540163	-2.167106	-19.156226	-0.000001	3.785963	7.661516	0.000000	-5.420487	0.046876	0.443091	11.037560	-9.558215	17.409652	27.329063	79.479970	11.205280	-8.293476	17.174344	26.559892	63.209476
5.216667	4.692007	1.630471	2.163129	0.868650	0.943293	-0.074479	-3.535866	-4.988383	-23.428189	0.000000	4.153639	1.701999	0.000000	-2.608208	-2.136419	-19.155926	-0.000001	3.710342	7.670863	0.000000	-5.322267	0.030910	0.493836	11.076921	-9.520799	17.404101	27.335239	79.472572	11.089169	-8.114920	17.193713	26.557365	63.209446
5.233333	4.719692	1.647987	2.200693	0.868797	0.943136	-0.074340	-3.603373	-5.007395	-23.497076	-0.000000	4.074173	1.703485	0.000000	-2.668656	-2.112423	-19.156285	-0.000000	3.638313	7.677110	0.000000	-5.247401	0.018157	0.549359	11.102216	-9.459731	17.404434	27.338170	79.464766	10.960063	-7.924392	17.217094	26.543402	63.208894
5.250000	4.745467	1.657270	2.217073	0.868928	0.942876	-0.074087	-3.656497	-5.012609	-23.558434	-0.000001	4.019031	1.706893	0.000000	-2.719455	-2.099072	-19.159737	0.000000	3.570307	7.671522	0.000000	-5.200471	0.009674	0.609213	11.116847	-9.374057	17.406502	27.340273	79.451992	10.820127	-7.725358	17.223354	26.518393	63.202539
5.266667	4.768362	1.658253	2.203577	0.869168	0.942492	-0.073795	-3.701918	-5.004596	-23.610815	-0.000001	3.983629	1.718022	0.000000	-2.764665	-2.096928	-19.170572	0.000002	3.500491	7.644463	0.000000	-5.176062	0.008106	0.673329	11.121645	-9.263641	17.407158	27.340030	79.429032	10.667008	-7.512135	17.195326	26.476005	63.185369
5.283333	4.789261	1.652468	2.155272	0.869521	0.942001	-0.073533	-3.747575	-4.987823	-23.653916	-0.000002	3.962370	1.743082	0.000000	-2.810320	-2.103421	-19.192470	0.000004	3.422087	7.586880	0.000000	-5.163427	0.016962	0.740628	11.115618	-9.130240	17.404481	27.334556	79.391270	10.499424	-7.277809	17.120111	26.408588	63.153318
5.300000	4.808239	1.643584	2.075192	0.869888	0.941463	-0.073339	-3.796053	-4.969670	-23.685460	-0.000002	3.954350	1.784502	0.000000	-2.858245	-2.113039	-19.224801	0.000007	3.335282	7.495605	0.000000	-5.153435	0.037504	0.808260	11.098869	-8.979214	17.399316	27.323380	79.338175	10.323362	-7.025411	16.996684	26.313828	63.106078
5.316667	4.822747	1.637579	1.974693	0.870182	0.940942	-0.073227	-3.842204	-4.959233	-23.700203	-0.000001	3.966064	1.837446	0.000000	-2.903678	-2.117902	-19.259504	0.000010	3.252005	7.378295	0.000000	-5.142866	0.065426	0.870892	11.072824	-8.818438	17.397086	27.311130	79.276329	10.152125	-6.770909	16.844158	26.199529	63.049701
5.333333	4.829052	1.640575	1.866940	0.870430	0.940476	-0.073187	-3.877866	-4.964304	-23.692126	0.000002	4.007801	1.892826	0.000000	-2.939864	-2.110487	-19.285185	0.000009	3.189529	7.247773	0.000000	-5.132503	0.092283	0.922365	11.037026	-8.653667	17.406351	27.305289	79.216146	9.997547	-6.532398	16.693020	26.078355	62.993604
5.350000	4.825153	1.655304	1.760713	0.870743	0.940078	-0.073186	-3.899042	-4.987428	-23.658338	0.000007	4.085039	1.944906	0.000000	-2.964055	-2.087640	-19.297016	0.000003	3.157626	7.109997	0.000000	-5.122056	0.111490	0.959217	10.987681	-8.486924	17.433688	27.310408	79.164346	9.863113	-6.319719	16.563120	25.957191	62.943723
5.366667	4.811968	1.679790	1.660871	0.871167	0.939749	-0.073193	-3.908139	-5.024927	-23.603412	0.000016	4.190789	1.992682	0.000000	-2.978039	-2.051873	-19.300066	-0.000015	3.153480	6.964669	0.000000	-5.109718	0.122345	0.982180	10.920963	-8.319721	17.479665	27.325465	79.121950	9.746582	-6.135355	16.457285	25.837356	62.900932
5.383333	4.792524	1.708865	1.572119	0.871630	0.939477	-0.073205	-3.911007	-5.069263	-23.541572	0.000027	4.304046	2.034663	0.000000	-2.984679	-2.009388	-19.303669	-0.000048	3.166204	6.817274	0.000000	-5.096302	0.129201	0.995200	10.838130	-8.155930	17.538459	27.346019	79.088453	9.646034	-5.979872	16.373637	25.724218	62.865171
5.400000	4.770253	1.736854	1.499387	0.872021	0.939273	-0.073229	-3.912667	-5.112493	-23.490516	0.000037	4.399258	2.067611	0.000000	-2.985367	-1.966925	-19.315530	-0.000097	3.183708	6.680957	0.000000	-5.085823	0.137729	1.003222	10.746331	-8.001517	17.600705	27.367417	79.064183	9.562379	-5.854892	16.312628	25.628420	62.837472
5.416667	4.747100	1.760016	1.444340	0.872284	0.939225	-0.073263	-3.913945	-5.149280	-23.460252	0.000035	4.461320	2.090703	0.000000	-2.979557	-1.928919	-19.339119	-0.000152	3.197632	6.565937	0.000000	-5.081958	0.151141	1.010023	10.654092	-7.861007	17.658108	27.386940	79.049015	9.497682	-5.762064	16.273087	25.556966	62.818206
5.433333	4.722471	1.777160	1.404193	0.872428	0.939463	-0.073304	-3.910767	-5.177655	-23.449804	0.000009	4.489866	2.107590	0.000000	-2.965179	-1.896712	-19.373405	-0.000185	3.204145	6.474082	0.000000	-5.086484	0.169439	1.017687	10.567884	-7.734750	17.705899	27.404270	79.041518	9.453786	-5.700858	16.249703	25.508862	62.805992
5.450000	4.693089	1.788645	1.374132	0.872497	0.940056	-0.073359	-3.895680	-5.197812	-23.452803	-0.000061	4.491795	2.124355	0.000000	-2.939096	-1.869625	-19.414455	-0.000144	3.202001	6.402314	0.000000	-5.100372	0.191004	1.027187	10.492962	-7.620192	17.742276	27.420852	79.039781	9.434219	-5.668681	16.235428	25.478949	62.798565
5.466667	4.653400	1.795369	1.349590	0.872522	0.940943	-0.073436	-3.859302	-5.210905	-23.463099	-0.000191	4.474385	2.146659	0.000000	-2.897156	-1.846096	-19.457523	0.000049	3.191394	6.345748	0.000000	-5.124747	0.213590	1.039221	10.436545	-7.515097	17.767695	27.439651	79.042141	9.446693	-5.662254	16.223662	25.462049	62.793641
5.483333	4.597057	1.798101	1.327886	0.872454	0.941943	-0.073539	-3.791185	-5.218251	-23.476623	-0.000379	4.443429	2.177314	0.000000	-2.833779	-1.824431	-19.497701	0.000484	3.174368	6.298508	0.000000	-5.161360	0.234347	1.055150	10.412364	-7.421350	17.785268	27.465538	79.047108	9.504460	-5.678665	16.208606	25.454668	62.789101
5.500000	4.518998	1.797065	1.308578	0.872164	0.942794	-0.073673	-3.681047	-5.220935	-23.490181	-0.000589	4.404321	2.213965	0.000000	-2.741918	-1.803382	-19.528789	0.001221	3.155778	6.253975	0.000000	-5.213450	0.250276	1.076837	10.444427	-7.347895	17.802531	27.505730	79.052778	9.627523	-5.715245	16.184882	25.455888	62.782880
5.516667	4.417283	1.791992	1.292315	0.871525	0.943224	-0.073848	-3.521700	-5.220035	-23.498757	-0.000711	4.364310	2.246546	0.000000	-2.614754	-1.782511	-19.542000	0.002210	3.144321	6.204209	0.000000	-5.286674	0.259524	1.105050	10.567377	-7.311063	17.834592	27.569917	79.055934	9.842932	-5.768267	16.146943	25.468082	62.772767
5.533333	4.293573	1.782448	1.280672	0.870483	0.942964	-0.074082	-3.311712	-5.216888	-23.492936	-0.000543	4.333453	2.254999	0.000000	-2.447599	-1.762056	-19.526555	0.003161	3.152779	6.137624	0.000000	-5.389593	0.262204	1.138452	10.825736	-7.332854	17.907929	27.671275	79.051076	10.185135	-5.833342	16.087825	25.497488	62.756085
5.550000	4.150916	1.768234	1.276179	0.869038	0.941783	-0.074392	-3.053276	-5.213074	-23.457509	0.000220	4.322173	2.209178	0.000000	-2.237148	-1.742181	-19.471782	0.003398	3.194974	6.035319	0.000000	-5.533490	0.259326	1.174262	11.274061	-7.438325	18.063081	27.829356	79.029791	10.697891	-5.908706	15.996902	25.554580	62.729256
5.566667	3.991012	1.749923	1.280318	0.867195	0.939680	-0.074777	-2.747648	-5.210436	-23.373146	0.001924	4.336459	2.073116	0.000000	-1.980042	-1.722151	-19.368991	0.001751	3.278152	5.870959	0.000000	-5.729264	0.251210	1.209134	11.973345	-7.652280	18.350228	28.071405	78.981403	11.432120	-5.997669	15.859094	25.654279	62.687982
5.583333	3.813030	1.729142	1.292102	0.864968	0.937020	-0.075215	-2.393498	-5.210747	-23.224516	0.004794	4.373019	1.816047	0.000000	-1.672630	-1.700321	-19.214561	-0.003382	3.393942	5.619324	0.000000	-5.981454	0.237201	1.239435	12.980209	-7.993823	18.808552	28.427019	78.896331	12.435766	-6.108082	15.658781	25.816694	62.629190
5.600000	3.611568	1.708178	1.310267	0.862414	0.934400	-0.075682	-1.986392	-5.214947	-23.015843	0.008613	4.417414	1.433454	0.000000	-1.309062	-1.674838	-19.016900	-0.013607	3.514516	5.274308	0.000000	-6.282971	0.215910	1.261905	14.333818	-8.466910	19.421795	28.915201	78.773585	13.741910	-6.251218	15.389514	26.068954	62.555294
5.616667	3.375358	1.689165	1.336681	0.859617	0.932318	-0.076173	-1.518799	-5.222977	-22.779443	0.012234	4.446423	0.961070	0.000000	-0.879599	-1.644239	-18.798879	-0.029482	3.598599	4.861287	0.000000	-6.614203	0.185727	1.274495	16.048520	-9.053944	20.084252	29.534099	78.627680	15.362798	-6.440732	15.061833	26.445884	62.477686
5.633333	3.093098	1.673166	1.377032	0.856692	0.930931	-0.076711	-0.986378	-5.234013	-22.553634	0.013009	4.428178	0.443827	0.000000	-0.375750	-1.607910	-18.580880	-0.048668	3.603927	4.415432	0.000000	-6.950265	0.146611	1.275614	18.116188	-9.727616	20.655611	30.270818	78.483064	17.290650	-6.688558	14.693564	26.983664	62.412734
5.650000	2.761344	1.659445	1.439237	0.853811	0.930067	-0.077330	-0.396383	-5.246268	-22.346066	0.006384	4.320664	-0.119486	0.000000	0.202940	-1.566854	-18.357608	-0.063335	3.501075	3.943930	0.000000	-7.269051	0.101794	1.262157	20.512726	-10.472361	21.073729	31.119069	78.358745	19.500183	-6.998930	14.290322	27.705877	62.372321
5.666667	2.380682	1.645229	1.531653	0.851161	0.929440	-0.078032	0.236964	-5.256719	-22.130220	-0.013837	4.083775	-0.777891	0.000000	0.854823	-1.524835	-18.103002	-0.057467	3.289876	3.432725	0.000000	-7.545174	0.057364	1.229233	23.199492	-11.283943	21.383754	32.067832	78.262255	21.950348	-7.366279	13.846815	28.607575	62.359774
5.683333	1.945020	1.625886	1.660856	0.848848	0.928849	-0.078769	0.907119	-5.261238	-21.872602	-0.053778	3.699693	-1.580850	0.000000	1.589537	-1.489222	-17.796704	-0.005691	3.009652	2.886649	0.000000	-7.739752	0.020376	1.172381	26.122354	-12.148475	21.675075	33.069896	78.195692	24.587886	-7.777096	13.367894	29.646138	62.372928
5.700000	1.444011	1.595491	1.829147	0.846866	0.928226	-0.079471	1.617298	-5.255229	-21.545666	-0.115383	3.173746	-2.562257	0.000000	2.425210	-1.470500	-17.431425	0.123454	2.722606	2.326963	0.000000	-7.812864	-0.002510	1.090208	29.218427	-13.033375	22.039591	34.038920	78.159401	27.353075	-8.212532	12.877980	30.752630	62.407913
5.716667	0.876670	1.548163	2.032227	0.845160	0.927577	-0.080088	2.369525	-5.235354	-21.127918	-0.189201	2.525772	-3.745208	0.000000	3.370069	-1.479959	-17.003134	0.359891	2.481984	1.753990	0.000000	-7.750527	-0.005812	0.988395	32.428007	-13.894617	22.562214	34.874506	78.148478	30.187936	-8.649377	12.416065	31.853890	62.460053
5.733333	0.254300	1.480028	2.257008	0.843621	0.926910	-0.080593	3.166430	-5.202634	-20.616611	-0.244356	1.799653	-5.111980	0.000000	4.417769	-1.526492	-16.512636	0.728332	2.318256	1.143576	0.000000	-7.572150	0.013335	0.885445	35.701128	-14.682672	23.289023	35.478738	78.149271	33.046643	-9.058081	12.034679	32.879740	62.521953
5.750000	-0.411993	1.389734	2.482173	0.842023	0.926167	-0.080966	4.032835	-5.164040	-20.030390	-0.218247	1.068615	-6.593294	0.000000	5.567911	-1.615518	-15.966599	1.255434	2.242467	0.461685	0.000000	-7.315010	0.054795	0.813477	38.997597	-15.351095	24.202255	35.773610	78.141684	35.901351	-9.402272	11.793348	33.768186	62.582107
5.766667	-1.123840	1.276035	2.683243	0.840004	0.925226	-0.081178	5.035252	-5.129531	-19.386344	-0.012345	0.417964	-8.117378	0.000000	6.851381	-1.751611	-15.365166	1.981973	2.252764	-0.342534	0.000000	-7.018374	0.118172	0.810678	42.287033	-15.872630	25.235843	35.731736	78.105579	38.742554	-9.643990	11.736671	34.483911	62.626769
5.783333	-1.897223	1.135523	2.839762	0.837129	0.923927	-0.081201	6.278470	-5.107098	-18.678420	0.496404	-0.078967	-9.660291	0.000000	8.338765	-1.940729	-14.692972	2.969186	2.342271	-1.341233	0.000000	-6.717906	0.206050	0.908619	45.554661	-16.247052	26.306280	35.385843	78.026869	41.580747	-9.752375	11.878846	35.025738	62.644412
5.800000	-2.755198	0.963716	2.941176	0.833000	0.922083	-0.081060	7.880373	-5.100525	-17.873055	1.429125	-0.387359	-11.263918	0.000000	10.127731	-2.187708	-13.920490	4.293870	2.503687	-2.612746	0.000000	-6.445653	0.324378	1.119381	48.809411	-16.495143	27.344686	34.804533	77.900998	44.447687	-9.710787	12.206819	35.411961	62.630741
5.816667	-3.718544	0.758994	2.987307	0.827393	0.919516	-0.080843	9.944712	-5.112141	-16.924375	2.884508	-0.526467	-13.019520	0.000000	12.317373	-2.490732	-13.016474	6.034382	2.728078	-4.218455	0.000000	-6.229890	0.478823	1.432325	52.082801	-16.648839	28.318175	34.062345	77.732342	47.390796	-9.518295	12.690615	35.660841	62.591145
5.833333	-4.797000	0.527209	2.983070	0.820367	0.916116	-0.080638	12.543081	-5.148798	-15.802815	4.936495	-0.556708	-15.022956	0.000000	14.977878	-2.837365	-11.970019	8.253307	3.003445	-6.179020	0.000000	-6.094387	0.667971	1.823142	55.416327	-16.742021	29.228242	33.220509	77.529525	50.460330	-9.188117	13.295205	35.777698	62.539155
5.850000	-5.980405	0.283953	2.934516	0.812309	0.911812	-0.080479	15.697786	-5.225423	-14.517559	7.633352	-0.548100	-17.327054	0.000000	18.122384	-3.205227	-10.806034	10.981846	3.322715	-8.453876	0.000000	-6.058587	0.877839	2.263068	58.844292	-16.801743	30.096875	32.319893	77.298664	53.694116	-8.746478	13.995211	35.752264	62.492731
5.866667	-7.234079	0.052581	2.849972	0.803856	0.906446	-0.080346	19.367434	-5.363030	-13.120158	10.987299	-0.545037	-19.906947	0.000000	21.695100	-3.567390	-9.583300	14.213606	3.700185	-10.933923	0.000000	-6.137141	1.082201	2.721337	62.379106	-16.842001	30.951392	31.385921	77.036371	57.107855	-8.229657	14.789120	35.563752	62.469752
5.883333	-8.506668	-0.141098	2.741533	0.795644	0.899740	-0.080207	23.453975	-5.583307	-11.689657	14.965833	-0.540760	-22.650566	0.000000	25.589699	-3.899740	-8.378685	17.912867	4.179255	-13.459958	0.000000	-6.334660	1.248882	3.167048	66.007966	-16.863293	31.818367	30.436148	76.722990	60.698276	-7.677776	15.710723	35.183101	62.482741
5.900000	-9.750742	-0.275426	2.623497	0.788071	0.891390	-0.080043	27.834614	-5.902369	-10.308435	19.491830	-0.478018	-25.385434	0.000000	29.690345	-4.186871	-7.266291	22.026909	4.818462	-15.863411	0.000000	-6.634600	1.348721	3.573941	69.703716	-16.857652	32.737406	29.478507	76.315243	64.456919	-7.128682	16.840370	34.565907	62.532965
5.916667	-10.935783	-0.339263	2.509660	0.781255	0.881237	-0.079831	32.386611	-6.323848	-9.043958	24.445908	-0.268596	-27.920724	0.000000	33.899099	-4.425768	-6.300056	26.487688	5.666813	-18.002918	0.000000	-7.001424	1.364244	3.921435	73.438601	-16.813487	33.777660	28.512260	75.741635	68.378960	-6.618481	18.302562	33.655060	62.604069
5.933333	-12.034379	-0.336083	2.411161	0.775146	0.869440	-0.079536	36.976097	-6.832964	-7.945100	29.667098	0.195109	-30.065490	0.000000	38.122904	-4.627541	-5.504828	31.204006	6.751234	-19.774234	0.000000	-7.414737	1.296753	4.189389	77.186165	-16.717519	35.013362	27.558215	74.913858	72.448862	-6.188269	20.215916	32.429030	62.656783
5.950000	-13.012461	-0.281757	2.332241	0.769642	0.856461	-0.079126	41.452560	-7.396887	-7.042001	34.964487	1.021679	-31.637624	0.000000	42.258862	-4.814302	-4.878047	36.056639	8.068433	-21.112699	0.000000	-7.889579	1.166090	4.357187	80.906465	-16.554908	36.455127	26.694571	73.764011	76.604987	-5.884984	22.596936	30.975057	62.630315
5.966667	-13.851979	-0.195887	2.263851	0.764616	0.842847	-0.078606	45.689621	-7.972343	-6.338247	40.148259	2.268156	-32.509744	0.000000	46.218285	-5.010737	-4.399379	40.905943	9.567775	-22.012371	0.000000	-8.444110	0.999459	4.414500	84.534110	-16.308269	38.009662	26.036693	72.287015	80.725007	-5.747583	25.301776	29.493988	62.457342
5.983333	-14.566315	-0.093815	2.183962	0.759902	0.829047	-0.078002	49.619515	-8.515079	-5.806573	45.061207	3.889038	-32.673558	0.000000	49.950557	-5.235399	-4.040269	45.611315	11.152103	-22.535421	0.000000	-9.073162	0.818559	4.372994	87.996698	-15.961242	39.526907	25.667422	70.554050	84.670167	-5.785297	28.084375	28.199061	62.092743
6.000000	-15.186753	0.016674	2.069150	0.755317	0.815376	-0.077347	53.226717	-8.989640	-5.397964	49.594515	5.735643	-32.260331	0.000000	53.437067	-5.493917	-3.769331	50.052313	12.712451	-22.783051	0.000000	-9.761619	0.633697	4.263483	91.246914	-15.507993	40.875842	25.593922	68.707355	88.347939	-5.964100	30.696904	27.206972	61.544834
6.016667	-15.748326	0.135184	1.908088	0.750698	0.802000	-0.076686	56.535692	-9.379944	-5.058490	53.696919	7.621104	-31.478175	0.000000	56.682369	-5.775795	-3.556569	54.146421	14.173007	-22.844970	0.000000	-10.497991	0.445042	4.120140	94.275198	-14.958471	41.976292	25.757087	66.936560	91.736172	-6.212743	32.949293	26.508670	60.879154
6.033333	-16.279683	0.264458	1.706775	0.745942	0.788901	-0.076082	59.598810	-9.693663	-4.746350	57.379774	9.419193	-30.498905	0.000000	59.710232	-6.059564	-3.377073	57.864375	15.512912	-22.768968	0.000000	-11.278933	0.249877	3.965578	97.109791	-14.335817	42.821678	26.057324	65.389518	94.879925	-6.449126	34.786812	25.991960	60.168892
6.050000	-16.791709	0.404567	1.484402	0.741058	0.775917	-0.075581	62.472897	-9.953958	-4.439714	60.705237	11.109315	-29.401599	0.000000	62.552804	-6.324034	-3.211441	61.232749	16.749005	-22.572930	0.000000	-12.113743	0.050351	3.805819	99.808632	-13.670672	43.494509	26.385825	64.080846	97.869935	-6.613435	36.341661	25.493705	59.434621
6.066667	-17.281799	0.552077	1.262935	0.736165	0.762855	-0.075180	65.207064	-10.182726	-4.129296	63.758269	12.726049	-28.219950	0.000000	65.243396	-6.557931	-3.046538	64.315470	17.904904	-22.273876	0.000000	-13.011603	-0.145427	3.636814	102.428997	-12.990858	44.108031	26.665200	62.929824	100.785392	-6.687317	37.815547	24.891127	58.650095
6.083333	-17.752345	0.703458	1.056279	0.731412	0.749608	-0.074825	67.848850	-10.386329	-3.806591	66.615777	14.279541	-27.013134	0.000000	67.818181	-6.763981	-2.879161	67.183497	18.994228	-21.903186	0.000000	-13.958670	-0.328071	3.455392	104.994358	-12.308802	44.715986	26.873429	61.878301	103.637790	-6.691350	39.290653	24.176932	57.798018
6.100000	-18.214711	0.856952	0.867196	0.726880	0.736224	-0.074450	70.439625	-10.554189	-3.462114	69.324874	15.730562	-25.873807	0.000000	70.308551	-6.955107	-2.715922	69.887742	20.014471	-21.508702	0.000000	-14.922222	-0.492502	3.262889	107.495161	-11.619537	45.305252	27.025642	60.929610	106.380442	-6.665459	40.707754	23.434815	56.890773
6.116667	-18.675935	1.011292	0.693156	0.722565	0.722881	-0.074024	72.997054	-10.670096	-3.091019	71.899255	17.021136	-24.887660	0.000000	72.726828	-7.144625	-2.566357	72.449214	20.946508	-21.147813	0.000000	-15.877309	-0.640170	3.061124	109.914867	-10.913332	45.858993	27.135621	60.099448	108.965499	-6.642866	41.991972	22.745884	55.947755
6.133333	-19.133359	1.162540	0.535922	0.718438	0.709771	-0.073549	75.512247	-10.726657	-2.697194	74.333430	18.105337	-24.107346	0.000000	75.068239	-7.337424	-2.434246	74.869338	21.765364	-20.867177	0.000000	-16.816385	-0.775529	2.851931	112.243029	-10.194742	46.377216	27.204261	59.388782	111.370624	-6.629576	43.103878	22.144245	54.991330
6.150000	-19.581644	1.302362	0.409601	0.714537	0.696978	-0.073044	77.964529	-10.735202	-2.291974	76.624415	18.963127	-23.552343	0.000000	77.326143	-7.525520	-2.313194	77.147897	22.460551	-20.679863	0.000000	-17.737665	-0.900038	2.645624	114.474089	-9.493123	46.846733	27.229533	58.801388	113.583905	-6.596142	43.988435	21.636014	54.063497
6.166667	-20.018809	1.420421	0.339716	0.710969	0.684452	-0.072531	80.337213	-10.724330	-1.886829	78.786575	19.611429	-23.208916	0.000000	79.504379	-7.690039	-2.189876	79.296197	23.048844	-20.559962	0.000000	-18.637144	-1.009781	2.467047	116.619622	-8.848319	47.251142	27.189661	58.343621	115.600955	-6.487086	44.576684	21.203708	53.203721
6.183333	-20.447553	1.508721	0.351628	0.707778	0.672064	-0.072027	82.627041	-10.726903	-1.486802	80.851136	20.105719	-23.028106	0.000000	81.622115	-7.809930	-2.051867	81.339027	23.566345	-20.456911	0.000000	-19.511660	-1.098103	2.347349	118.725916	-8.282335	47.620425	27.013483	57.999405	117.445917	-6.246096	44.857825	20.790748	52.399679
6.200000	-20.873831	1.564864	0.457734	0.704917	0.659708	-0.071561	84.844614	-10.767833	-1.091126	82.855434	20.516187	-22.944662	0.000000	83.707948	-7.870808	-1.893399	83.305506	24.043827	-20.324667	0.000000	-20.362059	-1.159061	2.310675	120.860211	-7.789419	48.029536	26.605644	57.730031	119.171627	-5.843843	44.903746	20.328793	51.598418
6.216667	-21.302921	1.592546	0.651370	0.702414	0.647374	-0.071202	87.003005	-10.860728	-0.698460	84.830800	20.893695	-22.909889	0.000000	85.783159	-7.870638	-1.716993	85.219498	24.484778	-20.151065	0.000000	-21.189425	-1.189136	2.368660	123.066039	-7.350672	48.540503	25.916802	57.502799	120.824544	-5.292832	44.821188	19.798733	50.773740
6.233333	-21.734964	1.598581	0.908386	0.700409	0.635141	-0.071018	89.102115	-11.009008	-0.312426	86.792194	21.258162	-22.902012	0.000000	87.847928	-7.822933	-1.531239	87.096865	24.867216	-19.959618	0.000000	-21.989273	-1.188962	2.518494	125.326693	-6.954695	49.166732	24.987922	57.306305	122.414486	-4.640024	44.698120	19.247298	49.952355
6.250000	-22.163584	1.588306	1.194636	0.698911	0.623108	-0.070983	91.127446	-11.206188	0.055728	88.734705	21.610723	-22.911854	0.000000	89.885931	-7.754005	-1.343671	88.945472	25.165922	-19.783745	0.000000	-22.752858	-1.164880	2.739555	127.569748	-6.608873	49.887750	23.940999	57.141467	123.921979	-3.945002	44.577352	18.746298	49.177981
6.266667	-22.579098	1.562299	1.477321	0.697691	0.611308	-0.070976	93.067562	-11.437387	0.389682	90.641932	21.951202	-22.926172	0.000000	91.881943	-7.693518	-1.153462	90.764900	25.374001	-19.636702	0.000000	-23.475403	-1.126419	2.996347	129.717675	-6.330584	50.700780	22.908810	57.007435	125.332933	-3.255403	44.461230	18.335016	48.464508
6.283333	-22.973743	1.516382	1.736404	0.696474	0.599727	-0.070871	94.928282	-11.685569	0.674560	92.497285	22.287285	-22.922114	0.000000	93.831725	-7.663524	-0.952100	92.546762	25.509194	-19.495289	0.000000	-24.161993	-1.080393	3.251759	131.743107	-6.129947	51.667584	21.948132	56.892559	126.663901	-2.589461	44.339090	17.983859	47.773952
6.300000	-23.344502	1.445275	1.968911	0.695130	0.588366	-0.070621	96.727071	-11.938912	0.903865	94.287318	22.625903	-22.881004	0.000000	95.736732	-7.671799	-0.731426	94.276583	25.603179	-19.310901	0.000000	-24.825154	-1.029062	3.478378	133.667701	-6.011672	52.874781	21.045930	56.773599	127.954038	-1.943864	44.215187	17.623006	47.046353
6.316667	-23.691330	1.346286	2.183222	0.693685	0.577254	-0.070270	98.476803	-12.193176	1.082763	96.000896	22.959298	-22.807187	0.000000	97.595272	-7.712784	-0.489648	95.939394	25.685786	-19.037773	0.000000	-25.477341	-0.972685	3.658691	135.513643	-5.986929	54.337132	20.200639	56.622124	129.239365	-1.318837	44.122992	17.205565	46.257335
6.333333	-24.012473	1.218975	2.389369	0.692233	0.566412	-0.069909	100.175236	-12.448724	1.224779	97.631437	23.270760	-22.721536	0.000000	99.400076	-7.773706	-0.229616	97.527662	25.777727	-18.650181	0.000000	-26.126553	-0.908325	3.782070	137.278406	-6.063236	55.990651	19.439269	56.410911	130.540503	-0.724771	44.124230	16.712148	45.424459
6.350000	-24.302241	1.062801	2.592069	0.690854	0.555863	-0.069638	101.806798	-12.704978	1.344636	99.178602	23.552655	-22.638082	0.000000	101.140712	-7.839836	0.046836	99.042558	25.889147	-18.147555	0.000000	-26.775769	-0.826097	3.841759	138.943346	-6.219138	57.746748	18.768667	56.121003	131.864070	-0.174158	44.297523	16.117642	44.573811
6.366667	-24.553700	0.877587	2.788298	0.689554	0.545638	-0.069519	103.354554	-12.955459	1.453561	100.646062	23.808642	-22.560819	0.000000	102.807510	-7.896471	0.342918	100.486817	26.017216	-17.559748	0.000000	-27.421996	-0.712443	3.828256	140.476138	-6.397792	59.481054	18.168686	55.747089	133.202071	0.316188	44.737180	15.398480	43.731569
6.383333	-24.760384	0.666324	2.969061	0.688283	0.535731	-0.069547	104.812473	-13.187407	1.559055	102.041640	24.038092	-22.502591	0.000000	104.395814	-7.929580	0.667827	101.862670	26.147417	-16.943463	0.000000	-28.059096	-0.559545	3.729212	141.839821	-6.531358	61.062603	17.620716	55.280731	134.538259	0.731297	45.586905	14.535004	42.893663
6.400000	-24.915071	0.435204	3.125661	0.687019	0.526101	-0.069662	106.185158	-13.386522	1.666474	103.378855	24.222976	-22.498128	0.000000	105.906865	-7.926814	1.033563	103.177247	26.258839	-16.362869	0.000000	-28.683749	-0.369241	3.538847	143.019277	-6.575014	62.475977	17.111242	54.678028	135.862616	1.079799	47.072861	13.475573	41.950814
6.416667	-25.010932	0.189875	3.258695	0.685819	0.516760	-0.069796	107.476172	-13.544361	1.779775	104.671678	24.331084	-22.592672	0.000000	107.343000	-7.878415	1.447050	104.441391	26.329302	-15.863793	0.000000	-29.294577	-0.146389	3.262401	144.025065	-6.519605	63.830970	16.623090	53.856770	137.168902	1.393624	49.444923	12.145024	40.675138
6.433333	-25.045760	-0.067346	3.382480	0.684779	0.507791	-0.069892	108.682071	-13.664331	1.900898	105.927403	24.333415	-22.813813	0.000000	108.703483	-7.778697	1.902835	105.661365	26.340741	-15.458910	0.000000	-29.883750	0.109685	2.912785	144.866925	-6.378581	65.194737	16.142826	52.751066	138.427858	1.693869	52.765337	10.543389	38.826001
6.450000	-25.023197	-0.336956	3.519165	0.683956	0.499283	-0.069912	109.796288	-13.761810	2.027923	107.145233	24.224506	-23.148398	0.000000	109.985048	-7.628681	2.383094	106.834360	26.275890	-15.141613	0.000000	-30.433571	0.406601	2.504439	145.533369	-6.171376	66.445219	15.679559	51.387739	139.568150	1.956048	56.696084	8.844577	36.299692
6.466667	-24.946345	-0.620579	3.686449	0.683357	0.491351	-0.069856	110.805260	-13.858399	2.151763	108.314636	24.034245	-23.537818	0.000000	111.176570	-7.438161	2.864197	107.947197	26.110169	-14.912123	0.000000	-30.927820	0.752122	2.046277	146.001673	-5.918117	67.353918	15.263024	49.891255	140.506833	2.122152	60.636713	7.326151	33.186229
6.483333	-24.815034	-0.917565	3.886829	0.683011	0.484220	-0.069764	111.679797	-13.972469	2.254882	109.410859	23.822357	-23.901421	0.000000	112.249469	-7.228293	3.322569	108.974951	25.831054	-14.771460	0.000000	-31.361107	1.141053	1.544603	146.263003	-5.647636	67.815441	14.922113	48.421729	141.202011	2.155156	64.104545	6.174861	29.752789
6.500000	-24.636727	-1.219128	4.104351	0.682994	0.478152	-0.069683	112.386620	-14.110965	2.317762	110.397595	23.655580	-24.174853	0.000000	113.164520	-7.032155	3.735236	109.885142	25.474916	-14.691320	0.000000	-31.729896	1.545921	1.017887	146.334463	-5.404853	67.928309	14.682163	47.147214	141.662392	2.067409	66.846376	5.417661	26.454119
6.516667	-24.435205	-1.506050	4.312123	0.683313	0.473295	-0.069649	112.914435	-14.269528	2.330593	111.240256	23.578371	-24.329019	0.000000	113.893419	-6.884881	4.078910	110.648938	25.121356	-14.619037	0.000000	-32.023318	1.925145	0.501596	146.257552	-5.231686	67.877382	14.562368	46.213857	141.925708	1.899913	68.748341	4.993419	23.800875
6.533333	-24.243900	-1.754818	4.486125	0.683835	0.469642	-0.069680	113.283376	-14.438208	2.299275	111.918437	23.596279	-24.367319	0.000000	114.432650	-6.808008	4.333726	111.250860	24.842536	-14.516244	0.000000	-32.227629	2.241956	0.035354	146.089616	-5.136686	67.804621	14.551039	45.668451	142.044356	1.695570	69.853570	4.811419	22.060201
6.550000	-24.092924	-1.947777	4.615729	0.684351	0.467113	-0.069754	113.529895	-14.605036	2.240167	112.426767	23.684814	-24.315418	0.000000	114.801173	-6.800915	4.490942	111.689831	24.666471	-14.375342	0.000000	-32.334105	2.476322	-0.351111	145.888365	-5.095926	67.770901	14.600455	45.441513	142.074164	1.489675	70.359485	4.777462	21.154988
6.566667	-23.999287	-2.079951	4.706231	0.684657	0.465626	-0.069814	113.685317	-14.757423	2.170264	112.767582	23.809263	-24.207286	0.000000	115.027699	-6.841418	4.557970	111.972126	24.578940	-14.206756	0.000000	-32.342451	2.627946	-0.644206	145.695622	-5.078573	67.784271	14.655045	45.416031	142.059989	1.307505	70.508652	4.815136	20.831296
6.583333	-23.960641	-2.158340	4.773506	0.684640	0.465134	-0.069827	113.761268	-14.883454	2.101564	112.945406	23.932539	-24.078558	0.000000	115.132838	-6.893656	4.555401	112.103063	24.543800	-14.030939	0.000000	-32.261552	2.713651	-0.840768	145.529799	-5.066121	67.835759	14.676946	45.488823	142.022563	1.165906	70.500430	4.874095	20.829015
6.600000	-23.954765	-2.194581	4.833264	0.684348	0.465678	-0.069817	113.742926	-14.972261	2.041052	112.964082	24.011162	-23.970975	0.000000	115.112944	-6.921764	4.507284	112.083491	24.520939	-13.883137	0.000000	-32.108679	2.757365	-0.931083	145.391168	-5.059839	67.916451	14.650974	45.590787	141.952000	1.082466	70.463420	4.926418	20.954773
6.616667	-23.949515	-2.196758	4.891793	0.683947	0.467399	-0.069837	113.593552	-15.013645	1.992294	112.822218	23.996618	-23.931639	0.000000	114.938303	-6.902167	4.431601	111.909810	24.476760	-13.808482	0.000000	-31.902930	2.776579	-0.890936	145.268623	-5.078517	68.025531	14.577576	45.685781	141.812018	1.081350	70.463632	4.959127	21.092967
6.633333	-23.918810	-2.165496	4.943122	0.683540	0.470450	-0.069903	113.272799	-14.996527	1.955754	112.509849	23.849475	-23.999970	0.000000	114.570635	-6.828738	4.336699	111.574571	24.391896	-13.841635	0.000000	-31.655898	2.773010	-0.694873	145.141798	-5.148484	68.175180	14.467378	45.762314	141.556688	1.185771	70.527687	4.967150	21.186191
6.650000	-23.853484	-2.095174	4.971087	0.683126	0.474895	-0.069990	112.756701	-14.907614	1.928802	112.012024	23.555077	-24.193616	0.000000	113.985637	-6.712161	4.223191	111.069825	24.266099	-13.993250	0.000000	-31.368694	2.732445	-0.337038	144.986602	-5.293307	68.385202	14.345137	45.822744	141.154839	1.403428	70.658855	4.948907	21.210097
6.666667	-23.760943	-1.978411	4.956593	0.682802	0.480743	-0.070061	112.041643	-14.737031	1.906368	111.317644	23.130791	-24.499396	0.000000	113.179641	-6.575015	4.086344	110.392143	24.113653	-14.253458	0.000000	-31.033902	2.634512	0.154276	144.776573	-5.527467	68.667770	14.258419	45.873238	140.600263	1.715549	70.841881	4.907663	21.154896
6.683333	-23.656944	-1.810451	4.888918	0.682865	0.488011	-0.070076	111.133285	-14.489461	1.881129	110.425797	22.622564	-24.873637	0.000000	112.158235	-6.443136	3.916567	109.542345	23.951599	-14.605641	0.000000	-30.636131	2.463955	0.718555	144.472173	-5.858350	69.012085	14.278321	45.918499	139.895726	2.079816	71.045834	4.860570	21.014228
6.700000	-23.558991	-1.591258	4.771527	0.683638	0.496711	-0.069972	110.039461	-14.187769	1.842619	109.344687	22.088511	-25.260685	0.000000	110.927607	-6.337595	3.700937	108.521034	23.789703	-15.043432	0.000000	-30.151740	2.213110	1.287816	144.017009	-6.298699	69.374371	14.485318	45.962606	139.034272	2.449507	71.227299	4.849320	20.779076
6.716667	-23.482828	-1.326370	4.618810	0.685221	0.506765	-0.069701	108.772428	-13.865644	1.777673	108.085973	21.578944	-25.611742	0.000000	109.497803	-6.269839	3.427177	107.326388	23.625976	-15.574347	0.000000	-29.553222	1.881027	1.812513	143.350351	-6.869502	69.669184	14.944156	46.013437	137.999415	2.786554	71.329334	4.941935	20.440655
6.733333	-23.436248	-1.026802	4.450432	0.687393	0.517989	-0.069265	107.349773	-13.557418	1.674818	106.659621	21.127873	-25.881972	0.000000	107.886070	-6.237998	3.087585	105.953281	23.448733	-16.203084	0.000000	-28.821016	1.478213	2.263126	142.422289	-7.579387	69.761881	15.681735	46.088032	136.778157	3.051977	71.274810	5.223373	20.004451
6.750000	-23.413168	-0.706935	4.285085	0.689673	0.530136	-0.068732	105.791875	-13.288148	1.530190	105.070637	20.750046	-26.029728	0.000000	106.115907	-6.226419	2.682507	104.392825	23.241235	-16.918014	0.000000	-27.957476	1.029714	2.619652	141.209218	-8.405136	69.483370	16.681470	46.219930	135.377249	3.196646	70.963677	5.777049	19.504015
6.766667	-23.394696	-0.381376	4.133603	0.691594	0.542965	-0.068197	104.118118	-13.065616	1.350385	103.319913	20.437447	-26.036667	0.000000	104.213536	-6.212173	2.223467	102.636474	22.984358	-17.695215	0.000000	-26.991116	0.570308	2.867628	139.726518	-9.290442	68.679879	17.887446	46.465186	133.831653	3.169437	70.286046	6.661263	19.005364
6.783333	-23.358108	-0.061800	3.996652	0.692979	0.556324	-0.067733	102.342143	-12.878922	1.151697	101.410340	20.163423	-25.924521	0.000000	102.201260	-6.174973	1.732106	100.682073	22.659363	-18.508599	0.000000	-25.962515	0.135130	2.999478	138.025231	-10.153651	67.286152	19.203666	46.895387	132.191209	2.930931	69.157676	7.890278	18.601168
6.800000	-23.286765	0.245260	3.867580	0.693958	0.570146	-0.067342	100.471029	-12.703240	0.956660	99.352599	19.891006	-25.750308	0.000000	100.093015	-6.103951	1.234765	98.537275	22.253119	-19.335603	0.000000	-24.905108	-0.251231	3.021112	136.182742	-10.905238	65.393935	20.496030	47.569053	130.500221	2.469523	67.575062	9.419876	18.391054
6.816667	-23.172415	0.536188	3.735309	0.694774	0.584382	-0.066989	98.508020	-12.506800	0.786696	97.164755	19.580784	-25.583025	0.000000	97.896103	-5.999585	0.758877	96.222247	21.764235	-20.155591	0.000000	-23.841616	-0.580440	2.959966	134.298964	-11.485907	63.268462	21.628503	48.479977	128.800116	1.820254	65.674596	11.127629	18.440747
6.833333	-23.014376	0.805549	3.586841	0.695742	0.598985	-0.066686	96.453399	-12.260390	0.654253	94.865694	19.201196	-25.477650	0.000000	95.615095	-5.871833	0.330081	93.768964	21.210209	-20.939929	0.000000	-22.788114	-0.856019	2.856357	132.480036	-11.900656	61.279653	22.524805	49.516813	127.144075	1.062148	63.747725	12.811697	18.742187
6.850000	-22.820805	1.047397	3.413131	0.697253	0.613908	-0.066490	94.305973	-11.949770	0.562830	92.470164	18.734326	-25.469123	0.000000	93.254038	-5.734452	-0.036629	91.213399	20.627639	-21.646568	0.000000	-21.749581	-1.086127	2.733987	130.794207	-12.200309	59.727753	23.198904	50.515629	125.582287	0.267811	62.116074	14.280285	19.240054
6.866667	-22.604599	1.260323	3.215823	0.699644	0.629061	-0.066415	92.065989	-11.582383	0.512300	89.992784	18.173467	-25.584919	0.000000	90.817404	-5.598465	-0.343897	88.588163	20.047637	-22.243559	0.000000	-20.714245	-1.281018	2.583286	129.226341	-12.435630	58.652776	23.742550	51.393782	124.118203	-0.553102	60.907232	15.498332	19.925629
6.883333	-22.375583	1.446225	3.007729	0.703066	0.644303	-0.066372	89.736027	-11.180860	0.498327	87.454747	17.526079	-25.846987	0.000000	88.314524	-5.470485	-0.605803	85.921784	19.470038	-22.736142	0.000000	-19.654680	-1.453014	2.383937	127.679094	-12.645985	57.828115	24.283812	52.218568	122.683582	-1.438617	59.962923	16.612158	20.893682
6.900000	-22.139481	1.606235	2.806812	0.707424	0.659488	-0.066222	87.323177	-10.770801	0.508092	84.880169	16.820609	-26.253377	0.000000	85.765755	-5.354849	-0.838081	83.236665	18.876953	-23.148821	0.000000	-18.533687	-1.615546	2.136603	126.022709	-12.870153	56.933796	24.927822	53.151763	121.158617	-2.410177	58.952498	17.822499	22.303188
6.916667	-21.897816	1.742171	2.629050	0.712393	0.674555	-0.065884	84.839916	-10.373968	0.522646	82.283395	16.094177	-26.766934	0.000000	83.194909	-5.253752	-1.057103	80.539145	18.262274	-23.486122	0.000000	-17.319904	-1.780242	1.865559	124.152402	-13.143425	55.738058	25.719862	54.345759	119.421391	-3.444831	57.560931	19.256688	24.277243
6.933333	-21.643055	1.858937	2.483960	0.717576	0.689540	-0.065374	82.297860	-10.007596	0.523821	79.662522	15.373710	-27.322281	0.000000	80.610350	-5.166113	-1.280637	77.814400	17.643225	-23.716401	0.000000	-16.005291	-1.951593	1.603560	122.023768	-13.487324	54.219893	26.641117	55.841358	117.395295	-4.492023	55.672276	20.914107	26.780610
6.950000	-21.359440	1.961577	2.373449	0.722699	0.704496	-0.064776	79.703483	-9.683733	0.497963	77.006144	14.674042	-27.844717	0.000000	78.001635	-5.088570	-1.522322	75.039310	17.054397	-23.788564	0.000000	-14.605442	-2.124318	1.383645	119.652976	-13.908437	52.572671	27.623623	57.518305	115.066124	-5.499302	53.453119	22.696241	29.566782
6.966667	-21.029918	2.052986	2.293264	0.727614	0.719396	-0.064178	77.063022	-9.407336	0.438732	74.306065	13.992256	-28.286275	0.000000	75.354524	-5.015283	-1.786137	72.200928	16.523659	-23.675873	0.000000	-13.152568	-2.289675	1.233471	117.093416	-14.400827	51.048882	28.580567	59.171267	112.472357	-6.427193	51.217753	24.487815	32.301754
6.983333	-20.640321	2.136841	2.235937	0.732223	0.734105	-0.063653	74.389064	-9.177241	0.351029	71.566448	13.301102	-28.647745	0.000000	72.663592	-4.935344	-2.066987	69.302460	16.044804	-23.408767	0.000000	-11.694228	-2.444624	1.168887	114.423650	-14.944770	49.816305	29.419601	60.632570	109.699573	-7.238457	49.230325	26.174815	34.730040
7.000000	-20.183136	2.217715	2.193402	0.736512	0.748462	-0.063249	71.699604	-8.988314	0.247784	68.800818	12.567242	-28.957380	0.000000	69.936237	-4.835032	-2.352526	66.359244	15.570921	-23.066408	0.000000	-10.283819	-2.591399	1.195090	111.741047	-15.516576	48.965520	30.050456	61.805885	106.871987	-7.888503	47.674223	27.623744	36.700808
7.016667	-19.663319	2.293124	2.159452	0.740620	0.762392	-0.062997	69.006278	-8.830084	0.136223	66.012750	11.767008	-29.245940	0.000000	67.190227	-4.705900	-2.621297	63.390249	15.026994	-22.745635	0.000000	-8.957564	-2.725271	1.310796	109.123431	-16.107517	48.538710	30.432909	62.653737	104.098009	-8.350261	46.665637	28.747213	38.154345
7.033333	-19.097646	2.347949	2.132058	0.744792	0.775994	-0.062907	66.297900	-8.685685	0.006588	63.174000	10.878442	-29.541019	0.000000	64.440687	-4.549408	-2.843736	60.402777	14.330772	-22.528575	0.000000	-7.719653	-2.824879	1.508231	106.579657	-16.723579	48.493862	30.615312	63.202925	101.397845	-8.639680	46.182664	29.585855	39.151657
7.050000	-18.501046	2.362986	2.111332	0.749248	0.789488	-0.062959	63.533940	-8.535947	-0.162724	60.226576	9.877087	-29.859940	0.000000	61.680332	-4.374375	-2.993615	57.380689	13.421279	-22.453762	0.000000	-6.555450	-2.861781	1.769035	104.044222	-17.362909	48.700705	30.706748	63.527323	98.696177	-8.809586	46.048199	30.285182	39.853827
7.066667	-17.871605	2.328430	2.094138	0.754099	0.803039	-0.063111	60.658138	-8.365534	-0.391803	57.113959	8.748705	-30.201360	0.000000	58.873771	-4.192992	-3.060233	54.293707	12.291329	-22.501916	0.000000	-5.459168	-2.818358	2.059958	101.418685	-17.994518	48.989920	30.821676	63.706145	95.880364	-8.929829	46.011985	31.015210	40.447274
7.083333	-17.192233	2.245212	2.073486	0.759373	0.816631	-0.063328	57.624411	-8.165912	-0.695432	53.811411	7.505862	-30.542756	0.000000	55.978269	-4.019828	-3.048813	51.122116	10.999342	-22.609547	0.000000	-4.445253	-2.690868	2.336560	98.623778	-18.557155	49.196998	31.038512	63.797365	92.860143	-9.068928	45.842178	31.912130	41.085683
7.100000	-16.446099	2.117654	2.043077	0.765077	0.830079	-0.063600	54.415924	-7.934384	-1.086999	50.330718	6.195251	-30.839146	0.000000	52.970463	-3.872186	-2.975849	47.871310	9.642708	-22.698624	0.000000	-3.537214	-2.482301	2.554877	95.630866	-18.978149	49.191256	31.377208	63.833810	89.599382	-9.277925	45.389140	33.048199	41.863345
7.116667	-15.629361	1.951465	2.000183	0.771221	0.843118	-0.063931	51.050060	-7.673781	-1.579048	46.711550	4.884464	-31.027968	0.000000	49.855908	-3.767011	-2.868809	44.566692	8.309777	-22.703813	0.000000	-2.747591	-2.201305	2.683771	92.460904	-19.199785	48.904357	31.802788	63.833262	86.120735	-9.578381	44.613369	34.417382	42.811808
7.133333	-14.756670	1.758285	1.945429	0.777755	0.855447	-0.064325	47.579960	-7.395049	-2.179085	43.018211	3.635133	-31.046195	0.000000	46.668596	-3.713310	-2.767237	41.244021	7.047603	-22.592259	0.000000	-2.061087	-1.867244	2.716102	89.163953	-19.203961	48.353321	32.251543	63.811755	82.491579	-9.955214	43.583975	35.935774	43.908180
7.150000	-13.859720	1.557226	1.883189	0.784479	0.866779	-0.064767	44.092268	-7.116593	-2.886121	39.334132	2.483902	-30.853102	0.000000	43.467472	-3.707212	-2.717880	37.942609	5.867421	-22.362662	0.000000	-1.437054	-1.511138	2.672431	85.800304	-19.023720	47.628326	32.668974	63.786833	78.805665	-10.362532	42.453456	37.470248	45.085752
7.166667	-12.974275	1.367865	1.823082	0.791100	0.876945	-0.065200	40.679896	-6.855881	-3.693903	35.735887	1.441371	-30.440820	0.000000	40.317753	-3.735312	-2.760736	34.694571	4.768321	-22.021101	0.000000	-0.836174	-1.166277	2.589307	82.426050	-18.730560	46.835621	33.049525	63.770985	75.162004	-10.747059	41.398437	38.893901	46.254877
7.183333	-12.122430	1.202532	1.777087	0.797421	0.885987	-0.065559	37.397650	-6.620106	-4.595980	32.257944	0.512087	-29.813462	0.000000	37.263038	-3.781844	-2.917843	31.516585	3.754532	-21.556056	0.000000	-0.244845	-0.857126	2.498801	79.072966	-18.400014	46.028209	33.450218	63.768977	71.633193	-11.072964	40.537101	40.132885	47.341465
7.200000	-11.303210	1.065785	1.750493	0.803390	0.894099	-0.065829	34.242621	-6.403807	-5.585412	28.883296	-0.280703	-28.953732	0.000000	34.311461	-3.833957	-3.196370	28.414636	2.845683	-20.932263	0.000000	0.319728	-0.595795	2.415131	75.733867	-18.077482	45.162505	33.967820	63.785344	68.239646	-11.330608	39.865444	41.180675	48.329471
7.216667	-10.498386	0.957759	1.735277	0.809008	0.901449	-0.066044	31.177897	-6.193885	-6.653002	25.570900	-0.896035	-27.819752	0.000000	31.446017	-3.883470	-3.597504	25.394866	2.077387	-20.105026	0.000000	0.820298	-0.384041	2.337332	72.374453	-17.769572	44.115523	34.699464	63.836136	64.955689	-11.525796	39.266346	42.076803	49.273968
7.233333	-9.693299	0.878011	1.713944	0.814290	0.908082	-0.066255	28.179307	-5.978964	-7.785108	22.296295	-1.303245	-26.377061	0.000000	28.653590	-3.923744	-4.120594	22.470604	1.484885	-19.043541	0.000000	1.226775	-0.219405	2.260173	68.962513	-17.458691	42.765686	35.697052	63.955238	61.739071	-11.661004	38.592885	42.860145	50.268234
7.250000	-8.890656	0.827240	1.672035	0.819277	0.913950	-0.066509	25.260356	-5.756080	-8.961337	19.075508	-1.507090	-24.634739	0.000000	25.944068	-3.945485	-4.760289	19.662924	1.080563	-17.751039	0.000000	1.535712	-0.100379	2.178782	65.492234	-17.121489	41.076695	36.936155	64.187680	58.557297	-11.727160	37.754919	43.535147	51.391671
7.266667	-8.099895	0.803950	1.608857	0.824055	0.918956	-0.066838	22.453978	-5.528689	-10.157552	15.961530	-1.545816	-22.658079	0.000000	23.339487	-3.938822	-5.499857	16.998495	0.849949	-16.269911	0.000000	1.757480	-0.022842	2.084679	61.994609	-16.739822	39.120427	38.328764	64.570567	55.399817	-11.712465	36.748232	44.077846	52.674929
7.283333	-7.322179	0.800945	1.536945	0.828752	0.922972	-0.067257	19.784415	-5.300345	-11.349500	13.024724	-1.470437	-20.555991	0.000000	20.856525	-3.899590	-6.309236	14.509500	0.768061	-14.669301	0.000000	1.896505	0.025487	1.962627	58.534587	-16.302012	37.049532	39.759248	65.110470	52.280883	-11.615937	35.634403	44.454493	54.086966
7.300000	-6.551426	0.808140	1.472020	0.833467	0.925931	-0.067752	17.261823	-5.072796	-12.510597	10.332373	-1.324990	-18.452507	0.000000	18.504852	-3.830914	-7.152125	12.231252	0.812383	-13.027044	0.000000	1.950813	0.061718	1.797325	55.193148	-15.801873	35.050135	41.111247	65.773179	49.233133	-11.450181	34.503323	44.632063	55.542209
7.316667	-5.787920	0.819284	1.422953	0.838184	0.927921	-0.068293	14.898098	-4.850113	-13.610153	7.936890	-1.136212	-16.452606	0.000000	16.297519	-3.738341	-7.997862	10.192750	0.960023	-11.415841	0.000000	1.923990	0.098064	1.589239	52.032359	-15.243572	33.267695	42.295015	66.502048	46.285505	-11.231578	33.425907	44.599809	56.945738
7.333333	-5.048095	0.835062	1.390177	0.842783	0.929161	-0.068845	12.720268	-4.642081	-14.617974	5.871564	-0.917595	-14.625070	0.000000	14.257497	-3.624973	-8.827698	8.404393	1.178077	-9.896109	0.000000	1.832151	0.136220	1.362148	49.068840	-14.644176	31.747204	43.267369	67.253953	43.443137	-10.969540	32.421378	44.388809	58.254503
7.350000	-4.357282	0.860205	1.373500	0.847116	0.929910	-0.069369	10.760949	-4.462109	-15.514782	4.146195	-0.678662	-13.004430	0.000000	12.408331	-3.490968	-9.632654	6.850384	1.422090	-8.508039	0.000000	1.695375	0.170089	1.148953	46.283001	-14.024327	30.445848	44.018823	68.021750	40.693133	-10.664095	31.466347	44.056922	59.500449
7.366667	-3.733767	0.898485	1.379441	0.851071	0.930375	-0.069819	9.038591	-4.322244	-16.305432	2.747399	-0.421464	-11.585465	0.000000	10.758476	-3.336668	-10.412886	5.492344	1.648695	-7.253938	0.000000	1.524025	0.191691	0.970567	43.643721	-13.395138	29.278008	44.548894	68.840597	38.023757	-10.308776	30.516055	43.654003	60.782601
7.383333	-3.182610	0.949549	1.417427	0.854652	0.930705	-0.070167	7.553124	-4.229668	-17.023001	1.652017	-0.132271	-10.317499	0.000000	9.297306	-3.166312	-11.179114	4.284899	1.830636	-6.091588	0.000000	1.320103	0.195152	0.829534	41.117376	-12.755026	28.148796	44.855328	69.788066	35.430949	-9.895017	29.515834	43.198574	62.254923
7.400000	-2.704031	1.008709	1.489473	0.857975	0.931075	-0.070424	6.300042	-4.185779	-17.711737	0.842727	0.209440	-9.133316	0.000000	8.008831	-2.989195	-11.944367	3.196160	1.958403	-4.967679	0.000000	1.093430	0.178817	0.718334	38.667963	-12.100162	27.004565	44.926649	70.956850	32.913002	-9.419665	28.433805	42.672919	64.078121
7.416667	-2.299893	1.068448	1.588803	0.861116	0.931701	-0.070635	5.276685	-4.185445	-18.401467	0.304337	0.608787	-7.994955	0.000000	6.886800	-2.818117	-12.709452	2.222413	2.034287	-3.858636	0.000000	0.865816	0.146217	0.627354	36.266022	-11.436414	25.880399	44.738397	72.388370	30.471241	-8.892328	27.306387	42.032994	66.319792
7.433333	-1.967384	1.120407	1.708827	0.864012	0.932681	-0.070853	4.467179	-4.215947	-19.096723	0.002834	1.045694	-6.903528	0.000000	5.933733	-2.667134	-13.463078	1.388855	2.073243	-2.765863	0.000000	0.654207	0.104748	0.548942	33.901774	-10.780243	24.880785	44.262509	73.999361	28.118525	-8.334168	26.243163	41.229571	68.850965
7.450000	-1.694435	1.157390	1.848199	0.866498	0.933899	-0.071096	3.834633	-4.258975	-19.784093	-0.122392	1.487527	-5.874940	0.000000	5.152797	-2.549194	-14.195901	0.733809	2.105096	-1.687786	0.000000	0.459405	0.063522	0.482922	31.590718	-10.153224	24.115929	43.481632	75.567202	25.883274	-7.769606	25.386384	40.231471	71.328453
7.466667	-1.464022	1.174967	2.007089	0.868391	0.935101	-0.071344	3.334378	-4.296427	-20.447638	-0.141061	1.907542	-4.918263	0.000000	4.540652	-2.472788	-14.905014	0.281505	2.164691	-0.614627	0.000000	0.270429	0.032867	0.438290	29.367877	-9.575822	23.648347	42.403593	76.839395	23.802611	-7.219899	24.848921	39.041369	73.360130
7.483333	-1.258675	1.172534	2.181485	0.869580	0.936085	-0.071569	2.927731	-4.316154	-21.079150	-0.110707	2.292708	-4.026955	0.000000	4.079678	-2.438822	-15.588544	0.020829	2.274234	0.463293	0.000000	0.072203	0.022727	0.428726	27.274211	-9.058491	23.466057	41.062637	77.691496	21.910755	-6.700775	24.663077	37.693764	74.747058
7.500000	-1.062480	1.153279	2.361430	0.870088	0.936829	-0.071757	2.585636	-4.314182	-21.675157	-0.068305	2.638911	-3.185459	0.000000	3.736754	-2.440776	-16.242352	-0.092399	2.433836	1.550747	0.000000	-0.149355	0.038679	0.465730	25.344516	-8.596116	23.498644	39.505472	78.163444	20.231617	-6.224610	24.784146	36.238285	75.543376
7.516667	-0.861965	1.122697	2.534713	0.870062	0.937451	-0.071933	2.286371	-4.293564	-22.227660	-0.032372	2.939615	-2.391113	0.000000	3.471047	-2.467883	-16.854810	-0.114208	2.624226	2.636057	0.000000	-0.406738	0.080420	0.549790	23.600307	-8.174075	23.663144	37.792215	78.375896	18.773368	-5.806185	25.134414	34.733641	75.929488
7.533333	-0.646983	1.086604	2.691061	0.869727	0.938062	-0.072134	2.012270	-4.261229	-22.721305	-0.008804	3.182737	-1.664356	0.000000	3.242871	-2.508835	-17.404833	-0.092395	2.816595	3.682593	0.000000	-0.709330	0.143519	0.668506	22.045654	-7.780400	23.895967	36.005617	78.449972	17.524133	-5.462897	25.635074	33.251341	76.087119
7.550000	-0.412961	1.049731	2.823495	0.869325	0.938639	-0.072356	1.749025	-4.223888	-23.140642	0.003301	3.360115	-1.034400	0.000000	3.020812	-2.554773	-17.870912	-0.058461	2.985327	4.639596	0.000000	-1.057427	0.221040	0.804893	20.668610	-7.412725	24.158261	34.243012	78.473052	16.456471	-5.208448	26.213347	31.868731	76.145555
7.566667	-0.163326	1.015486	2.930308	0.869007	0.939070	-0.072549	1.488305	-4.185924	-23.479639	0.007407	3.473786	-0.522738	0.000000	2.788693	-2.599954	-18.240316	-0.028679	3.115519	5.459623	0.000000	-1.440010	0.305022	0.943057	19.450497	-7.076113	24.429153	32.596288	78.493652	15.541115	-5.048182	26.804284	30.651635	76.174677
7.583333	0.091221	0.986604	3.017309	0.868796	0.939278	-0.072683	1.229549	-4.150564	-23.745073	0.007103	3.533973	-0.135551	0.000000	2.547628	-2.640205	-18.511203	-0.008646	3.202580	6.112197	0.000000	-1.838020	0.388378	1.068460	18.375389	-6.776237	24.697811	31.130074	78.530300	14.757934	-4.977414	27.357623	29.636056	76.200736
7.600000	0.338940	0.965128	3.095496	0.868695	0.939244	-0.072778	0.974962	-4.120667	-23.953275	0.005061	3.556068	0.138066	0.000000	2.307028	-2.672464	-18.691688	0.001956	3.250109	6.593814	0.000000	-2.227562	0.465644	1.170888	17.430889	-6.514643	24.958594	29.866425	78.584301	14.094686	-4.982450	27.845102	28.820167	76.227117
7.616667	0.572191	0.951658	3.174385	0.868797	0.938987	-0.072843	0.723973	-4.097294	-24.122855	0.002853	3.557293	0.319792	0.000000	2.073598	-2.696232	-18.798282	0.005805	3.267620	6.927043	0.000000	-2.581863	0.532096	1.248766	16.600881	-6.289822	25.206841	28.795083	78.649507	13.537487	-5.045938	28.257753	28.176134	76.250329
7.633333	0.783716	0.945618	3.256436	0.869253	0.938597	-0.072857	0.477720	-4.079410	-24.265649	0.001171	3.552309	0.428654	0.000000	1.852008	-2.713404	-18.850830	0.005827	3.265469	7.142259	0.000000	-2.875158	0.583546	1.307741	15.859325	-6.103268	25.433138	27.914339	78.716274	13.062953	-5.154051	28.588776	27.677953	76.267321
7.650000	0.964324	0.946880	3.337211	0.870136	0.938197	-0.072807	0.242676	-4.066458	-24.385064	0.000161	3.551235	0.475618	0.000000	1.648138	-2.725321	-18.865945	0.004264	3.251384	7.261799	0.000000	-3.090683	0.617345	1.355806	15.178701	-5.961343	25.625728	27.246125	78.774722	12.643871	-5.298131	28.826167	27.315405	76.276255
7.666667	1.109559	0.956877	3.410379	0.871372	0.937855	-0.072743	0.023932	-4.060950	-24.484451	-0.000299	3.561620	0.472803	0.000000	1.464366	-2.730137	-18.854760	0.002469	3.232473	7.304009	0.000000	-3.227953	0.632671	1.400227	14.548516	-5.869799	25.782807	26.800378	78.820307	12.265474	-5.469595	28.967035	27.080419	76.275658
7.683333	1.223655	0.978019	3.472397	0.872793	0.937564	-0.072746	-0.179524	-4.068117	-24.571933	-0.000408	3.590807	0.439692	0.000000	1.296878	-2.723115	-18.822906	0.001061	3.216749	7.288393	0.000000	-3.302414	0.629691	1.445384	13.979486	-5.831561	25.919196	26.557712	78.856114	11.931413	-5.657337	29.024317	26.958374	76.263386
7.700000	1.315986	1.012255	3.524045	0.874241	0.937340	-0.072859	-0.372544	-4.092957	-24.657689	-0.000343	3.645872	0.398773	0.000000	1.139297	-2.699291	-18.770175	0.000194	3.211021	7.230977	0.000000	-3.338669	0.608235	1.491626	13.490524	-5.849714	26.062509	26.493003	78.890288	11.654438	-5.850479	29.016028	26.936966	76.235509
7.716667	1.396716	1.060082	3.569794	0.875612	0.937237	-0.073062	-0.561011	-4.137461	-24.751251	-0.000224	3.732081	0.370150	0.000000	0.986197	-2.656012	-18.692352	-0.000217	3.219055	7.140618	0.000000	-3.363043	0.566939	1.536912	13.097210	-5.928189	26.245555	26.594555	78.932554	11.445983	-6.041020	28.955783	27.012551	76.186390
7.733333	1.473758	1.120299	3.615843	0.876827	0.937275	-0.073315	-0.749006	-4.200073	-24.859919	-0.000114	3.850902	0.367780	0.000000	0.835136	-2.593731	-18.586307	-0.000329	3.241826	7.021134	0.000000	-3.396523	0.504446	1.579307	12.808854	-6.067973	26.494893	26.858463	78.990717	11.312635	-6.224322	28.852159	27.184776	76.111148
7.750000	1.548515	1.189600	3.666029	0.877822	0.937364	-0.073589	-0.933133	-4.276373	-24.984942	-0.000039	3.996116	0.394281	0.000000	0.689859	-2.516124	-18.458109	-0.000286	3.278239	6.879463	0.000000	-3.445506	0.422888	1.617448	12.631018	-6.258593	26.810092	27.260354	79.065501	11.257220	-6.397149	28.715335	27.439103	76.011673
7.766667	1.612147	1.261691	3.717690	0.878579	0.937345	-0.073856	-1.097732	-4.359066	-25.117337	0.000002	4.150134	0.437403	0.000000	0.563062	-2.430739	-18.328779	-0.000192	3.325476	6.734238	0.000000	-3.495600	0.330293	1.649420	12.569185	-6.470500	27.146222	27.728196	79.146451	11.279935	-6.553632	28.564919	27.730262	75.902201
7.783333	1.650314	1.328580	3.763879	0.879142	0.937086	-0.074075	-1.221525	-4.438981	-25.241932	0.000018	4.290350	0.476715	0.000000	0.471106	-2.347567	-18.225340	-0.000101	3.380339	6.611082	0.000000	-3.522333	0.237192	1.672675	12.625142	-6.664427	27.433929	28.164444	79.216941	11.376796	-6.684986	28.426018	27.996684	75.803949
7.800000	1.654926	1.384408	3.800439	0.879571	0.936590	-0.074211	-1.292708	-4.508238	-25.348472	0.000018	4.403433	0.497141	0.000000	0.422337	-2.274784	-18.162070	-0.000034	3.441145	6.526658	0.000000	-3.512737	0.150145	1.685451	12.787360	-6.814278	27.628242	28.506134	79.266060	11.536966	-6.785094	28.315164	28.198682	75.731118
7.816667	1.629240	1.427223	3.828506	0.879888	0.936001	-0.074262	-1.314284	-4.562359	-25.436138	0.000013	4.490068	0.494714	0.000000	0.412868	-2.216226	-18.134849	0.000007	3.507328	6.481524	0.000000	-3.473330	0.070860	1.687287	13.030227	-6.916961	27.729835	28.749434	79.293800	11.743740	-6.853550	28.234630	28.333597	75.684928
7.833333	1.583272	1.457593	3.851557	0.880066	0.935495	-0.074265	-1.296889	-4.600081	-25.508529	0.000008	4.557637	0.472401	0.000000	0.432489	-2.172029	-18.130834	0.000030	3.577434	6.465769	0.000000	-3.422534	0.000371	1.677983	13.324345	-6.984758	27.769631	28.926611	79.307382	11.979573	-6.893017	28.178840	28.420088	75.658672
7.850000	1.528524	1.476955	3.872828	0.880074	0.935177	-0.074268	-1.252094	-4.622479	-25.567748	0.000008	4.612790	0.434789	0.000000	0.470635	-2.140222	-18.137528	0.000041	3.648143	6.465610	0.000000	-3.382620	-0.058866	1.656911	13.645169	-7.036515	27.792157	29.080639	79.317208	12.230165	-6.906496	28.141549	28.480345	75.643527
7.866667	1.476374	1.486651	3.894488	0.879919	0.935081	-0.074280	-1.191909	-4.631505	-25.611942	0.000014	4.658130	0.385016	0.000000	0.517331	-2.118672	-18.145578	0.000044	3.713889	6.466414	0.000000	-3.374992	-0.104119	1.623944	13.974518	-7.093230	27.850694	29.254540	79.335586	12.484556	-6.897019	28.119275	28.531548	75.631059
7.883333	1.438361	1.487439	3.917342	0.879672	0.935160	-0.074262	-1.131244	-4.628230	-25.636317	0.000028	4.691738	0.322841	0.000000	0.561162	-2.106926	-18.148552	0.000035	3.766668	6.453712	0.000000	-3.416530	-0.134119	1.580920	14.299344	-7.176257	28.006979	29.488773	79.376572	12.733966	-6.868288	28.112103	28.583709	75.613811
7.900000	1.425285	1.479612	3.940645	0.879425	0.935296	-0.074177	-1.087446	-4.612372	-25.636351	0.000047	4.709055	0.244027	0.000000	0.589172	-2.106535	-18.142293	0.000005	3.797477	6.413904	0.000000	-3.517888	-0.149841	1.531470	14.612868	-7.306410	28.327065	29.820267	79.455038	12.973811	-6.824245	28.122607	28.641731	75.585281
7.916667	1.443280	1.463679	3.961526	0.879214	0.935409	-0.074011	-1.073583	-4.583757	-25.611216	0.000061	4.705976	0.143258	0.000000	0.591656	-2.119499	-18.124852	-0.000061	3.799302	6.337064	0.000000	-3.683133	-0.153715	1.480008	14.916052	-7.498911	28.862523	30.273689	79.582412	13.206342	-6.767799	28.153284	28.708290	75.540758
7.933333	1.487865	1.441184	3.974679	0.878995	0.935526	-0.073761	-1.088997	-4.544249	-25.566756	0.000056	4.682027	0.022990	0.000000	0.569613	-2.146050	-18.097826	-0.000175	3.770025	6.224052	0.000000	-3.902835	-0.148864	1.433215	15.211078	-7.747654	29.603266	30.831975	79.755801	13.435381	-6.700837	28.202516	28.783774	75.480574
7.950000	1.541121	1.414774	3.974305	0.878725	0.935674	-0.073425	-1.116071	-4.497893	-25.516338	0.000007	4.642137	-0.097968	0.000000	0.538392	-2.183816	-18.068305	-0.000334	3.713323	6.092068	0.000000	-4.143897	-0.140007	1.402729	15.491557	-8.010912	30.434692	31.407495	79.948136	13.656674	-6.624703	28.261639	28.864603	75.413395
7.966667	1.580190	1.387273	3.956647	0.878426	0.935812	-0.073000	-1.130694	-4.449022	-25.475825	-0.000120	4.593851	-0.191006	0.000000	0.519608	-2.229092	-18.046747	-0.000500	3.634771	5.964984	0.000000	-4.360754	-0.133221	1.403369	15.745745	-8.229559	31.186912	31.874211	80.119638	13.859076	-6.540048	28.318675	28.944702	75.352442
7.983333	1.592219	1.360608	3.919829	0.878131	0.935917	-0.072500	-1.118153	-4.400219	-25.455146	-0.000347	4.541632	-0.235801	0.000000	0.526324	-2.278752	-18.040295	-0.000577	3.535502	5.854228	0.000000	-4.525105	-0.133191	1.446953	15.970077	-8.368076	31.752958	32.146162	80.245157	14.036571	-6.446647	28.366605	29.019838	75.306205
8.000000	1.578723	1.335527	3.862848	0.877836	0.936039	-0.071954	-1.076924	-4.352163	-25.454806	-0.000672	4.485952	-0.228301	0.000000	0.558421	-2.330777	-18.048345	-0.000385	3.412413	5.754280	0.000000	-4.637650	-0.141505	1.536591	16.175035	-8.429006	32.133838	32.211598	80.324627	14.196044	-6.343464	28.406092	29.089837	75.274717
8.016667	1.548275	1.312731	3.787379	0.877528	0.936224	-0.071399	-1.012328	-4.305604	-25.468472	-0.001020	4.429326	-0.176749	0.000000	0.609100	-2.382769	-18.062584	0.000331	3.268529	5.656162	0.000000	-4.715295	-0.157174	1.661174	16.377880	-8.434887	32.384835	32.112204	80.371124	14.353680	-6.230883	28.440765	29.156382	75.253598
8.033333	1.509862	1.293949	3.701034	0.877245	0.936481	-0.070868	-0.933030	-4.262753	-25.486945	-0.001196	4.381551	-0.096555	0.000000	0.670400	-2.430874	-18.069231	0.001847	3.122124	5.559980	0.000000	-4.776679	-0.178446	1.792743	16.593737	-8.408906	32.555379	31.916935	80.397553	14.527199	-6.114329	28.472440	29.219323	75.238831
8.050000	1.470848	1.280883	3.616174	0.877038	0.936819	-0.070378	-0.849819	-4.225949	-25.502248	-0.000841	4.355989	-0.001879	0.000000	0.735027	-2.471420	-18.054556	0.004313	2.998250	5.471689	0.000000	-4.837715	-0.203764	1.896626	16.838206	-8.367077	32.672825	31.692624	80.412310	14.736933	-6.003680	28.501498	29.276216	75.228333
8.066667	1.437106	1.273493	3.543352	0.876878	0.937232	-0.069926	-0.772195	-4.195701	-25.511538	0.000569	4.361200	0.104250	0.000000	0.797341	-2.503145	-18.011969	0.007467	2.909863	5.389431	0.000000	-4.914093	-0.230672	1.948207	17.137985	-8.318162	32.756382	31.471872	80.420981	15.015143	-5.908973	28.530629	29.324982	75.221246
8.083333	1.412503	1.270017	3.486636	0.876620	0.937648	-0.069491	-0.703417	-4.170581	-25.518255	0.003614	4.399274	0.230106	0.000000	0.855512	-2.527099	-17.944426	0.010228	2.852595	5.297837	0.000000	-5.023181	-0.255511	1.938589	17.537209	-8.265527	32.827868	31.248260	80.428342	15.411209	-5.838514	28.566051	29.366451	75.217299
8.100000	1.395669	1.267954	3.444173	0.876007	0.937931	-0.069043	-0.634567	-4.148154	-25.528410	0.008628	4.469848	0.385399	0.000000	0.916127	-2.545060	-17.861767	0.010230	2.814187	5.175895	0.000000	-5.180917	-0.274700	1.870236	18.094524	-8.209500	32.907894	31.001856	80.438489	15.988556	-5.800449	28.613620	29.407208	75.216894
8.116667	1.374354	1.264429	3.409504	0.874739	0.937961	-0.068547	-0.538959	-4.125440	-25.543230	0.015134	4.569640	0.568140	0.000000	0.999363	-2.558740	-17.778497	0.003549	2.783130	5.011469	0.000000	-5.392049	-0.285849	1.753985	18.866858	-8.153745	33.006183	30.733520	80.454153	16.812812	-5.803962	28.671143	29.464602	75.221077
8.133333	1.323499	1.256182	3.372188	0.872617	0.937689	-0.068002	-0.374428	-4.099277	-25.551489	0.021003	4.686304	0.754256	0.000000	1.138436	-2.569619	-17.711219	-0.014956	2.750157	4.809401	0.000000	-5.642788	-0.287907	1.608003	19.890481	-8.112939	33.117441	30.484224	80.476854	17.937476	-5.857883	28.723587	29.568907	75.231489
8.150000	1.218163	1.240392	3.320677	0.869649	0.937101	-0.067463	-0.103685	-4.066922	-25.525796	0.021492	4.795758	0.897725	0.000000	1.364065	-2.578572	-17.667890	-0.050009	2.702839	4.574586	0.000000	-5.912774	-0.280243	1.453970	21.186542	-8.111543	33.238393	30.311041	80.510255	19.401950	-5.968580	28.752945	29.751983	75.251162
8.166667	1.053267	1.215649	3.246926	0.865994	0.936136	-0.066975	0.280061	-4.025625	-25.425709	0.008627	4.866424	0.937945	0.000000	1.684032	-2.586672	-17.633535	-0.102235	2.620740	4.282022	0.000000	-6.195584	-0.261816	1.311604	22.784759	-8.173896	33.395586	30.239040	80.564634	21.238428	-6.139563	28.756503	30.027788	75.285084
8.183333	0.844463	1.181085	3.150304	0.861843	0.934682	-0.066518	0.752319	-3.970825	-25.206318	-0.028175	4.864108	0.804500	0.000000	2.085745	-2.598055	-17.568979	-0.161927	2.482547	3.874395	0.000000	-6.498921	-0.230926	1.196293	24.728484	-8.318106	33.645507	30.249802	80.655663	23.470989	-6.371131	28.749005	30.385606	75.337678
8.200000	0.607484	1.133698	3.040864	0.857345	0.932633	-0.066031	1.283495	-3.895059	-24.832469	-0.098911	4.757521	0.427120	0.000000	2.564420	-2.622921	-17.426997	-0.200689	2.285800	3.298102	0.000000	-6.824247	-0.184485	1.118647	27.052112	-8.556764	34.032687	30.314578	80.794550	26.105290	-6.657051	28.741707	30.800130	75.406044
8.216667	0.336336	1.066151	2.941032	0.852589	0.929915	-0.065480	1.869683	-3.789388	-24.294490	-0.205616	4.525096	-0.248442	0.000000	3.153182	-2.678371	-17.170855	-0.163410	2.062624	2.540800	0.000000	-7.148854	-0.116783	1.081454	29.757636	-8.896545	34.544111	30.426984	80.977593	29.120520	-6.980976	28.722763	31.242617	75.473730
8.233333	-0.002678	0.967201	2.881441	0.847555	0.926568	-0.064865	2.549958	-3.647299	-23.607047	-0.329708	4.153720	-1.263434	0.000000	3.932878	-2.786074	-16.776125	0.033707	1.867436	1.622012	0.000000	-7.427844	-0.019077	1.075704	32.817660	-9.333400	35.122693	30.599339	81.189893	32.473250	-7.319570	28.672103	31.681345	75.514137
8.250000	-0.457992	0.825260	2.888434	0.842156	0.922818	-0.064205	3.403634	-3.470312	-22.790385	-0.414810	3.636715	-2.656409	0.000000	5.011509	-2.966292	-16.222377	0.490164	1.743526	0.549123	0.000000	-7.614338	0.118381	1.084439	36.195054	-9.849080	35.726362	30.831201	81.419384	36.107493	-7.650108	28.597578	32.080029	75.501862
8.266667	-1.074392	0.633238	2.968457	0.836319	0.919016	-0.063547	4.538003	-3.273599	-21.858333	-0.349832	2.989119	-4.445436	0.000000	6.487709	-3.229330	-15.494863	1.293410	1.704677	-0.702555	0.000000	-7.680331	0.302113	1.097448	39.851896	-10.413611	36.349872	31.090499	81.660740	39.960464	-7.951456	28.540549	32.404796	75.419345
8.283333	-1.884574	0.393080	3.100600	0.829958	0.915477	-0.062960	6.080238	-3.089223	-20.817780	0.036236	2.264600	-6.607602	0.000000	8.429333	-3.568021	-14.589945	2.498434	1.739359	-2.178016	0.000000	-7.624109	0.530169	1.123240	43.751201	-10.989710	37.003689	31.318618	81.908888	43.968413	-8.197581	28.547349	32.627526	75.256984
8.300000	-2.908520	0.119180	3.244109	0.822972	0.912318	-0.062519	8.162247	-2.963032	-19.668237	0.947790	1.543586	-9.091563	0.000000	10.874059	-3.955245	-13.515110	4.131754	1.821113	-3.922835	0.000000	-7.464857	0.787398	1.185478	47.861145	-11.535949	37.700636	31.441777	82.155166	48.075163	-8.354781	28.645763	32.719364	75.013771
8.316667	-4.148713	-0.162113	3.355686	0.815327	0.909380	-0.062273	10.880969	-2.941368	-18.402705	2.557888	0.895483	-11.840458	0.000000	13.829522	-4.349054	-12.292510	6.205324	1.922077	-5.959411	0.000000	-7.234910	1.045408	1.308796	52.153312	-12.010792	38.452064	31.384646	82.385942	52.235981	-8.388879	28.841085	32.648116	74.699291
8.333333	-5.582458	-0.418367	3.405230	0.807107	0.906264	-0.062206	14.257994	-3.054337	-17.015339	4.947961	0.350114	-14.795780	0.000000	17.266844	-4.704026	-10.965304	8.722766	2.027424	-8.267385	0.000000	-6.975041	1.268731	1.505834	56.595554	-12.378912	39.260702	31.087493	82.578905	56.418807	-8.277105	29.125855	32.382349	74.332897
8.350000	-7.161464	-0.618855	3.382269	0.798436	0.902434	-0.062240	18.236229	-3.309319	-15.513483	8.102879	-0.094556	-17.885844	0.000000	21.121671	-4.983479	-9.596221	11.679528	2.143071	-10.779885	0.000000	-6.729858	1.423445	1.772481	61.148976	-12.619179	40.120470	30.521846	82.696952	60.607363	-8.016259	29.500211	31.897422	73.935880
8.366667	-8.818193	-0.740912	3.293873	0.789477	0.897342	-0.062286	22.703246	-3.695816	-13.927096	11.945483	-0.443194	-21.013522	0.000000	25.302428	-5.168267	-8.256935	15.061359	2.296726	-13.391436	0.000000	-6.542342	1.485168	2.091087	65.767086	-12.731728	41.029583	29.702040	82.678257	64.798344	-7.624335	29.996579	31.185545	73.515077
8.383333	-10.471616	-0.774662	3.159826	0.780495	0.890631	-0.062296	27.506506	-4.191647	-12.310628	16.360234	-0.687387	-24.056019	0.000000	29.693839	-5.260610	-7.012831	18.837954	2.533446	-15.970290	0.000000	-6.451469	1.445616	2.436627	70.393379	-12.740736	42.013179	28.688951	82.420257	68.988708	-7.138018	30.699473	30.265208	73.038846
8.400000	-12.035537	-0.725029	3.005946	0.771864	0.882240	-0.062279	32.462631	-4.766870	-10.737148	21.198259	-0.805648	-26.875466	0.000000	34.161540	-5.282461	-5.911405	22.954026	2.908061	-18.372222	0.000000	-6.490626	1.315016	2.783811	74.964449	-12.689510	43.137494	27.580851	81.766559	73.164043	-6.606969	31.744772	29.181990	72.415104
8.416667	-13.438772	-0.608586	2.854038	0.763909	0.872302	-0.062277	37.387474	-5.389048	-9.286734	26.288128	-0.757258	-29.324466	0.000000	38.575400	-5.268397	-4.981284	27.328094	3.481692	-20.452603	0.000000	-6.678236	1.116368	3.114259	79.421673	-12.626020	44.483169	26.493293	80.520637	77.296981	-6.084194	33.274548	28.004395	71.494460
8.433333	-14.646030	-0.447094	2.714554	0.756724	0.861027	-0.062306	42.135809	-6.028548	-8.029674	31.455562	-0.481680	-31.260205	0.000000	42.839387	-5.254766	-4.233506	31.858571	4.312317	-22.086022	0.000000	-7.008837	0.875778	3.417401	83.721416	-12.584407	46.088996	25.533151	78.503435	81.352223	-5.616767	35.360906	26.814605	70.112627
8.450000	-15.659352	-0.262648	2.587815	0.750195	0.848730	-0.062341	46.614256	-6.659286	-7.009630	36.536412	0.069722	-32.592562	0.000000	46.898735	-5.270092	-3.658294	36.430314	5.422213	-23.204727	0.000000	-7.458609	0.618181	3.683606	87.832928	-12.573138	47.912026	24.775072	75.657202	85.287489	-5.241739	37.941437	25.694768	68.171816
8.466667	-16.504008	-0.074400	2.468907	0.744178	0.835837	-0.062349	50.768685	-7.257705	-6.235094	41.384257	0.896087	-33.325454	0.000000	50.724927	-5.330903	-3.228511	40.922824	6.766239	-23.830061	0.000000	-7.997647	0.366831	3.898967	91.723006	-12.572080	49.796614	24.250512	72.191845	89.044205	-4.982079	40.768634	24.720286	65.761985
8.483333	-17.212982	0.104329	2.351248	0.738615	0.822790	-0.062322	54.571313	-7.805300	-5.682869	45.885842	1.956542	-33.529678	0.000000	54.299327	-5.443214	-2.914099	45.224320	8.248137	-24.050314	0.000000	-8.600533	0.139815	4.046412	95.347919	-12.534671	51.478135	23.943742	68.637263	92.553608	-4.836835	43.440046	23.937872	63.224262
8.500000	-17.816771	0.267916	2.230390	0.733482	0.809893	-0.062274	58.018516	-8.294093	-5.309920	49.981715	3.218403	-33.276311	0.000000	57.609601	-5.606358	-2.695856	49.251096	9.778791	-23.952967	0.000000	-9.254727	-0.057218	4.108718	98.673078	-12.403963	52.712700	23.796668	65.589902	95.781241	-4.778291	45.614297	23.319075	60.980990
8.516667	-18.341340	0.419526	2.105220	0.728710	0.797209	-0.062221	61.136419	-8.728164	-5.062709	53.675229	4.677221	-32.613899	0.000000	60.658433	-5.815717	-2.568015	52.963634	11.312232	-23.589524	0.000000	-9.961006	-0.236403	4.074704	101.699433	-12.144275	53.438525	23.740457	63.339390	98.761590	-4.767026	47.232099	22.759972	59.248794
8.533333	-18.808878	0.568559	1.974103	0.724200	0.784594	-0.062180	63.981304	-9.116720	-4.882602	57.020604	6.325739	-31.601112	0.000000	63.471364	-6.065404	-2.528417	56.371248	12.829231	-23.006035	0.000000	-10.726811	-0.421437	3.950015	104.464929	-11.762019	53.771115	23.733891	61.801976	101.571799	-4.771222	48.470680	22.153943	57.968508
8.550000	-19.240096	0.723521	1.832186	0.719882	0.771822	-0.062160	66.630717	-9.465154	-4.715823	60.097570	8.122380	-30.333879	0.000000	66.098523	-6.352072	-2.567166	59.524451	14.311610	-22.270537	0.000000	-11.553958	-0.631566	3.761781	107.023222	-11.297515	53.871645	23.772206	60.740985	104.271579	-4.779747	49.518264	21.471084	56.965265
8.566667	-19.659681	0.885436	1.673273	0.715732	0.758705	-0.062162	69.170732	-9.770815	-4.525646	62.984635	9.988506	-28.940808	0.000000	68.609647	-6.676456	-2.662463	62.494896	15.734506	-21.466697	0.000000	-12.426401	-0.868691	3.548193	109.422271	-10.799771	53.848927	23.873089	59.965386	106.868218	-4.807954	50.417061	20.784583	56.106251
8.583333	-20.093956	1.046950	1.494435	0.711750	0.745205	-0.062173	71.676046	-10.025689	-4.297708	65.738989	11.825223	-27.556967	0.000000	71.074359	-7.038852	-2.782131	65.346953	17.061689	-20.689332	0.000000	-13.316537	-1.116359	3.339700	111.700271	-10.305368	53.746686	24.058975	59.381028	109.337876	-4.884611	51.086923	20.211664	55.343067
8.600000	-20.561413	1.197583	1.301209	0.707931	0.731420	-0.062158	74.191568	-10.225035	-4.035411	68.390390	13.542323	-26.283468	0.000000	73.539441	-7.431636	-2.890694	68.117335	18.252488	-20.028900	0.000000	-14.201843	-1.350328	3.150329	113.891352	-9.835167	53.580798	24.340162	58.946013	111.670476	-5.023842	51.460498	19.814281	54.670775
8.616667	-21.068137	1.329244	1.110211	0.704271	0.717482	-0.062071	76.730594	-10.374295	-3.749595	70.951218	15.082521	-25.163649	0.000000	76.023013	-7.835833	-2.957845	70.814436	19.287852	-19.531554	0.000000	-15.069288	-1.551457	2.985679	116.023447	-9.405689	53.369385	24.706644	58.627369	113.879180	-5.210415	51.556283	19.569896	54.085283
8.633333	-21.604484	1.436932	0.948202	0.700753	0.703458	-0.061861	79.282990	-10.490304	-3.450359	73.434892	16.431748	-24.195206	0.000000	78.519478	-8.222295	-2.960668	73.431164	20.188150	-19.179522	0.000000	-15.915838	-1.711205	2.851581	118.114857	-9.037017	53.136274	25.128170	58.393552	115.980695	-5.405214	51.447209	19.416682	53.571034
8.650000	-22.141373	1.516063	0.847973	0.697285	0.689312	-0.061495	81.825050	-10.597588	-3.143757	75.868394	17.608430	-23.366453	0.000000	81.008743	-8.555263	-2.881173	75.961940	20.998814	-18.920022	0.000000	-16.754253	-1.827390	2.754279	120.179863	-8.748434	52.906502	25.556258	58.217822	117.986801	-5.556908	51.213314	19.294046	53.103858
8.666667	-22.637521	1.561600	0.839546	0.693742	0.674976	-0.060976	84.329586	-10.720639	-2.830978	78.286876	18.632791	-22.684535	0.000000	83.470081	-8.799512	-2.707263	78.414801	21.752621	-18.709071	0.000000	-17.608372	-1.896695	2.697717	122.228288	-8.548563	52.705301	25.937468	58.081881	119.903870	-5.618538	50.919120	19.155278	52.660368
8.683333	-23.057551	1.570180	0.939656	0.690151	0.660489	-0.060382	86.768933	-10.876859	-2.509634	80.712706	19.507631	-22.168243	0.000000	85.888051	-8.929044	-2.437954	80.807436	22.442547	-18.527508	0.000000	-18.494245	-1.912077	2.679079	124.251894	-8.427145	52.558256	26.235806	57.977665	121.726241	-5.567960	50.610148	18.971259	52.224768
8.700000	-23.386010	1.540972	1.146389	0.686738	0.646052	-0.059834	89.113732	-11.072220	-2.176572	83.139607	20.223470	-21.831835	0.000000	88.247279	-8.932230	-2.083366	83.152471	23.028834	-18.374811	0.000000	-19.409834	-1.866209	2.685295	126.221889	-8.356103	52.491347	26.439245	57.905370	123.437418	-5.415775	50.319390	18.734676	51.786159
8.716667	-23.627588	1.476058	1.439715	0.683744	0.631917	-0.059429	91.339318	-11.298312	-1.828980	85.539235	20.775185	-21.679149	0.000000	90.527796	-8.814087	-1.659618	85.448199	23.472438	-18.257876	0.000000	-20.343951	-1.758804	2.699969	128.110719	-8.299456	52.541764	26.537619	57.869752	125.025663	-5.188785	50.073151	18.450309	51.319481
8.733333	-23.796415	1.383100	1.784810	0.681292	0.618285	-0.059202	93.433341	-11.533122	-1.464004	87.879231	21.175604	-21.697904	0.000000	92.703354	-8.597770	-1.187936	87.678541	23.765302	-18.179217	0.000000	-21.290024	-1.602769	2.718100	129.914513	-8.218807	52.773713	26.493235	57.875145	126.493993	-4.905959	49.894746	18.113286	50.760897
8.750000	-23.905259	1.275558	2.139733	0.679391	0.605269	-0.059145	95.393668	-11.748179	-1.080293	90.132010	21.451686	-21.863523	0.000000	94.743946	-8.321711	-0.695610	89.820102	23.933032	-18.134065	0.000000	-22.250684	-1.421915	2.751703	131.653659	-8.073327	53.269424	26.235867	57.920571	127.853603	-4.572353	49.807255	17.707128	50.011966
8.766667	-23.963626	1.167278	2.468133	0.677973	0.592876	-0.059237	97.223717	-11.920919	-0.680648	92.276222	21.630498	-22.147592	0.000000	96.627612	-8.029394	-0.211462	91.853806	24.018904	-18.108959	0.000000	-23.231530	-1.241074	2.819674	133.355252	-7.827882	54.087432	25.690786	57.996029	129.113561	-4.187884	49.828306	17.219608	48.980973
8.783333	-23.985387	1.067124	2.748107	0.676942	0.581001	-0.059465	98.935161	-12.043866	-0.271616	94.300747	21.735194	-22.517853	0.000000	98.357170	-7.757724	0.242076	93.773226	24.072371	-18.075083	0.000000	-24.228094	-1.078350	2.930351	135.023759	-7.470126	55.187029	24.840794	58.077634	130.277057	-3.761574	49.950008	16.662367	47.659045
8.800000	-23.997659	0.977515	2.970994	0.676163	0.569479	-0.059820	100.554736	-12.121674	0.139269	96.206551	21.789907	-22.940183	0.000000	99.969655	-7.532399	0.654460	95.583889	24.140844	-17.991081	0.000000	-25.216773	-0.943641	3.066915	136.617261	-7.019445	56.365771	23.785865	58.126353	131.347193	-3.326355	50.120551	16.089126	46.189579
8.816667	-24.035771	0.893501	3.138367	0.675450	0.558167	-0.060250	102.121386	-12.162665	0.543451	98.002215	21.818039	-23.386493	0.000000	101.525435	-7.368262	1.028533	97.295464	24.253935	-17.816878	0.000000	-26.164520	-0.835934	3.187324	138.066907	-6.516284	57.344454	22.708735	58.105424	132.341138	-2.932603	50.264237	15.573507	44.811906
8.833333	-24.122208	0.802197	3.262427	0.674568	0.546979	-0.060655	103.669421	-12.175342	0.928779	99.697057	21.830795	-23.841952	0.000000	103.079834	-7.268594	1.378030	98.913509	24.410095	-17.525609	0.000000	-27.052035	-0.739138	3.242067	139.324735	-6.002551	57.961565	21.759807	58.006632	133.295818	-2.619847	50.331758	15.150634	43.700166
8.850000	-24.249723	0.685999	3.363754	0.673320	0.535882	-0.060944	105.213144	-12.168011	1.279852	101.297663	21.817115	-24.310663	0.000000	104.660320	-7.224932	1.722149	100.439618	24.582139	-17.106697	0.000000	-27.886066	-0.626179	3.196207	140.380345	-5.509655	58.241879	20.986835	57.850242	134.252154	-2.397423	50.322970	14.793439	42.883571
8.866667	-24.385749	0.528465	3.464481	0.671690	0.524887	-0.061081	106.744530	-12.148873	1.581868	102.810842	21.749886	-24.811991	0.000000	106.264130	-7.220791	2.079889	101.880784	24.733852	-16.568044	0.000000	-28.689032	-0.470713	3.044171	141.242060	-5.059425	58.306879	20.351028	57.661843	135.230024	-2.245475	50.269919	14.443507	42.292483
8.883333	-24.494282	0.319842	3.580609	0.669945	0.514087	-0.061095	108.238598	-12.127437	1.825083	104.246834	21.611495	-25.359314	0.000000	107.869669	-7.238350	2.463681	103.255167	24.831949	-15.942855	0.000000	-29.474446	-0.257565	2.811868	141.911815	-4.673152	58.283155	19.786414	57.460151	136.210399	-2.129435	50.214829	14.056926	41.833640
8.900000	-24.558237	0.060750	3.717992	0.668563	0.503675	-0.061059	109.660684	-12.116244	2.009028	105.618600	21.420361	-25.936166	0.000000	109.448653	-7.265322	2.872744	104.586848	24.858968	-15.281763	0.000000	-30.224457	0.013004	2.540661	142.362655	-4.375865	58.264832	19.253063	57.258843	137.129242	-2.020800	50.195780	13.630163	41.436206
8.916667	-24.586343	-0.237823	3.874782	0.668012	0.493893	-0.061038	110.976128	-12.131900	2.144082	106.938075	21.234070	-26.490330	0.000000	110.973207	-7.297016	3.291885	105.895135	24.823659	-14.630330	0.000000	-30.888403	0.327949	2.262145	142.536121	-4.190602	58.303674	18.751846	57.067459	137.890900	-1.911472	50.236340	13.196644	41.061365
8.933333	-24.598878	-0.559288	4.047449	0.668417	0.484907	-0.061075	112.159950	-12.193859	2.247432	108.210275	21.119995	-26.951697	0.000000	112.417774	-7.330429	3.698562	107.184436	24.748221	-14.022788	0.000000	-31.413361	0.669117	1.986966	142.381555	-4.130765	58.411810	18.302717	56.889662	138.409913	-1.810103	50.341419	12.801916	40.692651
8.950000	-24.606549	-0.887236	4.235033	0.669491	0.476741	-0.061205	113.203204	-12.320636	2.336931	109.432784	21.118046	-27.262778	0.000000	113.759082	-7.357468	4.072418	108.440528	24.644148	-13.491281	0.000000	-31.781686	1.020839	1.715692	141.908635	-4.198096	58.572874	17.911639	56.723072	138.655241	-1.725450	50.500247	12.474729	40.325420
8.966667	-24.605397	-1.207673	4.438322	0.670830	0.469323	-0.061460	114.114652	-12.524754	2.427297	110.601589	21.228280	-27.399223	0.000000	114.979062	-7.366703	4.400430	109.636202	24.507589	-13.064344	0.000000	-32.014063	1.372372	1.454424	141.194003	-4.386690	58.758635	17.561703	56.563890	138.653865	-1.656014	50.692403	12.217454	39.963354
8.983333	-24.586163	-1.509771	4.656267	0.672185	0.462591	-0.061841	114.912484	-12.808037	2.526926	111.713036	21.420759	-27.372686	0.000000	116.067393	-7.350130	4.678313	110.741265	24.331478	-12.753409	0.000000	-32.144252	1.715357	1.217697	140.342798	-4.685637	58.944356	17.230996	56.413526	138.460329	-1.592204	50.892908	12.016516	39.619519
9.000000	-24.540317	-1.786677	4.884088	0.673425	0.456557	-0.062288	115.608430	-13.158668	2.635284	112.758565	21.650689	-27.222359	0.000000	117.017907	-7.306292	4.909794	111.730297	24.115286	-12.544973	0.000000	-32.203929	2.039585	1.022096	139.458420	-5.076005	59.114599	16.904360	56.279974	138.133434	-1.521978	51.075510	11.854677	39.313679
9.016667	-24.459509	-2.033562	5.111823	0.674398	0.451302	-0.062731	116.199310	-13.549575	2.744905	113.717836	21.871901	-27.000851	0.000000	117.822065	-7.240073	5.102017	112.584631	23.870196	-12.407145	0.000000	-32.225340	2.332065	0.883141	138.639989	-5.525093	59.261098	16.572227	56.173594	137.733237	-1.436984	51.216028	11.716370	39.065604
9.033333	-24.338669	-2.246454	5.324265	0.674992	0.446942	-0.063162	116.673571	-13.942542	2.845963	114.558981	22.049085	-26.759476	0.000000	118.468638	-7.160390	5.260788	113.291714	23.618425	-12.307426	0.000000	-32.237790	2.583896	0.813535	137.978516	-5.984960	59.384338	16.232312	56.100450	137.319152	-1.337404	51.301374	11.584953	38.885497
9.050000	-24.184165	-2.424931	5.505448	0.675292	0.443586	-0.063637	117.022630	-14.300287	2.928787	115.249056	22.166733	-26.535894	0.000000	118.951248	-7.075473	5.390547	113.848224	23.384546	-12.228581	0.000000	-32.251734	2.797848	0.815461	137.537246	-6.401807	59.502630	15.895243	56.052633	136.940548	-1.230956	51.348184	11.437100	38.758751
9.066667	-24.016225	-2.572385	5.643738	0.675526	0.441320	-0.064211	117.244883	-14.596117	2.986037	115.764614	22.224509	-26.350046	0.000000	119.273582	-6.989607	5.495108	114.262298	23.187894	-12.169535	0.000000	-32.254466	2.984558	0.874278	137.342480	-6.731963	59.660250	15.586374	55.996008	136.637110	-1.126640	51.425783	11.241346	38.627973
9.083333	-23.863737	-2.692540	5.733285	0.675841	0.440225	-0.064884	117.342829	-14.814824	3.013563	116.090042	22.223059	-26.210899	0.000000	119.446105	-6.901863	5.576056	114.542741	23.037888	-12.136791	0.000000	-32.224232	3.151558	0.961354	137.397232	-6.953675	59.931098	15.341252	55.856328	136.452711	-1.025713	51.677769	10.955788	38.373906
9.100000	-23.756697	-2.787520	5.772321	0.676170	0.440436	-0.065604	117.317009	-14.948302	3.005244	116.205545	22.154982	-26.127078	0.000000	119.475264	-6.806322	5.632819	114.678567	22.927194	-12.141061	0.000000	-32.147293	3.297470	1.042661	137.697238	-7.068304	60.419067	15.195963	55.506515	136.443458	-0.914403	52.335499	10.519035	37.796564
9.116667	-23.718267	-2.857096	5.761130	0.676326	0.442154	-0.066283	117.161139	-14.990629	2.949009	116.080925	22.005538	-26.114840	0.000000	119.352819	-6.696471	5.664366	114.630914	22.830547	-12.200439	0.000000	-32.027478	3.412389	1.088760	138.235496	-7.094624	61.241349	15.175240	54.771119	136.668508	-0.764486	53.696338	9.850895	36.621571
9.133333	-23.758172	-2.896427	5.701487	0.676175	0.445537	-0.066848	116.864383	-14.936903	2.834086	115.685422	21.761556	-26.197713	0.000000	119.057391	-6.572064	5.667717	114.351343	22.716880	-12.339654	0.000000	-31.882563	3.479314	1.081418	138.991287	-7.063005	62.467565	15.284094	53.477609	137.163859	-0.545896	56.018271	8.891445	34.579941
9.150000	-23.869340	-2.894317	5.595373	0.675722	0.450556	-0.067287	116.418504	-14.785319	2.663077	115.006499	21.423443	-26.391244	0.000000	118.567541	-6.443665	5.634793	113.812474	22.566673	-12.578610	0.000000	-31.728841	3.477656	1.014752	139.905456	-7.005051	64.000726	15.507789	51.582203	137.904766	-0.255730	59.287468	7.688717	31.603371
9.166667	-24.031332	-2.836536	5.443584	0.675133	0.457007	-0.067637	115.822669	-14.539791	2.455456	114.063292	21.014156	-26.679765	0.000000	117.874342	-6.331128	5.553458	113.024989	22.384745	-12.916667	0.000000	-31.563956	3.392664	0.900592	140.871031	-6.942315	65.520825	15.814553	49.311832	138.781976	0.060841	63.010677	6.456983	28.040934
9.183333	-24.217615	-2.714277	5.248513	0.674709	0.464659	-0.067942	115.078127	-14.214150	2.238519	112.904221	20.575345	-27.011852	0.000000	116.981107	-6.254186	5.413229	112.030455	22.203788	-13.329991	0.000000	-31.364367	3.225473	0.778499	141.767424	-6.892603	66.682891	16.157782	47.125954	139.629275	0.344194	66.403178	5.471476	24.593763
9.200000	-24.401516	-2.529047	5.019729	0.674755	0.473392	-0.068228	114.177639	-13.834701	2.035543	111.587823	20.147418	-27.325484	0.000000	115.890855	-6.221163	5.207832	110.876447	22.072278	-13.784500	0.000000	-31.099134	2.992631	0.703985	142.501112	-6.881432	67.381106	16.489288	45.443897	140.289929	0.574972	68.897988	4.879266	21.892752
9.216667	-24.564519	-2.288966	4.776681	0.675472	0.483226	-0.068502	113.106898	-13.435726	1.862329	110.160281	19.754856	-27.576590	0.000000	114.598549	-6.225813	4.930626	109.590752	22.031197	-14.246649	0.000000	-30.737899	2.716166	0.711697	143.001283	-6.934127	67.717796	16.782116	44.418408	140.657107	0.771380	70.384820	4.660664	20.154182
9.233333	-24.700496	-2.002910	4.545781	0.676968	0.494253	-0.068756	111.853636	-13.050866	1.729661	108.645065	19.405862	-27.750774	0.000000	113.093473	-6.252747	4.570958	108.172890	22.095136	-14.692910	0.000000	-30.252489	2.414622	0.794773	143.199112	-7.066789	67.802796	17.047217	43.964066	140.671316	0.949048	71.035984	4.734793	19.217403
9.250000	-24.807936	-1.677581	4.353382	0.679204	0.506507	-0.068969	110.411482	-12.705505	1.644949	107.043352	19.090818	-27.862942	0.000000	111.366146	-6.283234	4.117086	106.603656	22.244198	-15.125072	0.000000	-29.628380	2.097952	0.915382	143.033932	-7.291663	67.662902	17.339357	43.912076	140.314229	1.102602	71.073639	5.046990	18.764474
9.266667	-24.884022	-1.318075	4.218656	0.681871	0.519889	-0.069100	108.784008	-12.412474	1.611927	105.337339	18.783024	-27.947122	0.000000	109.420786	-6.298000	3.563074	104.857988	22.424867	-15.572811	0.000000	-28.873549	1.767227	1.020954	142.471129	-7.617960	67.250022	17.747511	44.119236	139.611720	1.208010	70.656903	5.589973	18.484615
9.283333	-24.929884	-0.931323	4.148457	0.684525	0.534223	-0.069115	106.989516	-12.171060	1.628281	103.496146	18.451554	-28.038797	0.000000	107.285120	-6.280607	2.915993	102.912601	22.560399	-16.076485	0.000000	-28.011344	1.420830	1.056006	141.513402	-8.038906	66.485581	18.360414	44.500965	138.632225	1.230841	69.870925	6.377418	18.158570
9.300000	-24.954953	-0.530265	4.135276	0.686896	0.549319	-0.069031	105.057729	-11.969927	1.681503	101.487788	18.076572	-28.157537	0.000000	105.006003	-6.221203	2.200341	100.753118	22.573679	-16.666204	0.000000	-27.068558	1.064550	0.977792	140.210539	-8.514329	65.349917	19.204206	45.012919	137.473247	1.144352	68.795631	7.381751	17.706243
9.316667	-24.972226	-0.135291	4.158928	0.689049	0.564983	-0.068920	103.019077	-11.793430	1.747188	99.295023	17.655829	-28.297230	0.000000	102.634313	-6.118938	1.456447	98.383949	22.415915	-17.345834	0.000000	-26.066560	0.716987	0.777078	138.657645	-8.971234	63.964075	20.192507	45.614460	136.230570	0.951991	67.587026	8.485424	17.198720
9.333333	-24.991692	0.232289	4.189397	0.691274	0.581035	-0.068864	100.895382	-11.624431	1.796483	96.922244	17.199574	-28.432337	0.000000	100.208808	-5.984832	0.728649	95.830325	22.083028	-18.086395	0.000000	-25.014303	0.398209	0.493262	136.961468	-9.344760	62.537212	21.170405	46.258135	134.958233	0.689594	66.450070	9.531072	16.788323
9.350000	-25.017035	0.561311	4.192400	0.693845	0.597355	-0.068913	98.698358	-11.444843	1.809798	94.389016	16.720489	-28.536482	0.000000	97.747994	-5.840079	0.048166	93.127601	21.610544	-18.836189	0.000000	-23.909117	0.111215	0.202752	135.196222	-9.622146	61.215877	22.023621	46.909200	133.653934	0.401936	65.519578	10.432675	16.588766
9.366667	-25.043329	0.854181	4.140445	0.696897	0.613838	-0.069079	96.434296	-11.242201	1.784091	91.724629	16.225627	-28.597281	0.000000	95.254075	-5.705761	-0.574194	90.311394	21.054781	-19.539687	0.000000	-22.745810	-0.158371	-0.023410	133.389998	-9.831340	60.040951	22.720202	47.550695	132.284235	0.121508	64.816087	11.200003	16.619757
9.383333	-25.056682	1.120106	4.022910	0.700486	0.630352	-0.069335	94.107010	-11.017078	1.728519	88.967851	15.710937	-28.621787	0.000000	92.722347	-5.593084	-1.141235	87.416472	20.471611	-20.148902	0.000000	-21.522055	-0.425089	-0.156725	131.537164	-10.000308	59.024410	23.272849	48.165600	130.814238	-0.135277	64.305080	11.873302	16.835768
9.400000	-25.036623	1.366932	3.848723	0.704629	0.646781	-0.069635	91.714081	-10.782743	1.655056	86.158863	15.160972	-28.637065	0.000000	90.145133	-5.499683	-1.658918	84.474286	19.894495	-20.635407	0.000000	-20.238403	-0.690563	-0.210548	129.608330	-10.144591	58.172015	23.715153	48.738592	129.211893	-0.365287	63.937811	12.486962	17.177446
9.416667	-24.957022	1.597566	3.642676	0.709257	0.663112	-0.069961	89.240281	-10.559362	1.571566	83.324105	14.557326	-28.679520	0.000000	87.507265	-5.409747	-2.130725	81.503973	19.321935	-21.001038	0.000000	-18.903050	-0.943767	-0.210591	127.560496	-10.279783	57.436686	24.101567	49.277842	127.440650	-0.568547	63.641928	13.075850	17.606269
9.433333	-24.786527	1.810161	3.437644	0.714186	0.679417	-0.070311	86.658412	-10.367006	1.479567	80.471145	13.892640	-28.772059	0.000000	84.784544	-5.299363	-2.556329	78.508655	18.732713	-21.262513	0.000000	-17.540940	-1.169008	-0.169251	125.364481	-10.425870	56.727078	24.480517	49.811255	125.468649	-0.729591	63.327162	13.660792	18.104647
9.450000	-24.498486	2.001146	3.264667	0.719185	0.695738	-0.070671	83.947223	-10.219751	1.375717	77.597713	13.176071	-28.913151	0.000000	81.958880	-5.145831	-2.933208	75.483037	18.110965	-21.429401	0.000000	-16.191000	-1.355038	-0.089113	123.032887	-10.592901	55.980767	24.853273	50.357698	123.295972	-0.818559	62.930506	14.223229	18.654860
9.466667	-24.090275	2.167943	3.144166	0.724060	0.711985	-0.071018	81.117315	-10.122354	1.253269	74.701255	12.423041	-29.085381	0.000000	79.043289	-4.935955	-3.259888	72.423243	17.449892	-21.507462	0.000000	-14.884897	-1.498580	0.021432	120.624442	-10.768862	55.223215	25.162515	50.905333	120.971393	-0.814269	62.467911	14.711841	19.221861
9.483333	-23.594071	2.306757	3.081475	0.728725	0.727945	-0.071342	78.217060	-10.067961	1.101810	71.778620	11.638712	-29.272695	0.000000	76.090159	-4.670817	-3.534488	69.330261	16.736554	-21.518284	0.000000	-13.626794	-1.599760	0.153600	118.225611	-10.935092	54.561459	25.324113	51.412379	118.577350	-0.714549	62.040699	15.080023	19.753669
9.500000	-23.063717	2.410121	3.067775	0.733237	0.743396	-0.071638	75.306415	-10.037482	0.910056	68.819833	10.806988	-29.480535	0.000000	73.166138	-4.365068	-3.750078	66.206778	15.942063	-21.509393	0.000000	-12.397826	-1.658352	0.308952	115.916483	-11.090966	54.103455	25.283733	51.835901	116.196727	-0.531046	61.770379	15.324106	20.207330
9.516667	-22.545957	2.469837	3.084248	0.737774	0.758242	-0.071903	72.420463	-10.004073	0.670661	65.803978	9.900442	-29.732242	0.000000	70.312205	-4.042186	-3.897943	63.051463	15.035617	-21.531581	0.000000	-11.177702	-1.675444	0.491291	113.733138	-11.251684	53.883487	25.048429	52.161554	113.881641	-0.284189	61.721818	15.484802	20.573726
9.533333	-22.059630	2.480790	3.106738	0.742575	0.772567	-0.072130	69.550921	-9.940181	0.379003	62.698518	8.904001	-30.038427	0.000000	67.521767	-3.730664	-3.977306	59.853599	14.004057	-21.602651	0.000000	-9.955435	-1.654380	0.697277	111.643688	-11.429709	53.868213	24.673473	52.401414	111.627066	-0.000095	61.886931	15.620485	20.872765
9.550000	-21.591285	2.441423	3.110916	0.747842	0.786571	-0.072282	66.650512	-9.822393	0.026838	59.463799	7.815837	-30.389000	0.000000	64.745862	-3.460602	-3.997717	56.593671	12.848530	-21.705451	0.000000	-8.730183	-1.598225	0.919240	109.554297	-11.627293	53.992511	24.236606	52.575733	109.363383	0.287259	62.206139	15.798270	21.141754
9.566667	-21.105211	2.353697	3.078382	0.753637	0.800438	-0.072303	63.654909	-9.635923	-0.399988	56.064128	6.633360	-30.765684	0.000000	61.918053	-3.256427	-3.974064	53.252452	11.577268	-21.807236	0.000000	-7.512053	-1.508072	1.149528	107.344262	-11.839685	54.168359	23.822108	52.702584	106.979357	0.531023	62.575961	16.104016	21.436072
9.583333	-20.565547	2.225602	3.001579	0.759874	0.814261	-0.072186	60.513352	-9.380518	-0.916711	52.477451	5.360568	-31.131059	0.000000	58.985497	-3.127881	-3.926390	49.819110	10.215842	-21.861963	0.000000	-6.314255	-1.385667	1.382293	104.903011	-12.060727	54.283891	23.513627	52.793877	104.353966	0.676244	62.839604	16.644434	21.830953
9.600000	-19.952691	2.072014	2.884787	0.766435	0.828034	-0.072000	57.204920	-9.071470	-1.534698	48.697111	4.014731	-31.423244	0.000000	55.924164	-3.066951	-3.880812	46.292154	8.805173	-21.820374	0.000000	-5.145794	-1.235406	1.617018	102.154642	-12.288920	54.208464	23.389560	52.858576	101.380396	0.674640	62.781418	17.542586	22.429691
9.616667	-19.263761	1.910124	2.740432	0.773282	0.841629	-0.071823	53.735535	-8.731874	-2.260816	44.732847	2.618954	-31.575375	0.000000	52.735354	-3.054222	-3.863700	42.679580	7.381013	-21.655528	0.000000	-4.013644	-1.062002	1.860815	99.072987	-12.527718	53.810153	23.510500	52.915140	97.986558	0.501221	62.150740	18.914754	23.372452
9.633333	-18.507978	1.754660	2.582925	0.780442	0.854808	-0.071692	50.135012	-8.383837	-3.097993	40.619356	1.218256	-31.511590	0.000000	49.441104	-3.068850	-3.898146	39.005222	5.974394	-21.361599	0.000000	-2.921952	-0.869590	2.123462	95.685058	-12.774234	53.006910	23.891424	53.001119	94.156439	0.172539	60.747275	20.795023	24.800850
9.650000	-17.698344	1.616145	2.422775	0.787871	0.867293	-0.071608	46.452414	-8.043610	-4.045423	36.420977	-0.105739	-31.136036	0.000000	46.077677	-3.094912	-4.006477	35.313811	4.623780	-20.938502	0.000000	-1.876958	-0.663312	2.405216	92.067676	-13.005241	51.833003	24.481228	53.166417	89.958391	-0.248073	58.566184	23.052192	26.766318
9.666667	-16.842018	1.499922	2.261862	0.795365	0.878862	-0.071569	42.743705	-7.717338	-5.098167	32.218541	-1.271952	-30.365000	0.000000	42.683394	-3.123782	-4.211188	31.661683	3.365773	-20.391495	0.000000	-0.902470	-0.450595	2.685961	88.335165	-13.177264	50.441194	25.189213	53.447466	85.561304	-0.680129	55.886994	25.406252	29.145400
9.683333	-15.943882	1.406304	2.092878	0.802640	0.889368	-0.071536	39.066202	-7.399165	-6.246681	28.090496	-2.238586	-29.163120	0.000000	39.297128	-3.154111	-4.532592	28.101877	2.226522	-19.724462	0.000000	-0.035278	-0.242922	2.930179	84.601138	-13.247090	48.994841	25.952639	53.845186	81.185541	-1.070870	53.141064	27.569759	31.668009
9.700000	-15.016724	1.332279	1.906692	0.809534	0.898675	-0.071417	35.477483	-7.075964	-7.478391	24.104709	-2.985397	-27.540626	0.000000	35.965310	-3.188938	-4.984832	24.679417	1.236792	-18.920991	0.000000	0.702357	-0.054963	3.104631	80.929755	-13.195218	47.538655	26.784905	54.341823	76.998064	-1.416557	50.626352	29.407330	34.089610
9.716667	-14.079547	1.273007	1.704197	0.816090	0.906641	-0.071115	32.025687	-6.735227	-8.776985	20.318560	-3.486925	-25.549128	0.000000	32.738211	-3.230834	-5.569725	21.433365	0.442344	-17.945512	0.000000	1.317186	0.100231	3.190026	77.323454	-13.032280	45.995461	27.754804	54.936443	73.050799	-1.749565	48.381848	30.970632	36.337112
9.733333	-13.147947	1.222758	1.501723	0.822442	0.913131	-0.070598	28.741704	-6.371095	-10.117315	16.782733	-3.725512	-23.294311	0.000000	29.659861	-3.278158	-6.271059	18.399584	-0.111405	-16.773438	0.000000	1.834457	0.215599	3.185181	73.757426	-12.795865	44.289228	28.923930	55.639547	69.310156	-2.106461	46.325518	32.400226	38.455953
9.750000	-12.233736	1.177219	1.323329	0.828689	0.918050	-0.069953	25.647674	-5.988683	-11.464671	13.545855	-3.709436	-20.917657	0.000000	26.766813	-3.323759	-7.056387	15.612818	-0.397838	-15.413860	0.000000	2.285090	0.290869	3.106314	70.214463	-12.542371	42.428633	30.316738	56.438195	65.713698	-2.506296	44.408040	33.828062	40.472129
9.766667	-11.352010	1.136233	1.188329	0.834852	0.921461	-0.069353	22.767766	-5.605060	-12.781848	10.647907	-3.472501	-18.547441	0.000000	24.089532	-3.355377	-7.885770	13.101310	-0.421326	-13.906185	0.000000	2.699879	0.330916	2.973806	66.689184	-12.320192	40.470408	31.927095	57.297160	62.200061	-2.950752	42.615492	35.337547	42.368508
9.783333	-10.518833	1.103840	1.104166	0.840874	0.923687	-0.068965	20.122077	-5.243673	-14.034996	8.104286	-3.074823	-16.276997	0.000000	21.644063	-3.358162	-8.721133	10.874713	-0.231799	-12.313822	0.000000	3.098717	0.344073	2.797918	63.183591	-12.140522	38.470748	33.710068	58.195460	58.725741	-3.428842	40.928505	36.934182	44.146138
9.800000	-9.743501	1.086631	1.063842	0.846678	0.925151	-0.068860	17.718277	-4.926624	-15.195354	5.905395	-2.593756	-14.169975	0.000000	19.424771	-3.319256	-9.536232	8.918424	0.080858	-10.717097	0.000000	3.482424	0.339338	2.581228	59.710279	-11.979261	36.496008	35.574049	59.146312	55.276499	-3.919181	39.326772	38.539344	45.849493
9.816667	-9.027953	1.091002	1.049165	0.852221	0.926135	-0.068988	15.556629	-4.670114	-16.245401	4.037506	-2.093536	-12.260926	0.000000	17.410052	-3.232658	-10.322435	7.200839	0.424675	-9.191112	0.000000	3.836789	0.323954	2.328474	56.293582	-11.801753	34.628211	37.409031	60.195760	51.862968	-4.395450	37.791443	40.034417	47.559888
9.833333	-8.370217	1.119386	1.039581	0.857442	0.926698	-0.069202	13.640536	-4.482828	-17.191359	2.503770	-1.596590	-10.548033	0.000000	15.575436	-3.102636	-11.086895	5.688131	0.745137	-7.778329	0.000000	4.136911	0.303533	2.051931	52.959710	-11.581521	32.909465	39.138769	61.435306	48.504138	-4.832230	36.267848	41.327838	49.419772
9.850000	-7.766199	1.169077	1.018798	0.862177	0.926768	-0.069333	11.980966	-4.366536	-18.068542	1.325548	-1.074111	-8.983047	0.000000	13.904423	-2.943373	-11.849131	4.356174	1.038791	-6.471348	0.000000	4.347749	0.281950	1.770822	49.719781	-11.305202	31.274319	40.764174	63.020735	45.212809	-5.210347	34.629797	42.405498	51.667256
9.866667	-7.211645	1.233638	0.979550	0.866228	0.926311	-0.069262	10.587805	-4.316270	-18.917700	0.516449	-0.475493	-7.500312	0.000000	12.393250	-2.774533	-12.627554	3.192733	1.329420	-5.234713	0.000000	4.437312	0.260556	1.500759	46.570278	-10.970300	29.597115	42.331071	65.116924	42.003323	-5.524127	32.748215	43.301586	54.559020
9.883333	-6.706559	1.303436	0.929484	0.869553	0.925500	-0.068954	9.454203	-4.317814	-19.745681	0.047699	0.213029	-6.089213	0.000000	11.051609	-2.616896	-13.416683	2.195214	1.626747	-4.062953	0.000000	4.404733	0.238582	1.243703	43.516757	-10.587614	27.863781	43.820344	67.709336	38.916978	-5.786132	30.666821	43.999376	58.104932
9.900000	-6.252518	1.366030	0.892089	0.872346	0.924720	-0.068450	8.544376	-4.347299	-20.526283	-0.158672	0.950047	-4.798429	0.000000	9.893073	-2.490755	-14.188818	1.370666	1.919004	-2.984158	0.000000	4.284421	0.214208	0.992950	40.578934	-10.190036	26.251331	45.112595	70.442769	36.017896	-6.022506	28.666997	44.408977	61.845659
9.916667	-5.843673	1.409346	0.897815	0.874940	0.924415	-0.067824	7.795670	-4.377834	-21.240579	-0.201049	1.680212	-3.653839	0.000000	8.918002	-2.413657	-14.924336	0.733281	2.197228	-1.994458	0.000000	4.116808	0.185160	0.743481	37.757297	-9.825645	24.976295	46.087442	72.786179	33.340803	-6.256808	27.079190	44.459860	65.076979
9.933333	-5.465181	1.426933	0.968123	0.877652	0.924907	-0.067142	7.137205	-4.389039	-21.892345	-0.164295	2.369123	-2.625870	0.000000	8.104248	-2.394794	-15.628193	0.292080	2.459337	-1.040658	0.000000	3.926190	0.149221	0.496256	35.013263	-9.530277	24.109592	46.704369	74.412633	30.853343	-6.494495	26.055664	44.159459	67.361772
9.950000	-5.096334	1.421124	1.101644	0.880599	0.926321	-0.066445	6.508451	-4.372391	-22.487737	-0.104793	2.998764	-1.676075	0.000000	7.406708	-2.429590	-16.316338	0.033750	2.693612	-0.074939	0.000000	3.716590	0.105721	0.260298	32.300551	-9.311438	23.575968	46.978907	75.339694	28.485308	-6.723335	25.550643	43.559054	68.717372
9.966667	-4.714869	1.401100	1.273756	0.883627	0.928561	-0.065785	5.870126	-4.330800	-23.022857	-0.051955	3.552625	-0.790626	0.000000	6.768304	-2.499953	-16.997536	-0.081996	2.877656	0.906918	0.000000	3.475649	0.058035	0.052637	29.606350	-9.158378	23.260724	46.936779	75.775245	26.184825	-6.923946	25.435990	42.710671	69.410739
9.983333	-4.304441	1.377509	1.449172	0.886390	0.931228	-0.065238	5.209963	-4.274452	-23.490480	-0.016125	4.013247	0.024342	0.000000	6.142810	-2.581112	-17.666774	-0.107652	2.994376	1.870826	0.000000	3.185492	0.014981	-0.106960	26.964342	-9.059599	23.077246	46.605743	75.947459	23.949767	-7.078830	25.587698	41.660548	69.735762
10.000000	-3.860561	1.357590	1.596310	0.888492	0.933649	-0.064873	4.541308	-4.215007	-23.885037	0.003017	4.369114	0.749493	0.000000	5.513007	-2.650952	-18.304958	-0.089196	3.044862	2.762323	0.000000	2.833696	-0.011155	-0.203821	24.446946	-9.010383	22.983285	46.024054	76.028014	21.829688	-7.180358	25.916071	40.458748	69.913848
10.016667	-3.391336	1.343475	1.696410	0.889626	0.935252	-0.064686	3.893978	-4.160795	-24.200146	0.010104	4.621393	1.355965	0.000000	4.891824	-2.696845	-18.881937	-0.057510	3.047773	3.526758	0.000000	2.417547	-0.009671	-0.233985	22.140608	-9.009124	22.974016	45.241202	76.116765	19.903179	-7.235984	26.368706	39.162092	70.074103
10.033333	-2.911872	1.333818	1.746458	0.889710	0.935969	-0.064597	3.299160	-4.115113	-24.431119	0.010304	4.785688	1.822090	0.000000	4.307316	-2.717371	-19.368996	-0.028913	3.027879	4.134252	0.000000	1.940458	0.022965	-0.202544	20.111223	-9.050041	23.059618	44.304599	76.258256	18.244762	-7.262914	26.922079	37.820273	70.275486
10.050000	-2.438232	1.326376	1.758032	0.888926	0.936139	-0.064514	2.777018	-4.077321	-24.583937	0.007606	4.888166	2.151032	0.000000	3.785492	-2.719430	-19.753556	-0.009307	3.003518	4.592719	0.000000	1.408975	0.080835	-0.119108	18.380057	-9.120187	23.236562	43.251240	76.463539	16.895505	-7.277889	27.562328	36.469188	70.536425
10.066667	-1.986948	1.319317	1.753903	0.887687	0.936123	-0.064401	2.333568	-4.045128	-24.675498	0.004440	4.955089	2.363596	0.000000	3.342860	-2.713262	-20.036102	0.001298	2.979715	4.929748	0.000000	0.837976	0.151634	0.001189	16.917438	-9.204127	23.474389	42.121685	76.719852	15.838630	-7.295679	28.257766	35.156277	70.847524
10.083333	-1.572307	1.311561	1.759985	0.886502	0.936077	-0.064309	1.960012	-4.016968	-24.724902	0.001935	5.005171	2.481220	0.000000	2.981586	-2.707865	-20.219791	0.005325	2.953528	5.170949	0.000000	0.253553	0.222437	0.137551	15.654548	-9.290050	23.725513	40.967114	76.996228	15.001121	-7.329780	28.946230	33.952294	71.176688
10.100000	-1.199389	1.302975	1.794138	0.885749	0.935947	-0.064313	1.633615	-3.993346	-24.748821	0.000379	5.053155	2.524755	0.000000	2.685315	-2.708356	-20.312762	0.005551	2.929297	5.343359	0.000000	-0.314387	0.284235	0.270438	14.511467	-9.370390	23.940161	39.831676	77.256000	14.290512	-7.386693	29.547014	32.919949	71.482800
10.116667	-0.863246	1.294322	1.859727	0.885528	0.935629	-0.064452	1.326981	-3.976150	-24.760018	-0.000366	5.113460	2.517967	0.000000	2.425366	-2.715819	-20.332292	0.004146	2.924940	5.481705	0.000000	-0.841273	0.333094	0.389702	13.428191	-9.437401	24.076156	38.730595	77.471277	13.635164	-7.462165	29.986690	32.080593	71.733421
10.133333	-0.556521	1.286806	1.947533	0.885715	0.935162	-0.064685	1.021966	-3.966750	-24.764314	-0.000574	5.197024	2.484591	0.000000	2.175733	-2.729014	-20.301534	0.002448	2.962260	5.621394	0.000000	-1.310942	0.368775	0.496750	12.380723	-9.479586	24.107417	37.646633	77.631501	13.001282	-7.544894	30.224350	31.407014	71.916115
10.150000	-0.277992	1.281729	2.042326	0.886116	0.934778	-0.064940	0.718287	-3.965300	-24.759593	-0.000506	5.307372	2.444548	0.000000	1.925647	-2.745623	-20.244633	0.001086	3.054120	5.789180	0.000000	-1.714021	0.392928	0.597866	11.375071	-9.484494	24.027776	36.552709	77.740012	12.383513	-7.623359	30.253401	30.842003	72.035034
10.166667	-0.031957	1.281077	2.128845	0.886575	0.934790	-0.065178	0.428966	-3.972347	-24.741218	-0.000341	5.439244	2.413559	0.000000	1.678721	-2.761417	-20.183882	0.000231	3.199704	6.001340	0.000000	-2.050080	0.406893	0.696459	10.433040	-9.441632	23.841465	35.426378	77.804588	11.788626	-7.687498	30.081079	30.320827	72.099875
10.183333	0.180242	1.288031	2.196002	0.886984	0.935409	-0.065406	0.166882	-3.990227	-24.710877	-0.000181	5.579297	2.404928	0.000000	1.441710	-2.769608	-20.138128	-0.000184	3.385455	6.264974	0.000000	-2.332732	0.409996	0.789823	9.581123	-9.343680	23.553134	34.247690	77.833007	11.229651	-7.728002	29.718124	29.780983	72.120803
10.200000	0.363837	1.305770	2.239887	0.887298	0.936583	-0.065647	-0.063992	-4.021872	-24.680186	-0.000066	5.709165	2.429259	0.000000	1.217185	-2.763048	-20.120304	-0.000306	3.586283	6.574310	0.000000	-2.585340	0.400180	0.867084	8.838426	-9.192495	23.172882	33.013695	77.831784	10.722133	-7.741421	29.185337	29.171941	72.106874
10.216667	0.528947	1.335809	2.263220	0.887541	0.938020	-0.065912	-0.270433	-4.068652	-24.666113	-0.000001	5.812625	2.492085	0.000000	1.001335	-2.737440	-20.136570	-0.000274	3.773462	6.912742	0.000000	-2.829796	0.375093	0.913851	8.210742	-8.999079	22.716542	31.738974	77.805039	10.279984	-7.730936	28.508984	28.460035	72.063998
10.233333	0.687907	1.376933	2.270898	0.887705	0.939372	-0.066197	-0.465580	-4.128810	-24.682016	0.000026	5.882404	2.590749	0.000000	0.785494	-2.693201	-20.186025	-0.000187	3.926154	7.259819	0.000000	-3.081757	0.333205	0.923847	7.695318	-8.778086	22.200006	30.438778	77.756184	9.916056	-7.702537	27.715019	27.631679	71.995986
10.250000	0.849031	1.424266	2.266235	0.887644	0.940426	-0.066468	-0.656276	-4.196162	-24.729761	0.000030	5.919451	2.711435	0.000000	0.566017	-2.636045	-20.257433	-0.000100	4.031730	7.586737	0.000000	-3.354320	0.277044	0.902355	7.286115	-8.553006	21.651786	29.150016	77.691188	9.643143	-7.670349	26.850293	26.711069	71.908080
10.266667	1.012190	1.469732	2.251171	0.887109	0.941157	-0.066658	-0.834685	-4.260377	-24.798328	0.000024	5.928540	2.832434	0.000000	0.352592	-2.576143	-20.332529	-0.000038	4.081271	7.856108	0.000000	-3.661187	0.215036	0.857152	6.980654	-8.355282	21.116471	27.942545	77.618217	9.473596	-7.658226	25.987135	25.756389	71.807094
10.283333	1.172326	1.504583	2.229035	0.885943	0.941659	-0.066707	-0.984981	-4.309760	-24.868774	0.000015	5.916156	2.933591	0.000000	0.163583	-2.525533	-20.397983	-0.000002	4.071607	8.038846	0.000000	-4.014483	0.158298	0.789361	6.787833	-8.206107	20.627886	26.873556	77.543703	9.418471	-7.687278	25.183626	24.818556	71.697329
10.300000	1.326538	1.522876	2.206150	0.884198	0.942041	-0.066612	-1.096433	-4.335708	-24.921837	0.000007	5.888870	3.002512	0.000000	0.014427	-2.493874	-20.450614	0.000014	4.007062	8.125173	0.000000	-4.423568	0.114716	0.695043	6.725835	-8.106184	20.188627	25.949145	77.469880	9.488006	-7.765219	24.449691	23.911485	71.577018
10.316667	1.476230	1.524199	2.190058	0.882073	0.942358	-0.066425	-1.168745	-4.336660	-24.944563	0.000002	5.851518	3.034943	0.000000	-0.088444	-2.484134	-20.492678	0.000016	3.897834	8.121338	0.000000	-4.893769	0.084767	0.575564	6.807321	-8.045580	19.778539	25.137688	77.396315	9.688864	-7.887784	23.753755	23.026065	71.439584
10.333333	1.621381	1.513110	2.185301	0.879799	0.942579	-0.066229	-1.205781	-4.318454	-24.931853	-0.000001	5.806908	3.031533	0.000000	-0.143958	-2.491926	-20.526605	0.000013	3.758925	8.042785	0.000000	-5.419244	0.062853	0.444249	7.022508	-8.020129	19.378324	24.413265	77.323726	10.013823	-8.047902	23.056836	22.170495	71.278906
10.350000	1.758948	1.495830	2.190195	0.877552	0.942589	-0.066095	-1.211686	-4.290864	-24.884193	-0.000002	5.756467	2.991878	0.000000	-0.154934	-2.509052	-20.552861	0.000008	3.607585	7.906713	0.000000	-5.982394	0.042306	0.320123	7.343133	-8.033686	18.977080	23.772920	77.254647	10.440832	-8.238201	22.326237	21.377144	71.089351
10.366667	1.887324	1.477379	2.198119	0.875414	0.942254	-0.066050	-1.193235	-4.263284	-24.806147	-0.000002	5.701578	2.911793	0.000000	-0.130567	-2.527850	-20.570386	0.000004	3.461292	7.729444	0.000000	-6.561381	0.018861	0.216550	7.741413	-8.087596	18.561235	23.217342	77.190514	10.942463	-8.446044	21.523376	20.671372	70.862003
10.383333	2.003258	1.460311	2.202832	0.873392	0.941509	-0.066079	-1.155326	-4.242026	-24.705187	-0.000001	5.645227	2.787257	0.000000	-0.079751	-2.543596	-20.578632	0.000001	3.339963	7.530973	0.000000	-7.129650	-0.008457	0.138697	8.192186	-8.179579	18.116285	22.748763	77.131362	11.484899	-8.657388	20.613925	20.069817	70.588658
10.400000	2.099808	1.444997	2.202168	0.871506	0.940446	-0.066169	-1.098447	-4.229768	-24.588873	-0.000001	5.590455	2.617419	0.000000	-0.006369	-2.554752	-20.578628	-0.000000	3.261753	7.333620	0.000000	-7.656891	-0.038148	0.087320	8.666302	-8.308070	17.634218	22.379403	77.077140	12.025989	-8.862904	19.582341	19.595463	70.266254
10.416667	2.172528	1.431021	2.196504	0.869839	0.939354	-0.066320	-1.024986	-4.226530	-24.463485	-0.000000	5.537118	2.406992	0.000000	0.084335	-2.561932	-20.572119	-0.000001	3.231043	7.153872	0.000000	-8.119006	-0.068250	0.060005	9.132534	-8.470320	17.114286	22.121399	77.027359	12.523610	-9.057352	18.436570	19.270232	69.899272
10.433333	2.219456	1.418485	2.185966	0.868514	0.938526	-0.066532	-0.939133	-4.231388	-24.335826	-0.000000	5.482959	2.171876	0.000000	0.185029	-2.566136	-20.561336	-0.000001	3.236665	7.001461	0.000000	-8.500692	-0.097797	0.051813	9.559051	-8.661988	16.570478	21.984496	76.981434	12.940997	-9.241393	17.227949	19.114654	69.507192
10.450000	2.238804	1.408130	2.169982	0.867638	0.937972	-0.066806	-0.844871	-4.243476	-24.211459	0.000000	5.425388	1.932167	0.000000	0.289215	-2.567491	-20.549456	-0.000001	3.261685	6.880609	0.000000	-8.794803	-0.126444	0.057509	9.917138	-8.876970	16.023336	21.980673	76.938834	13.249221	-9.418496	16.026104	19.152939	69.115630
10.466667	2.234043	1.400632	2.148213	0.867259	0.937449	-0.067147	-0.751602	-4.261850	-24.090073	0.000000	5.360506	1.694810	0.000000	0.387090	-2.565426	-20.539938	-0.000000	3.290924	6.786571	0.000000	-9.006182	-0.153406	0.072506	10.190443	-9.104379	15.474449	22.111901	76.897895	13.433520	-9.584109	14.849730	19.394691	68.732431
10.483333	2.215272	1.396453	2.122200	0.867340	0.936737	-0.067564	-0.675023	-4.285763	-23.970377	0.000000	5.286518	1.458857	0.000000	0.464811	-2.559107	-20.535703	-0.000000	3.314102	6.709169	0.000000	-9.145710	-0.177301	0.092471	10.380657	-9.330364	14.920369	22.351158	76.857222	13.501114	-9.727086	13.691247	19.803400	68.355552
10.500000	2.192643	1.396155	2.096392	0.867790	0.935821	-0.068053	-0.629055	-4.315324	-23.860854	0.000000	5.210379	1.238581	0.000000	0.511459	-2.547518	-20.538875	-0.000000	3.327325	6.642820	0.000000	-9.217448	-0.196863	0.113034	10.506401	-9.543627	14.395446	22.637426	76.818797	13.484541	-9.841779	12.615925	20.282578	68.006352
10.516667	2.171151	1.400198	2.076448	0.868496	0.934850	-0.068596	-0.618644	-4.351197	-23.776500	0.000000	5.145578	1.061386	0.000000	0.524598	-2.529744	-20.550290	0.000000	3.331663	6.587111	0.000000	-9.219268	-0.211448	0.129855	10.592378	-9.737602	13.958523	22.903015	76.786140	13.426515	-9.929802	11.745753	20.718304	67.725222
10.533333	2.150387	1.408783	2.065852	0.869326	0.934059	-0.069158	-0.637828	-4.393955	-23.723400	0.000000	5.101729	0.940324	0.000000	0.510844	-2.504888	-20.568709	0.000000	3.329437	6.537855	0.000000	-9.153644	-0.220695	0.139297	10.653514	-9.909079	13.626180	23.119658	76.758237	13.351513	-9.991632	11.127971	21.056873	67.529243
10.550000	2.126220	1.422059	2.063915	0.870141	0.933669	-0.069689	-0.671614	-4.443750	-23.693152	-0.000000	5.078967	0.862264	0.000000	0.483466	-2.471842	-20.590496	0.000000	3.321433	6.482955	0.000000	-9.031376	-0.224402	0.138776	10.688872	-10.055649	13.343433	23.314701	76.727030	13.253703	-10.022388	10.676230	21.332484	67.393374
10.566667	2.092053	1.439723	2.066491	0.870849	0.933749	-0.070142	-0.699642	-4.499381	-23.670629	-0.000000	5.070478	0.800409	0.000000	0.459322	-2.430274	-20.610156	0.000000	3.306637	6.407023	0.000000	-8.869153	-0.223223	0.126554	10.686919	-10.171806	13.015343	23.547699	76.680623	13.108558	-10.013941	10.230121	21.629834	67.269533
10.583333	2.041375	1.460439	2.068937	0.871408	0.934165	-0.070484	-0.702578	-4.557403	-23.642837	-0.000000	5.067213	0.730015	0.000000	0.454361	-2.381974	-20.622026	0.000000	3.283654	6.298960	0.000000	-8.686259	-0.219182	0.102424	10.636044	-10.247245	12.557378	23.875066	76.609080	12.893197	-9.958016	9.642606	22.030847	67.113366
10.600000	1.973919	1.482248	2.069253	0.871811	0.934721	-0.070702	-0.672373	-4.612886	-23.605111	-0.000000	5.062270	0.640032	0.000000	0.475665	-2.330634	-20.623683	0.000000	3.252867	6.160981	0.000000	-8.499407	-0.215542	0.069383	10.539880	-10.273259	11.950973	24.310650	76.512219	12.609766	-9.850208	8.864437	22.560796	66.908091
10.616667	1.900576	1.503277	2.068775	0.872071	0.935290	-0.070802	-0.619124	-4.660867	-23.564202	-0.000000	5.053881	0.539323	0.000000	0.515222	-2.280741	-20.618720	-0.000000	3.218041	6.014918	0.000000	-8.320340	-0.216043	0.034404	10.427574	-10.250787	11.281689	24.797790	76.405404	12.300880	-9.693661	7.998255	23.152235	66.679011
10.633333	1.837773	1.521983	2.070219	0.872226	0.935798	-0.070797	-0.564042	-4.697398	-23.533460	-0.000000	5.044512	0.448577	0.000000	0.555643	-2.236475	-20.614636	-0.000000	3.185049	5.892700	0.000000	-8.156682	-0.223396	0.005821	10.340074	-10.188641	10.694110	25.238925	76.312448	12.029692	-9.496855	7.235119	23.683541	66.476179
10.650000	1.795237	1.537285	2.075307	0.872332	0.936155	-0.070711	-0.524142	-4.720410	-23.522496	-0.000000	5.037163	0.382625	0.000000	0.583925	-2.200683	-20.617302	-0.000000	3.158533	5.815162	0.000000	-8.011734	-0.237654	-0.011411	10.300862	-10.095936	10.286690	25.566816	76.249105	11.835470	-9.268341	6.708032	24.070578	66.334867
10.666667	1.772078	1.548444	2.084086	0.872450	0.936284	-0.070598	-0.505628	-4.729944	-23.532149	0.000000	5.033217	0.342701	0.000000	0.596945	-2.174626	-20.628108	-0.000000	3.140529	5.783351	0.000000	-7.884883	-0.255947	-0.017727	10.304410	-9.979059	10.067190	25.774444	76.216249	11.716206	-9.015351	6.428632	24.305809	66.258312
10.683333	1.762589	1.555052	2.095485	0.872638	0.936163	-0.070533	-0.507974	-4.728032	-23.557667	0.000000	5.032889	0.321639	0.000000	0.596282	-2.157997	-20.645402	-0.000000	3.131615	5.786322	0.000000	-7.772922	-0.273840	-0.017200	10.328490	-9.842969	9.989368	25.890109	76.206001	11.646181	-8.743790	6.335781	24.427165	66.230430
10.700000	1.761565	1.557379	2.107750	0.872944	0.935841	-0.070574	-0.528622	-4.718581	-23.593520	0.000000	5.036048	0.310331	0.000000	0.583074	-2.148785	-20.666848	-0.000000	3.132032	5.810170	0.000000	-7.671327	-0.287200	-0.014813	10.349346	-9.692381	9.996879	25.948162	76.208960	11.596119	-8.457762	6.354805	24.480578	66.231488
10.716667	1.765800	1.556552	2.118721	0.873393	0.935425	-0.070721	-0.564674	-4.706476	-23.635333	0.000000	5.042387	0.301135	0.000000	0.557065	-2.143885	-20.690224	-0.000000	3.141792	5.842370	0.000000	-7.576157	-0.293947	-0.014291	10.349788	-9.531874	10.044097	25.975456	76.217601	11.543191	-8.161009	6.425377	24.502199	66.245535
10.733333	1.774113	1.554420	2.126698	0.873975	0.935043	-0.070924	-0.613734	-4.696233	-23.679504	0.000000	5.051507	0.289365	0.000000	0.517233	-2.140055	-20.713039	0.000000	3.160386	5.873538	0.000000	-7.484837	-0.294602	-0.016452	10.321922	-9.364683	10.102035	25.988282	76.227199	11.473409	-7.857466	6.509267	24.513764	66.262459
10.750000	1.786953	1.553280	2.131501	0.874685	0.934787	-0.071137	-0.675081	-4.691227	-23.723239	0.000000	5.063146	0.273278	0.000000	0.462111	-2.134379	-20.732722	0.000000	3.187011	5.898352	0.000000	-7.394576	-0.290838	-0.018513	10.265182	-9.190667	10.156797	25.994571	76.235544	11.378201	-7.547937	6.588194	24.524919	66.277364
10.766667	1.805458	1.555224	2.133902	0.875528	0.934689	-0.071344	-0.749611	-4.693359	-23.765528	0.000000	5.077306	0.253554	0.000000	0.390184	-2.124678	-20.747651	0.000000	3.221318	5.916113	0.000000	-7.300765	-0.283855	-0.015647	10.181847	-9.007262	10.205121	25.997043	76.242225	11.251095	-7.228853	6.657834	24.537796	66.289000
10.783333	1.829810	1.561239	2.133873	0.876464	0.934727	-0.071537	-0.836905	-4.702761	-23.806815	-0.000000	5.094135	0.233571	0.000000	0.301973	-2.110255	-20.757725	0.000000	3.263454	5.930439	0.000000	-7.198720	-0.274511	-0.003859	10.075565	-8.815436	10.249443	25.995512	76.247869	11.090483	-6.900424	6.720971	24.550703	66.298153
10.800000	1.857793	1.570891	2.130046	0.877382	0.934868	-0.071684	-0.931944	-4.717757	-23.847779	-0.000000	5.113960	0.220261	0.000000	0.202680	-2.092194	-20.764231	0.000000	3.313494	5.948680	0.000000	-7.086969	-0.264230	0.018638	9.953227	-8.622610	10.295069	25.988790	76.253699	10.903888	-6.573738	6.783156	24.560216	66.306602
10.816667	1.884854	1.582816	2.120842	0.878150	0.935101	-0.071753	-1.025137	-4.735478	-23.889823	-0.000000	5.138046	0.224425	0.000000	0.102323	-2.072705	-20.770072	0.000000	3.372240	5.982220	0.000000	-6.967139	-0.254869	0.052125	9.824748	-8.437340	10.350454	25.976139	76.261559	10.705780	-6.264386	6.852663	24.562409	66.316893
10.833333	1.905195	1.595236	2.106595	0.878692	0.935396	-0.071738	-1.104994	-4.752769	-23.936358	-0.000000	5.169467	0.260055	0.000000	0.013698	-2.054304	-20.780435	0.000000	3.443013	6.046628	0.000000	-6.841285	-0.247711	0.096520	9.700135	-8.264965	10.427816	25.957343	76.273973	10.511719	-5.983818	6.941469	24.553307	66.332354
10.850000	1.912939	1.606064	2.090422	0.879014	0.935634	-0.071663	-1.160942	-4.766822	-23.992601	-0.000000	5.212920	0.341914	0.000000	-0.050318	-2.039524	-20.802576	-0.000000	3.531770	6.159215	0.000000	-6.710376	-0.242859	0.150996	9.587054	-8.109273	10.541159	25.932024	76.293768	10.335696	-5.738989	7.063526	24.529245	66.356658
10.866667	1.904006	1.613232	2.076062	0.879179	0.935648	-0.071555	-1.186361	-4.775584	-24.063487	-0.000000	5.272944	0.479763	0.000000	-0.080792	-2.030731	-20.843203	-0.000000	3.644239	6.332281	0.000000	-6.574503	-0.239559	0.212774	9.489541	-7.972850	10.701042	25.899932	76.323035	10.188840	-5.532818	7.229586	24.488300	66.392573
10.883333	1.879393	1.615647	2.064972	0.879249	0.935370	-0.071430	-1.182244	-4.778269	-24.148687	0.000000	5.349661	0.667205	0.000000	-0.077614	-2.029440	-20.902435	-0.000000	3.778962	6.559946	0.000000	-6.436809	-0.236699	0.277122	9.408608	-7.853502	10.904177	25.863227	76.361049	10.076007	-5.362639	7.436646	24.432968	66.439324
10.900000	1.847275	1.613802	2.055349	0.879257	0.934920	-0.071292	-1.158490	-4.775512	-24.237501	0.000000	5.434439	0.872559	0.000000	-0.051494	-2.035665	-20.968583	-0.000000	3.920208	6.806972	0.000000	-6.309468	-0.233075	0.337740	9.345003	-7.743517	11.123821	25.828698	76.402403	9.994767	-5.222703	7.657967	24.372135	66.490208
10.916667	1.819140	1.609066	2.043920	0.879221	0.934512	-0.071141	-1.129089	-4.768392	-24.312939	0.000000	5.513212	1.051593	0.000000	-0.018774	-2.048336	-21.023580	-0.000000	4.043840	7.022797	0.000000	-6.209593	-0.227872	0.387960	9.299855	-7.634668	11.320199	25.805089	76.439154	9.939354	-5.108546	7.853467	24.317828	66.535260
10.933333	1.802304	1.602473	2.029102	0.879156	0.934308	-0.070970	-1.104337	-4.757187	-24.363544	0.000000	5.576218	1.176564	0.000000	0.007846	-2.066464	-21.056226	-0.000000	4.134134	7.174835	0.000000	-6.145577	-0.221229	0.423710	9.271993	-7.523535	11.467082	25.796839	76.466124	9.904751	-5.017706	7.996650	24.277962	66.567929
10.950000	1.797060	1.594441	2.012315	0.879058	0.934378	-0.070770	-1.087428	-4.741429	-24.388560	0.000000	5.622154	1.247573	0.000000	0.023926	-2.089454	-21.067347	0.000000	4.190713	7.261916	0.000000	-6.112618	-0.213834	0.445390	9.257467	-7.411885	11.562920	25.802042	76.483083	9.887902	-4.949045	8.085832	24.253254	66.587815
10.966667	1.799493	1.585197	1.996849	0.878895	0.934684	-0.070530	-1.076238	-4.720779	-24.393654	0.000000	5.654596	1.280664	0.000000	0.031450	-2.116486	-21.064307	0.000000	4.221735	7.301176	0.000000	-6.100730	-0.205905	0.457101	9.252368	-7.303217	11.620736	25.815743	76.492695	9.887193	-4.902894	8.133777	24.239858	66.598103
10.983333	1.805014	1.574659	1.985832	0.878633	0.935075	-0.070237	-1.066278	-4.694842	-24.385667	0.000000	5.678331	1.294328	0.000000	0.035052	-2.146729	-21.054880	0.000000	4.236541	7.312980	0.000000	-6.101844	-0.197174	0.464268	9.254379	-7.199307	11.656564	25.833260	76.498178	9.901854	-4.880252	8.155987	24.232707	66.602641
11.000000	1.810338	1.562119	1.980498	0.878288	0.935382	-0.069887	-1.053269	-4.662546	-24.370192	-0.000000	5.698070	1.302867	0.000000	0.038984	-2.180280	-21.044531	0.000000	4.242740	7.313701	0.000000	-6.111247	-0.188020	0.470858	9.261801	-7.100027	11.683757	25.851257	76.502170	9.931000	-4.880895	8.165424	24.227380	66.604596
11.016667	1.813893	1.546839	1.980093	0.877934	0.935546	-0.069501	-1.035346	-4.623320	-24.351305	-0.000000	5.717329	1.314036	0.000000	0.045523	-2.217528	-21.036130	0.000000	4.245249	7.313375	0.000000	-6.126406	-0.180155	0.477952	9.272251	-7.007409	11.710117	25.867222	76.506207	9.971811	-4.902434	8.170530	24.220972	66.605957
11.033333	1.815577	1.529176	1.983549	0.877661	0.935631	-0.069130	-1.014341	-4.579171	-24.331996	-0.000000	5.737204	1.329587	0.000000	0.054518	-2.257262	-21.030751	0.000000	4.246243	7.316155	0.000000	-6.144933	-0.175243	0.484755	9.282351	-6.927578	11.737488	25.878956	76.510685	10.018528	-4.940717	8.175039	24.212281	66.607530
11.050000	1.816783	1.511034	1.991122	0.877521	0.935718	-0.068825	-0.995497	-4.534968	-24.314264	-0.000000	5.756358	1.347673	0.000000	0.063462	-2.296062	-21.028373	0.000000	4.245933	7.322297	0.000000	-6.162897	-0.172585	0.490614	9.288097	-6.866816	11.764028	25.884853	76.515266	10.063666	-4.990786	8.179286	24.201412	66.609288
11.066667	1.820032	1.494584	2.004475	0.877497	0.935794	-0.068609	-0.985382	-4.495636	-24.298809	-0.000000	5.772801	1.365754	0.000000	0.068670	-2.330491	-21.028284	-0.000000	4.243591	7.330633	0.000000	-6.175576	-0.169129	0.495690	9.285533	-6.827868	11.787451	25.883879	76.519482	10.101584	-5.049939	8.182006	24.188799	66.610864
11.083333	1.827843	1.480149	2.025324	0.877519	0.935779	-0.068457	-0.988911	-4.462442	-24.284822	-0.000000	5.786262	1.382746	0.000000	0.067435	-2.360302	-21.029301	-0.000000	4.238348	7.340559	0.000000	-6.180197	-0.161827	0.500162	9.271902	-6.809852	11.807378	25.875104	76.523205	10.132471	-5.121318	8.181770	24.174233	66.611963
11.100000	1.841732	1.466026	2.053421	0.877486	0.935638	-0.068329	-1.006855	-4.432716	-24.270740	0.000000	5.798855	1.399100	0.000000	0.059430	-2.388456	-21.029853	-0.000000	4.229882	7.352497	0.000000	-6.177516	-0.149557	0.503374	9.247315	-6.810060	11.825337	25.857888	76.526676	10.162656	-5.211662	8.177800	24.157144	66.612515
11.116667	1.861813	1.450274	2.085312	0.877287	0.935438	-0.068198	-1.034858	-4.403068	-24.255627	0.000000	5.813684	1.415318	0.000000	0.046810	-2.417913	-21.028145	-0.000000	4.218907	7.367028	0.000000	-6.171401	-0.133522	0.503737	9.216219	-6.826008	11.842946	25.832719	76.530173	10.201027	-5.324169	8.170191	24.137843	66.612612
11.133333	1.886917	1.432136	2.116432	0.876856	0.935269	-0.068067	-1.065363	-4.371925	-24.239587	0.000000	5.833020	1.431165	0.000000	0.033651	-2.449334	-21.022808	-0.000000	4.206994	7.384015	0.000000	-6.167534	-0.115976	0.499921	9.186971	-6.855939	11.860794	25.801585	76.533792	10.255038	-5.455276	8.159710	24.117835	66.612400
11.150000	1.915136	1.412333	2.145017	0.876228	0.935134	-0.067949	-1.091441	-4.339824	-24.223111	0.000000	5.857142	1.446003	0.000000	0.024715	-2.481211	-21.013773	-0.000000	4.195867	7.402268	0.000000	-6.171677	-0.098243	0.492354	9.169094	-6.898042	11.878705	25.767406	76.537482	10.328212	-5.597244	8.147388	24.098913	66.612006
11.166667	1.944635	1.392443	2.172330	0.875510	0.934910	-0.067851	-1.109231	-4.308484	-24.206748	0.000000	5.884457	1.458954	0.000000	0.023341	-2.511290	-21.002410	-0.000000	4.187042	7.419567	0.000000	-6.187599	-0.080370	0.482715	9.169611	-6.950351	11.896155	25.733024	76.541112	10.419615	-5.741453	8.134209	24.082503	66.611516
11.183333	1.974323	1.374028	2.199689	0.874803	0.934482	-0.067772	-1.118115	-4.279860	-24.191115	0.000000	5.912459	1.468725	0.000000	0.029812	-2.537876	-20.990874	0.000000	4.181843	7.432899	0.000000	-6.215246	-0.062344	0.472102	9.190214	-7.011327	11.912282	25.700483	76.544476	10.524612	-5.880170	8.120906	24.069695	66.610954
11.200000	2.003696	1.358378	2.227349	0.874155	0.933889	-0.067713	-1.119657	-4.255893	-24.176297	0.000000	5.938543	1.473949	0.000000	0.042020	-2.560171	-20.981106	0.000000	4.181007	7.439127	0.000000	-6.250995	-0.044713	0.460451	9.227482	-7.080185	11.925881	25.670936	76.547299	10.636729	-6.008190	8.107716	24.061410	66.610268
11.216667	2.032246	1.346454	2.255145	0.873579	0.933330	-0.067664	-1.115990	-4.238128	-24.161036	-0.000000	5.960770	1.473963	0.000000	0.057431	-2.578187	-20.973636	0.000000	4.183876	7.436110	0.000000	-6.290730	-0.028313	0.446869	9.275906	-7.157377	11.935902	25.644468	76.549338	10.751306	-6.125058	8.094225	24.058262	66.609338
11.233333	2.059358	1.338700	2.282885	0.873091	0.933008	-0.067610	-1.109076	-4.227108	-24.143052	-0.000000	5.978285	1.469107	0.000000	0.073997	-2.592551	-20.966977	0.000000	4.188080	7.423590	0.000000	-6.332659	-0.014081	0.430448	9.330238	-7.243591	11.942248	25.619959	76.550522	10.866447	-6.234339	8.079788	24.059972	66.608054
11.250000	2.084399	1.335225	2.310498	0.872745	0.932998	-0.067555	-1.101275	-4.222641	-24.120518	-0.000000	5.990725	1.460505	0.000000	0.089827	-2.603647	-20.958426	0.000000	4.190108	7.403324	0.000000	-6.376613	-0.002959	0.411858	9.385293	-7.336371	11.945955	25.595976	76.550977	10.978478	-6.338472	8.064384	24.064916	66.606407
11.266667	2.106761	1.336046	2.337335	0.872588	0.933242	-0.067511	-1.095480	-4.224468	-24.093392	-0.000000	5.997614	1.449594	0.000000	0.102695	-2.610946	-20.945647	0.000000	4.186604	7.378368	0.000000	-6.421216	0.004321	0.393596	9.435457	-7.429474	11.948382	25.571830	76.550905	11.079451	-6.435728	8.048822	24.070674	66.604494
11.283333	2.126276	1.341017	2.361891	0.872602	0.933629	-0.067494	-1.094137	-4.232402	-24.063424	-0.000000	5.998603	1.437458	0.000000	0.110344	-2.613359	-20.927733	-0.000000	4.175713	7.351575	0.000000	-6.463135	0.007485	0.378550	9.476296	-7.517176	11.950313	25.547504	76.550444	11.160990	-6.523088	8.034005	24.075095	66.602427
11.300000	2.143560	1.349781	2.382530	0.872723	0.934061	-0.067512	-1.098480	-4.246222	-24.033120	-0.000000	5.993873	1.424265	0.000000	0.111164	-2.609891	-20.905017	-0.000000	4.157423	7.324305	0.000000	-6.499286	0.006746	0.368779	9.506324	-7.597745	11.951900	25.522916	76.549644	11.218585	-6.599600	8.020321	24.076789	66.600259
11.316667	2.159636	1.361769	2.397333	0.872897	0.934430	-0.067579	-1.108536	-4.265485	-24.005227	-0.000000	5.984223	1.409274	0.000000	0.104328	-2.599965	-20.878578	-0.000000	4.133226	7.296435	0.000000	-6.528531	0.002585	0.364807	9.526330	-7.672379	11.953112	25.497667	76.548520	11.252094	-6.665638	8.007839	24.075155	66.598004
11.333333	2.175305	1.376171	2.404658	0.873087	0.934620	-0.067712	-1.123642	-4.289385	-23.982769	0.000000	5.971033	1.391409	0.000000	0.090017	-2.583509	-20.850396	-0.000000	4.105916	7.267279	0.000000	-6.551107	-0.004283	0.365787	9.537793	-7.742521	11.953879	25.471516	76.547094	11.263730	-6.720635	7.996753	24.070244	66.595710
11.350000	2.191055	1.392138	2.404950	0.873239	0.934560	-0.067926	-1.142924	-4.317157	-23.968292	0.000000	5.956006	1.369735	0.000000	0.069801	-2.560756	-20.822913	-0.000000	4.078910	7.236171	0.000000	-6.567765	-0.012823	0.370194	9.542465	-7.809409	11.954021	25.444577	76.545383	11.256603	-6.762891	7.987425	24.062557	66.593457
11.366667	2.207163	1.408963	2.401959	0.873291	0.934275	-0.068235	-1.165288	-4.348515	-23.962505	0.000000	5.940784	1.343694	0.000000	0.046783	-2.532135	-20.797691	-0.000000	4.055196	7.202740	0.000000	-6.579826	-0.021638	0.376171	9.542960	-7.874626	11.953304	25.417241	76.543381	11.234962	-6.790517	7.980208	24.053056	66.591330
11.383333	2.223400	1.425951	2.403126	0.873218	0.933883	-0.068632	-1.189377	-4.383287	-23.963721	0.000000	5.926783	1.313548	0.000000	0.025793	-2.498605	-20.774851	-0.000000	4.036988	7.167522	0.000000	-6.589256	-0.028945	0.382050	9.543129	-7.938862	11.951649	25.390544	76.541103	11.204160	-6.801413	7.975496	24.043109	66.589425
11.400000	2.238954	1.442508	2.416713	0.873072	0.933543	-0.069082	-1.214012	-4.421016	-23.969068	0.000000	5.914981	1.280179	0.000000	0.012177	-2.461666	-20.753015	0.000000	4.025567	7.132192	0.000000	-6.598230	-0.033112	0.386464	9.546523	-8.001475	11.949180	25.365842	76.538593	11.168762	-6.793114	7.973800	24.033919	66.587860
11.416667	2.253116	1.458541	2.446024	0.872949	0.933379	-0.069535	-1.238734	-4.461050	-23.976580	0.000000	5.905540	1.244022	0.000000	0.008935	-2.422763	-20.729103	0.000000	4.020636	7.098877	0.000000	-6.608334	-0.033791	0.387876	9.553827	-8.062148	11.946123	25.343491	76.535873	11.130257	-6.763796	7.975597	24.025744	66.586717
11.433333	2.265933	1.474303	2.486948	0.872899	0.933430	-0.069934	-1.263565	-4.502089	-23.986312	-0.000000	5.897896	1.204827	0.000000	0.015371	-2.383306	-20.699371	0.000000	4.020206	7.069527	0.000000	-6.619518	-0.032411	0.385174	9.562945	-8.120559	11.942870	25.322884	76.532966	11.087311	-6.713853	7.981055	24.017865	66.586019
11.450000	2.278040	1.489794	2.530427	0.872902	0.933673	-0.070227	-1.288312	-4.541518	-24.000151	-0.000000	5.891224	1.162385	0.000000	0.027934	-2.345277	-20.661462	0.000000	4.021247	7.045668	0.000000	-6.629378	-0.031624	0.379041	9.571606	-8.173971	11.940138	25.303889	76.529966	11.038098	-6.646645	7.989902	24.009247	66.585738
11.466667	2.289915	1.504914	2.567299	0.872953	0.934083	-0.070390	-1.313060	-4.576365	-24.021014	-0.000000	5.884223	1.116584	0.000000	0.041265	-2.310685	-20.615036	0.000000	4.020185	7.027851	0.000000	-6.633719	-0.034215	0.371877	9.578509	-8.217512	11.938926	25.287043	76.527003	10.980794	-6.566762	8.001669	23.998829	66.585821
11.483333	2.301556	1.520049	2.592846	0.873115	0.934640	-0.070448	-1.339618	-4.605120	-24.051408	-0.000000	5.874405	1.067490	0.000000	0.049103	-2.280290	-20.561811	0.000000	4.013224	7.014946	0.000000	-6.628000	-0.041751	0.366264	9.581989	-8.246924	11.940242	25.272418	76.524156	10.912897	-6.478241	8.015912	23.985442	66.586198
11.500000	2.313150	1.535716	2.607332	0.873427	0.935254	-0.070447	-1.371416	-4.627797	-24.091912	-0.000000	5.858126	1.016708	0.000000	0.045359	-2.253850	-20.506690	-0.000000	3.996800	7.004337	0.000000	-6.608166	-0.053869	0.363815	9.578655	-8.259395	11.944905	25.259263	76.521485	10.832769	-6.386110	8.031958	23.968116	66.586772
11.516667	2.325855	1.551943	2.613459	0.873838	0.935780	-0.070428	-1.411657	-4.645028	-24.141473	-0.000000	5.831603	0.967192	0.000000	0.025437	-2.231052	-20.456605	-0.000000	3.968100	6.992852	0.000000	-6.571019	-0.069266	0.364773	9.564170	-8.253141	11.953520	25.246487	76.519044	10.740529	-6.296153	8.048982	23.946323	66.587447
11.533333	2.341118	1.568265	2.614585	0.874245	0.936122	-0.070419	-1.460959	-4.657830	-24.198170	-0.000000	5.792885	0.921152	0.000000	-0.011583	-2.211628	-20.416635	-0.000000	3.926393	6.977688	0.000000	-6.516177	-0.087189	0.367587	9.536197	-8.228981	11.966187	25.233066	76.516804	10.638110	-6.211619	8.066491	23.920201	66.588169
11.550000	2.358880	1.583489	2.614008	0.874560	0.936258	-0.070436	-1.515359	-4.667165	-24.257824	0.000000	5.744190	0.880167	0.000000	-0.060879	-2.195574	-20.388863	-0.000000	3.875104	6.957447	0.000000	-6.448970	-0.107259	0.369009	9.497140	-8.192062	11.981930	25.218701	76.514672	10.532339	-6.134123	8.083985	23.891487	66.588908
11.566667	2.377184	1.595827	2.614387	0.874737	0.936204	-0.070496	-1.567387	-4.673743	-24.313673	0.000000	5.692052	0.846297	0.000000	-0.113373	-2.183196	-20.373440	-0.000000	3.821656	6.933051	0.000000	-6.379474	-0.128118	0.366179	9.453937	-8.150164	11.998747	25.204443	76.512640	10.435151	-6.066490	8.100435	23.863597	66.589630
11.583333	2.393732	1.604035	2.617398	0.874780	0.936014	-0.070608	-1.610268	-4.678705	-24.359508	0.000000	5.644565	0.821100	0.000000	-0.160461	-2.174199	-20.368424	-0.000000	3.774271	6.907690	0.000000	-6.317204	-0.146859	0.359368	9.415192	-8.109658	12.014545	25.192532	76.510839	10.357122	-6.011482	8.114698	23.839945	66.590302
11.600000	2.407431	1.608190	2.623747	0.874717	0.935786	-0.070773	-1.641158	-4.683780	-24.392655	0.000000	5.607825	0.804359	0.000000	-0.197431	-2.167143	-20.370182	-0.000000	3.738485	6.885054	0.000000	-6.266680	-0.160169	0.351538	9.387693	-8.072777	12.028189	25.185389	76.509447	10.302155	-5.968903	8.126323	23.822339	66.590928
11.616667	2.418924	1.609540	2.633348	0.874584	0.935627	-0.070973	-1.661593	-4.690496	-24.414550	0.000000	5.583522	0.794123	0.000000	-0.223899	-2.160048	-20.375207	0.000000	3.715343	6.866912	0.000000	-6.226461	-0.166289	0.345160	9.373919	-8.037549	12.039992	25.184405	76.508535	10.267250	-5.934488	8.135996	23.810510	66.591569
11.633333	2.430010	1.609911	2.645379	0.874404	0.935614	-0.071170	-1.675620	-4.699496	-24.429172	0.000000	5.569356	0.787665	0.000000	-0.242126	-2.151378	-20.381197	0.000000	3.702188	6.852665	0.000000	-6.191639	-0.165695	0.340568	9.372088	-8.000177	12.051212	25.189443	76.508030	10.245600	-5.901893	8.145117	23.802775	66.592315
11.650000	2.442053	1.610762	2.658198	0.874204	0.935754	-0.071325	-1.686780	-4.710203	-24.440250	0.000000	5.561694	0.782804	0.000000	-0.254517	-2.140880	-20.386859	0.000000	3.695293	6.841036	0.000000	-6.158623	-0.160393	0.336836	9.378193	-7.959207	12.062688	25.198957	76.507795	10.231008	-5.867299	8.154588	23.797366	66.593197
11.666667	2.454571	1.612405	2.669513	0.874038	0.935969	-0.071418	-1.696253	-4.720793	-24.449334	-0.000000	5.557700	0.778730	0.000000	-0.262124	-2.129881	-20.391398	0.000000	3.691867	6.831633	0.000000	-6.128428	-0.153138	0.333116	9.387784	-7.918414	12.073815	25.210244	76.507706	10.220680	-5.832686	8.163919	23.793388	66.594118
11.683333	2.465585	1.614236	2.677328	0.873985	0.936133	-0.071451	-1.703497	-4.729036	-24.456110	-0.000000	5.555775	0.775696	0.000000	-0.265087	-2.120414	-20.394351	0.000000	3.690419	6.824913	0.000000	-6.105051	-0.146532	0.329126	9.397287	-7.884449	12.083058	25.220438	76.507682	10.214679	-5.803639	8.171724	23.790764	66.594912
11.700000	2.473377	1.615676	2.681065	0.874102	0.936126	-0.071438	-1.708160	-4.733677	-24.460117	-0.000000	5.554990	0.774055	0.000000	-0.263948	-2.113667	-20.395698	0.000000	3.690156	6.821080	0.000000	-6.090901	-0.141994	0.324867	9.404985	-7.861128	12.089502	25.227990	76.507682	10.213501	-5.783745	8.177121	23.789562	66.595477
11.716667	2.477718	1.616665	2.681609	0.874399	0.935885	-0.071398	-1.710933	-4.734986	-24.461806	-0.000000	5.554622	0.773661	0.000000	-0.260070	-2.109399	-20.395837	0.000000	3.690456	6.819497	0.000000	-6.084688	-0.139548	0.320300	9.410874	-7.847113	12.093533	25.233055	76.507683	10.216458	-5.772050	8.180388	23.789520	66.595832
11.733333	2.479945	1.617446	2.680528	0.874815	0.935471	-0.071348	-1.712998	-4.734380	-24.462408	-0.000000	5.554106	0.773893	0.000000	-0.255117	-2.106475	-20.395369	-0.000000	3.690745	6.818961	0.000000	-6.082567	-0.138393	0.315426	9.415644	-7.837938	12.096344	25.236711	76.507671	10.221517	-5.764639	8.182555	23.790026	66.596075
